2026-10-08T04:54:00.2006374Z Current runner version: '2.337.0'
2026-10-08T04:54:00.2030727Z ##[group]Runner Image Provisioner
2026-10-08T04:54:00.2031610Z Hosted Compute Agent
2026-10-08T04:54:00.2032315Z Version: 20260901.588
2026-10-08T04:54:00.2032963Z Commit: f88ec8081b781fac6c440065ac7ff9e710ce3d0b
2026-10-08T04:54:00.2033702Z Build Date: 2026-09-01T19:56:44Z
2026-10-08T04:54:00.2034428Z Worker ID: {2896446c-5a0a-4464-aff4-35f7b70350af}
2026-10-08T04:54:00.2035602Z Azure Region: centralus
2026-10-08T04:54:00.2036182Z ##[endgroup]
2026-10-08T04:54:00.2037777Z ##[group]Operating System
2026-10-08T04:54:00.2038405Z Ubuntu
2026-10-08T04:54:00.2038989Z 24.04.5
2026-10-08T04:54:00.2039543Z LTS
2026-10-08T04:54:00.2040092Z ##[endgroup]
2026-10-08T04:54:00.2040727Z ##[group]Runner Image
2026-10-08T04:54:00.2041324Z Image: ubuntu-24.04
2026-10-08T04:54:00.2041908Z Version: 20260927.320.1
2026-10-08T04:54:00.2043209Z Included Software: https://github.com/actions/runner-images/blob/ubuntu24/20260927.320/images/ubuntu/Ubuntu2404-Readme.md
2026-10-08T04:54:00.2044818Z Image Release: https://github.com/actions/runner-images/releases/tag/ubuntu24%2F20260927.320
2026-10-08T04:54:00.2046022Z ##[endgroup]
2026-10-08T04:54:00.2047229Z ##[group]GITHUB_TOKEN Permissions
2026-10-08T04:54:00.2049141Z Contents: read
2026-10-08T04:54:00.2049811Z Metadata: read
2026-10-08T04:54:00.2050387Z Packages: read
2026-10-08T04:54:00.2050945Z ##[endgroup]
2026-10-08T04:54:00.2053012Z Secret source: Actions
2026-10-08T04:54:00.2054036Z Cache mode: write
2026-10-08T04:54:00.2054799Z Prepare workflow directory
2026-10-08T04:54:00.2455399Z Prepare all required actions
2026-10-08T04:54:00.2503252Z Getting action download info
2026-10-08T04:54:00.5752267Z Download action repository 'actions/checkout@v4' (SHA:11d5960a326750d5838078e36cf38b85af677262)
2026-10-08T04:54:00.6922722Z Download action repository 'dtolnay/rust-toolchain@stable' (SHA:89b12181fb390509a0842a86cc55eeb8eb928c1d)
2026-10-08T04:54:00.8625271Z Download action repository 'Swatinem/rust-cache@v2' (SHA:6323deb102c322ba6fcbdcafc7e3dddab59af2b6)
2026-10-08T04:54:01.5313400Z Complete job name: check
2026-10-08T04:54:01.6251263Z ##[group]Run actions/checkout@v4
2026-10-08T04:54:01.6252114Z with:
2026-10-08T04:54:01.6252549Z   repository: jyqj/codecortex
2026-10-08T04:54:01.6256722Z   token: ***
2026-10-08T04:54:01.6257153Z   ssh-strict: true
2026-10-08T04:54:01.6257583Z   ssh-user: git
2026-10-08T04:54:01.6258027Z   persist-credentials: true
2026-10-08T04:54:01.6258509Z   clean: true
2026-10-08T04:54:01.6258942Z   sparse-checkout-cone-mode: true
2026-10-08T04:54:01.6259455Z   fetch-depth: 1
2026-10-08T04:54:01.6259867Z   fetch-tags: false
2026-10-08T04:54:01.6260301Z   show-progress: true
2026-10-08T04:54:01.6260756Z   lfs: false
2026-10-08T04:54:01.6261162Z   submodules: false
2026-10-08T04:54:01.6261606Z   set-safe-directory: true
2026-10-08T04:54:01.6262107Z   allow-unsafe-pr-checkout: false
2026-10-08T04:54:01.6263009Z env:
2026-10-08T04:54:01.6263431Z   CARGO_TERM_COLOR: always
2026-10-08T04:54:01.6263922Z   RUSTFLAGS: -D warnings
2026-10-08T04:54:01.6264391Z ##[endgroup]
2026-10-08T04:54:01.7269249Z Syncing repository: jyqj/codecortex
2026-10-08T04:54:01.7271116Z ##[group]Getting Git version info
2026-10-08T04:54:01.7271895Z Working directory is '/home/runner/work/codecortex/codecortex'
2026-10-08T04:54:01.7272912Z [command]/usr/bin/git version
2026-10-08T04:54:01.7346934Z git version 2.55.0
2026-10-08T04:54:01.7367873Z ##[endgroup]
2026-10-08T04:54:01.7383241Z Temporarily overriding HOME='/home/runner/work/_temp/c8e76829-8823-4c5d-add1-b3878bc9b114' before making global git config changes
2026-10-08T04:54:01.7385918Z Adding repository directory to the temporary git global config as a safe directory
2026-10-08T04:54:01.7389549Z [command]/usr/bin/git config --global --add safe.directory /home/runner/work/codecortex/codecortex
2026-10-08T04:54:01.7442303Z Deleting the contents of '/home/runner/work/codecortex/codecortex'
2026-10-08T04:54:01.7446258Z ##[group]Initializing the repository
2026-10-08T04:54:01.7450293Z [command]/usr/bin/git init /home/runner/work/codecortex/codecortex
2026-10-08T04:54:01.7576413Z hint: Using 'master' as the name for the initial branch. This default branch name
2026-10-08T04:54:01.7578238Z hint: will change to "main" in Git 3.0. To configure the initial branch name
2026-10-08T04:54:01.7579998Z hint: to use in all of your new repositories, which will suppress this warning,
2026-10-08T04:54:01.7581273Z hint: call:
2026-10-08T04:54:01.7581883Z hint:
2026-10-08T04:54:01.7582713Z hint: 	git config --global init.defaultBranch <name>
2026-10-08T04:54:01.7583588Z hint:
2026-10-08T04:54:01.7584226Z hint: Names commonly chosen instead of 'master' are 'main', 'trunk' and
2026-10-08T04:54:01.7585626Z hint: 'development'. The just-created branch can be renamed via this command:
2026-10-08T04:54:01.7586588Z hint:
2026-10-08T04:54:01.7587318Z hint: 	git branch -m <name>
2026-10-08T04:54:01.7587906Z hint:
2026-10-08T04:54:01.7588570Z hint: Disable this message with "git config set advice.defaultBranchName false"
2026-10-08T04:54:01.7589769Z Initialized empty Git repository in /home/runner/work/codecortex/codecortex/.git/
2026-10-08T04:54:01.7592022Z [command]/usr/bin/git remote add origin https://github.com/jyqj/codecortex
2026-10-08T04:54:01.7673220Z ##[endgroup]
2026-10-08T04:54:01.7674554Z ##[group]Disabling automatic garbage collection
2026-10-08T04:54:01.7678149Z [command]/usr/bin/git config --local gc.auto 0
2026-10-08T04:54:01.7707024Z ##[endgroup]
2026-10-08T04:54:01.7708171Z ##[group]Setting up auth
2026-10-08T04:54:01.7712521Z [command]/usr/bin/git config --local --name-only --get-regexp core\.sshCommand
2026-10-08T04:54:01.7742637Z [command]/usr/bin/git submodule foreach --recursive sh -c "git config --local --name-only --get-regexp 'core\.sshCommand' && git config --local --unset-all 'core.sshCommand' || :"
2026-10-08T04:54:01.8104083Z [command]/usr/bin/git config --local --name-only --get-regexp http\.https\:\/\/github\.com\/\.extraheader
2026-10-08T04:54:01.8132998Z [command]/usr/bin/git submodule foreach --recursive sh -c "git config --local --name-only --get-regexp 'http\.https\:\/\/github\.com\/\.extraheader' && git config --local --unset-all 'http.https://github.com/.extraheader' || :"
2026-10-08T04:54:01.8348355Z [command]/usr/bin/git config --local --name-only --get-regexp ^includeIf\.gitdir:
2026-10-08T04:54:01.8378616Z [command]/usr/bin/git submodule foreach --recursive git config --local --show-origin --name-only --get-regexp remote.origin.url
2026-10-08T04:54:01.8594434Z [command]/usr/bin/git config --local http.https://github.com/.extraheader AUTHORIZATION: basic ***
2026-10-08T04:54:01.8631378Z ##[endgroup]
2026-10-08T04:54:01.8632334Z ##[group]Fetching the repository
2026-10-08T04:54:01.8640448Z [command]/usr/bin/git -c protocol.version=2 fetch --no-tags --prune --no-recurse-submodules --depth=1 origin +683d8882c108e4e9be68ebac127f3c709e329711:refs/remotes/pull/148/merge
2026-10-08T04:54:15.7287213Z From https://github.com/jyqj/codecortex
2026-10-08T04:54:15.7296425Z  * [new ref]         683d8882c108e4e9be68ebac127f3c709e329711 -> pull/148/merge
2026-10-08T04:54:15.7299140Z ##[endgroup]
2026-10-08T04:54:15.7300083Z ##[group]Determining the checkout info
2026-10-08T04:54:15.7301030Z ##[endgroup]
2026-10-08T04:54:15.7302278Z [command]/usr/bin/git sparse-checkout disable
2026-10-08T04:54:15.7656636Z [command]/usr/bin/git config --local --unset-all extensions.worktreeConfig
2026-10-08T04:54:15.7695918Z ##[group]Checking out the ref
2026-10-08T04:54:15.7701039Z [command]/usr/bin/git checkout --progress --force refs/remotes/pull/148/merge
2026-10-08T04:54:16.7901807Z Updating files:  86% (11969/13770)
2026-10-08T04:54:16.7978647Z Updating files:  87% (11980/13770)
2026-10-08T04:54:16.8195993Z Updating files:  88% (12118/13770)
2026-10-08T04:54:17.1691236Z Updating files:  89% (12256/13770)
2026-10-08T04:54:17.4671886Z Updating files:  90% (12393/13770)
2026-10-08T04:54:17.4734406Z Updating files:  91% (12531/13770)
2026-10-08T04:54:17.4831627Z Updating files:  92% (12669/13770)
2026-10-08T04:54:17.4952088Z Updating files:  93% (12807/13770)
2026-10-08T04:54:17.5054976Z Updating files:  94% (12944/13770)
2026-10-08T04:54:17.5200958Z Updating files:  95% (13082/13770)
2026-10-08T04:54:17.5311444Z Updating files:  96% (13220/13770)
2026-10-08T04:54:17.5423927Z Updating files:  97% (13357/13770)
2026-10-08T04:54:17.5526343Z Updating files:  98% (13495/13770)
2026-10-08T04:54:17.5689744Z Updating files:  99% (13633/13770)
2026-10-08T04:54:17.5690723Z Updating files: 100% (13770/13770)
2026-10-08T04:54:17.5691440Z Updating files: 100% (13770/13770), done.
2026-10-08T04:54:17.5846067Z Note: switching to 'refs/remotes/pull/148/merge'.
2026-10-08T04:54:17.5846595Z 
2026-10-08T04:54:17.5846863Z You are in 'detached HEAD' state. You can look around, make experimental
2026-10-08T04:54:17.5847483Z changes and commit them, and you can discard any commits you make in this
2026-10-08T04:54:17.5848076Z state without impacting any branches by switching back to a branch.
2026-10-08T04:54:17.5848424Z 
2026-10-08T04:54:17.5848723Z If you want to create a new branch to retain commits you create, you may
2026-10-08T04:54:17.5849304Z do so (now or later) by using -c with the switch command. Example:
2026-10-08T04:54:17.5849654Z 
2026-10-08T04:54:17.5849797Z   git switch -c <new-branch-name>
2026-10-08T04:54:17.5850013Z 
2026-10-08T04:54:17.5850151Z Or undo this operation with:
2026-10-08T04:54:17.5850364Z 
2026-10-08T04:54:17.5850485Z   git switch -
2026-10-08T04:54:17.5850653Z 
2026-10-08T04:54:17.5850924Z Turn off this advice by setting config variable advice.detachedHead to false
2026-10-08T04:54:17.5851301Z 
2026-10-08T04:54:17.5851721Z HEAD is now at 683d888 Merge ffdc6f0f97db78cc25a6c026904e7c2adde05d14 into 47d1939e43455ecd72ccc73e80825d971e3f33e7
2026-10-08T04:54:17.5937228Z ##[endgroup]
2026-10-08T04:54:17.5982938Z [command]/usr/bin/git log -1 --format=%H
2026-10-08T04:54:17.6012396Z 683d8882c108e4e9be68ebac127f3c709e329711
2026-10-08T04:54:17.6367747Z ##[group]Run dtolnay/rust-toolchain@stable
2026-10-08T04:54:17.6368144Z with:
2026-10-08T04:54:17.6368425Z   components: clippy, rustfmt
2026-10-08T04:54:17.6368726Z   toolchain: stable
2026-10-08T04:54:17.6368973Z env:
2026-10-08T04:54:17.6369202Z   CARGO_TERM_COLOR: always
2026-10-08T04:54:17.6369483Z   RUSTFLAGS: -D warnings
2026-10-08T04:54:17.6369749Z ##[endgroup]
2026-10-08T04:54:17.6435978Z ##[start-action display=Parse toolchain version;id=__dtolnay_rust-toolchain.parse]
2026-10-08T04:54:17.6494638Z ##[group]Run if [[ -z $toolchain ]]; then
2026-10-08T04:54:17.6495313Z [36;1mif [[ -z $toolchain ]]; then[0m
2026-10-08T04:54:17.6495914Z [36;1m  # GitHub does not enforce `required: true` inputs itself. https://github.com/actions/runner/issues/1070[0m
2026-10-08T04:54:17.6496528Z [36;1m  echo "'toolchain' is a required input" >&2[0m
2026-10-08T04:54:17.6496876Z [36;1m  exit 1[0m
2026-10-08T04:54:17.6497311Z [36;1melif [[ $toolchain =~ ^stable' '[0-9]+' '(year|month|week|day)s?' 'ago$ ]]; then[0m
2026-10-08T04:54:17.6497778Z [36;1m  if [[ Linux == macOS ]]; then[0m
2026-10-08T04:54:17.6498414Z [36;1m    echo "toolchain=1.$((($(date -v-$(sed 's/stable \([0-9]*\) \(.\).*/\1\2/' <<< $toolchain) +%s)/60/60/24-16569)/7/6))" >> $GITHUB_OUTPUT[0m
2026-10-08T04:54:17.6498974Z [36;1m  else[0m
2026-10-08T04:54:17.6499420Z [36;1m    echo "toolchain=1.$((($(date --date "${toolchain#stable }" +%s)/60/60/24-16569)/7/6))" >> $GITHUB_OUTPUT[0m
2026-10-08T04:54:17.6499921Z [36;1m  fi[0m
2026-10-08T04:54:17.6500272Z [36;1melif [[ $toolchain =~ ^stable' 'minus' '[0-9]+' 'releases?$ ]]; then[0m
2026-10-08T04:54:17.6500849Z [36;1m  echo "toolchain=1.$((($(date +%s)/60/60/24-16569)/7/6-${toolchain//[^0-9]/}))" >> $GITHUB_OUTPUT[0m
2026-10-08T04:54:17.6501356Z [36;1melif [[ $toolchain =~ ^1\.[0-9]+$ ]]; then[0m
2026-10-08T04:54:17.6501936Z [36;1m  echo "toolchain=1.$((i=${toolchain#1.}, c=($(date +%s)/60/60/24-16569)/7/6, i+9*i*(10*i<=c)+90*i*(100*i<=c)))" >> $GITHUB_OUTPUT[0m
2026-10-08T04:54:17.6502489Z [36;1melse[0m
2026-10-08T04:54:17.6502789Z [36;1m  echo "toolchain=$toolchain" >> $GITHUB_OUTPUT[0m
2026-10-08T04:54:17.6503339Z [36;1mfi[0m
2026-10-08T04:54:17.6801599Z shell: /usr/bin/bash --noprofile --norc -e -o pipefail {0}
2026-10-08T04:54:17.6802074Z env:
2026-10-08T04:54:17.6802359Z   CARGO_TERM_COLOR: always
2026-10-08T04:54:17.6802671Z   RUSTFLAGS: -D warnings
2026-10-08T04:54:17.6802976Z   toolchain: stable
2026-10-08T04:54:17.6803253Z ##[endgroup]
2026-10-08T04:54:17.6943612Z ##[end-action id=__dtolnay_rust-toolchain.parse;outcome=success;conclusion=success;duration_ms=50]
2026-10-08T04:54:17.6957618Z ##[start-action display=Construct rustup command line;id=__dtolnay_rust-toolchain.flags]
2026-10-08T04:54:17.6991407Z ##[group]Run echo "targets=$(for t in ${targets//,/ }; do echo -n ' --target' $t; done)" >> $GITHUB_OUTPUT
2026-10-08T04:54:17.6992113Z [36;1mecho "targets=$(for t in ${targets//,/ }; do echo -n ' --target' $t; done)" >> $GITHUB_OUTPUT[0m
2026-10-08T04:54:17.6992801Z [36;1mecho "components=$(for c in ${components//,/ }; do echo -n ' --component' $c; done)" >> $GITHUB_OUTPUT[0m
2026-10-08T04:54:17.6993386Z [36;1mecho "downgrade=" >> $GITHUB_OUTPUT[0m
2026-10-08T04:54:17.7051643Z shell: /usr/bin/bash --noprofile --norc -e -o pipefail {0}
2026-10-08T04:54:17.7052033Z env:
2026-10-08T04:54:17.7052270Z   CARGO_TERM_COLOR: always
2026-10-08T04:54:17.7052547Z   RUSTFLAGS: -D warnings
2026-10-08T04:54:17.7052809Z   targets: 
2026-10-08T04:54:17.7053088Z   components: clippy, rustfmt
2026-10-08T04:54:17.7053381Z ##[endgroup]
2026-10-08T04:54:17.7147469Z ##[end-action id=__dtolnay_rust-toolchain.flags;outcome=success;conclusion=success;duration_ms=18]
2026-10-08T04:54:17.7149867Z ##[start-action display=Set $CARGO_HOME;id=__dtolnay_rust-toolchain.__run]
2026-10-08T04:54:17.7206077Z ##[group]Run echo CARGO_HOME=${CARGO_HOME:-"$HOME/.cargo"} >> $GITHUB_ENV
2026-10-08T04:54:17.7207022Z [36;1mecho CARGO_HOME=${CARGO_HOME:-"$HOME/.cargo"} >> $GITHUB_ENV[0m
2026-10-08T04:54:17.7269127Z shell: /usr/bin/bash --noprofile --norc -e -o pipefail {0}
2026-10-08T04:54:17.7269553Z env:
2026-10-08T04:54:17.7269799Z   CARGO_TERM_COLOR: always
2026-10-08T04:54:17.7270093Z   RUSTFLAGS: -D warnings
2026-10-08T04:54:17.7270370Z ##[endgroup]
2026-10-08T04:54:17.7360115Z ##[end-action id=__dtolnay_rust-toolchain.__run;outcome=success;conclusion=success;duration_ms=20]
2026-10-08T04:54:17.7362518Z ##[start-action display=Install rustup if needed;id=__dtolnay_rust-toolchain.__run_2]
2026-10-08T04:54:17.7393618Z ##[group]Run if ! command -v rustup &>/dev/null; then
2026-10-08T04:54:17.7394046Z [36;1mif ! command -v rustup &>/dev/null; then[0m
2026-10-08T04:54:17.7394850Z [36;1m  curl --proto '=https' --tlsv1.2 --retry 10 --retry-connrefused --location --silent --show-error --fail https://sh.rustup.rs | sh -s -- --default-toolchain none -y[0m
2026-10-08T04:54:17.7395955Z [36;1m  echo "$CARGO_HOME/bin" >> $GITHUB_PATH[0m
2026-10-08T04:54:17.7396289Z [36;1mfi[0m
2026-10-08T04:54:17.7454145Z shell: /usr/bin/bash --noprofile --norc -e -o pipefail {0}
2026-10-08T04:54:17.7454546Z env:
2026-10-08T04:54:17.7454803Z   CARGO_TERM_COLOR: always
2026-10-08T04:54:17.7455275Z   RUSTFLAGS: -D warnings
2026-10-08T04:54:17.7455570Z   CARGO_HOME: /home/runner/.cargo
2026-10-08T04:54:17.7455863Z ##[endgroup]
2026-10-08T04:54:17.7539490Z ##[end-action id=__dtolnay_rust-toolchain.__run_2;outcome=success;conclusion=success;duration_ms=17]
2026-10-08T04:54:17.7541941Z ##[start-action display=Install rustup if needed on windows;id=__dtolnay_rust-toolchain.__run_3]
2026-10-08T04:54:17.7549093Z ##[end-action id=__dtolnay_rust-toolchain.__run_3;outcome=skipped;conclusion=skipped;duration_ms=0]
2026-10-08T04:54:17.7560205Z ##[start-action display=rustup toolchain install stable;id=__dtolnay_rust-toolchain.__run_4]
2026-10-08T04:54:17.7586125Z ##[group]Run log=$(mktemp)
2026-10-08T04:54:17.7586445Z [36;1mlog=$(mktemp)[0m
2026-10-08T04:54:17.7586725Z [36;1mtrap 'rm -f "$log"' EXIT[0m
2026-10-08T04:54:17.7587053Z [36;1mfor attempt in 1 2 3 4 5; do[0m
2026-10-08T04:54:17.7587772Z [36;1m  if rustup toolchain install stable --component clippy --component rustfmt --profile minimal --no-self-update --force-non-host 2>&1 | tee "$log"; then[0m
2026-10-08T04:54:17.7588642Z [36;1m    break[0m
2026-10-08T04:54:17.7588892Z [36;1m  else[0m
2026-10-08T04:54:17.7589135Z [36;1m    status=$?[0m
2026-10-08T04:54:17.7589394Z [36;1m  fi[0m
2026-10-08T04:54:17.7589731Z [36;1m  if [[ $attempt == 5 ]] || ! grep -Fq 'checksum failed for ' "$log" \[0m
2026-10-08T04:54:17.7590336Z [36;1m      || ! grep -Fq 'this is likely due to an ongoing update of the official release server' "$log"; then[0m
2026-10-08T04:54:17.7590854Z [36;1m    exit "$status"[0m
2026-10-08T04:54:17.7591121Z [36;1m  fi[0m
2026-10-08T04:54:17.7591521Z [36;1m  echo "Retrying rustup toolchain install in 30 seconds (retry $attempt of 4)" >&2[0m
2026-10-08T04:54:17.7591983Z [36;1m  sleep 30[0m
2026-10-08T04:54:17.7592231Z [36;1mdone[0m
2026-10-08T04:54:17.7651606Z shell: /usr/bin/bash --noprofile --norc -e -o pipefail {0}
2026-10-08T04:54:17.7652028Z env:
2026-10-08T04:54:17.7652479Z   CARGO_TERM_COLOR: always
2026-10-08T04:54:17.7652975Z   RUSTFLAGS: -D warnings
2026-10-08T04:54:17.7653327Z   CARGO_HOME: /home/runner/.cargo
2026-10-08T04:54:17.7653633Z   RUSTUP_PERMIT_COPY_RENAME: 1
2026-10-08T04:54:17.7653919Z ##[endgroup]
2026-10-08T04:54:23.2857753Z info: syncing channel updates for stable-x86_64-unknown-linux-gnu
2026-10-08T04:54:23.9505259Z info: latest update on 2026-10-01 for version 1.99.0 (b940084d7 2026-09-28)
2026-10-08T04:54:23.9634742Z info: removing previous version of component rustfmt
2026-10-08T04:54:24.0060988Z info: removing previous version of component clippy
2026-10-08T04:54:24.0075996Z info: removing previous version of component cargo
2026-10-08T04:54:24.0277068Z info: removing previous version of component rust-std
2026-10-08T04:54:24.0484902Z info: removing previous version of component rustc
2026-10-08T04:54:24.0703427Z info: downloading 5 components
2026-10-08T04:54:32.4690475Z 
2026-10-08T04:54:32.4760613Z   stable-x86_64-unknown-linux-gnu updated - rustc 1.99.0 (b940084d7 2026-09-28) (from rustc 1.98.1 (48a229cea 2026-09-01))
2026-10-08T04:54:32.4761359Z 
2026-10-08T04:54:32.4843279Z ##[end-action id=__dtolnay_rust-toolchain.__run_4;outcome=success;conclusion=success;duration_ms=14728]
2026-10-08T04:54:32.4850988Z ##[start-action display=rustup default stable;id=__dtolnay_rust-toolchain.__run_5]
2026-10-08T04:54:32.4879131Z ##[group]Run rustup default stable --force-non-host
2026-10-08T04:54:32.4879539Z [36;1mrustup default stable --force-non-host[0m
2026-10-08T04:54:32.4945202Z shell: /usr/bin/bash --noprofile --norc -e -o pipefail {0}
2026-10-08T04:54:32.4945571Z env:
2026-10-08T04:54:32.4945794Z   CARGO_TERM_COLOR: always
2026-10-08T04:54:32.4946042Z   RUSTFLAGS: -D warnings
2026-10-08T04:54:32.4946284Z   CARGO_HOME: /home/runner/.cargo
2026-10-08T04:54:32.4946532Z ##[endgroup]
2026-10-08T04:54:32.5078752Z info: using existing install for stable-x86_64-unknown-linux-gnu
2026-10-08T04:54:32.5084159Z info: default toolchain set to stable-x86_64-unknown-linux-gnu
2026-10-08T04:54:32.5084496Z 
2026-10-08T04:54:32.5150547Z   stable-x86_64-unknown-linux-gnu unchanged - rustc 1.99.0 (b940084d7 2026-09-28)
2026-10-08T04:54:32.5150975Z 
2026-10-08T04:54:32.5169811Z ##[end-action id=__dtolnay_rust-toolchain.__run_5;outcome=success;conclusion=success;duration_ms=31]
2026-10-08T04:54:32.5172783Z ##[start-action display=Create cachekey;id=__dtolnay_rust-toolchain.rustc-version]
2026-10-08T04:54:32.5201670Z ##[group]Run DATE=$(rustc +stable --version --verbose | sed -ne 's/^commit-date: \(20[0-9][0-9]\)-\([01][0-9]\)-\([0-3][0-9]\)$/\1\2\3/p')
2026-10-08T04:54:32.5202522Z [36;1mDATE=$(rustc +stable --version --verbose | sed -ne 's/^commit-date: \(20[0-9][0-9]\)-\([01][0-9]\)-\([0-3][0-9]\)$/\1\2\3/p')[0m
2026-10-08T04:54:32.5203172Z [36;1mHASH=$(rustc +stable --version --verbose | sed -ne 's/^commit-hash: //p')[0m
2026-10-08T04:54:32.5203684Z [36;1mecho "cachekey=$(echo $DATE$HASH | head -c12)" >> $GITHUB_OUTPUT[0m
2026-10-08T04:54:32.5269213Z shell: /usr/bin/bash --noprofile --norc -e -o pipefail {0}
2026-10-08T04:54:32.5269584Z env:
2026-10-08T04:54:32.5269835Z   CARGO_TERM_COLOR: always
2026-10-08T04:54:32.5270092Z   RUSTFLAGS: -D warnings
2026-10-08T04:54:32.5270343Z   CARGO_HOME: /home/runner/.cargo
2026-10-08T04:54:32.5270605Z ##[endgroup]
2026-10-08T04:54:32.5623521Z ##[end-action id=__dtolnay_rust-toolchain.rustc-version;outcome=success;conclusion=success;duration_ms=44]
2026-10-08T04:54:32.5626735Z ##[start-action display=Disable incremental compilation;id=__dtolnay_rust-toolchain.__run_6]
2026-10-08T04:54:32.5651980Z ##[group]Run if [ -z "${CARGO_INCREMENTAL+set}" ]; then
2026-10-08T04:54:32.5652388Z [36;1mif [ -z "${CARGO_INCREMENTAL+set}" ]; then[0m
2026-10-08T04:54:32.5652721Z [36;1m  echo CARGO_INCREMENTAL=0 >> $GITHUB_ENV[0m
2026-10-08T04:54:32.5653022Z [36;1mfi[0m
2026-10-08T04:54:32.5719851Z shell: /usr/bin/bash --noprofile --norc -e -o pipefail {0}
2026-10-08T04:54:32.5720220Z env:
2026-10-08T04:54:32.5720423Z   CARGO_TERM_COLOR: always
2026-10-08T04:54:32.5720680Z   RUSTFLAGS: -D warnings
2026-10-08T04:54:32.5720935Z   CARGO_HOME: /home/runner/.cargo
2026-10-08T04:54:32.5721194Z ##[endgroup]
2026-10-08T04:54:32.5812071Z ##[end-action id=__dtolnay_rust-toolchain.__run_6;outcome=success;conclusion=success;duration_ms=18]
2026-10-08T04:54:32.5814405Z ##[start-action display=Enable colors in Cargo output;id=__dtolnay_rust-toolchain.__run_7]
2026-10-08T04:54:32.5839036Z ##[group]Run if [ -z "${CARGO_TERM_COLOR+set}" ]; then
2026-10-08T04:54:32.5839404Z [36;1mif [ -z "${CARGO_TERM_COLOR+set}" ]; then[0m
2026-10-08T04:54:32.5839735Z [36;1m  echo CARGO_TERM_COLOR=always >> $GITHUB_ENV[0m
2026-10-08T04:54:32.5840031Z [36;1mfi[0m
2026-10-08T04:54:32.5902141Z shell: /usr/bin/bash --noprofile --norc -e -o pipefail {0}
2026-10-08T04:54:32.5902494Z env:
2026-10-08T04:54:32.5902696Z   CARGO_TERM_COLOR: always
2026-10-08T04:54:32.5903124Z   RUSTFLAGS: -D warnings
2026-10-08T04:54:32.5903371Z   CARGO_HOME: /home/runner/.cargo
2026-10-08T04:54:32.5903641Z   CARGO_INCREMENTAL: 0
2026-10-08T04:54:32.5903854Z ##[endgroup]
2026-10-08T04:54:32.5990910Z ##[end-action id=__dtolnay_rust-toolchain.__run_7;outcome=success;conclusion=success;duration_ms=17]
2026-10-08T04:54:32.5993116Z ##[start-action display=Enable Cargo sparse registry;id=__dtolnay_rust-toolchain.__run_8]
2026-10-08T04:54:32.6018738Z ##[group]Run # implemented in 1.66, stabilized in 1.68, made default in 1.70
2026-10-08T04:54:32.6019245Z [36;1m# implemented in 1.66, stabilized in 1.68, made default in 1.70[0m
2026-10-08T04:54:32.6019955Z [36;1mif [ -z "${CARGO_REGISTRIES_CRATES_IO_PROTOCOL+set}" -o -f "/home/runner/work/_temp"/.implicit_cargo_registries_crates_io_protocol ]; then[0m
2026-10-08T04:54:32.6020687Z [36;1m  if rustc +stable --version --verbose | grep -q '^release: 1\.6[89]\.'; then[0m
2026-10-08T04:54:32.6021287Z [36;1m    touch "/home/runner/work/_temp"/.implicit_cargo_registries_crates_io_protocol || true[0m
2026-10-08T04:54:32.6021833Z [36;1m    echo CARGO_REGISTRIES_CRATES_IO_PROTOCOL=sparse >> $GITHUB_ENV[0m
2026-10-08T04:54:32.6022345Z [36;1m  elif rustc +stable --version --verbose | grep -q '^release: 1\.6[67]\.'; then[0m
2026-10-08T04:54:32.6022925Z [36;1m    touch "/home/runner/work/_temp"/.implicit_cargo_registries_crates_io_protocol || true[0m
2026-10-08T04:54:32.6023447Z [36;1m    echo CARGO_REGISTRIES_CRATES_IO_PROTOCOL=git >> $GITHUB_ENV[0m
2026-10-08T04:54:32.6023797Z [36;1m  fi[0m
2026-10-08T04:54:32.6023988Z [36;1mfi[0m
2026-10-08T04:54:32.6085149Z shell: /usr/bin/bash --noprofile --norc -e -o pipefail {0}
2026-10-08T04:54:32.6085572Z env:
2026-10-08T04:54:32.6085785Z   CARGO_TERM_COLOR: always
2026-10-08T04:54:32.6086032Z   RUSTFLAGS: -D warnings
2026-10-08T04:54:32.6086276Z   CARGO_HOME: /home/runner/.cargo
2026-10-08T04:54:32.6086663Z   CARGO_INCREMENTAL: 0
2026-10-08T04:54:32.6086979Z ##[endgroup]
2026-10-08T04:54:32.6401137Z ##[end-action id=__dtolnay_rust-toolchain.__run_8;outcome=success;conclusion=success;duration_ms=40]
2026-10-08T04:54:32.6423917Z ##[start-action display=Work around spurious network errors in curl 8.0;id=__dtolnay_rust-toolchain.__run_9]
2026-10-08T04:54:32.6451645Z ##[group]Run # https://rust-lang.zulipchat.com/#narrow/stream/246057-t-cargo/topic/timeout.20investigation
2026-10-08T04:54:32.6452432Z [36;1m# https://rust-lang.zulipchat.com/#narrow/stream/246057-t-cargo/topic/timeout.20investigation[0m
2026-10-08T04:54:32.6453076Z [36;1mif rustc +stable --version --verbose | grep -q '^release: 1\.7[01]\.'; then[0m
2026-10-08T04:54:32.6453546Z [36;1m  echo CARGO_HTTP_MULTIPLEXING=false >> $GITHUB_ENV[0m
2026-10-08T04:54:32.6453866Z [36;1mfi[0m
2026-10-08T04:54:32.6520273Z shell: /usr/bin/bash --noprofile --norc -e -o pipefail {0}
2026-10-08T04:54:32.6520637Z env:
2026-10-08T04:54:32.6520856Z   CARGO_TERM_COLOR: always
2026-10-08T04:54:32.6521107Z   RUSTFLAGS: -D warnings
2026-10-08T04:54:32.6521373Z   CARGO_HOME: /home/runner/.cargo
2026-10-08T04:54:32.6521630Z   CARGO_INCREMENTAL: 0
2026-10-08T04:54:32.6521859Z ##[endgroup]
2026-10-08T04:54:32.6729065Z ##[end-action id=__dtolnay_rust-toolchain.__run_9;outcome=success;conclusion=success;duration_ms=30]
2026-10-08T04:54:32.6733439Z ##[start-action display=rustc +stable --version --verbose;id=__dtolnay_rust-toolchain.__run_10]
2026-10-08T04:54:32.6759694Z ##[group]Run rustc +stable --version --verbose
2026-10-08T04:54:32.6760068Z [36;1mrustc +stable --version --verbose[0m
2026-10-08T04:54:32.6826535Z shell: /usr/bin/bash --noprofile --norc -e -o pipefail {0}
2026-10-08T04:54:32.6826914Z env:
2026-10-08T04:54:32.6827128Z   CARGO_TERM_COLOR: always
2026-10-08T04:54:32.6827374Z   RUSTFLAGS: -D warnings
2026-10-08T04:54:32.6827632Z   CARGO_HOME: /home/runner/.cargo
2026-10-08T04:54:32.6827889Z   CARGO_INCREMENTAL: 0
2026-10-08T04:54:32.6828108Z ##[endgroup]
2026-10-08T04:54:32.7020909Z rustc 1.99.0 (b940084d7 2026-09-28)
2026-10-08T04:54:32.7022176Z binary: rustc
2026-10-08T04:54:32.7023140Z commit-hash: b940084d7eb6a299eb4bfeb8e34901bc051e7ac4
2026-10-08T04:54:32.7023692Z commit-date: 2026-09-28
2026-10-08T04:54:32.7023947Z host: x86_64-unknown-linux-gnu
2026-10-08T04:54:32.7024195Z release: 1.99.0
2026-10-08T04:54:32.7024404Z LLVM version: 23.1.1
2026-10-08T04:54:32.7039318Z ##[end-action id=__dtolnay_rust-toolchain.__run_10;outcome=success;conclusion=success;duration_ms=30]
2026-10-08T04:54:32.7161228Z ##[group]Run Swatinem/rust-cache@v2
2026-10-08T04:54:32.7161534Z with:
2026-10-08T04:54:32.7161747Z   prefix-key: v0-rust
2026-10-08T04:54:32.7161985Z   add-job-id-key: true
2026-10-08T04:54:32.7162235Z   add-rust-environment-hash-key: true
2026-10-08T04:54:32.7162512Z   cache-targets: true
2026-10-08T04:54:32.7162746Z   cache-all-crates: false
2026-10-08T04:54:32.7162997Z   cache-workspace-crates: false
2026-10-08T04:54:32.7163248Z   save-if: true
2026-10-08T04:54:32.7163456Z   cache-provider: github
2026-10-08T04:54:32.7163693Z   cache-bin: true
2026-10-08T04:54:32.7163902Z   lookup-only: false
2026-10-08T04:54:32.7164110Z   cmd-format: {0}
2026-10-08T04:54:32.7164323Z env:
2026-10-08T04:54:32.7164515Z   CARGO_TERM_COLOR: always
2026-10-08T04:54:32.7164757Z   RUSTFLAGS: -D warnings
2026-10-08T04:54:32.7165319Z   CARGO_HOME: /home/runner/.cargo
2026-10-08T04:54:32.7165581Z   CARGO_INCREMENTAL: 0
2026-10-08T04:54:32.7165801Z ##[endgroup]
2026-10-08T04:54:34.2275430Z ##[group]Cache Configuration
2026-10-08T04:54:34.2276121Z Cache Provider:
2026-10-08T04:54:34.2276508Z     github
2026-10-08T04:54:34.2276839Z Workspaces:
2026-10-08T04:54:34.2277217Z     /home/runner/work/codecortex/codecortex
2026-10-08T04:54:34.2277944Z Cache Paths:
2026-10-08T04:54:34.2278320Z     /home/runner/.cargo/bin
2026-10-08T04:54:34.2278765Z     /home/runner/.cargo/.crates.toml
2026-10-08T04:54:34.2279264Z     /home/runner/.cargo/.crates2.json
2026-10-08T04:54:34.2279741Z     /home/runner/.cargo/registry
2026-10-08T04:54:34.2280184Z     /home/runner/.cargo/git
2026-10-08T04:54:34.2280668Z     /home/runner/work/codecortex/codecortex/target
2026-10-08T04:54:34.2281198Z Restore Key:
2026-10-08T04:54:34.2281908Z     v0-rust-check-Linux-x64-cbcac849
2026-10-08T04:54:34.2282383Z Cache Key:
2026-10-08T04:54:34.2282773Z     v0-rust-check-Linux-x64-cbcac849-3495a27c
2026-10-08T04:54:34.2283283Z .. Prefix:
2026-10-08T04:54:34.2283649Z   - v0-rust-check-Linux-x64
2026-10-08T04:54:34.2284093Z .. Environment considered:
2026-10-08T04:54:34.2284539Z   - Rust Versions:
2026-10-08T04:54:34.2285366Z     - 1.99.0 x86_64-unknown-linux-gnu b940084d7eb6a299eb4bfeb8e34901bc051e7ac4
2026-10-08T04:54:34.2286086Z   - CARGO_HOME
2026-10-08T04:54:34.2286455Z   - CARGO_INCREMENTAL
2026-10-08T04:54:34.2286850Z   - CARGO_TERM_COLOR
2026-10-08T04:54:34.2287216Z   - RUSTFLAGS
2026-10-08T04:54:34.2287581Z .. Lockfiles considered:
2026-10-08T04:54:34.2288090Z   - /home/runner/work/codecortex/codecortex/Cargo.lock
2026-10-08T04:54:34.2288821Z   - /home/runner/work/codecortex/codecortex/crates/cc-db/Cargo.toml
2026-10-08T04:54:34.2289639Z   - /home/runner/work/codecortex/codecortex/crates/cc-eval/Cargo.toml
2026-10-08T04:54:34.2290490Z   - /home/runner/work/codecortex/codecortex/crates/cc-index/Cargo.toml
2026-10-08T04:54:34.2291367Z   - /home/runner/work/codecortex/codecortex/crates/cc-model/Cargo.toml
2026-10-08T04:54:34.2292255Z   - /home/runner/work/codecortex/codecortex/crates/cc-parsers/Cargo.toml
2026-10-08T04:54:34.2293158Z   - /home/runner/work/codecortex/codecortex/crates/cc-search/Cargo.toml
2026-10-08T04:54:34.2294054Z   - /home/runner/work/codecortex/codecortex/crates/cc-semantic/Cargo.toml
2026-10-08T04:54:34.2295365Z   - /home/runner/work/codecortex/codecortex/crates/cc-server/Cargo.toml
2026-10-08T04:54:34.2296421Z ##[endgroup]
2026-10-08T04:54:34.2296633Z 
2026-10-08T04:54:34.2296783Z ... Restoring cache ...
2026-10-08T04:54:34.3593878Z Cache hit for: v0-rust-check-Linux-x64-cbcac849-3495a27c
2026-10-08T04:54:35.4945791Z Received 83886080 of 550094034 (15.2%), 79.9 MBs/sec
2026-10-08T04:54:36.4943224Z Received 268435456 of 550094034 (48.8%), 127.9 MBs/sec
2026-10-08T04:54:37.4960540Z Received 448790528 of 550094034 (81.6%), 142.6 MBs/sec
2026-10-08T04:54:38.1090068Z Received 550094034 of 550094034 (100.0%), 145.1 MBs/sec
2026-10-08T04:54:38.1090834Z Cache Size: ~525 MB (550094034 B)
2026-10-08T04:54:38.1217843Z [command]/usr/bin/tar -xf /home/runner/work/_temp/25aada82-adcc-4b38-9ae5-7565b97bcde4/cache.tzst -P -C /home/runner/work/codecortex/codecortex --use-compress-program unzstd
2026-10-08T04:54:41.8231610Z Cache restored successfully
2026-10-08T04:54:41.9712650Z Restored from cache key "v0-rust-check-Linux-x64-cbcac849-3495a27c" full match: true.
2026-10-08T04:54:42.0171442Z ##[group]Run cargo fmt --all -- --check
2026-10-08T04:54:42.0171858Z [36;1mcargo fmt --all -- --check[0m
2026-10-08T04:54:42.0236324Z shell: /usr/bin/bash -e {0}
2026-10-08T04:54:42.0236587Z env:
2026-10-08T04:54:42.0236808Z   CARGO_TERM_COLOR: always
2026-10-08T04:54:42.0237064Z   RUSTFLAGS: -D warnings
2026-10-08T04:54:42.0237313Z   CARGO_HOME: /home/runner/.cargo
2026-10-08T04:54:42.0237580Z   CARGO_INCREMENTAL: 0
2026-10-08T04:54:42.0237822Z   CACHE_ON_FAILURE: false
2026-10-08T04:54:42.0238066Z ##[endgroup]
2026-10-08T04:54:44.5652566Z ##[group]Run cargo clippy --workspace --all-targets -- -D warnings
2026-10-08T04:54:44.5653073Z [36;1mcargo clippy --workspace --all-targets -- -D warnings[0m
2026-10-08T04:54:44.5712877Z shell: /usr/bin/bash -e {0}
2026-10-08T04:54:44.5713140Z env:
2026-10-08T04:54:44.5713341Z   CARGO_TERM_COLOR: always
2026-10-08T04:54:44.5713586Z   RUSTFLAGS: -D warnings
2026-10-08T04:54:44.5713832Z   CARGO_HOME: /home/runner/.cargo
2026-10-08T04:54:44.5714092Z   CARGO_INCREMENTAL: 0
2026-10-08T04:54:44.5714319Z   CACHE_ON_FAILURE: false
2026-10-08T04:54:44.5714549Z ##[endgroup]
2026-10-08T04:54:44.6323224Z [1m[92m    Updating[0m crates.io index
2026-10-08T04:54:45.5667799Z [1m[92m    Checking[0m cc-model v1.0.0 (/home/runner/work/codecortex/codecortex/crates/cc-model)
2026-10-08T04:54:48.8859865Z [1m[92m    Checking[0m cc-db v1.0.0 (/home/runner/work/codecortex/codecortex/crates/cc-db)
2026-10-08T04:54:48.8861371Z [1m[92m    Checking[0m cc-parsers v1.0.0 (/home/runner/work/codecortex/codecortex/crates/cc-parsers)
2026-10-08T04:54:51.7119413Z [1m[92m    Checking[0m cc-index v1.0.0 (/home/runner/work/codecortex/codecortex/crates/cc-index)
2026-10-08T04:54:51.7120240Z [1m[92m    Checking[0m cc-search v1.0.0 (/home/runner/work/codecortex/codecortex/crates/cc-search)
2026-10-08T04:54:51.7121274Z [1m[92m    Checking[0m cc-semantic v1.0.0 (/home/runner/work/codecortex/codecortex/crates/cc-semantic)
2026-10-08T04:54:54.8461285Z [1m[92m    Checking[0m cc-server v1.0.0 (/home/runner/work/codecortex/codecortex/crates/cc-server)
2026-10-08T04:54:57.9617706Z [1m[92m    Checking[0m cc-eval v1.0.0 (/home/runner/work/codecortex/codecortex/crates/cc-eval)
2026-10-08T04:55:05.1964732Z [1m[92m    Finished[0m `dev` profile [unoptimized + debuginfo] target(s) in 20.59s
2026-10-08T04:55:05.3047011Z ##[group]Run cargo test --workspace --all-targets --locked --no-run
2026-10-08T04:55:05.3047540Z [36;1mcargo test --workspace --all-targets --locked --no-run[0m
2026-10-08T04:55:05.3106918Z shell: /usr/bin/bash -e {0}
2026-10-08T04:55:05.3107186Z env:
2026-10-08T04:55:05.3107391Z   CARGO_TERM_COLOR: always
2026-10-08T04:55:05.3107644Z   RUSTFLAGS: -D warnings
2026-10-08T04:55:05.3107898Z   CARGO_HOME: /home/runner/.cargo
2026-10-08T04:55:05.3108161Z   CARGO_INCREMENTAL: 0
2026-10-08T04:55:05.3108383Z   CACHE_ON_FAILURE: false
2026-10-08T04:55:05.3108613Z ##[endgroup]
2026-10-08T04:55:05.5361230Z [1m[92m   Compiling[0m cc-model v1.0.0 (/home/runner/work/codecortex/codecortex/crates/cc-model)
2026-10-08T04:55:09.2561963Z [1m[92m   Compiling[0m cc-db v1.0.0 (/home/runner/work/codecortex/codecortex/crates/cc-db)
2026-10-08T04:55:09.2568178Z [1m[92m   Compiling[0m cc-parsers v1.0.0 (/home/runner/work/codecortex/codecortex/crates/cc-parsers)
2026-10-08T04:55:13.3497003Z [1m[92m   Compiling[0m cc-index v1.0.0 (/home/runner/work/codecortex/codecortex/crates/cc-index)
2026-10-08T04:55:13.6505298Z [1m[92m   Compiling[0m cc-search v1.0.0 (/home/runner/work/codecortex/codecortex/crates/cc-search)
2026-10-08T04:55:14.0017766Z [1m[92m   Compiling[0m cc-semantic v1.0.0 (/home/runner/work/codecortex/codecortex/crates/cc-semantic)
2026-10-08T04:55:20.3306849Z [1m[92m   Compiling[0m cc-server v1.0.0 (/home/runner/work/codecortex/codecortex/crates/cc-server)
2026-10-08T04:55:25.6047199Z [1m[92m   Compiling[0m cc-eval v1.0.0 (/home/runner/work/codecortex/codecortex/crates/cc-eval)
2026-10-08T04:57:16.5327004Z [1m[92m    Finished[0m `test` profile [unoptimized + debuginfo] target(s) in 2m 11s
2026-10-08T04:57:17.1290531Z [1m[92m  Executable[0m unittests src/lib.rs (target/debug/deps/cc_db-814cb268cf63c4ea)
2026-10-08T04:57:17.1291539Z [1m[92m  Executable[0m tests/ci_schema_guard_contract.rs (target/debug/deps/ci_schema_guard_contract-ac86f4db610f7136)
2026-10-08T04:57:17.1292823Z [1m[92m  Executable[0m tests/fts_identifier_expansion.rs (target/debug/deps/fts_identifier_expansion-31ad596a8da919c8)
2026-10-08T04:57:17.1321159Z [1m[92m  Executable[0m tests/incremental_write_bench.rs (target/debug/deps/incremental_write_bench-5e85734bee650e49)
2026-10-08T04:57:17.1322531Z [1m[92m  Executable[0m tests/p2b_resolution_store.rs (target/debug/deps/p2b_resolution_store-d41376e032984943)
2026-10-08T04:57:17.1324002Z [1m[92m  Executable[0m tests/p2c_freshness_store.rs (target/debug/deps/p2c_freshness_store-7710cc01dc65b85a)
2026-10-08T04:57:17.1325332Z [1m[92m  Executable[0m tests/p2d_dependency_cost.rs (target/debug/deps/p2d_dependency_cost-3dd574927aa83a1f)
2026-10-08T04:57:17.1326491Z [1m[92m  Executable[0m tests/p7_configured_space_transition.rs (target/debug/deps/p7_configured_space_transition-997cee82e209e27e)
2026-10-08T04:57:17.1327514Z [1m[92m  Executable[0m tests/public_surface_store.rs (target/debug/deps/public_surface_store-53ee8fcf6a9e9a3e)
2026-10-08T04:57:17.1328735Z [1m[92m  Executable[0m tests/resolver_bind_independent_review.rs (target/debug/deps/resolver_bind_independent_review-1662a0475c32272d)
2026-10-08T04:57:17.1330468Z [1m[92m  Executable[0m tests/resolver_seed_large_exclusion.rs (target/debug/deps/resolver_seed_large_exclusion-ce762b7d4680e000)
2026-10-08T04:57:17.1331406Z [1m[92m  Executable[0m tests/semantic_coverage.rs (target/debug/deps/semantic_coverage-10ff5312f2d96546)
2026-10-08T04:57:17.1332580Z [1m[92m  Executable[0m tests/semantic_lease.rs (target/debug/deps/semantic_lease-f76225eec0c64550)
2026-10-08T04:57:17.1333352Z [1m[92m  Executable[0m tests/semantic_outbox.rs (target/debug/deps/semantic_outbox-4c07976e5d2c8ca6)
2026-10-08T04:57:17.1334209Z [1m[92m  Executable[0m tests/semantic_publish.rs (target/debug/deps/semantic_publish-8e2be8a409778aa9)
2026-10-08T04:57:17.1335700Z [1m[92m  Executable[0m tests/semantic_queue.rs (target/debug/deps/semantic_queue-ce951f168ab14fdf)
2026-10-08T04:57:17.1337124Z [1m[92m  Executable[0m tests/semantic_rebuild.rs (target/debug/deps/semantic_rebuild-f82e8bbc28e9aaa4)
2026-10-08T04:57:17.1338432Z [1m[92m  Executable[0m tests/semantic_recovery.rs (target/debug/deps/semantic_recovery-c7b465f9231445c2)
2026-10-08T04:57:17.1339873Z [1m[92m  Executable[0m tests/semantic_schema.rs (target/debug/deps/semantic_schema-9317f12b9695f07e)
2026-10-08T04:57:17.1340829Z [1m[92m  Executable[0m tests/semantic_space_switch.rs (target/debug/deps/semantic_space_switch-03ea49a06d0df2ab)
2026-10-08T04:57:17.1342281Z [1m[92m  Executable[0m tests/test_edge_empty_population.rs (target/debug/deps/test_edge_empty_population-c2fe127989fd8629)
2026-10-08T04:57:17.1343103Z [1m[92m  Executable[0m unittests src/lib.rs (target/debug/deps/cc_eval-85fe4fb03e12e1f1)
2026-10-08T04:57:17.1344065Z [1m[92m  Executable[0m unittests src/bin/cc-eval.rs (target/debug/deps/cc_eval-4d7a46be45140464)
2026-10-08T04:57:17.1345393Z [1m[92m  Executable[0m unittests src/bin/cc-eval-p8-load.rs (target/debug/deps/cc_eval_p8_load-2df9cf791f2a6148)
2026-10-08T04:57:17.1346327Z [1m[92m  Executable[0m unittests src/bin/p8-scale.rs (target/debug/deps/p8_scale-c96d332e665e88a5)
2026-10-08T04:57:17.1347662Z [1m[92m  Executable[0m tests/benchmark_adapters.rs (target/debug/deps/benchmark_adapters-eecb5512791c6064)
2026-10-08T04:57:17.1359667Z [1m[92m  Executable[0m tests/benchmark_cli.rs (target/debug/deps/benchmark_cli-5ec56df3e2d4d772)
2026-10-08T04:57:17.1370441Z [1m[92m  Executable[0m tests/benchmark_defects.rs (target/debug/deps/benchmark_defects-43864080f77b2374)
2026-10-08T04:57:17.1378985Z [1m[92m  Executable[0m tests/benchmark_lock.rs (target/debug/deps/benchmark_lock-04ab308160e3f752)
2026-10-08T04:57:17.1390884Z [1m[92m  Executable[0m tests/benchmark_reports.rs (target/debug/deps/benchmark_reports-38fe424e3c5b8fa3)
2026-10-08T04:57:17.1399620Z [1m[92m  Executable[0m tests/benchmark_scoring.rs (target/debug/deps/benchmark_scoring-47155f2116912558)
2026-10-08T04:57:17.1408059Z [1m[92m  Executable[0m tests/ci_generation_guard_contract.rs (target/debug/deps/ci_generation_guard_contract-5146610e09b96c81)
2026-10-08T04:57:17.1416503Z [1m[92m  Executable[0m tests/diag_p5e_fix_review_boundary_20261003.rs (target/debug/deps/diag_p5e_fix_review_boundary_20261003-538cda2380ef8413)
2026-10-08T04:57:17.1420771Z [1m[92m  Executable[0m tests/diag_p5e_fix_review_stage_20261003.rs (target/debug/deps/diag_p5e_fix_review_stage_20261003-7700eb9632e471a5)
2026-10-08T04:57:17.1424356Z [1m[92m  Executable[0m tests/diag_p5e_stage_receipts_20261003.rs (target/debug/deps/diag_p5e_stage_receipts_20261003-d997f7aaffc9081e)
2026-10-08T04:57:17.1428375Z [1m[92m  Executable[0m tests/document_identity.rs (target/debug/deps/document_identity-6ab01e69e448786f)
2026-10-08T04:57:17.1431961Z [1m[92m  Executable[0m tests/mcp_dispatch_seam.rs (target/debug/deps/mcp_dispatch_seam-11e5bf0cfa08ad97)
2026-10-08T04:57:17.1436180Z [1m[92m  Executable[0m tests/p1a_retrieval.rs (target/debug/deps/p1a_retrieval-b800a16cb40d9cde)
2026-10-08T04:57:17.1439626Z [1m[92m  Executable[0m tests/p1b_retrieval.rs (target/debug/deps/p1b_retrieval-7a3efff46009232f)
2026-10-08T04:57:17.1443760Z [1m[92m  Executable[0m tests/p1b_scan_accounting.rs (target/debug/deps/p1b_scan_accounting-c2178bcfc8ebddcc)
2026-10-08T04:57:17.1450712Z [1m[92m  Executable[0m tests/p1c_contract.rs (target/debug/deps/p1c_contract-68960ddd9ab18cd6)
2026-10-08T04:57:17.1454476Z [1m[92m  Executable[0m tests/p1c_retrieval.rs (target/debug/deps/p1c_retrieval-4bdb182e37a4b352)
2026-10-08T04:57:17.1458636Z [1m[92m  Executable[0m tests/p1d_concurrency.rs (target/debug/deps/p1d_concurrency-aa92959b85963eae)
2026-10-08T04:57:17.1462343Z [1m[92m  Executable[0m tests/p1d_cost.rs (target/debug/deps/p1d_cost-73e8ebb7eb08ea50)
2026-10-08T04:57:17.1466004Z [1m[92m  Executable[0m tests/p1d_cost_probe.rs (target/debug/deps/p1d_cost_probe-6a8ffe618e345084)
2026-10-08T04:57:17.1467159Z [1m[92m  Executable[0m tests/p1d_docs.rs (target/debug/deps/p1d_docs-d629c6fbd40dfe84)
2026-10-08T04:57:17.1470959Z [1m[92m  Executable[0m tests/p2a_incremental.rs (target/debug/deps/p2a_incremental-ce5976a5a977080a)
2026-10-08T04:57:17.1474736Z [1m[92m  Executable[0m tests/p2b_incremental.rs (target/debug/deps/p2b_incremental-af9f86d9c29f0d66)
2026-10-08T04:57:17.1478841Z [1m[92m  Executable[0m tests/p2c_reconcile.rs (target/debug/deps/p2c_reconcile-34a2a8fe67af4fa3)
2026-10-08T04:57:17.1482416Z [1m[92m  Executable[0m tests/p2d_cost.rs (target/debug/deps/p2d_cost-e224338f02a63819)
2026-10-08T04:57:17.1483352Z [1m[92m  Executable[0m tests/p2d_mutations.rs (target/debug/deps/p2d_mutations-93029f803c7a4dbb)
2026-10-08T04:57:17.1486827Z [1m[92m  Executable[0m tests/p3a_cost.rs (target/debug/deps/p3a_cost-2936a2969ac58c64)
2026-10-08T04:57:17.1487821Z [1m[92m  Executable[0m tests/p3a_project_model.rs (target/debug/deps/p3a_project_model-0834e3a5fc70d358)
2026-10-08T04:57:17.1494280Z [1m[92m  Executable[0m tests/p3b_cost.rs (target/debug/deps/p3b_cost-d12d30e4e38cd688)
2026-10-08T04:57:17.1501077Z [1m[92m  Executable[0m tests/p3b_modules.rs (target/debug/deps/p3b_modules-2bc5bf3720e3095d)
2026-10-08T04:57:17.1504801Z [1m[92m  Executable[0m tests/p3c_cost.rs (target/debug/deps/p3c_cost-9c7010167c1cca1a)
2026-10-08T04:57:17.1506193Z [1m[92m  Executable[0m tests/p3c_modules.rs (target/debug/deps/p3c_modules-f35833785d752fd9)
2026-10-08T04:57:17.1511021Z [1m[92m  Executable[0m tests/p3d_cost.rs (target/debug/deps/p3d_cost-fe38ffaade4c0027)
2026-10-08T04:57:17.1514509Z [1m[92m  Executable[0m tests/p3d_modules.rs (target/debug/deps/p3d_modules-12007f3999224d50)
2026-10-08T04:57:17.1518176Z [1m[92m  Executable[0m tests/p4a_cost.rs (target/debug/deps/p4a_cost-0ae3021392947530)
2026-10-08T04:57:17.1524251Z [1m[92m  Executable[0m tests/p4a_source.rs (target/debug/deps/p4a_source-fdebac1b7418cfdd)
2026-10-08T04:57:17.1525293Z [1m[92m  Executable[0m tests/p4b_chunks.rs (target/debug/deps/p4b_chunks-fa41ce4f1f79d387)
2026-10-08T04:57:17.1531382Z [1m[92m  Executable[0m tests/p4b_cost.rs (target/debug/deps/p4b_cost-780bde4bcf35db4f)
2026-10-08T04:57:17.1540821Z [1m[92m  Executable[0m tests/p4c_cost.rs (target/debug/deps/p4c_cost-d7dbf6305cecf3c0)
2026-10-08T04:57:17.1550496Z [1m[92m  Executable[0m tests/p4c_documents.rs (target/debug/deps/p4c_documents-b1fac917fa454739)
2026-10-08T04:57:17.1564144Z [1m[92m  Executable[0m tests/p4d_cost.rs (target/debug/deps/p4d_cost-f7b83bd0236892ce)
2026-10-08T04:57:17.1576888Z [1m[92m  Executable[0m tests/p4d_quality.rs (target/debug/deps/p4d_quality-e45ef9c368658f7e)
2026-10-08T04:57:17.1584343Z [1m[92m  Executable[0m tests/p5a_boundaries.rs (target/debug/deps/p5a_boundaries-1553a969db5e1a10)
2026-10-08T04:57:17.1588252Z [1m[92m  Executable[0m tests/p5a_cost.rs (target/debug/deps/p5a_cost-7a3839878deac9da)
2026-10-08T04:57:17.1591560Z [1m[92m  Executable[0m tests/p5a_retrieval.rs (target/debug/deps/p5a_retrieval-8420f6e1de867f06)
2026-10-08T04:57:17.1597389Z [1m[92m  Executable[0m tests/p5b_cost.rs (target/debug/deps/p5b_cost-9669fd8869e7fb20)
2026-10-08T04:57:17.1601078Z [1m[92m  Executable[0m tests/p5b_execution.rs (target/debug/deps/p5b_execution-2fe22812f486b65a)
2026-10-08T04:57:17.1607883Z [1m[92m  Executable[0m tests/p5c_budget.rs (target/debug/deps/p5c_budget-e5e8db2c34f5adc9)
2026-10-08T04:57:17.1611462Z [1m[92m  Executable[0m tests/p5c_cost.rs (target/debug/deps/p5c_cost-da923048fcdb427e)
2026-10-08T04:57:17.1614688Z [1m[92m  Executable[0m tests/p5c_hydration.rs (target/debug/deps/p5c_hydration-55d612e6c5262aad)
2026-10-08T04:57:17.1620936Z [1m[92m  Executable[0m tests/p5c_selection.rs (target/debug/deps/p5c_selection-19ec65c66fa8914d)
2026-10-08T04:57:17.1624883Z [1m[92m  Executable[0m tests/p5d_contract.rs (target/debug/deps/p5d_contract-a2da400c48217a10)
2026-10-08T04:57:17.1626274Z [1m[92m  Executable[0m tests/p5d_cost.rs (target/debug/deps/p5d_cost-710220f034c89bc0)
2026-10-08T04:57:17.1630222Z [1m[92m  Executable[0m tests/p5d_runtime.rs (target/debug/deps/p5d_runtime-44f91ffeee660612)
2026-10-08T04:57:17.1633836Z [1m[92m  Executable[0m tests/p5e_ablation.rs (target/debug/deps/p5e_ablation-348b7277f92b7f68)
2026-10-08T04:57:17.1637951Z [1m[92m  Executable[0m tests/p5e_context_facets.rs (target/debug/deps/p5e_context_facets-d7767251fe253ccf)
2026-10-08T04:57:17.1641835Z [1m[92m  Executable[0m tests/p5e_graph_anchor.rs (target/debug/deps/p5e_graph_anchor-78f21ea41563ac6a)
2026-10-08T04:57:17.1642893Z [1m[92m  Executable[0m tests/p5e_identifier.rs (target/debug/deps/p5e_identifier-56b7c866afcb97d3)
2026-10-08T04:57:17.1646719Z [1m[92m  Executable[0m tests/p5e_path_domain.rs (target/debug/deps/p5e_path_domain-ff9d65466db0cd5e)
2026-10-08T04:57:17.1650240Z [1m[92m  Executable[0m tests/p5e_priority_pressure.rs (target/debug/deps/p5e_priority_pressure-bbebd60bb91f3148)
2026-10-08T04:57:17.1654461Z [1m[92m  Executable[0m tests/p7_mechanism_stdio.rs (target/debug/deps/p7_mechanism_stdio-0d9e559b424f726a)
2026-10-08T04:57:17.1658528Z [1m[92m  Executable[0m tests/p7_partial_budget.rs (target/debug/deps/p7_partial_budget-2f97859924a75457)
2026-10-08T04:57:17.1662499Z [1m[92m  Executable[0m tests/p7_strategy_ablation.rs (target/debug/deps/p7_strategy_ablation-d04bf686ce27b069)
2026-10-08T04:57:17.1663561Z [1m[92m  Executable[0m tests/p7_strategy_stdio.rs (target/debug/deps/p7_strategy_stdio-e62113a63f123c07)
2026-10-08T04:57:17.1667821Z [1m[92m  Executable[0m tests/p7_validation_work.rs (target/debug/deps/p7_validation_work-a1b1daaa056e9a8e)
2026-10-08T04:57:17.1674341Z [1m[92m  Executable[0m tests/p7_worker_contention.rs (target/debug/deps/p7_worker_contention-834ae76411e0afc2)
2026-10-08T04:57:17.1675647Z [1m[92m  Executable[0m tests/p8_load.rs (target/debug/deps/p8_load-572e842f74b0d65d)
2026-10-08T04:57:17.1679359Z [1m[92m  Executable[0m tests/p8_measurements.rs (target/debug/deps/p8_measurements-e26c0f1b4e92ca27)
2026-10-08T04:57:17.1683222Z [1m[92m  Executable[0m tests/p8_route_reload.rs (target/debug/deps/p8_route_reload-be3c472f71de4f33)
2026-10-08T04:57:17.1686905Z [1m[92m  Executable[0m tests/p8_scale.rs (target/debug/deps/p8_scale-720f27c90ee7a5e7)
2026-10-08T04:57:17.1690473Z [1m[92m  Executable[0m tests/packing_scope_v1.rs (target/debug/deps/packing_scope_v1-54b4f47b031a5b30)
2026-10-08T04:57:17.1691509Z [1m[92m  Executable[0m tests/packing_validation_work.rs (target/debug/deps/packing_validation_work-3868e234ee9e2039)
2026-10-08T04:57:17.1695556Z [1m[92m  Executable[0m tests/scale_bench.rs (target/debug/deps/scale_bench-69020dd5373885ed)
2026-10-08T04:57:17.1699324Z [1m[92m  Executable[0m tests/semantic_lifecycle.rs (target/debug/deps/semantic_lifecycle-2a685c2cac367bbd)
2026-10-08T04:57:17.1706090Z [1m[92m  Executable[0m tests/soak.rs (target/debug/deps/soak-2b76f8118a86302f)
2026-10-08T04:57:17.1712240Z [1m[92m  Executable[0m tests/v16_cache_read_soak.rs (target/debug/deps/v16_cache_read_soak-65f70337710cb7f5)
2026-10-08T04:57:17.1716162Z [1m[92m  Executable[0m tests/v16_resource_bounds.rs (target/debug/deps/v16_resource_bounds-da5c76effaa200b6)
2026-10-08T04:57:17.1717281Z [1m[92m  Executable[0m unittests src/lib.rs (target/debug/deps/cc_index-698f0b010b0c1c77)
2026-10-08T04:57:17.1722370Z [1m[92m  Executable[0m tests/independent_qname_parser_public.rs (target/debug/deps/independent_qname_parser_public-25b41bb1db412311)
2026-10-08T04:57:17.1733059Z [1m[92m  Executable[0m tests/independent_qname_repair_guard.rs (target/debug/deps/independent_qname_repair_guard-125fca7a1964ae5f)
2026-10-08T04:57:17.1736551Z [1m[92m  Executable[0m tests/p3a_project_model.rs (target/debug/deps/p3a_project_model-bbb1d16902665e63)
2026-10-08T04:57:17.1740129Z [1m[92m  Executable[0m tests/p3b_modules.rs (target/debug/deps/p3b_modules-caefb33349e06169)
2026-10-08T04:57:17.1743831Z [1m[92m  Executable[0m tests/p3c_modules.rs (target/debug/deps/p3c_modules-d440a0beac5d0bae)
2026-10-08T04:57:17.1747501Z [1m[92m  Executable[0m tests/p3d_boundaries.rs (target/debug/deps/p3d_boundaries-d6d0a6f548554320)
2026-10-08T04:57:17.1753671Z [1m[92m  Executable[0m tests/p4b_render.rs (target/debug/deps/p4b_render-d315ed8ab0e54d61)
2026-10-08T04:57:17.1757094Z [1m[92m  Executable[0m tests/p4c_identity.rs (target/debug/deps/p4c_identity-be8f7899d54ea17a)
2026-10-08T04:57:17.1777768Z [1m[92m  Executable[0m tests/python_declaration_identity.rs (target/debug/deps/python_declaration_identity-7051fa94153daf33)
2026-10-08T04:57:17.1787274Z [1m[92m  Executable[0m tests/python_identity_resource_integration.rs (target/debug/deps/python_identity_resource_integration-af34837e0bddd76d)
2026-10-08T04:57:17.1793757Z [1m[92m  Executable[0m tests/python_inventory_capture.rs (target/debug/deps/python_inventory_capture-1692d350b1390934)
2026-10-08T04:57:17.1800744Z [1m[92m  Executable[0m tests/python_inventory_resource_integration.rs (target/debug/deps/python_inventory_resource_integration-b3e07cf5f6fe6976)
2026-10-08T04:57:17.1805364Z [1m[92m  Executable[0m tests/python_inventory_revalidation.rs (target/debug/deps/python_inventory_revalidation-4e9d65d2893ad699)
2026-10-08T04:57:17.1809416Z [1m[92m  Executable[0m tests/python_provenance_independent_review.rs (target/debug/deps/python_provenance_independent_review-315d4a89acf45a1f)
2026-10-08T04:57:17.1813397Z [1m[92m  Executable[0m tests/qname_db_independent_review.rs (target/debug/deps/qname_db_independent_review-2ea22372c48ef45c)
2026-10-08T04:57:17.1819352Z [1m[92m  Executable[0m tests/qname_identity_proof.rs (target/debug/deps/qname_identity_proof-74ee1bea82df94ef)
2026-10-08T04:57:17.1822880Z [1m[92m  Executable[0m tests/qname_identity_transaction.rs (target/debug/deps/qname_identity_transaction-33968a86ffc3b618)
2026-10-08T04:57:17.1829427Z [1m[92m  Executable[0m tests/qname_owner_diagnostic.rs (target/debug/deps/qname_owner_diagnostic-018b0b57779395b0)
2026-10-08T04:57:17.1838541Z [1m[92m  Executable[0m tests/type_catalog_bench.rs (target/debug/deps/type_catalog_bench-a86d0ee3c98316fc)
2026-10-08T04:57:17.1842135Z [1m[92m  Executable[0m unittests src/lib.rs (target/debug/deps/cc_model-c8f8b063e3308028)
2026-10-08T04:57:17.1845946Z [1m[92m  Executable[0m tests/declaration_identity_independent_review.rs (target/debug/deps/declaration_identity_independent_review-9a1758d83b447939)
2026-10-08T04:57:17.1851076Z [1m[92m  Executable[0m tests/declaration_identity_resources.rs (target/debug/deps/declaration_identity_resources-e8fea8579c9bb080)
2026-10-08T04:57:17.1856740Z [1m[92m  Executable[0m tests/declaration_identity_v1.rs (target/debug/deps/declaration_identity_v1-32531ed24907fd7c)
2026-10-08T04:57:17.1862315Z [1m[92m  Executable[0m tests/declaration_resource_independent.rs (target/debug/deps/declaration_resource_independent-52f56f8f08cf995d)
2026-10-08T04:57:17.1870125Z [1m[92m  Executable[0m tests/p2b_resolution.rs (target/debug/deps/p2b_resolution-549c498d1cbb40b6)
2026-10-08T04:57:17.1873628Z [1m[92m  Executable[0m tests/p4a_source.rs (target/debug/deps/p4a_source-58bff515424c70d5)
2026-10-08T04:57:17.1877409Z [1m[92m  Executable[0m tests/provenance_compatibility.rs (target/debug/deps/provenance_compatibility-a3a18bab10491f9e)
2026-10-08T04:57:17.1880362Z [1m[92m  Executable[0m tests/public_surface_encoding.rs (target/debug/deps/public_surface_encoding-7a149e60e73da97a)
2026-10-08T04:57:17.1885114Z [1m[92m  Executable[0m unittests src/lib.rs (target/debug/deps/cc_parsers-927cb06bf5f871cb)
2026-10-08T04:57:17.1888782Z [1m[92m  Executable[0m tests/c_cpp_declarator_boundaries.rs (target/debug/deps/c_cpp_declarator_boundaries-cc208959d8477d26)
2026-10-08T04:57:17.1892705Z [1m[92m  Executable[0m tests/declaration_boundary_hints.rs (target/debug/deps/declaration_boundary_hints-10a75bab9ccaa83e)
2026-10-08T04:57:17.1894012Z [1m[92m  Executable[0m tests/independent_cpp_final_declarators.rs (target/debug/deps/independent_cpp_final_declarators-434a89611a834dae)
2026-10-08T04:57:17.1897903Z [1m[92m  Executable[0m tests/jsts_call_truth.rs (target/debug/deps/jsts_call_truth-e3200a91e82a6711)
2026-10-08T04:57:17.1901647Z [1m[92m  Executable[0m tests/p2b_go_surface.rs (target/debug/deps/p2b_go_surface-94b880e44ab91d8d)
2026-10-08T04:57:17.1905599Z [1m[92m  Executable[0m tests/p4a_source.rs (target/debug/deps/p4a_source-9faacdd26318ea1d)
2026-10-08T04:57:17.1909375Z [1m[92m  Executable[0m tests/p4b_chunks.rs (target/debug/deps/p4b_chunks-3f514421dc56c702)
2026-10-08T04:57:17.1912915Z [1m[92m  Executable[0m tests/public_surface.rs (target/debug/deps/public_surface-6dc19236562420e4)
2026-10-08T04:57:17.1913951Z [1m[92m  Executable[0m tests/public_surface_edges.rs (target/debug/deps/public_surface_edges-4d44cc94f5e14e3f)
2026-10-08T04:57:17.1918807Z [1m[92m  Executable[0m tests/python_call_truth.rs (target/debug/deps/python_call_truth-6ed480ac13d49092)
2026-10-08T04:57:17.1923420Z [1m[92m  Executable[0m tests/python_identity_adapter.rs (target/debug/deps/python_identity_adapter-3a902eefc519b6a7)
2026-10-08T04:57:17.1927633Z [1m[92m  Executable[0m tests/python_identity_independent.rs (target/debug/deps/python_identity_independent-51d5f940f8d86450)
2026-10-08T04:57:17.1931227Z [1m[92m  Executable[0m tests/python_identity_r1_independent_delta.rs (target/debug/deps/python_identity_r1_independent_delta-a588eb1a1bf70cee)
2026-10-08T04:57:17.1935372Z [1m[92m  Executable[0m tests/python_identity_trivia_r1.rs (target/debug/deps/python_identity_trivia_r1-376235c47f8c1e1d)
2026-10-08T04:57:17.1939217Z [1m[92m  Executable[0m unittests src/lib.rs (target/debug/deps/cc_search-1a299d0d374826c7)
2026-10-08T04:57:17.1942396Z [1m[92m  Executable[0m unittests src/lib.rs (target/debug/deps/cc_semantic-7c75f45da86e6a7d)
2026-10-08T04:57:17.1950484Z [1m[92m  Executable[0m tests/artifact_cache.rs (target/debug/deps/artifact_cache-c97c9386c6c183b2)
2026-10-08T04:57:17.1951530Z [1m[92m  Executable[0m tests/attempt_lease_contract.rs (target/debug/deps/attempt_lease_contract-ebdcb6a0b5606dad)
2026-10-08T04:57:17.1955410Z [1m[92m  Executable[0m tests/bounded_parallel.rs (target/debug/deps/bounded_parallel-5d2448f7608b6a1c)
2026-10-08T04:57:17.1959305Z [1m[92m  Executable[0m tests/crash_independent_review.rs (target/debug/deps/crash_independent_review-b9c6112724e3bd7a)
2026-10-08T04:57:17.1963194Z [1m[92m  Executable[0m tests/gc_concurrent_replacement.rs (target/debug/deps/gc_concurrent_replacement-a7727d6035bebf54)
2026-10-08T04:57:17.1967147Z [1m[92m  Executable[0m tests/gc_unlink_accounting.rs (target/debug/deps/gc_unlink_accounting-8311fc96459b22f4)
2026-10-08T04:57:17.1968272Z [1m[92m  Executable[0m tests/manifest_exact_integration.rs (target/debug/deps/manifest_exact_integration-af36038b9de95a81)
2026-10-08T04:57:17.1972164Z [1m[92m  Executable[0m tests/opportunistic_reclaim.rs (target/debug/deps/opportunistic_reclaim-b5ad154c6659330d)
2026-10-08T04:57:17.1976167Z [1m[92m  Executable[0m tests/p7_cache_allocation_independent_review.rs (target/debug/deps/p7_cache_allocation_independent_review-2b8a31c126e14c19)
2026-10-08T04:57:17.1980019Z [1m[92m  Executable[0m tests/p7_crash_preparation.rs (target/debug/deps/p7_crash_preparation-085701c9d0ad018a)
2026-10-08T04:57:17.1983789Z [1m[92m  Executable[0m tests/p7_staging_gc_preparation.rs (target/debug/deps/p7_staging_gc_preparation-7d8b8a628dff7d3e)
2026-10-08T04:57:17.1987855Z [1m[92m  Executable[0m tests/publish_cas.rs (target/debug/deps/publish_cas-845f9647291d3ed5)
2026-10-08T04:57:17.1988757Z [1m[92m  Executable[0m tests/query_cache.rs (target/debug/deps/query_cache-a230aa74ef61422e)
2026-10-08T04:57:17.1992013Z [1m[92m  Executable[0m tests/queue_worker.rs (target/debug/deps/queue_worker-c46bab907e070d98)
2026-10-08T04:57:17.1995780Z [1m[92m  Executable[0m tests/reconcile_rebuild.rs (target/debug/deps/reconcile_rebuild-6caa43658899617d)
2026-10-08T04:57:17.1999464Z [1m[92m  Executable[0m tests/retry_worker_layering.rs (target/debug/deps/retry_worker_layering-11f34d8bfe7615b0)
2026-10-08T04:57:17.2003136Z [1m[92m  Executable[0m tests/semantic_degrade.rs (target/debug/deps/semantic_degrade-0b88838a0f008432)
2026-10-08T04:57:17.2004270Z [1m[92m  Executable[0m tests/semantic_gc.rs (target/debug/deps/semantic_gc-794d696c71cbd403)
2026-10-08T04:57:17.2008512Z [1m[92m  Executable[0m tests/semantic_recovery.rs (target/debug/deps/semantic_recovery-e8138403f9689474)
2026-10-08T04:57:17.2012678Z [1m[92m  Executable[0m tests/space_switch.rs (target/debug/deps/space_switch-3e51c76e6f278602)
2026-10-08T04:57:17.2016396Z [1m[92m  Executable[0m tests/staging_gc_independent_review.rs (target/debug/deps/staging_gc_independent_review-52bf7b09b4d67e41)
2026-10-08T04:57:17.2020175Z [1m[92m  Executable[0m unittests src/lib.rs (target/debug/deps/cc_server-3f52e29b35ee54e4)
2026-10-08T04:57:17.2023915Z [1m[92m  Executable[0m unittests src/main.rs (target/debug/deps/codecortex-7ecc5718efd52e1a)
2026-10-08T04:57:17.2025134Z [1m[92m  Executable[0m tests/cache_key_review_behavior.rs (target/debug/deps/cache_key_review_behavior-60f1059a556fe53f)
2026-10-08T04:57:17.2029326Z [1m[92m  Executable[0m tests/graph_traversal_bench.rs (target/debug/deps/graph_traversal_bench-659c0686f7931dbd)
2026-10-08T04:57:17.2033342Z [1m[92m  Executable[0m tests/independent_qname_repair_public.rs (target/debug/deps/independent_qname_repair_public-5aff2954480d220c)
2026-10-08T04:57:17.2037324Z [1m[92m  Executable[0m tests/index_fix_pinned_handle.rs (target/debug/deps/index_fix_pinned_handle-d4e1ed5be23d79ae)
2026-10-08T04:57:17.2038327Z [1m[92m  Executable[0m tests/mcp_startup.rs (target/debug/deps/mcp_startup-189276eeb896c8cc)
2026-10-08T04:57:17.2039083Z [1m[92m  Executable[0m tests/mcp_stdio.rs (target/debug/deps/mcp_stdio-20ff4f36876386fc)
2026-10-08T04:57:17.2039944Z [1m[92m  Executable[0m tests/p7_acceptance_matrix.rs (target/debug/deps/p7_acceptance_matrix-3d4d7791e5fb2c10)
2026-10-08T04:57:17.2040930Z [1m[92m  Executable[0m tests/p7_dense_artifact_coverage.rs (target/debug/deps/p7_dense_artifact_coverage-1917a156a5ea35b4)
2026-10-08T04:57:17.2041929Z [1m[92m  Executable[0m tests/p7_gc_retention_config.rs (target/debug/deps/p7_gc_retention_config-fbf0426d9ef6a4e3)
2026-10-08T04:57:17.2043004Z [1m[92m  Executable[0m tests/p7_production_fairness_model_review.rs (target/debug/deps/p7_production_fairness_model_review-c954302965ad866b)
2026-10-08T04:57:17.2044085Z [1m[92m  Executable[0m tests/p7_query_deadline_public.rs (target/debug/deps/p7_query_deadline_public-a7f756c4581c46ba)
2026-10-08T04:57:17.2045235Z [1m[92m  Executable[0m tests/p7_query_production.rs (target/debug/deps/p7_query_production-b6c3f2a923d1aa16)
2026-10-08T04:57:17.2046243Z [1m[92m  Executable[0m tests/p7_runtime_independent_review.rs (target/debug/deps/p7_runtime_independent_review-f27fd73a5eb90a2b)
2026-10-08T04:57:17.2047425Z [1m[92m  Executable[0m tests/p7_status_snapshot_independent_review.rs (target/debug/deps/p7_status_snapshot_independent_review-f90659188fb2e463)
2026-10-08T04:57:17.2049003Z [1m[92m  Executable[0m tests/p7_v05_all_lane_scope.rs (target/debug/deps/p7_v05_all_lane_scope-5a41100500df0dd6)
2026-10-08T04:57:17.2049925Z [1m[92m  Executable[0m tests/p7_v05_scope_public.rs (target/debug/deps/p7_v05_scope_public-78b70f92a56e9a02)
2026-10-08T04:57:17.2050993Z [1m[92m  Executable[0m tests/p7_v05_v11_independent_review.rs (target/debug/deps/p7_v05_v11_independent_review-5fb9b4ee290a91bd)
2026-10-08T04:57:17.2052277Z [1m[92m  Executable[0m tests/p7_v11_cache_consumption.rs (target/debug/deps/p7_v11_cache_consumption-26e3bc8268a40f63)
2026-10-08T04:57:17.2053124Z [1m[92m  Executable[0m tests/p7_v11_cache_key_matrix.rs (target/debug/deps/p7_v11_cache_key_matrix-a5d6fe50399cb20a)
2026-10-08T04:57:17.2053949Z [1m[92m  Executable[0m tests/p7_v11_generation_public.rs (target/debug/deps/p7_v11_generation_public-8e58b79a018da23a)
2026-10-08T04:57:17.2055161Z [1m[92m  Executable[0m tests/p7_v11_ready_epoch_independent_review.rs (target/debug/deps/p7_v11_ready_epoch_independent_review-365b83c9ea9386e7)
2026-10-08T04:57:17.2056078Z [1m[92m  Executable[0m tests/p7_v16_exact_oracle.rs (target/debug/deps/p7_v16_exact_oracle-9c31431acd0dff82)
2026-10-08T04:57:17.2057096Z [1m[92m  Executable[0m tests/p7_v16_oracle_independent_review.rs (target/debug/deps/p7_v16_oracle_independent_review-bd13972b771b7b66)
2026-10-08T04:57:17.2058021Z [1m[92m  Executable[0m tests/p7_v18_fault_contract.rs (target/debug/deps/p7_v18_fault_contract-917ae87d57164b96)
2026-10-08T04:57:17.2058860Z [1m[92m  Executable[0m tests/p7_v18_parameter_contract.rs (target/debug/deps/p7_v18_parameter_contract-32c4d5f67f6f4bf2)
2026-10-08T04:57:17.2059723Z [1m[92m  Executable[0m tests/python_declaration_public.rs (target/debug/deps/python_declaration_public-db320b30048af872)
2026-10-08T04:57:17.2060595Z [1m[92m  Executable[0m tests/qname_db_independent_review.rs (target/debug/deps/qname_db_independent_review-867dfe0a6ad380b0)
2026-10-08T04:57:17.2061465Z [1m[92m  Executable[0m tests/qname_identity_lifecycle.rs (target/debug/deps/qname_identity_lifecycle-3a17616bc06c7b48)
2026-10-08T04:57:17.2062308Z [1m[92m  Executable[0m tests/qname_public_diagnostic.rs (target/debug/deps/qname_public_diagnostic-8ee118cf42223dfb)
2026-10-08T04:57:17.2063234Z [1m[92m  Executable[0m tests/v11_consumption_independent_review.rs (target/debug/deps/v11_consumption_independent_review-cdc022e2ff1d9af3)
2026-10-08T04:57:17.2484546Z ##[group]Run cargo test --workspace --all-targets --exclude cc-semantic --locked
2026-10-08T04:57:17.2485426Z [36;1mcargo test --workspace --all-targets --exclude cc-semantic --locked[0m
2026-10-08T04:57:17.2485907Z [36;1mcargo test -p cc-semantic --lib --locked[0m
2026-10-08T04:57:17.2486287Z [36;1mcargo test -p cc-semantic --locked \[0m
2026-10-08T04:57:17.2486688Z [36;1m  --test artifact_cache --test attempt_lease_contract \[0m
2026-10-08T04:57:17.2487158Z [36;1m  --test bounded_parallel --test manifest_exact_integration \[0m
2026-10-08T04:57:17.2487681Z [36;1m  --test p7_cache_allocation_independent_review --test publish_cas \[0m
2026-10-08T04:57:17.2488238Z [36;1m  --test query_cache --test queue_worker --test retry_worker_layering \[0m
2026-10-08T04:57:17.2488707Z [36;1m  --test semantic_degrade --test space_switch[0m
2026-10-08T04:57:17.3873452Z shell: /usr/bin/bash -e {0}
2026-10-08T04:57:17.3873747Z env:
2026-10-08T04:57:17.3874029Z   CARGO_TERM_COLOR: always
2026-10-08T04:57:17.3874291Z   RUSTFLAGS: -D warnings
2026-10-08T04:57:17.3874535Z   CARGO_HOME: /home/runner/.cargo
2026-10-08T04:57:17.3874796Z   CARGO_INCREMENTAL: 0
2026-10-08T04:57:17.3875217Z   CACHE_ON_FAILURE: false
2026-10-08T04:57:17.3875444Z ##[endgroup]
2026-10-08T04:57:17.8406315Z [1m[92m    Finished[0m `test` profile [unoptimized + debuginfo] target(s) in 0.42s
2026-10-08T04:57:17.9251712Z [1m[92m     Running[0m unittests src/lib.rs (target/debug/deps/cc_db-814cb268cf63c4ea)
2026-10-08T04:57:17.9271299Z 
2026-10-08T04:57:17.9273510Z running 193 tests
2026-10-08T04:57:17.9367172Z test capability_read::tests::missing_count_table_errors_are_not_zero_or_a_partial_ready_snapshot ... ok
2026-10-08T04:57:17.9368814Z test capability_read::tests::unsupported_error_and_undefined_identity_results_are_never_unmoved ... ok
2026-10-08T04:57:17.9379775Z test capability_read::tests::normal_rename_checks_the_actual_open_file_without_rebuild_or_wal ... ok
2026-10-08T04:57:17.9931373Z test capability_read::tests::unwired_read_skips_semantic_counts_and_does_not_write ... ok
2026-10-08T04:57:17.9964255Z test direct_writer::tests::direct_writer_creates_valid_db ... ok
2026-10-08T04:57:17.9992098Z test capability_read::tests::incarnation_validation_rejects_in_place_replacement_but_not_epoch_churn ... ok
2026-10-08T04:57:18.0007386Z test direct_writer::tests::direct_writer_write_fn_error_propagates ... ok
2026-10-08T04:57:18.0008815Z test direct_writer::tests::drop_index_stmts_match_create_set ... ok
2026-10-08T04:57:18.0010165Z test capability_read::tests::all_fields_keep_the_pinned_snapshot_across_a_committed_publication ... ok
2026-10-08T04:57:18.0012420Z test direct_writer::tests::extract_index_stmts ... ok
2026-10-08T04:57:18.0025545Z test direct_writer::tests::direct_writer_handles_fts_tables ... ok
2026-10-08T04:57:18.0035823Z test direct_writer::tests::split_sql_handles_comments_and_strings ... ok
2026-10-08T04:57:18.0061755Z test direct_writer::tests::sqlite_boundaries_preserve_triggers_quotes_comments_and_tail ... ok
2026-10-08T04:57:18.0066629Z test direct_writer::tests::full_schema_preserves_seed_views_triggers_and_defers_explicit_indexes ... ok
2026-10-08T04:57:18.0088760Z test direct_writer::tests::schema_and_deferred_unique_errors_propagate_without_dropping_input ... ok
2026-10-08T04:57:18.0216834Z test direct_writer::tests::direct_writer_bulk_insert_perf ... ok
2026-10-08T04:57:18.0479192Z test epoch_rules::tests::boost_http_edge_confidence_bumps_evidence_clock ... ok
2026-10-08T04:57:18.0479994Z test epoch_rules::tests::effect_set_membership_and_union_are_exact ... ok
2026-10-08T04:57:18.0637967Z test epoch_rules::tests::auxiliary_commit_advances_no_clock ... ok
2026-10-08T04:57:18.0712009Z test epoch_rules::tests::combined_index_and_semantic_commit_bumps_each_exactly_once ... ok
2026-10-08T04:57:18.0714809Z test epoch_rules::tests::lookup_covers_known_tables_and_rejects_metadata ... ok
2026-10-08T04:57:18.1131409Z test epoch_rules::tests::empty_effect_set_commits_without_touching_any_clock ... ok
2026-10-08T04:57:18.1280119Z test epoch_rules::tests::declared_clock_matches_observed_bump_for_every_table ... ok
2026-10-08T04:57:18.1284508Z test epoch_rules::tests::evidence_method_family_bumps_evidence_only ... ok
2026-10-08T04:57:18.1406308Z test epoch_rules::tests::semantic_effect_starts_the_clock_from_none_to_one ... ok
2026-10-08T04:57:18.1766194Z test epoch_rules::tests::unit_of_work_commit_bumps_index_exactly_once ... ok
2026-10-08T04:57:18.2014574Z test file_state_cache::tests::batch_delta_matches_direct_load ... ok
2026-10-08T04:57:18.2018262Z test fts::tests::camel_case_split ... ok
2026-10-08T04:57:18.2028718Z test fts::tests::expand_query ... ok
2026-10-08T04:57:18.2029652Z test fts::tests::expand_query_snake_case ... ok
2026-10-08T04:57:18.2030680Z test file_state_cache::tests::cache_hit_shares_the_same_allocation ... ok
2026-10-08T04:57:18.2042266Z test fts::tests::fts_sanitize_basic ... ok
2026-10-08T04:57:18.2103200Z test file_state_cache::tests::foreign_files_writer_invalidates_then_rewarns ... ok
2026-10-08T04:57:18.2127946Z test index_db::tests::chunk_text_encoding_reads_plain_and_zstd ... ok
2026-10-08T04:57:18.2582297Z test file_state_cache::tests::held_snapshot_is_immutable_across_batches ... ok
2026-10-08T04:57:18.3031046Z test index_db::tests::app_maintained_fts_rowids_align_with_base_tables ... ok
2026-10-08T04:57:18.3533625Z test index_db::tests::empty_file_state ... ok
2026-10-08T04:57:18.5513026Z test index_db::tests::direct_rebuild_callback_and_index_errors_leave_live_database_unchanged ... ok
2026-10-08T04:57:18.5749188Z test index_db::tests::full_rebuild_advances_both_epochs_past_previous_values ... ok
2026-10-08T04:57:18.6271271Z test index_db::tests::generation_starts_at_zero_and_index_writes_bump_index_epoch ... ok
2026-10-08T04:57:18.6349791Z test index_db::tests::http_call_cross_service_chain ... ok
2026-10-08T04:57:18.6959926Z test index_db::tests::metadata_round_trip ... ok
2026-10-08T04:57:18.6961024Z test index_db::tests::mismatch_rebuild_stress_loop ... ignored
2026-10-08T04:57:18.7002569Z test index_db::tests::batched_fts_deletes_cover_all_paths_across_chunk_boundary ... ok
2026-10-08T04:57:18.7550540Z test index_db::tests::open_creates_schema ... ok
2026-10-08T04:57:18.8070286Z test index_db::tests::read_pool_connections_reject_writes ... ok
2026-10-08T04:57:18.8348024Z test index_db::tests::precompressed_chunk_payloads_match_in_transaction_compression ... ok
2026-10-08T04:57:18.8384356Z test index_db::tests::direct_rebuild_canonical_schema_matches_normal_temp_path ... ok
2026-10-08T04:57:18.8889021Z test index_db::tests::resolver_seed_symbols_excludes_requested_files ... ok
2026-10-08T04:57:18.9148617Z test index_db::tests::replace_in_place_keeps_test_edges_removal_cascades ... ok
2026-10-08T04:57:18.9379517Z test index_db::tests::route_edge_resolution_provenance_round_trips ... ok
2026-10-08T04:57:18.9967131Z test index_db::tests::rebuild_generation_exceeds_writes_committed_during_rebuild ... ok
2026-10-08T04:57:19.0133437Z test index_db::tests::schema_mismatch_rebuild_advances_generation_past_old_values ... ok
2026-10-08T04:57:19.0392382Z test index_db::tests::test_find_symbol_safe_with_injection_string ... ok
2026-10-08T04:57:19.0553578Z test index_db::tests::test_find_symbol_safe_with_null_byte ... ok
2026-10-08T04:57:19.0769825Z test index_db::tests::test_find_symbol_safe_with_unicode_injection ... ok
2026-10-08T04:57:19.1012416Z test index_db::tests::test_find_symbol_safe_with_union_injection ... ok
2026-10-08T04:57:19.1149904Z test index_db::tests::test_metadata_safe_with_injection_key ... ok
2026-10-08T04:57:19.1402652Z test index_db_arch::tests::test_adr_crud ... ok
2026-10-08T04:57:19.1520188Z test index_db_arch::tests::test_adr_upsert_conflict ... ok
2026-10-08T04:57:19.1759581Z test index_db_arch::tests::test_architecture_entry_points ... ok
2026-10-08T04:57:19.1835508Z test index_db_arch::tests::test_architecture_languages ... ok
2026-10-08T04:57:19.1839288Z test index_db_arch::tests::test_extract_package_from_path ... ok
2026-10-08T04:57:19.2115214Z test index_db_arch::tests::test_architecture_routes ... ok
2026-10-08T04:57:19.2184564Z test index_db_edges::tests::evidence_writes_bump_only_evidence_epoch ... ok
2026-10-08T04:57:19.2495909Z test index_db_edges::tests::http_edge_match_prefers_method_then_falls_back_to_path ... ok
2026-10-08T04:57:19.2703438Z test index_db_edges::tests::full_rebuild_matches_incremental_like_semantics ... ok
2026-10-08T04:57:19.2762261Z test index_db_edges::tests::postprocess_writes_bump_index_epoch ... ok
2026-10-08T04:57:19.3074003Z test index_db_edges::tests::route_id_for_normalized_path_returns_first_match ... ok
2026-10-08T04:57:19.3102423Z test index_db_edges::tests::test_co_change_edges_roundtrip ... ok
2026-10-08T04:57:19.3400306Z test index_db_edges::tests::test_dispatch_sites_roundtrip ... ok
2026-10-08T04:57:19.3426614Z test index_db_edges::tests::test_rebuild_test_edges_for_files ... ok
2026-10-08T04:57:19.3718386Z test index_db_edges::tests::test_runtime_evidence_lifecycle ... ok
2026-10-08T04:57:19.3721736Z test index_db_edges::tests::test_stem_to_base_clean ... ok
2026-10-08T04:57:19.3752626Z test index_db_edges::tests::test_semantic_edges_roundtrip ... ok
2026-10-08T04:57:19.4114472Z test index_db_frontier::tests::test_http_calls_by_caller_uid ... ok
2026-10-08T04:57:19.4146840Z test index_db_frontier::tests::test_route_nodes_by_normalized_path ... ok
2026-10-08T04:57:19.4464653Z test index_db_frontier::tests::test_route_rows_by_path ... ok
2026-10-08T04:57:19.4627627Z test index_db_graph::tests::step_error_after_side_connection_drop_is_err_not_empty_ok ... ok
2026-10-08T04:57:19.4858044Z test index_db_graph::tests::test_caller_callee_rows ... ok
2026-10-08T04:57:19.5108393Z test index_db_graph::tests::test_caller_callee_rows_by_uids_match_single_uid_queries ... ok
2026-10-08T04:57:19.5223345Z test index_db_graph::tests::test_find_symbols_by_names_and_kinds_matches_single ... ok
2026-10-08T04:57:19.5456052Z test index_db_graph::tests::test_get_export_fingerprints_batch_matches_single ... ok
2026-10-08T04:57:19.5542744Z test index_db_graph::tests::test_get_export_fingerprints_empty_input ... ok
2026-10-08T04:57:19.5766848Z test index_db_graph::tests::test_reexport_targets_for_files ... ok
2026-10-08T04:57:19.5838934Z test index_db_graph::tests::test_reexport_targets_for_files_empty_input ... ok
2026-10-08T04:57:19.6128916Z test index_db_graph::tests::test_symbol_degree_details ... ok
2026-10-08T04:57:19.6236489Z test index_db_graph::tests::test_symbol_degree_details_batch_matches_single ... ok
2026-10-08T04:57:19.6474423Z test index_db_graph::tests::test_symbols_covering ... ok
2026-10-08T04:57:19.6566327Z test index_db_graph::tests::test_update_communities ... ok
2026-10-08T04:57:19.6812986Z test index_db_graph_read::tests::async_consumer_rows_match_topic_in_name_or_properties ... ok
2026-10-08T04:57:19.6917952Z test index_db_graph_read::tests::call_edge_provenance_counts_breakdowns ... ok
2026-10-08T04:57:19.7218932Z test index_db_graph_read::tests::callees_with_nonself_callers_excludes_self_loops ... ok
2026-10-08T04:57:19.7235535Z test index_db_graph_read::tests::child_symbol_outline_rows_ordered_by_start_line ... ok
2026-10-08T04:57:19.7533368Z test index_db_graph_read::tests::cross_file_call_file_pairs_skip_same_file_edges ... ok
2026-10-08T04:57:19.7545777Z test index_db_graph_read::tests::community_adjacency_pairs_cross_community_only ... ok
2026-10-08T04:57:19.7849525Z test index_db_graph_read::tests::dead_code_symbol_scan_applies_scope_like_filter ... ok
2026-10-08T04:57:19.7886015Z test index_db_graph_read::tests::direct_importers_exclude_self_and_respect_limit ... ok
2026-10-08T04:57:19.8235529Z test index_db_graph_read::tests::env_access_rows_filter_by_key_and_file_patterns ... ok
2026-10-08T04:57:19.8316037Z test index_db_graph_read::tests::file_import_pairs_returns_only_resolved_distinct_pairs ... ok
2026-10-08T04:57:19.8539150Z test index_db_graph_read::tests::import_witness_rows_keeps_import_string ... ok
2026-10-08T04:57:19.8636233Z test index_db_graph_read::tests::importers_of_paths_batches_into_single_query ... ok
2026-10-08T04:57:19.8900550Z test index_db_graph_read::tests::param_counts_for_uids_maps_null_to_none ... ok
2026-10-08T04:57:19.9008959Z test index_db_graph_read::tests::reverse_callers_applies_confidence_and_limit ... ok
2026-10-08T04:57:19.9245593Z test index_db_graph_read::tests::route_handler_rows_filters_by_path_substring ... ok
2026-10-08T04:57:19.9343353Z test index_db_graph_read::tests::service_binding_rows_match_nodes_routes_and_edges ... ok
2026-10-08T04:57:19.9605314Z test index_db_graph_read::tests::suggested_test_files_distinct_and_ordered ... ok
2026-10-08T04:57:19.9660851Z test index_db_graph_read::tests::symbol_kind_counts_orders_by_frequency ... ok
2026-10-08T04:57:19.9915579Z test index_db_graph_read::tests::symbol_names_for_uids_skips_missing ... ok
2026-10-08T04:57:19.9968668Z test index_db_graph_read::tests::symbol_ref_containers_for_targets_returns_uid_container_pairs ... ok
2026-10-08T04:57:20.0258884Z test index_db_graph_read::tests::symbol_source_candidates_rank_exact_before_fuzzy ... ok
2026-10-08T04:57:20.0365270Z test index_db_graph_read::tests::symbols_lite_in_files_skips_files_not_requested_and_uidless ... ok
2026-10-08T04:57:20.0573779Z test index_db_query::tests::count_table_rows_counts_and_errors_on_missing_table ... ok
2026-10-08T04:57:20.0663332Z test index_db_query::tests::read_pool_supports_explicit_read_transaction ... ok
2026-10-08T04:57:20.0888411Z test index_db_query::tests::test_file_summary ... ok
2026-10-08T04:57:20.0979889Z test index_db_query::tests::test_file_symbols ... ok
2026-10-08T04:57:20.1252111Z test index_db_query::tests::test_find_symbol_exact_and_like ... ok
2026-10-08T04:57:20.1337904Z test index_db_query::tests::test_query_json ... ok
2026-10-08T04:57:20.2736439Z test index_db_rebuild::fault_tests::failed_writer_reopen_leaves_no_writable_ghost_or_stale_read_pool ... ok
2026-10-08T04:57:21.0384286Z test index_db_rebuild::fault_tests::owned_process_kill_between_sidecar_cleanup_rename_and_reopen_preserves_database ... ok
2026-10-08T04:57:21.0388788Z test index_db_rebuild::fault_tests::rebuild_swap_child ... ignored, child entry; executed by the owning test with a private temporary database
2026-10-08T04:57:21.1616109Z test index_db_rebuild::fault_tests::writer_mutex_spans_rename_reopen_and_connection_installation ... ok
2026-10-08T04:57:21.1832133Z test index_db_retrieval::tests::chunk_rows_by_ids_empty_input ... ok
2026-10-08T04:57:21.2049945Z test index_db_retrieval::tests::chunk_rows_by_ids_fetches_batch ... ok
2026-10-08T04:57:21.2287754Z test index_db_retrieval::tests::chunk_rows_by_ids_rejects_unverified_cached_text ... ok
2026-10-08T04:57:21.2732460Z test index_db_retrieval::tests::chunk_rows_by_ids_spans_multiple_in_batches ... ok
2026-10-08T04:57:21.2952535Z test index_db_retrieval::tests::chunk_spans_for_files_groups_by_file ... ok
2026-10-08T04:57:21.3207807Z test index_db_retrieval::tests::fts_chunk_candidates_applies_scope_and_limit ... ok
2026-10-08T04:57:21.3457055Z test index_db_retrieval::tests::fts_file_summaries_applies_prefix_and_limit ... ok
2026-10-08T04:57:21.3700056Z test index_db_retrieval::tests::fts_file_summaries_empty_for_no_match ... ok
2026-10-08T04:57:21.3936620Z test index_db_retrieval::tests::fts_file_summaries_orders_by_bm25 ... ok
2026-10-08T04:57:21.4166238Z test index_db_retrieval::tests::fts_file_summaries_prefix_treats_underscore_as_literal ... ok
2026-10-08T04:57:21.4413300Z test index_db_retrieval::tests::path_token_file_hits_many_substring_match_per_token ... ok
2026-10-08T04:57:21.4650345Z test index_db_retrieval::tests::path_token_file_hits_many_treats_underscore_as_literal ... ok
2026-10-08T04:57:21.4885904Z test index_db_retrieval::tests::recent_indexed_files_newest_first ... ok
2026-10-08T04:57:21.5125157Z test index_db_retrieval::tests::scan_chunks_for_grep_recency_order_early_stop_and_prefix_escaping ... ok
2026-10-08T04:57:21.5369818Z test index_db_retrieval::tests::symbol_seed_hits_exact_first_and_skips_null_uid ... ok
2026-10-08T04:57:21.5600052Z test index_db_retrieval::tests::symbol_seed_hits_mixed_case_token_exact_first ... ok
2026-10-08T04:57:21.5836937Z test index_db_retrieval::tests::symbol_seed_hits_treats_underscore_as_literal ... ok
2026-10-08T04:57:21.6088080Z test index_db_retrieval::tests::symbol_token_hits_many_exact_name_first_per_token ... ok
2026-10-08T04:57:21.6345737Z test index_db_retrieval::tests::symbol_token_hits_many_prefixed_keeps_exact_name_first_ordering ... ok
2026-10-08T04:57:21.6588444Z test index_db_retrieval::tests::symbol_token_hits_many_treats_underscore_as_literal ... ok
2026-10-08T04:57:21.6835018Z test index_db_retrieval::tests::symbol_uids_by_exact_names_matches_only_listed_names ... ok
2026-10-08T04:57:21.6967895Z test index_migrate::tests::fresh_db_initializes_schema ... ok
2026-10-08T04:57:21.7305320Z test index_migrate::tests::legacy_parse_and_resolution_versions_require_rebuild ... ok
2026-10-08T04:57:21.7426057Z test index_migrate::tests::matching_version_returns_up_to_date ... ok
2026-10-08T04:57:21.7656974Z test index_migrate::tests::non_adjacent_versions_keep_rebuild_on_mismatch ... ok
2026-10-08T04:57:21.7773816Z test index_migrate::tests::old_version_returns_mismatch ... ok
2026-10-08T04:57:21.7781778Z test read_generation::tests::identity_and_epoch_corruption_never_become_zero_generation ... ok
2026-10-08T04:57:21.8361328Z test read_generation::tests::persisted_identity_survives_reopen_and_differs_at_equal_epochs ... ok
2026-10-08T04:57:21.9479633Z test read_generation::tests::staged_rebuild_gets_fresh_persistent_identity ... ok
2026-10-08T04:57:21.9844072Z test seed_symbol_cache::tests::batch_delta_matches_direct_load ... ok
2026-10-08T04:57:22.0108030Z test seed_symbol_cache::tests::batch_duplicate_uid_folds_like_sql ... ok
2026-10-08T04:57:22.0114817Z test seed_symbol_cache::tests::build_respects_capacity_cap ... ok
2026-10-08T04:57:22.0407155Z test seed_symbol_cache::tests::foreign_symbol_writer_invalidates_then_rewarns ... ok
2026-10-08T04:57:22.0414736Z test seed_symbol_cache::tests::materialize_orders_and_excludes ... ok
2026-10-08T04:57:22.0436287Z test seed_symbol_cache::tests::projection_strips_non_seed_fields ... ok
2026-10-08T04:57:22.0545990Z test semantic_coverage::tests::coverage_reads_are_pure_and_zero_limit_is_rejected ... ok
2026-10-08T04:57:22.0682255Z test semantic_coverage::tests::failed_counts_only_active_space_failures ... ok
2026-10-08T04:57:22.0813382Z test semantic_coverage::tests::foreign_space_rows_never_count_as_published ... ok
2026-10-08T04:57:22.0940892Z test semantic_coverage::tests::full_coverage_reports_no_gap_and_no_reason ... ok
2026-10-08T04:57:22.1071014Z test semantic_coverage::tests::partial_coverage_reports_the_gap_and_the_uncovered_list ... ok
2026-10-08T04:57:22.1205756Z test semantic_coverage::tests::stale_counts_live_tasks_lagging_the_base_manifest ... ok
2026-10-08T04:57:22.1338247Z test semantic_coverage::tests::uncovered_projects_authoritative_language_without_dropping_missing_files ... ok
2026-10-08T04:57:22.1464855Z test semantic_coverage::tests::unwired_semantic_reports_zero_coverage_without_inflating ... ok
2026-10-08T04:57:22.1591962Z test semantic_coverage::tests::zero_eligible_is_explained_by_documents_and_encoding ... ok
2026-10-08T04:57:22.1710656Z test semantic_gc_reads::tests::exact_ref_mark_is_reflexive_and_checksum_scoped ... ok
2026-10-08T04:57:22.1827869Z test semantic_gc_reads::tests::live_task_mark_covers_pending_and_claimed_but_not_terminal_states ... ok
2026-10-08T04:57:22.1962185Z test semantic_gc_reads::tests::pair_mark_holds_across_spec_and_checksum_and_spaces_are_separate ... ok
2026-10-08T04:57:22.2096961Z test semantic_manifest_reads::tests::deleted_document_cascades_out_of_the_candidate_stream ... ok
2026-10-08T04:57:22.2217203Z test semantic_manifest_reads::tests::empty_space_scans_empty_and_zero_batch_is_rejected ... ok
2026-10-08T04:57:22.2338214Z test semantic_manifest_reads::tests::published_row_reads_the_single_current_publication_whatever_space ... ok
2026-10-08T04:57:22.2469880Z test semantic_manifest_reads::tests::scan_is_keyset_paginated_and_ordered ... ok
2026-10-08T04:57:22.2598531Z test semantic_manifest_reads::tests::scan_is_space_isolated_at_the_load_layer ... ok
2026-10-08T04:57:22.2718858Z test semantic_manifest_reads::tests::scan_joins_language_and_carries_provenance_columns ... ok
2026-10-08T04:57:22.2950814Z test signature_agg::tests::empty_batch_initializes_missing_baseline ... ok
2026-10-08T04:57:22.3286305Z test signature_agg::tests::file_scoped_writers_converge ... ok
2026-10-08T04:57:22.3628228Z test signature_agg::tests::incremental_batch_add_modify_remove_converges ... ok
2026-10-08T04:57:22.3632584Z test signature_agg::tests::row_agg_add_remove_round_trips ... ok
2026-10-08T04:57:22.3636631Z test signature_agg::tests::row_agg_distinguishes_duplicate_multisets ... ok
2026-10-08T04:57:22.3640331Z test signature_agg::tests::serialize_round_trips_and_rejects_other_versions ... ok
2026-10-08T04:57:22.3953007Z test signature_agg::tests::synthetic_call_edge_lifecycle_converges ... ok
2026-10-08T04:57:22.4451032Z test signature_agg::tests::unit_of_work_synthesis_writes_converge ... ok
2026-10-08T04:57:22.4452252Z test sql_util::tests::escape_like_escapes_wildcards_and_backslash ... ok
2026-10-08T04:57:22.4520220Z test unit_of_work::tests::commit_applies_all_writes_and_bumps_epoch_once ... ok
2026-10-08T04:57:22.4800247Z test unit_of_work::tests::commit_with_evidence_bumps_evidence_only ... ok
2026-10-08T04:57:22.5085588Z test unit_of_work::tests::commit_with_index_and_semantic_bumps_both_exactly_once ... ok
2026-10-08T04:57:22.5345763Z test unit_of_work::tests::default_commit_keeps_index_only_semantics_and_semantic_absent ... ok
2026-10-08T04:57:22.5596581Z test unit_of_work::tests::drop_without_commit_rolls_back_and_leaves_epoch_untouched ... ok
2026-10-08T04:57:22.5849407Z test unit_of_work::tests::repeat_ack_without_visible_change_does_not_bump_semantic_epoch ... ok
2026-10-08T04:57:23.9470601Z test index_db::tests::live_checkpoint_busy_preserves_committed_wal_and_refuses_replacement ... ok
2026-10-08T04:57:24.1302246Z test index_db::tests::staging_checkpoint_busy_preserves_wal_and_refuses_replacement ... ok
2026-10-08T04:57:50.2755376Z test index_db_rebuild::fault_tests::failed_read_pool_reopen_leaves_no_partially_installed_writer_or_stale_reads ... ok
2026-10-08T04:57:50.2756200Z 
2026-10-08T04:57:50.2756628Z test result: ok. 191 passed; 0 failed; 2 ignored; 0 measured; 0 filtered out; finished in 32.35s
2026-10-08T04:57:50.2757220Z 
2026-10-08T04:57:50.2859892Z [1m[92m     Running[0m tests/ci_schema_guard_contract.rs (target/debug/deps/ci_schema_guard_contract-ac86f4db610f7136)
2026-10-08T04:57:50.2874706Z 
2026-10-08T04:57:50.2875223Z running 4 tests
2026-10-08T04:57:50.3494022Z test fresh_index_really_initializes_current_schema ... ok
2026-10-08T04:57:50.3746868Z test nonadjacent_versions_still_require_rebuild ... ok
2026-10-08T04:57:50.4984540Z test committed_v21_upgrade_invalidates_legacy_rows_and_incarnation ... ok
2026-10-08T04:57:50.5147786Z test committed_v24_requires_rebuild_and_invalidates_legacy_rows ... ok
2026-10-08T04:57:50.5160331Z 
2026-10-08T04:57:50.5161039Z test result: ok. 4 passed; 0 failed; 0 ignored; 0 measured; 0 filtered out; finished in 0.23s
2026-10-08T04:57:50.5161594Z 
2026-10-08T04:57:50.5167015Z [1m[92m     Running[0m tests/fts_identifier_expansion.rs (target/debug/deps/fts_identifier_expansion-31ad596a8da919c8)
2026-10-08T04:57:50.5182307Z 
2026-10-08T04:57:50.5182467Z running 13 tests
2026-10-08T04:57:50.5233877Z test full_identifier_and_all_components_are_both_useful ... ok
2026-10-08T04:57:50.5235789Z test expansion_requires_all_components_not_just_one ... ok
2026-10-08T04:57:50.5252894Z test independent_natural_words_still_have_or_semantics ... ok
2026-10-08T04:57:50.5265961Z test acronym_and_number_boundaries_preserve_every_distinct_component ... ok
2026-10-08T04:57:50.5273354Z test multiple_groups_share_one_atom_budget_without_dropping_originals ... ok
2026-10-08T04:57:50.5286644Z test one_distinct_component_never_degrades_to_generic_fragment ... ok
2026-10-08T04:57:50.5295585Z test oversized_identifier_group_is_omitted_as_a_whole ... ok
2026-10-08T04:57:50.5303730Z test original_terms_have_priority_and_an_expansion_is_never_truncated ... ok
2026-10-08T04:57:50.5323514Z test source_token_limit_is_explicit_and_does_not_claim_full_input_coverage ... ok
2026-10-08T04:57:50.5324887Z test snake_whole_preserves_phrase_and_parts_support_reordering ... ok
2026-10-08T04:57:50.5330533Z test unicode_original_terms_coexist_with_compound_all_components ... ok
2026-10-08T04:57:50.5341336Z test unknown_identifier_does_not_buy_recall_from_a_generic_fragment ... ok
2026-10-08T04:57:50.5354413Z test literal_fts_operators_and_punctuation_cannot_control_match_syntax ... ok
2026-10-08T04:57:50.5355246Z 
2026-10-08T04:57:50.5355574Z test result: ok. 13 passed; 0 failed; 0 ignored; 0 measured; 0 filtered out; finished in 0.02s
2026-10-08T04:57:50.5355915Z 
2026-10-08T04:57:50.5358970Z [1m[92m     Running[0m tests/incremental_write_bench.rs (target/debug/deps/incremental_write_bench-5e85734bee650e49)
2026-10-08T04:57:50.5376838Z 
2026-10-08T04:57:50.5377169Z running 2 tests
2026-10-08T04:57:50.5377943Z test bench_concurrent_reads_during_incremental_writes ... ignored, read-during-write micro-benchmark; run explicitly with --release
2026-10-08T04:57:50.5379379Z test bench_incremental_batch_write_10k ... ignored, write-path micro-benchmark; run explicitly with --release
2026-10-08T04:57:50.5380066Z 
2026-10-08T04:57:50.5380320Z test result: ok. 0 passed; 0 failed; 2 ignored; 0 measured; 0 filtered out; finished in 0.00s
2026-10-08T04:57:50.5380673Z 
2026-10-08T04:57:50.5383618Z [1m[92m     Running[0m tests/p2b_resolution_store.rs (target/debug/deps/p2b_resolution_store-d41376e032984943)
2026-10-08T04:57:50.5398456Z 
2026-10-08T04:57:50.5398605Z running 4 tests
2026-10-08T04:57:50.6211549Z test corrupt_payload_is_rejected ... ok
2026-10-08T04:57:50.6269940Z test dependency_manifest_roundtrip_reverse_lookup_delete_and_rollback ... ok
2026-10-08T04:57:50.6315241Z test package_aggregate_tracks_files_and_test_visibility ... ok
2026-10-08T04:57:50.7289553Z test bounded_frontier_excludes_changed_files_before_counting_and_crosses_batches ... ok
2026-10-08T04:57:50.7290092Z 
2026-10-08T04:57:50.7295958Z test result: ok. 4 passed; 0 failed; 0 ignored; 0 measured; 0 filtered out; finished in 0.19s
2026-10-08T04:57:50.7296606Z 
2026-10-08T04:57:50.7303266Z [1m[92m     Running[0m tests/p2c_freshness_store.rs (target/debug/deps/p2c_freshness_store-7710cc01dc65b85a)
2026-10-08T04:57:50.7402324Z 
2026-10-08T04:57:50.7402633Z running 4 tests
2026-10-08T04:57:50.8439661Z test failed_file_batch_never_acknowledges_or_publishes_debt ... ok
2026-10-08T04:57:50.8472161Z test stale_prepare_is_fenced_inside_the_writer_transaction ... ok
2026-10-08T04:57:50.8508745Z test invalid_frontier_fails_before_file_commit_and_bad_hash_is_not_ready ... ok
2026-10-08T04:57:50.8559185Z test debt_and_file_facts_share_epoch_and_survive_reopen ... ok
2026-10-08T04:57:50.8559602Z 
2026-10-08T04:57:50.8559867Z test result: ok. 4 passed; 0 failed; 0 ignored; 0 measured; 0 filtered out; finished in 0.12s
2026-10-08T04:57:50.8560245Z 
2026-10-08T04:57:50.8572709Z [1m[92m     Running[0m tests/p2d_dependency_cost.rs (target/debug/deps/p2d_dependency_cost-3dd574927aa83a1f)
2026-10-08T04:57:50.8589146Z 
2026-10-08T04:57:50.8589331Z running 1 test
2026-10-08T04:57:52.2292649Z test p2d_dependency_queries_bound_rows_across_unrelated_scale_and_completed_prefixes ... ok
2026-10-08T04:57:52.2305395Z 
2026-10-08T04:57:52.2306079Z test result: ok. 1 passed; 0 failed; 0 ignored; 0 measured; 0 filtered out; finished in 1.37s
2026-10-08T04:57:52.2306646Z 
2026-10-08T04:57:52.2311030Z [1m[92m     Running[0m tests/p7_configured_space_transition.rs (target/debug/deps/p7_configured_space_transition-997cee82e209e27e)
2026-10-08T04:57:52.2327534Z 
2026-10-08T04:57:52.2327719Z running 3 tests
2026-10-08T04:57:52.2919042Z test explicit_transition_registers_activates_and_records_revision_atomically ... ok
2026-10-08T04:57:52.3119113Z test retired_or_stale_incarnation_cannot_register_or_switch ... ok
2026-10-08T04:57:52.3283182Z test external_writer_wait_does_not_block_close_or_allow_late_switch ... ok
2026-10-08T04:57:52.3283570Z 
2026-10-08T04:57:52.3283840Z test result: ok. 3 passed; 0 failed; 0 ignored; 0 measured; 0 filtered out; finished in 0.09s
2026-10-08T04:57:52.3284218Z 
2026-10-08T04:57:52.3287097Z [1m[92m     Running[0m tests/public_surface_store.rs (target/debug/deps/public_surface_store-53ee8fcf6a9e9a3e)
2026-10-08T04:57:52.3303416Z 
2026-10-08T04:57:52.3303567Z running 6 tests
2026-10-08T04:57:52.4095862Z test nonempty_surface_roundtrip_canonicalizes_declaration_order ... ok
2026-10-08T04:57:52.4129609Z test a_bad_surface_rolls_back_the_whole_file_batch ... ok
2026-10-08T04:57:52.4134070Z test corrupt_fingerprint_and_new_format_fail_closed ... ok
2026-10-08T04:57:52.4626747Z test surface_roundtrip_shares_file_epoch_and_cascades_on_delete ... ok
2026-10-08T04:57:52.5669519Z test batched_surface_reads_cross_placeholder_boundary_without_losing_empty_unknown ... ok
2026-10-08T04:57:52.7048310Z test previous_schema_cannot_reuse_absent_surface_evidence ... ok
2026-10-08T04:57:52.7068230Z 
2026-10-08T04:57:52.7068873Z test result: ok. 6 passed; 0 failed; 0 ignored; 0 measured; 0 filtered out; finished in 0.37s
2026-10-08T04:57:52.7069278Z 
2026-10-08T04:57:52.7088449Z [1m[92m     Running[0m tests/resolver_bind_independent_review.rs (target/debug/deps/resolver_bind_independent_review-1662a0475c32272d)
2026-10-08T04:57:52.7103859Z 
2026-10-08T04:57:52.7104058Z running 4 tests
2026-10-08T04:57:52.7841239Z test embedded_nul_api_observation ... ok
2026-10-08T04:57:52.8207651Z test literal_set_semantics_null_safety_and_order ... ok
2026-10-08T04:57:53.6963595Z test actual_legacy_overflow_or_fixed_large_inputs ... ok
2026-10-08T04:58:12.2111396Z test fifty_thousand_file_database_real_queries ... ok
2026-10-08T04:58:12.2111844Z 
2026-10-08T04:58:12.2112270Z test result: ok. 4 passed; 0 failed; 0 ignored; 0 measured; 0 filtered out; finished in 19.50s
2026-10-08T04:58:12.2112870Z 
2026-10-08T04:58:12.2144483Z [1m[92m     Running[0m tests/resolver_seed_large_exclusion.rs (target/debug/deps/resolver_seed_large_exclusion-ce762b7d4680e000)
2026-10-08T04:58:12.2160457Z 
2026-10-08T04:58:12.2160627Z running 1 test
2026-10-08T04:58:12.3683101Z test large_exclusion_keeps_literal_order_and_escaped_paths_without_bind_overflow ... ok
2026-10-08T04:58:12.3683498Z 
2026-10-08T04:58:12.3683751Z test result: ok. 1 passed; 0 failed; 0 ignored; 0 measured; 0 filtered out; finished in 0.15s
2026-10-08T04:58:12.3684096Z 
2026-10-08T04:58:12.3693931Z [1m[92m     Running[0m tests/semantic_coverage.rs (target/debug/deps/semantic_coverage-10ff5312f2d96546)
2026-10-08T04:58:12.3709453Z 
2026-10-08T04:58:12.3709647Z running 3 tests
2026-10-08T04:58:12.4309222Z test coverage_facade_pairs_a_strict_generation_snapshot_with_publication ... ok
2026-10-08T04:58:12.4366124Z test unwired_facade_reports_honest_zero_and_none_epoch ... ok
2026-10-08T04:58:12.4405181Z test primitive_counts_agree_with_facade_on_a_stable_database ... ok
2026-10-08T04:58:12.4405749Z 
2026-10-08T04:58:12.4406119Z test result: ok. 3 passed; 0 failed; 0 ignored; 0 measured; 0 filtered out; finished in 0.07s
2026-10-08T04:58:12.4406761Z 
2026-10-08T04:58:12.4417218Z [1m[92m     Running[0m tests/semantic_lease.rs (target/debug/deps/semantic_lease-f76225eec0c64550)
2026-10-08T04:58:12.4508388Z 
2026-10-08T04:58:12.4508620Z running 9 tests
2026-10-08T04:58:12.5095750Z test claim_skips_future_and_serves_oldest_with_identity ... ok
2026-10-08T04:58:12.5101674Z test fresh_token_per_attempt_and_old_token_dead_on_retry ... ok
2026-10-08T04:58:12.5106371Z test expired_lease_reclaimed_then_old_owner_fenced_out ... ok
2026-10-08T04:58:12.5426489Z test heartbeat_renews_and_lost_lease_heartbeats_fail ... ok
2026-10-08T04:58:12.5427261Z test retry_exhaustion_dead_letters_to_failed ... ok
2026-10-08T04:58:12.5767148Z test superseded_task_unclaimable_and_unackable ... ok
2026-10-08T04:58:12.5790096Z test wrong_token_and_owner_mismatch_are_fenced ... ok
2026-10-08T04:58:12.5942948Z test lease_lifecycle_is_auxiliary_zero_epoch_bumps ... ok
2026-10-08T04:58:12.6267788Z test concurrent_claim_exactly_one_winner ... ok
2026-10-08T04:58:12.6268233Z 
2026-10-08T04:58:12.6268678Z test result: ok. 9 passed; 0 failed; 0 ignored; 0 measured; 0 filtered out; finished in 0.18s
2026-10-08T04:58:12.6269285Z 
2026-10-08T04:58:12.6279324Z [1m[92m     Running[0m tests/semantic_outbox.rs (target/debug/deps/semantic_outbox-4c07976e5d2c8ca6)
2026-10-08T04:58:12.6295262Z 
2026-10-08T04:58:12.6295409Z running 20 tests
2026-10-08T04:58:12.6661096Z test duplicate_live_upsert_conflicts_fail_stop ... ok
2026-10-08T04:58:12.7131531Z test failed_batch_rolls_back_no_half_task ... ok
2026-10-08T04:58:12.7323631Z test file_removal_revokes_manifest_and_supersedes_without_embed ... ok
2026-10-08T04:58:12.7492365Z test guarded_fifo_matches_original_cas_through_retry_and_clock_boundaries ... ok
2026-10-08T04:58:12.7815856Z test incremental_batch_with_active_space_enqueues_embed_and_bumps_semantic_once ... ok
2026-10-08T04:58:12.7890249Z test no_active_space_is_a_full_noop ... ok
2026-10-08T04:58:12.7979600Z test incremental_batch_without_active_space_keeps_default_behavior ... ok
2026-10-08T04:58:12.8139907Z test ready_query_filters_and_orders ... ok
2026-10-08T04:58:12.8224394Z test ready_query_uses_the_ready_index ... ok
2026-10-08T04:58:12.8443912Z test removals_revoke_manifest_and_supersede_without_embed ... ok
2026-10-08T04:58:12.8756070Z test fifo_physical_index_preserves_existing_current_logical_data ... ok
2026-10-08T04:58:12.8953750Z test remove_files_batch_supersedes_without_embed ... ok
2026-10-08T04:58:12.9099766Z test rewritten_doc_keeps_exactly_one_live_embed ... ok
2026-10-08T04:58:12.9106037Z test state_transition_table_is_exact ... ok
2026-10-08T04:58:12.9220760Z test replace_files_batch_enqueues_embed_with_semantic_effect ... ok
2026-10-08T04:58:12.9377714Z test rollback_leaves_no_outbox_or_manifest_trace ... ok
2026-10-08T04:58:12.9460973Z test transition_guards_in_database ... ok
2026-10-08T04:58:12.9534149Z test two_active_spaces_fail_stop ... ok
2026-10-08T04:58:12.9605675Z test upsert_supersedes_old_and_enqueues_one_pending_embed ... ok
2026-10-08T04:58:13.0925739Z test original_and_guarded_fifo_have_identical_normal_cas_competition ... ok
2026-10-08T04:58:13.0926114Z 
2026-10-08T04:58:13.0926373Z test result: ok. 20 passed; 0 failed; 0 ignored; 0 measured; 0 filtered out; finished in 0.46s
2026-10-08T04:58:13.0926728Z 
2026-10-08T04:58:13.0938483Z [1m[92m     Running[0m tests/semantic_publish.rs (target/debug/deps/semantic_publish-8e2be8a409778aa9)
2026-10-08T04:58:13.0954585Z 
2026-10-08T04:58:13.0954790Z running 11 tests
2026-10-08T04:58:13.1425701Z test expired_reclaimed_lease_fences_the_old_publish ... ok
2026-10-08T04:58:13.1431404Z test deleted_document_is_fenced_out ... ok
2026-10-08T04:58:13.1774067Z test facade_rejection_commits_retry_without_any_epoch_bump ... ok
2026-10-08T04:58:13.1817831Z test duplicate_ack_of_identical_content_acks_without_bumping ... ok
2026-10-08T04:58:13.1991978Z test lost_lease_is_fenced_out_without_touching_anything ... ok
2026-10-08T04:58:13.2231777Z test non_active_space_is_fenced_out ... ok
2026-10-08T04:58:13.2437568Z test input_digest_mismatch_is_fenced_out ... ok
2026-10-08T04:58:13.2447844Z test rejection_retries_with_backoff_then_dead_letters_on_exhaustion ... ok
2026-10-08T04:58:13.2511680Z test publish_cas_happy_path_bumps_semantic_exactly_once ... ok
2026-10-08T04:58:13.2618922Z test stale_doc_version_cannot_attach_to_a_newer_document ... ok
2026-10-08T04:58:13.2668819Z test stale_incarnation_is_fenced_out ... ok
2026-10-08T04:58:13.2669214Z 
2026-10-08T04:58:13.2669674Z test result: ok. 11 passed; 0 failed; 0 ignored; 0 measured; 0 filtered out; finished in 0.17s
2026-10-08T04:58:13.2670182Z 
2026-10-08T04:58:13.2681399Z [1m[92m     Running[0m tests/semantic_queue.rs (target/debug/deps/semantic_queue-ce951f168ab14fdf)
2026-10-08T04:58:13.2762533Z 
2026-10-08T04:58:13.2762733Z running 3 tests
2026-10-08T04:58:13.3480715Z test facade_claim_renew_and_retry_keep_the_fenced_semantics ... ok
2026-10-08T04:58:13.3496397Z test facade_reclaim_returns_only_expired_leases_to_pending ... ok
2026-10-08T04:58:13.3730367Z test claim_fairness_doc_rotation_serves_the_least_recently_touched_doc_first ... ok
2026-10-08T04:58:13.3731003Z 
2026-10-08T04:58:13.3731447Z test result: ok. 3 passed; 0 failed; 0 ignored; 0 measured; 0 filtered out; finished in 0.10s
2026-10-08T04:58:13.3732059Z 
2026-10-08T04:58:13.3740258Z [1m[92m     Running[0m tests/semantic_rebuild.rs (target/debug/deps/semantic_rebuild-f82e8bbc28e9aaa4)
2026-10-08T04:58:13.3756789Z 
2026-10-08T04:58:13.3756945Z running 3 tests
2026-10-08T04:58:13.4389240Z test enqueue_semantic_rebuild_plan_requeues_desired_set_and_bumps_semantic_once_per_change ... ok
2026-10-08T04:58:13.5590331Z test rebuild_epoch_vector_advances_and_semantic_epoch_starts_absent ... ok
2026-10-08T04:58:13.5693843Z test pre_swap_process_is_fenced_out_of_publish_and_claim_after_the_swap ... ok
2026-10-08T04:58:13.5694533Z 
2026-10-08T04:58:13.5695427Z test result: ok. 3 passed; 0 failed; 0 ignored; 0 measured; 0 filtered out; finished in 0.19s
2026-10-08T04:58:13.5695820Z 
2026-10-08T04:58:13.5707368Z [1m[92m     Running[0m tests/semantic_recovery.rs (target/debug/deps/semantic_recovery-c7b465f9231445c2)
2026-10-08T04:58:13.5722848Z 
2026-10-08T04:58:13.5723046Z running 4 tests
2026-10-08T04:58:13.6548160Z test hand_back_primitive_fences_and_never_consumes_an_attempt ... ok
2026-10-08T04:58:13.6556045Z test dead_letter_census_counts_only_the_active_space_failures ... ok
2026-10-08T04:58:13.6580840Z test bounded_reclaim_pages_through_expired_leases_and_reports_exhaustion ... ok
2026-10-08T04:58:13.6598669Z test desired_set_bounded_keyset_pagination_matches_the_unbounded_projection ... ok
2026-10-08T04:58:13.6599408Z 
2026-10-08T04:58:13.6599887Z test result: ok. 4 passed; 0 failed; 0 ignored; 0 measured; 0 filtered out; finished in 0.09s
2026-10-08T04:58:13.6612073Z 
2026-10-08T04:58:13.6616837Z [1m[92m     Running[0m tests/semantic_schema.rs (target/debug/deps/semantic_schema-9317f12b9695f07e)
2026-10-08T04:58:13.6631849Z 
2026-10-08T04:58:13.6631992Z running 6 tests
2026-10-08T04:58:13.7116757Z test semantic_outbox_op_and_state_domains_are_typed ... ok
2026-10-08T04:58:13.7121082Z test semantic_manifest_pk_fk_and_cascade ... ok
2026-10-08T04:58:13.7129813Z test fresh_database_carries_semantic_tables_at_current_version ... ok
2026-10-08T04:58:13.7135880Z test semantic_outbox_at_most_one_live_task_per_doc_and_space ... ok
2026-10-08T04:58:13.7277966Z test semantic_spaces_state_domain_and_active_read_pattern ... ok
2026-10-08T04:58:13.8406993Z test v21_file_database_requires_reindex ... ok
2026-10-08T04:58:13.8407462Z 
2026-10-08T04:58:13.8407912Z test result: ok. 6 passed; 0 failed; 0 ignored; 0 measured; 0 filtered out; finished in 0.18s
2026-10-08T04:58:13.8408313Z 
2026-10-08T04:58:13.8415540Z [1m[92m     Running[0m tests/semantic_space_switch.rs (target/debug/deps/semantic_space_switch-03ea49a06d0df2ab)
2026-10-08T04:58:13.8501378Z 
2026-10-08T04:58:13.8501604Z running 10 tests
2026-10-08T04:58:13.9025884Z test first_activation_has_no_previous_active_and_no_epoch_bump ... ok
2026-10-08T04:58:13.9069169Z test re_switch_of_a_revoked_space_supersedes_stale_live_revokes_before_reenqueue ... ok
2026-10-08T04:58:13.9372209Z test consume_revoke_never_touches_another_space_row_and_loses_to_stale_token ... ok
2026-10-08T04:58:13.9374518Z test space_transition_table_admits_exactly_the_three_edges ... ok
2026-10-08T04:58:13.9380733Z test consume_revoke_deletes_own_space_row_and_bumps_exactly_on_change ... ok
2026-10-08T04:58:13.9451663Z test register_inserts_backfilling_and_refuses_any_existing_row ... ok
2026-10-08T04:58:13.9783496Z test switch_appends_pinned_false_audit_event_to_metadata_log ... ok
2026-10-08T04:58:13.9787314Z test switch_requires_known_space_and_legal_target_state ... ok
2026-10-08T04:58:13.9836053Z test space_switch_facades_end_to_end_epoch_and_states ... ok
2026-10-08T04:58:13.9842443Z test switch_revokes_old_activates_new_and_produces_revoke_tasks ... ok
2026-10-08T04:58:13.9843300Z 
2026-10-08T04:58:13.9843757Z test result: ok. 10 passed; 0 failed; 0 ignored; 0 measured; 0 filtered out; finished in 0.13s
2026-10-08T04:58:13.9844156Z 
2026-10-08T04:58:13.9854526Z [1m[92m     Running[0m tests/test_edge_empty_population.rs (target/debug/deps/test_edge_empty_population-c2fe127989fd8629)
2026-10-08T04:58:13.9870904Z 
2026-10-08T04:58:13.9871058Z running 4 tests
2026-10-08T04:58:14.0590695Z test malformed_flag_keeps_existing_error_and_transaction_rollback ... ok
2026-10-08T04:58:14.0655643Z test a_real_test_file_retains_both_incremental_branches ... ok
2026-10-08T04:58:14.0670639Z test no_tests_preserves_scoped_deletion_and_single_epoch_commit ... ok
2026-10-08T04:58:20.4489549Z test fifty_thousand_non_test_additions_have_no_edges_and_one_commit ... ok
2026-10-08T04:58:20.4490062Z 
2026-10-08T04:58:20.4490348Z test result: ok. 4 passed; 0 failed; 0 ignored; 0 measured; 0 filtered out; finished in 6.46s
2026-10-08T04:58:20.4490759Z 
2026-10-08T04:58:20.4504325Z [1m[92m     Running[0m unittests src/lib.rs (target/debug/deps/cc_eval-85fe4fb03e12e1f1)
2026-10-08T04:58:20.4529595Z 
2026-10-08T04:58:20.4529855Z running 54 tests
2026-10-08T04:58:20.4546414Z test benchmark::ablation::mechanism::tests::absent_duplicate_and_unexpected_receipts_cannot_prove_isolation ... ok
2026-10-08T04:58:20.4547940Z test benchmark::ablation::mechanism::tests::fixed_controls_match_current_product_source_once ... ok
2026-10-08T04:58:20.4549022Z test benchmark::ablation::mechanism::tests::public_semantic_with_local_lanes_cannot_masquerade_as_dense_only ... ok
2026-10-08T04:58:20.4880033Z test benchmark::ablation::tests::binary_and_compiler_drift_cannot_be_compared ... ok
2026-10-08T04:58:20.4882046Z test benchmark::ablation::tests::identical_options_except_target_dir_pass_with_positional_metrics ... ok
2026-10-08T04:58:20.4902964Z test benchmark::ablation::tests::exact_source_controls_reject_undeclared_edits_and_files ... ok
2026-10-08T04:58:20.4925907Z test benchmark::ablation::tests::matrix_requires_every_cell_and_unique_factor_paths ... ok
2026-10-08T04:58:20.4936107Z test benchmark::ablation::tests::malformed_plan_and_hints_fail_closed ... ok
2026-10-08T04:58:20.4937381Z test benchmark::ablation::tests::missing_target_dir_is_rejected ... ok
2026-10-08T04:58:20.4976265Z test benchmark::ablation::tests::rustc_version_drift_is_rejected_by_semantic_projection ... ok
2026-10-08T04:58:20.4992697Z test benchmark::ablation::tests::rustflags_drift_is_rejected_by_semantic_projection ... ok
2026-10-08T04:58:20.5008027Z test benchmark::ablation::tests::unknown_build_option_key_fails_closed ... ok
2026-10-08T04:58:20.5009099Z test benchmark::ablation::tests::shared_target_dir_across_cells_is_rejected ... ok
2026-10-08T04:58:20.5041429Z test benchmark::ablation::tests::profile_features_jobs_binding_drift_is_rejected ... ok
2026-10-08T04:58:20.5106925Z test benchmark::p8_load::artifact_budget_tests::contended_reservations_never_exceed_limit_or_lose_successes ... ok
2026-10-08T04:58:20.5127717Z test benchmark::p8_load::artifact_budget_tests::rejected_reservations_preserve_the_counter_at_limit_and_overflow_boundaries ... ok
2026-10-08T04:58:20.5129420Z test benchmark::p8_load::artifact_budget_tests::reservation_preserves_counter_on_overflow_or_budget_exhaustion ... ok
2026-10-08T04:58:20.5131018Z test benchmark::p8_load::artifact_budget_tests::concurrent_reservations_fill_only_whole_reservations_within_the_budget ... ok
2026-10-08T04:58:20.5132483Z test benchmark::p8_load::stderr_tests::stderr_write_failure_is_visible_and_input_is_still_drained ... ok
2026-10-08T04:58:20.5133801Z test benchmark::sampler::process_probe_tests::cpu_tick_conversion_is_checked_and_preserves_units ... ok
2026-10-08T04:58:20.5157071Z test benchmark::p8_load::stderr_tests::stderr_drain_retains_only_the_bounded_prefix_and_accounts_for_suffix ... ok
2026-10-08T04:58:20.5158900Z test benchmark::sampler::process_probe_tests::linux::invalid_units_and_rss_overflow_are_unavailable_cpu_overflow_stays_raw ... ok
2026-10-08T04:58:20.5163218Z test benchmark::ablation::tests::unknown_projection_kind_or_version_is_rejected ... ok
2026-10-08T04:58:20.5171393Z test benchmark::sampler::process_probe_tests::linux::malformed_dead_or_mismatched_process_is_unavailable ... ok
2026-10-08T04:58:20.5186310Z test benchmark::sampler::process_probe_tests::linux::proc_stat_handles_parentheses_whitespace_and_documented_units ... ok
2026-10-08T04:58:20.5196606Z test benchmark::sampler::process_probe_tests::linux::disabled_probe_is_unavailable_in_an_isolated_process ... ok
2026-10-08T04:58:20.5206669Z test benchmark::ablation::tests::consistently_missing_required_semantic_key_is_rejected ... ok
2026-10-08T04:58:20.5385480Z test benchmark::sampler::process_probe_tests::unresponsive_optional_probe_cannot_block_or_accumulate_workers ... ok
2026-10-08T04:58:20.5445971Z test benchmark::sampler::process_probe_tests::stalled_resource_probe_is_unavailable_not_zero_or_infinite_wait ... ok
2026-10-08T04:58:20.5486208Z test benchmark::sampler::process_probe_tests::self_usage_has_direct_identity_and_monotonic_cpu_without_procfs_lookup ... ok
2026-10-08T04:58:20.5487311Z test tests::assertion_array_contains_item ... ok
2026-10-08T04:58:20.5487879Z test tests::assertion_check_field_equals ... ok
2026-10-08T04:58:20.5488432Z test tests::assertion_check_field_exists ... ok
2026-10-08T04:58:20.5488978Z test tests::assertion_check_min_results ... ok
2026-10-08T04:58:20.5489585Z test tests::assertion_check_output_contains ... ok
2026-10-08T04:58:20.5490152Z test tests::assertion_expected_error_fail ... ok
2026-10-08T04:58:20.5490702Z test tests::assertion_expected_error_pass ... ok
2026-10-08T04:58:20.5491406Z test tests::assertion_expected_symbols_enforces_recall_threshold ... ok
2026-10-08T04:58:20.5545652Z test tests::assertion_field_matches_regex ... ok
2026-10-08T04:58:20.5546578Z test tests::assertion_negate ... ok
2026-10-08T04:58:20.5568765Z test tests::assertion_output_not_contains ... ok
2026-10-08T04:58:20.5590904Z test tests::bench_incremental_dirty_closure ... ignored, measures dirty-closure incremental rebuild latency; run explicitly
2026-10-08T04:58:20.5607032Z test tests::bench_incremental_noop ... ignored, measures incremental no-op rebuild latency; run explicitly
2026-10-08T04:58:20.5626300Z test tests::bench_incremental_single_file ... ignored, measures single-file incremental rebuild latency; run explicitly
2026-10-08T04:58:20.5634578Z test synth::tests::synth_ground_truth_facts_match_emitted_content ... ok
2026-10-08T04:58:20.5636964Z test tests::benchmark_incremental_index_report_correctness ... ignored, benchmarks incremental indexing report counters; run explicitly
2026-10-08T04:58:20.5638936Z test tests::benchmark_real_workspace ... ignored, benchmarks the real workspace copy; run explicitly
2026-10-08T04:58:20.5640368Z test tests::corpus_load_new_format ... ok
2026-10-08T04:58:20.5641704Z test tests::incremental_latency_summary_computation ... ok
2026-10-08T04:58:20.5755372Z test synth::tests::synth_generation_is_deterministic ... ok
2026-10-08T04:58:20.5758327Z test tests::report_summary_computation ... ok
2026-10-08T04:58:20.5767896Z test benchmark::sampler::process_probe_tests::linux::live_child_snapshot_is_attributed_monotonic_and_disappears ... ok
2026-10-08T04:58:23.6174528Z test tests::integration_fixtures_and_corpus ... ok
2026-10-08T04:58:30.1244159Z test tests::benchmark_fixture ... ok
2026-10-08T04:58:30.1244831Z 
2026-10-08T04:58:30.1258519Z test result: ok. 49 passed; 0 failed; 5 ignored; 0 measured; 0 filtered out; finished in 9.67s
2026-10-08T04:58:30.1259187Z 
2026-10-08T04:58:30.1422217Z [1m[92m     Running[0m unittests src/bin/cc-eval.rs (target/debug/deps/cc_eval-4d7a46be45140464)
2026-10-08T04:58:30.1438812Z 
2026-10-08T04:58:30.1439148Z running 0 tests
2026-10-08T04:58:30.1439463Z 
2026-10-08T04:58:30.1440073Z test result: ok. 0 passed; 0 failed; 0 ignored; 0 measured; 0 filtered out; finished in 0.00s
2026-10-08T04:58:30.1440804Z 
2026-10-08T04:58:30.1442352Z [1m[92m     Running[0m unittests src/bin/cc-eval-p8-load.rs (target/debug/deps/cc_eval_p8_load-2df9cf791f2a6148)
2026-10-08T04:58:30.1498102Z 
2026-10-08T04:58:30.1498466Z running 0 tests
2026-10-08T04:58:30.1498999Z 
2026-10-08T04:58:30.1499836Z test result: ok. 0 passed; 0 failed; 0 ignored; 0 measured; 0 filtered out; finished in 0.00s
2026-10-08T04:58:30.1500429Z 
2026-10-08T04:58:30.1502748Z [1m[92m     Running[0m unittests src/bin/p8-scale.rs (target/debug/deps/p8_scale-c96d332e665e88a5)
2026-10-08T04:58:30.1554444Z 
2026-10-08T04:58:30.1554714Z running 0 tests
2026-10-08T04:58:30.1555464Z 
2026-10-08T04:58:30.1556168Z test result: ok. 0 passed; 0 failed; 0 ignored; 0 measured; 0 filtered out; finished in 0.00s
2026-10-08T04:58:30.1557035Z 
2026-10-08T04:58:30.1558214Z [1m[92m     Running[0m tests/benchmark_adapters.rs (target/debug/deps/benchmark_adapters-eecb5512791c6064)
2026-10-08T04:58:30.1575391Z 
2026-10-08T04:58:30.1575550Z running 11 tests
2026-10-08T04:58:30.1587688Z test p7_offline::real_stdio_default_disabled_semantic_contract ... ignored, explicit default/semantic product binary; run with --include-ignored, optionally under verified per-process network denial
2026-10-08T04:58:30.1598979Z test p7_offline::build_receipt_rejects_identity_feature_and_binary_mismatch ... ok
2026-10-08T04:58:30.1630837Z test p7_procfs::tests::missing_proc_or_child_is_not_an_isolation_pass ... ok
2026-10-08T04:58:30.1632152Z test p7_procfs::tests::namespace_child_resolves_to_host_proc_pid ... ok
2026-10-08T04:58:30.1633221Z test p7_procfs::tests::same_namespace_proc_mount_is_supported ... ok
2026-10-08T04:58:30.1634362Z test p7_procfs::tests::unrelated_numeric_pid_cannot_supply_security_evidence ... ok
2026-10-08T04:58:30.1635878Z test p7_procfs::tests::wrong_observer_and_ambiguous_child_are_rejected ... ok
2026-10-08T04:58:30.1637454Z test real_stdio_index_search_scope_and_tool_error ... ignored, requires CODECORTEX_BENCH_BINARY pointing at an explicitly built product
2026-10-08T04:58:30.1639019Z test p7_procfs::tests::wrong_namespace_or_parent_is_rejected ... ok
2026-10-08T04:58:30.1640413Z test exited_child_is_protocol_error_not_empty_search ... ok
2026-10-08T04:58:30.1746900Z test p7_procfs::tests::actual_sleep_child_has_bound_proc_identity ... ok
2026-10-08T04:58:30.1747537Z 
2026-10-08T04:58:30.1748143Z test result: ok. 9 passed; 0 failed; 2 ignored; 0 measured; 0 filtered out; finished in 0.02s
2026-10-08T04:58:30.1748794Z 
2026-10-08T04:58:30.1751705Z [1m[92m     Running[0m tests/benchmark_cli.rs (target/debug/deps/benchmark_cli-5ec56df3e2d4d772)
2026-10-08T04:58:30.1764478Z 
2026-10-08T04:58:30.1764850Z running 6 tests
2026-10-08T04:58:30.2313635Z test cli_bad_policy_is_recorded_without_overwriting_existing_report ... ok
2026-10-08T04:58:30.2757291Z test unmeasurable_latency_cannot_pass_comparison ... ok
2026-10-08T04:58:30.2760014Z test zero_measurement_gate_is_invalid ... ok
2026-10-08T04:58:30.2781976Z test cli_lock_failure_preserves_machine_readable_failure_and_raw ... ok
2026-10-08T04:58:30.2823499Z test cli_inconclusive_is_nonzero ... ok
2026-10-08T04:58:30.3180415Z test cli_quality_and_latency_failures_are_nonzero_and_keep_raw ... ok
2026-10-08T04:58:30.3181076Z 
2026-10-08T04:58:30.3181583Z test result: ok. 6 passed; 0 failed; 0 ignored; 0 measured; 0 filtered out; finished in 0.14s
2026-10-08T04:58:30.3182245Z 
2026-10-08T04:58:30.3185608Z [1m[92m     Running[0m tests/benchmark_defects.rs (target/debug/deps/benchmark_defects-43864080f77b2374)
2026-10-08T04:58:30.3207378Z 
2026-10-08T04:58:30.3207969Z running 4 tests
2026-10-08T04:58:30.3223017Z test source_fixtures_are_real_utf8_not_placeholder_references ... ok
2026-10-08T04:58:30.4021657Z test observe_bm25_mapping_against_actual_preselect ... ok
2026-10-08T04:58:30.5817139Z test canonical_oracle_preserves_target_identity_and_strategy ... ok
2026-10-08T04:58:30.5890429Z test observe_soft_hints_excluding_actual_symbol ... ok
2026-10-08T04:58:30.5890907Z 
2026-10-08T04:58:30.5891511Z test result: ok. 4 passed; 0 failed; 0 ignored; 0 measured; 0 filtered out; finished in 0.27s
2026-10-08T04:58:30.5891994Z 
2026-10-08T04:58:30.5916931Z [1m[92m     Running[0m tests/benchmark_lock.rs (target/debug/deps/benchmark_lock-04ab308160e3f752)
2026-10-08T04:58:30.5931756Z 
2026-10-08T04:58:30.5931920Z running 10 tests
2026-10-08T04:58:30.5956243Z test external_import_count_alias_and_annotation_contract ... ok
2026-10-08T04:58:30.5957119Z test changed_source_after_validation_rejected ... ok
2026-10-08T04:58:30.5969670Z test changed_question_rejected ... ok
2026-10-08T04:58:30.5970417Z test duplicate_admitted_file_rejected ... ok
2026-10-08T04:58:30.5979279Z test lfs_pointer_is_not_source ... ok
2026-10-08T04:58:30.5980114Z test same_filename_changed_content_rejected ... ok
2026-10-08T04:58:30.5988942Z test snapshot_lock_and_copy_keep_original_unchanged ... ok
2026-10-08T04:58:30.5996156Z test symlink_source_is_not_admitted ... ok
2026-10-08T04:58:30.6007597Z test unknown_schema_and_fields_rejected ... ok
2026-10-08T04:58:30.6700709Z test git_lock_rejects_dirty_even_with_same_head ... ok
2026-10-08T04:58:30.6701185Z 
2026-10-08T04:58:30.6701842Z test result: ok. 10 passed; 0 failed; 0 ignored; 0 measured; 0 filtered out; finished in 0.08s
2026-10-08T04:58:30.6702545Z 
2026-10-08T04:58:30.6704050Z [1m[92m     Running[0m tests/benchmark_reports.rs (target/debug/deps/benchmark_reports-38fe424e3c5b8fa3)
2026-10-08T04:58:30.6718092Z 
2026-10-08T04:58:30.6718401Z running 11 tests
2026-10-08T04:58:30.6818453Z report-test: 1 queries, 1 admitted files, locks valid
2026-10-08T04:58:30.6825734Z test cancelled_factorial_child_is_not_left_green ... ok
2026-10-08T04:58:30.6851965Z test cancelled_run_is_never_green ... ok
2026-10-08T04:58:30.6883207Z report-test: 1 queries, 1 admitted files, locks valid
2026-10-08T04:58:30.6884035Z /tmp/.tmpABogUK/missing.json: I/O: No such file or directory (os error 2)
2026-10-08T04:58:30.6979597Z invalid benchmark input: source or query content lock drift
2026-10-08T04:58:30.6993083Z test raw_and_normalized_drift_are_rejected ... ok
2026-10-08T04:58:30.6994119Z test cli_single_and_suite_validate_lock_before_run ... ok
2026-10-08T04:58:30.7068698Z test readiness_failure_keeps_missing_measurements_in_gate ... ok
2026-10-08T04:58:30.7076290Z test raw_replay_reconstructs_costs_without_inventing_missing_measurements ... ok
2026-10-08T04:58:30.7078093Z test slices_use_question_means_not_repetition_counts ... ok
2026-10-08T04:58:30.7107288Z test raw_replay_reconstructs_identical_metrics ... ok
2026-10-08T04:58:30.7152121Z test wrong_source_text_fails_hard_gate ... ok
2026-10-08T04:58:30.7238213Z test small_sample_comparison_is_inconclusive ... ok
2026-10-08T04:58:30.7683187Z test malformed_response_is_invalid_not_zero_hit_success ... ok
2026-10-08T04:58:30.7683526Z 
2026-10-08T04:58:30.7683781Z test result: ok. 11 passed; 0 failed; 0 ignored; 0 measured; 0 filtered out; finished in 0.10s
2026-10-08T04:58:30.7684138Z 
2026-10-08T04:58:30.7688973Z [1m[92m     Running[0m tests/benchmark_scoring.rs (target/debug/deps/benchmark_scoring-47155f2116912558)
2026-10-08T04:58:30.7701889Z 
2026-10-08T04:58:30.7702092Z running 21 tests
2026-10-08T04:58:30.7706142Z test compatibility_glob_can_match_nested_path ... ok
2026-10-08T04:58:30.7709700Z test compatibility_is_linear_gain ... ok
2026-10-08T04:58:30.7710591Z test compatibility_repeated_path_does_not_spend_rank ... ok
2026-10-08T04:58:30.7711599Z test compatibility_supporting_is_top1_but_not_primary_grade ... ok
2026-10-08T04:58:30.7712467Z test empty_expected_is_invalid ... ok
2026-10-08T04:58:30.7717151Z test duplicate_ids_and_cross_split_family_rejected ... ok
2026-10-08T04:58:30.7720196Z test invalid_paths_rejected ... ok
2026-10-08T04:58:30.7731044Z test lane_only_incomplete_empty_never_scores_as_correct_no_answer ... ok
2026-10-08T04:58:30.7732210Z test malformed_public_result_is_not_no_match ... ok
2026-10-08T04:58:30.7733186Z test native_duplicate_chunks_do_not_inflate_groups ... ok
2026-10-08T04:58:30.7733917Z test machine_pack_preserves_public_symbol_identity ... ok
2026-10-08T04:58:30.7734622Z test native_supporting_top1_does_not_answer_primary ... ok
2026-10-08T04:58:30.7735922Z test native_wrong_file_same_name_gets_no_credit ... ok
2026-10-08T04:58:30.7736614Z test oce_path_parser_preserves_first_unique_order ... ok
2026-10-08T04:58:30.7737240Z test independent_python_fnmatch_goldens ... ok
2026-10-08T04:58:30.7741599Z test partial_empty_is_not_a_correct_no_answer ... ok
2026-10-08T04:58:30.7742707Z test shuffle_and_bootstrap_reproducible ... ok
2026-10-08T04:58:30.7743346Z test readiness_never_drops_failed_or_unknown_inputs ... ok
2026-10-08T04:58:30.7744118Z test source_validation_catches_wrong_text_and_accepts_crlf ... ok
2026-10-08T04:58:30.7745194Z test whole_file_return_is_not_perfect_span_precision ... ok
2026-10-08T04:58:30.7853967Z test rss_units_and_small_sample_labels ... ok
2026-10-08T04:58:30.7854383Z 
2026-10-08T04:58:30.7854833Z test result: ok. 21 passed; 0 failed; 0 ignored; 0 measured; 0 filtered out; finished in 0.02s
2026-10-08T04:58:30.7855745Z 
2026-10-08T04:58:30.7858754Z [1m[92m     Running[0m tests/ci_generation_guard_contract.rs (target/debug/deps/ci_generation_guard_contract-5146610e09b96c81)
2026-10-08T04:58:30.7880148Z 
2026-10-08T04:58:30.7880397Z running 2 tests
2026-10-08T04:58:31.0092447Z test stable_async_handler_returns_one_accepted_generation_and_verified_source ... ok
2026-10-08T04:58:31.0107537Z test concurrent_real_rebuild_rejects_the_pre_rebuild_recall_generation ... ok
2026-10-08T04:58:31.0108144Z 
2026-10-08T04:58:31.0108985Z test result: ok. 2 passed; 0 failed; 0 ignored; 0 measured; 0 filtered out; finished in 0.22s
2026-10-08T04:58:31.0109607Z 
2026-10-08T04:58:31.0132814Z [1m[92m     Running[0m tests/diag_p5e_fix_review_boundary_20261003.rs (target/debug/deps/diag_p5e_fix_review_boundary_20261003-538cda2380ef8413)
2026-10-08T04:58:31.0157113Z 
2026-10-08T04:58:31.0157720Z running 3 tests
2026-10-08T04:58:31.5147665Z test independent_real_legacy_and_generation_producers_remain_distinct ... ok
2026-10-08T04:58:32.2833763Z test independent_default_scoped_gate_repack_and_bounded_width ... ok
2026-10-08T04:58:32.7268201Z test independent_exact_pointer_and_near_known_negatives ... ok
2026-10-08T04:58:32.7269135Z 
2026-10-08T04:58:32.7269733Z test result: ok. 3 passed; 0 failed; 0 ignored; 0 measured; 0 filtered out; finished in 1.71s
2026-10-08T04:58:32.7270356Z 
2026-10-08T04:58:32.7329992Z [1m[92m     Running[0m tests/diag_p5e_fix_review_stage_20261003.rs (target/debug/deps/diag_p5e_fix_review_stage_20261003-7700eb9632e471a5)
2026-10-08T04:58:32.7361150Z 
2026-10-08T04:58:32.7361543Z running 2 tests
2026-10-08T04:58:32.7362881Z test diag_p5e_measure_saved_receipts ... ignored, read-only measurement of saved stage receipts; requires evidence dir
2026-10-08T04:58:34.1548401Z test diag_p5e_stage_receipts_same_microfixture ... ok
2026-10-08T04:58:34.1548895Z 
2026-10-08T04:58:34.1550091Z test result: ok. 1 passed; 0 failed; 1 ignored; 0 measured; 0 filtered out; finished in 1.42s
2026-10-08T04:58:34.1550711Z 
2026-10-08T04:58:34.1570902Z [1m[92m     Running[0m tests/diag_p5e_stage_receipts_20261003.rs (target/debug/deps/diag_p5e_stage_receipts_20261003-d997f7aaffc9081e)
2026-10-08T04:58:34.1596303Z 
2026-10-08T04:58:34.1596626Z running 2 tests
2026-10-08T04:58:34.1598018Z test diag_p5e_measure_saved_receipts ... ignored, read-only measurement of saved stage receipts; requires evidence dir
2026-10-08T04:58:35.5628593Z test diag_p5e_stage_receipts_same_microfixture ... ok
2026-10-08T04:58:35.5629319Z 
2026-10-08T04:58:35.5629907Z test result: ok. 1 passed; 0 failed; 1 ignored; 0 measured; 0 filtered out; finished in 1.40s
2026-10-08T04:58:35.5630716Z 
2026-10-08T04:58:35.5656725Z [1m[92m     Running[0m tests/document_identity.rs (target/debug/deps/document_identity-6ab01e69e448786f)
2026-10-08T04:58:35.5677787Z 
2026-10-08T04:58:35.5678108Z running 1 test
2026-10-08T04:58:36.4642440Z test p4d_document_identity_mutations_are_reversible_and_input_safe ... ok
2026-10-08T04:58:36.4643022Z 
2026-10-08T04:58:36.4644674Z test result: ok. 1 passed; 0 failed; 0 ignored; 0 measured; 0 filtered out; finished in 0.90s
2026-10-08T04:58:36.4645522Z 
2026-10-08T04:58:36.4674547Z [1m[92m     Running[0m tests/mcp_dispatch_seam.rs (target/debug/deps/mcp_dispatch_seam-11e5bf0cfa08ad97)
2026-10-08T04:58:36.4698543Z 
2026-10-08T04:58:36.4698791Z running 4 tests
2026-10-08T04:58:37.4496797Z test seam_result_is_unwrapped_handler_json ... ok
2026-10-08T04:58:37.4734474Z test seam_rejects_unknown_tool ... ok
2026-10-08T04:58:37.4752072Z test seam_rejects_unknown_params ... ok
2026-10-08T04:58:37.5032586Z test seam_rejects_schema_invalid_params ... ok
2026-10-08T04:58:37.5033039Z 
2026-10-08T04:58:37.5033453Z test result: ok. 4 passed; 0 failed; 0 ignored; 0 measured; 0 filtered out; finished in 1.03s
2026-10-08T04:58:37.5034055Z 
2026-10-08T04:58:37.5084429Z [1m[92m     Running[0m tests/p1a_retrieval.rs (target/debug/deps/p1a_retrieval-b800a16cb40d9cde)
2026-10-08T04:58:37.5107410Z 
2026-10-08T04:58:37.5107743Z running 13 tests
2026-10-08T04:58:37.8279607Z test p1a_disjoint_path_constraints_are_empty ... ok
2026-10-08T04:58:37.8436627Z test p1a_empty_hard_lists_are_also_empty_in_sql ... ok
2026-10-08T04:58:37.8616806Z test p1a_caller_path_and_dsl_are_intersected ... ok
2026-10-08T04:58:37.9477307Z test p1a_empty_scope_cannot_alias_an_empty_soft_hint_in_cache ... ok
2026-10-08T04:58:38.0979178Z test p1a_files_language_and_path_combine_without_widening ... ok
2026-10-08T04:58:38.1131830Z test p1a_graph_evidence_obeys_the_same_hard_scope ... ok
2026-10-08T04:58:38.1714000Z test p1a_language_parameter_and_dsl_are_intersected ... ok
2026-10-08T04:58:38.1716311Z test p1a_stdio_bm25_contribution_is_monotonic ... ignored, requires CODECORTEX_BENCH_BINARY; execute explicitly for old/new product
2026-10-08T04:58:38.1718209Z test p1a_stdio_soft_hints_and_path_intersection ... ignored, requires CODECORTEX_BENCH_BINARY; execute explicitly for old/new product
2026-10-08T04:58:38.2317258Z test p1a_repeated_dsl_paths_cannot_widen ... ok
2026-10-08T04:58:38.3666058Z test p1a_soft_hints_do_not_mutate_the_callers_request ... ok
2026-10-08T04:58:38.3723818Z test p1a_repeated_languages_intersect_and_aliases_agree ... ok
2026-10-08T04:58:38.3853401Z test p1a_unknown_or_empty_language_is_not_unrestricted ... ok
2026-10-08T04:58:38.3853765Z 
2026-10-08T04:58:38.3854619Z test result: ok. 11 passed; 0 failed; 2 ignored; 0 measured; 0 filtered out; finished in 0.87s
2026-10-08T04:58:38.3855522Z 
2026-10-08T04:58:38.3888849Z [1m[92m     Running[0m tests/p1b_retrieval.rs (target/debug/deps/p1b_retrieval-7a3efff46009232f)
2026-10-08T04:58:38.3957472Z 
2026-10-08T04:58:38.3957639Z running 13 tests
2026-10-08T04:58:38.7136012Z test p1b_decode_cap_is_checked_before_the_next_blob ... ok
2026-10-08T04:58:38.7256806Z test p1b_empty_partial_query_retains_scan_diagnostic ... ok
2026-10-08T04:58:38.7407184Z test p1b_exact_identifier_and_path_keep_top1_with_distractors ... ok
2026-10-08T04:58:38.8159531Z test p1b_component_scope_and_separator_normalization ... ok
2026-10-08T04:58:38.9886212Z test p1b_invalid_hard_paths_are_not_silently_empty ... ok
2026-10-08T04:58:39.0100459Z test p1b_lexical_sql_filters_before_limit_and_preserves_case ... ok
2026-10-08T04:58:39.0862268Z test p1b_scanner_and_source_guard_reject_external_symlinks ... ok
2026-10-08T04:58:39.0866620Z test p1b_stdio_boundaries_and_empty_partial ... ignored, requires CODECORTEX_BENCH_BINARY; explicit old/new subprocess
2026-10-08T04:58:39.0869711Z test p1b_stdio_symbol_mode_honors_path_scope ... ignored, requires CODECORTEX_BENCH_BINARY; explicit old/new subprocess
2026-10-08T04:58:39.2472251Z test p1b_shared_scan_budget_deduplicates_all_stages_and_detects_exact_exhaustion ... ok
2026-10-08T04:58:39.2658774Z test p1b_soft_priority_recalls_old_midtoken_match_under_budget ... ok
2026-10-08T04:58:39.2743540Z test p1b_graph_scopes_seeds_and_neighbors_before_their_caps ... ok
2026-10-08T04:58:39.3073703Z test p1b_zero_scan_budget_is_explicit_and_cannot_decode ... ok
2026-10-08T04:58:39.3077350Z 
2026-10-08T04:58:39.3077667Z test result: ok. 11 passed; 0 failed; 2 ignored; 0 measured; 0 filtered out; finished in 0.91s
2026-10-08T04:58:39.3078044Z 
2026-10-08T04:58:39.3119042Z [1m[92m     Running[0m tests/p1b_scan_accounting.rs (target/debug/deps/p1b_scan_accounting-c2178bcfc8ebddcc)
2026-10-08T04:58:39.3252710Z 
2026-10-08T04:58:39.3252917Z running 1 test
2026-10-08T04:58:39.3255335Z test p1b_scan_accounting_1000_files ... ignored, explicit 1000-file scan accounting experiment
2026-10-08T04:58:39.3256031Z 
2026-10-08T04:58:39.3256388Z test result: ok. 0 passed; 0 failed; 1 ignored; 0 measured; 0 filtered out; finished in 0.00s
2026-10-08T04:58:39.3256782Z 
2026-10-08T04:58:39.3259293Z [1m[92m     Running[0m tests/p1c_contract.rs (target/debug/deps/p1c_contract-68960ddd9ab18cd6)
2026-10-08T04:58:39.3272983Z 
2026-10-08T04:58:39.3273147Z running 3 tests
2026-10-08T04:58:39.3275633Z test p1c_fourteen_tools_valid_unknown_schema_and_modes ... ignored, requires CODECORTEX_BENCH_BINARY; full real stdio contract matrix
2026-10-08T04:58:39.3277222Z test search_modes_optional_nulls_and_utf8_sanitize_are_stable ... ok
2026-10-08T04:58:39.3278780Z test all_fourteen_parameter_types_deny_unknown_and_keep_default_requests ... ok
2026-10-08T04:58:39.3279133Z 
2026-10-08T04:58:39.3279677Z test result: ok. 2 passed; 0 failed; 1 ignored; 0 measured; 0 filtered out; finished in 0.00s
2026-10-08T04:58:39.3280193Z 
2026-10-08T04:58:39.3281977Z [1m[92m     Running[0m tests/p1c_retrieval.rs (target/debug/deps/p1c_retrieval-4bdb182e37a4b352)
2026-10-08T04:58:39.3428344Z 
2026-10-08T04:58:39.3439572Z running 5 tests
2026-10-08T04:58:39.3440624Z test p1c_stdio_scope_explain_survives_cache_and_redacts_hints ... ignored, requires CODECORTEX_BENCH_BINARY; explicit old/new product
2026-10-08T04:58:39.7838482Z test p1c_scope_explain_does_not_enumerate_explicit_file_set ... ok
2026-10-08T04:58:39.8026979Z test p1c_scope_explanation_exists_on_cold_warm_and_empty_without_inventory_leak ... ok
2026-10-08T04:58:39.8162424Z test p1c_warm_scope_variants_and_trace_remain_correct ... ok
2026-10-08T04:58:39.8188060Z test p1c_config_reload_recreates_engine_and_empty_budget_diagnostics ... ok
2026-10-08T04:58:39.8189282Z 
2026-10-08T04:58:39.8190494Z test result: ok. 4 passed; 0 failed; 1 ignored; 0 measured; 0 filtered out; finished in 0.48s
2026-10-08T04:58:39.8191180Z 
2026-10-08T04:58:39.8226951Z [1m[92m     Running[0m tests/p1d_concurrency.rs (target/debug/deps/p1d_concurrency-aa92959b85963eae)
2026-10-08T04:58:39.8245903Z 
2026-10-08T04:58:39.8246064Z running 5 tests
2026-10-08T04:58:39.8249607Z test mcp_retry_requires_explicit_generation_conflict_not_just_retryable ... ok
2026-10-08T04:58:39.8251282Z test p1d_mcp_concurrent_search_and_incremental_calls_keep_scope ... ignored, requires explicit CODECORTEX_BENCH_BINARY; concurrent real stdio calls
2026-10-08T04:58:39.8777176Z test stats_metadata_does_not_reenter_single_connection_pool ... ok
2026-10-08T04:58:39.9081682Z test one_connection_wait_release_and_sql_error_do_not_leak_pool_slots ... ok
2026-10-08T04:58:42.1756964Z test concurrent_queries_writes_single_reader_keep_scope_and_quiescent_freshness ... ok
2026-10-08T04:58:42.1757491Z 
2026-10-08T04:58:42.1757794Z test result: ok. 4 passed; 0 failed; 1 ignored; 0 measured; 0 filtered out; finished in 2.35s
2026-10-08T04:58:42.1758157Z 
2026-10-08T04:58:42.1773215Z [1m[92m     Running[0m tests/p1d_cost.rs (target/debug/deps/p1d_cost-73e8ebb7eb08ea50)
2026-10-08T04:58:42.1936240Z 
2026-10-08T04:58:42.1936575Z running 6 tests
2026-10-08T04:58:42.2000387Z test old_or_unknown_work_receipts_are_unavailable_not_zero ... ok
2026-10-08T04:58:42.2001533Z test p1d_mcp_cost_receipts_are_preserved_on_cache_hits ... ignored, requires explicit CODECORTEX_BENCH_BINARY; actual MCP cost receipts
2026-10-08T04:58:42.5946625Z test cached_text_is_a_hint_not_authority_for_versioned_rows ... ok
2026-10-08T04:58:42.6017418Z test measured_hydration_reuses_text_and_resets_cached_statement_counters ... ok
2026-10-08T04:58:42.6031228Z test absent_identity_probe_is_charged_without_reusing_cached_authority ... ok
2026-10-08T04:58:42.6090401Z test query_local_costs_cover_empty_cap_probe_and_all_text_reads ... ok
2026-10-08T04:58:42.6090833Z 
2026-10-08T04:58:42.6091309Z test result: ok. 5 passed; 0 failed; 1 ignored; 0 measured; 0 filtered out; finished in 0.42s
2026-10-08T04:58:42.6091665Z 
2026-10-08T04:58:42.6124271Z [1m[92m     Running[0m tests/p1d_cost_probe.rs (target/debug/deps/p1d_cost_probe-6a8ffe618e345084)
2026-10-08T04:58:42.6255922Z 
2026-10-08T04:58:42.6256128Z running 1 test
2026-10-08T04:58:42.6260299Z test p1d_cost_quality_and_sql_work_matrix ... ignored, explicit 1k/5k cost probe; run release and retain all rows
2026-10-08T04:58:42.6260968Z 
2026-10-08T04:58:42.6261243Z test result: ok. 0 passed; 0 failed; 1 ignored; 0 measured; 0 filtered out; finished in 0.00s
2026-10-08T04:58:42.6261616Z 
2026-10-08T04:58:42.6263770Z [1m[92m     Running[0m tests/p1d_docs.rs (target/debug/deps/p1d_docs-d629c6fbd40dfe84)
2026-10-08T04:58:42.6365494Z 
2026-10-08T04:58:42.6365810Z running 2 tests
2026-10-08T04:58:42.6369303Z test p1d_documented_search_requests_respect_actual_scope_and_wire_shapes ... ignored, requires explicit CODECORTEX_BENCH_BINARY; execute documented JSON over MCP
2026-10-08T04:58:42.6490707Z test search_examples_and_configuration_match_current_parameter_types ... ok
2026-10-08T04:58:42.6491096Z 
2026-10-08T04:58:42.6491383Z test result: ok. 1 passed; 0 failed; 1 ignored; 0 measured; 0 filtered out; finished in 0.01s
2026-10-08T04:58:42.6491763Z 
2026-10-08T04:58:42.6494503Z [1m[92m     Running[0m tests/p2a_incremental.rs (target/debug/deps/p2a_incremental-ce5976a5a977080a)
2026-10-08T04:58:42.6663975Z 
2026-10-08T04:58:42.6664248Z running 11 tests
2026-10-08T04:58:43.3744270Z test original_python_signature_matches_full_and_has_current_uid ... ok
2026-10-08T04:58:43.7014460Z test body_only_changes_keep_surface_and_do_not_promote_callers ... ok
2026-10-08T04:58:43.8096973Z test direct_writer_surface_storage_delete_and_reopen ... ok
2026-10-08T04:58:43.8116619Z test p2a_public_mcp_reports_coverage_and_refreshes_provider ... ignored, requires explicit CODECORTEX_BENCH_BINARY; real MCP process
2026-10-08T04:58:43.8634882Z test forwarding_alias_and_type_only_changes_survive_incremental_writes ... ok
2026-10-08T04:58:43.9833067Z test original_rust_signature_matches_full_and_has_current_uid ... ok
2026-10-08T04:58:44.6616869Z test rust_workspace_pub_use_signature_change_converges ... ok
2026-10-08T04:58:44.8048431Z test python_package_forwarding_declares_star_incompleteness ... ok
2026-10-08T04:58:44.9082251Z test unsupported_language_remains_visible_in_public_build_coverage ... ok
2026-10-08T04:58:45.2417272Z test typescript_signature_and_local_type_dependencies_converge ... ok
2026-10-08T04:58:45.5100965Z test p2a_closeout_declaration_relocation_preserves_current_reference_addresses ... ok
2026-10-08T04:58:45.5101685Z 
2026-10-08T04:58:45.5102412Z test result: ok. 10 passed; 0 failed; 1 ignored; 0 measured; 0 filtered out; finished in 2.84s
2026-10-08T04:58:45.5103053Z 
2026-10-08T04:58:45.5176428Z [1m[92m     Running[0m tests/p2b_incremental.rs (target/debug/deps/p2b_incremental-af9f86d9c29f0d66)
2026-10-08T04:58:45.5315347Z 
2026-10-08T04:58:45.5315622Z running 14 tests
2026-10-08T04:58:45.9536161Z test body_only_edit_keeps_dependent_evidence_and_noop_is_empty ... ok
2026-10-08T04:58:46.1417213Z test dependency_fanout_over_budget_is_partial_not_normal ... ok
2026-10-08T04:58:46.4578395Z test declared_dependency_rename_retargets_after_p3b_workspace_migration ... ok
2026-10-08T04:58:46.7798904Z test event_scoped_missing_file_and_candidate_changes_match_full_rebuild ... ok
2026-10-08T04:58:46.8828673Z test go_internal_test_sees_production_not_reverse ... ok
2026-10-08T04:58:47.0205328Z test go_unqualified_calls_do_not_bind_methods_from_peer_files ... ok
2026-10-08T04:58:47.3802104Z test global_unique_becomes_ambiguous_then_unique_again ... ok
2026-10-08T04:58:47.3808125Z test p2b_public_mcp_retracts_ambiguous_edges_and_updates_go_package ... ignored, requires explicit CODECORTEX_BENCH_BINARY; real MCP process
2026-10-08T04:58:47.6437059Z test missing_name_then_provider_appears_refreshes_unchanged_consumer ... ok
2026-10-08T04:58:48.2275678Z test go_package_files_and_same_name_other_packages_are_isolated ... ok
2026-10-08T04:58:48.6597138Z test negative_path_and_precedence_changes_refresh_import_routes ... ok
2026-10-08T04:58:48.7229151Z test repeated_warm_catalog_mutations_match_cold_rebuild ... ok
2026-10-08T04:58:48.9006935Z test rust_chain_call_identities_survive_incremental_roundtrip ... ok
2026-10-08T04:58:49.1488102Z test supported_package_name_config_changes_rebind_the_unchanged_importer ... ok
2026-10-08T04:58:49.1488798Z 
2026-10-08T04:58:49.1489265Z test result: ok. 13 passed; 0 failed; 1 ignored; 0 measured; 0 filtered out; finished in 3.62s
2026-10-08T04:58:49.1489910Z 
2026-10-08T04:58:49.1589752Z [1m[92m     Running[0m tests/p2c_reconcile.rs (target/debug/deps/p2c_reconcile-34a2a8fe67af4fa3)
2026-10-08T04:58:49.1739547Z 
2026-10-08T04:58:49.1739859Z running 12 tests
2026-10-08T04:58:49.7194278Z test budget_remainder_survives_reopen_and_an_empty_event_scope ... ok
2026-10-08T04:58:49.9280910Z test deleting_a_pending_root_revokes_every_consumers_old_target ... ok
2026-10-08T04:58:49.9946079Z test an_old_provider_root_can_itself_be_invalidated_by_a_later_provider ... ok
2026-10-08T04:58:50.0577431Z test budget_remainder_is_resumed_by_unchanged_incremental_builds ... ok
2026-10-08T04:58:50.0594136Z test p2c_public_mcp_reports_debt_resumes_and_survives_restart ... ignored, requires explicit CODECORTEX_BENCH_BINARY; actual MCP subprocess
2026-10-08T04:58:50.3846181Z test disabled_propagation_retains_debt_until_reenabled_or_full_rebuild ... ok
2026-10-08T04:58:50.5758674Z test pure_body_change_does_not_re_resolve_other_files ... ok
2026-10-08T04:58:50.6680747Z test late_provider_change_rebases_without_losing_old_consumers ... ok
2026-10-08T04:58:51.3618957Z test fanout_larger_than_a_lookup_window_is_not_truncated_out_of_debt ... ok
2026-10-08T04:58:51.4506388Z test python_graph_rejects_false_calls_and_preserves_unsupported_shadow_on_reload ... ok
2026-10-08T04:58:51.6205398Z test python_and_rust_forward_cycles_match_full_after_signature_changes ... ok
2026-10-08T04:58:51.9312039Z test reexport_cycle_and_deep_chain_converge_across_bounded_rounds ... ok
2026-10-08T04:58:51.9312576Z 
2026-10-08T04:58:51.9312851Z test result: ok. 11 passed; 0 failed; 1 ignored; 0 measured; 0 filtered out; finished in 2.76s
2026-10-08T04:58:51.9313196Z 
2026-10-08T04:58:51.9399488Z [1m[92m     Running[0m tests/p2d_cost.rs (target/debug/deps/p2d_cost-e224338f02a63819)
2026-10-08T04:58:51.9450183Z 
2026-10-08T04:58:51.9450408Z running 1 test
2026-10-08T04:58:51.9453034Z test p2d_release_incremental_growth_and_bounded_resume ... ignored, release mechanism cost; explicit execution required
2026-10-08T04:58:51.9454291Z 
2026-10-08T04:58:51.9454877Z test result: ok. 0 passed; 0 failed; 1 ignored; 0 measured; 0 filtered out; finished in 0.00s
2026-10-08T04:58:51.9458199Z 
2026-10-08T04:58:51.9459121Z [1m[92m     Running[0m tests/p2d_mutations.rs (target/debug/deps/p2d_mutations-93029f803c7a4dbb)
2026-10-08T04:58:51.9606537Z 
2026-10-08T04:58:51.9606775Z running 9 tests
2026-10-08T04:58:51.9613593Z test p2d_public_mcp_multilanguage_rename_truth_and_no_fake_jsts_calls ... ignored, requires explicit product binary; actual public MCP process
2026-10-08T04:58:52.6494535Z test mutation_inputs_fail_closed ... ok
2026-10-08T04:58:55.2172654Z test pending_changes_rebase_and_shrinker_cannot_certify_incomplete ... ok
2026-10-08T04:59:01.1726993Z test go_changes_have_independent_truth ... ok
2026-10-08T04:59:01.5395946Z test python_changes_have_independent_truth ... ok
2026-10-08T04:59:01.7742000Z test unknown_surface_is_not_reported_as_a_proven_empty_interface ... ok
2026-10-08T04:59:03.5798799Z test rust_changes_have_independent_truth ... ok
2026-10-08T04:59:07.1528742Z test typescript_changes_have_independent_truth ... ok
2026-10-08T04:59:16.9428409Z test bounded_shrink_preserves_exact_failure_and_replays_standalone ... ok
2026-10-08T04:59:16.9429483Z 
2026-10-08T04:59:16.9430099Z test result: ok. 8 passed; 0 failed; 1 ignored; 0 measured; 0 filtered out; finished in 24.98s
2026-10-08T04:59:16.9431166Z 
2026-10-08T04:59:16.9663935Z [1m[92m     Running[0m tests/p3a_cost.rs (target/debug/deps/p3a_cost-2936a2969ac58c64)
2026-10-08T04:59:16.9715479Z 
2026-10-08T04:59:16.9715844Z running 2 tests
2026-10-08T04:59:16.9718336Z test p3a_release_config_discovery_and_bounded_retarget ... ignored, explicit --release project-model mechanism measurements
2026-10-08T04:59:16.9719525Z test p3a_release_many_imports_share_the_same_captured_inputs ... ignored, explicit --release immutable resolution cost observations
2026-10-08T04:59:16.9721279Z [1m[92m     Running[0m tests/p3a_project_model.rs (target/debug/deps/p3a_project_model-0834e3a5fc70d358)
2026-10-08T04:59:16.9721952Z 
2026-10-08T04:59:16.9722510Z test result: ok. 0 passed; 0 failed; 2 ignored; 0 measured; 0 filtered out; finished in 0.00s
2026-10-08T04:59:16.9723395Z 
2026-10-08T04:59:16.9906181Z 
2026-10-08T04:59:16.9909251Z running 11 tests
2026-10-08T04:59:17.4807164Z test p3a_alias_uses_nearest_config_and_ordered_fallback_targets ... ok
2026-10-08T04:59:17.6447918Z test p3a_corrupt_persisted_config_cache_is_not_reused ... ok
2026-10-08T04:59:17.7537480Z test p3a_a_new_higher_priority_alias_target_invalidates_old_imports ... ok
2026-10-08T04:59:17.8936670Z test p3a_configuration_only_change_retargets_unchanged_consumers_and_survives_reopen ... ok
2026-10-08T04:59:17.9556438Z test p3a_hidden_configuration_event_retargets_the_index ... ok
2026-10-08T04:59:18.0195175Z test p3a_inherited_paths_use_defining_config_directory_and_jsonc_strings ... ok
2026-10-08T04:59:18.0239744Z test p3a_real_mcp_configuration_only_retarget_and_restart ... ignored, requires explicit CODECORTEX_BENCH_BINARY; real MCP subprocess
2026-10-08T04:59:18.2664644Z test p3a_ignored_json_config_scoped_change_reloads_without_reparsing_source ... ok
2026-10-08T04:59:18.2735999Z test p3a_prepare_rejects_changed_configuration_before_publication ... ok
2026-10-08T04:59:18.3628768Z test p3a_new_and_deleted_nested_roots_are_observed_with_scoped_events ... ok
2026-10-08T04:59:18.4367501Z test p3a_unsupported_module_mode_cannot_be_upgraded_by_global_name_fallback ... ok
2026-10-08T04:59:18.4370920Z 
2026-10-08T04:59:18.4371290Z test result: ok. 10 passed; 0 failed; 1 ignored; 0 measured; 0 filtered out; finished in 1.45s
2026-10-08T04:59:18.4371750Z 
2026-10-08T04:59:18.4449057Z [1m[92m     Running[0m tests/p3b_cost.rs (target/debug/deps/p3b_cost-d12d30e4e38cd688)
2026-10-08T04:59:18.4494826Z 
2026-10-08T04:59:18.4495440Z running 2 tests
2026-10-08T04:59:18.4498015Z test package_config_resume_does_not_reparse_consumers_or_reload_per_import ... ignored, explicit --release package configuration mechanism measurements
2026-10-08T04:59:18.4500308Z test rust_module_queries_reuse_captured_facts_and_indexed_lookup ... ignored, explicit --release Rust catalog/fact-cache observations
2026-10-08T04:59:18.4518350Z 
2026-10-08T04:59:18.4519051Z test result: ok. 0 passed; 0 failed; 2 ignored; 0 measured; 0 filtered out; finished in 0.00s
2026-10-08T04:59:18.4519705Z 
2026-10-08T04:59:18.4520408Z [1m[92m     Running[0m tests/p3b_modules.rs (target/debug/deps/p3b_modules-2bc5bf3720e3095d)
2026-10-08T04:59:18.4655724Z 
2026-10-08T04:59:18.4656100Z running 8 tests
2026-10-08T04:59:18.8896252Z test python_relative_import_never_uses_javascript_probes ... ok
2026-10-08T04:59:18.8905615Z test real_mcp_package_configuration_retarget_resumes_after_restart ... ignored, requires explicit CODECORTEX_BENCH_BINARY; actual stdio subprocess
2026-10-08T04:59:18.8991059Z test missing_imported_member_cannot_bind_an_unrelated_global_name ... ok
2026-10-08T04:59:19.2107112Z test rust_crate_modules_resolve_to_the_declared_file ... ok
2026-10-08T04:59:19.2132385Z test python_namespace_and_src_config_change_retarget_without_running_code ... ok
2026-10-08T04:59:19.3030438Z test import_require_dynamic_and_type_only_survive_restart ... ok
2026-10-08T04:59:19.4646860Z test rust_inline_scope_path_attribute_and_default_features_reconcile ... ok
2026-10-08T04:59:19.5436258Z test workspace_package_export_retargets_after_manifest_only_change ... ok
2026-10-08T04:59:19.5436882Z 
2026-10-08T04:59:19.5437181Z test result: ok. 7 passed; 0 failed; 1 ignored; 0 measured; 0 filtered out; finished in 1.08s
2026-10-08T04:59:19.5437578Z 
2026-10-08T04:59:19.5471728Z [1m[92m     Running[0m tests/p3c_cost.rs (target/debug/deps/p3c_cost-9c7010167c1cca1a)
2026-10-08T04:59:19.5525909Z 
2026-10-08T04:59:19.5526069Z running 1 test
2026-10-08T04:59:19.5528661Z test p3c_release_go_config_change_scales_with_consumers_not_unrelated_files ... ignored, explicit release Go config discovery and frontier cost
2026-10-08T04:59:19.5529241Z 
2026-10-08T04:59:19.5529718Z test result: ok. 0 passed; 0 failed; 1 ignored; 0 measured; 0 filtered out; finished in 0.00s
2026-10-08T04:59:19.5530359Z 
2026-10-08T04:59:19.5531006Z [1m[92m     Running[0m tests/p3c_modules.rs (target/debug/deps/p3c_modules-f35833785d752fd9)
2026-10-08T04:59:19.5695246Z 
2026-10-08T04:59:19.5695616Z running 5 tests
2026-10-08T04:59:19.9377358Z test external_go_import_cannot_bind_unrelated_global_function ... ok
2026-10-08T04:59:19.9379133Z test p3c_real_mcp_go_work_only_change_resumes_across_restart ... ignored, requires explicit CODECORTEX_BENCH_BINARY; actual stdio subprocess
2026-10-08T04:59:19.9403401Z test go_selector_and_reference_cannot_bind_same_file_leaf ... ok
2026-10-08T04:59:20.1445551Z test local_go_replace_resolves_members_across_files_and_retargets_on_config_only ... ok
2026-10-08T04:59:20.1878104Z test local_go_config_dependency_is_scoped_and_rebinds_on_condition_change ... ok
2026-10-08T04:59:20.1878649Z 
2026-10-08T04:59:20.1880749Z test result: ok. 4 passed; 0 failed; 1 ignored; 0 measured; 0 filtered out; finished in 0.62s
2026-10-08T04:59:20.1881136Z 
2026-10-08T04:59:20.1907551Z [1m[92m     Running[0m tests/p3d_cost.rs (target/debug/deps/p3d_cost-fe38ffaade4c0027)
2026-10-08T04:59:20.1956062Z 
2026-10-08T04:59:20.1956195Z running 1 test
2026-10-08T04:59:20.1958555Z test release_multilanguage_import_cost_and_disk_independence ... ignored, explicit release multi-package discovery, cache reuse and pure imports
2026-10-08T04:59:20.1959605Z 
2026-10-08T04:59:20.1959944Z test result: ok. 0 passed; 0 failed; 1 ignored; 0 measured; 0 filtered out; finished in 0.00s
2026-10-08T04:59:20.1960327Z 
2026-10-08T04:59:20.1960912Z [1m[92m     Running[0m tests/p3d_modules.rs (target/debug/deps/p3d_modules-12007f3999224d50)
2026-10-08T04:59:20.2097278Z 
2026-10-08T04:59:20.2097601Z running 2 tests
2026-10-08T04:59:20.2100583Z test real_mcp_multilanguage_graph_keeps_concrete_target_files ... ignored, explicit product binary; real MCP stdio
2026-10-08T04:59:21.4129833Z test all_four_languages_keep_independent_targets_on_full_noop_and_reopen ... ok
2026-10-08T04:59:21.4130331Z 
2026-10-08T04:59:21.4130996Z test result: ok. 1 passed; 0 failed; 1 ignored; 0 measured; 0 filtered out; finished in 1.20s
2026-10-08T04:59:21.4131610Z 
2026-10-08T04:59:21.4152040Z [1m[92m     Running[0m tests/p4a_cost.rs (target/debug/deps/p4a_cost-0ae3021392947530)
2026-10-08T04:59:21.4197928Z 
2026-10-08T04:59:21.4198227Z running 1 test
2026-10-08T04:59:21.4203326Z test release_hierarchical_chunks_preserve_all_bytes_and_report_costs ... ignored, explicit release source partition and boundary cost samples
2026-10-08T04:59:21.4204131Z 
2026-10-08T04:59:21.4204400Z test result: ok. 0 passed; 0 failed; 1 ignored; 0 measured; 0 filtered out; finished in 0.00s
2026-10-08T04:59:21.4205141Z 
2026-10-08T04:59:21.4205579Z [1m[92m     Running[0m tests/p4a_source.rs (target/debug/deps/p4a_source-fdebac1b7418cfdd)
2026-10-08T04:59:21.4352491Z 
2026-10-08T04:59:21.4354789Z running 5 tests
2026-10-08T04:59:21.4356392Z test real_mcp_indexes_original_bytes_and_source_coordinates ... ignored, explicit product binary; actual MCP subprocess and its isolated SQLite
2026-10-08T04:59:21.4533188Z test legacy_normalized_line_proof_remains_separate_and_strict ... ok
2026-10-08T04:59:21.4547307Z test byte_evidence_checks_raw_coordinates_and_rejects_tampering_without_legacy_fallback ... ok
2026-10-08T04:59:21.7831541Z test source_evidence_and_text_agree_for_all_languages_and_sfc ... ok
2026-10-08T04:59:22.0644543Z test original_chunks_survive_compression_dirty_reload_reopen_and_full_rebuild ... ok
2026-10-08T04:59:22.0645321Z 
2026-10-08T04:59:22.0645653Z test result: ok. 4 passed; 0 failed; 1 ignored; 0 measured; 0 filtered out; finished in 0.63s
2026-10-08T04:59:22.0646089Z 
2026-10-08T04:59:22.0677977Z [1m[92m     Running[0m tests/p4b_chunks.rs (target/debug/deps/p4b_chunks-fa41ce4f1f79d387)
2026-10-08T04:59:22.0819702Z 
2026-10-08T04:59:22.0819904Z running 7 tests
2026-10-08T04:59:22.3834837Z test configured_byte_budget_also_bounds_a_single_unicode_line ... ok
2026-10-08T04:59:22.4757254Z test configured_line_budget_reaches_the_production_parser ... ok
2026-10-08T04:59:22.4910202Z test invalid_budget_is_a_failed_build_not_empty_success_or_default_policy ... ok
2026-10-08T04:59:22.4913931Z test real_mcp_chunk_budget_changes_without_restarting_then_survives_restart ... ignored, explicit product binary; actual MCP configuration update and restart
2026-10-08T04:59:22.5247234Z test changed_policy_expands_a_non_config_event_to_all_admitted_sources ... ok
2026-10-08T04:59:22.6406078Z test prepared_chunks_cannot_commit_under_a_different_policy ... ok
2026-10-08T04:59:22.8215523Z test policy_change_live_session_and_failed_file_do_not_acknowledge_one_another ... ok
2026-10-08T04:59:22.8217719Z 
2026-10-08T04:59:22.8217997Z test result: ok. 6 passed; 0 failed; 1 ignored; 0 measured; 0 filtered out; finished in 0.74s
2026-10-08T04:59:22.8218367Z 
2026-10-08T04:59:22.8249713Z [1m[92m     Running[0m tests/p4b_cost.rs (target/debug/deps/p4b_cost-780bde4bcf35db4f)
2026-10-08T04:59:22.8294239Z 
2026-10-08T04:59:22.8294399Z running 1 test
2026-10-08T04:59:22.8296956Z test release_chunk_merge_and_projection_costs ... ignored, explicit release parser/chunk/projection cost test
2026-10-08T04:59:22.8297415Z 
2026-10-08T04:59:22.8297682Z test result: ok. 0 passed; 0 failed; 1 ignored; 0 measured; 0 filtered out; finished in 0.00s
2026-10-08T04:59:22.8298284Z 
2026-10-08T04:59:22.8299177Z [1m[92m     Running[0m tests/p4c_cost.rs (target/debug/deps/p4c_cost-d7dbf6305cecf3c0)
2026-10-08T04:59:22.8340734Z 
2026-10-08T04:59:22.8340879Z running 1 test
2026-10-08T04:59:22.8343233Z test document_manifest_and_freshness_mechanism_cost ... ignored, release mechanism measurements
2026-10-08T04:59:22.8343633Z 
2026-10-08T04:59:22.8343889Z test result: ok. 0 passed; 0 failed; 1 ignored; 0 measured; 0 filtered out; finished in 0.00s
2026-10-08T04:59:22.8344235Z 
2026-10-08T04:59:22.8345702Z [1m[92m     Running[0m tests/p4c_documents.rs (target/debug/deps/p4c_documents-b1fac917fa454739)
2026-10-08T04:59:22.8520551Z 
2026-10-08T04:59:22.8520771Z running 13 tests
2026-10-08T04:59:23.2484091Z test build_has_current_document_manifest_for_each_verified_chunk ... ok
2026-10-08T04:59:23.2774892Z test deleted_source_is_not_resurrected_by_warm_search_cache ... ok
2026-10-08T04:59:23.3226990Z test changed_renderer_spec_reprocesses_unchanged_source ... ok
2026-10-08T04:59:23.5124352Z test empty_files_and_render_failures_have_explicit_manifest_states ... ok
2026-10-08T04:59:23.5762276Z test failed_document_insert_rolls_back_files_chunks_and_fts ... ok
2026-10-08T04:59:23.6610869Z test direct_rebuild_and_standard_rebuild_produce_the_same_documents ... ok
2026-10-08T04:59:23.7650440Z test hydration_rejects_deleted_or_malformed_required_manifest ... ok
2026-10-08T04:59:23.7652159Z test real_mcp_document_versions_and_disk_freshness ... ignored, explicit product binary; real MCP source/document lifecycle
2026-10-08T04:59:23.9088396Z test old_symbol_lines_never_slice_new_disk_text ... ok
2026-10-08T04:59:24.0153574Z test source_read_limits_and_path_guards_are_fail_closed ... ok
2026-10-08T04:59:24.0834121Z test manifest_reopen_delete_rename_policy_and_full_incremental_parity ... ok
2026-10-08T04:59:24.1292901Z test context_keeps_flask_handler_after_freshness_metadata ... ok
2026-10-08T04:59:24.1386685Z test valid_bytes_reappear_after_stale_or_deleted_reads_without_poisoning_cache ... ok
2026-10-08T04:59:24.1387385Z 
2026-10-08T04:59:24.1387673Z test result: ok. 12 passed; 0 failed; 1 ignored; 0 measured; 0 filtered out; finished in 1.29s
2026-10-08T04:59:24.1388029Z 
2026-10-08T04:59:24.1453705Z [1m[92m     Running[0m tests/p4d_cost.rs (target/debug/deps/p4d_cost-f7b83bd0236892ce)
2026-10-08T04:59:24.1503351Z 
2026-10-08T04:59:24.1503610Z running 1 test
2026-10-08T04:59:24.1506287Z test release_chunk_build_memory_and_document_costs ... ignored, explicit release P4-D build/chunk/document/RSS mechanism measurements
2026-10-08T04:59:24.1506816Z 
2026-10-08T04:59:24.1507212Z test result: ok. 0 passed; 0 failed; 1 ignored; 0 measured; 0 filtered out; finished in 0.00s
2026-10-08T04:59:24.1507797Z 
2026-10-08T04:59:24.1508630Z [1m[92m     Running[0m tests/p4d_quality.rs (target/debug/deps/p4d_quality-e45ef9c368658f7e)
2026-10-08T04:59:24.1629403Z 
2026-10-08T04:59:24.1629649Z running 1 test
2026-10-08T04:59:25.1099342Z test chunk_policy_ablation_preserves_quality_and_measures_structure ... ok
2026-10-08T04:59:25.1100112Z 
2026-10-08T04:59:25.1100814Z test result: ok. 1 passed; 0 failed; 0 ignored; 0 measured; 0 filtered out; finished in 0.95s
2026-10-08T04:59:25.1101216Z 
2026-10-08T04:59:25.1125423Z [1m[92m     Running[0m tests/p5a_boundaries.rs (target/debug/deps/p5a_boundaries-1553a969db5e1a10)
2026-10-08T04:59:25.1252337Z 
2026-10-08T04:59:25.1252614Z running 16 tests
2026-10-08T04:59:25.5128993Z test exact_paths_preserve_document_type_and_case_sensitive_scope ... ok
2026-10-08T04:59:25.5141019Z test absent_parser_method_signatures_are_not_fabricated_by_exact_lane ... ok
2026-10-08T04:59:25.5380871Z test exact_ambiguity_and_limit_are_scoped_before_truncation ... ok
2026-10-08T04:59:25.5762848Z test exact_lane_finds_a_split_definition_and_its_literal_signature ... ok
2026-10-08T04:59:25.7474257Z test finite_but_overflowing_ranking_config_cannot_emit_nonfinite_scores ... ok
2026-10-08T04:59:25.8382157Z test grep_execution_receipt_matches_zero_weight_and_empty_scope ... ok
2026-10-08T04:59:25.9575597Z test graph_lane_read_failure_is_visible_and_not_result_cached ... ok
2026-10-08T04:59:26.0882782Z test lexical_diagnostics_retain_native_bm25_not_reciprocal_rank ... ok
2026-10-08T04:59:26.1778988Z test graph_internal_seed_and_neighbor_limits_never_claim_complete ... ok
2026-10-08T04:59:26.2539277Z test literal_function_signature_uses_byte_columns_after_unicode_crlf_prefix ... ok
2026-10-08T04:59:26.3786052Z test path_token_budget_is_not_consumed_by_files_without_documents ... ok
2026-10-08T04:59:26.5288680Z test prose_short_words_cannot_cast_path_votes_but_short_path_queries_work ... ok
2026-10-08T04:59:26.5305801Z test identity_materialization_rejects_corruption_before_reranking ... ok
2026-10-08T04:59:26.5544372Z test path_token_truncation_is_explicit_and_bounded ... ok
2026-10-08T04:59:26.5995419Z test qualified_same_line_methods_do_not_promote_another_owner ... ok
2026-10-08T04:59:26.6770859Z test same_line_sibling_definitions_do_not_share_exact_identity ... ok
2026-10-08T04:59:26.6771459Z 
2026-10-08T04:59:26.6771906Z test result: ok. 16 passed; 0 failed; 0 ignored; 0 measured; 0 filtered out; finished in 1.55s
2026-10-08T04:59:26.6772525Z 
2026-10-08T04:59:26.6823756Z [1m[92m     Running[0m tests/p5a_cost.rs (target/debug/deps/p5a_cost-7a3839878deac9da)
2026-10-08T04:59:26.6873594Z 
2026-10-08T04:59:26.6873767Z running 1 test
2026-10-08T04:59:26.6876212Z test release_versioned_lane_costs_with_fixed_inputs ... ignored, explicit release P5-A lane/identity cost observations
2026-10-08T04:59:26.6876707Z 
2026-10-08T04:59:26.6877019Z test result: ok. 0 passed; 0 failed; 1 ignored; 0 measured; 0 filtered out; finished in 0.00s
2026-10-08T04:59:26.6877615Z 
2026-10-08T04:59:26.6878595Z [1m[92m     Running[0m tests/p5a_retrieval.rs (target/debug/deps/p5a_retrieval-8420f6e1de867f06)
2026-10-08T04:59:26.7021438Z 
2026-10-08T04:59:26.7021594Z running 2 tests
2026-10-08T04:59:26.7025284Z test real_mcp_exposes_versioned_exact_and_path_lanes ... ignored, requires explicit CODECORTEX_BENCH_BINARY; real MCP P5-A lane contract
2026-10-08T04:59:27.0112089Z test public_exact_and_path_lanes_are_versioned_scoped_and_replayable ... ok
2026-10-08T04:59:27.0112768Z 
2026-10-08T04:59:27.0113451Z test result: ok. 1 passed; 0 failed; 1 ignored; 0 measured; 0 filtered out; finished in 0.31s
2026-10-08T04:59:27.0114078Z 
2026-10-08T04:59:27.0132612Z [1m[92m     Running[0m tests/p5b_cost.rs (target/debug/deps/p5b_cost-9669fd8869e7fb20)
2026-10-08T04:59:27.0203307Z 
2026-10-08T04:59:27.0203968Z running 1 test
2026-10-08T04:59:27.0204545Z test release_bounded_admission_and_capacity_recovery ... ignored, explicit release P5-B bounded-execution cost observations
2026-10-08T04:59:27.0205355Z 
2026-10-08T04:59:27.0205619Z test result: ok. 0 passed; 0 failed; 1 ignored; 0 measured; 0 filtered out; finished in 0.00s
2026-10-08T04:59:27.0205971Z 
2026-10-08T04:59:27.0210100Z [1m[92m     Running[0m tests/p5b_execution.rs (target/debug/deps/p5b_execution-2fe22812f486b65a)
2026-10-08T04:59:27.0375088Z 
2026-10-08T04:59:27.0375266Z running 11 tests
2026-10-08T04:59:27.4370676Z test explicit_empty_scope_disables_optional_port_without_invoking_it ... ok
2026-10-08T04:59:27.4374398Z test explicit_expired_request_cannot_return_a_warm_cache_hit ... ok
2026-10-08T04:59:27.4397013Z test cancellation_and_future_drop_release_async_work_without_a_detached_task ... ok
2026-10-08T04:59:27.7079033Z test local_never_invokes_installed_port_and_missing_auto_is_local ... ok
2026-10-08T04:59:27.7080198Z test real_mcp_preserves_tool_schema_and_exposes_offline_query_policy ... ignored, requires explicit CODECORTEX_BENCH_BINARY; real stdio query policy/handles
2026-10-08T04:59:27.7112920Z test owned_handle_survives_idle_close_but_poison_recovery_invalidates_old_engine ... ok
2026-10-08T04:59:27.7308857Z test async_dispatch_preserves_resolution_freshness_and_project_identity ... ok
2026-10-08T04:59:27.7597284Z test partial_receipt_and_provider_panics_remain_visible_not_complete_empty ... ok
2026-10-08T04:59:27.9530909Z test semantic_candidates_are_hydrated_from_current_scoped_documents ... ok
2026-10-08T04:59:27.9669500Z test slow_fake_does_not_hold_codeindex_lock_or_the_only_sql_connection ... ok
2026-10-08T04:59:27.9760438Z test semantic_timeout_keeps_local_result_visible_and_does_not_cache_failure ... ok
2026-10-08T04:59:27.9761691Z 
2026-10-08T04:59:27.9762079Z test result: ok. 10 passed; 0 failed; 1 ignored; 0 measured; 0 filtered out; finished in 0.94s
2026-10-08T04:59:27.9762448Z 
2026-10-08T04:59:27.9804217Z [1m[92m     Running[0m tests/p5c_budget.rs (target/debug/deps/p5c_budget-e5e8db2c34f5adc9)
2026-10-08T04:59:27.9954426Z 
2026-10-08T04:59:27.9954604Z running 10 tests
2026-10-08T04:59:28.3852700Z test malformed_context_objects_fail_without_panicking_or_erasing_old_status ... ok
2026-10-08T04:59:28.4096124Z test actual_async_response_counts_final_freshness_and_survives_repacking ... ok
2026-10-08T04:59:28.5800138Z test malformed_packing_status_cannot_be_interpreted_as_complete ... ok
2026-10-08T04:59:28.5950675Z test first_huge_body_becomes_reference_not_unbounded_or_fake_slice ... ok
2026-10-08T04:59:28.7918647Z test projected_lane_receipts_keep_partial_errors_and_reject_bad_headers ... ok
2026-10-08T04:59:28.7946303Z test real_stdio_search_preserves_full_json_budget_and_source_proofs ... ignored, explicit CODECORTEX_BENCH_BINARY; real MCP structured response budget
2026-10-08T04:59:28.8055942Z test post_handler_metadata_and_old_omission_flags_share_final_budget ... ok
2026-10-08T04:59:28.8767781Z test oversized_graph_and_diagnostic_metadata_yield_before_primary_source ... ok
2026-10-08T04:59:29.0022283Z test small_source_survives_metadata_compaction_and_size_is_self_accounted ... ok
2026-10-08T04:59:29.4920990Z test lower_rank_references_never_evict_a_fitting_primary_body ... ok
2026-10-08T04:59:29.4925493Z 
2026-10-08T04:59:29.4926082Z test result: ok. 9 passed; 0 failed; 1 ignored; 0 measured; 0 filtered out; finished in 1.50s
2026-10-08T04:59:29.4926888Z 
2026-10-08T04:59:29.4973513Z [1m[92m     Running[0m tests/p5c_cost.rs (target/debug/deps/p5c_cost-da923048fcdb427e)
2026-10-08T04:59:29.5020053Z 
2026-10-08T04:59:29.5020224Z running 1 test
2026-10-08T04:59:29.5022414Z test release_final_evidence_and_packing_costs ... ignored, explicit release P5-C final evidence/packing cost observations
2026-10-08T04:59:29.5022913Z 
2026-10-08T04:59:29.5023486Z test result: ok. 0 passed; 0 failed; 1 ignored; 0 measured; 0 filtered out; finished in 0.00s
2026-10-08T04:59:29.5024110Z 
2026-10-08T04:59:29.5025300Z [1m[92m     Running[0m tests/p5c_hydration.rs (target/debug/deps/p5c_hydration-55d612e6c5262aad)
2026-10-08T04:59:29.5188746Z 
2026-10-08T04:59:29.5189060Z running 11 tests
2026-10-08T04:59:29.9894195Z test final_hits_preserve_original_utf8_crlf_proofs_and_metadata ... ok
2026-10-08T04:59:29.9895790Z test disk_changes_and_deletions_are_explicit_omissions_not_new_source ... ok
2026-10-08T04:59:29.9936441Z test dense_omission_persists_across_hydration_windows_but_generation_changes_fail ... ok
2026-10-08T04:59:30.0314502Z test current_dense_basis_keeps_final_response_complete ... ok
2026-10-08T04:59:30.2546364Z test no_lane_may_substitute_final_identity_coordinates_or_scope ... ok
2026-10-08T04:59:30.2778287Z test graph_nodes_and_post_handler_metadata_keep_the_same_scope_and_generation ... ok
2026-10-08T04:59:30.2824346Z test real_space_switch_during_recall_rejects_the_old_generation ... ok
2026-10-08T04:59:30.3099875Z test stable_generation_with_skipped_dense_basis_is_partial_in_final_response ... ok
2026-10-08T04:59:30.4662499Z test swap_same_epoch_and_cancel_reject_final_publication ... ok
2026-10-08T04:59:30.5047024Z test warm_context_revalidates_the_full_record_not_only_its_reference_mirror ... ok
2026-10-08T04:59:30.5094702Z test warmed_search_cannot_hide_deleted_manifest_or_forged_snapshot ... ok
2026-10-08T04:59:30.5096243Z 
2026-10-08T04:59:30.5097341Z test result: ok. 11 passed; 0 failed; 0 ignored; 0 measured; 0 filtered out; finished in 0.99s
2026-10-08T04:59:30.5097924Z 
2026-10-08T04:59:30.5142701Z [1m[92m     Running[0m tests/p5c_selection.rs (target/debug/deps/p5c_selection-19ec65c66fa8914d)
2026-10-08T04:59:30.5276141Z 
2026-10-08T04:59:30.5276376Z running 8 tests
2026-10-08T04:59:30.9694549Z test duplicate_source_is_suppressed_but_cross_file_copy_is_not ... ok
2026-10-08T04:59:30.9705943Z test a_single_file_can_contribute_multiple_disjoint_pieces ... ok
2026-10-08T04:59:30.9715615Z test fix_reserves_test_evidence_but_never_displaces_rank_one ... ok
2026-10-08T04:59:30.9719360Z test auxiliary_metadata_does_not_change_read_generation ... ok
2026-10-08T04:59:31.2784184Z test locate_keeps_rank_order_without_forced_file_diversity ... ok
2026-10-08T04:59:31.2801133Z test only_selected_evidence_can_suppress_an_overlapping_facet ... ok
2026-10-08T04:59:31.2802213Z test malformed_incarnation_fails_even_when_result_is_warm ... ok
2026-10-08T04:59:31.3075335Z test public_context_reports_selection_and_cache_windows_do_not_alias ... ok
2026-10-08T04:59:31.3075768Z 
2026-10-08T04:59:31.3076063Z test result: ok. 8 passed; 0 failed; 0 ignored; 0 measured; 0 filtered out; finished in 0.78s
2026-10-08T04:59:31.3076435Z 
2026-10-08T04:59:31.3105654Z [1m[92m     Running[0m tests/p5d_contract.rs (target/debug/deps/p5d_contract-a2da400c48217a10)
2026-10-08T04:59:31.3199635Z 
2026-10-08T04:59:31.3199795Z running 2 tests
2026-10-08T04:59:31.3204808Z test real_stdio_policy_override_and_capability_state ... ignored, explicit CODECORTEX_BENCH_BINARY; actual public policy and capabilities contract
2026-10-08T04:59:31.3277304Z test policy_parameters_are_optional_strict_and_documented ... ok
2026-10-08T04:59:31.3277695Z 
2026-10-08T04:59:31.3277984Z test result: ok. 1 passed; 0 failed; 1 ignored; 0 measured; 0 filtered out; finished in 0.01s
2026-10-08T04:59:31.3278378Z 
2026-10-08T04:59:31.3280843Z [1m[92m     Running[0m tests/p5d_cost.rs (target/debug/deps/p5d_cost-710220f034c89bc0)
2026-10-08T04:59:31.3410022Z 
2026-10-08T04:59:31.3410196Z running 1 test
2026-10-08T04:59:31.3414023Z test release_idle_sweep_preserves_pins_and_recovers_after_release ... ignored, explicit release P5-D idle/pin lifecycle cost
2026-10-08T04:59:31.3414685Z 
2026-10-08T04:59:31.3415214Z test result: ok. 0 passed; 0 failed; 1 ignored; 0 measured; 0 filtered out; finished in 0.00s
2026-10-08T04:59:31.3415738Z 
2026-10-08T04:59:31.3417213Z [1m[92m     Running[0m tests/p5d_runtime.rs (target/debug/deps/p5d_runtime-44f91ffeee660612)
2026-10-08T04:59:31.3548012Z 
2026-10-08T04:59:31.3548221Z running 10 tests
2026-10-08T04:59:31.4537335Z test cancelled_blocking_work_keeps_pin_until_actual_exit ... ok
2026-10-08T04:59:31.4538144Z test concurrent_cold_routes_share_one_instance_and_build_gate ... ok
2026-10-08T04:59:31.4906108Z test dropping_session_stops_recurring_tasks_and_releases_cached_db ... ok
2026-10-08T04:59:31.7108705Z test capability_readiness_distinguishes_absence_empty_error_and_semantic_port ... ok
2026-10-08T04:59:31.7144624Z test explicit_unconfigured_semantic_is_never_reported_ready ... ok
2026-10-08T04:59:31.7176289Z test cloned_views_hold_one_lease_until_last_drop ... ok
2026-10-08T04:59:31.7675219Z test idle_sweep_never_waits_for_write_or_build_lock ... ok
2026-10-08T04:59:31.8192852Z test explicit_context_policy_cannot_bypass_optional_port_via_direct_symbols ... ok
2026-10-08T04:59:32.3550041Z test inflight_recall_survives_idle_and_lru_then_reclaims_resources ... ok
2026-10-08T04:59:32.7701399Z test shutdown_prevents_late_watcher_and_idle_restart ... ok
2026-10-08T04:59:32.7701845Z 
2026-10-08T04:59:32.7702252Z test result: ok. 10 passed; 0 failed; 0 ignored; 0 measured; 0 filtered out; finished in 1.42s
2026-10-08T04:59:32.7702809Z 
2026-10-08T04:59:32.7756621Z [1m[92m     Running[0m tests/p5e_ablation.rs (target/debug/deps/p5e_ablation-348b7277f92b7f68)
2026-10-08T04:59:32.7913276Z 
2026-10-08T04:59:32.7913664Z running 4 tests
2026-10-08T04:59:32.7916648Z test p5e_release_mixed_c1_c4_c8_c16 ... ignored, explicit release diagnostic; set P5E_MIXED_OUT to unique artifact directory
2026-10-08T04:59:32.8142321Z test impossible_facet_is_rejected_before_starting_product ... ok
2026-10-08T04:59:33.1566105Z test unrelated_query_cannot_buy_latency_by_losing_a_required_facet ... ok
2026-10-08T04:59:33.4658656Z test mixed_public_dispatch_preserves_all_samples_and_facets ... ok
2026-10-08T04:59:33.4659002Z 
2026-10-08T04:59:33.4659261Z test result: ok. 3 passed; 0 failed; 1 ignored; 0 measured; 0 filtered out; finished in 0.67s
2026-10-08T04:59:33.4659619Z 
2026-10-08T04:59:33.4694741Z [1m[92m     Running[0m tests/p5e_context_facets.rs (target/debug/deps/p5e_context_facets-d7767251fe253ccf)
2026-10-08T04:59:33.4831549Z 
2026-10-08T04:59:33.4831745Z running 2 tests
2026-10-08T04:59:33.8002655Z test distinctive_program_support_is_literal_bounded_owned_and_not_injected ... ok
2026-10-08T04:59:34.4570179Z test mixed_language_framework_context_preserves_the_requested_handler ... ok
2026-10-08T04:59:34.4570628Z 
2026-10-08T04:59:34.4570894Z test result: ok. 2 passed; 0 failed; 0 ignored; 0 measured; 0 filtered out; finished in 0.97s
2026-10-08T04:59:34.4571235Z 
2026-10-08T04:59:34.4606566Z [1m[92m     Running[0m tests/p5e_graph_anchor.rs (target/debug/deps/p5e_graph_anchor-78f21ea41563ac6a)
2026-10-08T04:59:34.4756978Z 
2026-10-08T04:59:34.4757348Z running 8 tests
2026-10-08T04:59:34.8987466Z test graph_neighbor_of_a_long_function_has_a_real_declaration_document ... ok
2026-10-08T04:59:34.9231476Z test edited_then_deleted_graph_anchors_do_not_keep_old_document_versions ... ok
2026-10-08T04:59:35.0881818Z test graph_candidates_reject_a_corrupted_document_manifest ... ok
2026-10-08T04:59:35.1526317Z test nested_and_duplicate_file_uids_respect_hard_scope_and_cancellation ... ok
2026-10-08T04:59:35.3856268Z test same_line_same_name_methods_keep_their_container_uids ... ok
2026-10-08T04:59:35.3896148Z test same_line_unicode_siblings_do_not_share_the_graph_declaration_anchor ... ok
2026-10-08T04:59:39.1618641Z test real_bidirectional_fanout_maps_all_twenty_seeds_and_four_hundred_neighbors ... ok
2026-10-08T04:59:42.1979101Z test four_hundred_twenty_real_uids_use_batched_projection_and_bounded_prefix_reads ... ok
2026-10-08T04:59:42.1979547Z 
2026-10-08T04:59:42.1979805Z test result: ok. 8 passed; 0 failed; 0 ignored; 0 measured; 0 filtered out; finished in 7.72s
2026-10-08T04:59:42.1980159Z 
2026-10-08T04:59:42.2120914Z [1m[92m     Running[0m tests/p5e_identifier.rs (target/debug/deps/p5e_identifier-56b7c866afcb97d3)
2026-10-08T04:59:42.2262192Z 
2026-10-08T04:59:42.2262652Z running 2 tests
2026-10-08T04:59:42.5660687Z test lexical_atom_budget_is_visible_not_a_complete_absence_claim ... ok
2026-10-08T04:59:42.5910457Z test unknown_compound_identifier_does_not_recall_a_generic_loop_word ... ok
2026-10-08T04:59:42.5910835Z 
2026-10-08T04:59:42.5911106Z test result: ok. 2 passed; 0 failed; 0 ignored; 0 measured; 0 filtered out; finished in 0.36s
2026-10-08T04:59:42.5911475Z 
2026-10-08T04:59:42.5954196Z [1m[92m     Running[0m tests/p5e_path_domain.rs (target/debug/deps/p5e_path_domain-ff9d65466db0cd5e)
2026-10-08T04:59:42.6122360Z 
2026-10-08T04:59:42.6122686Z running 6 tests
2026-10-08T04:59:43.4466387Z test actual_core_language_file_scope_and_markdown_identity_are_preserved ... ok
2026-10-08T04:59:45.9696178Z test large_exact_file_is_still_truthfully_candidate_limited ... ok
2026-10-08T04:59:46.2263965Z test real_path_lane_sql_tripwire_proves_exact_branch_does_not_scan_token_fts ... ok
2026-10-08T04:59:46.7310097Z test canonical_exact_indexed_path_avoids_unrelated_thousand_file_token_inventory ... ok
2026-10-08T04:59:47.1527027Z test exact_document_domain_edit_delete_and_stale_source_do_not_reuse_old_bodies ... ok
2026-10-08T04:59:47.3741884Z test absent_basename_and_natural_language_paths_do_not_borrow_exact_doc_completeness ... ok
2026-10-08T04:59:47.3742680Z 
2026-10-08T04:59:47.3744412Z test result: ok. 6 passed; 0 failed; 0 ignored; 0 measured; 0 filtered out; finished in 4.76s
2026-10-08T04:59:47.3745372Z 
2026-10-08T04:59:47.3859251Z [1m[92m     Running[0m tests/p5e_priority_pressure.rs (target/debug/deps/p5e_priority_pressure-bbebd60bb91f3148)
2026-10-08T04:59:47.4031436Z 
2026-10-08T04:59:47.4031708Z running 2 tests
2026-10-08T04:59:47.8954090Z test known_domain_prose_compaction_has_numeric_width_margin_and_preserves_unknown_labels ... ok
2026-10-08T04:59:48.6354108Z test real_final_mcp_context_keeps_trusted_facet_then_support_then_incidental_under_caps ... ok
2026-10-08T04:59:48.6355170Z 
2026-10-08T04:59:48.6355873Z test result: ok. 2 passed; 0 failed; 0 ignored; 0 measured; 0 filtered out; finished in 1.23s
2026-10-08T04:59:48.6356490Z 
2026-10-08T04:59:48.6396348Z [1m[92m     Running[0m tests/p7_mechanism_stdio.rs (target/debug/deps/p7_mechanism_stdio-0d9e559b424f726a)
2026-10-08T04:59:48.6441252Z 
2026-10-08T04:59:48.6441560Z running 0 tests
2026-10-08T04:59:48.6441868Z 
2026-10-08T04:59:48.6442484Z test result: ok. 0 passed; 0 failed; 0 ignored; 0 measured; 0 filtered out; finished in 0.00s
2026-10-08T04:59:48.6443115Z 
2026-10-08T04:59:48.6444287Z [1m[92m     Running[0m tests/p7_partial_budget.rs (target/debug/deps/p7_partial_budget-2f97859924a75457)
2026-10-08T04:59:48.6581577Z 
2026-10-08T04:59:48.6581897Z running 4 tests
2026-10-08T04:59:49.1661810Z test source_only_partial_survives_removal_of_dense_fence_details ... ok
2026-10-08T04:59:49.1689283Z test partial_dense_candidates_remain_usable_without_losing_receipt_counts_or_scores ... ok
2026-10-08T04:59:49.3149225Z test budget_omission_cannot_upgrade_complete_dense_recall_to_empty_no_match ... ok
2026-10-08T04:59:49.9519585Z test executed_lane_states_survive_real_projection_and_empty_result_classification ... ok
2026-10-08T04:59:49.9520012Z 
2026-10-08T04:59:49.9520269Z test result: ok. 4 passed; 0 failed; 0 ignored; 0 measured; 0 filtered out; finished in 1.29s
2026-10-08T04:59:49.9520628Z 
2026-10-08T04:59:49.9551646Z [1m[92m     Running[0m tests/p7_strategy_ablation.rs (target/debug/deps/p7_strategy_ablation-d04bf686ce27b069)
2026-10-08T04:59:49.9568203Z 
2026-10-08T04:59:49.9568504Z running 8 tests
2026-10-08T04:59:49.9584105Z test actual_stdio_local_and_auto_have_equal_effective_budget_and_verified_source ... ignored, requires explicit current product path and SHA256; mechanism smoke, no quality certification
2026-10-08T04:59:49.9585879Z test configuration_rejects_implicit_network_remote_endpoint_and_fake_dense_name ... ok
2026-10-08T04:59:49.9588764Z test paired_effects_use_family_units_and_do_not_label_fake_scores_as_quality ... ok
2026-10-08T04:59:49.9596007Z test readiness_requires_checked_space_and_real_dense_coverage_not_file_count ... ok
2026-10-08T04:59:49.9612881Z test strategy_rejection_keeps_original_public_response_and_replay_cannot_self_authorize ... ok
2026-10-08T04:59:49.9613636Z test public_budget_checks_policy_final_bytes_and_numeric_scope_without_rewriting_partial ... ok
2026-10-08T04:59:49.9614219Z test equal_top_k_does_not_hide_different_output_cap_or_hard_scope ... ok
2026-10-08T04:59:49.9699337Z test pending_dense_readiness_is_bounded_and_close_still_releases_client ... ok
2026-10-08T04:59:49.9699948Z 
2026-10-08T04:59:49.9700415Z test result: ok. 7 passed; 0 failed; 1 ignored; 0 measured; 0 filtered out; finished in 0.01s
2026-10-08T04:59:49.9701102Z 
2026-10-08T04:59:49.9703900Z [1m[92m     Running[0m tests/p7_strategy_stdio.rs (target/debug/deps/p7_strategy_stdio-e62113a63f123c07)
2026-10-08T04:59:49.9714648Z 
2026-10-08T04:59:49.9714832Z running 0 tests
2026-10-08T04:59:49.9715253Z 
2026-10-08T04:59:49.9717307Z test result: ok. 0 passed; 0 failed; 0 ignored; 0 measured; 0 filtered out; finished in 0.00s
2026-10-08T04:59:49.9717927Z 
2026-10-08T04:59:49.9718661Z [1m[92m     Running[0m tests/p7_validation_work.rs (target/debug/deps/p7_validation_work-a1b1daaa056e9a8e)
2026-10-08T04:59:49.9737873Z 
2026-10-08T04:59:49.9738072Z running 5 tests
2026-10-08T04:59:50.2666521Z test projection_failure_is_visible_and_multiple_batches_count_actual_yielded_rows ... ok
2026-10-08T04:59:50.2690802Z test failed_source_record_checks_keep_the_work_performed_before_rejection ... ok
2026-10-08T04:59:50.2915642Z test current_context_validation_is_charged_again_on_a_real_graph_cache_hit ... ok
2026-10-08T04:59:50.3506535Z test empty_and_prequery_refusal_are_zero_but_missing_locators_are_measured ... ok
2026-10-08T04:59:50.4203507Z test repeated_validation_resets_cached_statements_and_accumulates_only_named_work ... ok
2026-10-08T04:59:50.4204188Z 
2026-10-08T04:59:50.4204457Z test result: ok. 5 passed; 0 failed; 0 ignored; 0 measured; 0 filtered out; finished in 0.45s
2026-10-08T04:59:50.4204818Z 
2026-10-08T04:59:50.4227815Z [1m[92m     Running[0m tests/p7_worker_contention.rs (target/debug/deps/p7_worker_contention-834ae76411e0afc2)
2026-10-08T04:59:50.4238324Z 
2026-10-08T04:59:50.4238493Z running 0 tests
2026-10-08T04:59:50.4238747Z 
2026-10-08T04:59:50.4240682Z test result: ok. 0 passed; 0 failed; 0 ignored; 0 measured; 0 filtered out; finished in 0.00s
2026-10-08T04:59:50.4241764Z [1m[92m     Running[0m tests/p8_load.rs (target/debug/deps/p8_load-572e842f74b0d65d)
2026-10-08T04:59:50.4242142Z 
2026-10-08T04:59:50.4252765Z 
2026-10-08T04:59:50.4252948Z running 9 tests
2026-10-08T04:59:53.0600144Z test cli_keeps_indexes_inside_fixtures_despite_an_inherited_external_cache_override ... ok
2026-10-08T04:59:53.0601718Z test configuration_bounds_reject_unbounded_or_ambiguous_profiles_before_writing ... ok
2026-10-08T04:59:53.1636560Z test burst_admission_preserves_rejections_and_deadline_failures_in_denominators ... ok
2026-10-08T04:59:53.2046369Z test cancellation_stops_offering_drains_and_keeps_final_reconciliation ... ok
2026-10-08T04:59:53.4032786Z test artifact_budget_and_existing_output_fail_without_truncating_evidence ... ok
2026-10-08T04:59:54.4236667Z test total_deadline_kills_worker_and_keeps_nonzero_partial_receipt ... ok
2026-10-08T04:59:54.6108788Z test worker_checks_its_actual_executable_digest_before_running_a_fixture ... ok
2026-10-08T04:59:55.8829682Z test supervisor_rejects_a_binary_removed_after_the_worker_self_check ... ok
2026-10-08T05:00:00.7770750Z test real_mixed_load_drains_and_retains_exact_oracle_failure_or_success ... ok
2026-10-08T05:00:00.7771125Z 
2026-10-08T05:00:00.7771660Z test result: ok. 9 passed; 0 failed; 0 ignored; 0 measured; 0 filtered out; finished in 10.35s
2026-10-08T05:00:00.7772043Z 
2026-10-08T05:00:00.7776008Z [1m[92m     Running[0m tests/p8_measurements.rs (target/debug/deps/p8_measurements-e26c0f1b4e92ca27)
2026-10-08T05:00:00.7793645Z 
2026-10-08T05:00:00.7793904Z running 12 tests
2026-10-08T05:00:00.7800493Z test binomial_interval_matches_enumerated_small_sample_coverage ... ok
2026-10-08T05:00:00.7801723Z test costs_reject_conflicts_and_preserve_missing_overflow_and_duplicate_charge_uncertainty ... ok
2026-10-08T05:00:00.7803788Z test costs_separate_currency_basis_and_deduplicate_receipts_without_assuming_usage ... ok
2026-10-08T05:00:00.7816622Z test disk_conflicts_empty_identity_and_overflow_cannot_produce_valid_total ... ok
2026-10-08T05:00:00.7817979Z test disk_layout_counts_shared_storage_once_and_never_totals_partial_coverage ... ok
2026-10-08T05:00:00.7819334Z test full_attempt_denominator_retains_timeouts_errors_partials_and_missing_times ... ok
2026-10-08T05:00:00.7820487Z test lifecycle_requires_direct_consistent_evidence ... ok
2026-10-08T05:00:00.7821579Z test measured_zero_differs_from_missing_and_memory_alternatives_are_not_added ... ok
2026-10-08T05:00:00.7824830Z test ps_tree_uses_checked_sum_and_never_discards_unreadable_children ... ok
2026-10-08T05:00:00.7826498Z test distribution_and_interval_keep_one_nearest_rank_convention ... ok
2026-10-08T05:00:00.7833321Z test tail_intervals_do_not_disguise_small_sample_or_unbounded_p99 ... ok
2026-10-08T05:00:00.8509286Z test existing_runner_and_replay_emit_all_attempt_and_resource_ledgers ... ok
2026-10-08T05:00:00.8509896Z 
2026-10-08T05:00:00.8510336Z test result: ok. 12 passed; 0 failed; 0 ignored; 0 measured; 0 filtered out; finished in 0.07s
2026-10-08T05:00:00.8510994Z 
2026-10-08T05:00:00.8513704Z [1m[92m     Running[0m tests/p8_route_reload.rs (target/debug/deps/p8_route_reload-be3c472f71de4f33)
2026-10-08T05:00:00.8635307Z 
2026-10-08T05:00:00.8635575Z running 1 test
2026-10-08T05:00:01.4760845Z test api_edit_keeps_route_manifest_equal_to_full_and_preserves_route_nodes ... ok
2026-10-08T05:00:01.4761849Z 
2026-10-08T05:00:01.4786068Z test result: ok. 1 passed; 0 failed; 0 ignored; 0 measured; 0 filtered out; finished in 0.61s
2026-10-08T05:00:01.4787227Z 
2026-10-08T05:00:01.4789308Z [1m[92m     Running[0m tests/p8_scale.rs (target/debug/deps/p8_scale-720f27c90ee7a5e7)
2026-10-08T05:00:01.4970017Z 
2026-10-08T05:00:01.4970477Z running 6 tests
2026-10-08T05:00:01.5029306Z test matrix_and_release_admission_are_explicit_and_bounded ... ok
2026-10-08T05:00:03.0836283Z test failed_independent_fanout_truth_remains_a_failure ... ok
2026-10-08T05:00:03.0985922Z test subprocess_descendant_cannot_hold_stderr_past_worker_deadline ... ok
2026-10-08T05:00:03.1205974Z test subprocess_deadline_preserves_report_and_rejects_output_reuse ... ok
2026-10-08T05:00:42.3518759Z test configured_evidence_budget_stops_without_overwriting_partial_raw ... ok
2026-10-08T05:00:59.8974733Z test real_scale_smoke_preserves_builds_counts_mutations_and_full_parity ... ok
2026-10-08T05:00:59.8975604Z 
2026-10-08T05:00:59.8976080Z test result: ok. 6 passed; 0 failed; 0 ignored; 0 measured; 0 filtered out; finished in 58.40s
2026-10-08T05:00:59.8976680Z 
2026-10-08T05:00:59.8997847Z [1m[92m     Running[0m tests/packing_scope_v1.rs (target/debug/deps/packing_scope_v1-54b4f47b031a5b30)
2026-10-08T05:00:59.9168785Z 
2026-10-08T05:00:59.9169054Z running 3 tests
2026-10-08T05:01:00.3486748Z test maximum_numeric_width_preserves_proofs_counts_and_second_pack ... ok
2026-10-08T05:01:00.4207118Z test known_scope_mapping_requires_pressure_and_exact_bytes ... ok
2026-10-08T05:01:00.4489086Z test near_known_labels_are_unchanged_and_repacking_never_resurrects_bodies ... ok
2026-10-08T05:01:00.4489600Z 
2026-10-08T05:01:00.4490002Z test result: ok. 3 passed; 0 failed; 0 ignored; 0 measured; 0 filtered out; finished in 0.53s
2026-10-08T05:01:00.4490633Z 
2026-10-08T05:01:00.4532002Z [1m[92m     Running[0m tests/packing_validation_work.rs (target/debug/deps/packing_validation_work-3868e234ee9e2039)
2026-10-08T05:01:00.4661086Z 
2026-10-08T05:01:00.4661360Z running 3 tests
2026-10-08T05:01:00.9116231Z test optional_work_yields_before_full_lane_and_hit_metadata_projection ... ok
2026-10-08T05:01:00.9448659Z test optional_work_yields_only_to_a_fitting_complete_body_and_stays_omitted ... ok
2026-10-08T05:01:02.4541590Z test failed_omission_preserves_whole_receipt_and_marker_value_or_absence ... ok
2026-10-08T05:01:02.4545464Z 
2026-10-08T05:01:02.4566290Z test result: ok. 3 passed; 0 failed; 0 ignored; 0 measured; 0 filtered out; finished in 1.99s
2026-10-08T05:01:02.4566834Z 
2026-10-08T05:01:02.4570826Z [1m[92m     Running[0m tests/scale_bench.rs (target/debug/deps/scale_bench-69020dd5373885ed)
2026-10-08T05:01:02.4733736Z 
2026-10-08T05:01:02.4734027Z running 4 tests
2026-10-08T05:01:02.4739115Z test bench_synthetic_10k ... ignored, synthetic 10k-file scale benchmark; run explicitly
2026-10-08T05:01:02.4739838Z test bench_synthetic_1k ... ignored, synthetic 1k-file scale benchmark; run explicitly
2026-10-08T05:01:02.4741087Z test bench_synthetic_50k ... ignored, synthetic 50k-file scale benchmark; additionally gated behind CODECORTEX_BENCH_50K=1
2026-10-08T05:01:02.4741916Z test profile_cold_build_scaling ... ignored, cold-build scaling profiler; run explicitly
2026-10-08T05:01:02.4742352Z 
2026-10-08T05:01:02.4742638Z test result: ok. 0 passed; 0 failed; 4 ignored; 0 measured; 0 filtered out; finished in 0.00s
2026-10-08T05:01:02.4743036Z 
2026-10-08T05:01:02.4745874Z [1m[92m     Running[0m tests/semantic_lifecycle.rs (target/debug/deps/semantic_lifecycle-2a685c2cac367bbd)
2026-10-08T05:01:02.4791494Z 
2026-10-08T05:01:02.4791675Z running 0 tests
2026-10-08T05:01:02.4793413Z 
2026-10-08T05:01:02.4793874Z test result: ok. 0 passed; 0 failed; 0 ignored; 0 measured; 0 filtered out; finished in 0.00s
2026-10-08T05:01:02.4795606Z [1m[92m     Running[0m tests/soak.rs (target/debug/deps/soak-2b76f8118a86302f)
2026-10-08T05:01:02.4796338Z 
2026-10-08T05:01:02.4950877Z 
2026-10-08T05:01:02.4951234Z running 1 test
2026-10-08T05:01:02.4952176Z test soak_mcp_session_rss ... ignored, long-running RSS soak; run explicitly with CODECORTEX_SOAK_SECS
2026-10-08T05:01:02.4953034Z 
2026-10-08T05:01:02.4953568Z test result: ok. 0 passed; 0 failed; 1 ignored; 0 measured; 0 filtered out; finished in 0.00s
2026-10-08T05:01:02.4954313Z 
2026-10-08T05:01:02.4956075Z [1m[92m     Running[0m tests/v16_cache_read_soak.rs (target/debug/deps/v16_cache_read_soak-65f70337710cb7f5)
2026-10-08T05:01:02.4998565Z 
2026-10-08T05:01:02.4999074Z running 0 tests
2026-10-08T05:01:02.4999370Z 
2026-10-08T05:01:02.4999906Z test result: ok. 0 passed; 0 failed; 0 ignored; 0 measured; 0 filtered out; finished in 0.00s
2026-10-08T05:01:02.5000446Z 
2026-10-08T05:01:02.5001884Z [1m[92m     Running[0m tests/v16_resource_bounds.rs (target/debug/deps/v16_resource_bounds-da5c76effaa200b6)
2026-10-08T05:01:02.5055941Z 
2026-10-08T05:01:02.5056227Z running 0 tests
2026-10-08T05:01:02.5056979Z 
2026-10-08T05:01:02.5057539Z test result: ok. 0 passed; 0 failed; 0 ignored; 0 measured; 0 filtered out; finished in 0.00s
2026-10-08T05:01:02.5058433Z 
2026-10-08T05:01:02.5061562Z [1m[92m     Running[0m unittests src/lib.rs (target/debug/deps/cc_index-698f0b010b0c1c77)
2026-10-08T05:01:02.5218198Z 
2026-10-08T05:01:02.5218472Z running 403 tests
2026-10-08T05:01:02.9403312Z test build_plan::tests::prepare_commit_matches_execute ... ok
2026-10-08T05:01:03.0991403Z test build_plan::tests::scoped_build_falls_back_to_full_walk_when_unsafe ... ok
2026-10-08T05:01:03.1636600Z test build_plan::tests::full_and_incremental_builds_store_identical_chunk_rows ... ok
2026-10-08T05:01:03.2657291Z test build_plan::tests::scoped_build_hints_gate_config_and_infra_walks ... ok
2026-10-08T05:01:03.4643290Z test build_plan::tests::catalog_cache_reuse_matches_full_rebuild ... ok
2026-10-08T05:01:03.5180037Z test build_plan::tests::seed_cache_matches_full_reload_across_incremental_builds ... ok
2026-10-08T05:01:03.5986127Z test build_plan::tests::scoped_build_scopes_work_and_preserves_dirty_closure ... ok
2026-10-08T05:01:03.5998264Z test community::tests::aggregation_improves_or_matches_on_ring_of_triangles ... ok
2026-10-08T05:01:03.6001382Z test community::tests::deterministic ... ok
2026-10-08T05:01:03.6016155Z test community::tests::empty_graph ... ok
2026-10-08T05:01:03.6031124Z test community::tests::multi_level_not_worse_than_single_level ... ok
2026-10-08T05:01:03.6036515Z test community::tests::prune_edges_keeps_heaviest_pairs_deterministically ... ok
2026-10-08T05:01:03.6037814Z test community::tests::prune_edges_noop_under_cap ... ok
2026-10-08T05:01:03.6038982Z test community::tests::prune_edges_preserves_strong_cluster_for_louvain ... ok
2026-10-08T05:01:03.6048267Z test community::tests::two_clusters ... ok
2026-10-08T05:01:03.6072277Z test config_linker::tests::config_files_signature_tracks_set_and_stat_changes ... ok
2026-10-08T05:01:03.6086405Z test config_linker::tests::scan_then_resolve_links_all_three_channels_and_survives_serde ... ok
2026-10-08T05:01:03.6111794Z test dirty_closure::tests::fixpoint_allows_promotions_exactly_at_budget ... ok
2026-10-08T05:01:03.6113907Z test dirty_closure::tests::fixpoint_bails_when_round_one_exceeds_budget ... ok
2026-10-08T05:01:03.6129147Z test dirty_closure::tests::fixpoint_converges_on_import_cycles ... ok
2026-10-08T05:01:03.6131903Z test dirty_closure::tests::fixpoint_promotes_transitive_importers ... ok
2026-10-08T05:01:03.6136407Z test dirty_closure::tests::fixpoint_reevaluates_promoted_siblings_for_reexport_chains ... ok
2026-10-08T05:01:03.6139190Z test dirty_closure::tests::fixpoint_stops_at_round_cap_with_partial_closure ... ok
2026-10-08T05:01:03.6140493Z test dirty_closure::tests::fixpoint_truncates_to_complete_rounds_when_budget_exceeded ... ok
2026-10-08T05:01:03.6141675Z test dirty_closure::tests::status_serializes_snake_case ... ok
2026-10-08T05:01:03.6142734Z test dirty_reload_policy::tests::conversion_clears_per_policy_and_keeps_the_rest ... ok
2026-10-08T05:01:03.6144416Z test dirty_reload_policy::tests::hierarchy_relations_are_regenerated_for_batch_files ... ok
2026-10-08T05:01:03.6145958Z test dirty_reload_policy::tests::local_state_categories_are_kept_as_is ... ok
2026-10-08T05:01:03.6147181Z test dirty_reload_policy::tests::resolver_resolved_categories_clear_resolved_targets ... ok
2026-10-08T05:01:03.6148459Z test dirty_reload_policy::tests::resolver_resolved_relations_clear_resolved_targets ... ok
2026-10-08T05:01:03.6149666Z test dirty_reload_policy::tests::unknown_relation_clears_conservatively ... ok
2026-10-08T05:01:03.6718869Z test build_plan::tests::staged_commit_matches_bundled_commit ... ok
2026-10-08T05:01:03.8095843Z test dispatch_synthesis::tests::interface_dispatch_fanout_cap_skips_high_fanout ... ok
2026-10-08T05:01:03.8199064Z test build_plan::tests::stale_prepared_build_is_rejected_at_commit ... ok
2026-10-08T05:01:03.8216863Z test dispatch_synthesis::tests::declared_owned_sets_cover_every_synthesized_edge ... ok
2026-10-08T05:01:03.9207720Z test dispatch_synthesis::tests::interface_dispatch_one_implementor_produces_synthetic_edge ... ok
2026-10-08T05:01:03.9213820Z test dispatch_synthesis::tests::registry_pins_pass_order_and_owned_edge_kinds ... ok
2026-10-08T05:01:04.0307990Z test dispatch_synthesis::tests::mid_compute_failure_leaves_database_and_write_lock_untouched ... ok
2026-10-08T05:01:04.0442069Z test dispatch_synthesis::tests::interface_only_round_reads_committed_dispatch_kind_edges ... ok
2026-10-08T05:01:04.1133781Z test dispatch_synthesis::tests::vue_child_component_produces_renders_component_edge ... ok
2026-10-08T05:01:04.1310118Z test dispatch_synthesis::tests::vue_event_handler_produces_call_edge ... ok
2026-10-08T05:01:04.1312695Z test documents::render::tests::manifest_refuses_foreign_estimator_or_drifted_estimate ... ok
2026-10-08T05:01:04.1320393Z test documents::render::tests::manifest_reports_exact_final_bytes_and_the_declared_estimate ... ok
2026-10-08T05:01:04.1327799Z test framework_registry::tests::normalize_route_framework_preserves_alias_granularity_and_fixes_orphan_canonicals ... ok
2026-10-08T05:01:04.1686112Z test dispatch_synthesis::tests::vue_synthesis_no_dispatch_sites_returns_zero ... ok
2026-10-08T05:01:04.1696354Z test framework_registry::tests::test_check_package_markers_go ... ok
2026-10-08T05:01:04.1704627Z test framework_registry::tests::test_check_package_markers_laravel ... ok
2026-10-08T05:01:04.1723033Z test framework_registry::tests::test_check_package_markers_node ... ok
2026-10-08T05:01:04.1723791Z test framework_registry::tests::test_check_package_markers_python ... ok
2026-10-08T05:01:04.1726148Z test framework_registry::tests::test_check_package_markers_rails ... ok
2026-10-08T05:01:04.1727310Z test framework_registry::tests::test_check_package_markers_sveltekit ... ok
2026-10-08T05:01:04.2036286Z test framework_registry::tests::test_below_threshold_not_detected ... ok
2026-10-08T05:01:04.2686321Z test framework_registry::tests::test_compute_active_frameworks_scoring ... ok
2026-10-08T05:01:04.2773445Z test framework_registry::tests::test_detect_file_frameworks_file_path_signal ... ok
2026-10-08T05:01:04.3292500Z test framework_registry::tests::test_detect_file_frameworks_import_signal ... ok
2026-10-08T05:01:04.3488490Z test framework_registry::tests::test_detect_new_frameworks_import_signal ... ok
2026-10-08T05:01:04.3498510Z test framework_registry::tests::test_import_marker_signal_runs_first ... ok
2026-10-08T05:01:04.3946081Z test dispatch_synthesis::tests::single_round_matches_per_pass_applied_synthesis ... ok
2026-10-08T05:01:04.3965887Z test framework_registry::tests::test_normalize_route_framework_new_entries ... ok
2026-10-08T05:01:04.4049859Z test framework_resolvers::actix::tests::test_actix_all_http_verbs ... ok
2026-10-08T05:01:04.4085762Z test framework_resolvers::actix::tests::test_actix_attribute_routes ... ok
2026-10-08T05:01:04.4119012Z test framework_resolvers::actix::tests::test_actix_configure_ref ... ok
2026-10-08T05:01:04.4135187Z test framework_resolvers::actix::tests::test_actix_ignores_non_rs_files ... ok
2026-10-08T05:01:04.4136800Z test framework_resolvers::actix::tests::test_actix_resolver_tier ... ok
2026-10-08T05:01:04.4139025Z test framework_registry::tests::test_detection_signals_characterization ... ok
2026-10-08T05:01:04.4163120Z test framework_resolvers::actix::tests::test_actix_scope_ignores_local_service ... ok
2026-10-08T05:01:04.4180819Z test framework_resolvers::actix::tests::test_actix_scope_with_service_refs ... ok
2026-10-08T05:01:04.4185808Z test framework_resolvers::actix::tests::test_actix_resource_routes ... ok
2026-10-08T05:01:04.4196107Z test framework_resolvers::aspnet::tests::test_aspnet_ignores_non_cs_files ... ok
2026-10-08T05:01:04.4289674Z test framework_registry::tests::test_incremental_clears_stale_rows_when_signals_disappear ... ok
2026-10-08T05:01:04.4325978Z test framework_resolvers::aspnet::tests::test_aspnet_minimal_api ... ok
2026-10-08T05:01:04.4365883Z test framework_resolvers::aspnet::tests::test_aspnet_attribute_routing ... ok
2026-10-08T05:01:04.4455680Z test framework_resolvers::axum::tests::test_axum_basic_routes ... ok
2026-10-08T05:01:04.4467839Z test framework_resolvers::axum::tests::test_axum_chained_methods ... ok
2026-10-08T05:01:04.4482420Z test framework_resolvers::axum::tests::test_axum_ignores_non_rs_files ... ok
2026-10-08T05:01:04.4494333Z test framework_resolvers::axum::tests::test_axum_all_http_verbs ... ok
2026-10-08T05:01:04.4495531Z test framework_resolvers::axum::tests::test_axum_merge_with_function_call ... ok
2026-10-08T05:01:04.4526280Z test framework_resolvers::axum::tests::test_axum_merge_with_variable ... ok
2026-10-08T05:01:04.4527281Z test framework_resolvers::axum::tests::test_axum_nest_with_function_call ... ok
2026-10-08T05:01:04.4527969Z test framework_resolvers::django::tests::test_django_ignores_non_py_files ... ok
2026-10-08T05:01:04.4528524Z test framework_resolvers::axum::tests::test_axum_nest_with_variable ... ok
2026-10-08T05:01:04.4529054Z test framework_resolvers::axum::tests::test_axum_mixed_routes_nest_merge ... ok
2026-10-08T05:01:04.4673691Z test framework_resolvers::django::tests::test_django_re_path ... ok
2026-10-08T05:01:04.4674492Z test framework_resolvers::django::tests::test_django_path_basic ... ok
2026-10-08T05:01:04.4675673Z test framework_resolvers::django::tests::test_django_path_leading_slash ... ok
2026-10-08T05:01:04.4683478Z test framework_resolvers::express::tests::cross_file_prefix_propagation_mutates_in_place ... ok
2026-10-08T05:01:04.4936771Z test framework_resolvers::express::tests::test_express_app_get ... ok
2026-10-08T05:01:04.4956145Z test framework_resolvers::express::tests::same_line_route_fallbacks_have_distinct_source_ids ... ok
2026-10-08T05:01:04.5004557Z test framework_resolvers::express::tests::ast_routes_are_not_overwritten_by_regex_function_keyword ... ok
2026-10-08T05:01:04.5028358Z test framework_resolvers::express::tests::test_express_ignores_non_js_files ... ok
2026-10-08T05:01:04.5030726Z test framework_resolvers::express::tests::test_express_ignores_non_http_methods ... ok
2026-10-08T05:01:04.5039556Z test framework_resolvers::express::tests::test_express_multiple_routes ... ok
2026-10-08T05:01:04.5105917Z test framework_resolvers::express::tests::test_express_app_use_middleware ... ok
2026-10-08T05:01:04.5107104Z test framework_resolvers::fastapi::tests::test_fastapi_ignores_non_py_files ... ok
2026-10-08T05:01:04.5108179Z test framework_resolvers::express::tests::test_express_router_post ... ok
2026-10-08T05:01:04.5411466Z test framework_resolvers::fastapi::tests::test_fastapi_sync_def ... ok
2026-10-08T05:01:04.5416651Z test framework_resolvers::fastapi::tests::test_fastapi_basic_routes ... ok
2026-10-08T05:01:04.5417918Z test framework_resolvers::fastapi::tests::test_fastapi_router_with_multiple_methods ... ok
2026-10-08T05:01:04.5419292Z test framework_resolvers::flask::tests::test_flask_ignores_non_py_files ... ok
2026-10-08T05:01:04.5844582Z test framework_resolvers::flask::tests::test_flask_route_with_methods ... ok
2026-10-08T05:01:04.5846337Z test framework_resolvers::flask::tests::test_flask_blueprint_route ... ok
2026-10-08T05:01:04.5848037Z test framework_resolvers::flask::tests::test_flask_2_0_shorthand ... ok
2026-10-08T05:01:04.5992461Z test framework_resolvers::go_router::tests::test_chi_routes ... ok
2026-10-08T05:01:04.5993697Z test framework_resolvers::go_router::tests::test_chi_mount_extraction ... ok
2026-10-08T05:01:04.6025956Z test framework_resolvers::go_router::tests::test_cross_file_resolve_chi_mount ... ok
2026-10-08T05:01:04.6053202Z test framework_resolvers::go_router::tests::test_echo_group_extraction ... ok
2026-10-08T05:01:04.6076893Z test framework_resolvers::go_router::tests::test_echo_routes ... ok
2026-10-08T05:01:04.6105720Z test framework_resolvers::go_router::tests::test_cross_file_resolve_gin_register ... ok
2026-10-08T05:01:04.6107184Z test framework_resolvers::go_router::tests::test_fiber_routes ... ok
2026-10-08T05:01:04.6108363Z test framework_resolvers::go_router::tests::test_go_ignores_non_go_files ... ok
2026-10-08T05:01:04.6109544Z test framework_resolvers::go_router::tests::test_gin_routes ... ok
2026-10-08T05:01:04.6110694Z test framework_resolvers::go_router::tests::test_gin_group_and_register_call ... ok
2026-10-08T05:01:04.6111906Z test framework_resolvers::go_router::tests::test_resolver_tier_is_full ... ok
2026-10-08T05:01:04.6113070Z test framework_resolvers::hono::tests::test_hono_ignores_non_js_ts_files ... ok
2026-10-08T05:01:04.6114232Z test framework_resolvers::go_router::tests::test_net_http_handlefunc ... ok
2026-10-08T05:01:04.6115662Z test framework_resolvers::go_router::tests::test_gorilla_handlefunc ... ok
2026-10-08T05:01:04.6411605Z test framework_resolvers::hono::tests::test_hono_route_methods ... ok
2026-10-08T05:01:04.6424192Z test framework_resolvers::hono::tests::test_hono_subrouter_and_middleware ... ok
2026-10-08T05:01:04.6680842Z test framework_resolvers::laravel::tests::test_laravel_array_syntax ... ok
2026-10-08T05:01:04.6683265Z test framework_resolvers::laravel::tests::test_laravel_group_array_file ... ok
2026-10-08T05:01:04.6696812Z test framework_resolvers::laravel::tests::test_laravel_prefix_group_file ... ok
2026-10-08T05:01:04.6769851Z test framework_resolvers::laravel::tests::test_laravel_string_syntax ... ok
2026-10-08T05:01:04.6796084Z test framework_resolvers::mount_resolution::tests::binds_handler_uid_from_catalog ... ok
2026-10-08T05:01:04.6801405Z test framework_resolvers::mount_resolution::tests::fallback_lookup_used_when_default_misses ... ok
2026-10-08T05:01:04.6802181Z test framework_resolvers::mount_resolution::tests::framework_filter_skips_other_frameworks ... ok
2026-10-08T05:01:04.6803315Z test framework_resolvers::mount_resolution::tests::join_slash_normalized ... ok
2026-10-08T05:01:04.6804254Z test framework_resolvers::laravel::tests::test_laravel_resource_route ... ok
2026-10-08T05:01:04.6805521Z test framework_resolvers::mount_resolution::tests::join_strip_sub_leading_slash ... ok
2026-10-08T05:01:04.6806639Z test framework_resolvers::mount_resolution::tests::missing_uid_leaves_handler_unbound ... ok
2026-10-08T05:01:04.6807724Z test framework_resolvers::mount_resolution::tests::non_http_edges_skip_prefixing ... ok
2026-10-08T05:01:04.6808752Z test framework_resolvers::mount_resolution::tests::plain_join_prepends_prefix ... ok
2026-10-08T05:01:04.6809850Z test framework_resolvers::mount_resolution::tests::prepend_is_idempotent_via_starts_with_guard ... ok
2026-10-08T05:01:04.6811003Z test framework_resolvers::laravel::tests::test_laravel_prefix_group_var ... ok
2026-10-08T05:01:04.6811990Z test framework_resolvers::mount_resolution::tests::root_sub_route_takes_bare_prefix ... ok
2026-10-08T05:01:04.6813157Z test framework_resolvers::mount_resolution::tests::root_prefix_mount_is_skipped_when_configured ... ok
2026-10-08T05:01:04.6814308Z test framework_resolvers::mount_resolution::tests::unknown_router_skips_prefixing ... ok
2026-10-08T05:01:04.6920090Z test framework_resolvers::nestjs::tests::test_nestjs_controller_with_slash_prefix ... ok
2026-10-08T05:01:04.6921808Z test framework_resolvers::nestjs::tests::test_nestjs_ignores_non_ts_files ... ok
2026-10-08T05:01:04.6925784Z test framework_resolvers::nestjs::tests::test_nestjs_controller_no_prefix ... ok
2026-10-08T05:01:04.6950057Z test framework_resolvers::nestjs::tests::test_nestjs_controller_with_prefix ... ok
2026-10-08T05:01:04.7019104Z test framework_resolvers::nestjs::tests::test_nestjs_multiple_http_verbs ... ok
2026-10-08T05:01:04.7388370Z test framework_resolvers::rails::tests::test_rails_resources ... ok
2026-10-08T05:01:04.7389815Z test framework_resolvers::rails::tests::test_rails_explicit_routes ... ok
2026-10-08T05:01:04.7437992Z test framework_resolvers::rails::tests::test_rails_root_route ... ok
2026-10-08T05:01:04.7439952Z test framework_resolvers::rails::tests::test_rails_engine_mount ... ok
2026-10-08T05:01:04.7676121Z test framework_resolvers::react::tests::test_lazy_import_routes ... ok
2026-10-08T05:01:04.7677211Z test framework_resolvers::react::tests::test_cross_file_resolution ... ok
2026-10-08T05:01:04.7694328Z test framework_resolvers::react::tests::test_component_exports ... ok
2026-10-08T05:01:04.7695883Z test framework_resolvers::react::tests::test_nextjs_app_router ... ok
2026-10-08T05:01:04.7696779Z test framework_resolvers::react::tests::test_nextjs_pages_file_routing ... ok
2026-10-08T05:01:04.7736959Z test framework_resolvers::react::tests::test_react_router_routes ... ok
2026-10-08T05:01:04.7777492Z test framework_resolvers::react::tests::test_route_config_objects ... ok
2026-10-08T05:01:04.7945993Z test framework_resolvers::spring::tests::test_spring_all_http_verbs ... ok
2026-10-08T05:01:04.7975905Z test framework_resolvers::spring::tests::test_resolve_cross_file_upgrades_to_injects ... ok
2026-10-08T05:01:04.7996192Z test framework_resolvers::spring::tests::test_spring_bare_mapping ... ok
2026-10-08T05:01:04.7997389Z test framework_resolvers::spring::tests::test_spring_autowired_field_injection ... ok
2026-10-08T05:01:04.8029073Z test framework_resolvers::spring::tests::test_spring_generic_autowired_type ... ok
2026-10-08T05:01:04.8078892Z test framework_resolvers::spring::tests::test_spring_get_and_post_mapping ... ok
2026-10-08T05:01:04.8080544Z test framework_resolvers::spring::tests::test_spring_ignores_non_java ... ok
2026-10-08T05:01:04.8086552Z test framework_resolvers::spring::tests::test_spring_constructor_injection_with_autowired ... ok
2026-10-08T05:01:04.8088009Z test framework_resolvers::spring::tests::test_spring_constructor_injection ... ok
2026-10-08T05:01:04.8116829Z test framework_resolvers::spring::tests::test_spring_no_class_prefix ... ok
2026-10-08T05:01:04.8118253Z test framework_resolvers::spring::tests::test_spring_no_di_in_non_java_file ... ok
2026-10-08T05:01:04.8119747Z test framework_resolvers::spring::tests::test_spring_ignores_primitive_types_in_constructor ... ok
2026-10-08T05:01:04.8121396Z test framework_resolvers::svelte::tests::test_sveltekit_cross_file_nested_dynamic_route ... ok
2026-10-08T05:01:04.8123579Z test framework_resolvers::svelte::tests::test_sveltekit_cross_file_no_server_file ... ok
2026-10-08T05:01:04.8126710Z test framework_resolvers::svelte::tests::test_sveltekit_cross_file_page_server_resolution ... ok
2026-10-08T05:01:04.8128270Z test framework_resolvers::svelte::tests::test_sveltekit_page_routes ... ok
2026-10-08T05:01:04.8129523Z test framework_resolvers::svelte::tests::test_sveltekit_resolver_tier ... ok
2026-10-08T05:01:04.8131134Z test framework_resolvers::svelte::tests::test_sveltekit_route_groups_and_catchall ... ok
2026-10-08T05:01:04.8164276Z test framework_resolvers::svelte::tests::test_sveltekit_server_endpoints ... ok
2026-10-08T05:01:04.8166097Z test framework_resolvers::tests::default_registry_keys_covered_by_taxonomy ... ok
2026-10-08T05:01:04.8167512Z test framework_resolvers::tests::project_context_recognizes_resolver_aliases ... ok
2026-10-08T05:01:04.8218647Z test framework_resolvers::spring::tests::test_spring_mixed_injection_deduplicates ... ok
2026-10-08T05:01:04.8296439Z test framework_resolvers::vue::tests::test_nuxt_file_routing ... ok
2026-10-08T05:01:04.8328656Z test framework_resolvers::vue::tests::test_vue_component_detection ... ok
2026-10-08T05:01:04.8365369Z test framework_resolvers::vue::tests::test_vue_cross_file_route_component_resolution ... ok
2026-10-08T05:01:04.8366707Z test framework_resolvers::vue::tests::test_vue_resolver_tier ... ok
2026-10-08T05:01:04.8397913Z test framework_resolvers::vue::tests::test_vue_cross_file_unresolved_component ... ok
2026-10-08T05:01:04.8408996Z test hierarchy::tests::generates_contains_file_edges ... ok
2026-10-08T05:01:04.8411034Z test hierarchy::tests::generates_defines_for_top_level_function ... ok
2026-10-08T05:01:04.8432518Z test hierarchy::tests::generates_defines_method_for_class_method ... ok
2026-10-08T05:01:04.8436279Z test hierarchy::tests::skips_variable_and_property_for_defines ... ok
2026-10-08T05:01:04.8456874Z test framework_resolvers::vue::tests::test_vue_router_routes ... ok
2026-10-08T05:01:04.8458685Z test indexer::import_marker_dedup_tests::detects_framework_absent_from_old_inline_table ... ok
2026-10-08T05:01:04.8469919Z test indexer::import_marker_dedup_tests::enrichment_uses_authoritative_marker_table ... ok
2026-10-08T05:01:04.8499832Z test framework_resolvers::spring::tests::test_spring_request_mapping_with_method ... ok
2026-10-08T05:01:04.9209177Z test indexer::dirty_reload_tests::dirty_reload_clears_stale_semantic_target_uids ... ok
2026-10-08T05:01:04.9242131Z test indexer_phases::analysis::analysis_phase_tests::adr_docs_with_madr_headers_are_indexed_into_metadata ... ok
2026-10-08T05:01:04.9831795Z test indexer_phases::analysis::analysis_phase_tests::missing_git_repo_skips_cochange_gracefully_without_error ... ok
2026-10-08T05:01:05.0159320Z test indexer_phases::analysis::adr_gate_tests::adr_gate_records_skips_and_clears ... ok
2026-10-08T05:01:05.0333269Z test indexer_phases::analysis::analysis_phase_tests::infra_pass_persists_nodes_and_edges_for_all_infra_file_types ... ok
2026-10-08T05:01:05.0862242Z test indexer_phases::analysis::analysis_phase_tests::unchanged_content_second_build_skips_cochange_and_infra_gates ... ok
2026-10-08T05:01:05.1623627Z test indexer_phases::config_link::config_link_write_path_tests::zero_link_resolution_clears_stale_refs_via_cached_tokens ... ok
2026-10-08T05:01:05.1939416Z test indexer_phases::config_link::config_link_write_path_tests::zero_link_resolution_clears_stale_refs_via_fresh_scan ... ok
2026-10-08T05:01:05.2972182Z test indexer_phases::config_link::config_link_write_path_tests::zero_token_fast_path_does_not_swallow_link_clearing ... ok
2026-10-08T05:01:05.3536671Z test indexer_phases::config_link::config_link_write_path_tests::full_build_writes_linked_yaml_once_with_parsed_and_config_data ... ok
2026-10-08T05:01:05.4242265Z test indexer_phases::config_link::config_linker_gate_tests::incremental_build_with_unchanged_signature_resolves_from_cache ... ok
2026-10-08T05:01:05.4631597Z test indexer_phases::config_link::config_linker_gate_tests::modified_config_file_is_rescanned_and_relinked ... ok
2026-10-08T05:01:05.4748637Z test indexer_phases::config_link::config_linker_gate_tests::full_build_always_rescans_config_files ... ok
2026-10-08T05:01:05.5207896Z test indexer_phases::dirty::dirty_propagation_fixpoint_tests::disabled_and_trivially_converged_statuses ... ok
2026-10-08T05:01:05.5444320Z test indexer_phases::config_link::config_linker_gate_tests::removed_link_target_does_not_leave_dangling_config_link ... ok
2026-10-08T05:01:05.7241576Z test indexer_phases::dirty::dirty_propagation_fixpoint_tests::budget_bail_surfaces_on_incremental_index_report ... ok
2026-10-08T05:01:05.7659463Z test indexer_phases::dirty::dirty_propagation_fixpoint_tests::reexport_chain_promotes_transitive_importer_incrementally ... ok
2026-10-08T05:01:05.7992588Z test indexer_phases::dirty::dirty_propagation_fixpoint_tests::removed_dependency_promotes_importer ... ok
2026-10-08T05:01:05.8459364Z test indexer_phases::dirty::export_fingerprint_contract_tests::both_return_none_without_surface_evidence ... ok
2026-10-08T05:01:05.8922431Z test indexer_phases::dirty::export_fingerprint_contract_tests::in_memory_and_db_fingerprints_match ... ok
2026-10-08T05:01:05.9398385Z test indexer_phases::postprocess::community_overlay_tests::community_overlay_matches_post_apply_state ... ok
2026-10-08T05:01:06.0076594Z test indexer_phases::postprocess::community_overlay_tests::community_overlay_without_round_is_committed_state ... ok
2026-10-08T05:01:06.0283331Z test indexer_phases::dirty::dirty_propagation_fixpoint_tests::two_step_forwarding_chain_promotes_transitive_importer_incrementally ... ok
2026-10-08T05:01:06.0424884Z test indexer_phases::dirty::dirty_propagation_fixpoint_tests::rust_pub_use_chain_promotes_transitive_importer_on_removal ... ok
2026-10-08T05:01:06.0597801Z test indexer_phases::postprocess::graph_signature_coverage_tests::aggregate_signatures_match_declared_formula ... ok
2026-10-08T05:01:06.1040135Z test indexer_phases::postprocess::graph_signature_coverage_tests::community_signature_ignores_container_unlike_synthesis_signatures ... ok
2026-10-08T05:01:06.1216208Z test indexer_phases::postprocess::graph_signature_coverage_tests::community_signature_includes_all_edges ... ok
2026-10-08T05:01:06.1376413Z test indexer_phases::postprocess::graph_signature_coverage_tests::dispatch_synthesis_signature_covers_sites_and_symbols ... ok
2026-10-08T05:01:06.1839750Z test indexer_phases::postprocess::graph_signature_coverage_tests::interface_dispatch_signature_covers_edges_and_semantics ... ok
2026-10-08T05:01:06.2014107Z test indexer_phases::postprocess::graph_signature_coverage_tests::maintained_signatures_equal_full_recompute_after_incremental_writes ... ok
2026-10-08T05:01:06.2142939Z test indexer_phases::postprocess::graph_signature_coverage_tests::per_pass_signatures_are_independent ... ok
2026-10-08T05:01:06.2463463Z test indexer_phases::postprocess::graph_signature_coverage_tests::shared_aggregate_cache_preserves_signature_values ... ok
2026-10-08T05:01:06.3976961Z test indexer_phases::postprocess::test_edge_invariant_tests::added_and_removed_paths_update_test_edges_incrementally ... ok
2026-10-08T05:01:06.4490184Z test indexer_phases::resolve::phase_resolve_subphase_tests::build_resolution_catalog_seeds_persisted_and_excludes_reparsed ... ok
2026-10-08T05:01:06.4511775Z test indexer_phases::resolve::phase_resolve_subphase_tests::resolve_call_edges_binds_callee_uid_cross_file ... ok
2026-10-08T05:01:06.4522876Z test indexer_phases::resolve::phase_resolve_subphase_tests::resolve_hierarchy_generates_defines_method_edges ... ok
2026-10-08T05:01:06.4525153Z test indexer_phases::resolve::phase_resolve_subphase_tests::resolve_semantic_edges_fills_source_and_target_uids ... ok
2026-10-08T05:01:06.5068313Z test indexer_phases::write::phase_write_behavior_tests::incremental_batch_write_persists_rows_with_single_epoch_advance ... ok
2026-10-08T05:01:06.5083006Z test indexer_phases::postprocess::test_edge_invariant_tests::content_only_incremental_keeps_test_edges_consistent_with_full ... ok
2026-10-08T05:01:06.5719094Z test indexer_phases::write::phase_write_behavior_tests::precompressed_chunk_sidecar_matches_policy_and_roundtrips ... ok
2026-10-08T05:01:06.5721909Z test infra_docker::tests::test_dockerfile_expose_multiple_ports ... ok
2026-10-08T05:01:06.5723156Z test infra_docker::tests::test_dockerfile_expose_with_protocol ... ok
2026-10-08T05:01:06.5724183Z test infra_docker::tests::test_dockerfile_multistage ... ok
2026-10-08T05:01:06.5725510Z test infra_docker::tests::test_dockerfile_single_stage_no_alias ... ok
2026-10-08T05:01:06.5730167Z test infra_k8s::tests::test_k8s_multi_resource_extraction ... ok
2026-10-08T05:01:06.5731470Z test infra_k8s::tests::test_k8s_single_resource ... ok
2026-10-08T05:01:06.5739362Z test infra_k8s::tests::test_k8s_unknown_kind_skipped ... ok
2026-10-08T05:01:06.5740116Z test infra_k8s::tests::test_kustomize_parsing ... ok
2026-10-08T05:01:06.5746011Z test infra_k8s::tests::test_kustomize_root_overlay ... ok
2026-10-08T05:01:06.5746948Z test infra_pass::tests::test_infer_broker_from_filepath ... ok
2026-10-08T05:01:06.5748254Z test infra_pass::tests::test_infer_broker_sns_not_sqs ... ok
2026-10-08T05:01:06.5749197Z test infra_pass::tests::test_parse_yaml_kv ... ok
2026-10-08T05:01:06.5750155Z test infra_pass::tests::test_scan_yaml_for_bindings_kafka ... ok
2026-10-08T05:01:06.5751210Z test infra_pass::tests::test_scan_yaml_for_bindings_multiple_blocks ... ok
2026-10-08T05:01:06.5752252Z test infra_pass::tests::test_scan_yaml_for_bindings_pubsub ... ok
2026-10-08T05:01:06.5753252Z test infra_pass::tests::test_scan_yaml_for_bindings_quoted_values ... ok
2026-10-08T05:01:06.5754231Z test infra_pass::tests::test_scan_yaml_no_target_no_binding ... ok
2026-10-08T05:01:06.5755478Z test infra_pass::tests::test_scan_yaml_path_based_target ... ok
2026-10-08T05:01:06.5756588Z test infra_pass::tests::test_strip_quotes ... ok
2026-10-08T05:01:06.5757613Z test infra_terraform::tests::test_parse_compile_commands_basic ... ok
2026-10-08T05:01:06.5790882Z test infra_terraform::tests::test_parse_terraform_basic ... ok
2026-10-08T05:01:06.5866164Z test infra_terraform::tests::test_parse_terraform_module ... ok
2026-10-08T05:01:06.5907718Z test indexer_phases::write::phase_write_behavior_tests::same_batch_removal_clears_all_rows_of_removed_file ... ok
2026-10-08T05:01:06.5908883Z test memory_budget::tests::pressure_recovers_when_rss_drops_back ... ok
2026-10-08T05:01:06.5914524Z test memory_budget::tests::real_current_rss_is_nonzero ... ok
2026-10-08T05:01:06.5935642Z test infra_terraform::tests::test_parse_terraform_variable_reference ... ok
2026-10-08T05:01:06.6225300Z test indexer_phases::resolve::hierarchy_incremental_tests::incremental_hierarchy_edges_match_full_rebuild ... ok
2026-10-08T05:01:06.6518697Z test pass_gate::tests::db_signature_gate_algorithm_version_mismatch_forces_run ... ok
2026-10-08T05:01:06.6520436Z test pass_gate::tests::db_signature_gate_forced_skips_metadata_and_compute_until_record ... ok
2026-10-08T05:01:06.6691971Z test pass_gate::tests::db_signature_gate_missing_algo_key_reads_as_version_one ... ok
2026-10-08T05:01:06.6999287Z test pass_gate::tests::db_signature_gate_runs_when_signature_changed ... ok
2026-10-08T05:01:06.7056053Z test pass_gate::tests::db_signature_gate_runs_without_recorded_signature_and_skips_after_record ... ok
2026-10-08T05:01:06.7290942Z test pass_gate::tests::file_signature_gate_compare_and_record ... ok
2026-10-08T05:01:06.7566278Z test pass_gate::tests::pair_gate_skips_when_both_unchanged ... ok
2026-10-08T05:01:06.7743666Z test pass_gate::tests::pair_gate_exposes_individual_decisions_and_records_both ... ok
2026-10-08T05:01:06.7746830Z test project_model::jsonc::tests::bad_or_extended_json_is_rejected ... ok
2026-10-08T05:01:06.7748084Z test project_model::jsonc::tests::comments_do_not_modify_urls_escapes_or_unicode ... ok
2026-10-08T05:01:06.7826340Z test pass_gate::tests::string_cache_gate_skips_on_match_and_runs_on_change ... ok
2026-10-08T05:01:06.7830759Z test project_model::python_provenance_tests::python_provenance_capture_size_utf8_and_missing_limits ... ok
2026-10-08T05:01:06.7845961Z test project_model::python_provenance_tests::python_provenance_defaults_are_never_explicit ... ok
2026-10-08T05:01:06.7853341Z test project_model::python_provenance_tests::python_provenance_duplicate_toml_keys_are_invalid_not_explicit ... ok
2026-10-08T05:01:06.7882073Z test project_model::python_inventory::tests::python_inventory_observed_midcapture_mutations_refuse ... ok
2026-10-08T05:01:06.7903529Z test project_model::python_provenance_tests::python_provenance_legacy_resolution_ignores_additive_evidence ... ok
2026-10-08T05:01:06.7910196Z test project_model::python_provenance_tests::python_provenance_invalid_partial_named_outside_and_unsupported_are_tainted ... ok
2026-10-08T05:01:06.7912156Z test project_model::python_provenance_tests::python_provenance_missing_stale_or_error_capture_cannot_assert_bound_roots ... ok
2026-10-08T05:01:06.7914020Z test project_model::python_provenance_tests::python_provenance_nested_poetry_duplicate_and_multiple_roots ... ok
2026-10-08T05:01:06.7916108Z test project_model::python_provenance_tests::python_provenance_native_symlink_and_hardlink_limits ... ok
2026-10-08T05:01:06.7930675Z test project_model::python_provenance_tests::python_provenance_real_discovery_reuses_parse_and_verifies_config_change ... ok
2026-10-08T05:01:06.7944349Z test project_model::python_provenance_tests::python_provenance_over_32_preserves_legacy_limits_and_marks_partial ... ok
2026-10-08T05:01:06.7955398Z test project_model::python_provenance_tests::python_provenance_root_and_src_bind_exact_original_bytes_and_directive ... ok
2026-10-08T05:01:06.7965401Z test project_model::python_provenance_tests::python_provenance_rename_and_comment_change_invalidate_binding_not_roots ... ok
2026-10-08T05:01:06.8020093Z test resolver::cargo_workspace::tests::test_no_cargo_toml_returns_empty ... ok
2026-10-08T05:01:06.8032407Z test resolver::cargo_workspace::tests::test_hyphen_to_underscore_alias ... ok
2026-10-08T05:01:06.8034787Z test resolver::cargo_workspace::tests::test_parse_package_name ... ok
2026-10-08T05:01:06.8037577Z test resolver::cargo_workspace::tests::test_parse_package_name_missing ... ok
2026-10-08T05:01:06.8038922Z test resolver::cargo_workspace::tests::test_parse_workspace_members_inline ... ok
2026-10-08T05:01:06.8040154Z test resolver::cargo_workspace::tests::test_parse_workspace_members_multiline ... ok
2026-10-08T05:01:06.8105289Z test resolver::cargo_workspace::tests::test_no_workspace_returns_empty ... ok
2026-10-08T05:01:06.8131674Z test resolver::cargo_workspace::tests::test_resolve_cargo_workspace_filesystem ... ok
2026-10-08T05:01:06.8132445Z test resolver::cargo_workspace::tests::test_resolve_rust_workspace_import_match ... ok
2026-10-08T05:01:06.8142652Z test resolver::cargo_workspace::tests::test_resolve_rust_workspace_import_no_match ... ok
2026-10-08T05:01:06.8146417Z test resolver::catalog::catalog_build_bench::bench_catalog_build_scaling ... ignored, catalog build/lookup micro-benchmark; run with --release --nocapture
2026-10-08T05:01:06.8163335Z test pass_gate::tests::string_cache_gate_unavailable_key_runs_and_yields_no_record_key ... ok
2026-10-08T05:01:06.8181646Z test resolver::cargo_workspace::tests::test_resolve_cargo_workspace_glob ... ok
2026-10-08T05:01:06.8183579Z test resolver::helpers::type_atom_identifier_tests::explicit_empty_dependency_remains_strictly_invalid ... ok
2026-10-08T05:01:06.8196656Z test resolver::helpers::type_atom_identifier_tests::parsed_variadic_tuple_keeps_names_without_pseudo_atom ... ok
2026-10-08T05:01:06.8198275Z test resolver::helpers::type_atom_identifier_tests::punctuation_atoms_remain_excluded ... ok
2026-10-08T05:01:06.8201653Z test resolver::helpers::type_atom_identifier_tests::qualified_generic_union_atoms ... ok
2026-10-08T05:01:06.8211543Z test resolver::helpers::type_atom_identifier_tests::qualified_name_keys_never_create_empty_dependencies ... ok
2026-10-08T05:01:06.8469608Z test resolver::helpers::type_atom_identifier_tests::parser_identifiers_keep_uses_type_and_name_dependencies ... ok
2026-10-08T05:01:06.8486962Z test resolver::helpers::type_atom_regression_tests::qualified_generic_union_and_unicode_types_remain_dependencies ... ok
2026-10-08T05:01:06.8497356Z test resolver::helpers::type_atom_regression_tests::unknown_type_spellings_are_not_silently_discarded ... ok
2026-10-08T05:01:06.8505565Z test resolver::helpers::type_atom_regression_tests::variadic_tuple_keeps_named_types_without_punctuation_edges ... ok
2026-10-08T05:01:06.8725855Z test resolver::p2b_tests::p2b_chained_calls_do_not_share_identity_across_different_spans ... ok
2026-10-08T05:01:06.8727025Z test resolver::p2b_tests::p2b_community_labels_ignore_sql_row_order ... ok
2026-10-08T05:01:06.8815790Z test resolver::p2b_tests::p2b_duplicate_import_aliases_are_not_first_writer_wins ... ok
2026-10-08T05:01:06.8845876Z test resolver::p2b_tests::p2b_equal_distance_lookup_is_independent_of_insertion_history ... ok
2026-10-08T05:01:07.1406355Z test resolver::p2b_tests::p2b_javascript_route_sites_preserve_distinct_targets ... ok
2026-10-08T05:01:07.3619580Z test resolver::p2b_tests::p2b_large_candidate_pool_stays_explicit_and_shared_go_views_are_bounded ... ok
2026-10-08T05:01:07.3646147Z test resolver::p2b_tests::p2b_sealing_never_resurrects_a_revoked_target ... ok
2026-10-08T05:01:07.3655984Z test resolver::p2b_tests::p2b_type_contributions_never_use_last_writer_or_first_method ... ok
2026-10-08T05:01:07.3675778Z test resolver::tests::resolve_cache_line_key_guard_key_level ... ok
2026-10-08T05:01:07.3726684Z test resolver::tests::resolve_cache_line_key_guard_scoped_lines_not_cross_served ... ok
2026-10-08T05:01:07.3727767Z test resolver::tests::resolve_cache_sharded_concurrent_access_stays_correct ... ok
2026-10-08T05:01:07.3743376Z test resolver::tests::resolve_prefers_same_file ... ok
2026-10-08T05:01:07.3777111Z test resolver::tests::test_best_by_import_distance ... ok
2026-10-08T05:01:07.3787444Z test resolver::tests::test_build_alias_map ... ok
2026-10-08T05:01:07.3795863Z test resolver::tests::test_candidate_count_penalty ... ok
2026-10-08T05:01:07.3797057Z test resolver::tests::test_classify_call_kind ... ok
2026-10-08T05:01:07.3797935Z test resolver::tests::test_clear_resolve_cache ... ok
2026-10-08T05:01:07.3798731Z test resolver::tests::test_common_path_prefix_len ... ok
2026-10-08T05:01:07.3799575Z test resolver::tests::test_derive_uses_type_dedup ... ok
2026-10-08T05:01:07.3800460Z test resolver::tests::test_derive_uses_type_generic_split ... ok
2026-10-08T05:01:07.3805752Z test resolver::tests::test_derive_uses_type_no_uid_symbol_skipped ... ok
2026-10-08T05:01:07.3826233Z test resolver::tests::test_derive_uses_type_params ... ok
2026-10-08T05:01:07.3851245Z test resolver::tests::test_derive_uses_type_primitives_only ... ok
2026-10-08T05:01:07.3865712Z test resolver::tests::test_derive_uses_type_receiver ... ok
2026-10-08T05:01:07.3886768Z test resolver::tests::test_derive_uses_type_return ... ok
2026-10-08T05:01:07.3924284Z test resolver::tests::test_fuzzy_arg_count_defaulted_params_tier ... ok
2026-10-08T05:01:07.3938868Z test resolver::tests::test_fuzzy_arg_count_keeps_metadata_less_wildcards ... ok
2026-10-08T05:01:07.3940430Z test resolver::tests::test_fuzzy_multi_candidate_penalty ... ok
2026-10-08T05:01:07.3941516Z test resolver::tests::test_fuzzy_receiver_elimination_only_keeps_pool ... ok
2026-10-08T05:01:07.3942603Z test resolver::tests::test_fuzzy_signal_arg_count_disambiguation ... ok
2026-10-08T05:01:07.3943658Z test resolver::tests::test_fuzzy_signal_receiver_disambiguation ... ok
2026-10-08T05:01:07.3944716Z test resolver::tests::test_fuzzy_signal_unreachable_import_penalty ... ok
2026-10-08T05:01:07.3946143Z test resolver::tests::test_fuzzy_single_unreachable_penalty ... ok
2026-10-08T05:01:07.3947156Z test resolver::tests::test_import_reachable ... ok
2026-10-08T05:01:07.3948399Z test resolver::tests::test_is_type_like ... ok
2026-10-08T05:01:07.3949431Z test resolver::tests::test_ladder_fuzzy_single_confidence_via_unique_reachable ... ok
2026-10-08T05:01:07.3950549Z test resolver::tests::test_ladder_global_unique_hit_boundary ... ok
2026-10-08T05:01:07.3958219Z test resolver::tests::test_ladder_global_unique_miss_falls_to_import_distance ... ok
2026-10-08T05:01:07.3968056Z test resolver::tests::test_ladder_suffix_hit_boundary ... ok
2026-10-08T05:01:07.3988144Z test resolver::tests::test_ladder_suffix_miss_falls_to_global_unique ... ok
2026-10-08T05:01:07.4018742Z test resolver::tests::test_no_signal_resolution_preserves_ambiguity ... ok
2026-10-08T05:01:07.4029894Z test resolver::tests::test_remove_files_prunes_every_lookup_surface ... ok
2026-10-08T05:01:07.4049072Z test resolver::tests::test_remove_files_then_readd_restores_resolution ... ok
2026-10-08T05:01:07.4069303Z test resolver::tests::test_resolve_cache_key_includes_signals ... ok
2026-10-08T05:01:07.4076737Z test resolver::tests::test_resolve_ladder_order_locked ... ok
2026-10-08T05:01:07.4085884Z test resolver::tests::test_resolve_member_chain ... ok
2026-10-08T05:01:07.4099108Z test resolver::tests::test_resolve_name_cache_returns_consistent_results ... ok
2026-10-08T05:01:07.4104169Z test resolver::tests::test_resolve_name_full_pipeline ... ok
2026-10-08T05:01:07.4107454Z test resolver::tests::test_resolve_via_imports ... ok
2026-10-08T05:01:07.4116200Z test resolver::tests::test_route_already_resolved_skipped ... ok
2026-10-08T05:01:07.4128224Z test resolver::tests::test_route_dotted_handler_via_import ... ok
2026-10-08T05:01:07.4157763Z test resolver::tests::test_route_dotted_handler_via_qname ... ok
2026-10-08T05:01:07.4167234Z test resolver::tests::test_route_global_tier_records_provenance ... ok
2026-10-08T05:01:07.4188122Z test resolver::tests::test_route_handler_global_prefers_imported ... ok
2026-10-08T05:01:07.4208091Z test resolver::tests::test_route_handler_global_skips_non_function ... ok
2026-10-08T05:01:07.4215954Z test resolver::tests::test_route_handler_global_unique_function ... ok
2026-10-08T05:01:07.4217457Z test resolver::tests::test_route_namespace_import_dotted_handler ... ok
2026-10-08T05:01:07.4218865Z test resolver::tests::test_route_resolve_outcome_three_tier ... ok
2026-10-08T05:01:07.4220068Z test resolver::tests::test_scope_chain_walks_parents ... ok
2026-10-08T05:01:07.4221137Z test resolver::tests::test_scope_distance ... ok
2026-10-08T05:01:07.4222561Z test resolver::tests::test_type_atoms_generics ... ok
2026-10-08T05:01:07.4223957Z test resolver::tests::test_type_atoms_mixed_delimiters ... ok
2026-10-08T05:01:07.4225232Z test resolver::tests::test_type_atoms_pointer_reference ... ok
2026-10-08T05:01:07.4226736Z test resolver::tests::test_type_atoms_primitives_filtered ... ok
2026-10-08T05:01:07.4227705Z test resolver::tests::test_type_atoms_python_brackets ... ok
2026-10-08T05:01:07.4228809Z test resolver::tests::test_type_atoms_simple ... ok
2026-10-08T05:01:07.4229936Z test resolver::tests::test_type_atoms_single_char_type_params ... ok
2026-10-08T05:01:07.4231091Z test resolver::tests::test_type_atoms_union ... ok
2026-10-08T05:01:07.4239414Z test resolver::tests::test_type_catalog_upgrade_keeps_same_target ... ok
2026-10-08T05:01:07.4241154Z test resolver::tests::test_type_catalog_upgrade_replaces_name_evidence_result ... ok
2026-10-08T05:01:07.4242981Z test resolver::tests::test_type_catalog_upgrade_skips_import_proven_result ... ok
2026-10-08T05:01:07.4273304Z test scanner::scan_paths_tests::scan_paths_empty_input_short_circuits ... ok
2026-10-08T05:01:07.4485903Z test scanner::scan_paths_tests::scan_paths_matches_full_walk_filters ... ok
2026-10-08T05:01:07.4597030Z test scanner::scan_paths_tests::scan_paths_payload_matches_full_scan ... ok
2026-10-08T05:01:07.4715810Z test scanner::scoped_scan_tests::scoped_scan_expands_directory_events ... ok
2026-10-08T05:01:07.4797313Z test scanner::scoped_scan_tests::scoped_scan_matches_full_walk_admission ... ok
2026-10-08T05:01:07.4925950Z test scanner::shared_walk_tests::manifest_coverage_and_indexable_filters ... ok
2026-10-08T05:01:07.4981526Z test scanner::shared_walk_tests::manifest_signatures_match_walk_fallbacks ... ok
2026-10-08T05:01:07.5516291Z test source_snapshot_tests::parser_never_pairs_reread_bytes_with_the_old_scan_digest ... ok
2026-10-08T05:01:07.5540486Z test synthesis_symbol_resolver::tests::global_ambiguity_without_same_file_returns_none ... ok
2026-10-08T05:01:07.5559471Z test synthesis_symbol_resolver::tests::same_file_match_preferred_over_other_files ... ok
2026-10-08T05:01:07.5561105Z test synthesis_symbol_resolver::tests::uid_less_rows_block_strict_but_not_lenient ... ok
2026-10-08T05:01:07.5562394Z test synthesis_symbol_resolver::tests::unique_global_match_resolves ... ok
2026-10-08T05:01:07.5563395Z test type_catalog::tests::alias_chasing ... ok
2026-10-08T05:01:07.5564395Z test type_catalog::tests::alias_removal_restores_prior_contribution ... ok
2026-10-08T05:01:07.5565945Z test type_catalog::tests::incremental_removal_matches_fresh_rebuild ... ok
2026-10-08T05:01:07.5566994Z test type_catalog::tests::method_param_count_per_uid ... ok
2026-10-08T05:01:07.5568088Z test type_catalog::tests::method_receiver_compat_specific_uid ... ok
2026-10-08T05:01:07.5569197Z test type_catalog::tests::normalize_ambiguous_short_name_stays_short ... ok
2026-10-08T05:01:07.5570726Z test type_catalog::tests::normalize_resolves_unique_short_name ... ok
2026-10-08T05:01:07.5571754Z test type_catalog::tests::normalize_strips_decorators ... ok
2026-10-08T05:01:07.5572727Z test type_catalog::tests::qname_priority_in_type_index ... ok
2026-10-08T05:01:07.5573820Z test type_catalog::tests::removal_keeps_same_key_contribution_from_other_file ... ok
2026-10-08T05:01:07.5575626Z test type_catalog::tests::reset_type_assigns_is_scoped ... ok
2026-10-08T05:01:07.5576547Z test type_catalog::tests::resolve_by_arg_count ... ok
2026-10-08T05:01:07.5577464Z test type_catalog::tests::resolve_by_receiver_type ... ok
2026-10-08T05:01:07.5578492Z test type_catalog::tests::single_method_skips_disambiguation ... ok
2026-10-08T05:01:07.5579433Z test type_catalog::tests::subtype_check ... ok
2026-10-08T05:01:07.5580354Z test type_catalog::tests::subtype_check_with_implements ... ok
2026-10-08T05:01:07.5581301Z test type_catalog::tests::subtype_check_with_qname ... ok
2026-10-08T05:01:08.0703390Z test resolver::helpers::type_atom_identifier_tests::unicode_identifier_start_domain_is_preserved ... ok
2026-10-08T05:01:08.5233616Z test resolver::catalog_cache::p2d_tests::p2d_churn_drops_dead_slots_without_leaking_name_buckets ... ok
2026-10-08T05:01:08.9667679Z test build_plan::tests::p2d_repeated_single_file_edits_reuse_real_catalog_amid_unrelated_files ... ok
2026-10-08T05:01:08.9668219Z 
2026-10-08T05:01:08.9668884Z test result: ok. 402 passed; 0 failed; 1 ignored; 0 measured; 0 filtered out; finished in 6.44s
2026-10-08T05:01:08.9669505Z 
2026-10-08T05:01:08.9831364Z [1m[92m     Running[0m tests/independent_qname_parser_public.rs (target/debug/deps/independent_qname_parser_public-25b41bb1db412311)
2026-10-08T05:01:08.9846833Z 
2026-10-08T05:01:08.9847256Z running 4 tests
2026-10-08T05:01:09.0186299Z test nearest_declaration_and_conditional_classes_preserve_native_scope ... ok
2026-10-08T05:01:09.0186886Z test decorated_classes_are_class_declarations_not_function_or_method ... ok
2026-10-08T05:01:09.0187722Z test unicode_crlf_decorator_is_single_wrapper_and_body_call_owner ... ok
2026-10-08T05:01:09.0201628Z test malformed_and_missing_proofs_omit_identity ... ok
2026-10-08T05:01:09.0201958Z 
2026-10-08T05:01:09.0202219Z test result: ok. 4 passed; 0 failed; 0 ignored; 0 measured; 0 filtered out; finished in 0.04s
2026-10-08T05:01:09.0202568Z 
2026-10-08T05:01:09.0208238Z [1m[92m     Running[0m tests/independent_qname_repair_guard.rs (target/debug/deps/independent_qname_repair_guard-125fca7a1964ae5f)
2026-10-08T05:01:09.0222796Z 
2026-10-08T05:01:09.0222976Z running 3 tests
2026-10-08T05:01:09.0319860Z test cpp_rejected_kind_hint_keeps_actual_function_name_not_return_type ... ok
2026-10-08T05:01:09.0624224Z test decorator_owners_and_canonical_class_method_are_not_duplicated ... ok
2026-10-08T05:01:09.1020966Z test real_language_guard_snapshot ... ok
2026-10-08T05:01:09.1021379Z 
2026-10-08T05:01:09.1021740Z test result: ok. 3 passed; 0 failed; 0 ignored; 0 measured; 0 filtered out; finished in 0.08s
2026-10-08T05:01:09.1022218Z 
2026-10-08T05:01:09.1031981Z [1m[92m     Running[0m tests/p3a_project_model.rs (target/debug/deps/p3a_project_model-bbb1d16902665e63)
2026-10-08T05:01:09.1047985Z 
2026-10-08T05:01:09.1048170Z running 16 tests
2026-10-08T05:01:09.1179598Z test a_missing_base_is_observed_then_recovers ... ok
2026-10-08T05:01:09.1233896Z test cache_uses_content_even_when_mtime_and_size_match ... ok
2026-10-08T05:01:09.1247933Z test equal_priority_overlapping_paths_do_not_pick_a_map_order_winner ... ok
2026-10-08T05:01:09.1325760Z test extends_array_and_option_origins_follow_override_order ... ok
2026-10-08T05:01:09.1335929Z test exact_pattern_precedes_wildcard_and_longer_prefix_wins ... ok
2026-10-08T05:01:09.1337139Z test file_catalog_and_paths_reject_noncanonical_or_escaping_inputs ... ok
2026-10-08T05:01:09.1392940Z test cycles_escape_missing_and_unsupported_modes_are_not_empty_success ... ok
2026-10-08T05:01:09.1465880Z test gitignored_config_is_still_a_semantic_input_not_an_admitted_source_file ... ok
2026-10-08T05:01:09.1587475Z test inheritance_depth_and_per_file_byte_limits_are_reported ... ok
2026-10-08T05:01:09.1663209Z test nested_invalid_config_masks_parent_and_tsconfig_precedes_jsconfig ... ok
2026-10-08T05:01:09.1664596Z test configuration_is_loaded_once_and_resolution_is_disk_free ... ok
2026-10-08T05:01:09.1731277Z test supported_extension_substitution_and_probe_order_are_explicit ... ok
2026-10-08T05:01:09.1733805Z test repeated_inheritance_deduplicates_diagnostics_instead_of_expanding_paths ... ok
2026-10-08T05:01:09.1736511Z test hidden_config_dependencies_and_generated_exclusions_share_watcher_policy ... ok
2026-10-08T05:01:09.1788752Z test symlinked_config_is_explicitly_unsupported ... ok
2026-10-08T05:01:09.8494220Z test many_shared_effective_configs_are_bounded_independently_of_raw_bytes ... ok
2026-10-08T05:01:09.8494763Z 
2026-10-08T05:01:09.8495423Z test result: ok. 16 passed; 0 failed; 0 ignored; 0 measured; 0 filtered out; finished in 0.74s
2026-10-08T05:01:09.8495813Z 
2026-10-08T05:01:09.8502961Z [1m[92m     Running[0m tests/p3b_modules.rs (target/debug/deps/p3b_modules-caefb33349e06169)
2026-10-08T05:01:09.8518870Z 
2026-10-08T05:01:09.8519201Z running 19 tests
2026-10-08T05:01:09.8611597Z test duplicate_package_names_are_not_disambiguated_by_map_order ... ok
2026-10-08T05:01:09.8616407Z test arrays_do_not_retry_an_absent_file_after_a_valid_target ... ok
2026-10-08T05:01:09.8626001Z test format_extensions_and_dynamic_import_override_cjs_package_type ... ok
2026-10-08T05:01:09.8686137Z test module_resolution_survives_removal_of_captured_input_files ... ok
2026-10-08T05:01:09.8692366Z test import_and_require_are_independent_conditions ... ok
2026-10-08T05:01:09.8695950Z test cargo_optional_and_development_dependencies_do_not_become_unconditional ... ok
2026-10-08T05:01:09.8745775Z test invalid_duplicate_package_keys_are_not_sorted_and_accepted ... ok
2026-10-08T05:01:09.8765964Z test namespace_portion_does_not_override_a_regular_package_in_later_root ... ok
2026-10-08T05:01:09.8775531Z test node_mode_uses_package_type_and_does_not_add_esm_extensions ... ok
2026-10-08T05:01:09.8786717Z test nested_workspace_resolution_uses_the_nearest_declared_workspace ... ok
2026-10-08T05:01:09.8829469Z test package_patterns_choose_specific_subpath_and_null_does_not_fallback ... ok
2026-10-08T05:01:09.8831435Z test package_imports_redirect_locally_and_cycles_are_explicit ... ok
2026-10-08T05:01:09.8857608Z test package_conditions_follow_source_order_not_a_fixed_precedence ... ok
2026-10-08T05:01:09.8914331Z test relative_directory_uses_package_entry_before_index_in_cjs_and_bundler ... ok
2026-10-08T05:01:09.8935733Z test python_explicit_src_root_relative_parent_and_namespace ... ok
2026-10-08T05:01:09.8945837Z test rust_declared_paths_cfg_and_super_have_separate_outcomes ... ok
2026-10-08T05:01:09.8986480Z test rust_duplicate_module_files_and_complex_cfg_fail_closed ... ok
2026-10-08T05:01:09.9002982Z test unrelated_package_is_not_a_workspace_dependency ... ok
2026-10-08T05:01:09.9091292Z test package_targets_reject_escape_encoded_segments_and_node_modules ... ok
2026-10-08T05:01:09.9091858Z 
2026-10-08T05:01:09.9092293Z test result: ok. 19 passed; 0 failed; 0 ignored; 0 measured; 0 filtered out; finished in 0.06s
2026-10-08T05:01:09.9093015Z 
2026-10-08T05:01:09.9099510Z [1m[92m     Running[0m tests/p3c_modules.rs (target/debug/deps/p3c_modules-d440a0beac5d0bae)
2026-10-08T05:01:09.9228473Z 
2026-10-08T05:01:09.9228692Z running 14 tests
2026-10-08T05:01:09.9593831Z test declared_local_ts_dependency_missing_is_not_external ... ok
2026-10-08T05:01:09.9655834Z test declared_rust_registry_dependency_is_external_not_local_alias ... ok
2026-10-08T05:01:09.9667824Z test duplicate_workspace_modules_are_ambiguous ... ok
2026-10-08T05:01:09.9737342Z test cgo_and_build_directives_remain_unknown ... ok
2026-10-08T05:01:09.9788704Z test external_missing_and_unknown_are_distinct ... ok
2026-10-08T05:01:09.9817591Z test package_set_never_uses_a_representative_file ... ok
2026-10-08T05:01:09.9863922Z test malformed_and_outside_configs_never_select_a_target ... ok
2026-10-08T05:01:09.9866569Z test python_uncaptured_environment_differs_from_missing_local_submodule ... ok
2026-10-08T05:01:09.9867592Z test scope_capture_retains_manifest_inputs_without_source_admission ... ok
2026-10-08T05:01:09.9957335Z test structured_result_rejects_contradictory_or_invalid_package_shapes ... ok
2026-10-08T05:01:10.0026160Z test test_files_are_not_production_and_conflicting_names_are_ambiguous ... ok
2026-10-08T05:01:10.0056944Z test work_override_use_blocks_quotes_and_comments ... ok
2026-10-08T05:01:10.0146440Z test capture_remains_usable_without_disk_sources ... ok
2026-10-08T05:01:10.0205323Z test shared_authored_fixtures_match_module_targets ... ok
2026-10-08T05:01:10.0205776Z 
2026-10-08T05:01:10.0206199Z test result: ok. 14 passed; 0 failed; 0 ignored; 0 measured; 0 filtered out; finished in 0.10s
2026-10-08T05:01:10.0206789Z 
2026-10-08T05:01:10.0214724Z [1m[92m     Running[0m tests/p3d_boundaries.rs (target/debug/deps/p3d_boundaries-d6d0a6f548554320)
2026-10-08T05:01:10.0337392Z 
2026-10-08T05:01:10.0337589Z running 12 tests
2026-10-08T05:01:10.0518899Z test application_configuration_fifo_is_also_bounded ... ok
2026-10-08T05:01:10.0641832Z test configuration_directory_is_not_a_regular_file ... ok
2026-10-08T05:01:10.0642720Z test directory_symlink_and_final_symlink_never_load_external_configuration ... ok
2026-10-08T05:01:10.0708876Z test foreign_language_import_must_not_resolve_using_javascript_suffixes ... ok
2026-10-08T05:01:10.0729660Z test excessive_go_package_members_are_unknown_not_an_invalid_resolved_set ... ok
2026-10-08T05:01:10.0734203Z test rejected_import_previews_do_not_collapse_distinct_request_identities ... ok
2026-10-08T05:01:10.0739649Z test rust_alias_entry_index_preserves_ambiguity_and_rebuilds_after_removal ... ok
2026-10-08T05:01:10.0753425Z test fifo_configuration_is_rejected_without_waiting_for_a_writer ... ok
2026-10-08T05:01:10.0754754Z test special_config_child ... ignored, child-process harness exercised by the bounded FIFO parent tests
2026-10-08T05:01:10.0812231Z test ordinary_extends_filename_suffix_is_not_a_package_manifest_identity ... ok
2026-10-08T05:01:10.0821415Z test absolute_and_url_extends_never_fetch_or_execute ... ok
2026-10-08T05:01:10.0842594Z test sfc_script_imports_use_the_same_captured_typescript_rules ... ok
2026-10-08T05:01:10.0843138Z 
2026-10-08T05:01:10.0843575Z test result: ok. 11 passed; 0 failed; 1 ignored; 0 measured; 0 filtered out; finished in 0.05s
2026-10-08T05:01:10.0844194Z 
2026-10-08T05:01:10.0850479Z [1m[92m     Running[0m tests/p4b_render.rs (target/debug/deps/p4b_render-d315ed8ab0e54d61)
2026-10-08T05:01:10.0929516Z 
2026-10-08T05:01:10.0929709Z running 2 tests
2026-10-08T05:01:10.1560212Z test embedding_projection_is_distinct_bounded_deterministic_and_verifies_original ... ok
2026-10-08T05:01:10.1569004Z test metadata_truncation_is_explicit_but_source_is_never_truncated ... ok
2026-10-08T05:01:10.1569573Z 
2026-10-08T05:01:10.1569951Z test result: ok. 2 passed; 0 failed; 0 ignored; 0 measured; 0 filtered out; finished in 0.06s
2026-10-08T05:01:10.1570293Z 
2026-10-08T05:01:10.1577120Z [1m[92m     Running[0m tests/p4c_identity.rs (target/debug/deps/p4c_identity-be8f7899d54ea17a)
2026-10-08T05:01:10.1592291Z 
2026-10-08T05:01:10.1592546Z running 2 tests
2026-10-08T05:01:10.1891923Z test duplicate_content_keeps_provenance_and_mutated_input_is_rejected ... ok
2026-10-08T05:01:10.1909787Z test content_keys_and_versions_are_not_legacy_ordinals ... ok
2026-10-08T05:01:10.1910102Z 
2026-10-08T05:01:10.1910360Z test result: ok. 2 passed; 0 failed; 0 ignored; 0 measured; 0 filtered out; finished in 0.03s
2026-10-08T05:01:10.1910722Z 
2026-10-08T05:01:10.1916174Z [1m[92m     Running[0m tests/python_declaration_identity.rs (target/debug/deps/python_declaration_identity-7051fa94153daf33)
2026-10-08T05:01:10.1930281Z 
2026-10-08T05:01:10.1930527Z running 3 tests
2026-10-08T05:01:10.2254695Z test decorator_references_and_calls_are_real_and_evaluated_in_enclosing_scope ... ok
2026-10-08T05:01:10.2298529Z test classes_keep_canonical_envelopes_members_uids_and_lexical_parents ... ok
2026-10-08T05:01:10.2410967Z test decorated_class_members_are_not_lost_in_small_or_split_chunks ... ok
2026-10-08T05:01:10.2411533Z 
2026-10-08T05:01:10.2411950Z test result: ok. 3 passed; 0 failed; 0 ignored; 0 measured; 0 filtered out; finished in 0.05s
2026-10-08T05:01:10.2412541Z 
2026-10-08T05:01:10.2417500Z [1m[92m     Running[0m tests/python_identity_resource_integration.rs (target/debug/deps/python_identity_resource_integration-af34837e0bddd76d)
2026-10-08T05:01:10.2432451Z 
2026-10-08T05:01:10.2432599Z running 6 tests
2026-10-08T05:01:10.2473492Z test config_only_explicit_capture_does_not_prove_source_inventory ... ok
2026-10-08T05:01:10.2474525Z test adapter_and_model_refusals_are_independent_and_leave_no_partial_binding ... ok
2026-10-08T05:01:10.2475971Z test config_marker_source_and_whole_inventory_changes_invalidate_bindings ... ok
2026-10-08T05:01:10.2486757Z test initializer_and_root_initializer_keep_module_semantics ... ok
2026-10-08T05:01:10.2502531Z test leading_trivia_bom_and_crlf_keep_fixed_absolute_bytes_through_model ... ok
2026-10-08T05:01:10.2798577Z test actual_config_and_ast_bind_regular_package_nested_and_duplicate_occurrences ... ok
2026-10-08T05:01:10.2799379Z 
2026-10-08T05:01:10.2799911Z test result: ok. 6 passed; 0 failed; 0 ignored; 0 measured; 0 filtered out; finished in 0.04s
2026-10-08T05:01:10.2800662Z 
2026-10-08T05:01:10.2806048Z [1m[92m     Running[0m tests/python_inventory_capture.rs (target/debug/deps/python_inventory_capture-1692d350b1390934)
2026-10-08T05:01:10.2882712Z 
2026-10-08T05:01:10.2882930Z running 11 tests
2026-10-08T05:01:10.3073565Z test actual_inventory_raw_directives_and_same_source_admission ... ok
2026-10-08T05:01:10.3103226Z test canonical_project_root_alias_is_explicitly_accepted_below_root_aliases_refused ... ok
2026-10-08T05:01:10.3114026Z test defaults_partial_duplicate_toml_and_unsupported_collection_policies_refuse ... ok
2026-10-08T05:01:10.3122237Z test explicit_project_root_and_root_initializer_are_supported_without_defaults ... ok
2026-10-08T05:01:10.3147504Z test fifo_is_rejected_without_blocking_and_syntax_failure_has_no_partial_result ... ok
2026-10-08T05:01:10.3156832Z test exact_and_one_over_inventory_and_aggregate_output_bounds ... ok
2026-10-08T05:01:10.3173183Z test native_non_utf8_portable_and_hardlink_aliases_are_rejected ... ok
2026-10-08T05:01:10.3193376Z test ignores_do_not_hide_markers_and_exclusions_or_partial_scopes_are_refused ... ok
2026-10-08T05:01:10.3255835Z test standalone_and_combined_explicit_roots_keep_all_supporting_evidence ... ok
2026-10-08T05:01:10.3283100Z test full_scope_content_marker_absence_and_collision_are_bound ... ok
2026-10-08T05:01:10.3344445Z test explicit_find_cannot_borrow_completeness_from_package_dir ... ok
2026-10-08T05:01:10.3345201Z 
2026-10-08T05:01:10.3345557Z test result: ok. 11 passed; 0 failed; 0 ignored; 0 measured; 0 filtered out; finished in 0.05s
2026-10-08T05:01:10.3345943Z 
2026-10-08T05:01:10.3350442Z [1m[92m     Running[0m tests/python_inventory_resource_integration.rs (target/debug/deps/python_inventory_resource_integration-b3e07cf5f6fe6976)
2026-10-08T05:01:10.3427365Z 
2026-10-08T05:01:10.3427843Z running 3 tests
2026-10-08T05:01:10.3610657Z test fresh_capture_matches_actual_ast_and_borrowed_model_with_literal_names ... ok
2026-10-08T05:01:10.3683155Z test whole_scope_recapture_preserves_old_bytes_and_changes_marker_and_git_binding ... ok
2026-10-08T05:01:10.3686933Z test combined_capture_ast_model_and_aggregate_fail_closed ... ok
2026-10-08T05:01:10.3687441Z 
2026-10-08T05:01:10.3687739Z test result: ok. 3 passed; 0 failed; 0 ignored; 0 measured; 0 filtered out; finished in 0.03s
2026-10-08T05:01:10.3688101Z 
2026-10-08T05:01:10.3694271Z [1m[92m     Running[0m tests/python_inventory_revalidation.rs (target/debug/deps/python_inventory_revalidation-4e9d65d2893ad699)
2026-10-08T05:01:10.3771410Z 
2026-10-08T05:01:10.3771665Z running 11 tests
2026-10-08T05:01:10.4006307Z test caller_authorization_and_each_current_budget_are_reapplied ... ok
2026-10-08T05:01:10.4055464Z test missing_duplicate_unknown_and_malformed_fields_cannot_assert_outputs ... ok
2026-10-08T05:01:10.4066134Z test each_receipt_digest_is_checked_against_fresh_derivation ... ok
2026-10-08T05:01:10.4067301Z test configuration_raw_bytes_and_normalized_directives_remain_bound ... ok
2026-10-08T05:01:10.4103733Z test receipt_byte_ceiling_accepts_exact_size_and_refuses_one_over_before_io ... ok
2026-10-08T05:01:10.4145990Z test full_inventory_binds_sources_markers_ignored_files_additions_and_renames ... ok
2026-10-08T05:01:10.4150076Z test round_trip_rederives_original_bytes_config_provenance_and_all_outcomes ... ok
2026-10-08T05:01:10.4168077Z test valid_old_receipt_never_bypasses_config_ast_or_native_refusal ... ok
2026-10-08T05:01:10.4172967Z test receipt_is_content_identity_under_explicit_owner_and_allows_root_alias ... ok
2026-10-08T05:01:10.4180842Z test version_owner_and_scope_mismatch_refuse_before_filesystem_capture ... ok
2026-10-08T05:01:10.4219639Z test zero_declarations_still_bind_complete_inventory_and_configuration ... ok
2026-10-08T05:01:10.4220207Z 
2026-10-08T05:01:10.4220485Z test result: ok. 11 passed; 0 failed; 0 ignored; 0 measured; 0 filtered out; finished in 0.04s
2026-10-08T05:01:10.4220837Z 
2026-10-08T05:01:10.4225715Z [1m[92m     Running[0m tests/python_provenance_independent_review.rs (target/debug/deps/python_provenance_independent_review-315d4a89acf45a1f)
2026-10-08T05:01:10.4344735Z 
2026-10-08T05:01:10.4345264Z running 4 tests
2026-10-08T05:01:10.4492672Z test independent_review_original_loader_bytes_refresh_and_wire_boundaries ... ok
2026-10-08T05:01:10.4604470Z test independent_review_supporting_evidence_scopes_and_stale_inputs ... ok
2026-10-08T05:01:10.5028328Z test independent_review_real_toml_matrix ... ok
2026-10-08T05:01:10.6441155Z test independent_review_generated_shape_and_root_matrix ... ok
2026-10-08T05:01:10.6441775Z 
2026-10-08T05:01:10.6442762Z test result: ok. 4 passed; 0 failed; 0 ignored; 0 measured; 0 filtered out; finished in 0.21s
2026-10-08T05:01:10.6443489Z 
2026-10-08T05:01:10.6449724Z [1m[92m     Running[0m tests/qname_db_independent_review.rs (target/debug/deps/qname_db_independent_review-2ea22372c48ef45c)
2026-10-08T05:01:10.6467554Z 
2026-10-08T05:01:10.6467723Z running 7 tests
2026-10-08T05:01:10.7273978Z test independent_actual_pooled_sqlite_snapshot_pins_relations_until_transaction_end ... ok
2026-10-08T05:01:10.7340309Z test independent_leading_docs_whitespace_and_same_name_neighbor_are_byte_bound ... ok
2026-10-08T05:01:10.7405203Z test independent_original_byte_points_partial_legacy_no_symbol_and_utf8_owner_omit ... ok
2026-10-08T05:01:10.7924615Z test independent_dirty_only_preserves_authority_and_changed_symbol_fails_closed ... ok
2026-10-08T05:01:10.7933966Z test independent_ambiguity_omission_and_sql_survivor_with_measured_selects ... ok
2026-10-08T05:01:10.8311854Z test independent_write_relation_rollback_and_fk_disabled_delete_trigger ... ok
2026-10-08T05:01:10.9266328Z test independent_hydration_snapshot_survives_concurrent_real_replacements ... ok
2026-10-08T05:01:10.9266928Z 
2026-10-08T05:01:10.9267340Z test result: ok. 7 passed; 0 failed; 0 ignored; 0 measured; 0 filtered out; finished in 0.28s
2026-10-08T05:01:10.9267901Z 
2026-10-08T05:01:10.9279410Z [1m[92m     Running[0m tests/qname_identity_proof.rs (target/debug/deps/qname_identity_proof-74ee1bea82df94ef)
2026-10-08T05:01:10.9294875Z 
2026-10-08T05:01:10.9295259Z running 4 tests
2026-10-08T05:01:10.9643266Z test association_requires_unique_exact_complete_source_and_matching_existing_labels ... ok
2026-10-08T05:01:10.9646620Z test decorated_body_call_owners_use_the_same_canonical_parser_identity ... ok
2026-10-08T05:01:10.9654728Z test parser_lexical_qnames_distinguish_function_locals_class_methods_and_async_decorated_scopes ... ok
2026-10-08T05:01:10.9662368Z test same_name_neighbor_owner_cannot_authorize_a_disjoint_body_chunk ... ok
2026-10-08T05:01:10.9663092Z 
2026-10-08T05:01:10.9663362Z test result: ok. 4 passed; 0 failed; 0 ignored; 0 measured; 0 filtered out; finished in 0.04s
2026-10-08T05:01:10.9668704Z [1m[92m     Running[0m tests/qname_identity_transaction.rs (target/debug/deps/qname_identity_transaction-33968a86ffc3b618)
2026-10-08T05:01:10.9669199Z 
2026-10-08T05:01:10.9686588Z 
2026-10-08T05:01:10.9686863Z running 2 tests
2026-10-08T05:01:11.0482342Z test only_the_real_sql_surviving_declaration_gets_identity_without_candidate_deduplication ... ok
2026-10-08T05:01:11.0542337Z test real_file_transaction_rejects_changed_relation_and_preserves_previous_generation ... ok
2026-10-08T05:01:11.0542770Z 
2026-10-08T05:01:11.0543039Z test result: ok. 2 passed; 0 failed; 0 ignored; 0 measured; 0 filtered out; finished in 0.09s
2026-10-08T05:01:11.0543389Z 
2026-10-08T05:01:11.0553491Z [1m[92m     Running[0m tests/qname_owner_diagnostic.rs (target/debug/deps/qname_owner_diagnostic-018b0b57779395b0)
2026-10-08T05:01:11.0636418Z 
2026-10-08T05:01:11.0636732Z running 3 tests
2026-10-08T05:01:11.1012162Z test go_long_method_fragments_have_exact_method_owner_not_neighbor_or_type ... ok
2026-10-08T05:01:11.1199112Z test python_nested_symbol_preserves_lexical_function_scope ... ok
2026-10-08T05:01:11.1200271Z test python_exact_owner_coordinates_distinguish_classes_and_decorated_declarations ... ok
2026-10-08T05:01:11.1200688Z 
2026-10-08T05:01:11.1200949Z test result: ok. 3 passed; 0 failed; 0 ignored; 0 measured; 0 filtered out; finished in 0.06s
2026-10-08T05:01:11.1201291Z 
2026-10-08T05:01:11.1209299Z [1m[92m     Running[0m tests/type_catalog_bench.rs (target/debug/deps/type_catalog_bench-a86d0ee3c98316fc)
2026-10-08T05:01:11.1265195Z 
2026-10-08T05:01:11.1265386Z running 18 tests
2026-10-08T05:01:11.1268728Z test bench_type_catalog_build_from_symbols ... ignored, benchmark only: cargo test -p cc-index --release --test type_catalog_bench -- --ignored --nocapture
2026-10-08T05:01:11.1271553Z test type_catalog::tests::method_param_count_per_uid ... ok
2026-10-08T05:01:11.1272864Z test type_catalog::tests::alias_chasing ... ok
2026-10-08T05:01:11.1273847Z test type_catalog::tests::alias_removal_restores_prior_contribution ... ok
2026-10-08T05:01:11.1274746Z test type_catalog::tests::incremental_removal_matches_fresh_rebuild ... ok
2026-10-08T05:01:11.1275636Z test type_catalog::tests::method_receiver_compat_specific_uid ... ok
2026-10-08T05:01:11.1276100Z test type_catalog::tests::normalize_resolves_unique_short_name ... ok
2026-10-08T05:01:11.1276577Z test type_catalog::tests::normalize_strips_decorators ... ok
2026-10-08T05:01:11.1277233Z test type_catalog::tests::normalize_ambiguous_short_name_stays_short ... ok
2026-10-08T05:01:11.1278000Z test type_catalog::tests::resolve_by_arg_count ... ok
2026-10-08T05:01:11.1278657Z test type_catalog::tests::qname_priority_in_type_index ... ok
2026-10-08T05:01:11.1279264Z test type_catalog::tests::removal_keeps_same_key_contribution_from_other_file ... ok
2026-10-08T05:01:11.1279746Z test type_catalog::tests::reset_type_assigns_is_scoped ... ok
2026-10-08T05:01:11.1281628Z test type_catalog::tests::subtype_check_with_implements ... ok
2026-10-08T05:01:11.1282407Z test type_catalog::tests::resolve_by_receiver_type ... ok
2026-10-08T05:01:11.1283168Z test type_catalog::tests::single_method_skips_disambiguation ... ok
2026-10-08T05:01:11.1283954Z test type_catalog::tests::subtype_check ... ok
2026-10-08T05:01:11.1284587Z test type_catalog::tests::subtype_check_with_qname ... ok
2026-10-08T05:01:11.1285213Z 
2026-10-08T05:01:11.1285636Z test result: ok. 17 passed; 0 failed; 1 ignored; 0 measured; 0 filtered out; finished in 0.00s
2026-10-08T05:01:11.1286251Z 
2026-10-08T05:01:11.1286903Z [1m[92m     Running[0m unittests src/lib.rs (target/debug/deps/cc_model-c8f8b063e3308028)
2026-10-08T05:01:11.1382418Z 
2026-10-08T05:01:11.1382627Z running 92 tests
2026-10-08T05:01:11.1407837Z test build_explain::tests::finish_non_empty_skips_empty_collector ... ok
2026-10-08T05:01:11.1409041Z test build_explain::tests::empty_envelope_serializes_to_empty_object ... ok
2026-10-08T05:01:11.1423248Z test config::tests::collect_unknown_config_keys_flags_unknown_top_level_key ... ok
2026-10-08T05:01:11.1425803Z test build_explain::tests::gate_decisions_and_degraded_roundtrip ... ok
2026-10-08T05:01:11.1427703Z test config::tests::collect_unknown_config_keys_empty_for_fully_valid_config ... ok
2026-10-08T05:01:11.1428791Z test config::tests::collect_unknown_config_keys_flags_removed_indexing_parallelism ... ok
2026-10-08T05:01:11.1434792Z test config::tests::find_project_root_with_marker_returns_none_without_marker ... ok
2026-10-08T05:01:11.1436070Z test config::tests::find_project_root_unmarked_child_preserves_parent_discovery ... ok
2026-10-08T05:01:11.1436710Z test config::tests::find_project_root_with_marker_returns_marker_dir ... ok
2026-10-08T05:01:11.1439718Z test config::tests::partial_config_fills_missing_fields_with_defaults ... ok
2026-10-08T05:01:11.1446109Z test config::tests::semantic_concurrency_keys_parse_and_default_off ... ok
2026-10-08T05:01:11.1447052Z test config::tests::semantic_retry_and_breaker_keys_parse_with_conservative_defaults ... ok
2026-10-08T05:01:11.1448109Z test config::tests::semantic_egress_policy_keys_parse_and_default_closed ... ok
2026-10-08T05:01:11.1449016Z test config::tests::env_overrides_apply_on_top_of_file_config ... ok
2026-10-08T05:01:11.1450107Z test config::tests::semantic_section_is_inert_by_default_and_fills_defaults_when_partial ... ok
2026-10-08T05:01:11.1450947Z test context::tests::coverage_explain_projects_the_receipt_verbatim ... ok
2026-10-08T05:01:11.1452156Z test config::tests::index_paths_can_use_external_cache_dir ... ok
2026-10-08T05:01:11.1452931Z test context::tests::role_buckets_are_non_empty ... ok
2026-10-08T05:01:11.1453938Z test context::tests::node_type_serde_round_trip ... ok
2026-10-08T05:01:11.1454831Z test context::tests::context_node_new_sets_token_estimate ... ok
2026-10-08T05:01:11.1456188Z test context::tests::semantic_explain_is_absent_exactly_when_no_semantic_lane_ran ... ok
2026-10-08T05:01:11.1457390Z test edge::tests::dispatch_kind_roundtrip ... ok
2026-10-08T05:01:11.1458005Z test edge::tests::resolution_kind_roundtrip ... ok
2026-10-08T05:01:11.1458707Z test config::tests::semantic_section_keys_are_known_config_keys ... ok
2026-10-08T05:01:11.1459590Z test framework_taxonomy::tests::resolver_tier_lookup_uses_static_aliases ... ok
2026-10-08T05:01:11.1460540Z test framework_taxonomy::tests::taxon_lookup_covers_canonical_and_aliases ... ok
2026-10-08T05:01:11.1461525Z test framework_taxonomy::tests::canonical_aliases_covers_canonical_then_aliases ... ok
2026-10-08T05:01:11.1462357Z test edge::tests::semantic_relation_roundtrip ... ok
2026-10-08T05:01:11.1463048Z test graph_catalog::tests::catalog_covers_core_query_edges ... ok
2026-10-08T05:01:11.1463835Z test framework_taxonomy::tests::taxonomy_is_closed_and_unique ... ok
2026-10-08T05:01:11.1464703Z test graph_catalog::tests::cypher_fast_path_kinds_support_variable_length ... ok
2026-10-08T05:01:11.1465778Z test graph_catalog::tests::tool_edge_kind_matrix_snapshot ... ok
2026-10-08T05:01:11.1466532Z test graph_catalog::tests::edge_kind_set_contains_and_iter ... ok
2026-10-08T05:01:11.1467284Z test graph_catalog::tests::tool_subsets_resolve_in_catalog ... ok
2026-10-08T05:01:11.1468135Z test graph_catalog::tests::visible_relationships_have_schema_descriptions ... ok
2026-10-08T05:01:11.1468682Z test graph_explain::tests::edge_kinds_deduplicated_in_first_seen_order ... ok
2026-10-08T05:01:11.1469186Z test graph_catalog::tests::table_names_are_unique_and_include_symbol_refs ... ok
2026-10-08T05:01:11.1469693Z test graph_explain::tests::finish_non_empty_skips_empty_collector ... ok
2026-10-08T05:01:11.1470183Z test graph_explain::tests::empty_envelope_serializes_to_empty_object ... ok
2026-10-08T05:01:11.1470694Z test graph_explain::tests::declared_edge_kinds_do_not_make_envelope_non_empty ... ok
2026-10-08T05:01:11.1471187Z test graph_explain::tests::first_truncated_reason_wins ... ok
2026-10-08T05:01:11.1471805Z test graph_explain::tests::non_empty_fields_serialize_and_roundtrip ... ok
2026-10-08T05:01:11.1473019Z test graph_explain::tests::declared_only_carries_just_the_contract ... ok
2026-10-08T05:01:11.1473893Z test graph_explain::tests::read_errors_capped_with_dropped_count ... ok
2026-10-08T05:01:11.1474840Z test graph_explain::tests::synthesis_notes_first_count_wins_and_finishes_as_strings ... ok
2026-10-08T05:01:11.1477711Z test id::tests::chunk_id_is_deterministic ... ok
2026-10-08T05:01:11.1478301Z test id::tests::ref_id_is_deterministic ... ok
2026-10-08T05:01:11.1478885Z test id::tests::span_text_hash_deterministic ... ok
2026-10-08T05:01:11.1479484Z test id::tests::edge_id_is_deterministic ... ok
2026-10-08T05:01:11.1480054Z test id::tests::stable_hash_deterministic ... ok
2026-10-08T05:01:11.1480765Z test id::tests::symbol_uid_is_deterministic ... ok
2026-10-08T05:01:11.1481444Z test id::tests::symbol_uid_signature_normalized ... ok
2026-10-08T05:01:11.1482126Z test id::tests::symbol_uid_differs_by_kind ... ok
2026-10-08T05:01:11.1482814Z test language_tests::as_str_new_languages ... ok
2026-10-08T05:01:11.1483653Z test input_file::tests::bound_and_path_failures_do_not_read_arbitrary_files ... ok
2026-10-08T05:01:11.1484830Z test input_file::tests::descriptor_anchor_survives_path_replacement_without_following_new_symlink ... ok
2026-10-08T05:01:11.1487427Z test language_tests::from_extension_new_languages ... ok
2026-10-08T05:01:11.1488129Z test language_tests::from_name_new_languages ... ok
2026-10-08T05:01:11.1488925Z test parser_tier_tests::element_confidence_falls_back_to_tier_default ... ok
2026-10-08T05:01:11.1489813Z test parser_tier_tests::element_confidence_matrix_baselines ... ok
2026-10-08T05:01:11.1490715Z test public_surface::tests::known_empty_encoding_has_independent_golden ... ok
2026-10-08T05:01:11.1491711Z test query::tests::child_cannot_extend_deadline_and_cancel_blocks_publication ... ok
2026-10-08T05:01:11.1492596Z test repo_path::tests::component_and_case_boundaries ... ok
2026-10-08T05:01:11.1493607Z test query::tests::expired_control_and_bad_config_fail_closed ... ok
2026-10-08T05:01:11.1494493Z test public_surface::tests::order_duplicates_and_literal_boundaries ... ok
2026-10-08T05:01:11.1495637Z test repo_path::tests::native_names_do_not_alias_portable_paths ... ok
2026-10-08T05:01:11.1496500Z test public_surface::tests::unknown_is_not_empty_or_unchanged ... ok
2026-10-08T05:01:11.1497431Z test repo_path::tests::portable_normalization_rejects_traversal_and_roots ... ok
2026-10-08T05:01:11.1498602Z test resolution::name_key_regression_tests::explicit_empty_dependency_still_fails_strict_validation ... ok
2026-10-08T05:01:11.1499827Z test resolution::name_key_regression_tests::legacy_manifest_versions_are_rejected ... ok
2026-10-08T05:01:11.1501113Z test resolution::name_key_regression_tests::qualified_and_unicode_names_keep_exact_and_leaf_invalidation_keys ... ok
2026-10-08T05:01:11.1502580Z test resolution::name_key_regression_tests::trailing_separator_and_punctuation_never_create_empty_leaf_keys ... ok
2026-10-08T05:01:11.1504367Z test retrieval::tests::absent_and_explicit_empty_roundtrip_differ ... ok
2026-10-08T05:01:11.1505553Z test retrieval::tests::lane_outcome_distinguishes_disabled_from_complete_empty ... ok
2026-10-08T05:01:11.1506707Z test retrieval::tests::lane_outcome_rejects_non_finite_scores_and_duplicate_versions ... ok
2026-10-08T05:01:11.1507829Z test retrieval::tests::lane_status_requires_consistent_reason_and_coverage ... ok
2026-10-08T05:01:11.1508623Z test retrieval::tests::malformed_span_optional_identity_and_coverage_fail_closed ... ok
2026-10-08T05:01:11.1509213Z test retrieval::tests::soft_hints_never_create_a_hard_scope ... ok
2026-10-08T05:01:11.1510084Z test retrieval_cost::tests::unavailable_and_overflow_are_not_zero ... ok
2026-10-08T05:01:11.1510926Z test route_normalize::tests::normalize_basic_paths ... ok
2026-10-08T05:01:11.1511659Z test route_normalize::tests::normalize_lowercases ... ok
2026-10-08T05:01:11.1512430Z test route_normalize::tests::normalize_full_url_with_params ... ok
2026-10-08T05:01:11.1513685Z test retrieval::tests::intersections_never_admit_a_file_rejected_by_either_side ... ok
2026-10-08T05:01:11.1514670Z test route_normalize::tests::normalize_strips_query_and_fragment ... ok
2026-10-08T05:01:11.1515707Z test route_normalize::tests::normalize_replaces_params ... ok
2026-10-08T05:01:11.1516282Z test route_normalize::tests::normalize_strips_scheme_and_host ... ok
2026-10-08T05:01:11.1516762Z test search::tests::search_hit_score_trace_is_serde_backward_compatible ... ok
2026-10-08T05:01:11.1517218Z test util_tests::chunked_basic ... ok
2026-10-08T05:01:11.1517514Z test util_tests::first_sentence_empty ... ok
2026-10-08T05:01:11.1517987Z test util_tests::first_sentence_with_newline ... ok
2026-10-08T05:01:11.1518550Z test util_tests::first_sentence_with_period ... ok
2026-10-08T05:01:11.1519153Z test util_tests::first_sentence_without_period ... ok
2026-10-08T05:01:11.1519539Z 
2026-10-08T05:01:11.1519982Z test result: ok. 92 passed; 0 failed; 0 ignored; 0 measured; 0 filtered out; finished in 0.01s
2026-10-08T05:01:11.1520410Z 
2026-10-08T05:01:11.1521118Z [1m[92m     Running[0m tests/declaration_identity_independent_review.rs (target/debug/deps/declaration_identity_independent_review-9a1758d83b447939)
2026-10-08T05:01:11.1532610Z 
2026-10-08T05:01:11.1532804Z running 11 tests
2026-10-08T05:01:11.1542493Z test absent_default_duplicate_disjoint_roots_and_collection_semantics ... ok
2026-10-08T05:01:11.1546799Z test config_source_owner_and_inventory_changes_invalidate ... ok
2026-10-08T05:01:11.1550521Z test legacy_wire_and_uid_have_independent_expected_values ... ok
2026-10-08T05:01:11.1559555Z test fingerprints_are_order_independent_and_portable_inputs_normalize ... ok
2026-10-08T05:01:11.1567276Z test missing_marker_collision_and_incomplete_inventory_assertion ... ok
2026-10-08T05:01:11.1568428Z test nested_classes_and_runtime_failure_are_legitimate_logical_addresses ... ok
2026-10-08T05:01:11.1569540Z test paths_and_constructor_limits_reject_bad_evidence ... ok
2026-10-08T05:01:11.1570761Z test semantic_assertions_are_not_proven_by_matching_bytes ... ok
2026-10-08T05:01:11.1571857Z test same_name_conditional_occurrences_have_distinct_binding ... ok
2026-10-08T05:01:11.1617215Z test bounded_resource_controls_and_duplicate_map_semantics ... ok
2026-10-08T05:01:11.1814605Z test exhaustive_small_and_extreme_range_mutations_do_not_panic ... ok
2026-10-08T05:01:11.1815506Z 
2026-10-08T05:01:11.1816096Z test result: ok. 11 passed; 0 failed; 0 ignored; 0 measured; 0 filtered out; finished in 0.03s
2026-10-08T05:01:11.1816845Z 
2026-10-08T05:01:11.1819535Z [1m[92m     Running[0m tests/declaration_identity_resources.rs (target/debug/deps/declaration_identity_resources-e8fea8579c9bb080)
2026-10-08T05:01:11.1832491Z 
2026-10-08T05:01:11.1833013Z running 9 tests
2026-10-08T05:01:11.1839202Z test each_inventory_budget_refuses_one_over ... ok
2026-10-08T05:01:11.1840205Z test evidence_depth_and_identifier_one_over_are_typed ... ok
2026-10-08T05:01:11.1848437Z test exact_admission_and_resolution_boundaries_preserve_fingerprints ... ok
2026-10-08T05:01:11.1849692Z test multibyte_identifier_budget_counts_bytes_before_ascii_policy ... ok
2026-10-08T05:01:11.1852789Z test deep_assertions_are_iterative_and_bounded_before_traversal ... ok
2026-10-08T05:01:11.1853566Z test size_preflight_checks_overflow_without_allocating_bytes ... ok
2026-10-08T05:01:11.1854288Z test partial_failures_leave_borrowed_inventory_and_success_deterministic ... ok
2026-10-08T05:01:11.1859159Z test zero_budgets_and_fixed_metadata_boundaries ... ok
2026-10-08T05:01:11.1863407Z test compatibility_constructor_has_a_real_finite_count_policy ... ok
2026-10-08T05:01:11.1863940Z 
2026-10-08T05:01:11.1864333Z test result: ok. 9 passed; 0 failed; 0 ignored; 0 measured; 0 filtered out; finished in 0.00s
2026-10-08T05:01:11.1864684Z 
2026-10-08T05:01:11.1867027Z [1m[92m     Running[0m tests/declaration_identity_v1.rs (target/debug/deps/declaration_identity_v1-32531ed24907fd7c)
2026-10-08T05:01:11.1940878Z 
2026-10-08T05:01:11.1941467Z running 15 tests
2026-10-08T05:01:11.1969481Z test config_evidence_must_be_bound_to_captured_bytes ... ok
2026-10-08T05:01:11.1976675Z test initializer_denotes_package_and_root_initializer_is_unavailable ... ok
2026-10-08T05:01:11.1977593Z test current_guard_rejects_root_package_and_inventory_mutations ... ok
2026-10-08T05:01:11.1978389Z test namespace_and_file_package_collisions_are_explicit ... ok
2026-10-08T05:01:11.1981703Z test lexical_qname_uid_and_legacy_symbol_wire_remain_unchanged ... ok
2026-10-08T05:01:11.1985803Z test dotted_invalid_and_non_python_filenames_are_not_guessed ... ok
2026-10-08T05:01:11.1986687Z test nested_local_function_and_local_class_are_not_runtime_names ... ok
2026-10-08T05:01:11.1987277Z test owner_and_occurrence_are_not_conflated_with_logical_address ... ok
2026-10-08T05:01:11.1987798Z test normalization_and_inventory_aliases_obey_repository_path_contract ... ok
2026-10-08T05:01:11.1996157Z test regular_package_method_has_typed_source_bound_address ... ok
2026-10-08T05:01:11.1997005Z test roots_never_use_defaults_order_or_longest_prefix ... ok
2026-10-08T05:01:11.1997814Z test relative_imports_and_reexports_do_not_mint_alias_addresses ... ok
2026-10-08T05:01:11.2001921Z test source_and_parser_witnesses_are_validated ... ok
2026-10-08T05:01:11.2002692Z test top_level_module_empty_root_and_nested_regular_packages ... ok
2026-10-08T05:01:11.2003325Z test rename_boundary_config_and_source_mutations_invalidate_binding ... ok
2026-10-08T05:01:11.2003689Z 
2026-10-08T05:01:11.2003937Z test result: ok. 15 passed; 0 failed; 0 ignored; 0 measured; 0 filtered out; finished in 0.01s
2026-10-08T05:01:11.2004383Z 
2026-10-08T05:01:11.2006680Z [1m[92m     Running[0m tests/declaration_resource_independent.rs (target/debug/deps/declaration_resource_independent-52f56f8f08cf995d)
2026-10-08T05:01:11.2083688Z 
2026-10-08T05:01:11.2083980Z running 7 tests
2026-10-08T05:01:11.2126101Z test allocation_free_resource_checks_precede_ancestry_clone_and_path_work ... ok
2026-10-08T05:01:11.2127584Z test independent_exact_and_one_over_matrix_and_prototype_constants ... ok
2026-10-08T05:01:11.2128887Z test logical_bytes_ignore_capacity_and_preflight_overflow_and_order_are_typed ... ok
2026-10-08T05:01:11.2130184Z test package_and_module_utf8_limits_precede_missing_stale_and_unsupported_reasons ... ok
2026-10-08T05:01:11.2133497Z test stale_config_marker_owner_and_unrelated_inventory_invalidate_complete_binding ... ok
2026-10-08T05:01:11.2151799Z test frozen_baseline_full_wire_and_fingerprint_match_under_distinct_policies ... ok
2026-10-08T05:01:11.2157565Z test every_raw_metadata_field_has_4096_byte_ceiling_before_normalization ... ok
2026-10-08T05:01:11.2158162Z 
2026-10-08T05:01:11.2158631Z test result: ok. 7 passed; 0 failed; 0 ignored; 0 measured; 0 filtered out; finished in 0.01s
2026-10-08T05:01:11.2159252Z 
2026-10-08T05:01:11.2161072Z [1m[92m     Running[0m tests/p2b_resolution.rs (target/debug/deps/p2b_resolution-549c498d1cbb40b6)
2026-10-08T05:01:11.2172428Z 
2026-10-08T05:01:11.2172626Z running 5 tests
2026-10-08T05:01:11.2185819Z test duplicate_candidates_are_not_two_independent_targets ... ok
2026-10-08T05:01:11.2186589Z test invalid_version_and_fake_unique_ambiguity_fail ... ok
2026-10-08T05:01:11.2187270Z test ambiguity_roundtrips_without_a_selected_target ... ok
2026-10-08T05:01:11.2822670Z test budget_overflow_preserves_conservative_invalidation ... ok
2026-10-08T05:01:12.2199532Z test normalizing_between_records_cannot_reset_the_byte_budget ... ok
2026-10-08T05:01:12.2200073Z 
2026-10-08T05:01:12.2200334Z test result: ok. 5 passed; 0 failed; 0 ignored; 0 measured; 0 filtered out; finished in 1.00s
2026-10-08T05:01:12.2200736Z 
2026-10-08T05:01:12.2204373Z [1m[92m     Running[0m tests/p4a_source.rs (target/debug/deps/p4a_source-58bff515424c70d5)
2026-10-08T05:01:12.2217383Z 
2026-10-08T05:01:12.2217556Z running 3 tests
2026-10-08T05:01:12.2220513Z test byte_positions_crlf_utf8_eof_and_raw_identity_have_independent_gold ... ok
2026-10-08T05:01:12.2222229Z test empty_bom_lone_cr_and_final_lf_are_distinct ... ok
2026-10-08T05:01:12.2239329Z test opaque_bytes_are_preserved_not_lossily_decoded ... ok
2026-10-08T05:01:12.2239797Z 
2026-10-08T05:01:12.2240226Z test result: ok. 3 passed; 0 failed; 0 ignored; 0 measured; 0 filtered out; finished in 0.00s
2026-10-08T05:01:12.2240849Z 
2026-10-08T05:01:12.2241759Z [1m[92m     Running[0m tests/provenance_compatibility.rs (target/debug/deps/provenance_compatibility-a3a18bab10491f9e)
2026-10-08T05:01:12.2242802Z [1m[92m     Running[0m tests/public_surface_encoding.rs (target/debug/deps/public_surface_encoding-7a149e60e73da97a)
2026-10-08T05:01:12.2243413Z 
2026-10-08T05:01:12.2243675Z running 1 test
2026-10-08T05:01:12.2244063Z test production_empty_root_is_accepted ... ok
2026-10-08T05:01:12.2244388Z 
2026-10-08T05:01:12.2244763Z test result: ok. 1 passed; 0 failed; 0 ignored; 0 measured; 0 filtered out; finished in 0.00s
2026-10-08T05:01:12.2245755Z 
2026-10-08T05:01:12.2287959Z 
2026-10-08T05:01:12.2288109Z running 1 test
2026-10-08T05:01:12.2308519Z test nonempty_encoding_pins_visibility_tokens_and_forwarding ... ok
2026-10-08T05:01:12.2309077Z 
2026-10-08T05:01:12.2309525Z test result: ok. 1 passed; 0 failed; 0 ignored; 0 measured; 0 filtered out; finished in 0.00s
2026-10-08T05:01:12.2309896Z 
2026-10-08T05:01:12.2310662Z [1m[92m     Running[0m unittests src/lib.rs (target/debug/deps/cc_parsers-927cb06bf5f871cb)
2026-10-08T05:01:12.2325291Z 
2026-10-08T05:01:12.2325480Z running 184 tests
2026-10-08T05:01:12.2328554Z test broker_patterns::tests::match_aws_sqs_import ... ok
2026-10-08T05:01:12.2329523Z test broker_patterns::tests::match_broker_object_kafka ... ok
2026-10-08T05:01:12.2330368Z test broker_patterns::tests::match_celery_import ... ok
2026-10-08T05:01:12.2331158Z test broker_patterns::tests::match_kafka_import ... ok
2026-10-08T05:01:12.2331807Z test broker_patterns::tests::match_pubsub_import ... ok
2026-10-08T05:01:12.2332378Z test broker_patterns::tests::match_rq_precise_patterns ... ok
2026-10-08T05:01:12.2333418Z test broker_patterns::tests::match_rabbitmq_via_pika ... ok
2026-10-08T05:01:12.2334111Z test broker_patterns::tests::method_kind_bullmq ... ok
2026-10-08T05:01:12.2334772Z test broker_patterns::tests::match_temporal_import ... ok
2026-10-08T05:01:12.2335724Z test broker_patterns::tests::method_kind_python_broker ... ok
2026-10-08T05:01:12.2336496Z test broker_patterns::tests::no_match_channel_false_positives ... ok
2026-10-08T05:01:12.2337188Z test broker_patterns::tests::method_kinds ... ok
2026-10-08T05:01:12.2339239Z test broker_patterns::tests::no_match_for_http_library ... ok
2026-10-08T05:01:12.2339970Z test broker_patterns::tests::no_match_generic_client ... ok
2026-10-08T05:01:12.2340688Z test broker_patterns::tests::no_match_rq_false_positives ... ok
2026-10-08T05:01:12.2433165Z test c_cpp::tests::parse_c_function_params ... ok
2026-10-08T05:01:12.2434372Z test c_cpp::tests::parse_c_function_pointer_member_call ... ok
2026-10-08T05:01:12.2435581Z test c_cpp::tests::parse_cpp_arrow_method_call ... ok
2026-10-08T05:01:12.2442846Z test c_cpp::tests::parse_call_dispatch_kinds ... ok
2026-10-08T05:01:12.2443679Z test c_cpp::tests::parse_cpp_method_in_class ... ok
2026-10-08T05:01:12.2444176Z test c_cpp::tests::parse_cpp_qualified_call_name ... ok
2026-10-08T05:01:12.2466252Z test c_cpp::tests::parse_cpp_new_expression_constructor ... ok
2026-10-08T05:01:12.2467010Z test c_cpp::tests::parse_emits_param_pass_and_return_flow ... ok
2026-10-08T05:01:12.2467432Z test c_cpp::tests::parse_cpp_template_call_strips_args ... ok
2026-10-08T05:01:12.2469931Z test c_cpp::tests::parse_simple_c ... ok
2026-10-08T05:01:12.2472172Z test dataflow_common::tests::find_enclosing_symbol_picks_innermost ... ok
2026-10-08T05:01:12.2472883Z test chunker::tests::chunk_by_lines_basic ... ok
2026-10-08T05:01:12.2474473Z test dataflow_common::tests::find_enclosing_symbol_skips_non_callable_and_misses ... ok
2026-10-08T05:01:12.2475541Z test generic::tests::generic_parse_produces_chunks ... ok
2026-10-08T05:01:12.2486870Z test chunker::tests::chunk_ids_stable ... ok
2026-10-08T05:01:12.2501323Z test c_cpp::tests::parse_simple_cpp ... ok
2026-10-08T05:01:12.2610204Z test go::tests::extract_outbound_http_calls ... ok
2026-10-08T05:01:12.2641604Z test go::tests::nested_call_identity_multiline_unicode_byte_spans ... ok
2026-10-08T05:01:12.2643093Z test go::tests::nested_call_identity_distinguishes_repeated_selector_tokens ... ok
2026-10-08T05:01:12.2644368Z test go::tests::nested_call_identity_generic_receiver_and_method_controls ... ok
2026-10-08T05:01:12.2645801Z test go::tests::nested_call_identity_preserves_argument_calls_and_direct_ids ... ok
2026-10-08T05:01:12.2646859Z test go::tests::parse_call_dispatch_kinds ... ok
2026-10-08T05:01:12.2662847Z test go::tests::parse_imports ... ok
2026-10-08T05:01:12.2675766Z test go::tests::parse_gin_route_edges ... ok
2026-10-08T05:01:12.2676447Z test go::tests::parse_method_receiver ... ok
2026-10-08T05:01:12.2677009Z test go::tests::parse_echo_route_edges ... ok
2026-10-08T05:01:12.2677527Z test go::tests::parse_struct_embedded_field ... ok
2026-10-08T05:01:12.2677901Z test go::tests::parse_net_http_route_edges ... ok
2026-10-08T05:01:12.2686689Z test go::tests::parse_simple_go ... ok
2026-10-08T05:01:12.2687836Z test http_call_helpers::tests::test_infer_http_method ... ok
2026-10-08T05:01:12.2715816Z test http_call_helpers::tests::test_is_http_client_object ... ok
2026-10-08T05:01:12.2734792Z test http_call_helpers::tests::test_looks_like_url_or_path ... ok
2026-10-08T05:01:12.2736064Z test http_call_helpers::tests::test_is_standalone_http_call ... ok
2026-10-08T05:01:12.2737066Z test http_call_helpers::tests::test_normalize_template_python ... ok
2026-10-08T05:01:12.2738069Z test http_call_helpers::tests::test_strip_string_delimiters ... ok
2026-10-08T05:01:12.2739024Z test http_call_helpers::tests::test_normalize_template_js ... ok
2026-10-08T05:01:12.2739973Z test import_common::tests::make_import_sets_constant_tail ... ok
2026-10-08T05:01:12.2740935Z test import_common::tests::last_segment_splits_on_separator ... ok
2026-10-08T05:01:12.2742149Z test go::tests::test_go_env_access_getenv ... ok
2026-10-08T05:01:12.2744808Z test go::tests::test_go_env_access_lookupenv ... ok
2026-10-08T05:01:12.2816312Z test java::tests::parse_call_dispatch_kinds ... ok
2026-10-08T05:01:12.2827735Z test java::tests::parse_annotations ... ok
2026-10-08T05:01:12.2832412Z test java::tests::extract_throw_edges_java ... ok
2026-10-08T05:01:12.2833317Z test java::tests::extract_outbound_http_calls ... ok
2026-10-08T05:01:12.2834066Z test java::tests::parse_class_with_extends_and_implements ... ok
2026-10-08T05:01:12.2834762Z test java::tests::parse_constructor_calls ... ok
2026-10-08T05:01:12.2846296Z test java::tests::parse_enum_and_interface ... ok
2026-10-08T05:01:12.2846917Z test java::tests::parse_method_details ... ok
2026-10-08T05:01:12.2847481Z test java::tests::parse_imports ... ok
2026-10-08T05:01:12.2865996Z test java::tests::parser_tier_is_tree_sitter ... ok
2026-10-08T05:01:12.2891097Z test java::tests::test_java_env_access_getproperty ... ok
2026-10-08T05:01:12.2893429Z test java::tests::parse_simple_java ... ok
2026-10-08T05:01:12.2916101Z test java::tests::test_java_env_access_getenv ... ok
2026-10-08T05:01:12.2928988Z test jsts::tests::classify_literal_priority ... ok
2026-10-08T05:01:12.2955989Z test jsts::tests::classify_literal_topic ... ok
2026-10-08T05:01:12.3011746Z test jsts::tests::classify_literal_queue ... ok
2026-10-08T05:01:12.3018391Z test jsts::tests::classify_literal_env_key ... ok
2026-10-08T05:01:12.3027782Z test jsts::tests::classify_literal_config_key ... ok
2026-10-08T05:01:12.3319408Z test jsts::tests::extract_call_edges_with_dispatch_kind ... ok
2026-10-08T05:01:12.3325773Z test jsts::tests::extract_express_route ... ok
2026-10-08T05:01:12.3326886Z test jsts::tests::detect_nextjs_route ... ok
2026-10-08T05:01:12.3327722Z test jsts::tests::extract_bullmq_broker_call ... ok
2026-10-08T05:01:12.3337862Z test jsts::tests::extract_fetch_default_get ... ok
2026-10-08T05:01:12.3356070Z test jsts::tests::extract_http_call_axios ... ok
2026-10-08T05:01:12.3359524Z test jsts::tests::extract_http_call_template_string ... ok
2026-10-08T05:01:12.3368016Z test jsts::tests::extract_http_call_fetch ... ok
2026-10-08T05:01:12.3368899Z test jsts::tests::extract_fetch_post_method ... ok
2026-10-08T05:01:12.3369656Z test jsts::tests::extract_framework_roles ... ok
2026-10-08T05:01:12.3383223Z test jsts::tests::extract_kafka_broker_call ... ok
2026-10-08T05:01:12.3389541Z test jsts::tests::http_call_not_misclassified_as_broker ... ok
2026-10-08T05:01:12.3390276Z test jsts::tests::literal_enclosing_symbol_uid ... ok
2026-10-08T05:01:12.3390891Z test jsts::tests::extract_literals ... ok
2026-10-08T05:01:12.3391671Z test jsts::tests::no_false_positive_console_log ... ok
2026-10-08T05:01:12.3392529Z test jsts::tests::literal_config_key_has_key_path ... ok
2026-10-08T05:01:12.3393511Z test jsts::tests::local_export_does_not_mark_unrelated_import_as_reexport ... ok
2026-10-08T05:01:12.3406207Z test jsts::tests::parse_typescript_arrow ... ok
2026-10-08T05:01:12.3406891Z test jsts::tests::pending_exports_applied ... ok
2026-10-08T05:01:12.3407480Z test jsts::tests::parse_simple_js ... ok
2026-10-08T05:01:12.3421137Z test jsts::tests::test_event_listener_variants ... ok
2026-10-08T05:01:12.3422033Z test jsts::tests::test_event_dispatch_variants ... ok
2026-10-08T05:01:12.3429043Z test jsts::tests::test_class_set_state_dispatch_sites ... ok
2026-10-08T05:01:12.3434325Z test jsts::tests::test_event_emitter_dispatch_sites ... ok
2026-10-08T05:01:12.3435639Z test jsts::tests::test_jsx_member_expression_tag ... ok
2026-10-08T05:01:12.3436493Z test jsts::tests::test_jsx_tag_dispatch_sites ... ok
2026-10-08T05:01:12.3437427Z test jsts::tests::two_step_forwarding_marks_import_as_reexport ... ok
2026-10-08T05:01:12.3438505Z test lang_spec::tests::all_specs_returns_expected_count ... ok
2026-10-08T05:01:12.3439390Z test lang_spec::tests::spec_lookup_by_extension ... ok
2026-10-08T05:01:12.3440280Z test lang_spec::tests::specs_have_correct_languages ... ok
2026-10-08T05:01:12.3441425Z test lang_spec::tests::specs_have_required_fields ... ok
2026-10-08T05:01:12.3442436Z test jsts::tests::two_step_forwarding_with_import_alias_marks_reexport ... ok
2026-10-08T05:01:12.3445509Z test jsts::tests::test_use_state_setter_dispatch_sites ... ok
2026-10-08T05:01:12.3450054Z test jsts::tests::two_step_forwarding_export_default_of_imported_binding_marks_reexport ... ok
2026-10-08T05:01:12.3748381Z test python::tests::extract_celery_broker_call ... ok
2026-10-08T05:01:12.3749263Z test python::tests::extract_django_urlpatterns ... ok
2026-10-08T05:01:12.3755728Z test python::tests::extract_fastapi_routes ... ok
2026-10-08T05:01:12.3772650Z test python::tests::extract_http_call_httpx_request ... ok
2026-10-08T05:01:12.3785770Z test python::tests::extract_flask_route ... ok
2026-10-08T05:01:12.3806634Z test python::tests::extract_http_call_requests ... ok
2026-10-08T05:01:12.3807636Z test python::tests::extract_http_call_httpx_post ... ok
2026-10-08T05:01:12.3808511Z test python::tests::extract_imports_detailed ... ok
2026-10-08T05:01:12.3816171Z test python::tests::extract_http_call_requests_request ... ok
2026-10-08T05:01:12.3835662Z test python::tests::extract_param_types_classmethod_cls ... ok
2026-10-08T05:01:12.3859142Z test python::tests::extract_param_types_no_annotations ... ok
2026-10-08T05:01:12.3875997Z test python::tests::extract_param_types_method_with_self ... ok
2026-10-08T05:01:12.3877031Z test python::tests::extract_param_types_generic_annotations ... ok
2026-10-08T05:01:12.3877980Z test python::tests::extract_param_types_no_params ... ok
2026-10-08T05:01:12.3895797Z test python::tests::extract_param_types_typed_function ... ok
2026-10-08T05:01:12.3925722Z test python::tests::extract_param_types_skip_args_kwargs ... ok
2026-10-08T05:01:12.3955651Z test python::tests::extract_rabbitmq_broker_call ... ok
2026-10-08T05:01:12.3985730Z test python::tests::extract_param_types_with_defaults ... ok
2026-10-08T05:01:12.3986644Z test python::tests::extract_raise_diagnostics ... ok
2026-10-08T05:01:12.3987644Z test python::tests::extract_param_types_tuple_return ... ok
2026-10-08T05:01:12.3988182Z test python::tests::function_extractor_rejects_class_nodes_and_wrappers ... ok
2026-10-08T05:01:12.4025755Z test python::tests::extract_semantic_edges_inherits ... ok
2026-10-08T05:01:12.4026764Z test python::tests::function_signature_includes_return_type ... ok
2026-10-08T05:01:12.4027518Z test python::tests::extract_throw_edges_python ... ok
2026-10-08T05:01:12.4028211Z test python::tests::split_respecting_brackets_basic ... ok
2026-10-08T05:01:12.4028909Z test python::tests::no_false_positive_dict_get ... ok
2026-10-08T05:01:12.4029561Z test python::tests::symbol_uids_are_stable ... ok
2026-10-08T05:01:12.4030254Z test python::tests::test_django_signal_dispatch_sites ... ok
2026-10-08T05:01:12.4030915Z test python::tests::parse_simple_python ... ok
2026-10-08T05:01:12.4031607Z test python::tests::test_pyee_event_emitter_dispatch_sites ... ok
2026-10-08T05:01:12.4032312Z test rust::tests::parse_async_fn ... ok
2026-10-08T05:01:12.4032874Z test rust::tests::extract_outbound_http_calls ... ok
2026-10-08T05:01:12.4047712Z test rust::tests::parse_call_edges_cross_function ... ok
2026-10-08T05:01:12.4048410Z test rust::tests::parse_call_edges ... ok
2026-10-08T05:01:12.4065900Z test rust::tests::parse_calls_ignore_strings_and_comments ... ok
2026-10-08T05:01:12.4066935Z test rust::tests::parse_complex_use_tree ... ok
2026-10-08T05:01:12.4068050Z test rust::tests::parse_emits_param_pass_and_return_flow ... ok
2026-10-08T05:01:12.4068819Z test rust::tests::parse_const_and_static ... ok
2026-10-08T05:01:12.4069437Z test rust::tests::parse_empty_file ... ok
2026-10-08T05:01:12.4069988Z test rust::tests::parse_enum_definition ... ok
2026-10-08T05:01:12.4070583Z test rust::tests::parse_derive_macros ... ok
2026-10-08T05:01:12.4074738Z test rust::tests::parse_generic_function ... ok
2026-10-08T05:01:12.4085398Z test rust::tests::parse_env_var_access ... ok
2026-10-08T05:01:12.4094217Z test rust::tests::parse_macro_call_edges ... ok
2026-10-08T05:01:12.4108242Z test rust::tests::parse_impl_block_and_trait_definition ... ok
2026-10-08T05:01:12.4109173Z test rust::tests::parse_method_call_receiver ... ok
2026-10-08T05:01:12.4109890Z test rust::tests::parse_method_receiver_types ... ok
2026-10-08T05:01:12.4117811Z test rust::tests::parse_module_and_use_statements ... ok
2026-10-08T05:01:12.4118912Z test rust::tests::parse_parser_tier_and_confidence ... ok
2026-10-08T05:01:12.4126933Z test rust::tests::parse_path_and_turbofish_calls ... ok
2026-10-08T05:01:12.4144275Z test parse_common::p4a_chunking_reuses_one_language_parse ... ok
2026-10-08T05:01:12.4150609Z test rust::tests::parse_multiple_impls_for_same_struct ... ok
2026-10-08T05:01:12.4161869Z test rust::tests::parse_nested_impl_methods ... ok
2026-10-08T05:01:12.4166462Z test rust::tests::parse_return_type_extraction ... ok
2026-10-08T05:01:12.4167374Z test rust::tests::parse_summary_format ... ok
2026-10-08T05:01:12.4168058Z test rust::tests::parse_supported_languages ... ok
2026-10-08T05:01:12.4168827Z test rust::tests::parse_semantic_edges_impl_trait_with_generics ... ok
2026-10-08T05:01:12.4169581Z test rust::tests::parse_test_file_detection ... ok
2026-10-08T05:01:12.4170234Z test rust::tests::parse_semantic_edges_impl_trait ... ok
2026-10-08T05:01:12.4170920Z test rust::tests::parse_unresolved_call_edges ... ok
2026-10-08T05:01:12.4171616Z test rust::tests::parse_simple_rust ... ok
2026-10-08T05:01:12.4172205Z test rust::tests::parse_with_timeout_works ... ok
2026-10-08T05:01:12.4173046Z test rust::tests::pub_use_is_extracted_as_reexport_with_clean_import_string ... ok
2026-10-08T05:01:12.4568708Z test spec_driven::tests::dart_extracts_class_and_function ... ok
2026-10-08T05:01:12.4629016Z test spec_driven::tests::kotlin_extracts_class_and_fun ... ok
2026-10-08T05:01:12.4641303Z test spec_driven::tests::lua_emits_intra_file_call_edge ... ok
2026-10-08T05:01:12.4706450Z test spec_driven::tests::csharp_emits_intra_file_call_edge ... ok
2026-10-08T05:01:12.4707885Z test spec_driven::tests::csharp_extracts_class_and_method ... ok
2026-10-08T05:01:12.4713830Z test spec_driven::tests::lua_extracts_functions ... ok
2026-10-08T05:01:12.4748089Z test spec_driven::tests::no_call_edge_for_control_flow_keywords ... ok
2026-10-08T05:01:12.4925521Z test spec_driven::tests::ruby_emits_intra_file_call_edge ... ok
2026-10-08T05:01:12.4936427Z test spec_driven::tests::ruby_extracts_class_and_def ... ok
2026-10-08T05:01:12.4937395Z test spec_driven::tests::spec_driven_empty_content ... ok
2026-10-08T05:01:12.4956225Z test spec_driven::tests::spec_driven_produces_chunks ... ok
2026-10-08T05:01:12.5136048Z test spec_driven::tests::php_extracts_class_and_function ... ok
2026-10-08T05:01:12.5156232Z test spec_driven::tests::swift_extracts_class_and_func ... ok
2026-10-08T05:01:12.5173703Z test spec_driven::tests::scala_extracts_object_and_def ... ok
2026-10-08T05:01:12.5174171Z 
2026-10-08T05:01:12.5174624Z test result: ok. 184 passed; 0 failed; 0 ignored; 0 measured; 0 filtered out; finished in 0.28s
2026-10-08T05:01:12.5175444Z 
2026-10-08T05:01:12.5202976Z [1m[92m     Running[0m tests/c_cpp_declarator_boundaries.rs (target/debug/deps/c_cpp_declarator_boundaries-cc208959d8477d26)
2026-10-08T05:01:12.5218590Z 
2026-10-08T05:01:12.5218745Z running 4 tests
2026-10-08T05:01:12.5235539Z test c_cpp_names_follow_declarators_without_parser_hints ... ok
2026-10-08T05:01:12.5321438Z test rejected_namespace_kind_and_poisoned_callable_names_use_ast_name ... ok
2026-10-08T05:01:12.5322218Z test unknown_conversion_declarator_omits_name_even_with_native_hint ... ok
2026-10-08T05:01:12.5324856Z test compatible_qualified_members_keep_native_names_and_kinds ... ok
2026-10-08T05:01:12.5325598Z 
2026-10-08T05:01:12.5326025Z test result: ok. 4 passed; 0 failed; 0 ignored; 0 measured; 0 filtered out; finished in 0.01s
2026-10-08T05:01:12.5326620Z 
2026-10-08T05:01:12.5331282Z [1m[92m     Running[0m tests/declaration_boundary_hints.rs (target/debug/deps/declaration_boundary_hints-10a75bab9ccaa83e)
2026-10-08T05:01:12.5418073Z 
2026-10-08T05:01:12.5418302Z running 2 tests
2026-10-08T05:01:12.6049041Z test wrong_wrapper_and_inner_hints_cannot_reclassify_python_declarations ... ok
2026-10-08T05:01:12.6628075Z test boundary_guard_preserves_other_languages_native_declaration_kinds ... ok
2026-10-08T05:01:12.6628564Z 
2026-10-08T05:01:12.6628920Z test result: ok. 2 passed; 0 failed; 0 ignored; 0 measured; 0 filtered out; finished in 0.12s
2026-10-08T05:01:12.6629415Z 
2026-10-08T05:01:12.6640511Z [1m[92m     Running[0m tests/independent_cpp_final_declarators.rs (target/debug/deps/independent_cpp_final_declarators-434a89611a834dae)
2026-10-08T05:01:12.6655129Z 
2026-10-08T05:01:12.6655468Z running 3 tests
2026-10-08T05:01:12.6662703Z test excessive_declarator_edges_omit_name_without_type_or_parameter_fallback ... ok
2026-10-08T05:01:12.6760493Z test unknown_conversion_operator_keeps_name_omitted_even_with_poisoned_native_hint ... ok
2026-10-08T05:01:12.6766544Z test parenthesized_pointer_return_does_not_accept_return_or_parameter_poison ... ok
2026-10-08T05:01:12.6767187Z 
2026-10-08T05:01:12.6767453Z test result: ok. 3 passed; 0 failed; 0 ignored; 0 measured; 0 filtered out; finished in 0.01s
2026-10-08T05:01:12.6767814Z 
2026-10-08T05:01:12.6771230Z [1m[92m     Running[0m tests/jsts_call_truth.rs (target/debug/deps/jsts_call_truth-e3200a91e82a6711)
2026-10-08T05:01:12.6786264Z 
2026-10-08T05:01:12.6786580Z running 4 tests
2026-10-08T05:01:12.7108227Z test real_calls_are_preserved_without_duplicate_member_leaf_calls ... ok
2026-10-08T05:01:12.7109462Z test template_substitution_and_await_arguments_keep_real_calls ... ok
2026-10-08T05:01:12.7110827Z test nested_and_dynamic_calls_have_real_owners_and_distinct_positions ... ok
2026-10-08T05:01:12.7116067Z test declarations_comments_and_string_bodies_cannot_create_jsts_calls ... ok
2026-10-08T05:01:12.7116651Z 
2026-10-08T05:01:12.7117076Z test result: ok. 4 passed; 0 failed; 0 ignored; 0 measured; 0 filtered out; finished in 0.03s
2026-10-08T05:01:12.7118041Z 
2026-10-08T05:01:12.7122107Z [1m[92m     Running[0m tests/p2b_go_surface.rs (target/debug/deps/p2b_go_surface-94b880e44ab91d8d)
2026-10-08T05:01:12.7212991Z 
2026-10-08T05:01:12.7213395Z running 5 tests
2026-10-08T05:01:12.7549942Z test go_unmodeled_conditions_and_cgo_are_unknown ... ok
2026-10-08T05:01:12.7550841Z test go_declared_package_surface_is_known_and_body_independent ... ok
2026-10-08T05:01:12.7576063Z test go_types_methods_aliases_and_package_name_change_surface ... ok
2026-10-08T05:01:12.7782823Z test es_import_records_preserve_individual_binding_identity ... ok
2026-10-08T05:01:12.8039676Z test unsupported_surface_names_its_language_and_capability ... ok
2026-10-08T05:01:12.8040329Z 
2026-10-08T05:01:12.8040860Z test result: ok. 5 passed; 0 failed; 0 ignored; 0 measured; 0 filtered out; finished in 0.08s
2026-10-08T05:01:12.8041626Z 
2026-10-08T05:01:12.8051187Z [1m[92m     Running[0m tests/p4a_source.rs (target/debug/deps/p4a_source-9faacdd26318ea1d)
2026-10-08T05:01:12.8066391Z 
2026-10-08T05:01:12.8066650Z running 14 tests
2026-10-08T05:01:12.8256299Z test consecutive_file_documentation_stays_one_evidence_unit ... ok
2026-10-08T05:01:12.8285262Z test line_fallback_rejects_zero_budget_and_is_total_for_multibyte_and_very_long_lines ... ok
2026-10-08T05:01:12.8341679Z test long_function_uses_statement_spans_and_retains_signature_coordinates ... ok
2026-10-08T05:01:12.8515849Z test detached_configuration_comment_is_not_attached_to_next_definition ... ok
2026-10-08T05:01:12.8540219Z test malformed_tree_coordinates_and_opaque_input_do_not_panic_or_fabricate_source ... ok
2026-10-08T05:01:12.8555880Z test long_python_docstring_and_decorator_stay_with_the_signature ... ok
2026-10-08T05:01:12.8585797Z test original_crlf_unicode_and_final_newline_are_not_reconstructed ... ok
2026-10-08T05:01:12.8615816Z test arrow_signature_ends_at_the_body_not_at_end_of_implementation ... ok
2026-10-08T05:01:12.8645787Z test oversized_class_splits_on_methods_not_arbitrary_windows ... ok
2026-10-08T05:01:12.8710382Z test sfc_chunk_text_is_component_source_not_padded_script ... ok
2026-10-08T05:01:12.8711430Z test sfc_two_scripts_keep_original_offsets_after_non_ascii_template ... ok
2026-10-08T05:01:12.8825940Z test small_containers_preserve_member_and_parent_retrieval_identities ... ok
2026-10-08T05:01:12.8859435Z test same_line_symbols_and_multiline_literals_preserve_a_disjoint_union ... ok
2026-10-08T05:01:12.8860013Z test all_tree_languages_export_owned_structure_without_changing_source ... ok
2026-10-08T05:01:12.8860348Z 
2026-10-08T05:01:12.8860604Z test result: ok. 14 passed; 0 failed; 0 ignored; 0 measured; 0 filtered out; finished in 0.08s
2026-10-08T05:01:12.8860947Z 
2026-10-08T05:01:12.8872138Z [1m[92m     Running[0m tests/p4b_chunks.rs (target/debug/deps/p4b_chunks-3f514421dc56c702)
2026-10-08T05:01:12.8887575Z 
2026-10-08T05:01:12.8887736Z running 6 tests
2026-10-08T05:01:12.8905752Z test duplicate_contained_and_crossing_spans_never_duplicate_or_omit_bytes ... ok
2026-10-08T05:01:12.9295957Z test malformed_syntax_is_explicit_partial_while_empty_source_is_empty ... ok
2026-10-08T05:01:12.9309927Z test adjacent_small_statements_are_not_individual_search_candidates ... ok
2026-10-08T05:01:12.9385943Z test nested_control_scopes_and_distinct_sibling_symbols_are_merge_barriers ... ok
2026-10-08T05:01:12.9390488Z test independent_control_flow_units_are_not_coalesced_together ... ok
2026-10-08T05:01:13.0894674Z test every_budget_bounds_head_gaps_symbols_tail_and_unicode_scalar_boundaries ... ok
2026-10-08T05:01:13.0895522Z 
2026-10-08T05:01:13.0895795Z test result: ok. 6 passed; 0 failed; 0 ignored; 0 measured; 0 filtered out; finished in 0.20s
2026-10-08T05:01:13.0896153Z 
2026-10-08T05:01:13.0904560Z [1m[92m     Running[0m tests/public_surface.rs (target/debug/deps/public_surface-6dc19236562420e4)
2026-10-08T05:01:13.1009774Z 
2026-10-08T05:01:13.1010154Z running 19 tests
2026-10-08T05:01:13.1650296Z test dynamic_commonjs_cannot_masquerade_as_known_empty ... ok
2026-10-08T05:01:13.1826276Z test computed_commonjs_keys_with_constant_values_are_unknown ... ok
2026-10-08T05:01:13.1838161Z test commonjs_static_object_and_forwarding ... ok
2026-10-08T05:01:13.1881731Z test generic_legacy_and_sfc_are_unknown_not_empty ... ok
2026-10-08T05:01:13.1890962Z test local_type_dependencies_cannot_hide_interface_changes ... ok
2026-10-08T05:01:13.2078326Z test python_alias_and_star_forwarding_are_explicit ... ok
2026-10-08T05:01:13.2079157Z test dynamic_or_order_dependent_module_bindings_are_not_certified ... ok
2026-10-08T05:01:13.2079974Z test python_all_never_erases_explicit_private_bindings ... ok
2026-10-08T05:01:13.2080688Z test python_class_members_change_not_method_bodies ... ok
2026-10-08T05:01:13.2114634Z test python_module_bindings_defaults_and_local_body_exclusion ... ok
2026-10-08T05:01:13.2261846Z test restricted_rust_forwarding_is_not_reported_as_unrestricted ... ok
2026-10-08T05:01:13.2263077Z test rust_lexical_visibility_domains_and_cfg_are_preserved ... ok
2026-10-08T05:01:13.2264253Z test rust_signature_changes_but_private_and_public_bodies_do_not ... ok
2026-10-08T05:01:13.2267212Z test rust_modules_forwarding_and_unknown_macros ... ok
2026-10-08T05:01:13.2286008Z test typescript_direct_and_two_step_forwarding ... ok
2026-10-08T05:01:13.2300870Z test typescript_named_default_type_exports_have_independent_names ... ok
2026-10-08T05:01:13.2345686Z test rust_type_members_trait_and_impl_signatures_are_in_surface ... ok
2026-10-08T05:01:13.2356870Z test typescript_shapes_and_returns_vs_bodies ... ok
2026-10-08T05:01:13.2449409Z test surface_is_independent_of_thread_and_declaration_order ... ok
2026-10-08T05:01:13.2449932Z 
2026-10-08T05:01:13.2450329Z test result: ok. 19 passed; 0 failed; 0 ignored; 0 measured; 0 filtered out; finished in 0.14s
2026-10-08T05:01:13.2450682Z 
2026-10-08T05:01:13.2462188Z [1m[92m     Running[0m tests/public_surface_edges.rs (target/debug/deps/public_surface_edges-4d44cc94f5e14e3f)
2026-10-08T05:01:13.2477262Z 
2026-10-08T05:01:13.2477413Z running 9 tests
2026-10-08T05:01:13.2806974Z test dynamic_default_parameter_is_not_skipped_with_function_body ... ok
2026-10-08T05:01:13.2807866Z test commonjs_detached_exports_alias_is_not_certified ... ok
2026-10-08T05:01:13.2826618Z test ambient_global_augmentation_is_not_known_empty ... ok
2026-10-08T05:01:13.2827605Z test exported_binding_mutability_changes_fingerprint ... ok
2026-10-08T05:01:13.2866892Z test p2a_closeout_es_computed_properties_are_not_certified ... ok
2026-10-08T05:01:13.2981030Z test rust_associated_const_functions_require_evaluation ... ok
2026-10-08T05:01:13.2990567Z test p2a_closeout_nested_rust_attributes_are_not_certified ... ok
2026-10-08T05:01:13.3125364Z test python_generator_shape_changes_without_hashing_ordinary_body ... ok
2026-10-08T05:01:13.3126241Z test python_all_requires_existing_static_sequence_bindings ... ok
2026-10-08T05:01:13.3126539Z 
2026-10-08T05:01:13.3126798Z test result: ok. 9 passed; 0 failed; 0 ignored; 0 measured; 0 filtered out; finished in 0.06s
2026-10-08T05:01:13.3127145Z 
2026-10-08T05:01:13.3136055Z [1m[92m     Running[0m tests/python_call_truth.rs (target/debug/deps/python_call_truth-6ed480ac13d49092)
2026-10-08T05:01:13.3150487Z 
2026-10-08T05:01:13.3150630Z running 5 tests
2026-10-08T05:01:13.3465952Z test nested_body_is_not_duplicated_as_a_call_of_its_outer_function ... ok
2026-10-08T05:01:13.3466874Z test declarations_comments_and_strings_are_not_calls_or_references ... ok
2026-10-08T05:01:13.3467842Z test default_expression_belongs_to_outer_scope_and_dynamic_chains_have_unique_ids ... ok
2026-10-08T05:01:13.3468864Z test multiline_recursion_and_formatted_string_expressions_are_real_calls ... ok
2026-10-08T05:01:13.3481391Z test parameter_shadow_and_receiver_method_are_not_parser_exact_global_functions ... ok
2026-10-08T05:01:13.3482053Z 
2026-10-08T05:01:13.3482492Z test result: ok. 5 passed; 0 failed; 0 ignored; 0 measured; 0 filtered out; finished in 0.03s
2026-10-08T05:01:13.3483116Z 
2026-10-08T05:01:13.3487401Z [1m[92m     Running[0m tests/python_identity_adapter.rs (target/debug/deps/python_identity_adapter-3a902eefc519b6a7)
2026-10-08T05:01:13.3544844Z 
2026-10-08T05:01:13.3545176Z running 6 tests
2026-10-08T05:01:13.3593653Z test malformed_recovery_never_publishes_partial_or_guessed_ancestry ... ok
2026-10-08T05:01:13.3605476Z test model_detects_staleness_and_forged_name_field ... ok
2026-10-08T05:01:13.3606305Z test lexical_containers_do_not_create_scopes_or_alias_declarations ... ok
2026-10-08T05:01:13.3607207Z test utf8_crlf_and_identifier_policy_preserve_original_bytes ... ok
2026-10-08T05:01:13.3607932Z test all_independent_budgets_fail_closed_and_exact_output_budget_succeeds ... ok
2026-10-08T05:01:13.3608454Z test original_ast_matches_pre_authored_byte_witnesses_and_model ... ok
2026-10-08T05:01:13.3608744Z 
2026-10-08T05:01:13.3609005Z test result: ok. 6 passed; 0 failed; 0 ignored; 0 measured; 0 filtered out; finished in 0.01s
2026-10-08T05:01:13.3609351Z 
2026-10-08T05:01:13.3611126Z [1m[92m     Running[0m tests/python_identity_independent.rs (target/debug/deps/python_identity_independent-51d5f940f8d86450)
2026-10-08T05:01:13.3622813Z 
2026-10-08T05:01:13.3623001Z running 6 tests
2026-10-08T05:01:13.3635921Z test actual_missing_anonymous_token_rejects_even_valid_sibling_and_child ... ok
2026-10-08T05:01:13.3647019Z test independent_nested_exact_bytes_and_pure_model ... ok
2026-10-08T05:01:13.3647825Z test anonymous_nodes_count_for_work_and_depth_at_exact_boundaries ... ok
2026-10-08T05:01:13.3648718Z test malformed_missing_empty_and_hard_keyword_shapes_fail_whole_file ... ok
2026-10-08T05:01:13.3651553Z test r1_valid_leading_trivia_and_bom_preserve_original_bytes ... ok
2026-10-08T05:01:13.3656232Z test independent_output_text_source_and_timeout_phases ... ok
2026-10-08T05:01:13.3656730Z 
2026-10-08T05:01:13.3657209Z test result: ok. 6 passed; 0 failed; 0 ignored; 0 measured; 0 filtered out; finished in 0.00s
2026-10-08T05:01:13.3657815Z 
2026-10-08T05:01:13.3659622Z [1m[92m     Running[0m tests/python_identity_r1_independent_delta.rs (target/debug/deps/python_identity_r1_independent_delta-a588eb1a1bf70cee)
2026-10-08T05:01:13.3670040Z 
2026-10-08T05:01:13.3670219Z running 4 tests
2026-10-08T05:01:13.3683622Z test every_original_r1_counterexample_now_succeeds_at_absolute_spans ... ok
2026-10-08T05:01:13.3708351Z test all_nested_ancestries_shift_by_prefix_bytes_and_bind_full_digest ... ok
2026-10-08T05:01:13.3718262Z test accepted_prefixes_do_not_hide_whole_file_error_missing_or_unsupported_shape ... ok
2026-10-08T05:01:13.3776743Z test full_source_and_post_tree_output_work_depth_limits_remain_exact ... ok
2026-10-08T05:01:13.3777335Z 
2026-10-08T05:01:13.3777625Z test result: ok. 4 passed; 0 failed; 0 ignored; 0 measured; 0 filtered out; finished in 0.01s
2026-10-08T05:01:13.3778175Z 
2026-10-08T05:01:13.3779584Z [1m[92m     Running[0m tests/python_identity_trivia_r1.rs (target/debug/deps/python_identity_trivia_r1-376235c47f8c1e1d)
2026-10-08T05:01:13.3790774Z 
2026-10-08T05:01:13.3790962Z running 5 tests
2026-10-08T05:01:13.3795888Z test blank_comment_and_bom_only_modules_are_empty_successes ... ok
2026-10-08T05:01:13.3806260Z test nested_decorators_after_bom_comment_crlf_keep_exact_witnesses_and_digest ... ok
2026-10-08T05:01:13.3806861Z test original_trivia_counts_toward_source_budget_and_all_other_budgets_remain ... ok
2026-10-08T05:01:13.3807452Z test r1_characterized_leading_trivia_now_has_exact_absolute_byte_identity ... ok
2026-10-08T05:01:13.3812900Z test prefixes_never_hide_malformed_siblings_or_anonymous_missing_tokens ... ok
2026-10-08T05:01:13.3813253Z 
2026-10-08T05:01:13.3813515Z test result: ok. 5 passed; 0 failed; 0 ignored; 0 measured; 0 filtered out; finished in 0.00s
2026-10-08T05:01:13.3813895Z 
2026-10-08T05:01:13.3816279Z [1m[92m     Running[0m unittests src/lib.rs (target/debug/deps/cc_search-1a299d0d374826c7)
2026-10-08T05:01:13.3833702Z 
2026-10-08T05:01:13.3833864Z running 319 tests
2026-10-08T05:01:13.3842404Z test cypher::fast_path::tests::decision_for_query_handles_union_and_parse_errors ... ok
2026-10-08T05:01:13.3844612Z test cypher::fast_path::tests::decision_covers_used_fallback_disabled_and_not_applicable ... ok
2026-10-08T05:01:13.3846771Z test cypher::fast_path::tests::decision_metadata_json_shapes_are_snapshot_locked ... ok
2026-10-08T05:01:13.4683904Z test cypher::fast_path::tests::cycle_with_min_depth_two ... ok
2026-10-08T05:01:13.4755952Z test cypher::fast_path::tests::cycle_re_reaches_root_at_depth_three ... ok
2026-10-08T05:01:13.4769571Z test cypher::fast_path::tests::default_limit_metadata_matches ... ok
2026-10-08T05:01:13.4771353Z test cypher::fast_path::tests::depth_range_one_to_two_on_chain ... ok
2026-10-08T05:01:13.5480273Z test cypher::fast_path::tests::dst_kind_filter_from_label ... ok
2026-10-08T05:01:13.5486317Z test cypher::fast_path::tests::env_flag_defaults_to_enabled ... ok
2026-10-08T05:01:13.5568281Z test cypher::fast_path::tests::distinct_collapses_identical_projected_rows ... ok
2026-10-08T05:01:13.5609567Z test cypher::fast_path::tests::diamond_dedups_two_paths ... ok
2026-10-08T05:01:13.5619139Z test cypher::fast_path::tests::fast_path_kinds_derive_from_catalog_declaration ... ok
2026-10-08T05:01:13.5641622Z test cypher::fast_path::tests::gate_reason_covers_every_rejection_point ... ok
2026-10-08T05:01:13.5656692Z test cypher::fast_path::tests::dst_where_equality_and_uid_seed ... ok
2026-10-08T05:01:13.5658073Z test cypher::fast_path::tests::gate_reason_empty_return_via_hand_built_ast ... ok
2026-10-08T05:01:13.6285972Z test cypher::fast_path::tests::execute_with_options_routes_eligible_query_identically ... ok
2026-10-08T05:01:13.6350124Z test cypher::fast_path::tests::gate_rejects_multi_clause_and_optional_match ... ok
2026-10-08T05:01:13.6377761Z test cypher::fast_path::tests::gate_rejects_ineligible_shapes ... ok
2026-10-08T05:01:13.7018178Z test cypher::fast_path::tests::incoming_direction_cycle_re_reaches_root ... ok
2026-10-08T05:01:13.7056036Z test cypher::fast_path::tests::incoming_direction_distinct_collapse ... ok
2026-10-08T05:01:13.7058296Z test cypher::fast_path::tests::ineligibility_display_is_snapshot_locked ... ok
2026-10-08T05:01:13.7187736Z test cypher::fast_path::tests::ignored_direction_spellings_all_match_forward ... ok
2026-10-08T05:01:13.7769990Z test cypher::fast_path::tests::limit_without_order_by_truncates_to_a_subset ... ok
2026-10-08T05:01:13.7805908Z test cypher::fast_path::tests::incoming_direction_order_by_matches_positionally ... ok
2026-10-08T05:01:13.7913896Z test cypher::fast_path::tests::multiple_seeds_share_a_name ... ok
2026-10-08T05:01:13.8626040Z test cypher::fast_path::tests::node_reachable_at_multiple_depths_with_min_two ... ok
2026-10-08T05:01:13.8659766Z test cypher::fast_path::tests::no_matching_seed_returns_empty ... ok
2026-10-08T05:01:13.8806223Z test cypher::fast_path::tests::order_by_desc_and_alias ... ok
2026-10-08T05:01:13.9445368Z test cypher::fast_path::tests::order_by_with_limit_truncation ... ok
2026-10-08T05:01:13.9537877Z test cypher::fast_path::tests::return_props_of_both_endpoints_with_aliases ... ok
2026-10-08T05:01:13.9539519Z test cypher::fast_path::tests::src_label_kind_is_ignored_like_the_sql_path ... ok
2026-10-08T05:01:13.9540519Z test cypher::parser::tests::parse_varlen_clamps_to_global_cap ... ok
2026-10-08T05:01:14.0236299Z test cypher::fast_path::tests::traversal_continues_through_uid_missing_from_symbols ... ok
2026-10-08T05:01:14.0289401Z test cypher::tests::anchored_two_clause_optional_still_executes ... ok
2026-10-08T05:01:14.0294841Z test cypher::tests::contains_escapes_like_wildcards ... ok
2026-10-08T05:01:14.0370320Z test cypher::fast_path::tests::undirected_diamond_multiplicity_and_min_depth ... ok
2026-10-08T05:01:14.0376332Z test cypher::tests::degree_to_sql_generates_subquery ... ok
2026-10-08T05:01:14.0398403Z test cypher::tests::edge_map_has_expected_types ... ok
2026-10-08T05:01:14.0399759Z test cypher::tests::edge_map_has_http_calls ... ok
2026-10-08T05:01:14.0408929Z test cypher::tests::edge_map_matches_graph_catalog ... ok
2026-10-08T05:01:14.0409480Z test cypher::tests::execute_union_all_no_dedup ... ok
2026-10-08T05:01:14.0410425Z test cypher::tests::execute_union_dedup_merges ... ok
2026-10-08T05:01:14.0410890Z test cypher::tests::fan_in_query_full_sql ... ok
2026-10-08T05:01:14.0411598Z test cypher::tests::handles_joins_route_to_handler_symbol ... ok
2026-10-08T05:01:14.0412179Z test cypher::tests::http_calls_join_route_by_normalized_path ... ok
2026-10-08T05:01:14.0412727Z test cypher::tests::label_maps_correctly ... ok
2026-10-08T05:01:14.0881842Z test cypher::tests::cross_variable_or_predicate_errors ... ok
2026-10-08T05:01:14.0893743Z test cypher::tests::comma_separated_patterns_are_rejected ... ok
2026-10-08T05:01:14.0894876Z test cypher::tests::parse_avg_return ... ok
2026-10-08T05:01:14.0896143Z test cypher::tests::parse_collect_distinct ... ok
2026-10-08T05:01:14.0897185Z test cypher::tests::parse_collect_return ... ok
2026-10-08T05:01:14.0898034Z test cypher::tests::parse_count_distinct_prop ... ok
2026-10-08T05:01:14.0900530Z test cypher::tests::parse_count_distinct_var ... ok
2026-10-08T05:01:14.0901484Z test cypher::tests::parse_count_return ... ok
2026-10-08T05:01:14.0908713Z test cypher::tests::parse_count_star ... ok
2026-10-08T05:01:14.0913137Z test cypher::tests::parse_count_var_prop ... ok
2026-10-08T05:01:14.0914846Z test cypher::tests::parse_degree_combined_with_and ... ok
2026-10-08T05:01:14.0916954Z test cypher::tests::parse_degree_filter ... ok
2026-10-08T05:01:14.0918320Z test cypher::tests::parse_in_degree_filter ... ok
2026-10-08T05:01:14.0919384Z test cypher::tests::parse_match_then_optional_match ... ok
2026-10-08T05:01:14.0923921Z test cypher::tests::parse_match_with_rel ... ok
2026-10-08T05:01:14.0931842Z test cypher::tests::parse_min_max_return ... ok
2026-10-08T05:01:14.0935918Z test cypher::tests::parse_optional_match ... ok
2026-10-08T05:01:14.0939775Z test cypher::tests::parse_order_by_alias ... ok
2026-10-08T05:01:14.0940593Z test cypher::tests::parse_order_by_desc ... ok
2026-10-08T05:01:14.0941419Z test cypher::tests::parse_out_degree_filter ... ok
2026-10-08T05:01:14.0942464Z test cypher::tests::parse_return_distinct ... ok
2026-10-08T05:01:14.0943407Z test cypher::tests::multiple_plain_match_clauses_are_rejected ... ok
2026-10-08T05:01:14.0944446Z test cypher::tests::parse_return_with_alias ... ok
2026-10-08T05:01:14.0947382Z test cypher::tests::parse_single_node ... ok
2026-10-08T05:01:14.0948288Z test cypher::tests::parse_sum_distinct ... ok
2026-10-08T05:01:14.0952388Z test cypher::tests::parse_sum_return ... ok
2026-10-08T05:01:14.0953758Z test cypher::tests::parse_triple_union ... ok
2026-10-08T05:01:14.0954673Z test cypher::tests::parse_union_all_two_queries ... ok
2026-10-08T05:01:14.0957290Z test cypher::tests::parse_single_query_no_union ... ok
2026-10-08T05:01:14.0957890Z test cypher::tests::parse_union_column_count_mismatch ... ok
2026-10-08T05:01:14.0958534Z test cypher::tests::parse_variable_length_path ... ok
2026-10-08T05:01:14.0967906Z test cypher::tests::parse_union_two_queries ... ok
2026-10-08T05:01:14.0968577Z test cypher::tests::parse_where_and_or ... ok
2026-10-08T05:01:14.0969757Z test cypher::tests::regex_generates_regexp_sql ... ok
2026-10-08T05:01:14.0971120Z test cypher::tests::test_cypher_injection_via_node_label ... ok
2026-10-08T05:01:14.0972519Z test cypher::tests::test_cypher_injection_via_property_value ... ok
2026-10-08T05:01:14.0973488Z test cypher::tests::test_injection_attach_database ... ok
2026-10-08T05:01:14.0974372Z test cypher::tests::test_injection_double_dash_comment ... ok
2026-10-08T05:01:14.0975675Z test cypher::tests::test_injection_drop_table ... ok
2026-10-08T05:01:14.0976407Z test cypher::tests::test_injection_quotes ... ok
2026-10-08T05:01:14.0977295Z test cypher::tests::test_injection_semicolon ... ok
2026-10-08T05:01:14.0978178Z test cypher::tests::test_injection_unicode ... ok
2026-10-08T05:01:14.0979137Z test cypher::tests::test_validate_ident_accepts_valid ... ok
2026-10-08T05:01:14.0979950Z test cypher::tests::test_validate_ident_rejects_empty ... ok
2026-10-08T05:01:14.0980935Z test cypher::tests::test_validate_ident_rejects_special_chars ... ok
2026-10-08T05:01:14.0983562Z test cypher::tests::test_validate_query_identifiers_accepts_valid_where_clause ... ok
2026-10-08T05:01:14.0985825Z test cypher::tests::test_validate_query_identifiers_rejects_malicious_degree_var_in_where ... ok
2026-10-08T05:01:14.0987448Z test cypher::tests::test_validate_query_identifiers_rejects_malicious_label ... ok
2026-10-08T05:01:14.0989022Z test cypher::tests::test_validate_query_identifiers_rejects_malicious_prop_name_in_where ... ok
2026-10-08T05:01:14.0990668Z test cypher::tests::test_validate_query_identifiers_rejects_malicious_prop_ref_in_where ... ok
2026-10-08T05:01:14.0992061Z test cypher::tests::test_validate_query_identifiers_rejects_malicious_var ... ok
2026-10-08T05:01:14.0993193Z test cypher::tests::tokenize_basic_match ... ok
2026-10-08T05:01:14.0994138Z test cypher::tests::tokenize_distinct_and_optional ... ok
2026-10-08T05:01:14.0995492Z test cypher::tests::tokenize_order_by ... ok
2026-10-08T05:01:14.0996454Z test cypher::tests::tokenize_regex_and_contains ... ok
2026-10-08T05:01:14.0997533Z test cypher::tests::tokenize_starts_ends_with ... ok
2026-10-08T05:01:14.0998486Z test cypher::tests::tokenize_sum_avg_min_max ... ok
2026-10-08T05:01:14.0999475Z test cypher::tests::tokenize_union ... ok
2026-10-08T05:01:14.1000359Z test cypher::tests::tokenize_union_all ... ok
2026-10-08T05:01:14.1001241Z test cypher::tests::tokenize_varlen ... ok
2026-10-08T05:01:14.1002278Z test cypher::tests::translate_applies_default_limit_when_omitted ... ok
2026-10-08T05:01:14.1003334Z test cypher::tests::translate_avg_single_node ... ok
2026-10-08T05:01:14.1004460Z test cypher::tests::translate_contains_file_variable_length ... ok
2026-10-08T05:01:14.1006237Z test cypher::tests::translate_count_distinct_prop_to_sql ... ok
2026-10-08T05:01:14.1007350Z test cypher::tests::translate_contains_to_like ... ok
2026-10-08T05:01:14.1008381Z test cypher::tests::translate_defines_edge ... ok
2026-10-08T05:01:14.1009363Z test cypher::tests::translate_count_distinct_to_sql ... ok
2026-10-08T05:01:14.1010668Z test cypher::tests::translate_defines_method_edge ... ok
2026-10-08T05:01:14.1011701Z test cypher::tests::translate_ends_with ... ok
2026-10-08T05:01:14.1012693Z test cypher::tests::translate_multi_aggregate_no_group_by ... ok
2026-10-08T05:01:14.1013715Z test cypher::tests::translate_min_max_single_node ... ok
2026-10-08T05:01:14.1014709Z test cypher::tests::translate_optional_match_uses_left_join ... ok
2026-10-08T05:01:14.1016017Z test cypher::tests::translate_return_distinct_to_sql ... ok
2026-10-08T05:01:14.1017065Z test cypher::tests::translate_single_hop_sql ... ok
2026-10-08T05:01:14.1018041Z test cypher::tests::translate_single_node_sql ... ok
2026-10-08T05:01:14.1019090Z test cypher::tests::translate_starts_with ... ok
2026-10-08T05:01:14.1020049Z test cypher::tests::translate_sum_distinct_to_sql ... ok
2026-10-08T05:01:14.1021305Z test cypher::tests::translate_sum_generates_group_by ... ok
2026-10-08T05:01:14.1022386Z test cypher::tests::translate_sum_group_by_full_pipeline ... ok
2026-10-08T05:01:14.1023587Z test cypher::tests::translate_uses_explicit_limit_value ... ok
2026-10-08T05:01:14.1024618Z test cypher::tests::translate_variable_length_sql ... ok
2026-10-08T05:01:14.1027435Z test cypher::tests::validate_regex_accepts_simple_patterns ... ok
2026-10-08T05:01:14.1028506Z test cypher::tests::validate_regex_rejects_alternation ... ok
2026-10-08T05:01:14.1029810Z test cypher::tests::validate_regex_rejects_anchors ... ok
2026-10-08T05:01:14.1031240Z test cypher::tests::validate_regex_rejects_backreference ... ok
2026-10-08T05:01:14.1035186Z test cypher::tests::validate_regex_rejects_character_class ... ok
2026-10-08T05:01:14.1037259Z test cypher::tests::validate_regex_rejects_lazy_quantifiers ... ok
2026-10-08T05:01:14.1039267Z test cypher::tests::validate_regex_rejects_lookahead ... ok
2026-10-08T05:01:14.1040813Z test cypher::tests::validate_regex_rejects_quantifier ... ok
2026-10-08T05:01:14.1042456Z test cypher::tests::validate_regex_rejects_shorthand_classes ... ok
2026-10-08T05:01:14.1436273Z test cypher::fast_path::tests::equivalence_sweep_over_fixtures_templates_and_directions ... ok
2026-10-08T05:01:14.1438287Z test dsl::tests::test_basic_filters ... ok
2026-10-08T05:01:14.1444012Z test dsl::tests::test_case_insensitive_keys ... ok
2026-10-08T05:01:14.1445142Z test dsl::tests::test_empty_input ... ok
2026-10-08T05:01:14.1446060Z test dsl::tests::test_matches_kind ... ok
2026-10-08T05:01:14.1446792Z test dsl::tests::test_matches_language_python ... ok
2026-10-08T05:01:14.1447400Z test dsl::tests::test_multiple_filters ... ok
2026-10-08T05:01:14.1447938Z test dsl::tests::test_name_filter ... ok
2026-10-08T05:01:14.1450949Z test dsl::tests::test_no_filters ... ok
2026-10-08T05:01:14.1451771Z test dsl::tests::test_only_filters_no_text ... ok
2026-10-08T05:01:14.1452666Z test dsl::tests::test_quoted_value ... ok
2026-10-08T05:01:14.1454105Z test engine::tests::cache_key_includes_context_fields ... ok
2026-10-08T05:01:14.1455372Z test engine::tests::default_lanes_registry_keeps_fusion_order ... ok
2026-10-08T05:01:14.1458374Z test engine::tests::fuse_outcomes_accumulates_rrf_generically ... ok
2026-10-08T05:01:14.1580673Z test cypher::tests::optional_match_with_dst_where_preserves_source ... ok
2026-10-08T05:01:14.1700992Z test cypher::tests::variable_length_reachability_dedups_and_terminates ... ok
2026-10-08T05:01:14.1795373Z test cypher::tests::union_applies_global_limit ... ok
2026-10-08T05:01:14.2229342Z test engine::tests::graph_lane_disabled_when_weight_is_zero ... ok
2026-10-08T05:01:14.2611592Z test engine::tests::graph_lane_adapter_ranks_seed_above_one_hop_neighbor ... ok
2026-10-08T05:01:14.2778529Z test engine::tests::graph_lane_maps_symbol_to_smallest_containing_chunk ... ok
2026-10-08T05:01:14.2901856Z test engine::tests::graph_lane_expands_caller_direction_at_decay ... ok
2026-10-08T05:01:14.3112764Z test engine::tests::graph_lane_respects_languages_filter_by_file_extension ... ok
2026-10-08T05:01:14.3660046Z test engine::tests::graph_lane_scores_fuzzy_seed_below_exact_seed ... ok
2026-10-08T05:01:14.3675910Z test engine::tests::graph_lane_seeds_short_tokens_by_exact_name ... ok
2026-10-08T05:01:14.3781081Z test engine::tests::graph_search_cache_hit_returns_shared_arc ... ok
2026-10-08T05:01:14.4100238Z test engine::tests::graph_search_cache_key_covers_budget_and_limits ... ok
2026-10-08T05:01:14.4717114Z test engine::tests::graph_search_cache_misses_on_evidence_epoch_bump ... ok
2026-10-08T05:01:14.4791105Z test engine::tests::graph_search_cache_misses_on_index_epoch_bump ... ok
2026-10-08T05:01:14.5005191Z test engine::tests::graph_search_returns_empty_for_no_symbols ... ok
2026-10-08T05:01:14.5117565Z test engine::tests::graph_search_degraded_result_is_not_cached ... ok
2026-10-08T05:01:14.5409855Z test engine::tests::grep_lane_disabled_when_request_excludes_grep ... ok
2026-10-08T05:01:14.5412121Z test engine::tests::grep_prefilter_phrase_tokenizes_like_unicode61 ... ok
2026-10-08T05:01:14.5828185Z test engine::tests::grep_lane_adapter_ranks_matches_and_caches_only_hits ... ok
2026-10-08T05:01:14.6117690Z test engine::tests::lane_opting_out_of_annotation_stays_fusion_only ... ok
2026-10-08T05:01:14.6178178Z test engine::tests::grep_lane_prefilter_keeps_midtoken_matches_via_full_scan ... ok
2026-10-08T05:01:14.6562254Z test engine::tests::lexical_lane_adapter_matches_inline_ranking ... ok
2026-10-08T05:01:14.6671004Z test engine::tests::grep_lane_scan_budget_truncates_recency_first_and_deterministically ... ok
2026-10-08T05:01:14.6777064Z test engine::tests::new_lane_declaring_score_slot_projects_without_plan_edits ... ok
2026-10-08T05:01:14.7138741Z test engine::tests::new_lane_opting_into_annotation_gets_generic_hit_reasons ... ok
2026-10-08T05:01:14.7297118Z test engine::tests::run_lanes_iterates_collection_and_skips_disabled_lane_before_work ... ok
2026-10-08T05:01:14.7391161Z test engine::tests::run_lanes_parallel_preserves_slice_order_and_runs_all ... ok
2026-10-08T05:01:14.7806707Z test engine::tests::run_lanes_parallel_propagates_first_error_in_slice_order ... ok
2026-10-08T05:01:14.8196233Z test engine::tests::lexical_search_applies_path_prefix_before_limit ... ok
2026-10-08T05:01:14.8578262Z test engine::tests::score_trace_replays_rerank_for_grep_and_graph_mix ... ok
2026-10-08T05:01:14.8602621Z test engine::tests::score_trace_replays_rerank_after_graph_rerank ... ok
2026-10-08T05:01:14.8753229Z test engine::tests::score_trace_replays_rerank_for_pure_lexical_hit ... ok
2026-10-08T05:01:14.8754057Z test engine_cache::tests::cache_key_includes_context_fields ... ok
2026-10-08T05:01:14.9030568Z test engine::tests::score_trace_replays_rerank_with_dsl_name_bonus ... ok
2026-10-08T05:01:14.9035622Z test engine_cache::tests::empty_hard_and_soft_fields_have_distinct_cache_keys ... ok
2026-10-08T05:01:14.9557891Z test engine_cache::tests::cache_stats_counts_hits_and_misses ... ok
2026-10-08T05:01:14.9569603Z test engine_cache::tests::fence_backoff_is_bounded ... ok
2026-10-08T05:01:14.9633256Z test engine::tests::search_completes_with_read_pool_size_one ... ok
2026-10-08T05:01:14.9669483Z test engine::tests::score_trace_replays_rerank_with_preselect_and_multiple_boosts ... ok
2026-10-08T05:01:15.0185280Z test engine_cache::tests::equal_epoch_new_incarnation_misses_both_result_caches ... ok
2026-10-08T05:01:15.0673179Z test engine_cache::tests::generation_fence_detects_same_epoch_identity_change ... ok
2026-10-08T05:01:15.0909975Z test engine_cache::tests::generation_fence_discards_changed_attempt_and_accepts_fresh_result ... ok
2026-10-08T05:01:15.0917466Z test engine_cache::tests::generation_fence_does_not_mask_stable_corruption ... ok
2026-10-08T05:01:15.1519497Z test engine_cache::tests::index_write_invalidates_chunk_text_cache_on_lexical_only_path ... ok
2026-10-08T05:01:15.1551564Z test engine_cache::tests::p1c_all_search_budgets_and_weights_participate_in_fingerprint ... ok
2026-10-08T05:01:15.1686272Z test engine_cache::tests::index_write_invalidates_search_cache_without_manual_call ... ok
2026-10-08T05:01:15.1688061Z test engine_cache::tests::p1c_hard_set_order_and_soft_order_have_separate_contracts ... ok
2026-10-08T05:01:15.1994402Z test engine_cache::tests::p1c_cache_domains_cover_tier_config_and_post_search_budgets ... ok
2026-10-08T05:01:15.2322203Z test engine_cache::tests::p1d_late_old_text_fill_cannot_poison_current_generation ... ok
2026-10-08T05:01:15.2702546Z test engine_cache::tests::search_cache_hit_is_zero_copy_and_equivalent ... ok
2026-10-08T05:01:15.2703567Z test engine_graph::tests::graph_prior_requires_direct_support_and_keeps_exact_identity ... ok
2026-10-08T05:01:15.2818088Z test engine_cache::tests::generation_fence_bounds_both_successful_and_failed_mixed_attempts ... ok
2026-10-08T05:01:15.2853617Z test engine_cache::tests::fence_backoff_rides_out_a_back_to_back_commit_storm ... ok
2026-10-08T05:01:15.3026591Z test engine_cache::tests::search_cache_returns_same_results ... ok
2026-10-08T05:01:15.3448905Z test engine_graph::tests::graph_search_cache_hit_returns_shared_arc ... ok
2026-10-08T05:01:15.3729911Z test engine_graph::tests::graph_search_cache_key_covers_budget_and_limits ... ok
2026-10-08T05:01:15.3819300Z test engine_graph::tests::graph_search_cache_misses_on_evidence_epoch_bump ... ok
2026-10-08T05:01:15.3824645Z test engine_lane_tests::default_lanes_registry_keeps_fusion_order ... ok
2026-10-08T05:01:15.3911301Z test engine_graph::tests::graph_search_cache_misses_on_index_epoch_bump ... ok
2026-10-08T05:01:15.4482346Z test engine_graph::tests::graph_seed_selection_cannot_be_bought_by_an_unrelated_file_prior ... ok
2026-10-08T05:01:15.4489355Z test engine_lane_tests::fuse_outcomes_accumulates_rrf_generically ... ok
2026-10-08T05:01:15.4665921Z test engine_graph::tests::graph_search_degraded_result_is_not_cached ... ok
2026-10-08T05:01:15.4909752Z test engine_lane_tests::exact_symbol_lane_ignores_soft_preselect_and_exposes_lane_contract ... ok
2026-10-08T05:01:15.4953317Z test engine_lane_tests::exact_symbol_lane_retains_ambiguity_in_deterministic_order ... ok
2026-10-08T05:01:15.5306720Z test engine_lane_tests::graph_lane_disabled_when_weight_is_zero ... ok
2026-10-08T05:01:15.5421167Z test engine_lane_tests::graph_lane_adapter_ranks_seed_above_one_hop_neighbor ... ok
2026-10-08T05:01:15.5860724Z test engine_lane_tests::graph_lane_does_not_break_existing_search ... ok
2026-10-08T05:01:15.6077645Z test engine_lane_tests::graph_lane_expands_caller_direction_at_decay ... ok
2026-10-08T05:01:15.6196630Z test engine_lane_tests::graph_lane_respects_languages_filter_by_file_extension ... ok
2026-10-08T05:01:15.6239731Z test engine_lane_tests::graph_lane_maps_symbol_to_smallest_containing_chunk ... ok
2026-10-08T05:01:15.6892758Z test engine_lane_tests::graph_lane_seeds_short_tokens_by_exact_name ... ok
2026-10-08T05:01:15.6955383Z test engine_lane_tests::graph_lane_scores_fuzzy_seed_below_exact_seed ... ok
2026-10-08T05:01:15.6982937Z test engine_lane_tests::graph_search_returns_empty_for_no_symbols ... ok
2026-10-08T05:01:15.7146141Z test engine_lane_tests::grep_lane_adapter_ranks_matches_and_caches_only_hits ... ok
2026-10-08T05:01:15.7508601Z test engine_lane_tests::grep_lane_disabled_when_request_excludes_grep ... ok
2026-10-08T05:01:15.7562651Z test engine_lane_tests::lane_opting_out_of_annotation_stays_fusion_only ... ok
2026-10-08T05:01:15.7960761Z test engine_lane_tests::lexical_lane_adapter_matches_inline_ranking ... ok
2026-10-08T05:01:15.8147339Z test engine_lane_tests::new_lane_declaring_score_slot_projects_without_plan_edits ... ok
2026-10-08T05:01:15.8230701Z test engine_lane_tests::new_lane_opting_into_annotation_gets_generic_hit_reasons ... ok
2026-10-08T05:01:15.8299737Z test engine_lane_tests::grep_lane_scan_budget_truncates_recency_first_and_deterministically ... ok
2026-10-08T05:01:15.9046826Z test engine_lane_tests::query_target_code_reference_pairs_preserve_owner_suppression ... ok
2026-10-08T05:01:15.9257107Z test engine_lane_tests::path_lane_recalls_exact_path_but_never_widens_hard_scope ... ok
2026-10-08T05:01:15.9352065Z test engine_lane_tests::non_finite_search_or_ranking_configuration_fails_before_scoring ... ok
2026-10-08T05:01:15.9945203Z test engine_lane_tests::query_target_comparison_phrase_preserves_bonus_trace_and_exact_identity ... ok
2026-10-08T05:01:16.0050256Z test engine_lane_tests::query_target_contextual_owner_preserves_exact_identity_and_non_name_trace ... ok
2026-10-08T05:01:16.0070618Z test engine_lane_tests::query_target_closing_qualifiers_preserve_identity_and_filter_priority ... ok
2026-10-08T05:01:16.0262683Z test engine_lane_tests::query_target_contextual_owner_keeps_nonmatched_fallback_and_explicit_filters ... ok
2026-10-08T05:01:16.0706596Z test engine_lane_tests::query_target_gates_only_name_bonus_and_preserves_exact_identity ... ok
2026-10-08T05:01:16.0807128Z test engine_lane_tests::query_target_contextual_owner_uses_primary_query_not_conversation_context ... ok
2026-10-08T05:01:16.0873859Z test engine_lane_tests::query_target_grouped_clause_preserves_bonus_and_exact_identity ... ok
2026-10-08T05:01:16.0933427Z test engine_lane_tests::run_lanes_iterates_collection_and_skips_disabled_lane_before_work ... ok
2026-10-08T05:01:16.0956041Z test execution::tests::cancelled_worker_retains_permit_and_cannot_publish_late ... ok
2026-10-08T05:01:16.0990476Z test execution::tests::async_timeout_keeps_parent_usable ... ok
2026-10-08T05:01:16.1040745Z test execution::tests::full_queue_rejects_and_aborted_waiter_releases_admission ... ok
2026-10-08T05:01:16.1047213Z test execution::tests::semantic_lane_share_never_extends_the_total_deadline ... ok
2026-10-08T05:01:16.1058512Z test fusion::tests::conflicting_document_spans_and_versions_are_rejected ... ok
2026-10-08T05:01:16.1059544Z test fusion::tests::declared_full_semantic_coverage_points_at_its_evidence ... ok
2026-10-08T05:01:16.1060700Z test fusion::tests::degraded_semantic_lanes_cast_no_votes_and_leave_local_fusion_untouched ... ok
2026-10-08T05:01:16.1071414Z test fusion::tests::dense_votes_fuse_by_rank_only_and_never_mix_raw_scores ... ok
2026-10-08T05:01:16.1072985Z test fusion::tests::duplicate_lanes_cannot_cast_two_votes ... ok
2026-10-08T05:01:16.1074780Z test fusion::tests::final_hydration_cannot_substitute_new_or_missing_evidence ... ok
2026-10-08T05:01:16.1076268Z test fusion::tests::fused_order_ties_break_deterministically ... ok
2026-10-08T05:01:16.1077239Z test fusion::tests::partial_semantic_receipts_vote_but_never_masquerade_as_complete ... ok
2026-10-08T05:01:16.1078173Z test fusion::tests::raw_score_scale_does_not_change_rrf_and_trace_replays ... ok
2026-10-08T05:01:16.1078747Z test fusion::tests::semantic_timeout_and_complete_zero_hits_stay_distinguishable ... ok
2026-10-08T05:01:16.1079355Z test lanes::path::domain_tests::shortcut_requires_whole_canonical_multicomponent_path ... ok
2026-10-08T05:01:16.1079904Z test plan::tests::materialized_filters_map_to_chunk_scope ... ok
2026-10-08T05:01:16.1080300Z test plan::tests::preselect_scales_with_tier ... ok
2026-10-08T05:01:16.1080679Z test plan::tests::test_is_project_doc_adr_directory ... ok
2026-10-08T05:01:16.1081058Z test plan::tests::test_is_project_doc_docs_directory ... ok
2026-10-08T05:01:16.1081447Z test plan::tests::test_is_project_doc_non_doc_files ... ok
2026-10-08T05:01:16.1099162Z test plan::tests::test_is_project_doc_top_level_files ... ok
2026-10-08T05:01:16.1100132Z test preselect::tests::bm25_bonus_is_bounded_and_monotonic ... ok
2026-10-08T05:01:16.1554122Z test enrich::tests::test_graph_enrich_records_read_errors_on_db_failure ... ok
2026-10-08T05:01:16.1569228Z test preselect::tests::fallback_layer_gate ... ok
2026-10-08T05:01:16.1570507Z test execution::tests::deadline_discards_late_worker_result_and_reclaims_when_it_exits ... ok
2026-10-08T05:01:16.1692969Z test enrich::tests::test_graph_enrich_locks_scores_nodes_and_counters ... ok
2026-10-08T05:01:16.2289003Z test preselect::tests::fts_summary_layer_isolated ... ok
2026-10-08T05:01:16.2371217Z test preselect::tests::graph_neighbor_layer_respects_budget ... ok
2026-10-08T05:01:16.2372427Z test preselect::tests::graph_neighbors_discovers_callees_and_callers ... ok
2026-10-08T05:01:16.2384646Z test preselect::tests::graph_neighbors_empty_scores ... ok
2026-10-08T05:01:16.2390118Z test preselect::tests::merge_layer_hit_accumulates_and_bills ... ok
2026-10-08T05:01:16.2990310Z test preselect::tests::graph_neighbors_skips_already_scored_files ... ok
2026-10-08T05:01:16.3051175Z test preselect::tests::graph_neighbors_zero_limit ... ok
2026-10-08T05:01:16.3095700Z test preselect::tests::layer_scores_sum_to_total ... ok
2026-10-08T05:01:16.3177759Z test preselect::tests::preselect_graph_expansion_fires_when_budget_remains ... ok
2026-10-08T05:01:16.3811743Z test preselect::tests::preselect_reports_fallback ... ok
2026-10-08T05:01:16.3844455Z test preselect::tests::preselect_recalls_path_token_match ... ok
2026-10-08T05:01:16.3921387Z test preselect::tests::preselect_recalls_substring_symbol_match ... ok
2026-10-08T05:01:16.3924028Z test preselect::tests::ranking_defaults_match_legacy_magic_numbers ... ok
2026-10-08T05:01:16.3935960Z test preselect::tests::registry_preserves_execution_order ... ok
2026-10-08T05:01:16.3983859Z test preselect::tests::preselect_request_explicit_paths ... ok
2026-10-08T05:01:16.3987291Z test query_policy::tests::auto_without_port_is_local_and_explicit_semantic_is_unavailable ... ok
2026-10-08T05:01:16.4005938Z test query_policy::tests::intent_and_budgets_are_fingerprinted_without_hiding_partial ... ok
2026-10-08T05:01:16.4019975Z test query_target::tests::conservative_fallback_and_invalid_syntax ... ok
2026-10-08T05:01:16.4021383Z test query_target::tests::filename_counterexamples_retain_legacy_name_eligibility ... ok
2026-10-08T05:01:16.4022586Z test query_target::tests::frozen_v2_independent_matrix ... ok
2026-10-08T05:01:16.4023775Z test query_target::tests::historical_v1_dot_expectations_are_explicitly_superseded ... ok
2026-10-08T05:01:16.4093527Z test query_target::tests::neutral_owner_role_bonus_contract ... ok
2026-10-08T05:01:16.4526304Z test preselect::tests::preselect_request_interface ... ok
2026-10-08T05:01:16.4527770Z test query_target::tests::query_target_comparison_source_boundaries_keep_code_references ... ok
2026-10-08T05:01:16.4555929Z test preselect::tests::rank_decay_layers_score_their_own_lists ... ok
2026-10-08T05:01:16.4585889Z test query_target::tests::query_target_context_comparison_phrases_retain_fallback ... ok
2026-10-08T05:01:16.4606306Z test query_target::tests::query_target_context_phrase_boundaries_and_independent_controls ... ok
2026-10-08T05:01:16.4607549Z test preselect::tests::token_search_layer_isolated ... ok
2026-10-08T05:01:16.5066496Z test query_target::tests::query_target_lexical_delimiters_and_independent_boundaries ... ok
2026-10-08T05:01:16.5068167Z test query_target::tests::target_kind_is_evidence_not_global_type_demotion ... ok
2026-10-08T05:01:16.5085711Z test rrf::tests::rrf_basic ... ok
2026-10-08T05:01:16.5105705Z test rrf::tests::rrf_merge_two_lists ... ok
2026-10-08T05:01:16.5126082Z test score_trace::tests::apply_traced_boost_handles_negative_amount ... ok
2026-10-08T05:01:16.5127193Z test score_trace::tests::apply_traced_boost_skips_zero_amount ... ok
2026-10-08T05:01:16.5128590Z test score_trace::tests::apply_traced_boost_updates_score_and_trace_atomically ... ok
2026-10-08T05:01:16.5129731Z test score_trace::tests::empty_trace_totals_zero ... ok
2026-10-08T05:01:16.5130711Z test score_trace::tests::total_is_sum_of_pushed_components_in_order ... ok
2026-10-08T05:01:16.5131747Z test score_trace::tests::zero_contributions_are_skipped ... ok
2026-10-08T05:01:16.5132851Z test selection::overlap::tests::union_is_exact_and_different_provenance_survives ... ok
2026-10-08T05:01:16.5134299Z test semantic_adapter::tests::budget_exhausted_before_the_lane_runs_is_a_timeout_receipt_not_a_query_error ... ok
2026-10-08T05:01:16.5317590Z test semantic_adapter::tests::recall_timeout_degrades_the_lane_and_leaves_the_parent_budget_usable ... ok
2026-10-08T05:01:16.5584236Z test query_target::tests::query_target_lexical_grouping_cross_product ... ok
2026-10-08T05:01:16.5690429Z test query_target::tests::query_target_closing_qualifier_context_cross_product ... ok
2026-10-08T05:01:16.5743781Z test semantic_adapter::tests::total_budget_exhaustion_governs_after_the_lane_degrades ... ok
2026-10-08T05:01:16.6351579Z test semantic_hydrate_guard::tests::current_publication_keeps_the_dense_hit_and_reports_a_clean_fence ... ok
2026-10-08T05:01:16.6660828Z test semantic_hydrate_guard::tests::is_dense_hit_matches_the_lane_annotation_convention ... ok
2026-10-08T05:01:16.6662085Z test semantic_hydrate_guard::tests::foreign_space_publication_skips_the_dense_hit ... ok
2026-10-08T05:01:16.6665424Z test semantic_hydrate_guard::tests::fence_applies_only_to_dense_annotated_hits ... ok
2026-10-08T05:01:16.7167547Z test semantic_hydrate_guard::tests::revoked_publication_skips_the_dense_hit ... ok
2026-10-08T05:01:16.7244514Z test query_target::tests::query_target_lexical_code_decorations_cross_product ... ok
2026-10-08T05:01:16.7388496Z test semantic_hydrate_guard::tests::unconfigured_semantic_skips_dense_hits_without_error ... ok
2026-10-08T05:01:16.7420728Z test semantic_hydrate_guard::tests::stale_published_version_skips_the_dense_hit_without_faking_completeness ... ok
2026-10-08T05:01:16.7421688Z 
2026-10-08T05:01:16.7424491Z test result: ok. 319 passed; 0 failed; 0 ignored; 0 measured; 0 filtered out; finished in 3.36s
2026-10-08T05:01:16.7425370Z 
2026-10-08T05:01:16.7538966Z [1m[92m     Running[0m unittests src/lib.rs (target/debug/deps/cc_server-3f52e29b35ee54e4)
2026-10-08T05:01:16.7704683Z 
2026-10-08T05:01:16.7705232Z running 256 tests
2026-10-08T05:01:16.7965796Z test capability_status::tests::attached_port_with_degradation_reports_degraded_state_and_reasons ... ok
2026-10-08T05:01:16.8617959Z test capability_status::tests::stale_wiring_metadata_cannot_claim_an_unattached_port_is_ready ... ok
2026-10-08T05:01:16.8620131Z test capability_status::tests::unattached_healthy_or_unreported_states_are_never_degraded ... ok
2026-10-08T05:01:16.8623904Z test capability_status::tests::query_network_authorization_is_separate_and_requires_live_encoder ... ok
2026-10-08T05:01:16.8703604Z test capability_status::tests::identity_churn_is_bounded_and_never_reports_old_database_ready ... ok
2026-10-08T05:01:16.8712698Z test engine::tests::build_context_search_request_propagates_path_prefix ... ok
2026-10-08T05:01:16.8720646Z test capability_status::tests::detectable_incarnation_change_retries_then_returns_only_the_new_observation ... ok
2026-10-08T05:01:16.8722474Z test engine::tests::centrality_hint_authority ... ok
2026-10-08T05:01:16.8724734Z test engine::tests::centrality_hint_connector ... ok
2026-10-08T05:01:16.8726105Z test engine::tests::centrality_hint_hub ... ok
2026-10-08T05:01:16.8727718Z test engine::tests::centrality_hint_leaf ... ok
2026-10-08T05:01:16.8728987Z test engine::tests::centrality_hint_zero_zero_is_leaf ... ok
2026-10-08T05:01:16.9304205Z test engine::tests::bundled_build_errors_when_gate_busy ... ok
2026-10-08T05:01:16.9309878Z test engine::tests::detect_intent_default_locate ... ok
2026-10-08T05:01:16.9317937Z test engine::tests::detect_intent_explain ... ok
2026-10-08T05:01:16.9320402Z test engine::tests::detect_intent_fix_keywords ... ok
2026-10-08T05:01:16.9322543Z test engine::tests::detect_intent_refactor ... ok
2026-10-08T05:01:16.9324287Z test engine::tests::detect_intent_test ... ok
2026-10-08T05:01:16.9328664Z test engine::tests::detect_intent_trace ... ok
2026-10-08T05:01:16.9332602Z test engine::tests::empty_has_no_project_or_db ... ok
2026-10-08T05:01:16.9333505Z test engine::tests::ensure_db_returns_project_not_set ... ok
2026-10-08T05:01:16.9340903Z test engine::tests::ensure_project_returns_project_not_set ... ok
2026-10-08T05:01:16.9444173Z test capability_status::tests::wired_status_requires_an_active_space_and_reports_publication_gaps ... ok
2026-10-08T05:01:16.9467356Z test engine::tests::close_marks_index_closed_and_reopen_restores ... ok
2026-10-08T05:01:16.9932947Z test engine::tests::auto_index_file_limit_gates_prepare ... ok
2026-10-08T05:01:16.9952731Z test engine::tests::graph_score_affects_final_ranking ... ok
2026-10-08T05:01:16.9958565Z test engine::tests::is_closed_false_when_no_project ... ok
2026-10-08T05:01:17.0332019Z test engine::tests::needs_initial_index_true_on_fresh_db ... ok
2026-10-08T05:01:17.0332912Z test engine::tests::new_with_none_creates_empty_index ... ok
2026-10-08T05:01:17.0333829Z test engine::tests::reopen_fails_with_project_not_set_on_empty ... ok
2026-10-08T05:01:17.0784832Z test engine::tests::graph_query_no_default_limit_when_explicit ... ok
2026-10-08T05:01:17.0805503Z test engine::tests::graph_query_signals_default_limit_when_omitted ... ok
2026-10-08T05:01:17.0805999Z test engine::tests::reopen_noop_when_not_closed ... ok
2026-10-08T05:01:17.0874283Z test engine::tests::graph_rerank_preserves_algebra_with_bm25_and_direct_support ... ok
2026-10-08T05:01:17.1377092Z test engine::tests::set_project_initializes_db_and_path ... ok
2026-10-08T05:01:17.1979379Z test engine::tests::search_in_context_omits_graph_explain_when_clean ... ok
2026-10-08T05:01:17.2057828Z test engine::tests::successful_build_clears_initial_index_flag ... ok
2026-10-08T05:01:17.2099762Z test engine::tests::search_in_context_surfaces_graph_explain_read_errors ... ok
2026-10-08T05:01:17.2235294Z test engine_query::tests::detect_impact_high_confidence_threshold_filters_callers ... ok
2026-10-08T05:01:17.2722989Z test engine_query::tests::detect_impact_with_default_budget_matches_handler_caps ... ok
2026-10-08T05:01:17.2727484Z test graph_cycles::tests::cycle_sort_returns_largest_first ... ok
2026-10-08T05:01:17.2731154Z test graph_cycles::tests::test_extract_package_bare_file ... ok
2026-10-08T05:01:17.2732394Z test graph_cycles::tests::test_extract_package_fallback_two_components ... ok
2026-10-08T05:01:17.2737500Z test graph_cycles::tests::test_extract_package_single_dir ... ok
2026-10-08T05:01:17.2738910Z test graph_cycles::tests::test_extract_package_with_app_boundary ... ok
2026-10-08T05:01:17.2740131Z test graph_cycles::tests::test_extract_package_with_lib_boundary ... ok
2026-10-08T05:01:17.2741745Z test graph_cycles::tests::test_extract_package_with_src_boundary ... ok
2026-10-08T05:01:17.2871550Z test engine_query::tests::explore_symbols_surfaces_declared_relations_subset ... ok
2026-10-08T05:01:17.2911215Z test engine_query::tests::detect_impact_without_threshold_keeps_callers ... ok
2026-10-08T05:01:17.3005226Z test engine_query::tests::graph_schema_uses_relationship_catalog ... ok
2026-10-08T05:01:17.3015311Z test graph_cycles::tests::test_severity_classification ... ok
2026-10-08T05:01:17.3016403Z test graph_cycles::tests::test_tarjan_scc_complex_graph ... ok
2026-10-08T05:01:17.3018332Z test graph_cycles::tests::test_tarjan_scc_no_cycles ... ok
2026-10-08T05:01:17.3019380Z test graph_cycles::tests::test_tarjan_scc_self_loop_excluded ... ok
2026-10-08T05:01:17.3020444Z test graph_cycles::tests::test_tarjan_scc_simple_3_cycle ... ok
2026-10-08T05:01:17.3021523Z test graph_cycles::tests::test_tarjan_scc_two_separate_cycles ... ok
2026-10-08T05:01:17.3388369Z test graph_cycles::tests::test_find_circular_deps_file_no_cycles ... ok
2026-10-08T05:01:17.3535227Z test graph_cycles::tests::test_find_circular_deps_invalid_granularity ... ok
2026-10-08T05:01:17.3604066Z test graph_cycles::tests::test_find_circular_deps_file_with_db ... ok
2026-10-08T05:01:17.3916240Z test graph_flow::tests::explore_flow_ambiguous_symbol ... ok
2026-10-08T05:01:17.4211522Z test graph_flow::tests::explore_flow_attaches_graph_explain ... ok
2026-10-08T05:01:17.4216125Z test graph_read_model::bridge_spec::tests::dispatch_kind_routes_via_registry ... ok
2026-10-08T05:01:17.4217962Z test graph_read_model::bridge_spec::tests::registry_pins_bridge_kinds ... ok
2026-10-08T05:01:17.4221079Z test graph_read_model::bridge_spec::tests::resolution_kind_lookup_matches_registry ... ok
2026-10-08T05:01:17.4223030Z test graph_read_model::cache::tests::degraded_generation_bypasses_cache_lookup_and_store ... ok
2026-10-08T05:01:17.4225547Z test graph_read_model::cache::tests::evict_drops_only_the_given_identity ... ok
2026-10-08T05:01:17.4227657Z test graph_read_model::cache::tests::sensitivity_declares_which_epoch_bumps_evict ... ok
2026-10-08T05:01:17.4233774Z test graph_read_model::tests::bfs_finds_multiple_paths_through_shared_node ... ok
2026-10-08T05:01:17.4310642Z test graph_flow::tests::explore_flow_finds_paths_and_disconnected ... ok
2026-10-08T05:01:17.4560034Z test graph_flow::tests::explore_flow_two_unrelated_symbols_both_disconnected ... ok
2026-10-08T05:01:17.4758037Z test graph_flow::tests::explore_flow_unresolved_symbol ... ok
2026-10-08T05:01:17.5081962Z test graph_read_model::tests::bridge_edges_keep_methodless_routes_as_method_specific_fallback ... ok
2026-10-08T05:01:17.5152783Z test graph_read_model::tests::bridge_edges_keep_non_http_synthesis_metadata_consistent ... ok
2026-10-08T05:01:17.5395904Z test graph_read_model::tests::bridge_edges_match_http_method_and_normalized_path ... ok
2026-10-08T05:01:17.5586589Z test graph_read_model::tests::bridge_edges_without_http_method_fall_back_to_normalized_path ... ok
2026-10-08T05:01:17.6088301Z test graph_read_model::tests::bridged_model_first_does_not_leak_bridge_edges_into_plain_model ... ok
2026-10-08T05:01:17.6094219Z test graph_read_model::tests::dead_code_scan_limit_formula_lock ... ok
2026-10-08T05:01:17.6226296Z test graph_read_model::tests::callees_with_callers_caches_successful_query_per_generation ... ok
2026-10-08T05:01:17.6524029Z test graph_read_model::tests::bridged_neighbors_failure_serves_bridges_without_pinning_them ... ok
2026-10-08T05:01:17.6864770Z test graph_read_model::tests::callees_with_callers_failure_is_not_cached ... ok
2026-10-08T05:01:17.6880464Z test graph_read_model::tests::evidence_write_invalidates_bridge_and_adjacency_but_not_index_only_caches ... ok
2026-10-08T05:01:17.7007373Z test graph_read_model::tests::evidence_write_keeps_plain_adjacency_but_evicts_bridged_adjacency ... ok
2026-10-08T05:01:17.7597202Z test graph_read_model::tests::index_write_invalidates_callee_cache_for_new_read_model ... ok
2026-10-08T05:01:17.7731518Z test graph_read_model::tests::generation_read_failure_does_not_alias_epoch_zero_caches ... ok
2026-10-08T05:01:17.8002989Z test graph_read_model::tests::plain_model_first_does_not_starve_bridged_model_of_bridge_edges ... ok
2026-10-08T05:01:17.8124310Z test graph_read_model::tests::neighbors_failure_is_not_cached_and_keeps_reporting_read_errors ... ok
2026-10-08T05:01:17.8463478Z test graph_read_model::tests::truncated_bridge_index_surfaces_bridge_cap_in_explain ... ok
2026-10-08T05:01:17.8670938Z test graph_read_model::tests::unmatched_http_edges_surface_as_synthesis_notes ... ok
2026-10-08T05:01:17.8800926Z test graph_trace::tests::bfs_paths_labeled_finds_edges ... ok
2026-10-08T05:01:17.8998428Z test graph_trace::tests::trace_path_names_abc ... ok
2026-10-08T05:01:17.9362306Z test graph_trace::tests::trace_path_rich_reports_max_depth_truncation ... ok
2026-10-08T05:01:17.9419649Z test graph_trace::tests::trace_path_rich_returns_full_result ... ok
2026-10-08T05:01:17.9508169Z test graph_type_hierarchy::tests::hierarchy_ancestors_only ... ok
2026-10-08T05:01:17.9690222Z test graph_type_hierarchy::tests::hierarchy_both_directions ... ok
2026-10-08T05:01:18.0151735Z test graph_type_hierarchy::tests::hierarchy_disambiguation_returns_candidates ... ok
2026-10-08T05:01:18.0166133Z test graph_type_hierarchy::tests::hierarchy_empty_db_returns_error ... ok
2026-10-08T05:01:18.0169772Z test graph_type_hierarchy::tests::hierarchy_descendants_only ... ok
2026-10-08T05:01:18.0451913Z test graph_type_hierarchy::tests::hierarchy_include_methods_lists_method_names ... ok
2026-10-08T05:01:18.0453557Z test graph_walk::tests::explained_complete_walk_reports_no_truncation ... ok
2026-10-08T05:01:18.0460127Z test graph_walk::tests::explained_reports_depth_clip ... ok
2026-10-08T05:01:18.0477380Z test graph_walk::tests::explained_reports_results_clip ... ok
2026-10-08T05:01:18.0480265Z test graph_walk::tests::paths_budget_truncates_expansion ... ok
2026-10-08T05:01:18.0511411Z test graph_walk::tests::paths_enumerates_multiple_simple_paths_through_shared_node ... ok
2026-10-08T05:01:18.0521854Z test graph_walk::tests::paths_respects_depth_cap ... ok
2026-10-08T05:01:18.0523124Z test graph_walk::tests::paths_stops_at_max_results ... ok
2026-10-08T05:01:18.0524081Z test graph_walk::tests::paths_terminates_on_cycles ... ok
2026-10-08T05:01:18.0525396Z test graph_walk::tests::visit_dedups_diamond_and_reports_depth ... ok
2026-10-08T05:01:18.0526462Z test graph_walk::tests::visit_depth_cap_stops_expansion ... ok
2026-10-08T05:01:18.0527418Z test graph_walk::tests::visit_edge_filter_skips_edges ... ok
2026-10-08T05:01:18.0528344Z test graph_walk::tests::visit_terminates_on_cycles ... ok
2026-10-08T05:01:18.0986116Z test graph_type_hierarchy::tests::hierarchy_with_symbol_uid ... ok
2026-10-08T05:01:18.0995374Z test graph_type_hierarchy::tests::hierarchy_max_depth_limits_traversal ... ok
2026-10-08T05:01:18.1199630Z test graph_type_hierarchy::tests::hierarchy_semantic_load_failure_surfaces_read_error ... ok
2026-10-08T05:01:18.2100565Z test handlers::core::tests::reads_proceed_during_stage_two_compute ... ok
2026-10-08T05:01:18.2141524Z test handlers::core::tests::racing_manual_builds_serialize_on_the_gate ... ok
2026-10-08T05:01:18.3076543Z test handlers::context::tests::fence_recovered_result_is_complete_with_observed_change ... ok
2026-10-08T05:01:18.3603709Z test handlers::context::tests::serialized_window_generation_change_is_annotated_not_a_hard_error ... ok
2026-10-08T05:01:19.2836050Z test handlers::facade::tests::handle_adr_unknown_action_errors ... ok
2026-10-08T05:01:19.2968704Z test handlers::facade::tests::handle_files_invalid_action_returns_error ... ok
2026-10-08T05:01:19.2980798Z test handlers::facade::tests::handle_adr_list_empty ... ok
2026-10-08T05:01:19.3048485Z test handlers::facade::tests::handle_architecture_overview_returns_result ... ok
2026-10-08T05:01:20.1234504Z test handlers::facade::tests::handle_files_region_without_path_returns_error ... ok
2026-10-08T05:01:20.1339534Z test handlers::facade::tests::handle_files_list_returns_array ... ok
2026-10-08T05:01:20.1539436Z test handlers::facade::tests::handle_impact_dependents_missing_file_path_returns_err ... ok
2026-10-08T05:01:20.2041360Z test handlers::facade::tests::handle_impact_dead_code_returns_result ... ok
2026-10-08T05:01:20.2062773Z test handlers::freshness::tests::accepted_generation_matching_current_is_not_flagged_incomplete ... ok
2026-10-08T05:01:20.2069226Z test handlers::freshness::tests::accepted_generation_of_reads_envelope_pointer ... ok
2026-10-08T05:01:20.2096341Z test handlers::facade::tests::handle_ingest_traces_gates_matched_on_writes_and_counts_failures ... ok
2026-10-08T05:01:20.2105877Z test handlers::freshness::tests::missing_accepted_generation_keeps_strict_annotation ... ok
2026-10-08T05:01:20.2136213Z test handlers::freshness::tests::true_stale_accepted_generation_still_marks_changed_during_query ... ok
2026-10-08T05:01:20.2956710Z test handlers::graph::tests::async_consumers_pin_kind_filter_and_target_resolution ... ok
2026-10-08T05:01:20.4069942Z test handlers::graph::tests::dead_code_pins_caller_ref_and_exclusion_filters ... ok
2026-10-08T05:01:20.4898006Z test handlers::graph::tests::dependents_direct_and_two_hop_transitive_sorted ... ok
2026-10-08T05:01:20.4994605Z test handlers::freshness::tests::generation_change_is_never_reported_ready ... ok
2026-10-08T05:01:20.5579487Z test handlers::graph::tests::find_dead_code_scan_limit_matches_read_model_default ... ok
2026-10-08T05:01:20.8777371Z test handlers::graph::tests::graph_query_attaches_graph_explain_on_truncation ... ok
2026-10-08T05:01:20.9346494Z test handlers::facade::tests::handle_status_all_includes_capabilities_and_schema ... ok
2026-10-08T05:01:21.0028762Z test handlers::graph::tests::graph_query_omits_graph_explain_when_not_truncated ... ok
2026-10-08T05:01:21.0701555Z test handlers::facade::tests::handle_status_returns_index_info ... ok
2026-10-08T05:01:21.1636642Z test handlers::graph::tests::route_handlers_pin_pattern_method_and_framework_filters ... ok
2026-10-08T05:01:21.2791955Z test handlers::graph::tests::service_bindings_pin_two_dimension_match_and_related_edges ... ok
2026-10-08T05:01:21.3458185Z test handlers::graph::tests::graph_query_emits_fast_path_metadata_for_varlen_queries ... ok
2026-10-08T05:01:21.3496175Z test handlers::output_budget::tests::enforce_output_limit_at_exact_boundary ... ok
2026-10-08T05:01:21.3522509Z test handlers::output_budget::tests::enforce_output_limit_does_not_embed_original_on_invalid_prefix ... ok
2026-10-08T05:01:21.3551371Z test handlers::output_budget::tests::enforce_output_limit_handles_multibyte_boundaries ... ok
2026-10-08T05:01:21.3562330Z test handlers::output_budget::tests::enforce_output_limit_nested_json ... ok
2026-10-08T05:01:21.3577030Z test handlers::output_budget::tests::enforce_output_limit_one_less_than_len ... ok
2026-10-08T05:01:21.3578562Z test handlers::output_budget::tests::enforce_output_limit_passthrough_when_small ... ok
2026-10-08T05:01:21.3589237Z test handlers::output_budget::tests::enforce_output_limit_truncates_when_over ... ok
2026-10-08T05:01:21.3602303Z test handlers::output_budget::tests::enforce_output_limit_with_array ... ok
2026-10-08T05:01:21.3611095Z test handlers::graph::tests::trace_path_handler_reports_max_depth_truncation ... ok
2026-10-08T05:01:21.3612378Z test handlers::output_budget::tests::enforce_output_limit_with_string ... ok
2026-10-08T05:01:21.3613488Z test handlers::output_budget::tests::enforce_output_limit_zero_max ... ok
2026-10-08T05:01:21.3616685Z test handlers::output_budget::tests::enforce_output_limit_with_null ... ok
2026-10-08T05:01:21.4127887Z test handlers::output_budget::tests::finalize_byte_cap_passthrough_when_under_budget ... ok
2026-10-08T05:01:21.4221188Z test handlers::output_budget::tests::finalize_byte_caps_budgeted_tools ... ok
2026-10-08T05:01:21.4581588Z test handlers::output_budget::tests::finalize_item_cap_leaves_small_arrays_and_objects_alone ... ok
2026-10-08T05:01:21.4716097Z test handlers::output_budget::tests::finalize_item_caps_files_list_with_marker ... ok
2026-10-08T05:01:21.4768565Z test handlers::output_budget::tests::lane_status_receipts_survive_candidate_heavy_truncation ... ok
2026-10-08T05:01:21.4806975Z test handlers::output_budget::tests::source_rendering_and_stale_diagnostics_survive_metadata_truncation ... ok
2026-10-08T05:01:21.4886071Z test handlers::output_budget::tests::verbose_query_policy_cannot_evict_graph_and_lane_diagnostics ... ok
2026-10-08T05:01:21.4985366Z test handlers::output_budget::tests::finalize_passes_through_unbudgeted_tools ... ok
2026-10-08T05:01:21.5044342Z test handlers::output_budget::tests::verbose_selection_cannot_evict_existing_graph_and_lane_diagnostics ... ok
2026-10-08T05:01:21.5835698Z test impact::tests::analyze_bfs_expands_callers ... ok
2026-10-08T05:01:21.6121657Z test impact::tests::analyze_bfs_respects_max_depth ... ok
2026-10-08T05:01:21.6314011Z test impact::tests::analyze_empty_changed_files_returns_none_risk ... ok
2026-10-08T05:01:21.6701504Z test impact::tests::analyze_finds_seeds_from_changed_files ... ok
2026-10-08T05:01:21.6975935Z test impact::tests::analyze_nonexistent_file_yields_empty_symbols ... ok
2026-10-08T05:01:21.7332318Z test impact::tests::analyze_with_empty_changed_files_reports_zero_counts ... ok
2026-10-08T05:01:21.7538003Z test handlers::graph::tests::graph_query_explicit_limit_not_default_truncated ... ok
2026-10-08T05:01:21.8016938Z test impact::tests::analyze_with_high_confidence_threshold_filters_edges ... ok
2026-10-08T05:01:21.8451386Z test impact::tests::analyze_with_layer_db_error_records_reason_and_keeps_seeds ... ok
2026-10-08T05:01:21.9169761Z test handlers::graph::tests::graph_query_returns_truncation_envelope ... ok
2026-10-08T05:01:21.9182163Z test impact::tests::boundary_crossings_detected_across_communities ... ok
2026-10-08T05:01:21.9183017Z test impact::tests::boundary_crossings_empty_for_empty_input ... ok
2026-10-08T05:01:21.9183794Z test impact::tests::boundary_crossings_empty_when_no_community_ids ... ok
2026-10-08T05:01:21.9184467Z test impact::tests::boundary_crossings_not_reported_for_hop0 ... ok
2026-10-08T05:01:21.9898563Z test impact::tests::analyze_with_max_nodes_stops_expansion ... ok
2026-10-08T05:01:21.9984851Z test impact::tests::confidence_weighted_risk_is_1_for_single_critical ... ok
2026-10-08T05:01:22.0010295Z test impact::tests::default_for_applies_handler_formulas ... ok
2026-10-08T05:01:22.0020375Z test impact::tests::default_for_explicit_caps_pass_through_unclamped ... ok
2026-10-08T05:01:22.0047544Z test impact::tests::default_for_node_cap_is_capped_at_5000 ... ok
2026-10-08T05:01:22.0232679Z test impact::tests::analyze_with_max_per_layer_caps_callers ... ok
2026-10-08T05:01:22.0577836Z test impact::tests::confidence_weighted_risk_is_zero_for_empty_symbols ... ok
2026-10-08T05:01:22.0786243Z test impact::tests::analyze_with_result_limit_truncates_and_keeps_seeds ... ok
2026-10-08T05:01:22.0867986Z test impact::tests::risk_summary_low_when_few_symbols ... ok
2026-10-08T05:01:22.1428973Z test impact::tests::symbol_names_by_uid_empty_returns_empty ... ok
2026-10-08T05:01:22.1453019Z test impact::tests::risk_summary_medium_when_critical_exceeds_3 ... ok
2026-10-08T05:01:22.1620055Z test impact::tests::suggested_tests_from_test_edges ... ok
2026-10-08T05:01:22.1645922Z test mcp::shutdown_tests::retrieval_conflict_is_retryable_but_corruption_is_not ... ok
2026-10-08T05:01:22.1675694Z test mcp::shutdown_tests::shutdown_signal_compiles ... ok
2026-10-08T05:01:22.1687338Z test path_guard::tests::reject_absolute_path ... ok
2026-10-08T05:01:22.1688502Z test path_guard::tests::reject_nonexistent ... ok
2026-10-08T05:01:22.1689344Z test path_guard::tests::reject_traversal ... ok
2026-10-08T05:01:22.1690783Z test path_guard::tests::rejects_directory_as_indexed_file ... ok
2026-10-08T05:01:22.1697870Z test path_guard::tests::rejects_unix_socket_before_any_reader_opens_it ... ok
2026-10-08T05:01:22.1699062Z test path_guard::tests::separator_normalization_and_exact_spelling ... ok
2026-10-08T05:01:22.1700235Z test path_guard::tests::symlink_targets_are_checked_before_following_descendants ... ok
2026-10-08T05:01:22.1701268Z test path_guard::tests::valid_relative_path ... ok
2026-10-08T05:01:22.1915544Z test impact::tests::symbol_names_by_uid_resolves_batch_and_skips_missing ... ok
2026-10-08T05:01:22.2178804Z test impact::tests::with_project_root_sets_root ... ok
2026-10-08T05:01:22.2495607Z test project_session::tests::cached_project_reopens_transparently_after_idle_eviction ... ok
2026-10-08T05:01:22.3596427Z test project_session::tests::idle_sweep_skips_reader_then_reclaims_every_cached_instance ... ok
2026-10-08T05:01:22.4742993Z test mcp::query_tests::mcp_cancel_notification_stops_search_and_context_optional_recall ... ok
2026-10-08T05:01:22.5865357Z test project_session::tests::p1d_watcher_tick_keeps_known_pending_batch_until_manual_gate_released ... ok
2026-10-08T05:01:22.6652768Z test project_session::tests::maybe_auto_index_builds_then_skips_when_fresh ... ok
2026-10-08T05:01:22.7206689Z test project_session::tests::p2c_watcher_drains_durable_debt_without_new_events ... ok
2026-10-08T05:01:22.7589248Z test project_session::tests::p5d_cancelled_cold_client_keeps_initializer_fenced_until_publication ... ok
2026-10-08T05:01:22.7959452Z test project_session::tests::p5d_hot_cache_does_not_wait_behind_cold_registry ... ok
2026-10-08T05:01:22.8085462Z test project_session::tests::p5d_active_reopen_lock_wait_does_not_block_async_scheduler ... ok
2026-10-08T05:01:22.8866301Z test project_session::tests::p3c_watcher_rescan_reconciles_unlisted_config_and_retries_failed_build ... ok
2026-10-08T05:01:22.8963220Z test symbol_extract::tests::test_camel_case ... ok
2026-10-08T05:01:22.8970010Z test symbol_extract::tests::test_dedup ... ok
2026-10-08T05:01:22.8985791Z test symbol_extract::tests::test_dotted_name ... ok
2026-10-08T05:01:22.8993535Z test symbol_extract::tests::test_max_20 ... ok
2026-10-08T05:01:22.9001811Z test symbol_extract::tests::test_mixed ... ok
2026-10-08T05:01:22.9007444Z test symbol_extract::tests::test_screaming_snake ... ok
2026-10-08T05:01:22.9012615Z test symbol_extract::tests::test_snake_case ... ok
2026-10-08T05:01:22.9017745Z test symbol_extract::tests::test_stop_words_filtered ... ok
2026-10-08T05:01:22.9356961Z test symbol_resolution::tests::flow_ambiguous_without_co_location_context ... ok
2026-10-08T05:01:22.9666539Z test symbol_resolution::tests::flow_co_location_picks_same_directory_candidate ... ok
2026-10-08T05:01:22.9960637Z test symbol_resolution::tests::flow_file_filter_uses_substring_match ... ok
2026-10-08T05:01:23.0252259Z test symbol_resolution::tests::flow_unique ... ok
2026-10-08T05:01:23.0536580Z test symbol_resolution::tests::flow_unresolved_no_match_and_no_file_match ... ok
2026-10-08T05:01:23.0844187Z test symbol_resolution::tests::hierarchy_ambiguous_returns_all_type_candidates ... ok
2026-10-08T05:01:23.1190647Z test symbol_resolution::tests::hierarchy_file_filter_is_exact_and_skips_kind_filter ... ok
2026-10-08T05:01:23.1479392Z test symbol_resolution::tests::hierarchy_unique_kind_filter_drops_non_types ... ok
2026-10-08T05:01:23.1759504Z test symbol_resolution::tests::hierarchy_unresolved_reasons ... ok
2026-10-08T05:01:23.2058358Z test symbol_resolution::tests::trace_ambiguous_preserves_find_symbol_order ... ok
2026-10-08T05:01:23.2337434Z test symbol_resolution::tests::trace_unique ... ok
2026-10-08T05:01:23.2608236Z test symbol_resolution::tests::trace_unresolved ... ok
2026-10-08T05:01:23.2610665Z test tools::tests::explore_params_sanitize_clamps_new_optionals ... ok
2026-10-08T05:01:23.2611886Z test tools::tests::impact_params_sanitize_clamps_confidence_threshold ... ok
2026-10-08T05:01:23.2625165Z test tools::tests::index_params_oversized_scope_dropped_not_truncated ... ok
2026-10-08T05:01:23.2626137Z test tools::tests::index_params_scope_rejected_on_full_build ... ok
2026-10-08T05:01:23.2626964Z test tools::tests::index_params_scope_within_cap_kept_and_clamped ... ok
2026-10-08T05:01:23.2630063Z test tools::tests::sanitize_long_multibyte_query_does_not_panic ... ok
2026-10-08T05:01:23.2631738Z test tools::tests::search_params_sanitize_clamps_path_prefix ... ok
2026-10-08T05:01:23.2633810Z test tools::tests::trace_params_sanitize_clamps_max_snippet_lines ... ok
2026-10-08T05:01:23.2634820Z test tools::tests::utf8_prefix_never_splits_multibyte_chars ... ok
2026-10-08T05:01:23.2710347Z test watcher::tests::ignore_rules_reject_gitignored_and_config_ignored_events ... ok
2026-10-08T05:01:23.2714391Z test watcher::tests::p3a_configuration_events_are_not_lost_to_source_ignore_rules ... ok
2026-10-08T05:01:23.2718655Z test watcher::tests::p3a_hidden_inherited_config_is_tracked_but_generated_inputs_are_not ... ok
2026-10-08T05:01:23.2738170Z test watcher::tests::p3c_error_or_overflow_cannot_be_lost_in_empty_scope ... ok
2026-10-08T05:01:23.2742329Z test watcher::tests::p3c_ordinary_config_modification_remains_scoped ... ok
2026-10-08T05:01:23.2765344Z test watcher::tests::p3c_rename_sides_and_structural_changes_force_reconciliation ... ok
2026-10-08T05:01:23.2766731Z test watcher::tests::should_track_accepts_plain_source_paths ... ok
2026-10-08T05:01:23.2767832Z test watcher::tests::should_track_allows_skip_dir_name_as_leaf_filename ... ok
2026-10-08T05:01:23.2769796Z test watcher::tests::should_track_keeps_leaf_hidden_files ... ok
2026-10-08T05:01:23.2771184Z test watcher::tests::should_track_rejects_empty ... ok
2026-10-08T05:01:23.2772992Z test watcher::tests::should_track_rejects_hidden_directories_beyond_root ... ok
2026-10-08T05:01:23.2775142Z test watcher::tests::should_track_rejects_known_non_indexable_filenames ... ok
2026-10-08T05:01:23.2776241Z test watcher::tests::should_track_rejects_skip_listed_directories ... ok
2026-10-08T05:01:23.3303597Z test project_session::tests::close_idle_instances_closes_cached_non_active_projects ... ok
2026-10-08T05:01:23.8741176Z test project_session::tests::set_active_project_reopens_evicted_cache_entry ... ok
2026-10-08T05:01:31.9131190Z test project_session::tests::watcher_busy_tick_preserves_pending_events ... ok
2026-10-08T05:01:31.9131797Z 
2026-10-08T05:01:31.9132251Z test result: ok. 256 passed; 0 failed; 0 ignored; 0 measured; 0 filtered out; finished in 15.14s
2026-10-08T05:01:31.9132885Z 
2026-10-08T05:01:31.9320979Z [1m[92m     Running[0m unittests src/main.rs (target/debug/deps/codecortex-7ecc5718efd52e1a)
2026-10-08T05:01:31.9333499Z 
2026-10-08T05:01:31.9333664Z running 41 tests
2026-10-08T05:01:31.9339761Z test installer::helpers::tests::append_if_missing_is_idempotent ... ok
2026-10-08T05:01:31.9340573Z test installer::helpers::tests::remove_missing_file_is_noop ... ok
2026-10-08T05:01:31.9348300Z test installer::helpers::tests::remove_rejects_malformed_json_without_clobbering ... ok
2026-10-08T05:01:31.9349346Z test installer::helpers::tests::upsert_bootstraps_missing_file ... ok
2026-10-08T05:01:31.9350217Z test installer::helpers::tests::upsert_maps_io_failure_to_io_error ... ok
2026-10-08T05:01:31.9351243Z test installer::helpers::tests::upsert_rejects_malformed_json_without_clobbering ... ok
2026-10-08T05:01:31.9357648Z test installer::targets::claude_code::tests::detect_requires_claude_dir ... ok
2026-10-08T05:01:31.9358667Z test installer::helpers::tests::upsert_treats_empty_file_as_fresh_config ... ok
2026-10-08T05:01:31.9369893Z test installer::helpers::tests::upsert_rejects_non_object_root_and_section ... ok
2026-10-08T05:01:31.9371022Z test installer::targets::claude_code::tests::install_writes_mcp_entry_gate_script_and_hook ... ok
2026-10-08T05:01:31.9374877Z test installer::targets::claude_code::tests::install_preserves_user_hooks_and_is_idempotent ... ok
2026-10-08T05:01:31.9378469Z test installer::targets::claude_code::tests::uninstall_without_any_config_is_noop ... ok
2026-10-08T05:01:31.9379734Z test installer::targets::codex_cli::tests::detect_requires_codex_dir ... ok
2026-10-08T05:01:31.9380886Z test installer::targets::codex_cli::tests::install_appends_toml_section ... ok
2026-10-08T05:01:31.9382032Z test installer::targets::codex_cli::tests::install_preserves_existing_toml_content ... ok
2026-10-08T05:01:31.9383876Z test installer::targets::codex_cli::tests::uninstall_without_config_is_noop ... ok
2026-10-08T05:01:31.9394748Z test installer::targets::cursor::tests::config_lives_in_dot_cursor_mcp_json ... ok
2026-10-08T05:01:31.9396617Z test installer::targets::claude_code::tests::mcp_json_lifecycle ... ok
2026-10-08T05:01:31.9398741Z test installer::targets::claude_code::tests::uninstall_removes_hook_and_gate_but_keeps_user_hooks ... ok
2026-10-08T05:01:31.9400165Z test installer::targets::cursor::tests::detect_matches_any_cursor_dir_variant ... ok
2026-10-08T05:01:31.9401438Z test installer::targets::gemini_cli::tests::detect_requires_gemini_dir ... ok
2026-10-08T05:01:31.9417259Z test installer::targets::cursor::tests::install_writes_command_and_args ... ok
2026-10-08T05:01:31.9418902Z test installer::targets::gemini_cli::tests::install_writes_settings_json_under_gemini_dir ... ok
2026-10-08T05:01:31.9420335Z test installer::targets::codex_cli::tests::uninstall_removes_only_codecortex_section ... ok
2026-10-08T05:01:31.9421763Z test installer::targets::opencode::tests::install_writes_local_command_entry_under_mcp_section ... ok
2026-10-08T05:01:31.9423167Z test installer::targets::opencode::tests::detect_matches_either_opencode_dir ... ok
2026-10-08T05:01:31.9424353Z test installer::targets::cursor::tests::json_config_lifecycle ... ok
2026-10-08T05:01:31.9425837Z test installer::targets::vscode::tests::config_path_is_platform_specific ... ok
2026-10-08T05:01:31.9427014Z test installer::targets::gemini_cli::tests::json_config_lifecycle ... ok
2026-10-08T05:01:31.9428167Z test installer::targets::vscode::tests::detect_requires_user_config_dir ... ok
2026-10-08T05:01:31.9429432Z test installer::targets::zed::tests::config_path_is_platform_specific ... ok
2026-10-08T05:01:31.9430653Z test installer::targets::zed::tests::detect_requires_existing_settings_file ... ok
2026-10-08T05:01:31.9431868Z test installer::targets::opencode::tests::json_config_lifecycle ... ok
2026-10-08T05:01:31.9433077Z test installer::targets::vscode::tests::install_writes_command_and_args ... ok
2026-10-08T05:01:31.9436240Z test installer::targets::zed::tests::install_writes_context_servers_entry ... ok
2026-10-08T05:01:31.9439007Z test installer::targets::vscode::tests::json_config_lifecycle ... ok
2026-10-08T05:01:31.9443076Z test installer::tests::install_all_skips_undetected_targets ... ok
2026-10-08T05:01:31.9456250Z test installer::targets::zed::tests::json_config_lifecycle ... ok
2026-10-08T05:01:31.9456756Z test installer::tests::install_error_is_reported_under_target_name ... ok
2026-10-08T05:01:31.9457444Z test installer::tests::force_install_configures_every_registered_target ... ok
2026-10-08T05:01:31.9469325Z test installer::tests::uninstall_all_clears_codecortex_from_every_config ... ok
2026-10-08T05:01:31.9469666Z 
2026-10-08T05:01:31.9469917Z test result: ok. 41 passed; 0 failed; 0 ignored; 0 measured; 0 filtered out; finished in 0.01s
2026-10-08T05:01:31.9470301Z 
2026-10-08T05:01:31.9472329Z [1m[92m     Running[0m tests/cache_key_review_behavior.rs (target/debug/deps/cache_key_review_behavior-60f1059a556fe53f)
2026-10-08T05:01:31.9516140Z 
2026-10-08T05:01:31.9516338Z running 0 tests
2026-10-08T05:01:31.9516673Z 
2026-10-08T05:01:31.9517235Z test result: ok. 0 passed; 0 failed; 0 ignored; 0 measured; 0 filtered out; finished in 0.00s
2026-10-08T05:01:31.9519697Z [1m[92m     Running[0m tests/graph_traversal_bench.rs (target/debug/deps/graph_traversal_bench-659c0686f7931dbd)
2026-10-08T05:01:31.9520134Z 
2026-10-08T05:01:31.9601098Z 
2026-10-08T05:01:31.9601370Z running 1 test
2026-10-08T05:01:31.9603977Z test bench_cypher_cte_vs_inmemory_adjacency ... ignored, benchmark only: cargo test -p cc-server --test graph_traversal_bench --release -- --ignored --nocapture
2026-10-08T05:01:31.9604805Z 
2026-10-08T05:01:31.9605327Z test result: ok. 0 passed; 0 failed; 1 ignored; 0 measured; 0 filtered out; finished in 0.00s
2026-10-08T05:01:31.9605727Z 
2026-10-08T05:01:31.9606763Z [1m[92m     Running[0m tests/independent_qname_repair_public.rs (target/debug/deps/independent_qname_repair_public-5aff2954480d220c)
2026-10-08T05:01:31.9721294Z 
2026-10-08T05:01:31.9721489Z running 1 test
2026-10-08T05:01:32.4761705Z test decorated_classes_have_exact_surviving_public_class_and_method_proofs ... ok
2026-10-08T05:01:32.4762609Z 
2026-10-08T05:01:32.4763577Z test result: ok. 1 passed; 0 failed; 0 ignored; 0 measured; 0 filtered out; finished in 0.50s
2026-10-08T05:01:32.4763950Z 
2026-10-08T05:01:32.4785645Z [1m[92m     Running[0m tests/index_fix_pinned_handle.rs (target/debug/deps/index_fix_pinned_handle-d4e1ed5be23d79ae)
2026-10-08T05:01:32.4807939Z 
2026-10-08T05:01:32.4808090Z running 1 test
2026-10-08T05:01:32.7401252Z test pinned_handle_uses_rebuilt_generation_and_corrected_source ... ok
2026-10-08T05:01:32.7401865Z 
2026-10-08T05:01:32.7403212Z test result: ok. 1 passed; 0 failed; 0 ignored; 0 measured; 0 filtered out; finished in 0.26s
2026-10-08T05:01:32.7403819Z 
2026-10-08T05:01:32.7418129Z [1m[92m     Running[0m tests/mcp_startup.rs (target/debug/deps/mcp_startup-189276eeb896c8cc)
2026-10-08T05:01:32.7605797Z 
2026-10-08T05:01:32.7606067Z running 2 tests
2026-10-08T05:01:32.8217780Z test none_session_completes_mcp_initialization ... ok
2026-10-08T05:01:32.8666807Z [2m2026-10-08T05:01:32.865022Z[0m [32m INFO[0m [2mcc_db::index_migrate[0m[2m:[0m initializing index schema [3mversion[0m[2m=[0m25
2026-10-08T05:01:32.9158477Z [2m2026-10-08T05:01:32.915268Z[0m [32m INFO[0m [1mserve_inner[0m[2m:[0m [2mrmcp::service[0m[2m:[0m Service initialized as server [3mpeer_info[0m[2m=[0mSome(InitializeRequestParams { meta: None, protocol_version: ProtocolVersion("2025-11-25"), capabilities: ClientCapabilities { experimental: None, extensions: None, roots: None, sampling: None, elicitation: None, tasks: None }, client_info: Implementation { name: "rmcp", title: None, version: "2.2.0", description: None, icons: None, website_url: None } })
2026-10-08T05:01:32.9161722Z [2m2026-10-08T05:01:32.915364Z[0m [32m INFO[0m [2mcc_server::mcp[0m[2m:[0m MCP server started on stdio
2026-10-08T05:01:32.9166669Z [2m2026-10-08T05:01:32.916394Z[0m [32m INFO[0m [1mserve_inner[0m[2m:[0m [2mrmcp::service[0m[2m:[0m received notification [3mnotification[0m[2m=[0mInitializedNotification(NotificationNoParam { method: InitializedNotificationMethod, extensions: Extensions })
2026-10-08T05:01:32.9176437Z [2m2026-10-08T05:01:32.917465Z[0m [32m INFO[0m [1mserve_inner[0m[2m:[0m [2mrmcp::handler::server[0m[2m:[0m client initialized
2026-10-08T05:01:32.9223134Z [2m2026-10-08T05:01:32.922137Z[0m [32m INFO[0m [1mserve_inner[0m[2m:[0m [2mrmcp::service[0m[2m:[0m input stream terminated
2026-10-08T05:01:32.9224686Z [2m2026-10-08T05:01:32.922200Z[0m [32m INFO[0m [1mserve_inner[0m[2m:[0m [2mrmcp::service[0m[2m:[0m serve finished [3mquit_reason[0m[2m=[0mClosed
2026-10-08T05:01:32.9227450Z [2m2026-10-08T05:01:32.922613Z[0m [32m INFO[0m [2mcc_server::mcp[0m[2m:[0m MCP server shut down gracefully
2026-10-08T05:01:32.9304148Z test normal_project_completes_stdio_initialization ... ok
2026-10-08T05:01:32.9304468Z 
2026-10-08T05:01:32.9304754Z test result: ok. 2 passed; 0 failed; 0 ignored; 0 measured; 0 filtered out; finished in 0.17s
2026-10-08T05:01:32.9316450Z [1m[92m     Running[0m tests/mcp_stdio.rs (target/debug/deps/mcp_stdio-20ff4f36876386fc)
2026-10-08T05:01:32.9317007Z 
2026-10-08T05:01:32.9417148Z 
2026-10-08T05:01:32.9417371Z running 9 tests
2026-10-08T05:01:32.9664005Z [2m2026-10-08T05:01:32.965813Z[0m [32m INFO[0m [2mcc_db::index_migrate[0m[2m:[0m initializing index schema [3mversion[0m[2m=[0m25
2026-10-08T05:01:32.9666044Z [2m2026-10-08T05:01:32.965811Z[0m [32m INFO[0m [2mcc_db::index_migrate[0m[2m:[0m initializing index schema [3mversion[0m[2m=[0m25
2026-10-08T05:01:32.9667055Z [2m2026-10-08T05:01:32.965814Z[0m [32m INFO[0m [2mcc_db::index_migrate[0m[2m:[0m initializing index schema [3mversion[0m[2m=[0m25
2026-10-08T05:01:32.9668021Z [2m2026-10-08T05:01:32.965815Z[0m [32m INFO[0m [2mcc_db::index_migrate[0m[2m:[0m initializing index schema [3mversion[0m[2m=[0m25
2026-10-08T05:01:33.0053751Z [2m2026-10-08T05:01:33.001894Z[0m [32m INFO[0m [1mserve_inner[0m[2m:[0m [2mrmcp::service[0m[2m:[0m Service initialized as server [3mpeer_info[0m[2m=[0mSome(InitializeRequestParams { meta: None, protocol_version: ProtocolVersion("2025-11-25"), capabilities: ClientCapabilities { experimental: None, extensions: None, roots: None, sampling: None, elicitation: None, tasks: None }, client_info: Implementation { name: "rmcp", title: None, version: "2.2.0", description: None, icons: None, website_url: None } })
2026-10-08T05:01:33.0063691Z [2m2026-10-08T05:01:33.002175Z[0m [32m INFO[0m [2mcc_server::mcp[0m[2m:[0m MCP server started on stdio
2026-10-08T05:01:33.0068210Z [2m2026-10-08T05:01:33.003678Z[0m [32m INFO[0m [1mserve_inner[0m[2m:[0m [2mrmcp::service[0m[2m:[0m Service initialized as server [3mpeer_info[0m[2m=[0mSome(InitializeRequestParams { meta: None, protocol_version: ProtocolVersion("2025-11-25"), capabilities: ClientCapabilities { experimental: None, extensions: None, roots: None, sampling: None, elicitation: None, tasks: None }, client_info: Implementation { name: "rmcp", title: None, version: "2.2.0", description: None, icons: None, website_url: None } })
2026-10-08T05:01:33.0072301Z [2m2026-10-08T05:01:33.003776Z[0m [32m INFO[0m [2mcc_server::mcp[0m[2m:[0m MCP server started on stdio
2026-10-08T05:01:33.0077091Z [2m2026-10-08T05:01:33.005734Z[0m [32m INFO[0m [1mserve_inner[0m[2m:[0m [2mrmcp::service[0m[2m:[0m Service initialized as server [3mpeer_info[0m[2m=[0mSome(InitializeRequestParams { meta: None, protocol_version: ProtocolVersion("2025-11-25"), capabilities: ClientCapabilities { experimental: None, extensions: None, roots: None, sampling: None, elicitation: None, tasks: None }, client_info: Implementation { name: "rmcp", title: None, version: "2.2.0", description: None, icons: None, website_url: None } })
2026-10-08T05:01:33.0081158Z [2m2026-10-08T05:01:33.005846Z[0m [32m INFO[0m [2mcc_server::mcp[0m[2m:[0m MCP server started on stdio
2026-10-08T05:01:33.0084416Z [2m2026-10-08T05:01:33.006765Z[0m [32m INFO[0m [1mserve_inner[0m[2m:[0m [2mrmcp::service[0m[2m:[0m received notification [3mnotification[0m[2m=[0mInitializedNotification(NotificationNoParam { method: InitializedNotificationMethod, extensions: Extensions })
2026-10-08T05:01:33.0087093Z [2m2026-10-08T05:01:33.006863Z[0m [32m INFO[0m [1mserve_inner[0m[2m:[0m [2mrmcp::handler::server[0m[2m:[0m client initialized
2026-10-08T05:01:33.0104043Z [2m2026-10-08T05:01:33.006977Z[0m [32m INFO[0m [1mserve_inner[0m[2m:[0m [2mrmcp::service[0m[2m:[0m received notification [3mnotification[0m[2m=[0mInitializedNotification(NotificationNoParam { method: InitializedNotificationMethod, extensions: Extensions })
2026-10-08T05:01:33.0107049Z [2m2026-10-08T05:01:33.007100Z[0m [32m INFO[0m [1mserve_inner[0m[2m:[0m [2mrmcp::handler::server[0m[2m:[0m client initialized
2026-10-08T05:01:33.0109907Z [2m2026-10-08T05:01:33.010251Z[0m [32m INFO[0m [1mserve_inner[0m[2m:[0m [2mrmcp::service[0m[2m:[0m received notification [3mnotification[0m[2m=[0mInitializedNotification(NotificationNoParam { method: InitializedNotificationMethod, extensions: Extensions })
2026-10-08T05:01:33.0116683Z [2m2026-10-08T05:01:33.010372Z[0m [32m INFO[0m [1mserve_inner[0m[2m:[0m [2mrmcp::handler::server[0m[2m:[0m client initialized
2026-10-08T05:01:33.0119259Z [2m2026-10-08T05:01:33.011168Z[0m [32m INFO[0m [2mcc_index::memory_budget[0m[2m:[0m memory budget initialized [3mtotal_ram_mb[0m[2m=[0m15989 [3mbudget_mb[0m[2m=[0m7994 [3mfraction[0m[2m=[0m0.5
2026-10-08T05:01:33.0122433Z [2m2026-10-08T05:01:33.011295Z[0m [32m INFO[0m [2mcc_index::memory_budget[0m[2m:[0m memory budget initialized [3mtotal_ram_mb[0m[2m=[0m15989 [3mbudget_mb[0m[2m=[0m7994 [3mfraction[0m[2m=[0m0.5
2026-10-08T05:01:33.0134890Z [2m2026-10-08T05:01:33.011350Z[0m [32m INFO[0m [2mcc_index::memory_budget[0m[2m:[0m memory budget initialized [3mtotal_ram_mb[0m[2m=[0m15989 [3mbudget_mb[0m[2m=[0m7994 [3mfraction[0m[2m=[0m0.5
2026-10-08T05:01:33.0157962Z [2m2026-10-08T05:01:33.015399Z[0m [32m INFO[0m [1mserve_inner[0m[2m:[0m [2mrmcp::service[0m[2m:[0m Service initialized as server [3mpeer_info[0m[2m=[0mSome(InitializeRequestParams { meta: None, protocol_version: ProtocolVersion("2025-11-25"), capabilities: ClientCapabilities { experimental: None, extensions: None, roots: None, sampling: None, elicitation: None, tasks: None }, client_info: Implementation { name: "rmcp", title: None, version: "2.2.0", description: None, icons: None, website_url: None } })
2026-10-08T05:01:33.0170469Z [2m2026-10-08T05:01:33.015536Z[0m [32m INFO[0m [2mcc_index::memory_budget[0m[2m:[0m memory budget initialized [3mtotal_ram_mb[0m[2m=[0m15989 [3mbudget_mb[0m[2m=[0m7994 [3mfraction[0m[2m=[0m0.5
2026-10-08T05:01:33.0174047Z [2m2026-10-08T05:01:33.016666Z[0m [32m INFO[0m [1mserve_inner[0m[2m:[0m [2mrmcp::service[0m[2m:[0m received notification [3mnotification[0m[2m=[0mInitializedNotification(NotificationNoParam { method: InitializedNotificationMethod, extensions: Extensions })
2026-10-08T05:01:33.0211639Z [2m2026-10-08T05:01:33.017135Z[0m [32m INFO[0m [1mserve_inner[0m[2m:[0m [2mrmcp::handler::server[0m[2m:[0m client initialized
2026-10-08T05:01:33.0216452Z [2m2026-10-08T05:01:33.017250Z[0m [32m INFO[0m [2mcc_server::mcp[0m[2m:[0m MCP server started on stdio
2026-10-08T05:01:33.0218647Z [2m2026-10-08T05:01:33.017611Z[0m [32m INFO[0m [2mcc_server::watcher[0m[2m:[0m watcher: counted project files for adaptive debounce [3mfile_count[0m[2m=[0m3
2026-10-08T05:01:33.0221094Z [2m2026-10-08T05:01:33.017638Z[0m [32m INFO[0m [2mcc_server::watcher[0m[2m:[0m watcher: adaptive debounce interval computed [3mdebounce_ms[0m[2m=[0m500
2026-10-08T05:01:33.0223169Z [2m2026-10-08T05:01:33.017809Z[0m [32m INFO[0m [2mcc_server::watcher[0m[2m:[0m watcher: counted project files for adaptive debounce [3mfile_count[0m[2m=[0m3
2026-10-08T05:01:33.0225818Z [2m2026-10-08T05:01:33.017831Z[0m [32m INFO[0m [2mcc_server::watcher[0m[2m:[0m watcher: adaptive debounce interval computed [3mdebounce_ms[0m[2m=[0m500
2026-10-08T05:01:33.0227061Z [2m2026-10-08T05:01:33.018793Z[0m [32m INFO[0m [2mcc_server::watcher[0m[2m:[0m watcher: counted project files for adaptive debounce [3mfile_count[0m[2m=[0m3
2026-10-08T05:01:33.0228624Z [2m2026-10-08T05:01:33.018820Z[0m [32m INFO[0m [2mcc_server::watcher[0m[2m:[0m watcher: adaptive debounce interval computed [3mdebounce_ms[0m[2m=[0m500
2026-10-08T05:01:33.0230849Z [2m2026-10-08T05:01:33.019144Z[0m [32m INFO[0m [2mcc_server::watcher[0m[2m:[0m watcher: counted project files for adaptive debounce [3mfile_count[0m[2m=[0m3
2026-10-08T05:01:33.0232869Z [2m2026-10-08T05:01:33.019176Z[0m [32m INFO[0m [2mcc_server::watcher[0m[2m:[0m watcher: adaptive debounce interval computed [3mdebounce_ms[0m[2m=[0m500
2026-10-08T05:01:33.0234676Z [2m2026-10-08T05:01:33.019397Z[0m [32m INFO[0m [2mcc_server::project_session[0m[2m:[0m watcher native subscription ready [3mnative_start_ms[0m[2m=[0m8
2026-10-08T05:01:33.0236242Z [2m2026-10-08T05:01:33.020399Z[0m [32m INFO[0m [2mcc_server::watcher[0m[2m:[0m watcher: counted project files for adaptive debounce [3mfile_count[0m[2m=[0m3
2026-10-08T05:01:33.0237344Z [2m2026-10-08T05:01:33.020418Z[0m [32m INFO[0m [2mcc_server::watcher[0m[2m:[0m watcher: adaptive debounce interval computed [3mdebounce_ms[0m[2m=[0m500
2026-10-08T05:01:33.0238440Z [2m2026-10-08T05:01:33.020652Z[0m [32m INFO[0m [2mcc_server::watcher[0m[2m:[0m watcher: counted project files for adaptive debounce [3mfile_count[0m[2m=[0m3
2026-10-08T05:01:33.0239546Z [2m2026-10-08T05:01:33.020677Z[0m [32m INFO[0m [2mcc_server::watcher[0m[2m:[0m watcher: adaptive debounce interval computed [3mdebounce_ms[0m[2m=[0m500
2026-10-08T05:01:33.0240636Z [2m2026-10-08T05:01:33.021183Z[0m [32m INFO[0m [2mcc_server::project_session[0m[2m:[0m watcher native subscription ready [3mnative_start_ms[0m[2m=[0m9
2026-10-08T05:01:33.0241919Z [2m2026-10-08T05:01:33.021859Z[0m [32m INFO[0m [2mcc_server::project_session[0m[2m:[0m watcher native subscription ready [3mnative_start_ms[0m[2m=[0m4
2026-10-08T05:01:33.0243042Z [2m2026-10-08T05:01:33.022846Z[0m [32m INFO[0m [2mcc_server::watcher[0m[2m:[0m watcher: counted project files for adaptive debounce [3mfile_count[0m[2m=[0m3
2026-10-08T05:01:33.0244142Z [2m2026-10-08T05:01:33.022878Z[0m [32m INFO[0m [2mcc_server::watcher[0m[2m:[0m watcher: adaptive debounce interval computed [3mdebounce_ms[0m[2m=[0m500
2026-10-08T05:01:33.0271446Z [2m2026-10-08T05:01:33.026951Z[0m [32m INFO[0m [2mcc_server::watcher[0m[2m:[0m watcher: counted project files for adaptive debounce [3mfile_count[0m[2m=[0m3
2026-10-08T05:01:33.0273942Z [2m2026-10-08T05:01:33.026982Z[0m [32m INFO[0m [2mcc_server::watcher[0m[2m:[0m watcher: adaptive debounce interval computed [3mdebounce_ms[0m[2m=[0m500
2026-10-08T05:01:33.0280979Z [2m2026-10-08T05:01:33.027896Z[0m [32m INFO[0m [2mcc_server::project_session[0m[2m:[0m watcher native subscription ready [3mnative_start_ms[0m[2m=[0m5
2026-10-08T05:01:33.1498733Z [2m2026-10-08T05:01:33.149575Z[0m [32m INFO[0m [2mcc_index::indexer[0m[2m:[0m pre-resolve framework enrichment active [3mresolvers[0m[2m=[0m["flask"] [3mhas_go_router[0m[2m=[0mfalse
2026-10-08T05:01:33.1527097Z [2m2026-10-08T05:01:33.149575Z[0m [32m INFO[0m [2mcc_index::indexer[0m[2m:[0m pre-resolve framework enrichment active [3mresolvers[0m[2m=[0m["flask"] [3mhas_go_router[0m[2m=[0mfalse
2026-10-08T05:01:33.1556797Z [2m2026-10-08T05:01:33.149586Z[0m [32m INFO[0m [2mcc_index::indexer[0m[2m:[0m pre-resolve framework enrichment active [3mresolvers[0m[2m=[0m["flask"] [3mhas_go_router[0m[2m=[0mfalse
2026-10-08T05:01:33.1587072Z [2m2026-10-08T05:01:33.149586Z[0m [32m INFO[0m [2mcc_index::indexer[0m[2m:[0m pre-resolve framework enrichment active [3mresolvers[0m[2m=[0m["flask"] [3mhas_go_router[0m[2m=[0mfalse
2026-10-08T05:01:33.2157717Z [2m2026-10-08T05:01:33.213418Z[0m [32m INFO[0m [2mcc_index::memory_budget[0m[2m:[0m memory budget initialized [3mtotal_ram_mb[0m[2m=[0m15989 [3mbudget_mb[0m[2m=[0m7994 [3mfraction[0m[2m=[0m0.5
2026-10-08T05:01:33.2160685Z [2m2026-10-08T05:01:33.213418Z[0m [32m INFO[0m [2mcc_index::memory_budget[0m[2m:[0m memory budget initialized [3mtotal_ram_mb[0m[2m=[0m15989 [3mbudget_mb[0m[2m=[0m7994 [3mfraction[0m[2m=[0m0.5
2026-10-08T05:01:33.2162498Z [2m2026-10-08T05:01:33.213417Z[0m [32m INFO[0m [2mcc_index::memory_budget[0m[2m:[0m memory budget initialized [3mtotal_ram_mb[0m[2m=[0m15989 [3mbudget_mb[0m[2m=[0m7994 [3mfraction[0m[2m=[0m0.5
2026-10-08T05:01:33.2165395Z [2m2026-10-08T05:01:33.213417Z[0m [32m INFO[0m [2mcc_index::memory_budget[0m[2m:[0m memory budget initialized [3mtotal_ram_mb[0m[2m=[0m15989 [3mbudget_mb[0m[2m=[0m7994 [3mfraction[0m[2m=[0m0.5
2026-10-08T05:01:33.2378187Z [2m2026-10-08T05:01:33.235862Z[0m [32m INFO[0m [2mcc_index::indexer_phases::write[0m[2m:[0m generated hierarchy edges [3mcount[0m[2m=[0m10
2026-10-08T05:01:33.2396848Z [2m2026-10-08T05:01:33.236269Z[0m [32m INFO[0m [2mcc_index::indexer_phases::write[0m[2m:[0m generated hierarchy edges [3mcount[0m[2m=[0m10
2026-10-08T05:01:33.2410926Z [2m2026-10-08T05:01:33.237100Z[0m [32m INFO[0m [2mcc_index::indexer_phases::write[0m[2m:[0m generated hierarchy edges [3mcount[0m[2m=[0m10
2026-10-08T05:01:33.2426488Z [2m2026-10-08T05:01:33.238231Z[0m [32m INFO[0m [2mcc_index::indexer_phases::write[0m[2m:[0m generated hierarchy edges [3mcount[0m[2m=[0m10
2026-10-08T05:01:33.2429455Z [2m2026-10-08T05:01:33.238827Z[0m [32m INFO[0m [2mcc_index::memory_budget[0m[2m:[0m memory budget initialized [3mtotal_ram_mb[0m[2m=[0m15989 [3mbudget_mb[0m[2m=[0m7994 [3mfraction[0m[2m=[0m0.5
2026-10-08T05:01:33.2432564Z [2m2026-10-08T05:01:33.240231Z[0m [32m INFO[0m [2mcc_index::memory_budget[0m[2m:[0m memory budget initialized [3mtotal_ram_mb[0m[2m=[0m15989 [3mbudget_mb[0m[2m=[0m7994 [3mfraction[0m[2m=[0m0.5
2026-10-08T05:01:33.2435608Z [2m2026-10-08T05:01:33.240347Z[0m [32m INFO[0m [2mcc_index::memory_budget[0m[2m:[0m memory budget initialized [3mtotal_ram_mb[0m[2m=[0m15989 [3mbudget_mb[0m[2m=[0m7994 [3mfraction[0m[2m=[0m0.5
2026-10-08T05:01:33.2438345Z [2m2026-10-08T05:01:33.241947Z[0m [32m INFO[0m [2mcc_index::memory_budget[0m[2m:[0m memory budget initialized [3mtotal_ram_mb[0m[2m=[0m15989 [3mbudget_mb[0m[2m=[0m7994 [3mfraction[0m[2m=[0m0.5
2026-10-08T05:01:33.2474512Z [2m2026-10-08T05:01:33.246935Z[0m [32m INFO[0m [2mcc_index::memory_budget[0m[2m:[0m memory budget initialized [3mtotal_ram_mb[0m[2m=[0m15989 [3mbudget_mb[0m[2m=[0m7994 [3mfraction[0m[2m=[0m0.5
2026-10-08T05:01:33.2497492Z [2m2026-10-08T05:01:33.247623Z[0m [32m INFO[0m [2mcc_index::memory_budget[0m[2m:[0m memory budget initialized [3mtotal_ram_mb[0m[2m=[0m15989 [3mbudget_mb[0m[2m=[0m7994 [3mfraction[0m[2m=[0m0.5
2026-10-08T05:01:33.2527891Z [2m2026-10-08T05:01:33.248909Z[0m [32m INFO[0m [2mcc_index::memory_budget[0m[2m:[0m memory budget initialized [3mtotal_ram_mb[0m[2m=[0m15989 [3mbudget_mb[0m[2m=[0m7994 [3mfraction[0m[2m=[0m0.5
2026-10-08T05:01:33.2530673Z [2m2026-10-08T05:01:33.249723Z[0m [32m INFO[0m [2mcc_index::memory_budget[0m[2m:[0m memory budget initialized [3mtotal_ram_mb[0m[2m=[0m15989 [3mbudget_mb[0m[2m=[0m7994 [3mfraction[0m[2m=[0m0.5
2026-10-08T05:01:33.2532106Z [2m2026-10-08T05:01:33.250669Z[0m [32m INFO[0m [2mcc_index::memory_budget[0m[2m:[0m memory budget initialized [3mtotal_ram_mb[0m[2m=[0m15989 [3mbudget_mb[0m[2m=[0m7994 [3mfraction[0m[2m=[0m0.5
2026-10-08T05:01:33.2533703Z [2m2026-10-08T05:01:33.252088Z[0m [32m INFO[0m [2mcc_index::memory_budget[0m[2m:[0m memory budget initialized [3mtotal_ram_mb[0m[2m=[0m15989 [3mbudget_mb[0m[2m=[0m7994 [3mfraction[0m[2m=[0m0.5
2026-10-08T05:01:33.2535505Z [2m2026-10-08T05:01:33.252579Z[0m [32m INFO[0m [2mcc_index::memory_budget[0m[2m:[0m memory budget initialized [3mtotal_ram_mb[0m[2m=[0m15989 [3mbudget_mb[0m[2m=[0m7994 [3mfraction[0m[2m=[0m0.5
2026-10-08T05:01:33.2560966Z [2m2026-10-08T05:01:33.255595Z[0m [32m INFO[0m [2mcc_index::memory_budget[0m[2m:[0m memory budget initialized [3mtotal_ram_mb[0m[2m=[0m15989 [3mbudget_mb[0m[2m=[0m7994 [3mfraction[0m[2m=[0m0.5
2026-10-08T05:01:33.2737066Z [2m2026-10-08T05:01:33.272442Z[0m [32m INFO[0m [2mcc_index::indexer[0m[2m:[0m pre-resolve framework enrichment active [3mresolvers[0m[2m=[0m["flask"] [3mhas_go_router[0m[2m=[0mfalse
2026-10-08T05:01:33.2739897Z [2m2026-10-08T05:01:33.272694Z[0m [32m INFO[0m [2mcc_index::indexer[0m[2m:[0m pre-resolve framework enrichment active [3mresolvers[0m[2m=[0m["flask"] [3mhas_go_router[0m[2m=[0mfalse
2026-10-08T05:01:33.2823217Z [2m2026-10-08T05:01:33.282070Z[0m [32m INFO[0m [2mcc_db::index_db_rebuild[0m[2m:[0m full rebuild: creating temp database [3mtmp[0m[2m=[0m/tmp/.tmpT9KjXh/.codecortex/index.sqlite3.tmp
2026-10-08T05:01:33.2877138Z [2m2026-10-08T05:01:33.287468Z[0m [32m INFO[0m [2mcc_index::indexer[0m[2m:[0m pre-resolve framework enrichment active [3mresolvers[0m[2m=[0m["flask"] [3mhas_go_router[0m[2m=[0mfalse
2026-10-08T05:01:33.2880079Z [2m2026-10-08T05:01:33.287526Z[0m [32m INFO[0m [2mcc_db::index_db_rebuild[0m[2m:[0m full rebuild: creating temp database [3mtmp[0m[2m=[0m/tmp/.tmp520gdT/.codecortex/index.sqlite3.tmp
2026-10-08T05:01:33.2892168Z [2m2026-10-08T05:01:33.288967Z[0m [32m INFO[0m [2mcc_index::indexer[0m[2m:[0m pre-resolve framework enrichment active [3mresolvers[0m[2m=[0m["flask"] [3mhas_go_router[0m[2m=[0mfalse
2026-10-08T05:01:33.3021260Z [2m2026-10-08T05:01:33.301873Z[0m [32m INFO[0m [2mcc_db::index_db_rebuild[0m[2m:[0m full rebuild: creating temp database [3mtmp[0m[2m=[0m/tmp/.tmpjDBXtP/.codecortex/index.sqlite3.tmp
2026-10-08T05:01:33.3069071Z [2m2026-10-08T05:01:33.306437Z[0m [32m INFO[0m [2mcc_db::index_db_rebuild[0m[2m:[0m full rebuild: creating temp database [3mtmp[0m[2m=[0m/tmp/.tmpFu3jU7/.codecortex/index.sqlite3.tmp
2026-10-08T05:01:33.3916844Z [2m2026-10-08T05:01:33.390520Z[0m [32m INFO[0m [2mcc_db::index_db_rebuild[0m[2m:[0m full rebuild: writing data to temp database
2026-10-08T05:01:33.3975715Z [2m2026-10-08T05:01:33.397312Z[0m [32m INFO[0m [2mcc_db::index_db_rebuild[0m[2m:[0m full rebuild: writing data to temp database
2026-10-08T05:01:33.4076629Z [2m2026-10-08T05:01:33.407408Z[0m [32m INFO[0m [2mcc_db::index_db_rebuild[0m[2m:[0m full rebuild: recreating indexes
2026-10-08T05:01:33.4104878Z [2m2026-10-08T05:01:33.410186Z[0m [32m INFO[0m [2mcc_db::index_db_rebuild[0m[2m:[0m full rebuild: recreating indexes
2026-10-08T05:01:33.4278240Z [2m2026-10-08T05:01:33.426306Z[0m [32m INFO[0m [2mcc_db::index_db_rebuild[0m[2m:[0m full rebuild: writing data to temp database
2026-10-08T05:01:33.4286757Z [2m2026-10-08T05:01:33.426760Z[0m [32m INFO[0m [2mcc_db::index_db_rebuild[0m[2m:[0m full rebuild: writing data to temp database
2026-10-08T05:01:33.4307494Z [2m2026-10-08T05:01:33.429300Z[0m [32m INFO[0m [2mcc_db::index_db_rebuild[0m[2m:[0m full rebuild: temp database ready for swap
2026-10-08T05:01:33.4314092Z [2m2026-10-08T05:01:33.429707Z[0m [32m INFO[0m [2mcc_index::memory_budget[0m[2m:[0m memory budget initialized [3mtotal_ram_mb[0m[2m=[0m15989 [3mbudget_mb[0m[2m=[0m7994 [3mfraction[0m[2m=[0m0.5
2026-10-08T05:01:33.4334188Z [2m2026-10-08T05:01:33.433257Z[0m [32m INFO[0m [2mcc_db::index_db_rebuild[0m[2m:[0m full rebuild: temp database ready for swap
2026-10-08T05:01:33.4365594Z [2m2026-10-08T05:01:33.433876Z[0m [32m INFO[0m [2mcc_index::memory_budget[0m[2m:[0m memory budget initialized [3mtotal_ram_mb[0m[2m=[0m15989 [3mbudget_mb[0m[2m=[0m7994 [3mfraction[0m[2m=[0m0.5
2026-10-08T05:01:33.4442438Z [2m2026-10-08T05:01:33.442531Z[0m [32m INFO[0m [2mcc_db::index_db_rebuild[0m[2m:[0m full rebuild: recreating indexes
2026-10-08T05:01:33.4444564Z [2m2026-10-08T05:01:33.443365Z[0m [32m INFO[0m [2mcc_db::index_db_rebuild[0m[2m:[0m full rebuild: recreating indexes
2026-10-08T05:01:33.4662172Z [2m2026-10-08T05:01:33.466013Z[0m [32m INFO[0m [2mcc_index::memory_budget[0m[2m:[0m memory budget initialized [3mtotal_ram_mb[0m[2m=[0m15989 [3mbudget_mb[0m[2m=[0m7994 [3mfraction[0m[2m=[0m0.5
2026-10-08T05:01:33.4678927Z [2m2026-10-08T05:01:33.467396Z[0m [32m INFO[0m [2mcc_index::memory_budget[0m[2m:[0m memory budget initialized [3mtotal_ram_mb[0m[2m=[0m15989 [3mbudget_mb[0m[2m=[0m7994 [3mfraction[0m[2m=[0m0.5
2026-10-08T05:01:33.4692189Z [2m2026-10-08T05:01:33.469046Z[0m [32m INFO[0m [2mcc_db::index_db_rebuild[0m[2m:[0m full rebuild: temp database ready for swap
2026-10-08T05:01:33.4695999Z [2m2026-10-08T05:01:33.469385Z[0m [32m INFO[0m [2mcc_index::memory_budget[0m[2m:[0m memory budget initialized [3mtotal_ram_mb[0m[2m=[0m15989 [3mbudget_mb[0m[2m=[0m7994 [3mfraction[0m[2m=[0m0.5
2026-10-08T05:01:33.4726644Z [2m2026-10-08T05:01:33.471809Z[0m [32m INFO[0m [2mcc_db::index_db_rebuild[0m[2m:[0m full rebuild: temp database ready for swap
2026-10-08T05:01:33.4730240Z [2m2026-10-08T05:01:33.472226Z[0m [32m INFO[0m [2mcc_index::memory_budget[0m[2m:[0m memory budget initialized [3mtotal_ram_mb[0m[2m=[0m15989 [3mbudget_mb[0m[2m=[0m7994 [3mfraction[0m[2m=[0m0.5
2026-10-08T05:01:33.4740932Z [2m2026-10-08T05:01:33.473873Z[0m [32m INFO[0m [2mcc_index::memory_budget[0m[2m:[0m memory budget initialized [3mtotal_ram_mb[0m[2m=[0m15989 [3mbudget_mb[0m[2m=[0m7994 [3mfraction[0m[2m=[0m0.5
2026-10-08T05:01:33.4771980Z [2m2026-10-08T05:01:33.475518Z[0m [32m INFO[0m [2mcc_index::memory_budget[0m[2m:[0m memory budget initialized [3mtotal_ram_mb[0m[2m=[0m15989 [3mbudget_mb[0m[2m=[0m7994 [3mfraction[0m[2m=[0m0.5
2026-10-08T05:01:33.5047658Z [2m2026-10-08T05:01:33.501568Z[0m [32m INFO[0m [2mcc_index::memory_budget[0m[2m:[0m memory budget initialized [3mtotal_ram_mb[0m[2m=[0m15989 [3mbudget_mb[0m[2m=[0m7994 [3mfraction[0m[2m=[0m0.5
2026-10-08T05:01:33.5050925Z [2m2026-10-08T05:01:33.503813Z[0m [32m INFO[0m [2mcc_index::memory_budget[0m[2m:[0m memory budget initialized [3mtotal_ram_mb[0m[2m=[0m15989 [3mbudget_mb[0m[2m=[0m7994 [3mfraction[0m[2m=[0m0.5
2026-10-08T05:01:33.5092623Z [2m2026-10-08T05:01:33.508811Z[0m [32m INFO[0m [2mcc_index::memory_budget[0m[2m:[0m memory budget initialized [3mtotal_ram_mb[0m[2m=[0m15989 [3mbudget_mb[0m[2m=[0m7994 [3mfraction[0m[2m=[0m0.5
2026-10-08T05:01:33.5138470Z [2m2026-10-08T05:01:33.512687Z[0m [32m INFO[0m [2mcc_index::memory_budget[0m[2m:[0m memory budget initialized [3mtotal_ram_mb[0m[2m=[0m15989 [3mbudget_mb[0m[2m=[0m7994 [3mfraction[0m[2m=[0m0.5
2026-10-08T05:01:33.5237919Z [2m2026-10-08T05:01:33.523278Z[0m [32m INFO[0m [1mserve_inner[0m[2m:[0m [2mrmcp::service[0m[2m:[0m input stream terminated
2026-10-08T05:01:33.5240746Z [2m2026-10-08T05:01:33.523380Z[0m [32m INFO[0m [1mserve_inner[0m[2m:[0m [2mrmcp::service[0m[2m:[0m serve finished [3mquit_reason[0m[2m=[0mClosed
2026-10-08T05:01:33.5473014Z [2m2026-10-08T05:01:33.547049Z[0m [32m INFO[0m [1mserve_inner[0m[2m:[0m [2mrmcp::service[0m[2m:[0m input stream terminated
2026-10-08T05:01:33.5475504Z [2m2026-10-08T05:01:33.547178Z[0m [32m INFO[0m [1mserve_inner[0m[2m:[0m [2mrmcp::service[0m[2m:[0m serve finished [3mquit_reason[0m[2m=[0mClosed
2026-10-08T05:01:33.5767331Z [2m2026-10-08T05:01:33.576352Z[0m [32m INFO[0m [1mserve_inner[0m[2m:[0m [2mrmcp::service[0m[2m:[0m input stream terminated
2026-10-08T05:01:33.5769726Z [2m2026-10-08T05:01:33.576421Z[0m [32m INFO[0m [1mserve_inner[0m[2m:[0m [2mrmcp::service[0m[2m:[0m serve finished [3mquit_reason[0m[2m=[0mClosed
2026-10-08T05:01:33.6031720Z [2m2026-10-08T05:01:33.602929Z[0m [32m INFO[0m [1mserve_inner[0m[2m:[0m [2mrmcp::service[0m[2m:[0m input stream terminated
2026-10-08T05:01:33.6032970Z [2m2026-10-08T05:01:33.603004Z[0m [32m INFO[0m [1mserve_inner[0m[2m:[0m [2mrmcp::service[0m[2m:[0m serve finished [3mquit_reason[0m[2m=[0mClosed
2026-10-08T05:01:34.0216462Z [2m2026-10-08T05:01:34.021337Z[0m [32m INFO[0m [2mcc_server::mcp[0m[2m:[0m MCP server shut down gracefully
2026-10-08T05:01:34.0217818Z [2m2026-10-08T05:01:34.021398Z[0m [32m INFO[0m [2mcc_server::mcp[0m[2m:[0m MCP server shut down gracefully
2026-10-08T05:01:34.0222805Z [2m2026-10-08T05:01:34.022009Z[0m [32m INFO[0m [2mcc_server::mcp[0m[2m:[0m MCP server shut down gracefully
2026-10-08T05:01:34.0300157Z [2m2026-10-08T05:01:34.029809Z[0m [32m INFO[0m [2mcc_server::mcp[0m[2m:[0m MCP server shut down gracefully
2026-10-08T05:01:34.0311604Z test stdio_analysis_tools_smoke ... ok
2026-10-08T05:01:34.0316242Z test stdio_graph_tools_smoke ... ok
2026-10-08T05:01:34.0325550Z test stdio_architecture_files_node_and_relations_views ... ok
2026-10-08T05:01:34.0428832Z test stdio_hybrid_search_context_envelope_and_impact_blast_radius ... ok
2026-10-08T05:01:34.0433573Z [2m2026-10-08T05:01:34.043010Z[0m [32m INFO[0m [2mcc_db::index_migrate[0m[2m:[0m initializing index schema [3mversion[0m[2m=[0m25
2026-10-08T05:01:34.0445191Z [2m2026-10-08T05:01:34.044178Z[0m [32m INFO[0m [2mcc_db::index_migrate[0m[2m:[0m initializing index schema [3mversion[0m[2m=[0m25
2026-10-08T05:01:34.0462736Z [2m2026-10-08T05:01:34.045799Z[0m [32m INFO[0m [2mcc_db::index_migrate[0m[2m:[0m initializing index schema [3mversion[0m[2m=[0m25
2026-10-08T05:01:34.0586561Z [2m2026-10-08T05:01:34.054751Z[0m [32m INFO[0m [2mcc_db::index_migrate[0m[2m:[0m initializing index schema [3mversion[0m[2m=[0m25
2026-10-08T05:01:34.0788224Z [2m2026-10-08T05:01:34.078354Z[0m [32m INFO[0m [2mcc_index::memory_budget[0m[2m:[0m memory budget initialized [3mtotal_ram_mb[0m[2m=[0m15989 [3mbudget_mb[0m[2m=[0m7994 [3mfraction[0m[2m=[0m0.5
2026-10-08T05:01:34.0808380Z [2m2026-10-08T05:01:34.079922Z[0m [32m INFO[0m [2mcc_index::memory_budget[0m[2m:[0m memory budget initialized [3mtotal_ram_mb[0m[2m=[0m15989 [3mbudget_mb[0m[2m=[0m7994 [3mfraction[0m[2m=[0m0.5
2026-10-08T05:01:34.0828731Z [2m2026-10-08T05:01:34.080640Z[0m [32m INFO[0m [1mserve_inner[0m[2m:[0m [2mrmcp::service[0m[2m:[0m Service initialized as server [3mpeer_info[0m[2m=[0mSome(InitializeRequestParams { meta: None, protocol_version: ProtocolVersion("2025-11-25"), capabilities: ClientCapabilities { experimental: None, extensions: None, roots: None, sampling: None, elicitation: None, tasks: None }, client_info: Implementation { name: "rmcp", title: None, version: "2.2.0", description: None, icons: None, website_url: None } })
2026-10-08T05:01:34.0833132Z [2m2026-10-08T05:01:34.080745Z[0m [32m INFO[0m [2mcc_server::mcp[0m[2m:[0m MCP server started on stdio
2026-10-08T05:01:34.0836264Z [2m2026-10-08T05:01:34.081034Z[0m [32m INFO[0m [1mserve_inner[0m[2m:[0m [2mrmcp::service[0m[2m:[0m received notification [3mnotification[0m[2m=[0mInitializedNotification(NotificationNoParam { method: InitializedNotificationMethod, extensions: Extensions })
2026-10-08T05:01:34.0839138Z [2m2026-10-08T05:01:34.081304Z[0m [32m INFO[0m [1mserve_inner[0m[2m:[0m [2mrmcp::handler::server[0m[2m:[0m client initialized
2026-10-08T05:01:34.0869306Z [2m2026-10-08T05:01:34.085776Z[0m [32m INFO[0m [2mcc_server::watcher[0m[2m:[0m watcher: counted project files for adaptive debounce [3mfile_count[0m[2m=[0m2
2026-10-08T05:01:34.0870985Z [2m2026-10-08T05:01:34.085821Z[0m [32m INFO[0m [2mcc_server::watcher[0m[2m:[0m watcher: adaptive debounce interval computed [3mdebounce_ms[0m[2m=[0m500
2026-10-08T05:01:34.0873484Z [2m2026-10-08T05:01:34.086837Z[0m [32m INFO[0m [2mcc_server::project_session[0m[2m:[0m watcher native subscription ready [3mnative_start_ms[0m[2m=[0m10
2026-10-08T05:01:34.0889573Z [2m2026-10-08T05:01:34.088739Z[0m [32m INFO[0m [2mcc_index::memory_budget[0m[2m:[0m memory budget initialized [3mtotal_ram_mb[0m[2m=[0m15989 [3mbudget_mb[0m[2m=[0m7994 [3mfraction[0m[2m=[0m0.5
2026-10-08T05:01:34.0903343Z [2m2026-10-08T05:01:34.090011Z[0m [32m INFO[0m [1mserve_inner[0m[2m:[0m [2mrmcp::service[0m[2m:[0m Service initialized as server [3mpeer_info[0m[2m=[0mSome(InitializeRequestParams { meta: None, protocol_version: ProtocolVersion("2025-11-25"), capabilities: ClientCapabilities { experimental: None, extensions: None, roots: None, sampling: None, elicitation: None, tasks: None }, client_info: Implementation { name: "rmcp", title: None, version: "2.2.0", description: None, icons: None, website_url: None } })
2026-10-08T05:01:34.0906252Z [2m2026-10-08T05:01:34.090105Z[0m [32m INFO[0m [2mcc_server::mcp[0m[2m:[0m MCP server started on stdio
2026-10-08T05:01:34.0908275Z [2m2026-10-08T05:01:34.090433Z[0m [32m INFO[0m [1mserve_inner[0m[2m:[0m [2mrmcp::service[0m[2m:[0m received notification [3mnotification[0m[2m=[0mInitializedNotification(NotificationNoParam { method: InitializedNotificationMethod, extensions: Extensions })
2026-10-08T05:01:34.0910071Z [2m2026-10-08T05:01:34.090557Z[0m [32m INFO[0m [1mserve_inner[0m[2m:[0m [2mrmcp::handler::server[0m[2m:[0m client initialized
2026-10-08T05:01:34.0974748Z [2m2026-10-08T05:01:34.095053Z[0m [32m INFO[0m [2mcc_server::watcher[0m[2m:[0m watcher: counted project files for adaptive debounce [3mfile_count[0m[2m=[0m3
2026-10-08T05:01:34.1003735Z [2m2026-10-08T05:01:34.095162Z[0m [32m INFO[0m [2mcc_server::watcher[0m[2m:[0m watcher: adaptive debounce interval computed [3mdebounce_ms[0m[2m=[0m500
2026-10-08T05:01:34.1037516Z [2m2026-10-08T05:01:34.095293Z[0m [32m INFO[0m [2mcc_server::watcher[0m[2m:[0m watcher: counted project files for adaptive debounce [3mfile_count[0m[2m=[0m3
2026-10-08T05:01:34.1047001Z [2m2026-10-08T05:01:34.095319Z[0m [32m INFO[0m [2mcc_server::watcher[0m[2m:[0m watcher: adaptive debounce interval computed [3mdebounce_ms[0m[2m=[0m500
2026-10-08T05:01:34.1069415Z [2m2026-10-08T05:01:34.095630Z[0m [32m INFO[0m [1mserve_inner[0m[2m:[0m [2mrmcp::service[0m[2m:[0m Service initialized as server [3mpeer_info[0m[2m=[0mSome(InitializeRequestParams { meta: None, protocol_version: ProtocolVersion("2025-11-25"), capabilities: ClientCapabilities { experimental: None, extensions: None, roots: None, sampling: None, elicitation: None, tasks: None }, client_info: Implementation { name: "rmcp", title: None, version: "2.2.0", description: None, icons: None, website_url: None } })
2026-10-08T05:01:34.1073776Z [2m2026-10-08T05:01:34.095745Z[0m [32m INFO[0m [2mcc_server::mcp[0m[2m:[0m MCP server started on stdio
2026-10-08T05:01:34.1117393Z [2m2026-10-08T05:01:34.096204Z[0m [32m INFO[0m [1mserve_inner[0m[2m:[0m [2mrmcp::service[0m[2m:[0m received notification [3mnotification[0m[2m=[0mInitializedNotification(NotificationNoParam { method: InitializedNotificationMethod, extensions: Extensions })
2026-10-08T05:01:34.1146775Z [2m2026-10-08T05:01:34.096573Z[0m [32m INFO[0m [2mcc_server::watcher[0m[2m:[0m watcher: counted project files for adaptive debounce [3mfile_count[0m[2m=[0m2
2026-10-08T05:01:34.1149242Z [2m2026-10-08T05:01:34.096595Z[0m [32m INFO[0m [2mcc_server::watcher[0m[2m:[0m watcher: adaptive debounce interval computed [3mdebounce_ms[0m[2m=[0m500
2026-10-08T05:01:34.1177564Z [2m2026-10-08T05:01:34.096596Z[0m [33m WARN[0m [1mserve_inner[0m[2m:[0m [2mrmcp::service[0m[2m:[0m response error [3mid[0m[2m=[0m1 [3merror[0m[2m=[0mErrorData { code: ErrorCode(-32602), message: "invalid kind: 'sideways' (valid: callers, callees, both, refs, hierarchy)", data: None }
2026-10-08T05:01:34.1206831Z [2m2026-10-08T05:01:34.096830Z[0m [32m INFO[0m [1mserve_inner[0m[2m:[0m [2mrmcp::handler::server[0m[2m:[0m client initialized
2026-10-08T05:01:34.1236526Z [2m2026-10-08T05:01:34.098071Z[0m [32m INFO[0m [2mcc_server::project_session[0m[2m:[0m watcher native subscription ready [3mnative_start_ms[0m[2m=[0m18
2026-10-08T05:01:34.1266578Z [2m2026-10-08T05:01:34.098320Z[0m [32m INFO[0m [2mcc_server::project_session[0m[2m:[0m watcher native subscription ready [3mnative_start_ms[0m[2m=[0m6
2026-10-08T05:01:34.1270350Z [2m2026-10-08T05:01:34.098622Z[0m [33m WARN[0m [1mserve_inner[0m[2m:[0m [2mrmcp::service[0m[2m:[0m response error [3mid[0m[2m=[0m2 [3merror[0m[2m=[0mErrorData { code: ErrorCode(-32602), message: "invalid aspect: 'bogus' (valid: overview, communities, frameworks, routes, services, async, boundaries, env, unresolved)", data: None }
2026-10-08T05:01:34.1299251Z [2m2026-10-08T05:01:34.099594Z[0m [32m INFO[0m [1mserve_inner[0m[2m:[0m [2mrmcp::service[0m[2m:[0m Service initialized as server [3mpeer_info[0m[2m=[0mSome(InitializeRequestParams { meta: None, protocol_version: ProtocolVersion("2025-11-25"), capabilities: ClientCapabilities { experimental: None, extensions: None, roots: None, sampling: None, elicitation: None, tasks: None }, client_info: Implementation { name: "rmcp", title: None, version: "2.2.0", description: None, icons: None, website_url: None } })
2026-10-08T05:01:34.1326322Z [2m2026-10-08T05:01:34.099671Z[0m [32m INFO[0m [2mcc_server::mcp[0m[2m:[0m MCP server started on stdio
2026-10-08T05:01:34.1356582Z [2m2026-10-08T05:01:34.101236Z[0m [32m INFO[0m [2mcc_server::watcher[0m[2m:[0m watcher: counted project files for adaptive debounce [3mfile_count[0m[2m=[0m3
2026-10-08T05:01:34.1386734Z [2m2026-10-08T05:01:34.101256Z[0m [32m INFO[0m [2mcc_server::watcher[0m[2m:[0m watcher: adaptive debounce interval computed [3mdebounce_ms[0m[2m=[0m500
2026-10-08T05:01:34.1416668Z [2m2026-10-08T05:01:34.101483Z[0m [32m INFO[0m [2mcc_server::watcher[0m[2m:[0m watcher: counted project files for adaptive debounce [3mfile_count[0m[2m=[0m3
2026-10-08T05:01:34.1419191Z [2m2026-10-08T05:01:34.101586Z[0m [32m INFO[0m [2mcc_server::watcher[0m[2m:[0m watcher: adaptive debounce interval computed [3mdebounce_ms[0m[2m=[0m500
2026-10-08T05:01:34.1446647Z [2m2026-10-08T05:01:34.102113Z[0m [32m INFO[0m [2mcc_server::project_session[0m[2m:[0m watcher native subscription ready [3mnative_start_ms[0m[2m=[0m8
2026-10-08T05:01:34.1477434Z [2m2026-10-08T05:01:34.102407Z[0m [32m INFO[0m [1mserve_inner[0m[2m:[0m [2mrmcp::service[0m[2m:[0m received notification [3mnotification[0m[2m=[0mInitializedNotification(NotificationNoParam { method: InitializedNotificationMethod, extensions: Extensions })
2026-10-08T05:01:34.1507051Z [2m2026-10-08T05:01:34.102862Z[0m [32m INFO[0m [2mcc_index::memory_budget[0m[2m:[0m memory budget initialized [3mtotal_ram_mb[0m[2m=[0m15989 [3mbudget_mb[0m[2m=[0m7994 [3mfraction[0m[2m=[0m0.5
2026-10-08T05:01:34.1536395Z [2m2026-10-08T05:01:34.102975Z[0m [32m INFO[0m [1mserve_inner[0m[2m:[0m [2mrmcp::handler::server[0m[2m:[0m client initialized
2026-10-08T05:01:34.1538493Z [2m2026-10-08T05:01:34.103290Z[0m [32m INFO[0m [1mserve_inner[0m[2m:[0m [2mrmcp::service[0m[2m:[0m input stream terminated
2026-10-08T05:01:34.1566722Z [2m2026-10-08T05:01:34.103362Z[0m [32m INFO[0m [1mserve_inner[0m[2m:[0m [2mrmcp::service[0m[2m:[0m serve finished [3mquit_reason[0m[2m=[0mClosed
2026-10-08T05:01:34.1584778Z [2m2026-10-08T05:01:34.109876Z[0m [32m INFO[0m [2mcc_server::watcher[0m[2m:[0m watcher: counted project files for adaptive debounce [3mfile_count[0m[2m=[0m3
2026-10-08T05:01:34.1587431Z [2m2026-10-08T05:01:34.109893Z[0m [32m INFO[0m [2mcc_server::watcher[0m[2m:[0m watcher: adaptive debounce interval computed [3mdebounce_ms[0m[2m=[0m500
2026-10-08T05:01:34.1589958Z [2m2026-10-08T05:01:34.110854Z[0m [32m INFO[0m [2mcc_server::project_session[0m[2m:[0m watcher native subscription ready [3mnative_start_ms[0m[2m=[0m2
2026-10-08T05:01:34.1592618Z [2m2026-10-08T05:01:34.141374Z[0m [32m INFO[0m [2mcc_index::memory_budget[0m[2m:[0m memory budget initialized [3mtotal_ram_mb[0m[2m=[0m15989 [3mbudget_mb[0m[2m=[0m7994 [3mfraction[0m[2m=[0m0.5
2026-10-08T05:01:34.1595292Z [2m2026-10-08T05:01:34.154809Z[0m [32m INFO[0m [2mcc_index::indexer_phases::write[0m[2m:[0m generated hierarchy edges [3mcount[0m[2m=[0m4
2026-10-08T05:01:34.1597826Z [2m2026-10-08T05:01:34.156910Z[0m [32m INFO[0m [2mcc_index::memory_budget[0m[2m:[0m memory budget initialized [3mtotal_ram_mb[0m[2m=[0m15989 [3mbudget_mb[0m[2m=[0m7994 [3mfraction[0m[2m=[0m0.5
2026-10-08T05:01:34.1643894Z [2m2026-10-08T05:01:34.164161Z[0m [32m INFO[0m [2mcc_index::memory_budget[0m[2m:[0m memory budget initialized [3mtotal_ram_mb[0m[2m=[0m15989 [3mbudget_mb[0m[2m=[0m7994 [3mfraction[0m[2m=[0m0.5
2026-10-08T05:01:34.1674131Z [2m2026-10-08T05:01:34.167204Z[0m [32m INFO[0m [2mcc_index::memory_budget[0m[2m:[0m memory budget initialized [3mtotal_ram_mb[0m[2m=[0m15989 [3mbudget_mb[0m[2m=[0m7994 [3mfraction[0m[2m=[0m0.5
2026-10-08T05:01:34.1834032Z [2m2026-10-08T05:01:34.182607Z[0m [32m INFO[0m [2mcc_db::index_db_rebuild[0m[2m:[0m full rebuild: creating temp database [3mtmp[0m[2m=[0m/tmp/.tmpsSAFe5/.codecortex/index.sqlite3.tmp
2026-10-08T05:01:34.1912407Z [2m2026-10-08T05:01:34.190975Z[0m [32m INFO[0m [2mcc_index::indexer[0m[2m:[0m pre-resolve framework enrichment active [3mresolvers[0m[2m=[0m["flask"] [3mhas_go_router[0m[2m=[0mfalse
2026-10-08T05:01:34.1950506Z [2m2026-10-08T05:01:34.194800Z[0m [32m INFO[0m [2mcc_index::indexer[0m[2m:[0m pre-resolve framework enrichment active [3mresolvers[0m[2m=[0m["flask"] [3mhas_go_router[0m[2m=[0mfalse
2026-10-08T05:01:34.2133608Z [2m2026-10-08T05:01:34.213129Z[0m [32m INFO[0m [2mcc_index::indexer[0m[2m:[0m pre-resolve framework enrichment active [3mresolvers[0m[2m=[0m["flask"] [3mhas_go_router[0m[2m=[0mfalse
2026-10-08T05:01:34.2456689Z [2m2026-10-08T05:01:34.245353Z[0m [32m INFO[0m [2mcc_index::memory_budget[0m[2m:[0m memory budget initialized [3mtotal_ram_mb[0m[2m=[0m15989 [3mbudget_mb[0m[2m=[0m7994 [3mfraction[0m[2m=[0m0.5
2026-10-08T05:01:34.2577449Z [2m2026-10-08T05:01:34.255037Z[0m [32m INFO[0m [2mcc_index::memory_budget[0m[2m:[0m memory budget initialized [3mtotal_ram_mb[0m[2m=[0m15989 [3mbudget_mb[0m[2m=[0m7994 [3mfraction[0m[2m=[0m0.5
2026-10-08T05:01:34.2680390Z [2m2026-10-08T05:01:34.267802Z[0m [32m INFO[0m [2mcc_index::indexer_phases::write[0m[2m:[0m generated hierarchy edges [3mcount[0m[2m=[0m10
2026-10-08T05:01:34.2726784Z [2m2026-10-08T05:01:34.270928Z[0m [32m INFO[0m [2mcc_index::memory_budget[0m[2m:[0m memory budget initialized [3mtotal_ram_mb[0m[2m=[0m15989 [3mbudget_mb[0m[2m=[0m7994 [3mfraction[0m[2m=[0m0.5
2026-10-08T05:01:34.2769471Z [2m2026-10-08T05:01:34.276138Z[0m [32m INFO[0m [2mcc_index::memory_budget[0m[2m:[0m memory budget initialized [3mtotal_ram_mb[0m[2m=[0m15989 [3mbudget_mb[0m[2m=[0m7994 [3mfraction[0m[2m=[0m0.5
2026-10-08T05:01:34.2797302Z [2m2026-10-08T05:01:34.277320Z[0m [32m INFO[0m [2mcc_index::indexer_phases::write[0m[2m:[0m generated hierarchy edges [3mcount[0m[2m=[0m10
2026-10-08T05:01:34.2827195Z [2m2026-10-08T05:01:34.280678Z[0m [32m INFO[0m [2mcc_index::memory_budget[0m[2m:[0m memory budget initialized [3mtotal_ram_mb[0m[2m=[0m15989 [3mbudget_mb[0m[2m=[0m7994 [3mfraction[0m[2m=[0m0.5
2026-10-08T05:01:34.2847293Z [2m2026-10-08T05:01:34.280782Z[0m [32m INFO[0m [2mcc_index::memory_budget[0m[2m:[0m memory budget initialized [3mtotal_ram_mb[0m[2m=[0m15989 [3mbudget_mb[0m[2m=[0m7994 [3mfraction[0m[2m=[0m0.5
2026-10-08T05:01:34.2874546Z [2m2026-10-08T05:01:34.287198Z[0m [32m INFO[0m [2mcc_index::memory_budget[0m[2m:[0m memory budget initialized [3mtotal_ram_mb[0m[2m=[0m15989 [3mbudget_mb[0m[2m=[0m7994 [3mfraction[0m[2m=[0m0.5
2026-10-08T05:01:34.2910689Z [2m2026-10-08T05:01:34.290366Z[0m [32m INFO[0m [2mcc_index::memory_budget[0m[2m:[0m memory budget initialized [3mtotal_ram_mb[0m[2m=[0m15989 [3mbudget_mb[0m[2m=[0m7994 [3mfraction[0m[2m=[0m0.5
2026-10-08T05:01:34.2994258Z [2m2026-10-08T05:01:34.299146Z[0m [32m INFO[0m [2mcc_index::indexer_phases::write[0m[2m:[0m generated hierarchy edges [3mcount[0m[2m=[0m10
2026-10-08T05:01:34.3031963Z [2m2026-10-08T05:01:34.302976Z[0m [32m INFO[0m [2mcc_index::memory_budget[0m[2m:[0m memory budget initialized [3mtotal_ram_mb[0m[2m=[0m15989 [3mbudget_mb[0m[2m=[0m7994 [3mfraction[0m[2m=[0m0.5
2026-10-08T05:01:34.3052863Z [2m2026-10-08T05:01:34.303397Z[0m [32m INFO[0m [2mcc_db::index_db_rebuild[0m[2m:[0m full rebuild: writing data to temp database
2026-10-08T05:01:34.3105227Z [2m2026-10-08T05:01:34.309600Z[0m [32m INFO[0m [2mcc_index::memory_budget[0m[2m:[0m memory budget initialized [3mtotal_ram_mb[0m[2m=[0m15989 [3mbudget_mb[0m[2m=[0m7994 [3mfraction[0m[2m=[0m0.5
2026-10-08T05:01:34.3116197Z [2m2026-10-08T05:01:34.310388Z[0m [32m INFO[0m [2mcc_db::index_db_rebuild[0m[2m:[0m full rebuild: recreating indexes
2026-10-08T05:01:34.3120917Z [2m2026-10-08T05:01:34.310657Z[0m [32m INFO[0m [2mcc_index::indexer[0m[2m:[0m pre-resolve framework enrichment active [3mresolvers[0m[2m=[0m["flask"] [3mhas_go_router[0m[2m=[0mfalse
2026-10-08T05:01:34.3146253Z [2m2026-10-08T05:01:34.314275Z[0m [32m INFO[0m [2mcc_index::memory_budget[0m[2m:[0m memory budget initialized [3mtotal_ram_mb[0m[2m=[0m15989 [3mbudget_mb[0m[2m=[0m7994 [3mfraction[0m[2m=[0m0.5
2026-10-08T05:01:34.3244858Z [2m2026-10-08T05:01:34.323766Z[0m [32m INFO[0m [2mcc_db::index_db_rebuild[0m[2m:[0m full rebuild: creating temp database [3mtmp[0m[2m=[0m/tmp/.tmpgzHpmX/.codecortex/index.sqlite3.tmp
2026-10-08T05:01:34.3320652Z [2m2026-10-08T05:01:34.331807Z[0m [32m INFO[0m [2mcc_db::index_db_rebuild[0m[2m:[0m full rebuild: temp database ready for swap
2026-10-08T05:01:34.3324023Z [2m2026-10-08T05:01:34.332181Z[0m [32m INFO[0m [2mcc_index::memory_budget[0m[2m:[0m memory budget initialized [3mtotal_ram_mb[0m[2m=[0m15989 [3mbudget_mb[0m[2m=[0m7994 [3mfraction[0m[2m=[0m0.5
2026-10-08T05:01:34.3359201Z [2m2026-10-08T05:01:34.335646Z[0m [32m INFO[0m [2mcc_index::indexer[0m[2m:[0m pre-resolve framework enrichment active [3mresolvers[0m[2m=[0m["flask"] [3mhas_go_router[0m[2m=[0mfalse
2026-10-08T05:01:34.3468131Z [2m2026-10-08T05:01:34.346547Z[0m [32m INFO[0m [2mcc_db::index_db_rebuild[0m[2m:[0m full rebuild: creating temp database [3mtmp[0m[2m=[0m/tmp/.tmpnoOOBH/.codecortex/index.sqlite3.tmp
2026-10-08T05:01:34.3579489Z [2m2026-10-08T05:01:34.357691Z[0m [32m INFO[0m [2mcc_index::memory_budget[0m[2m:[0m memory budget initialized [3mtotal_ram_mb[0m[2m=[0m15989 [3mbudget_mb[0m[2m=[0m7994 [3mfraction[0m[2m=[0m0.5
2026-10-08T05:01:34.3665798Z [2m2026-10-08T05:01:34.366354Z[0m [32m INFO[0m [2mcc_index::memory_budget[0m[2m:[0m memory budget initialized [3mtotal_ram_mb[0m[2m=[0m15989 [3mbudget_mb[0m[2m=[0m7994 [3mfraction[0m[2m=[0m0.5
2026-10-08T05:01:34.3772452Z [2m2026-10-08T05:01:34.377034Z[0m [32m INFO[0m [1mserve_inner[0m[2m:[0m [2mrmcp::service[0m[2m:[0m input stream terminated
2026-10-08T05:01:34.3774604Z [2m2026-10-08T05:01:34.377183Z[0m [32m INFO[0m [1mserve_inner[0m[2m:[0m [2mrmcp::service[0m[2m:[0m serve finished [3mquit_reason[0m[2m=[0mClosed
2026-10-08T05:01:34.4180229Z [2m2026-10-08T05:01:34.417762Z[0m [32m INFO[0m [2mcc_db::index_db_rebuild[0m[2m:[0m full rebuild: writing data to temp database
2026-10-08T05:01:34.4291214Z [2m2026-10-08T05:01:34.428770Z[0m [32m INFO[0m [2mcc_db::index_db_rebuild[0m[2m:[0m full rebuild: recreating indexes
2026-10-08T05:01:34.4329742Z [2m2026-10-08T05:01:34.432740Z[0m [32m INFO[0m [2mcc_db::index_db_rebuild[0m[2m:[0m full rebuild: writing data to temp database
2026-10-08T05:01:34.4460050Z [2m2026-10-08T05:01:34.445734Z[0m [32m INFO[0m [2mcc_db::index_db_rebuild[0m[2m:[0m full rebuild: temp database ready for swap
2026-10-08T05:01:34.4462192Z [2m2026-10-08T05:01:34.445876Z[0m [32m INFO[0m [2mcc_db::index_db_rebuild[0m[2m:[0m full rebuild: recreating indexes
2026-10-08T05:01:34.4464780Z [2m2026-10-08T05:01:34.446043Z[0m [32m INFO[0m [2mcc_index::memory_budget[0m[2m:[0m memory budget initialized [3mtotal_ram_mb[0m[2m=[0m15989 [3mbudget_mb[0m[2m=[0m7994 [3mfraction[0m[2m=[0m0.5
2026-10-08T05:01:34.4651188Z [2m2026-10-08T05:01:34.464939Z[0m [32m INFO[0m [2mcc_db::index_db_rebuild[0m[2m:[0m full rebuild: temp database ready for swap
2026-10-08T05:01:34.4659071Z [2m2026-10-08T05:01:34.465262Z[0m [32m INFO[0m [2mcc_index::memory_budget[0m[2m:[0m memory budget initialized [3mtotal_ram_mb[0m[2m=[0m15989 [3mbudget_mb[0m[2m=[0m7994 [3mfraction[0m[2m=[0m0.5
2026-10-08T05:01:34.4691094Z [2m2026-10-08T05:01:34.468776Z[0m [32m INFO[0m [2mcc_index::memory_budget[0m[2m:[0m memory budget initialized [3mtotal_ram_mb[0m[2m=[0m15989 [3mbudget_mb[0m[2m=[0m7994 [3mfraction[0m[2m=[0m0.5
2026-10-08T05:01:34.4751807Z [2m2026-10-08T05:01:34.474938Z[0m [32m INFO[0m [2mcc_index::memory_budget[0m[2m:[0m memory budget initialized [3mtotal_ram_mb[0m[2m=[0m15989 [3mbudget_mb[0m[2m=[0m7994 [3mfraction[0m[2m=[0m0.5
2026-10-08T05:01:34.4870852Z [2m2026-10-08T05:01:34.486839Z[0m [32m INFO[0m [2mcc_index::memory_budget[0m[2m:[0m memory budget initialized [3mtotal_ram_mb[0m[2m=[0m15989 [3mbudget_mb[0m[2m=[0m7994 [3mfraction[0m[2m=[0m0.5
2026-10-08T05:01:34.4916060Z [2m2026-10-08T05:01:34.491375Z[0m [32m INFO[0m [1mserve_inner[0m[2m:[0m [2mrmcp::service[0m[2m:[0m input stream terminated
2026-10-08T05:01:34.4918282Z [2m2026-10-08T05:01:34.491516Z[0m [32m INFO[0m [1mserve_inner[0m[2m:[0m [2mrmcp::service[0m[2m:[0m serve finished [3mquit_reason[0m[2m=[0mClosed
2026-10-08T05:01:34.4932364Z [2m2026-10-08T05:01:34.492986Z[0m [32m INFO[0m [2mcc_index::memory_budget[0m[2m:[0m memory budget initialized [3mtotal_ram_mb[0m[2m=[0m15989 [3mbudget_mb[0m[2m=[0m7994 [3mfraction[0m[2m=[0m0.5
2026-10-08T05:01:34.4983938Z [2m2026-10-08T05:01:34.498270Z[0m [32m INFO[0m [2mcc_db::index_migrate[0m[2m:[0m initializing index schema [3mversion[0m[2m=[0m25
2026-10-08T05:01:34.5182834Z [2m2026-10-08T05:01:34.518011Z[0m [32m INFO[0m [2mcc_index::memory_budget[0m[2m:[0m memory budget initialized [3mtotal_ram_mb[0m[2m=[0m15989 [3mbudget_mb[0m[2m=[0m7994 [3mfraction[0m[2m=[0m0.5
2026-10-08T05:01:34.5220791Z [2m2026-10-08T05:01:34.521629Z[0m [32m INFO[0m [2mcc_server::watcher[0m[2m:[0m watcher: counted project files for adaptive debounce [3mfile_count[0m[2m=[0m2
2026-10-08T05:01:34.5222358Z [2m2026-10-08T05:01:34.521654Z[0m [32m INFO[0m [2mcc_server::watcher[0m[2m:[0m watcher: adaptive debounce interval computed [3mdebounce_ms[0m[2m=[0m500
2026-10-08T05:01:34.5223662Z [2m2026-10-08T05:01:34.522035Z[0m [32m INFO[0m [2mcc_server::project_session[0m[2m:[0m watcher native subscription ready [3mnative_start_ms[0m[2m=[0m2
2026-10-08T05:01:34.5268545Z [2m2026-10-08T05:01:34.526657Z[0m [32m INFO[0m [2mcc_db::index_db_rebuild[0m[2m:[0m full rebuild: creating temp database [3mtmp[0m[2m=[0m/tmp/.tmpPej70p/.codecortex/index.sqlite3.tmp
2026-10-08T05:01:34.5935515Z [2m2026-10-08T05:01:34.593221Z[0m [32m INFO[0m [2mcc_db::index_db_rebuild[0m[2m:[0m full rebuild: writing data to temp database
2026-10-08T05:01:34.5969597Z [2m2026-10-08T05:01:34.596772Z[0m [32m INFO[0m [2mcc_db::index_db_rebuild[0m[2m:[0m full rebuild: recreating indexes
2026-10-08T05:01:34.6155149Z [2m2026-10-08T05:01:34.615319Z[0m [32m INFO[0m [2mcc_db::index_db_rebuild[0m[2m:[0m full rebuild: temp database ready for swap
2026-10-08T05:01:34.6157226Z [2m2026-10-08T05:01:34.615558Z[0m [32m INFO[0m [2mcc_index::memory_budget[0m[2m:[0m memory budget initialized [3mtotal_ram_mb[0m[2m=[0m15989 [3mbudget_mb[0m[2m=[0m7994 [3mfraction[0m[2m=[0m0.5
2026-10-08T05:01:34.6328210Z [2m2026-10-08T05:01:34.632600Z[0m [32m INFO[0m [2mcc_index::memory_budget[0m[2m:[0m memory budget initialized [3mtotal_ram_mb[0m[2m=[0m15989 [3mbudget_mb[0m[2m=[0m7994 [3mfraction[0m[2m=[0m0.5
2026-10-08T05:01:34.6374103Z [2m2026-10-08T05:01:34.637222Z[0m [32m INFO[0m [2mcc_index::memory_budget[0m[2m:[0m memory budget initialized [3mtotal_ram_mb[0m[2m=[0m15989 [3mbudget_mb[0m[2m=[0m7994 [3mfraction[0m[2m=[0m0.5
2026-10-08T05:01:34.6446969Z [2m2026-10-08T05:01:34.644473Z[0m [32m INFO[0m [1mserve_inner[0m[2m:[0m [2mrmcp::service[0m[2m:[0m input stream terminated
2026-10-08T05:01:34.6448597Z [2m2026-10-08T05:01:34.644575Z[0m [32m INFO[0m [1mserve_inner[0m[2m:[0m [2mrmcp::service[0m[2m:[0m serve finished [3mquit_reason[0m[2m=[0mClosed
2026-10-08T05:01:35.0983642Z [2m2026-10-08T05:01:35.098086Z[0m [32m INFO[0m [2mcc_server::mcp[0m[2m:[0m MCP server shut down gracefully
2026-10-08T05:01:35.1019894Z [2m2026-10-08T05:01:35.101799Z[0m [32m INFO[0m [2mcc_server::mcp[0m[2m:[0m MCP server shut down gracefully
2026-10-08T05:01:35.1038133Z [2m2026-10-08T05:01:35.103655Z[0m [32m INFO[0m [2mcc_server::mcp[0m[2m:[0m MCP server shut down gracefully
2026-10-08T05:01:35.1051004Z test stdio_mcp_lists_tools_and_calls_core_tools ... ok
2026-10-08T05:01:35.1129974Z test stdio_ingest_traces_and_adr_delete ... ok
2026-10-08T05:01:35.1142652Z test stdio_invalid_enum_value_maps_to_invalid_params ... ok
2026-10-08T05:01:35.1151123Z [2m2026-10-08T05:01:35.114904Z[0m [32m INFO[0m [2mcc_db::index_migrate[0m[2m:[0m initializing index schema [3mversion[0m[2m=[0m25
2026-10-08T05:01:35.1381795Z [2m2026-10-08T05:01:35.136682Z[0m [32m INFO[0m [2mcc_index::memory_budget[0m[2m:[0m memory budget initialized [3mtotal_ram_mb[0m[2m=[0m15989 [3mbudget_mb[0m[2m=[0m7994 [3mfraction[0m[2m=[0m0.5
2026-10-08T05:01:35.1386363Z [2m2026-10-08T05:01:35.137486Z[0m [32m INFO[0m [1mserve_inner[0m[2m:[0m [2mrmcp::service[0m[2m:[0m Service initialized as server [3mpeer_info[0m[2m=[0mSome(InitializeRequestParams { meta: None, protocol_version: ProtocolVersion("2025-11-25"), capabilities: ClientCapabilities { experimental: None, extensions: None, roots: None, sampling: None, elicitation: None, tasks: None }, client_info: Implementation { name: "rmcp", title: None, version: "2.2.0", description: None, icons: None, website_url: None } })
2026-10-08T05:01:35.1388763Z [2m2026-10-08T05:01:35.137756Z[0m [32m INFO[0m [2mcc_server::mcp[0m[2m:[0m MCP server started on stdio
2026-10-08T05:01:35.1407090Z [2m2026-10-08T05:01:35.140142Z[0m [32m INFO[0m [1mserve_inner[0m[2m:[0m [2mrmcp::service[0m[2m:[0m received notification [3mnotification[0m[2m=[0mInitializedNotification(NotificationNoParam { method: InitializedNotificationMethod, extensions: Extensions })
2026-10-08T05:01:35.1410081Z [2m2026-10-08T05:01:35.140262Z[0m [32m INFO[0m [2mcc_server::watcher[0m[2m:[0m watcher: counted project files for adaptive debounce [3mfile_count[0m[2m=[0m3
2026-10-08T05:01:35.1411313Z [2m2026-10-08T05:01:35.140262Z[0m [32m INFO[0m [1mserve_inner[0m[2m:[0m [2mrmcp::handler::server[0m[2m:[0m client initialized
2026-10-08T05:01:35.1412505Z [2m2026-10-08T05:01:35.140285Z[0m [32m INFO[0m [2mcc_server::watcher[0m[2m:[0m watcher: adaptive debounce interval computed [3mdebounce_ms[0m[2m=[0m500
2026-10-08T05:01:35.1438888Z [2m2026-10-08T05:01:35.143675Z[0m [32m INFO[0m [2mcc_server::watcher[0m[2m:[0m watcher: counted project files for adaptive debounce [3mfile_count[0m[2m=[0m3
2026-10-08T05:01:35.1441233Z [2m2026-10-08T05:01:35.143704Z[0m [32m INFO[0m [2mcc_server::watcher[0m[2m:[0m watcher: adaptive debounce interval computed [3mdebounce_ms[0m[2m=[0m500
2026-10-08T05:01:35.1449464Z [2m2026-10-08T05:01:35.144753Z[0m [32m INFO[0m [2mcc_server::project_session[0m[2m:[0m watcher native subscription ready [3mnative_start_ms[0m[2m=[0m3
2026-10-08T05:01:35.1962992Z [2m2026-10-08T05:01:35.196024Z[0m [32m INFO[0m [2mcc_index::indexer[0m[2m:[0m pre-resolve framework enrichment active [3mresolvers[0m[2m=[0m["flask"] [3mhas_go_router[0m[2m=[0mfalse
2026-10-08T05:01:35.2327175Z [2m2026-10-08T05:01:35.232444Z[0m [32m INFO[0m [2mcc_index::memory_budget[0m[2m:[0m memory budget initialized [3mtotal_ram_mb[0m[2m=[0m15989 [3mbudget_mb[0m[2m=[0m7994 [3mfraction[0m[2m=[0m0.5
2026-10-08T05:01:35.2452145Z [2m2026-10-08T05:01:35.244995Z[0m [32m INFO[0m [2mcc_index::indexer_phases::write[0m[2m:[0m generated hierarchy edges [3mcount[0m[2m=[0m10
2026-10-08T05:01:35.2471536Z [2m2026-10-08T05:01:35.246895Z[0m [32m INFO[0m [2mcc_index::memory_budget[0m[2m:[0m memory budget initialized [3mtotal_ram_mb[0m[2m=[0m15989 [3mbudget_mb[0m[2m=[0m7994 [3mfraction[0m[2m=[0m0.5
2026-10-08T05:01:35.2520746Z [2m2026-10-08T05:01:35.251813Z[0m [32m INFO[0m [2mcc_index::memory_budget[0m[2m:[0m memory budget initialized [3mtotal_ram_mb[0m[2m=[0m15989 [3mbudget_mb[0m[2m=[0m7994 [3mfraction[0m[2m=[0m0.5
2026-10-08T05:01:35.2541135Z [2m2026-10-08T05:01:35.253944Z[0m [32m INFO[0m [2mcc_index::memory_budget[0m[2m:[0m memory budget initialized [3mtotal_ram_mb[0m[2m=[0m15989 [3mbudget_mb[0m[2m=[0m7994 [3mfraction[0m[2m=[0m0.5
2026-10-08T05:01:35.2678141Z [2m2026-10-08T05:01:35.267642Z[0m [32m INFO[0m [2mcc_index::indexer[0m[2m:[0m pre-resolve framework enrichment active [3mresolvers[0m[2m=[0m["flask"] [3mhas_go_router[0m[2m=[0mfalse
2026-10-08T05:01:35.2770118Z [2m2026-10-08T05:01:35.276763Z[0m [32m INFO[0m [2mcc_db::index_db_rebuild[0m[2m:[0m full rebuild: creating temp database [3mtmp[0m[2m=[0m/tmp/.tmpxVs2uc/.codecortex/index.sqlite3.tmp
2026-10-08T05:01:35.3382464Z [2m2026-10-08T05:01:35.337966Z[0m [32m INFO[0m [2mcc_db::index_db_rebuild[0m[2m:[0m full rebuild: writing data to temp database
2026-10-08T05:01:35.3487369Z [2m2026-10-08T05:01:35.348490Z[0m [32m INFO[0m [2mcc_db::index_db_rebuild[0m[2m:[0m full rebuild: recreating indexes
2026-10-08T05:01:35.3662930Z [2m2026-10-08T05:01:35.366069Z[0m [32m INFO[0m [2mcc_db::index_db_rebuild[0m[2m:[0m full rebuild: temp database ready for swap
2026-10-08T05:01:35.3666094Z [2m2026-10-08T05:01:35.366373Z[0m [32m INFO[0m [2mcc_index::memory_budget[0m[2m:[0m memory budget initialized [3mtotal_ram_mb[0m[2m=[0m15989 [3mbudget_mb[0m[2m=[0m7994 [3mfraction[0m[2m=[0m0.5
2026-10-08T05:01:35.3862363Z [2m2026-10-08T05:01:35.386019Z[0m [32m INFO[0m [2mcc_index::memory_budget[0m[2m:[0m memory budget initialized [3mtotal_ram_mb[0m[2m=[0m15989 [3mbudget_mb[0m[2m=[0m7994 [3mfraction[0m[2m=[0m0.5
2026-10-08T05:01:35.3909772Z [2m2026-10-08T05:01:35.390744Z[0m [32m INFO[0m [2mcc_index::memory_budget[0m[2m:[0m memory budget initialized [3mtotal_ram_mb[0m[2m=[0m15989 [3mbudget_mb[0m[2m=[0m7994 [3mfraction[0m[2m=[0m0.5
2026-10-08T05:01:35.4059977Z [2m2026-10-08T05:01:35.405750Z[0m [32m INFO[0m [1mserve_inner[0m[2m:[0m [2mrmcp::service[0m[2m:[0m input stream terminated
2026-10-08T05:01:35.4061474Z [2m2026-10-08T05:01:35.405833Z[0m [32m INFO[0m [1mserve_inner[0m[2m:[0m [2mrmcp::service[0m[2m:[0m serve finished [3mquit_reason[0m[2m=[0mClosed
2026-10-08T05:01:35.5227445Z [2m2026-10-08T05:01:35.522444Z[0m [32m INFO[0m [2mcc_server::mcp[0m[2m:[0m MCP server shut down gracefully
2026-10-08T05:01:35.5314068Z test stdio_project_switch_isolates_cache ... ok
2026-10-08T05:01:36.1453879Z [2m2026-10-08T05:01:36.145118Z[0m [32m INFO[0m [2mcc_server::mcp[0m[2m:[0m MCP server shut down gracefully
2026-10-08T05:01:36.1537238Z test stdio_status_capabilities_and_schema ... ok
2026-10-08T05:01:36.1537923Z 
2026-10-08T05:01:36.1538344Z test result: ok. 9 passed; 0 failed; 0 ignored; 0 measured; 0 filtered out; finished in 3.21s
2026-10-08T05:01:36.1538938Z 
2026-10-08T05:01:36.1545948Z [1m[92m     Running[0m tests/p7_acceptance_matrix.rs (target/debug/deps/p7_acceptance_matrix-3d4d7791e5fb2c10)
2026-10-08T05:01:36.1673587Z 
2026-10-08T05:01:36.1673810Z running 2 tests
2026-10-08T05:01:36.5024748Z test explicit_empty_hard_scopes_never_invoke_optional_port ... ok
2026-10-08T05:01:37.4120005Z test same_request_fault_recovery_and_repeated_failure_never_reuses_complete_success ... ok
2026-10-08T05:01:37.4120709Z 
2026-10-08T05:01:37.4121153Z test result: ok. 2 passed; 0 failed; 0 ignored; 0 measured; 0 filtered out; finished in 1.24s
2026-10-08T05:01:37.4121763Z 
2026-10-08T05:01:37.4150565Z [1m[92m     Running[0m tests/p7_dense_artifact_coverage.rs (target/debug/deps/p7_dense_artifact_coverage-1917a156a5ea35b4)
2026-10-08T05:01:37.4197231Z 
2026-10-08T05:01:37.4197591Z running 0 tests
2026-10-08T05:01:37.4197881Z 
2026-10-08T05:01:37.4198163Z test result: ok. 0 passed; 0 failed; 0 ignored; 0 measured; 0 filtered out; finished in 0.00s
2026-10-08T05:01:37.4198523Z 
2026-10-08T05:01:37.4201067Z [1m[92m     Running[0m tests/p7_gc_retention_config.rs (target/debug/deps/p7_gc_retention_config-fbf0426d9ef6a4e3)
2026-10-08T05:01:37.4211529Z 
2026-10-08T05:01:37.4211719Z running 0 tests
2026-10-08T05:01:37.4211960Z 
2026-10-08T05:01:37.4212396Z test result: ok. 0 passed; 0 failed; 0 ignored; 0 measured; 0 filtered out; finished in 0.00s
2026-10-08T05:01:37.4212909Z 
2026-10-08T05:01:37.4215353Z [1m[92m     Running[0m tests/p7_production_fairness_model_review.rs (target/debug/deps/p7_production_fairness_model_review-c954302965ad866b)
2026-10-08T05:01:37.4257958Z 
2026-10-08T05:01:37.4258108Z running 0 tests
2026-10-08T05:01:37.4258494Z 
2026-10-08T05:01:37.4258877Z test result: ok. 0 passed; 0 failed; 0 ignored; 0 measured; 0 filtered out; finished in 0.00s
2026-10-08T05:01:37.4259565Z 
2026-10-08T05:01:37.4261754Z [1m[92m     Running[0m tests/p7_query_deadline_public.rs (target/debug/deps/p7_query_deadline_public-a7f756c4581c46ba)
2026-10-08T05:01:37.4305422Z 
2026-10-08T05:01:37.4305616Z running 0 tests
2026-10-08T05:01:37.4307613Z 
2026-10-08T05:01:37.4308179Z test result: ok. 0 passed; 0 failed; 0 ignored; 0 measured; 0 filtered out; finished in 0.00s
2026-10-08T05:01:37.4308826Z 
2026-10-08T05:01:37.4309423Z [1m[92m     Running[0m tests/p7_query_production.rs (target/debug/deps/p7_query_production-b6c3f2a923d1aa16)
2026-10-08T05:01:37.4353988Z 
2026-10-08T05:01:37.4354203Z running 0 tests
2026-10-08T05:01:37.4354459Z 
2026-10-08T05:01:37.4354741Z test result: ok. 0 passed; 0 failed; 0 ignored; 0 measured; 0 filtered out; finished in 0.00s
2026-10-08T05:01:37.4355534Z 
2026-10-08T05:01:37.4357762Z [1m[92m     Running[0m tests/p7_runtime_independent_review.rs (target/debug/deps/p7_runtime_independent_review-f27fd73a5eb90a2b)
2026-10-08T05:01:37.4368336Z 
2026-10-08T05:01:37.4368542Z running 0 tests
2026-10-08T05:01:37.4368791Z 
2026-10-08T05:01:37.4370837Z test result: ok. 0 passed; 0 failed; 0 ignored; 0 measured; 0 filtered out; finished in 0.00s
2026-10-08T05:01:37.4371413Z 
2026-10-08T05:01:37.4372680Z [1m[92m     Running[0m tests/p7_status_snapshot_independent_review.rs (target/debug/deps/p7_status_snapshot_independent_review-f90659188fb2e463)
2026-10-08T05:01:37.4417199Z 
2026-10-08T05:01:37.4417395Z running 0 tests
2026-10-08T05:01:37.4417723Z 
2026-10-08T05:01:37.4418185Z test result: ok. 0 passed; 0 failed; 0 ignored; 0 measured; 0 filtered out; finished in 0.00s
2026-10-08T05:01:37.4418751Z 
2026-10-08T05:01:37.4420871Z [1m[92m     Running[0m tests/p7_v05_all_lane_scope.rs (target/debug/deps/p7_v05_all_lane_scope-5a41100500df0dd6)
2026-10-08T05:01:37.4462873Z 
2026-10-08T05:01:37.4463041Z running 0 tests
2026-10-08T05:01:37.4463297Z 
2026-10-08T05:01:37.4463642Z test result: ok. 0 passed; 0 failed; 0 ignored; 0 measured; 0 filtered out; finished in 0.00s
2026-10-08T05:01:37.4464048Z 
2026-10-08T05:01:37.4466855Z [1m[92m     Running[0m tests/p7_v05_scope_public.rs (target/debug/deps/p7_v05_scope_public-78b70f92a56e9a02)
2026-10-08T05:01:37.4521046Z 
2026-10-08T05:01:37.4521206Z running 0 tests
2026-10-08T05:01:37.4521462Z 
2026-10-08T05:01:37.4521742Z test result: ok. 0 passed; 0 failed; 0 ignored; 0 measured; 0 filtered out; finished in 0.00s
2026-10-08T05:01:37.4522110Z 
2026-10-08T05:01:37.4524571Z [1m[92m     Running[0m tests/p7_v05_v11_independent_review.rs (target/debug/deps/p7_v05_v11_independent_review-5fb9b4ee290a91bd)
2026-10-08T05:01:37.4544131Z 
2026-10-08T05:01:37.4544285Z running 6 tests
2026-10-08T05:01:37.4676418Z [2m2026-10-08T05:01:37.466979Z[0m [32m INFO[0m [2mcc_db::index_migrate[0m[2m:[0m initializing index schema [3mversion[0m[2m=[0m25
2026-10-08T05:01:37.4678969Z [2m2026-10-08T05:01:37.466981Z[0m [32m INFO[0m [2mcc_db::index_migrate[0m[2m:[0m initializing index schema [3mversion[0m[2m=[0m25
2026-10-08T05:01:37.4950123Z [2m2026-10-08T05:01:37.494114Z[0m [32m INFO[0m [1mserve_inner[0m[2m:[0m [2mrmcp::service[0m[2m:[0m Service initialized as server [3mpeer_info[0m[2m=[0mSome(InitializeRequestParams { meta: None, protocol_version: ProtocolVersion("2025-11-25"), capabilities: ClientCapabilities { experimental: None, extensions: None, roots: None, sampling: None, elicitation: None, tasks: None }, client_info: Implementation { name: "rmcp", title: None, version: "2.2.0", description: None, icons: None, website_url: None } })
2026-10-08T05:01:37.4965344Z [2m2026-10-08T05:01:37.495426Z[0m [32m INFO[0m [2mcc_server::mcp[0m[2m:[0m MCP server started on stdio
2026-10-08T05:01:37.4968508Z [2m2026-10-08T05:01:37.496182Z[0m [32m INFO[0m [1mserve_inner[0m[2m:[0m [2mrmcp::service[0m[2m:[0m received notification [3mnotification[0m[2m=[0mInitializedNotification(NotificationNoParam { method: InitializedNotificationMethod, extensions: Extensions })
2026-10-08T05:01:37.4971636Z [2m2026-10-08T05:01:37.496834Z[0m [32m INFO[0m [1mserve_inner[0m[2m:[0m [2mrmcp::handler::server[0m[2m:[0m client initialized
2026-10-08T05:01:37.4984897Z [2m2026-10-08T05:01:37.497881Z[0m [32m INFO[0m [2mcc_index::memory_budget[0m[2m:[0m memory budget initialized [3mtotal_ram_mb[0m[2m=[0m15989 [3mbudget_mb[0m[2m=[0m7994 [3mfraction[0m[2m=[0m0.5
2026-10-08T05:01:37.5049156Z [2m2026-10-08T05:01:37.503717Z[0m [32m INFO[0m [1mserve_inner[0m[2m:[0m [2mrmcp::service[0m[2m:[0m Service initialized as server [3mpeer_info[0m[2m=[0mSome(InitializeRequestParams { meta: None, protocol_version: ProtocolVersion("2025-11-25"), capabilities: ClientCapabilities { experimental: None, extensions: None, roots: None, sampling: None, elicitation: None, tasks: None }, client_info: Implementation { name: "rmcp", title: None, version: "2.2.0", description: None, icons: None, website_url: None } })
2026-10-08T05:01:37.5077754Z [2m2026-10-08T05:01:37.503823Z[0m [32m INFO[0m [2mcc_server::mcp[0m[2m:[0m MCP server started on stdio
2026-10-08T05:01:37.5081678Z [2m2026-10-08T05:01:37.504131Z[0m [32m INFO[0m [1mserve_inner[0m[2m:[0m [2mrmcp::service[0m[2m:[0m received notification [3mnotification[0m[2m=[0mInitializedNotification(NotificationNoParam { method: InitializedNotificationMethod, extensions: Extensions })
2026-10-08T05:01:37.5084755Z [2m2026-10-08T05:01:37.504244Z[0m [32m INFO[0m [1mserve_inner[0m[2m:[0m [2mrmcp::handler::server[0m[2m:[0m client initialized
2026-10-08T05:01:37.5087662Z [2m2026-10-08T05:01:37.505345Z[0m [32m INFO[0m [2mcc_index::memory_budget[0m[2m:[0m memory budget initialized [3mtotal_ram_mb[0m[2m=[0m15989 [3mbudget_mb[0m[2m=[0m7994 [3mfraction[0m[2m=[0m0.5
2026-10-08T05:01:37.5718225Z [2m2026-10-08T05:01:37.571483Z[0m [32m INFO[0m [2mcc_db::index_db_rebuild[0m[2m:[0m full rebuild: creating temp database [3mtmp[0m[2m=[0m/tmp/.tmptXxJuq/project/.codecortex/index.sqlite3.tmp
2026-10-08T05:01:37.5927574Z [2m2026-10-08T05:01:37.592432Z[0m [32m INFO[0m [2mcc_db::index_db_rebuild[0m[2m:[0m full rebuild: creating temp database [3mtmp[0m[2m=[0m/tmp/.tmppIqVoL/project/.codecortex/index.sqlite3.tmp
2026-10-08T05:01:37.6785359Z [2m2026-10-08T05:01:37.678170Z[0m [32m INFO[0m [2mcc_db::index_db_rebuild[0m[2m:[0m full rebuild: writing data to temp database
2026-10-08T05:01:37.6943016Z [2m2026-10-08T05:01:37.694021Z[0m [32m INFO[0m [2mcc_db::index_db_rebuild[0m[2m:[0m full rebuild: writing data to temp database
2026-10-08T05:01:37.7001592Z [2m2026-10-08T05:01:37.699923Z[0m [32m INFO[0m [2mcc_db::index_db_rebuild[0m[2m:[0m full rebuild: recreating indexes
2026-10-08T05:01:37.7044508Z [2m2026-10-08T05:01:37.703076Z[0m [32m INFO[0m [2mcc_db::index_db_rebuild[0m[2m:[0m full rebuild: recreating indexes
2026-10-08T05:01:37.7225815Z [2m2026-10-08T05:01:37.721664Z[0m [32m INFO[0m [2mcc_db::index_db_rebuild[0m[2m:[0m full rebuild: temp database ready for swap
2026-10-08T05:01:37.7234637Z [2m2026-10-08T05:01:37.722037Z[0m [32m INFO[0m [2mcc_index::memory_budget[0m[2m:[0m memory budget initialized [3mtotal_ram_mb[0m[2m=[0m15989 [3mbudget_mb[0m[2m=[0m7994 [3mfraction[0m[2m=[0m0.5
2026-10-08T05:01:37.7251680Z [2m2026-10-08T05:01:37.723225Z[0m [32m INFO[0m [2mcc_db::index_db_rebuild[0m[2m:[0m full rebuild: temp database ready for swap
2026-10-08T05:01:37.7254085Z [2m2026-10-08T05:01:37.723472Z[0m [32m INFO[0m [2mcc_index::memory_budget[0m[2m:[0m memory budget initialized [3mtotal_ram_mb[0m[2m=[0m15989 [3mbudget_mb[0m[2m=[0m7994 [3mfraction[0m[2m=[0m0.5
2026-10-08T05:01:37.7423844Z [2m2026-10-08T05:01:37.742072Z[0m [32m INFO[0m [2mcc_index::memory_budget[0m[2m:[0m memory budget initialized [3mtotal_ram_mb[0m[2m=[0m15989 [3mbudget_mb[0m[2m=[0m7994 [3mfraction[0m[2m=[0m0.5
2026-10-08T05:01:37.7436092Z [2m2026-10-08T05:01:37.743330Z[0m [32m INFO[0m [2mcc_index::memory_budget[0m[2m:[0m memory budget initialized [3mtotal_ram_mb[0m[2m=[0m15989 [3mbudget_mb[0m[2m=[0m7994 [3mfraction[0m[2m=[0m0.5
2026-10-08T05:01:37.7472434Z [2m2026-10-08T05:01:37.747016Z[0m [32m INFO[0m [2mcc_index::memory_budget[0m[2m:[0m memory budget initialized [3mtotal_ram_mb[0m[2m=[0m15989 [3mbudget_mb[0m[2m=[0m7994 [3mfraction[0m[2m=[0m0.5
2026-10-08T05:01:37.7494138Z [2m2026-10-08T05:01:37.749270Z[0m [32m INFO[0m [2mcc_index::memory_budget[0m[2m:[0m memory budget initialized [3mtotal_ram_mb[0m[2m=[0m15989 [3mbudget_mb[0m[2m=[0m7994 [3mfraction[0m[2m=[0m0.5
2026-10-08T05:01:37.8114492Z [2m2026-10-08T05:01:37.811040Z[0m [32m INFO[0m [1mserve_inner[0m[2m:[0m [2mrmcp::service[0m[2m:[0m input stream terminated
2026-10-08T05:01:37.8117593Z [2m2026-10-08T05:01:37.811127Z[0m [32m INFO[0m [1mserve_inner[0m[2m:[0m [2mrmcp::service[0m[2m:[0m serve finished [3mquit_reason[0m[2m=[0mClosed
2026-10-08T05:01:37.8119555Z [2m2026-10-08T05:01:37.811644Z[0m [32m INFO[0m [2mcc_server::mcp[0m[2m:[0m MCP server shut down gracefully
2026-10-08T05:01:37.8191635Z test public_bm25_contribution_matches_independent_sql_order_and_is_nonzero ... ok
2026-10-08T05:01:38.1816372Z test real_mixed_source_reads_exhaust_at_three_without_an_envelope ... ok
2026-10-08T05:01:38.3406386Z test nested_real_generation_fences_have_a_finite_nine_work_attempt_bound ... ok
2026-10-08T05:01:38.4026666Z [2m2026-10-08T05:01:38.402352Z[0m [32m INFO[0m [1mserve_inner[0m[2m:[0m [2mrmcp::service[0m[2m:[0m input stream terminated
2026-10-08T05:01:38.4028293Z [2m2026-10-08T05:01:38.402534Z[0m [32m INFO[0m [1mserve_inner[0m[2m:[0m [2mrmcp::service[0m[2m:[0m serve finished [3mquit_reason[0m[2m=[0mClosed
2026-10-08T05:01:38.4033505Z [2m2026-10-08T05:01:38.403066Z[0m [32m INFO[0m [2mcc_server::mcp[0m[2m:[0m MCP server shut down gracefully
2026-10-08T05:01:38.4142597Z test public_local_dsl_returns_complete_literal_domain_and_warm_cache_stays_scoped ... ok
2026-10-08T05:01:38.4201135Z test real_source_stages_straddling_writer_commit_are_discarded_then_recovered ... ok
2026-10-08T05:01:38.7091399Z test changed_generation_control_errors_short_circuit_and_stable_errors_survive ... ok
2026-10-08T05:01:38.7092133Z 
2026-10-08T05:01:38.7092598Z test result: ok. 6 passed; 0 failed; 0 ignored; 0 measured; 0 filtered out; finished in 1.25s
2026-10-08T05:01:38.7093273Z 
2026-10-08T05:01:38.7122941Z [1m[92m     Running[0m tests/p7_v11_cache_consumption.rs (target/debug/deps/p7_v11_cache_consumption-26e3bc8268a40f63)
2026-10-08T05:01:38.7165608Z 
2026-10-08T05:01:38.7166188Z running 0 tests
2026-10-08T05:01:38.7166607Z 
2026-10-08T05:01:38.7167023Z test result: ok. 0 passed; 0 failed; 0 ignored; 0 measured; 0 filtered out; finished in 0.00s
2026-10-08T05:01:38.7167457Z 
2026-10-08T05:01:38.7169635Z [1m[92m     Running[0m tests/p7_v11_cache_key_matrix.rs (target/debug/deps/p7_v11_cache_key_matrix-a5d6fe50399cb20a)
2026-10-08T05:01:38.7181069Z 
2026-10-08T05:01:38.7181216Z running 0 tests
2026-10-08T05:01:38.7181442Z 
2026-10-08T05:01:38.7183013Z test result: ok. 0 passed; 0 failed; 0 ignored; 0 measured; 0 filtered out; finished in 0.00s
2026-10-08T05:01:38.7183649Z 
2026-10-08T05:01:38.7184238Z [1m[92m     Running[0m tests/p7_v11_generation_public.rs (target/debug/deps/p7_v11_generation_public-8e58b79a018da23a)
2026-10-08T05:01:38.7229703Z 
2026-10-08T05:01:38.7229890Z running 0 tests
2026-10-08T05:01:38.7230159Z 
2026-10-08T05:01:38.7230598Z test result: ok. 0 passed; 0 failed; 0 ignored; 0 measured; 0 filtered out; finished in 0.00s
2026-10-08T05:01:38.7231200Z 
2026-10-08T05:01:38.7232999Z [1m[92m     Running[0m tests/p7_v11_ready_epoch_independent_review.rs (target/debug/deps/p7_v11_ready_epoch_independent_review-365b83c9ea9386e7)
2026-10-08T05:01:38.7278364Z 
2026-10-08T05:01:38.7278552Z running 0 tests
2026-10-08T05:01:38.7278814Z 
2026-10-08T05:01:38.7279346Z test result: ok. 0 passed; 0 failed; 0 ignored; 0 measured; 0 filtered out; finished in 0.00s
2026-10-08T05:01:38.7279908Z 
2026-10-08T05:01:38.7281325Z [1m[92m     Running[0m tests/p7_v16_exact_oracle.rs (target/debug/deps/p7_v16_exact_oracle-9c31431acd0dff82)
2026-10-08T05:01:38.7324891Z 
2026-10-08T05:01:38.7325411Z running 0 tests
2026-10-08T05:01:38.7325678Z 
2026-10-08T05:01:38.7326064Z test result: ok. 0 passed; 0 failed; 0 ignored; 0 measured; 0 filtered out; finished in 0.00s
2026-10-08T05:01:38.7326470Z 
2026-10-08T05:01:38.7328919Z [1m[92m     Running[0m tests/p7_v16_oracle_independent_review.rs (target/debug/deps/p7_v16_oracle_independent_review-bd13972b771b7b66)
2026-10-08T05:01:38.7370952Z 
2026-10-08T05:01:38.7371152Z running 0 tests
2026-10-08T05:01:38.7371416Z 
2026-10-08T05:01:38.7371721Z test result: ok. 0 passed; 0 failed; 0 ignored; 0 measured; 0 filtered out; finished in 0.00s
2026-10-08T05:01:38.7372098Z 
2026-10-08T05:01:38.7374476Z [1m[92m     Running[0m tests/p7_v18_fault_contract.rs (target/debug/deps/p7_v18_fault_contract-917ae87d57164b96)
2026-10-08T05:01:38.7384093Z 
2026-10-08T05:01:38.7384317Z running 0 tests
2026-10-08T05:01:38.7384585Z 
2026-10-08T05:01:38.7384917Z test result: ok. 0 passed; 0 failed; 0 ignored; 0 measured; 0 filtered out; finished in 0.00s
2026-10-08T05:01:38.7385600Z 
2026-10-08T05:01:38.7387750Z [1m[92m     Running[0m tests/p7_v18_parameter_contract.rs (target/debug/deps/p7_v18_parameter_contract-32c4d5f67f6f4bf2)
2026-10-08T05:01:38.7506442Z 
2026-10-08T05:01:38.7506608Z running 8 tests
2026-10-08T05:01:38.7587150Z test query_network_contract::config_bool_is_default_false_and_rejects_non_boolean_values ... ok
2026-10-08T05:01:38.7729840Z [2m2026-10-08T05:01:38.772740Z[0m [32m INFO[0m [2mcc_db::index_migrate[0m[2m:[0m initializing index schema [3mversion[0m[2m=[0m25
2026-10-08T05:01:38.7733261Z [2m2026-10-08T05:01:38.772755Z[0m [32m INFO[0m [2mcc_db::index_migrate[0m[2m:[0m initializing index schema [3mversion[0m[2m=[0m25
2026-10-08T05:01:38.7740429Z [2m2026-10-08T05:01:38.773383Z[0m [32m INFO[0m [2mcc_db::index_migrate[0m[2m:[0m initializing index schema [3mversion[0m[2m=[0m25
2026-10-08T05:01:38.7861388Z [2m2026-10-08T05:01:38.785333Z[0m [32m INFO[0m [2mcc_db::index_migrate[0m[2m:[0m initializing index schema [3mversion[0m[2m=[0m25
2026-10-08T05:01:38.8076600Z [2m2026-10-08T05:01:38.806582Z[0m [32m INFO[0m [1mserve_inner[0m[2m:[0m [2mrmcp::service[0m[2m:[0m Service initialized as server [3mpeer_info[0m[2m=[0mSome(InitializeRequestParams { meta: None, protocol_version: ProtocolVersion("2025-11-25"), capabilities: ClientCapabilities { experimental: None, extensions: None, roots: None, sampling: None, elicitation: None, tasks: None }, client_info: Implementation { name: "rmcp", title: None, version: "2.2.0", description: None, icons: None, website_url: None } })
2026-10-08T05:01:38.8080915Z [2m2026-10-08T05:01:38.806698Z[0m [32m INFO[0m [2mcc_server::mcp[0m[2m:[0m MCP server started on stdio
2026-10-08T05:01:38.8108488Z [2m2026-10-08T05:01:38.810551Z[0m [32m INFO[0m [1mserve_inner[0m[2m:[0m [2mrmcp::service[0m[2m:[0m received notification [3mnotification[0m[2m=[0mInitializedNotification(NotificationNoParam { method: InitializedNotificationMethod, extensions: Extensions })
2026-10-08T05:01:38.8136394Z [2m2026-10-08T05:01:38.810685Z[0m [32m INFO[0m [1mserve_inner[0m[2m:[0m [2mrmcp::handler::server[0m[2m:[0m client initialized
2026-10-08T05:01:38.8161933Z [2m2026-10-08T05:01:38.812365Z[0m [32m INFO[0m [2mcc_index::memory_budget[0m[2m:[0m memory budget initialized [3mtotal_ram_mb[0m[2m=[0m15989 [3mbudget_mb[0m[2m=[0m7994 [3mfraction[0m[2m=[0m0.5
2026-10-08T05:01:38.8167856Z [2m2026-10-08T05:01:38.815161Z[0m [32m INFO[0m [1mserve_inner[0m[2m:[0m [2mrmcp::service[0m[2m:[0m Service initialized as server [3mpeer_info[0m[2m=[0mSome(InitializeRequestParams { meta: None, protocol_version: ProtocolVersion("2025-11-25"), capabilities: ClientCapabilities { experimental: None, extensions: None, roots: None, sampling: None, elicitation: None, tasks: None }, client_info: Implementation { name: "rmcp", title: None, version: "2.2.0", description: None, icons: None, website_url: None } })
2026-10-08T05:01:38.8172510Z [2m2026-10-08T05:01:38.815255Z[0m [32m INFO[0m [2mcc_server::mcp[0m[2m:[0m MCP server started on stdio
2026-10-08T05:01:38.8175754Z [2m2026-10-08T05:01:38.816171Z[0m [32m INFO[0m [1mserve_inner[0m[2m:[0m [2mrmcp::service[0m[2m:[0m received notification [3mnotification[0m[2m=[0mInitializedNotification(NotificationNoParam { method: InitializedNotificationMethod, extensions: Extensions })
2026-10-08T05:01:38.8178861Z [2m2026-10-08T05:01:38.817575Z[0m [32m INFO[0m [1mserve_inner[0m[2m:[0m [2mrmcp::handler::server[0m[2m:[0m client initialized
2026-10-08T05:01:38.8251255Z [2m2026-10-08T05:01:38.823459Z[0m [32m INFO[0m [1mserve_inner[0m[2m:[0m [2mrmcp::service[0m[2m:[0m Service initialized as server [3mpeer_info[0m[2m=[0mSome(InitializeRequestParams { meta: None, protocol_version: ProtocolVersion("2025-11-25"), capabilities: ClientCapabilities { experimental: None, extensions: None, roots: None, sampling: None, elicitation: None, tasks: None }, client_info: Implementation { name: "rmcp", title: None, version: "2.2.0", description: None, icons: None, website_url: None } })
2026-10-08T05:01:38.8255830Z [2m2026-10-08T05:01:38.823601Z[0m [32m INFO[0m [2mcc_server::mcp[0m[2m:[0m MCP server started on stdio
2026-10-08T05:01:38.8259047Z [2m2026-10-08T05:01:38.823916Z[0m [32m INFO[0m [1mserve_inner[0m[2m:[0m [2mrmcp::service[0m[2m:[0m received notification [3mnotification[0m[2m=[0mInitializedNotification(NotificationNoParam { method: InitializedNotificationMethod, extensions: Extensions })
2026-10-08T05:01:38.8262188Z [2m2026-10-08T05:01:38.824426Z[0m [32m INFO[0m [1mserve_inner[0m[2m:[0m [2mrmcp::handler::server[0m[2m:[0m client initialized
2026-10-08T05:01:38.8265366Z [2m2026-10-08T05:01:38.825350Z[0m [32m INFO[0m [2mcc_index::memory_budget[0m[2m:[0m memory budget initialized [3mtotal_ram_mb[0m[2m=[0m15989 [3mbudget_mb[0m[2m=[0m7994 [3mfraction[0m[2m=[0m0.5
2026-10-08T05:01:38.8286134Z [2m2026-10-08T05:01:38.828345Z[0m [32m INFO[0m [2mcc_index::memory_budget[0m[2m:[0m memory budget initialized [3mtotal_ram_mb[0m[2m=[0m15989 [3mbudget_mb[0m[2m=[0m7994 [3mfraction[0m[2m=[0m0.5
2026-10-08T05:01:38.8450803Z [2m2026-10-08T05:01:38.842369Z[0m [32m INFO[0m [1mserve_inner[0m[2m:[0m [2mrmcp::service[0m[2m:[0m Service initialized as server [3mpeer_info[0m[2m=[0mSome(InitializeRequestParams { meta: None, protocol_version: ProtocolVersion("2025-11-25"), capabilities: ClientCapabilities { experimental: None, extensions: None, roots: None, sampling: None, elicitation: None, tasks: None }, client_info: Implementation { name: "rmcp", title: None, version: "2.2.0", description: None, icons: None, website_url: None } })
2026-10-08T05:01:38.8468355Z [2m2026-10-08T05:01:38.842465Z[0m [32m INFO[0m [2mcc_server::mcp[0m[2m:[0m MCP server started on stdio
2026-10-08T05:01:38.8480296Z [2m2026-10-08T05:01:38.846415Z[0m [32m INFO[0m [1mserve_inner[0m[2m:[0m [2mrmcp::service[0m[2m:[0m received notification [3mnotification[0m[2m=[0mInitializedNotification(NotificationNoParam { method: InitializedNotificationMethod, extensions: Extensions })
2026-10-08T05:01:38.8492049Z [2m2026-10-08T05:01:38.847514Z[0m [32m INFO[0m [1mserve_inner[0m[2m:[0m [2mrmcp::handler::server[0m[2m:[0m client initialized
2026-10-08T05:01:38.8572112Z [2m2026-10-08T05:01:38.856449Z[0m [33m WARN[0m [1mserve_inner[0m[2m:[0m [2mrmcp::service[0m[2m:[0m response error [3mid[0m[2m=[0m2 [3merror[0m[2m=[0mErrorData { code: ErrorCode(-32602), message: "retrieval_strategy must be local, auto, or semantic", data: None }
2026-10-08T05:01:38.8637104Z [2m2026-10-08T05:01:38.857292Z[0m [33m WARN[0m [1mserve_inner[0m[2m:[0m [2mrmcp::service[0m[2m:[0m response error [3mid[0m[2m=[0m3 [3merror[0m[2m=[0mErrorData { code: ErrorCode(-32602), message: "retrieval_strategy must be local, auto, or semantic", data: None }
2026-10-08T05:01:38.8659138Z [2m2026-10-08T05:01:38.860675Z[0m [33m WARN[0m [1mserve_inner[0m[2m:[0m [2mrmcp::service[0m[2m:[0m response error [3mid[0m[2m=[0m4 [3merror[0m[2m=[0mErrorData { code: ErrorCode(-32602), message: "retrieval_strategy must be local, auto, or semantic", data: None }
2026-10-08T05:01:38.8725336Z [2m2026-10-08T05:01:38.871327Z[0m [33m WARN[0m [1mserve_inner[0m[2m:[0m [2mrmcp::service[0m[2m:[0m response error [3mid[0m[2m=[0m10 [3merror[0m[2m=[0mErrorData { code: ErrorCode(-32602), message: "retrieval_strategy must be local, auto, or semantic", data: None }
2026-10-08T05:01:38.8757143Z [2m2026-10-08T05:01:38.873222Z[0m [33m WARN[0m [1mserve_inner[0m[2m:[0m [2mrmcp::service[0m[2m:[0m response error [3mid[0m[2m=[0m11 [3merror[0m[2m=[0mErrorData { code: ErrorCode(-32602), message: "retrieval_strategy must be local, auto, or semantic", data: None }
2026-10-08T05:01:38.8808310Z [2m2026-10-08T05:01:38.875196Z[0m [33m WARN[0m [1mserve_inner[0m[2m:[0m [2mrmcp::service[0m[2m:[0m response error [3mid[0m[2m=[0m12 [3merror[0m[2m=[0mErrorData { code: ErrorCode(-32602), message: "retrieval_strategy must be local, auto, or semantic", data: None }
2026-10-08T05:01:38.8852213Z [2m2026-10-08T05:01:38.879994Z[0m [32m INFO[0m [2mcc_db::index_db_rebuild[0m[2m:[0m full rebuild: creating temp database [3mtmp[0m[2m=[0m/tmp/.tmpuGiKlr/project/.codecortex/index.sqlite3.tmp
2026-10-08T05:01:38.8877493Z [2m2026-10-08T05:01:38.883728Z[0m [33m WARN[0m [1mserve_inner[0m[2m:[0m [2mrmcp::service[0m[2m:[0m response error [3mid[0m[2m=[0m18 [3merror[0m[2m=[0mErrorData { code: ErrorCode(-32602), message: "invalid mode: 'semantic' (valid: hybrid, symbol)", data: None }
2026-10-08T05:01:38.8886018Z [2m2026-10-08T05:01:38.885535Z[0m [33m WARN[0m [1mserve_inner[0m[2m:[0m [2mrmcp::service[0m[2m:[0m response error [3mid[0m[2m=[0m20 [3merror[0m[2m=[0mErrorData { code: ErrorCode(-32602), message: "symbol mode supports only local retrieval_strategy", data: None }
2026-10-08T05:01:38.8892134Z [2m2026-10-08T05:01:38.886408Z[0m [33m WARN[0m [1mserve_inner[0m[2m:[0m [2mrmcp::service[0m[2m:[0m response error [3mid[0m[2m=[0m21 [3merror[0m[2m=[0mErrorData { code: ErrorCode(-32602), message: "symbol mode supports only local retrieval_strategy", data: None }
2026-10-08T05:01:38.8896386Z [2m2026-10-08T05:01:38.887258Z[0m [33m WARN[0m [1mserve_inner[0m[2m:[0m [2mrmcp::service[0m[2m:[0m response error [3mid[0m[2m=[0m22 [3merror[0m[2m=[0mErrorData { code: ErrorCode(-32602), message: "invalid aspect: 'semantic' (valid: index, capabilities, schema, all)", data: None }
2026-10-08T05:01:38.8915618Z [2m2026-10-08T05:01:38.891287Z[0m [32m INFO[0m [2mcc_db::index_db_rebuild[0m[2m:[0m full rebuild: creating temp database [3mtmp[0m[2m=[0m/tmp/.tmpTmfhQd/project/.codecortex/index.sqlite3.tmp
2026-10-08T05:01:38.8918183Z [2m2026-10-08T05:01:38.891712Z[0m [32m INFO[0m [1mserve_inner[0m[2m:[0m [2mrmcp::service[0m[2m:[0m input stream terminated
2026-10-08T05:01:38.8923385Z [2m2026-10-08T05:01:38.892091Z[0m [32m INFO[0m [1mserve_inner[0m[2m:[0m [2mrmcp::service[0m[2m:[0m serve finished [3mquit_reason[0m[2m=[0mClosed
2026-10-08T05:01:38.8937754Z [2m2026-10-08T05:01:38.892373Z[0m [32m INFO[0m [2mcc_server::mcp[0m[2m:[0m MCP server shut down gracefully
2026-10-08T05:01:38.9062666Z test malformed_strategy_and_symbol_incompatibility_are_public_parameter_errors ... ok
2026-10-08T05:01:38.9155321Z [2m2026-10-08T05:01:38.915250Z[0m [32m INFO[0m [2mcc_db::index_db_rebuild[0m[2m:[0m full rebuild: creating temp database [3mtmp[0m[2m=[0m/tmp/.tmpHDTieF/project/.codecortex/index.sqlite3.tmp
2026-10-08T05:01:38.9171967Z [2m2026-10-08T05:01:38.916813Z[0m [32m INFO[0m [2mcc_db::index_migrate[0m[2m:[0m initializing index schema [3mversion[0m[2m=[0m25
2026-10-08T05:01:38.9472770Z [2m2026-10-08T05:01:38.946563Z[0m [32m INFO[0m [1mserve_inner[0m[2m:[0m [2mrmcp::service[0m[2m:[0m Service initialized as server [3mpeer_info[0m[2m=[0mSome(InitializeRequestParams { meta: None, protocol_version: ProtocolVersion("2025-11-25"), capabilities: ClientCapabilities { experimental: None, extensions: None, roots: None, sampling: None, elicitation: None, tasks: None }, client_info: Implementation { name: "rmcp", title: None, version: "2.2.0", description: None, icons: None, website_url: None } })
2026-10-08T05:01:38.9480222Z [2m2026-10-08T05:01:38.946669Z[0m [32m INFO[0m [2mcc_server::mcp[0m[2m:[0m MCP server started on stdio
2026-10-08T05:01:38.9483162Z [2m2026-10-08T05:01:38.947691Z[0m [32m INFO[0m [1mserve_inner[0m[2m:[0m [2mrmcp::service[0m[2m:[0m received notification [3mnotification[0m[2m=[0mInitializedNotification(NotificationNoParam { method: InitializedNotificationMethod, extensions: Extensions })
2026-10-08T05:01:38.9486494Z [2m2026-10-08T05:01:38.948108Z[0m [32m INFO[0m [1mserve_inner[0m[2m:[0m [2mrmcp::handler::server[0m[2m:[0m client initialized
2026-10-08T05:01:38.9493613Z [2m2026-10-08T05:01:38.948740Z[0m [32m INFO[0m [2mcc_index::memory_budget[0m[2m:[0m memory budget initialized [3mtotal_ram_mb[0m[2m=[0m15989 [3mbudget_mb[0m[2m=[0m7994 [3mfraction[0m[2m=[0m0.5
2026-10-08T05:01:38.9791700Z [2m2026-10-08T05:01:38.978249Z[0m [32m INFO[0m [2mcc_db::index_db_rebuild[0m[2m:[0m full rebuild: writing data to temp database
2026-10-08T05:01:38.9836600Z [2m2026-10-08T05:01:38.983466Z[0m [32m INFO[0m [2mcc_db::index_db_rebuild[0m[2m:[0m full rebuild: recreating indexes
2026-10-08T05:01:38.9876150Z [2m2026-10-08T05:01:38.987019Z[0m [32m INFO[0m [2mcc_db::index_db_rebuild[0m[2m:[0m full rebuild: writing data to temp database
2026-10-08T05:01:38.9924694Z [2m2026-10-08T05:01:38.992298Z[0m [32m INFO[0m [2mcc_db::index_db_rebuild[0m[2m:[0m full rebuild: recreating indexes
2026-10-08T05:01:39.0006569Z [2m2026-10-08T05:01:39.000360Z[0m [32m INFO[0m [2mcc_db::index_db_rebuild[0m[2m:[0m full rebuild: creating temp database [3mtmp[0m[2m=[0m/tmp/.tmp26aHAi/project/.codecortex/index.sqlite3.tmp
2026-10-08T05:01:39.0048594Z [2m2026-10-08T05:01:39.004689Z[0m [32m INFO[0m [2mcc_db::index_db_rebuild[0m[2m:[0m full rebuild: temp database ready for swap
2026-10-08T05:01:39.0053243Z [2m2026-10-08T05:01:39.005101Z[0m [32m INFO[0m [2mcc_index::memory_budget[0m[2m:[0m memory budget initialized [3mtotal_ram_mb[0m[2m=[0m15989 [3mbudget_mb[0m[2m=[0m7994 [3mfraction[0m[2m=[0m0.5
2026-10-08T05:01:39.0108557Z [2m2026-10-08T05:01:39.010682Z[0m [32m INFO[0m [2mcc_db::index_db_rebuild[0m[2m:[0m full rebuild: writing data to temp database
2026-10-08T05:01:39.0135303Z [2m2026-10-08T05:01:39.013348Z[0m [32m INFO[0m [2mcc_db::index_db_rebuild[0m[2m:[0m full rebuild: temp database ready for swap
2026-10-08T05:01:39.0137946Z [2m2026-10-08T05:01:39.013580Z[0m [32m INFO[0m [2mcc_index::memory_budget[0m[2m:[0m memory budget initialized [3mtotal_ram_mb[0m[2m=[0m15989 [3mbudget_mb[0m[2m=[0m7994 [3mfraction[0m[2m=[0m0.5
2026-10-08T05:01:39.0162701Z [2m2026-10-08T05:01:39.015346Z[0m [32m INFO[0m [2mcc_db::index_db_rebuild[0m[2m:[0m full rebuild: recreating indexes
2026-10-08T05:01:39.0344005Z [2m2026-10-08T05:01:39.034102Z[0m [32m INFO[0m [2mcc_index::memory_budget[0m[2m:[0m memory budget initialized [3mtotal_ram_mb[0m[2m=[0m15989 [3mbudget_mb[0m[2m=[0m7994 [3mfraction[0m[2m=[0m0.5
2026-10-08T05:01:39.0385217Z [2m2026-10-08T05:01:39.038280Z[0m [32m INFO[0m [2mcc_index::memory_budget[0m[2m:[0m memory budget initialized [3mtotal_ram_mb[0m[2m=[0m15989 [3mbudget_mb[0m[2m=[0m7994 [3mfraction[0m[2m=[0m0.5
2026-10-08T05:01:39.0416947Z [2m2026-10-08T05:01:39.040630Z[0m [32m INFO[0m [2mcc_index::memory_budget[0m[2m:[0m memory budget initialized [3mtotal_ram_mb[0m[2m=[0m15989 [3mbudget_mb[0m[2m=[0m7994 [3mfraction[0m[2m=[0m0.5
2026-10-08T05:01:39.0419995Z [2m2026-10-08T05:01:39.041476Z[0m [32m INFO[0m [2mcc_db::index_db_rebuild[0m[2m:[0m full rebuild: temp database ready for swap
2026-10-08T05:01:39.0422433Z [2m2026-10-08T05:01:39.041725Z[0m [32m INFO[0m [2mcc_index::memory_budget[0m[2m:[0m memory budget initialized [3mtotal_ram_mb[0m[2m=[0m15989 [3mbudget_mb[0m[2m=[0m7994 [3mfraction[0m[2m=[0m0.5
2026-10-08T05:01:39.0461404Z [2m2026-10-08T05:01:39.045873Z[0m [32m INFO[0m [2mcc_index::memory_budget[0m[2m:[0m memory budget initialized [3mtotal_ram_mb[0m[2m=[0m15989 [3mbudget_mb[0m[2m=[0m7994 [3mfraction[0m[2m=[0m0.5
2026-10-08T05:01:39.0638540Z [2m2026-10-08T05:01:39.061802Z[0m [32m INFO[0m [2mcc_index::memory_budget[0m[2m:[0m memory budget initialized [3mtotal_ram_mb[0m[2m=[0m15989 [3mbudget_mb[0m[2m=[0m7994 [3mfraction[0m[2m=[0m0.5
2026-10-08T05:01:39.0711814Z [2m2026-10-08T05:01:39.070863Z[0m [32m INFO[0m [2mcc_index::memory_budget[0m[2m:[0m memory budget initialized [3mtotal_ram_mb[0m[2m=[0m15989 [3mbudget_mb[0m[2m=[0m7994 [3mfraction[0m[2m=[0m0.5
2026-10-08T05:01:39.1093261Z [2m2026-10-08T05:01:39.107992Z[0m [32m INFO[0m [1mserve_inner[0m[2m:[0m [2mrmcp::service[0m[2m:[0m input stream terminated
2026-10-08T05:01:39.1099549Z [2m2026-10-08T05:01:39.108087Z[0m [32m INFO[0m [1mserve_inner[0m[2m:[0m [2mrmcp::service[0m[2m:[0m serve finished [3mquit_reason[0m[2m=[0mClosed
2026-10-08T05:01:39.1103216Z [2m2026-10-08T05:01:39.108394Z[0m [32m INFO[0m [2mcc_server::mcp[0m[2m:[0m MCP server shut down gracefully
2026-10-08T05:01:39.1227574Z [2m2026-10-08T05:01:39.121878Z[0m [32m INFO[0m [2mcc_db::index_db_rebuild[0m[2m:[0m full rebuild: writing data to temp database
2026-10-08T05:01:39.1238950Z test advertised_schema_keeps_fourteen_tools_and_optional_strategy_defaults ... ok
2026-10-08T05:01:39.1272299Z [2m2026-10-08T05:01:39.127025Z[0m [32m INFO[0m [2mcc_db::index_db_rebuild[0m[2m:[0m full rebuild: recreating indexes
2026-10-08T05:01:39.1354631Z [2m2026-10-08T05:01:39.135207Z[0m [32m INFO[0m [2mcc_db::index_migrate[0m[2m:[0m initializing index schema [3mversion[0m[2m=[0m25
2026-10-08T05:01:39.1487503Z [2m2026-10-08T05:01:39.148291Z[0m [32m INFO[0m [2mcc_db::index_db_rebuild[0m[2m:[0m full rebuild: temp database ready for swap
2026-10-08T05:01:39.1507083Z [2m2026-10-08T05:01:39.148553Z[0m [32m INFO[0m [2mcc_index::memory_budget[0m[2m:[0m memory budget initialized [3mtotal_ram_mb[0m[2m=[0m15989 [3mbudget_mb[0m[2m=[0m7994 [3mfraction[0m[2m=[0m0.5
2026-10-08T05:01:39.1519456Z [2m2026-10-08T05:01:39.151333Z[0m [32m INFO[0m [1mserve_inner[0m[2m:[0m [2mrmcp::service[0m[2m:[0m input stream terminated
2026-10-08T05:01:39.1521434Z [2m2026-10-08T05:01:39.151433Z[0m [32m INFO[0m [1mserve_inner[0m[2m:[0m [2mrmcp::service[0m[2m:[0m serve finished [3mquit_reason[0m[2m=[0mClosed
2026-10-08T05:01:39.1529982Z [2m2026-10-08T05:01:39.151921Z[0m [32m INFO[0m [2mcc_server::mcp[0m[2m:[0m MCP server shut down gracefully
2026-10-08T05:01:39.1611724Z test query_network_contract::denied_authority_local_and_empty_scope_make_no_query_calls ... ok
2026-10-08T05:01:39.1689867Z [2m2026-10-08T05:01:39.166884Z[0m [32m INFO[0m [1mserve_inner[0m[2m:[0m [2mrmcp::service[0m[2m:[0m Service initialized as server [3mpeer_info[0m[2m=[0mSome(InitializeRequestParams { meta: None, protocol_version: ProtocolVersion("2025-11-25"), capabilities: ClientCapabilities { experimental: None, extensions: None, roots: None, sampling: None, elicitation: None, tasks: None }, client_info: Implementation { name: "rmcp", title: None, version: "2.2.0", description: None, icons: None, website_url: None } })
2026-10-08T05:01:39.1693925Z [2m2026-10-08T05:01:39.166995Z[0m [32m INFO[0m [2mcc_server::mcp[0m[2m:[0m MCP server started on stdio
2026-10-08T05:01:39.1697327Z [2m2026-10-08T05:01:39.167195Z[0m [32m INFO[0m [1mserve_inner[0m[2m:[0m [2mrmcp::service[0m[2m:[0m received notification [3mnotification[0m[2m=[0mInitializedNotification(NotificationNoParam { method: InitializedNotificationMethod, extensions: Extensions })
2026-10-08T05:01:39.1700495Z [2m2026-10-08T05:01:39.167584Z[0m [32m INFO[0m [1mserve_inner[0m[2m:[0m [2mrmcp::handler::server[0m[2m:[0m client initialized
2026-10-08T05:01:39.1766885Z [2m2026-10-08T05:01:39.175082Z[0m [32m INFO[0m [2mcc_index::memory_budget[0m[2m:[0m memory budget initialized [3mtotal_ram_mb[0m[2m=[0m15989 [3mbudget_mb[0m[2m=[0m7994 [3mfraction[0m[2m=[0m0.5
2026-10-08T05:01:39.1769250Z [2m2026-10-08T05:01:39.176087Z[0m [32m INFO[0m [2mcc_db::index_migrate[0m[2m:[0m initializing index schema [3mversion[0m[2m=[0m25
2026-10-08T05:01:39.1773708Z [2m2026-10-08T05:01:39.177145Z[0m [32m INFO[0m [2mcc_index::memory_budget[0m[2m:[0m memory budget initialized [3mtotal_ram_mb[0m[2m=[0m15989 [3mbudget_mb[0m[2m=[0m7994 [3mfraction[0m[2m=[0m0.5
2026-10-08T05:01:39.1876426Z [2m2026-10-08T05:01:39.184887Z[0m [32m INFO[0m [2mcc_index::memory_budget[0m[2m:[0m memory budget initialized [3mtotal_ram_mb[0m[2m=[0m15989 [3mbudget_mb[0m[2m=[0m7994 [3mfraction[0m[2m=[0m0.5
2026-10-08T05:01:39.2218946Z [2m2026-10-08T05:01:39.218662Z[0m [32m INFO[0m [1mserve_inner[0m[2m:[0m [2mrmcp::service[0m[2m:[0m Service initialized as server [3mpeer_info[0m[2m=[0mSome(InitializeRequestParams { meta: None, protocol_version: ProtocolVersion("2025-11-25"), capabilities: ClientCapabilities { experimental: None, extensions: None, roots: None, sampling: None, elicitation: None, tasks: None }, client_info: Implementation { name: "rmcp", title: None, version: "2.2.0", description: None, icons: None, website_url: None } })
2026-10-08T05:01:39.2256482Z [2m2026-10-08T05:01:39.218755Z[0m [32m INFO[0m [2mcc_server::mcp[0m[2m:[0m MCP server started on stdio
2026-10-08T05:01:39.2263309Z [2m2026-10-08T05:01:39.219814Z[0m [32m INFO[0m [1mserve_inner[0m[2m:[0m [2mrmcp::service[0m[2m:[0m received notification [3mnotification[0m[2m=[0mInitializedNotification(NotificationNoParam { method: InitializedNotificationMethod, extensions: Extensions })
2026-10-08T05:01:39.2293718Z [2m2026-10-08T05:01:39.220097Z[0m [32m INFO[0m [1mserve_inner[0m[2m:[0m [2mrmcp::handler::server[0m[2m:[0m client initialized
2026-10-08T05:01:39.2297336Z [2m2026-10-08T05:01:39.220796Z[0m [32m INFO[0m [2mcc_index::memory_budget[0m[2m:[0m memory budget initialized [3mtotal_ram_mb[0m[2m=[0m15989 [3mbudget_mb[0m[2m=[0m7994 [3mfraction[0m[2m=[0m0.5
2026-10-08T05:01:39.2310637Z [2m2026-10-08T05:01:39.230825Z[0m [32m INFO[0m [2mcc_db::index_db_rebuild[0m[2m:[0m full rebuild: creating temp database [3mtmp[0m[2m=[0m/tmp/.tmpEBi3D6/project/.codecortex/index.sqlite3.tmp
2026-10-08T05:01:39.2528826Z [2m2026-10-08T05:01:39.252635Z[0m [32m INFO[0m [1mserve_inner[0m[2m:[0m [2mrmcp::service[0m[2m:[0m input stream terminated
2026-10-08T05:01:39.2533285Z [2m2026-10-08T05:01:39.252985Z[0m [32m INFO[0m [1mserve_inner[0m[2m:[0m [2mrmcp::service[0m[2m:[0m serve finished [3mquit_reason[0m[2m=[0mClosed
2026-10-08T05:01:39.2539844Z [2m2026-10-08T05:01:39.253218Z[0m [32m INFO[0m [2mcc_server::mcp[0m[2m:[0m MCP server shut down gracefully
2026-10-08T05:01:39.2684054Z [2m2026-10-08T05:01:39.268128Z[0m [32m INFO[0m [2mcc_db::index_migrate[0m[2m:[0m initializing index schema [3mversion[0m[2m=[0m25
2026-10-08T05:01:39.2927456Z [2m2026-10-08T05:01:39.289879Z[0m [32m INFO[0m [2mcc_db::index_db_rebuild[0m[2m:[0m full rebuild: creating temp database [3mtmp[0m[2m=[0m/tmp/.tmpZ5Hq7z/project/.codecortex/index.sqlite3.tmp
2026-10-08T05:01:39.2977287Z [2m2026-10-08T05:01:39.297246Z[0m [32m INFO[0m [1mserve_inner[0m[2m:[0m [2mrmcp::service[0m[2m:[0m Service initialized as server [3mpeer_info[0m[2m=[0mSome(InitializeRequestParams { meta: None, protocol_version: ProtocolVersion("2025-11-25"), capabilities: ClientCapabilities { experimental: None, extensions: None, roots: None, sampling: None, elicitation: None, tasks: None }, client_info: Implementation { name: "rmcp", title: None, version: "2.2.0", description: None, icons: None, website_url: None } })
2026-10-08T05:01:39.2982058Z [2m2026-10-08T05:01:39.297368Z[0m [32m INFO[0m [2mcc_server::mcp[0m[2m:[0m MCP server started on stdio
2026-10-08T05:01:39.2986259Z [2m2026-10-08T05:01:39.298032Z[0m [32m INFO[0m [1mserve_inner[0m[2m:[0m [2mrmcp::service[0m[2m:[0m received notification [3mnotification[0m[2m=[0mInitializedNotification(NotificationNoParam { method: InitializedNotificationMethod, extensions: Extensions })
2026-10-08T05:01:39.2989460Z [2m2026-10-08T05:01:39.298670Z[0m [32m INFO[0m [1mserve_inner[0m[2m:[0m [2mrmcp::handler::server[0m[2m:[0m client initialized
2026-10-08T05:01:39.3006140Z [2m2026-10-08T05:01:39.299656Z[0m [32m INFO[0m [2mcc_index::memory_budget[0m[2m:[0m memory budget initialized [3mtotal_ram_mb[0m[2m=[0m15989 [3mbudget_mb[0m[2m=[0m7994 [3mfraction[0m[2m=[0m0.5
2026-10-08T05:01:39.3396999Z [2m2026-10-08T05:01:39.338967Z[0m [32m INFO[0m [2mcc_db::index_db_rebuild[0m[2m:[0m full rebuild: writing data to temp database
2026-10-08T05:01:39.3466970Z [2m2026-10-08T05:01:39.344659Z[0m [32m INFO[0m [2mcc_db::index_db_rebuild[0m[2m:[0m full rebuild: recreating indexes
2026-10-08T05:01:39.3546046Z [2m2026-10-08T05:01:39.353823Z[0m [32m INFO[0m [2mcc_db::index_db_rebuild[0m[2m:[0m full rebuild: creating temp database [3mtmp[0m[2m=[0m/tmp/.tmpnC5FmP/project/.codecortex/index.sqlite3.tmp
2026-10-08T05:01:39.3661084Z [2m2026-10-08T05:01:39.365840Z[0m [32m INFO[0m [2mcc_db::index_db_rebuild[0m[2m:[0m full rebuild: temp database ready for swap
2026-10-08T05:01:39.3664035Z [2m2026-10-08T05:01:39.366095Z[0m [32m INFO[0m [2mcc_index::memory_budget[0m[2m:[0m memory budget initialized [3mtotal_ram_mb[0m[2m=[0m15989 [3mbudget_mb[0m[2m=[0m7994 [3mfraction[0m[2m=[0m0.5
2026-10-08T05:01:39.3831846Z [2m2026-10-08T05:01:39.382050Z[0m [32m INFO[0m [2mcc_db::index_db_rebuild[0m[2m:[0m full rebuild: writing data to temp database
2026-10-08T05:01:39.3876815Z [2m2026-10-08T05:01:39.387319Z[0m [32m INFO[0m [2mcc_db::index_db_rebuild[0m[2m:[0m full rebuild: recreating indexes
2026-10-08T05:01:39.3909789Z [2m2026-10-08T05:01:39.390710Z[0m [32m INFO[0m [2mcc_index::memory_budget[0m[2m:[0m memory budget initialized [3mtotal_ram_mb[0m[2m=[0m15989 [3mbudget_mb[0m[2m=[0m7994 [3mfraction[0m[2m=[0m0.5
2026-10-08T05:01:39.3919519Z [2m2026-10-08T05:01:39.391598Z[0m [32m INFO[0m [1mserve_inner[0m[2m:[0m [2mrmcp::service[0m[2m:[0m input stream terminated
2026-10-08T05:01:39.3937883Z [2m2026-10-08T05:01:39.391985Z[0m [32m INFO[0m [1mserve_inner[0m[2m:[0m [2mrmcp::service[0m[2m:[0m serve finished [3mquit_reason[0m[2m=[0mClosed
2026-10-08T05:01:39.3939516Z [2m2026-10-08T05:01:39.392266Z[0m [32m INFO[0m [2mcc_server::mcp[0m[2m:[0m MCP server shut down gracefully
2026-10-08T05:01:39.3994621Z [2m2026-10-08T05:01:39.399004Z[0m [32m INFO[0m [2mcc_index::memory_budget[0m[2m:[0m memory budget initialized [3mtotal_ram_mb[0m[2m=[0m15989 [3mbudget_mb[0m[2m=[0m7994 [3mfraction[0m[2m=[0m0.5
2026-10-08T05:01:39.4018485Z test omitted_null_and_explicit_overrides_inherit_project_strategy_through_queries ... ok
2026-10-08T05:01:39.4063103Z [2m2026-10-08T05:01:39.406102Z[0m [32m INFO[0m [2mcc_db::index_db_rebuild[0m[2m:[0m full rebuild: temp database ready for swap
2026-10-08T05:01:39.4066001Z [2m2026-10-08T05:01:39.406310Z[0m [32m INFO[0m [2mcc_index::memory_budget[0m[2m:[0m memory budget initialized [3mtotal_ram_mb[0m[2m=[0m15989 [3mbudget_mb[0m[2m=[0m7994 [3mfraction[0m[2m=[0m0.5
2026-10-08T05:01:39.4089581Z [2m2026-10-08T05:01:39.408779Z[0m [32m INFO[0m [1mserve_inner[0m[2m:[0m [2mrmcp::service[0m[2m:[0m input stream terminated
2026-10-08T05:01:39.4090877Z [2m2026-10-08T05:01:39.408968Z[0m [32m INFO[0m [1mserve_inner[0m[2m:[0m [2mrmcp::service[0m[2m:[0m serve finished [3mquit_reason[0m[2m=[0mClosed
2026-10-08T05:01:39.4093957Z [2m2026-10-08T05:01:39.409170Z[0m [32m INFO[0m [2mcc_server::mcp[0m[2m:[0m MCP server shut down gracefully
2026-10-08T05:01:39.4151983Z test query_network_contract::mcp_input_cannot_enable_or_bypass_configuration_authority ... ok
2026-10-08T05:01:39.4244835Z [2m2026-10-08T05:01:39.424225Z[0m [32m INFO[0m [2mcc_index::memory_budget[0m[2m:[0m memory budget initialized [3mtotal_ram_mb[0m[2m=[0m15989 [3mbudget_mb[0m[2m=[0m7994 [3mfraction[0m[2m=[0m0.5
2026-10-08T05:01:39.4304458Z [2m2026-10-08T05:01:39.430252Z[0m [32m INFO[0m [2mcc_index::memory_budget[0m[2m:[0m memory budget initialized [3mtotal_ram_mb[0m[2m=[0m15989 [3mbudget_mb[0m[2m=[0m7994 [3mfraction[0m[2m=[0m0.5
2026-10-08T05:01:39.4408065Z [2m2026-10-08T05:01:39.440553Z[0m [32m INFO[0m [1mserve_inner[0m[2m:[0m [2mrmcp::service[0m[2m:[0m input stream terminated
2026-10-08T05:01:39.4410091Z [2m2026-10-08T05:01:39.440637Z[0m [32m INFO[0m [1mserve_inner[0m[2m:[0m [2mrmcp::service[0m[2m:[0m serve finished [3mquit_reason[0m[2m=[0mClosed
2026-10-08T05:01:39.4418222Z [2m2026-10-08T05:01:39.440873Z[0m [32m INFO[0m [2mcc_server::mcp[0m[2m:[0m MCP server shut down gracefully
2026-10-08T05:01:39.4464534Z test symbol_mode_preserves_legacy_array_and_sanitized_limits ... ok
2026-10-08T05:01:39.4471755Z [2m2026-10-08T05:01:39.447055Z[0m [32m INFO[0m [2mcc_db::index_db_rebuild[0m[2m:[0m full rebuild: writing data to temp database
2026-10-08T05:01:39.4508306Z [2m2026-10-08T05:01:39.450716Z[0m [32m INFO[0m [2mcc_db::index_db_rebuild[0m[2m:[0m full rebuild: recreating indexes
2026-10-08T05:01:39.4646546Z [2m2026-10-08T05:01:39.464527Z[0m [32m INFO[0m [2mcc_db::index_db_rebuild[0m[2m:[0m full rebuild: temp database ready for swap
2026-10-08T05:01:39.4648783Z [2m2026-10-08T05:01:39.464719Z[0m [32m INFO[0m [2mcc_index::memory_budget[0m[2m:[0m memory budget initialized [3mtotal_ram_mb[0m[2m=[0m15989 [3mbudget_mb[0m[2m=[0m7994 [3mfraction[0m[2m=[0m0.5
2026-10-08T05:01:39.4816074Z [2m2026-10-08T05:01:39.481335Z[0m [32m INFO[0m [2mcc_index::memory_budget[0m[2m:[0m memory budget initialized [3mtotal_ram_mb[0m[2m=[0m15989 [3mbudget_mb[0m[2m=[0m7994 [3mfraction[0m[2m=[0m0.5
2026-10-08T05:01:39.4865577Z [2m2026-10-08T05:01:39.486230Z[0m [32m INFO[0m [2mcc_index::memory_budget[0m[2m:[0m memory budget initialized [3mtotal_ram_mb[0m[2m=[0m15989 [3mbudget_mb[0m[2m=[0m7994 [3mfraction[0m[2m=[0m0.5
2026-10-08T05:01:39.5211742Z [2m2026-10-08T05:01:39.520905Z[0m [32m INFO[0m [1mserve_inner[0m[2m:[0m [2mrmcp::service[0m[2m:[0m input stream terminated
2026-10-08T05:01:39.5213670Z [2m2026-10-08T05:01:39.520979Z[0m [32m INFO[0m [1mserve_inner[0m[2m:[0m [2mrmcp::service[0m[2m:[0m serve finished [3mquit_reason[0m[2m=[0mClosed
2026-10-08T05:01:39.5214887Z [2m2026-10-08T05:01:39.521275Z[0m [32m INFO[0m [2mcc_server::mcp[0m[2m:[0m MCP server shut down gracefully
2026-10-08T05:01:39.5353762Z [2m2026-10-08T05:01:39.535194Z[0m [32m INFO[0m [2mcc_db::index_migrate[0m[2m:[0m initializing index schema [3mversion[0m[2m=[0m25
2026-10-08T05:01:39.5586015Z [2m2026-10-08T05:01:39.558013Z[0m [32m INFO[0m [1mserve_inner[0m[2m:[0m [2mrmcp::service[0m[2m:[0m Service initialized as server [3mpeer_info[0m[2m=[0mSome(InitializeRequestParams { meta: None, protocol_version: ProtocolVersion("2025-11-25"), capabilities: ClientCapabilities { experimental: None, extensions: None, roots: None, sampling: None, elicitation: None, tasks: None }, client_info: Implementation { name: "rmcp", title: None, version: "2.2.0", description: None, icons: None, website_url: None } })
2026-10-08T05:01:39.5589964Z [2m2026-10-08T05:01:39.558130Z[0m [32m INFO[0m [2mcc_server::mcp[0m[2m:[0m MCP server started on stdio
2026-10-08T05:01:39.5592245Z [2m2026-10-08T05:01:39.558726Z[0m [32m INFO[0m [1mserve_inner[0m[2m:[0m [2mrmcp::service[0m[2m:[0m received notification [3mnotification[0m[2m=[0mInitializedNotification(NotificationNoParam { method: InitializedNotificationMethod, extensions: Extensions })
2026-10-08T05:01:39.5594013Z [2m2026-10-08T05:01:39.559029Z[0m [32m INFO[0m [1mserve_inner[0m[2m:[0m [2mrmcp::handler::server[0m[2m:[0m client initialized
2026-10-08T05:01:39.5603011Z [2m2026-10-08T05:01:39.560066Z[0m [32m INFO[0m [2mcc_index::memory_budget[0m[2m:[0m memory budget initialized [3mtotal_ram_mb[0m[2m=[0m15989 [3mbudget_mb[0m[2m=[0m7994 [3mfraction[0m[2m=[0m0.5
2026-10-08T05:01:39.5963053Z [2m2026-10-08T05:01:39.595975Z[0m [32m INFO[0m [2mcc_db::index_db_rebuild[0m[2m:[0m full rebuild: creating temp database [3mtmp[0m[2m=[0m/tmp/.tmp8m3KMy/project/.codecortex/index.sqlite3.tmp
2026-10-08T05:01:39.6554056Z [2m2026-10-08T05:01:39.655113Z[0m [32m INFO[0m [2mcc_db::index_db_rebuild[0m[2m:[0m full rebuild: writing data to temp database
2026-10-08T05:01:39.6590149Z [2m2026-10-08T05:01:39.658799Z[0m [32m INFO[0m [2mcc_db::index_db_rebuild[0m[2m:[0m full rebuild: recreating indexes
2026-10-08T05:01:39.6737941Z [2m2026-10-08T05:01:39.673573Z[0m [32m INFO[0m [2mcc_db::index_db_rebuild[0m[2m:[0m full rebuild: temp database ready for swap
2026-10-08T05:01:39.6740189Z [2m2026-10-08T05:01:39.673808Z[0m [32m INFO[0m [2mcc_index::memory_budget[0m[2m:[0m memory budget initialized [3mtotal_ram_mb[0m[2m=[0m15989 [3mbudget_mb[0m[2m=[0m7994 [3mfraction[0m[2m=[0m0.5
2026-10-08T05:01:39.6909004Z [2m2026-10-08T05:01:39.690552Z[0m [32m INFO[0m [2mcc_index::memory_budget[0m[2m:[0m memory budget initialized [3mtotal_ram_mb[0m[2m=[0m15989 [3mbudget_mb[0m[2m=[0m7994 [3mfraction[0m[2m=[0m0.5
2026-10-08T05:01:39.6961856Z [2m2026-10-08T05:01:39.695941Z[0m [32m INFO[0m [2mcc_index::memory_budget[0m[2m:[0m memory budget initialized [3mtotal_ram_mb[0m[2m=[0m15989 [3mbudget_mb[0m[2m=[0m7994 [3mfraction[0m[2m=[0m0.5
2026-10-08T05:01:39.7307457Z [2m2026-10-08T05:01:39.730411Z[0m [32m INFO[0m [1mserve_inner[0m[2m:[0m [2mrmcp::service[0m[2m:[0m input stream terminated
2026-10-08T05:01:39.7309179Z [2m2026-10-08T05:01:39.730510Z[0m [32m INFO[0m [1mserve_inner[0m[2m:[0m [2mrmcp::service[0m[2m:[0m serve finished [3mquit_reason[0m[2m=[0mClosed
2026-10-08T05:01:39.7310211Z [2m2026-10-08T05:01:39.730731Z[0m [32m INFO[0m [2mcc_server::mcp[0m[2m:[0m MCP server shut down gracefully
2026-10-08T05:01:39.7448594Z [2m2026-10-08T05:01:39.744649Z[0m [32m INFO[0m [2mcc_db::index_migrate[0m[2m:[0m initializing index schema [3mversion[0m[2m=[0m25
2026-10-08T05:01:39.7688426Z [2m2026-10-08T05:01:39.768318Z[0m [32m INFO[0m [1mserve_inner[0m[2m:[0m [2mrmcp::service[0m[2m:[0m Service initialized as server [3mpeer_info[0m[2m=[0mSome(InitializeRequestParams { meta: None, protocol_version: ProtocolVersion("2025-11-25"), capabilities: ClientCapabilities { experimental: None, extensions: None, roots: None, sampling: None, elicitation: None, tasks: None }, client_info: Implementation { name: "rmcp", title: None, version: "2.2.0", description: None, icons: None, website_url: None } })
2026-10-08T05:01:39.7691254Z [2m2026-10-08T05:01:39.768408Z[0m [32m INFO[0m [2mcc_server::mcp[0m[2m:[0m MCP server started on stdio
2026-10-08T05:01:39.7694130Z [2m2026-10-08T05:01:39.768880Z[0m [32m INFO[0m [1mserve_inner[0m[2m:[0m [2mrmcp::service[0m[2m:[0m received notification [3mnotification[0m[2m=[0mInitializedNotification(NotificationNoParam { method: InitializedNotificationMethod, extensions: Extensions })
2026-10-08T05:01:39.7697200Z [2m2026-10-08T05:01:39.769162Z[0m [32m INFO[0m [1mserve_inner[0m[2m:[0m [2mrmcp::handler::server[0m[2m:[0m client initialized
2026-10-08T05:01:39.7701887Z [2m2026-10-08T05:01:39.769954Z[0m [32m INFO[0m [2mcc_index::memory_budget[0m[2m:[0m memory budget initialized [3mtotal_ram_mb[0m[2m=[0m15989 [3mbudget_mb[0m[2m=[0m7994 [3mfraction[0m[2m=[0m0.5
2026-10-08T05:01:39.8061855Z [2m2026-10-08T05:01:39.805830Z[0m [32m INFO[0m [2mcc_db::index_db_rebuild[0m[2m:[0m full rebuild: creating temp database [3mtmp[0m[2m=[0m/tmp/.tmpv1CKRT/project/.codecortex/index.sqlite3.tmp
2026-10-08T05:01:39.8651534Z [2m2026-10-08T05:01:39.864924Z[0m [32m INFO[0m [2mcc_db::index_db_rebuild[0m[2m:[0m full rebuild: writing data to temp database
2026-10-08T05:01:39.8686612Z [2m2026-10-08T05:01:39.868456Z[0m [32m INFO[0m [2mcc_db::index_db_rebuild[0m[2m:[0m full rebuild: recreating indexes
2026-10-08T05:01:39.8820158Z [2m2026-10-08T05:01:39.881826Z[0m [32m INFO[0m [2mcc_db::index_db_rebuild[0m[2m:[0m full rebuild: temp database ready for swap
2026-10-08T05:01:39.8822184Z [2m2026-10-08T05:01:39.882009Z[0m [32m INFO[0m [2mcc_index::memory_budget[0m[2m:[0m memory budget initialized [3mtotal_ram_mb[0m[2m=[0m15989 [3mbudget_mb[0m[2m=[0m7994 [3mfraction[0m[2m=[0m0.5
2026-10-08T05:01:39.8989088Z [2m2026-10-08T05:01:39.898628Z[0m [32m INFO[0m [2mcc_index::memory_budget[0m[2m:[0m memory budget initialized [3mtotal_ram_mb[0m[2m=[0m15989 [3mbudget_mb[0m[2m=[0m7994 [3mfraction[0m[2m=[0m0.5
2026-10-08T05:01:39.9039708Z [2m2026-10-08T05:01:39.903792Z[0m [32m INFO[0m [2mcc_index::memory_budget[0m[2m:[0m memory budget initialized [3mtotal_ram_mb[0m[2m=[0m15989 [3mbudget_mb[0m[2m=[0m7994 [3mfraction[0m[2m=[0m0.5
2026-10-08T05:01:39.9384053Z [2m2026-10-08T05:01:39.938190Z[0m [32m INFO[0m [1mserve_inner[0m[2m:[0m [2mrmcp::service[0m[2m:[0m input stream terminated
2026-10-08T05:01:39.9386076Z [2m2026-10-08T05:01:39.938255Z[0m [32m INFO[0m [1mserve_inner[0m[2m:[0m [2mrmcp::service[0m[2m:[0m serve finished [3mquit_reason[0m[2m=[0mClosed
2026-10-08T05:01:39.9387344Z [2m2026-10-08T05:01:39.938459Z[0m [32m INFO[0m [2mcc_server::mcp[0m[2m:[0m MCP server shut down gracefully
2026-10-08T05:01:39.9524021Z [2m2026-10-08T05:01:39.952174Z[0m [32m INFO[0m [2mcc_db::index_migrate[0m[2m:[0m initializing index schema [3mversion[0m[2m=[0m25
2026-10-08T05:01:39.9751847Z [2m2026-10-08T05:01:39.974770Z[0m [32m INFO[0m [1mserve_inner[0m[2m:[0m [2mrmcp::service[0m[2m:[0m Service initialized as server [3mpeer_info[0m[2m=[0mSome(InitializeRequestParams { meta: None, protocol_version: ProtocolVersion("2025-11-25"), capabilities: ClientCapabilities { experimental: None, extensions: None, roots: None, sampling: None, elicitation: None, tasks: None }, client_info: Implementation { name: "rmcp", title: None, version: "2.2.0", description: None, icons: None, website_url: None } })
2026-10-08T05:01:39.9754889Z [2m2026-10-08T05:01:39.974981Z[0m [32m INFO[0m [2mcc_server::mcp[0m[2m:[0m MCP server started on stdio
2026-10-08T05:01:39.9756874Z [2m2026-10-08T05:01:39.975323Z[0m [32m INFO[0m [1mserve_inner[0m[2m:[0m [2mrmcp::service[0m[2m:[0m received notification [3mnotification[0m[2m=[0mInitializedNotification(NotificationNoParam { method: InitializedNotificationMethod, extensions: Extensions })
2026-10-08T05:01:39.9758541Z [2m2026-10-08T05:01:39.975412Z[0m [32m INFO[0m [1mserve_inner[0m[2m:[0m [2mrmcp::handler::server[0m[2m:[0m client initialized
2026-10-08T05:01:39.9765613Z [2m2026-10-08T05:01:39.976323Z[0m [32m INFO[0m [2mcc_index::memory_budget[0m[2m:[0m memory budget initialized [3mtotal_ram_mb[0m[2m=[0m15989 [3mbudget_mb[0m[2m=[0m7994 [3mfraction[0m[2m=[0m0.5
2026-10-08T05:01:40.0122593Z [2m2026-10-08T05:01:40.011972Z[0m [32m INFO[0m [2mcc_db::index_db_rebuild[0m[2m:[0m full rebuild: creating temp database [3mtmp[0m[2m=[0m/tmp/.tmpOUYOes/project/.codecortex/index.sqlite3.tmp
2026-10-08T05:01:40.0741194Z [2m2026-10-08T05:01:40.073841Z[0m [32m INFO[0m [2mcc_db::index_db_rebuild[0m[2m:[0m full rebuild: writing data to temp database
2026-10-08T05:01:40.0776675Z [2m2026-10-08T05:01:40.077473Z[0m [32m INFO[0m [2mcc_db::index_db_rebuild[0m[2m:[0m full rebuild: recreating indexes
2026-10-08T05:01:40.0911013Z [2m2026-10-08T05:01:40.090906Z[0m [32m INFO[0m [2mcc_db::index_db_rebuild[0m[2m:[0m full rebuild: temp database ready for swap
2026-10-08T05:01:40.0913330Z [2m2026-10-08T05:01:40.091124Z[0m [32m INFO[0m [2mcc_index::memory_budget[0m[2m:[0m memory budget initialized [3mtotal_ram_mb[0m[2m=[0m15989 [3mbudget_mb[0m[2m=[0m7994 [3mfraction[0m[2m=[0m0.5
2026-10-08T05:01:40.1071650Z [2m2026-10-08T05:01:40.106906Z[0m [32m INFO[0m [2mcc_index::memory_budget[0m[2m:[0m memory budget initialized [3mtotal_ram_mb[0m[2m=[0m15989 [3mbudget_mb[0m[2m=[0m7994 [3mfraction[0m[2m=[0m0.5
2026-10-08T05:01:40.1121590Z [2m2026-10-08T05:01:40.111966Z[0m [32m INFO[0m [2mcc_index::memory_budget[0m[2m:[0m memory budget initialized [3mtotal_ram_mb[0m[2m=[0m15989 [3mbudget_mb[0m[2m=[0m7994 [3mfraction[0m[2m=[0m0.5
2026-10-08T05:01:40.1464277Z [2m2026-10-08T05:01:40.146130Z[0m [32m INFO[0m [1mserve_inner[0m[2m:[0m [2mrmcp::service[0m[2m:[0m input stream terminated
2026-10-08T05:01:40.1466397Z [2m2026-10-08T05:01:40.146206Z[0m [32m INFO[0m [1mserve_inner[0m[2m:[0m [2mrmcp::service[0m[2m:[0m serve finished [3mquit_reason[0m[2m=[0mClosed
2026-10-08T05:01:40.1467932Z [2m2026-10-08T05:01:40.146430Z[0m [32m INFO[0m [2mcc_server::mcp[0m[2m:[0m MCP server shut down gracefully
2026-10-08T05:01:40.1531801Z test query_network_contract::each_missing_gate_keeps_cold_requests_off_the_network ... ok
2026-10-08T05:01:40.1532207Z 
2026-10-08T05:01:40.1532471Z test result: ok. 8 passed; 0 failed; 0 ignored; 0 measured; 0 filtered out; finished in 1.40s
2026-10-08T05:01:40.1532820Z 
2026-10-08T05:01:40.1539558Z [1m[92m     Running[0m tests/python_declaration_public.rs (target/debug/deps/python_declaration_public-db320b30048af872)
2026-10-08T05:01:40.1669043Z 
2026-10-08T05:01:40.1669211Z running 2 tests
2026-10-08T05:01:40.5380292Z test decorated_class_identity_is_proved_without_losing_members ... ok
2026-10-08T05:01:40.6127840Z test split_method_local_function_and_replaced_same_name_have_exact_sql_survivors ... ok
2026-10-08T05:01:40.6128541Z 
2026-10-08T05:01:40.6128862Z test result: ok. 2 passed; 0 failed; 0 ignored; 0 measured; 0 filtered out; finished in 0.45s
2026-10-08T05:01:40.6129293Z 
2026-10-08T05:01:40.6154094Z [1m[92m     Running[0m tests/qname_db_independent_review.rs (target/debug/deps/qname_db_independent_review-867dfe0a6ad380b0)
2026-10-08T05:01:40.6232435Z 
2026-10-08T05:01:40.6232636Z running 6 tests
2026-10-08T05:01:40.8662830Z test independent_base_v24_cache_rebuilds_25_reparses_and_reopen_is_unchanged ... ok
2026-10-08T05:01:40.9619195Z test independent_missing_association_cold_omits_and_warm_rejects_cached_identity ... ok
2026-10-08T05:01:40.9819899Z test independent_generation_fence_discards_controlled_same_database_write ... ok
2026-10-08T05:01:41.2156306Z test independent_warm_document_reference_mirror_must_fail_closed ... ok
2026-10-08T05:01:41.2958513Z test independent_reopen_rename_removal_and_cached_generation_rejection ... ok
2026-10-08T05:01:42.0924743Z test independent_cold_and_warm_single_field_contradictions ... ok
2026-10-08T05:01:42.0929978Z 
2026-10-08T05:01:42.0930291Z test result: ok. 6 passed; 0 failed; 0 ignored; 0 measured; 0 filtered out; finished in 1.47s
2026-10-08T05:01:42.0930674Z 
2026-10-08T05:01:42.0960085Z [1m[92m     Running[0m tests/qname_identity_lifecycle.rs (target/debug/deps/qname_identity_lifecycle-3a17616bc06c7b48)
2026-10-08T05:01:42.0980779Z 
2026-10-08T05:01:42.0980941Z running 7 tests
2026-10-08T05:01:42.3357257Z test owned_v24_cache_rebuilds_and_unchanged_source_is_reparsed_at_v25 ... ok
2026-10-08T05:01:42.4754329Z test missing_association_omits_identity_and_hard_scope_never_crosses_file ... ok
2026-10-08T05:01:42.7161230Z test original_snapshot_disk_rejection_incremental_rename_delete_and_reopen ... ok
2026-10-08T05:01:42.7541257Z test pinned_handle_retries_current_generation_after_real_incremental_publication ... ok
2026-10-08T05:01:43.0592677Z test concurrent_incremental_reads_never_attach_a_new_qname_to_an_old_source_snapshot ... ok
2026-10-08T05:01:43.1769060Z test public_python_nested_decorated_split_methods_and_go_receiver_methods_have_exact_owners ... ok
2026-10-08T05:01:44.4329949Z test persisted_identity_corruption_fails_cold_and_warm_final_hydration ... ok
2026-10-08T05:01:44.4330597Z 
2026-10-08T05:01:44.4331043Z test result: ok. 7 passed; 0 failed; 0 ignored; 0 measured; 0 filtered out; finished in 2.33s
2026-10-08T05:01:44.4331606Z 
2026-10-08T05:01:44.4373868Z [1m[92m     Running[0m tests/qname_public_diagnostic.rs (target/debug/deps/qname_public_diagnostic-8ee118cf42223dfb)
2026-10-08T05:01:44.4507404Z 
2026-10-08T05:01:44.4507700Z running 1 test
2026-10-08T05:01:44.7476047Z test public_hit_carries_only_exact_indexed_parser_qname ... ok
2026-10-08T05:01:44.7476471Z 
2026-10-08T05:01:44.7486001Z test result: ok. 1 passed; 0 failed; 0 ignored; 0 measured; 0 filtered out; finished in 0.30s
2026-10-08T05:01:44.7486587Z 
2026-10-08T05:01:44.7496747Z [1m[92m     Running[0m tests/v11_consumption_independent_review.rs (target/debug/deps/v11_consumption_independent_review-cdc022e2ff1d9af3)
2026-10-08T05:01:44.7541713Z 
2026-10-08T05:01:44.7541983Z running 0 tests
2026-10-08T05:01:44.7542238Z 
2026-10-08T05:01:44.7542691Z test result: ok. 0 passed; 0 failed; 0 ignored; 0 measured; 0 filtered out; finished in 0.00s
2026-10-08T05:01:44.7543314Z 
2026-10-08T05:01:44.8546658Z [1m[92m   Compiling[0m cc-model v1.0.0 (/home/runner/work/codecortex/codecortex/crates/cc-model)
2026-10-08T05:01:48.5994721Z [1m[92m   Compiling[0m cc-db v1.0.0 (/home/runner/work/codecortex/codecortex/crates/cc-db)
2026-10-08T05:01:53.5066838Z [1m[92m   Compiling[0m cc-semantic v1.0.0 (/home/runner/work/codecortex/codecortex/crates/cc-semantic)
2026-10-08T05:01:56.6368997Z [1m[92m    Finished[0m `test` profile [unoptimized + debuginfo] target(s) in 11.87s
2026-10-08T05:01:56.6424744Z [1m[92m     Running[0m unittests src/lib.rs (target/debug/deps/cc_semantic-2309468d8a44e247)
2026-10-08T05:01:56.6441356Z 
2026-10-08T05:01:56.6441958Z running 237 tests
2026-10-08T05:01:56.6448656Z test admission::policy_adoption_tests::busy_adoption_refuses_and_old_permit_releases_before_retry ... ok
2026-10-08T05:01:56.6452041Z test admission::policy_adoption_tests::idle_adoption_keeps_core_cooldown_and_policy_is_once_only ... ok
2026-10-08T05:01:56.6453654Z test admission::policy_adoption_tests::residual_waiters_grants_and_project_counts_each_prevent_adoption ... ok
2026-10-08T05:01:56.6455695Z test admission::policy_adoption_tests::concurrent_explicit_init_equal_caps_succeed_and_different_caps_conflict ... ok
2026-10-08T05:01:56.6457421Z test admission::tests::adapter_receives_planned_batches_unsplit_in_request_order ... ok
2026-10-08T05:01:56.6458567Z test admission::tests::aggregate_splits_by_space_and_time_window ... ok
2026-10-08T05:01:56.6459554Z test admission::tests::aggregation_sums_outcomes_costs_and_tokens ... ok
2026-10-08T05:01:56.6460717Z test admission::tests::budget_construction_from_capability_rejects_zero_bytes_bound ... ok
2026-10-08T05:01:56.6462085Z test admission::tests::cache_reuse_hits_are_counted_and_bill_nothing ... ok
2026-10-08T05:01:56.6463423Z test admission::tests::cost_budget_refuses_at_the_cap_before_any_call ... ok
2026-10-08T05:01:56.6464610Z test admission::tests::degenerate_gate_limits_are_rejected_with_named_reasons ... ok
2026-10-08T05:01:56.6466203Z test admission::tests::digest_binding_and_provider_order_survive_planning ... ok
2026-10-08T05:01:56.6467283Z test admission::tests::duplicate_risk_needs_a_retry_and_unknown_reported_usage ... ok
2026-10-08T05:01:56.6468200Z test admission::tests::empty_input_is_skipped_explicitly ... ok
2026-10-08T05:01:56.6468957Z test admission::tests::empty_project_identity_is_refused ... ok
2026-10-08T05:01:56.6470558Z test admission::tests::empty_set_yields_nothing_and_single_item_yields_one_batch ... ok
2026-10-08T05:01:56.6473833Z test admission::tests::estimator_matches_the_declared_bytes_div_ceil_4_v1 ... ok
2026-10-08T05:01:56.6475436Z test admission::tests::every_planned_batch_respects_every_budget_bound ... ok
2026-10-08T05:01:56.6476435Z test admission::tests::exact_limits_pass_and_one_over_is_skipped ... ok
2026-10-08T05:01:56.6515702Z test admission::policy_adoption_tests::concurrent_adoption_and_acquire_have_one_linearization_boundary ... ok
2026-10-08T05:01:56.6516928Z test admission::tests::foreign_tokenizer_is_refused_not_approximated_silently ... ok
2026-10-08T05:01:56.8956941Z test admission::tests::acquire_times_out_explicitly_when_capacity_is_held ... ok
2026-10-08T05:01:56.8958506Z test admission::tests::from_capability_bounds_flow_through_planning ... ok
2026-10-08T05:01:56.8959863Z test admission::tests::from_provider_config_maps_the_semantic_keys ... ok
2026-10-08T05:01:56.8963271Z test admission::tests::admission_wait_never_spans_a_db_transaction ... ok
2026-10-08T05:01:56.8968247Z test admission::tests::frozen_input_byte_bound_is_a_backstop_against_a_loose_budget ... ok
2026-10-08T05:01:56.9019626Z test admission::tests::fresh_callers_cannot_barge_ahead_of_the_waiting_queue ... ok
2026-10-08T05:01:56.9083415Z test admission::tests::fair_queue_serves_fifo_and_skips_a_blocked_head ... ok
2026-10-08T05:01:56.9084599Z test admission::tests::greedy_fill_matches_the_hand_computed_plan_and_preserves_order ... ok
2026-10-08T05:01:56.9085850Z test admission::tests::ledger_is_bounded_evicts_oldest_but_keeps_lifetime_totals ... ok
2026-10-08T05:01:56.9086827Z test admission::tests::missing_usage_is_unknown_and_never_zero_filled ... ok
2026-10-08T05:01:56.9568661Z test admission::tests::gate_is_send_sync_and_shareable_across_threads ... ok
2026-10-08T05:01:56.9570829Z test admission::tests::permissive_gate_never_makes_anyone_wait ... ok
2026-10-08T05:01:56.9572810Z test admission::tests::planning_is_deterministic_same_input_same_cut ... ok
2026-10-08T05:01:56.9574487Z test admission::tests::query_path_plans_query_inputs_with_the_same_cut ... ok
2026-10-08T05:01:56.9890903Z test admission::tests::per_project_cap_binds_independently_of_global_capacity ... ok
2026-10-08T05:01:56.9925569Z test admission::tests::global_cap_bounds_total_concurrent_permits_across_projects ... ok
2026-10-08T05:01:56.9928783Z test admission::tests::single_project_cannot_starve_the_others ... ok
2026-10-08T05:01:56.9930160Z test admission::tests::skipped_items_never_reach_batches_and_carry_structured_reasons ... ok
2026-10-08T05:01:56.9931737Z test admission::tests::snapshot_reflects_liveness_fairness_and_pause ... ok
2026-10-08T05:01:56.9932854Z test admission::tests::zero_bound_budgets_are_rejected ... ok
2026-10-08T05:01:56.9945249Z test cache::cache_read_bounds_tests::bounded_reader_never_waits_for_unbounded_stream_eof ... ok
2026-10-08T05:01:56.9976028Z test admission::tests::gated_batch_flow_limits_global_concurrency_and_keeps_projects_moving ... ok
2026-10-08T05:01:56.9997699Z test cache::cache_read_bounds_tests::file_growth_after_first_read_is_bounded_without_a_stat_assumption ... ok
2026-10-08T05:01:57.0019127Z test cache::cache_read_bounds_tests::enormous_sparse_files_and_untrusted_dimension_are_corrupt ... ok
2026-10-08T05:01:57.0048245Z test cache::cache_read_bounds_tests::metadata_budget_boundary_and_one_extra_byte ... ok
2026-10-08T05:01:57.0049163Z test cache::cache_read_bounds_tests::incomplete_objects_remain_misses_even_if_the_other_file_is_oversized ... ok
2026-10-08T05:01:57.0052217Z test cache::cache_read_bounds_tests::short_reads_interruption_and_io_errors_keep_their_meaning ... ok
2026-10-08T05:01:57.0095685Z test cache::cache_read_bounds_tests::payload_extra_byte_and_every_truncation_are_corrupt ... ok
2026-10-08T05:01:57.0139832Z test cache::decoding_boundary_tests::little_endian_bits_and_partial_payload_rejection_are_preserved ... ok
2026-10-08T05:01:57.0140953Z test capability::tests::a_verdict_cannot_be_filed_under_a_foreign_space ... ok
2026-10-08T05:01:57.0145624Z test capability::tests::adapter_embeds_after_capability_probe_over_the_same_mock_chain ... ok
2026-10-08T05:01:57.0148433Z test capability::tests::batch_count_mismatch_is_unavailable_not_a_mismatch ... ok
2026-10-08T05:01:57.0149831Z test capability::tests::batch_items_outside_the_probe_protocol_bound_are_rejected ... ok
2026-10-08T05:01:57.0155434Z test capability::tests::cached_verdicts_avoid_the_transport_and_failures_are_never_cached ... ok
2026-10-08T05:01:57.0156611Z test capability::tests::capability_dimension_mismatch_is_a_config_error ... ok
2026-10-08T05:01:57.0157926Z test capability::tests::capability_matching_space_and_specs_passes ... ok
2026-10-08T05:01:57.0158902Z test capability::tests::capability_model_mismatch_is_a_config_error ... ok
2026-10-08T05:01:57.0162921Z test capability::tests::dimension_probe_configurable_sends_the_dimensions_field ... ok
2026-10-08T05:01:57.0165630Z test capability::tests::dimensions_unsupported_maps_to_the_typed_verdict_via_the_control_probe ... ok
2026-10-08T05:01:57.0166742Z test capability::tests::disabled_config_is_rejected_by_resolve ... ok
2026-10-08T05:01:57.0170435Z test capability::tests::fixed_mode_probe_omits_the_dimensions_field ... ok
2026-10-08T05:01:57.0171787Z test capability::tests::instruction_without_support_is_rejected_on_both_paths ... ok
2026-10-08T05:01:57.0172911Z test capability::tests::missing_float_encoding_support_is_a_config_error ... ok
2026-10-08T05:01:57.0174093Z test capability::tests::missing_required_fields_name_their_config_keys ... ok
2026-10-08T05:01:57.0176075Z test capability::tests::model_echo_mismatch_is_a_mismatch ... ok
2026-10-08T05:01:57.0177305Z test capability::tests::probe_errors_never_leak_the_api_key ... ok
2026-10-08T05:01:57.0183942Z test capability::tests::probe_request_bodies_are_exactly_the_declared_egress_surface ... ok
2026-10-08T05:01:57.0185828Z test capability::tests::prober_rejects_bad_endpoints_as_config_errors ... ok
2026-10-08T05:01:57.0187213Z test capability::tests::resolve_provider_builds_a_space_with_the_frozen_identity ... ok
2026-10-08T05:01:57.0188451Z test capability::tests::spec_max_tokens_above_the_model_limit_is_rejected_on_both_paths ... ok
2026-10-08T05:01:57.0189480Z test capability::tests::specs_bound_to_a_foreign_space_are_rejected ... ok
2026-10-08T05:01:57.0191578Z test capability::tests::transport_failures_map_to_unavailable_with_the_provider_taxonomy ... ok
2026-10-08T05:01:57.0192524Z test capability::tests::unknown_metric_mode_and_format_strings_are_rejected_not_swallowed ... ok
2026-10-08T05:01:57.0193980Z test capability::tests::wrong_dimension_in_the_response_is_a_mismatch ... ok
2026-10-08T05:01:57.0196021Z test degrade::tests::budgeted_provider_gates_reembeds_and_never_calls_through_when_exhausted ... ok
2026-10-08T05:01:57.0203633Z test degrade::tests::ledger_tracks_corruption_budget_and_visibility ... ok
2026-10-08T05:01:57.0205619Z test cache::cache_read_bounds_tests::valid_maximum_dimension_and_worst_json_escaped_model_round_trip ... ok
2026-10-08T05:01:57.0218949Z test degrade::tests::quarantine_is_none_when_the_object_is_already_gone ... ok
2026-10-08T05:01:57.0219886Z test error::tests::invalid_input_maps_to_invalid_params ... ok
2026-10-08T05:01:57.0235672Z test degrade::tests::quarantine_moves_both_halves_and_writes_a_diagnostic_report ... ok
2026-10-08T05:01:57.0236651Z test gc::concurrency_tests::mutation_child ... ignored, child entry; executed by the owning process with a private fixture
2026-10-08T05:01:57.0618733Z test gc::concurrency_tests::killed_mutation_owner_releases_cross_process_lock ... ok
2026-10-08T05:01:57.1094178Z test gc::concurrency_tests::publisher_keeps_namespace_lease_between_verified_bytes_and_manifest_cas ... ok
2026-10-08T05:01:57.1095777Z test policy::tests::a_missing_body_field_fails_the_audit ... ok
2026-10-08T05:01:57.1096822Z test policy::tests::adapter_constructor_refuses_transport_without_network_opt_in ... ok
2026-10-08T05:01:57.1098164Z test policy::tests::an_extra_body_field_fails_the_audit_and_names_the_field ... ok
2026-10-08T05:01:57.1099373Z test policy::tests::audit_rejects_a_zero_timeout ... ok
2026-10-08T05:01:57.1101109Z test policy::tests::audit_rejects_http_destinations_unless_http_is_opted_in ... ok
2026-10-08T05:01:57.1102899Z test policy::tests::credential_material_may_only_travel_in_the_authorization_header ... ok
2026-10-08T05:01:57.1104198Z test policy::tests::disabled_default_provider_still_constructs_and_fails_closed ... ok
2026-10-08T05:01:57.1105833Z test policy::tests::embed_request_egress_surface_is_exactly_the_declaration ... ok
2026-10-08T05:01:57.1107090Z test policy::tests::env_reference_resolves_from_the_lookup_and_debug_stays_redacted ... ok
2026-10-08T05:01:57.1108345Z test policy::tests::errors_that_embed_a_key_value_are_redacted_by_redact_for_log ... ok
2026-10-08T05:01:57.1109514Z test policy::tests::every_resolution_failure_names_the_reference_and_never_echoes_values ... ok
2026-10-08T05:01:57.1110756Z test policy::tests::file_reference_resolves_and_trims_trailing_newlines ... ok
2026-10-08T05:01:57.1111833Z test policy::tests::gate_refuses_opted_in_but_missing_transport ... ok
2026-10-08T05:01:57.1112913Z test policy::tests::gate_refuses_transport_assembly_without_network_opt_in ... ok
2026-10-08T05:01:57.1114112Z test policy::tests::gate_rejects_http_endpoints_unless_allow_http_is_set ... ok
2026-10-08T05:01:57.1115554Z test policy::tests::gate_with_default_policy_and_no_transport_is_the_normal_disabled_path ... ok
2026-10-08T05:01:57.1116798Z test policy::tests::guard_passes_https_2xx_through_unchanged ... ok
2026-10-08T05:01:57.1117980Z test policy::tests::guard_rejects_a_zero_timeout_before_the_inner_transport_is_touched ... ok
2026-10-08T05:01:57.1119276Z test policy::tests::guard_rejects_http_requests_before_the_inner_transport_is_touched ... ok
2026-10-08T05:01:57.1120238Z test policy::tests::the_header_surface_is_audited ... ok
2026-10-08T05:01:57.1121039Z test ports::tests::embed_documents_preserves_batch_order_and_count ... ok
2026-10-08T05:01:57.1121914Z test ports::tests::embed_queries_maps_one_output_per_query ... ok
2026-10-08T05:01:57.1122749Z test ports::tests::input_constructors_bind_digest_to_exact_bytes ... ok
2026-10-08T05:01:57.1123747Z test ports::tests::port_is_object_safe_and_send_sync ... ok
2026-10-08T05:01:57.1124601Z test ports::tests::provider_error_variants_are_distinguishable ... ok
2026-10-08T05:01:57.1125795Z test providers::fake::tests::armed_fault_without_error_defaults_to_server_error ... ok
2026-10-08T05:01:57.1126790Z test providers::fake::tests::batch_order_is_preserved_on_both_paths ... ok
2026-10-08T05:01:57.1127701Z test providers::fake::tests::config_defaults_are_naturally_successful ... ok
2026-10-08T05:01:57.1176887Z test admission::tests::rate_limited_pause_fails_fast_then_expires ... ok
2026-10-08T05:01:57.1178196Z test providers::fake::tests::different_digests_yield_different_vectors ... ok
2026-10-08T05:01:57.1181688Z test providers::fake::tests::document_and_query_paths_are_domain_separated ... ok
2026-10-08T05:01:57.1182929Z test providers::fake::tests::delay_is_applied_per_call ... ok
2026-10-08T05:01:57.1184023Z test providers::fake::tests::empty_batch_returns_empty_success ... ok
2026-10-08T05:01:57.1186317Z test providers::fake::tests::fault_fires_after_n_calls_with_the_configured_error ... ok
2026-10-08T05:01:57.1188365Z test providers::fake::tests::full_provider_error_matrix_is_injectable_and_distinguishable ... ok
2026-10-08T05:01:57.1189877Z test providers::fake::tests::minimum_and_odd_dimensions_preserve_complete_v1_golden_bits ... ok
2026-10-08T05:01:57.1191273Z test providers::fake::tests::model_id_and_dimension_are_part_of_the_derivation ... ok
2026-10-08T05:01:57.1193155Z test providers::fake::tests::same_digest_yields_bit_identical_vectors_across_calls_and_instances ... ok
2026-10-08T05:01:57.1195248Z test providers::fake::tests::space_contract_dimension_and_identity_hold ... ok
2026-10-08T05:01:57.1196547Z test providers::fake::tests::v1_pipeline_is_bitwise_reproducible_golden ... ok
2026-10-08T05:01:57.1199017Z test providers::fake::tests::vectors_are_unit_length_for_the_frozen_cosine_metric ... ok
2026-10-08T05:01:57.1199830Z test providers::fake::tests::zero_vector_injection_is_rejected_by_the_output_gate ... ok
2026-10-08T05:01:57.1201700Z test providers::openai_compatible::tests::a_suspended_gate_stops_the_loop_instead_of_parking ... ok
2026-10-08T05:01:57.1203029Z test providers::fake::tests::embed_put_get_roundtrip_is_bitwise_lossless ... ok
2026-10-08T05:01:57.1204516Z test providers::openai_compatible::tests::api_key_is_redacted_in_debug_and_never_in_error_messages ... ok
2026-10-08T05:01:57.1206369Z test providers::openai_compatible::tests::auth_error_is_not_retried_and_trips_the_long_open_window ... ok
2026-10-08T05:01:57.1207916Z test providers::openai_compatible::tests::backoff_is_exponential_capped_and_jitter_only_shrinks ... ok
2026-10-08T05:01:57.1209489Z test providers::openai_compatible::tests::breadth_bomb_dies_at_the_count_gate_before_decoding_entries ... ok
2026-10-08T05:01:57.1210986Z test providers::openai_compatible::tests::breaker_and_retrying_provider_are_send_sync_shareable ... ok
2026-10-08T05:01:57.1212568Z test providers::openai_compatible::tests::breaker_rejection_records_an_uncertain_receipt_without_provider_contact ... ok
2026-10-08T05:01:57.1214253Z test providers::openai_compatible::tests::budget_admission_boundary_is_visible_in_the_receipt_chain ... ok
2026-10-08T05:01:57.1216215Z test providers::openai_compatible::tests::consecutive_failures_open_the_circuit_which_fails_fast_without_provider_contact ... ok
2026-10-08T05:01:57.1217966Z test providers::openai_compatible::tests::cost_budget_refuses_before_the_call_and_records_the_refusal ... ok
2026-10-08T05:01:57.1219464Z test providers::openai_compatible::tests::cost_cap_ends_the_sequence ... ok
2026-10-08T05:01:57.1222540Z test providers::openai_compatible::tests::count_mismatch_is_rejected ... ok
2026-10-08T05:01:57.1223979Z test providers::openai_compatible::tests::deeply_nested_json_is_rejected_by_the_depth_limit ... ok
2026-10-08T05:01:57.1228264Z test providers::openai_compatible::tests::dimension_mismatch_is_rejected ... ok
2026-10-08T05:01:57.1229825Z test providers::openai_compatible::tests::disabled_breaker_never_opens_and_neutral_outcomes_change_nothing ... ok
2026-10-08T05:01:57.1233792Z test providers::openai_compatible::tests::disabled_policy_makes_exactly_one_attempt ... ok
2026-10-08T05:01:57.1236777Z test providers::openai_compatible::tests::duplicate_index_is_rejected ... ok
2026-10-08T05:01:57.1239021Z test providers::openai_compatible::tests::each_call_gets_a_fresh_sequence_budget_layering ... ok
2026-10-08T05:01:57.1240554Z test providers::openai_compatible::tests::embedding_must_be_a_numeric_array_not_a_string_or_object ... ok
2026-10-08T05:01:57.1248732Z test providers::openai_compatible::tests::empty_batch_is_a_no_op_without_attempts_or_breaker_contact ... ok
2026-10-08T05:01:57.1250225Z test providers::openai_compatible::tests::empty_batch_records_no_receipt ... ok
2026-10-08T05:01:57.1253517Z test providers::openai_compatible::tests::empty_batch_short_circuits_without_transport_or_disabled_error ... ok
2026-10-08T05:01:57.1256828Z test providers::openai_compatible::tests::empty_success_response_is_rejected_when_batch_is_nonempty ... ok
2026-10-08T05:01:57.1260265Z test providers::openai_compatible::tests::adapter_is_interchangeable_with_fake_provider_on_the_port_and_in_the_cache_loop ... ok
2026-10-08T05:01:57.1278898Z test providers::openai_compatible::tests::every_attempt_of_a_retry_sequence_leaves_a_complete_receipt ... ok
2026-10-08T05:01:57.1302125Z test providers::openai_compatible::tests::fractional_negative_and_string_indices_are_rejected ... ok
2026-10-08T05:01:57.1303752Z test providers::openai_compatible::tests::half_open_probe_failure_reopens_for_a_fresh_window ... ok
2026-10-08T05:01:57.1306634Z test providers::openai_compatible::tests::half_open_probe_meeting_a_budget_refusal_does_not_retain_the_probe_slot ... ok
2026-10-08T05:01:57.1312187Z test providers::openai_compatible::tests::http_401_and_403_map_to_auth_error ... ok
2026-10-08T05:01:57.1313624Z test providers::openai_compatible::tests::http_429_maps_to_rate_limited_with_retry_after ... ok
2026-10-08T05:01:57.1315426Z test providers::openai_compatible::tests::http_429_without_retry_after_uses_the_fallback ... ok
2026-10-08T05:01:57.1317242Z test providers::openai_compatible::tests::error_vectors_never_reach_the_artifact_cache ... ok
2026-10-08T05:01:57.1318627Z test providers::openai_compatible::tests::http_5xx_maps_to_server_error ... ok
2026-10-08T05:01:57.1319937Z test providers::openai_compatible::tests::invalid_endpoint_is_rejected_eagerly ... ok
2026-10-08T05:01:57.1321430Z test providers::openai_compatible::tests::invalid_policy_combinations_are_rejected_with_named_reasons ... ok
2026-10-08T05:01:57.1322966Z test providers::openai_compatible::tests::missing_data_array_and_malformed_json_are_rejected ... ok
2026-10-08T05:01:57.1324407Z test providers::openai_compatible::tests::model_echo_is_required_and_must_be_a_string ... ok
2026-10-08T05:01:57.1325975Z test providers::openai_compatible::tests::model_mismatch_is_rejected ... ok
2026-10-08T05:01:57.1327265Z test providers::openai_compatible::tests::no_transport_is_fail_closed_disabled ... ok
2026-10-08T05:01:57.1328622Z test providers::openai_compatible::tests::negative_zero_vector_is_rejected ... ok
2026-10-08T05:01:57.1330167Z test providers::openai_compatible::tests::non_retryable_errors_pass_through_without_a_second_call ... ok
2026-10-08T05:01:57.1331614Z test providers::openai_compatible::tests::non_numeric_component_is_rejected ... ok
2026-10-08T05:01:57.1332901Z test providers::openai_compatible::tests::non_utf8_input_is_rejected_before_any_transport_call ... ok
2026-10-08T05:01:57.1334171Z test providers::openai_compatible::tests::norm_policy_is_validated_eagerly ... ok
2026-10-08T05:01:57.1335810Z test providers::openai_compatible::tests::norm_policy_accept_is_the_default_and_admits_unnormalized_vectors ... ok
2026-10-08T05:01:57.1336864Z test providers::openai_compatible::tests::norm_policy_rejects_vectors_outside_the_configured_range ... ok
2026-10-08T05:01:57.1337894Z test providers::openai_compatible::tests::open_window_elapsed_lazily_becomes_half_open_with_a_single_probe_slot ... ok
2026-10-08T05:01:57.1339029Z test providers::openai_compatible::tests::other_http_4xx_maps_to_non_retryable_invalid_input_without_body_echo ... ok
2026-10-08T05:01:57.1339924Z test providers::openai_compatible::tests::oversized_response_body_is_rejected_before_json_parsing ... ok
2026-10-08T05:01:57.1340782Z test providers::openai_compatible::tests::provider_error_envelope_diagnostics_exclude_the_free_form_message ... ok
2026-10-08T05:01:57.1341653Z test providers::openai_compatible::tests::query_path_uses_the_same_request_shape ... ok
2026-10-08T05:01:57.1343013Z test providers::openai_compatible::tests::receipt_duration_is_measured_on_the_injected_clock ... ok
2026-10-08T05:01:57.1343918Z test providers::openai_compatible::tests::receipts_never_contain_input_text_or_credentials ... ok
2026-10-08T05:01:57.1345885Z test providers::openai_compatible::tests::redirect_informational_and_unknown_statuses_follow_http_semantics ... ok
2026-10-08T05:01:57.1348363Z test providers::openai_compatible::tests::request_carries_model_input_order_and_bearer_auth ... ok
2026-10-08T05:01:57.1349246Z test providers::openai_compatible::tests::response_vectors_are_reordered_by_index_to_batch_order ... ok
2026-10-08T05:01:57.1350586Z test providers::openai_compatible::tests::retry_budget_exhaustion_returns_the_last_error ... ok
2026-10-08T05:01:57.1352025Z test providers::openai_compatible::tests::retryable_server_errors_are_retried_within_the_bound ... ok
2026-10-08T05:01:57.1353063Z test providers::openai_compatible::tests::success_resets_the_consecutive_failure_count ... ok
2026-10-08T05:01:57.1353859Z test providers::openai_compatible::tests::success_responses_require_a_json_content_type ... ok
2026-10-08T05:01:57.1355697Z test providers::openai_compatible::tests::timeout_attempts_carry_the_uncertain_marker_and_duplicate_risk ... ok
2026-10-08T05:01:57.1357048Z test providers::openai_compatible::tests::total_deadline_ends_the_sequence_before_the_attempt_bound ... ok
2026-10-08T05:01:57.1357982Z test providers::openai_compatible::tests::trailing_slash_on_endpoint_is_trimmed ... ok
2026-10-08T05:01:57.1359426Z test providers::openai_compatible::tests::transport_errors_map_to_timeout_cancelled_and_server_error ... ok
2026-10-08T05:01:57.1360946Z test providers::openai_compatible::tests::usage_field_must_be_an_object_when_present ... ok
2026-10-08T05:01:57.1362483Z test providers::openai_compatible::tests::validation_errors_never_carry_request_or_response_payloads ... ok
2026-10-08T05:01:57.1364092Z test providers::openai_compatible::tests::without_respecting_retry_after_the_backoff_is_exponential ... ok
2026-10-08T05:01:57.1365564Z test providers::openai_compatible::tests::zero_vector_and_nan_responses_are_rejected ... ok
2026-10-08T05:01:57.1366521Z test space_switch::tests::spec_json_digest_pairing_is_stable_across_reconstruction ... ok
2026-10-08T05:01:57.1367486Z test space_switch::tests::spec_json_is_canonical_struct_serialization_and_stable ... ok
2026-10-08T05:01:57.1368582Z test spec::tests::bad_encoding_spec_fields_are_rejected ... ok
2026-10-08T05:01:57.1369458Z test spec::tests::bad_model_ids_are_rejected ... ok
2026-10-08T05:01:57.1370412Z test spec::tests::cosine_is_the_only_admitted_metric ... ok
2026-10-08T05:01:57.1371414Z test spec::tests::digest_is_stable_across_reconstruction ... ok
2026-10-08T05:01:57.1372494Z test spec::tests::digests_are_opaque_and_distinct_by_construction ... ok
2026-10-08T05:01:57.1373585Z test spec::tests::foreign_spec_versions_are_rejected ... ok
2026-10-08T05:01:57.1374582Z test spec::tests::invalid_input_bytes_are_rejected ... ok
2026-10-08T05:01:57.1375912Z test spec::tests::query_only_change_never_touches_the_document_spec_digest ... ok
2026-10-08T05:01:57.1377135Z test spec::tests::same_dimension_different_model_is_a_different_space ... ok
2026-10-08T05:01:57.1378224Z test spec::tests::same_model_same_dimension_is_same_space ... ok
2026-10-08T05:01:57.1379053Z test spec::tests::valid_boundary_values_pass ... ok
2026-10-08T05:01:57.1379731Z test spec::tests::zero_and_oversized_dimensions_are_rejected ... ok
2026-10-08T05:01:57.1381227Z test tests::handle_is_a_zero_sized_marker ... ok
2026-10-08T05:01:57.1381679Z test types::tests::digest_display_matches_inner_string ... ok
2026-10-08T05:01:57.1382114Z test types::tests::input_digests_are_deterministic_and_distinct ... ok
2026-10-08T05:01:57.1382543Z test types::tests::input_digests_reject_invalid_bytes ... ok
2026-10-08T05:01:57.1392459Z test admission::tests::repeated_rate_limit_reports_extend_the_pause_never_shorten_it ... ok
2026-10-08T05:01:57.1480185Z test vector::exact::tests::controlled_scan_discards_accumulated_top_k_on_cancellation ... ok
2026-10-08T05:01:57.1602791Z test vector::exact::tests::batch_loads_never_exceed_the_bounded_batch_knob ... ok
2026-10-08T05:01:57.1612808Z test providers::openai_compatible::tests::rate_limited_waits_retry_after_feeds_the_gate_and_resumes_after_expiry ... ok
2026-10-08T05:01:57.1664445Z test vector::exact::tests::controlled_scan_preserves_legacy_filter_top_k_and_score_bits ... ok
2026-10-08T05:01:57.1671111Z test vector::exact::tests::controlled_scan_rejects_cancelled_and_expired_requests_before_loading ... ok
2026-10-08T05:01:57.1724647Z test vector::exact::tests::degenerate_inputs_are_rejected_or_yield_empty ... ok
2026-10-08T05:01:57.1730727Z test vector::exact::tests::deleted_or_corrupt_cache_objects_degrade_without_failing ... ok
2026-10-08T05:01:57.1774866Z test vector::exact::tests::empty_and_single_element_boundaries ... ok
2026-10-08T05:01:57.1823246Z test vector::exact::tests::equal_scores_tie_break_on_doc_key_ascending ... ok
2026-10-08T05:01:57.1853906Z test vector::exact::tests::fake_provider_embed_cache_search_hits_its_own_documents ... ok
2026-10-08T05:01:57.1876183Z test vector::exact::tests::foreign_space_and_foreign_ref_rows_never_score ... ok
2026-10-08T05:01:57.1906183Z test vector::exact::tests::filter_none_admits_every_candidate ... ok
2026-10-08T05:01:57.1968723Z test vector::exact::tests::hand_computed_cosine_gold_and_ordering ... ok
2026-10-08T05:01:57.2012586Z test vector::exact::tests::metric_dispatch_is_cosine_per_the_frozen_spec ... ok
2026-10-08T05:01:57.2040755Z test vector::exact::tests::missing_language_row_matches_no_language_filter ... ok
2026-10-08T05:01:57.2130501Z test vector::exact::tests::prefix_file_paths_and_languages_intersect_before_top_k ... ok
2026-10-08T05:01:57.2166903Z test gc::concurrency_tests::namespace_lock_spans_mark_and_unlink_before_concurrent_publish ... ok
2026-10-08T05:01:57.2217163Z test vector::exact::tests::read_coverage_counts_eligible_gaps_and_resets_for_excluded_rows ... ok
2026-10-08T05:01:57.2604621Z test vector::exact::tests::result_is_independent_of_batch_splitting ... ok
2026-10-08T05:01:57.2606774Z test vector::exact::tests::some_empty_scope_short_circuits_without_loading_candidates ... ok
2026-10-08T05:01:57.2639349Z test vector::exact::tests::repeated_runs_are_bitwise_deterministic ... ok
2026-10-08T05:01:57.2680310Z test vector::exact::tests::knn_matches_naive_reference_on_deterministic_corpus ... ok
2026-10-08T05:01:57.2761368Z test vector::exact::tests::controlled_scan_observes_deadline_after_an_uninterruptible_batch_read ... ok
2026-10-08T05:01:57.2761944Z 
2026-10-08T05:01:57.2762211Z test result: ok. 236 passed; 0 failed; 1 ignored; 0 measured; 0 filtered out; finished in 0.63s
2026-10-08T05:01:57.2762571Z 
2026-10-08T05:01:57.3655208Z [1m[92m   Compiling[0m cc-semantic v1.0.0 (/home/runner/work/codecortex/codecortex/crates/cc-semantic)
2026-10-08T05:02:01.1891165Z [1m[92m    Finished[0m `test` profile [unoptimized + debuginfo] target(s) in 3.89s
2026-10-08T05:02:01.1962635Z [1m[92m     Running[0m tests/artifact_cache.rs (target/debug/deps/artifact_cache-83d644930fb070cb)
2026-10-08T05:02:01.1973861Z 
2026-10-08T05:02:01.1974015Z running 17 tests
2026-10-08T05:02:01.1981037Z test cache_root_resolution_branches ... ok
2026-10-08T05:02:01.2007825Z test different_spaces_never_cross_hit ... ok
2026-10-08T05:02:01.2011378Z test invalid_vectors_are_rejected_before_touching_the_cache ... ok
2026-10-08T05:02:01.2019883Z test corrupt_payload_is_detected_and_discard_degrades_to_miss ... ok
2026-10-08T05:02:01.2038302Z test meta_contains_only_the_documented_fields ... ok
2026-10-08T05:02:01.2039035Z test namespace_key_is_stable_distinct_and_path_safe ... ok
2026-10-08T05:02:01.2043008Z test namespace_validation_rejects_unsafe_names ... ok
2026-10-08T05:02:01.2065900Z test namespaces_are_isolated ... ok
2026-10-08T05:02:01.2084376Z test meta_tampering_is_detected_as_corrupt ... ok
2026-10-08T05:02:01.2087815Z test process_env_override_reaches_resolve_cache_root ... ok
2026-10-08T05:02:01.2088598Z test artifact_ref_is_stable_and_content_scoped ... ok
2026-10-08T05:02:01.2089356Z test open_creates_nothing_and_put_lays_out_the_brief_layout ... ok
2026-10-08T05:02:01.2108856Z test read_write_roundtrip_is_lossless ... ok
2026-10-08T05:02:01.2115235Z test same_input_hits_across_independent_cache_instances ... ok
2026-10-08T05:02:01.2131490Z test rewrite_of_existing_object_is_idempotent_and_stable ... ok
2026-10-08T05:02:01.2141878Z test concurrent_puts_of_the_same_key_race_safely ... ok
2026-10-08T05:02:01.2145554Z test spec_change_routes_to_a_new_object ... ok
2026-10-08T05:02:01.2145967Z 
2026-10-08T05:02:01.2146410Z test result: ok. 17 passed; 0 failed; 0 ignored; 0 measured; 0 filtered out; finished in 0.02s
2026-10-08T05:02:01.2147059Z 
2026-10-08T05:02:01.2149087Z [1m[92m     Running[0m tests/attempt_lease_contract.rs (target/debug/deps/attempt_lease_contract-5f293670d262df32)
2026-10-08T05:02:01.2163692Z 
2026-10-08T05:02:01.2163879Z running 1 test
2026-10-08T05:02:01.8176619Z test expiry_reclaim_and_replacement_token_publication_contract ... ok
2026-10-08T05:02:01.8177005Z 
2026-10-08T05:02:01.8177293Z test result: ok. 1 passed; 0 failed; 0 ignored; 0 measured; 0 filtered out; finished in 0.60s
2026-10-08T05:02:01.8177699Z 
2026-10-08T05:02:01.8186834Z [1m[92m     Running[0m tests/bounded_parallel.rs (target/debug/deps/bounded_parallel-fb0c2b26d56dd2b0)
2026-10-08T05:02:01.8202978Z 
2026-10-08T05:02:01.8203153Z running 13 tests
2026-10-08T05:02:01.8234564Z test frozen_input_byte_budget_is_not_increased_by_pipeline ... ok
2026-10-08T05:02:01.9322013Z test closed_lifecycle_during_handled_retry_still_stops_claims ... ok
2026-10-08T05:02:02.0178263Z test normal_enqueue_during_one_inflight_attempt_is_drained_despite_peer_empty_claim ... ok
2026-10-08T05:02:02.0800012Z test all_four_parallel_errors_propagate_after_join_and_retry_each_independent_token ... ok
2026-10-08T05:02:02.1058485Z test close_joins_four_started_attempts_and_restores_pending_with_spent_attempts ... ok
2026-10-08T05:02:02.1146854Z test ordinary_document_edit_fences_old_attempt_while_neighbor_publishes ... ok
2026-10-08T05:02:02.3403408Z test ordinary_provider_failure_retries_within_the_shared_finite_budget ... ok
2026-10-08T05:02:02.3405846Z test slow_provider_beyond_lease_cannot_publish_and_old_tokens_cannot_ack ... ignored, parent ruling: stronger strict-clock policy is not the existing token-fencing contract; original failed result retained in checkpoint
2026-10-08T05:02:02.3535907Z test ordinary_space_switch_fences_started_publications_and_stops_claiming_new_space ... ok
2026-10-08T05:02:02.5080385Z test pipeline_width_is_capped_by_small_claim_budget ... ok
2026-10-08T05:02:02.5336013Z test unstarted_cancel_does_not_consume_attempt_and_preclosed_has_zero_calls ... ok
2026-10-08T05:02:02.9237931Z test handled_retry_keeps_shared_budget_and_independent_tokens ... ok
2026-10-08T05:02:03.4896156Z test width_zero_and_one_are_serial_two_and_larger_are_bounded_and_fifo_budget_is_shared ... ok
2026-10-08T05:02:03.4896935Z 
2026-10-08T05:02:03.4898323Z test result: ok. 12 passed; 0 failed; 1 ignored; 0 measured; 0 filtered out; finished in 1.67s
2026-10-08T05:02:03.4898803Z 
2026-10-08T05:02:03.4919848Z [1m[92m     Running[0m tests/manifest_exact_integration.rs (target/debug/deps/manifest_exact_integration-d440a0a2c116a194)
2026-10-08T05:02:03.4932332Z 
2026-10-08T05:02:03.4932517Z running 4 tests
2026-10-08T05:02:03.5455940Z test cascaded_deletion_removes_the_candidate_structurally ... ok
2026-10-08T05:02:03.5463136Z test hard_scope_language_filter_applies_on_the_real_read_path ... ok
2026-10-08T05:02:03.5481330Z test sql_scan_is_space_isolated_and_keyset_paginated ... ok
2026-10-08T05:02:03.5487674Z test published_rows_round_trip_through_manifest_scan_and_cache ... ok
2026-10-08T05:02:03.5488257Z 
2026-10-08T05:02:03.5488872Z test result: ok. 4 passed; 0 failed; 0 ignored; 0 measured; 0 filtered out; finished in 0.06s
2026-10-08T05:02:03.5489244Z 
2026-10-08T05:02:03.5493291Z [1m[92m     Running[0m tests/p7_cache_allocation_independent_review.rs (target/debug/deps/p7_cache_allocation_independent_review-32777374864fd4ed)
2026-10-08T05:02:03.5505961Z 
2026-10-08T05:02:03.5506299Z running 7 tests
2026-10-08T05:02:03.5593409Z test actual_get_growth_after_open_and_atomic_replacement_do_not_bypass_budget ... ok
2026-10-08T05:02:03.5646199Z test incomplete_corrupt_and_io_error_semantics_are_distinct ... ok
2026-10-08T05:02:03.5661309Z test maximum_in_budget_json_diagnostics_remain_proportional_to_format_cap ... ok
2026-10-08T05:02:03.5674004Z test metadata_stream_extra_probe_and_error_before_eof_are_bounded ... ok
2026-10-08T05:02:03.5688270Z test public_get_short_read_then_growing_payload_consumes_only_budget_plus_probe ... ok
2026-10-08T05:02:03.5756053Z test legal_writer_extremes_and_exact_read_bound_preserve_f32_bits ... ok
2026-10-08T05:02:03.5775638Z test forged_dimensions_overflow_sparse_lengths_and_truncation_remain_bounded ... ok
2026-10-08T05:02:03.5776257Z 
2026-10-08T05:02:03.5776561Z test result: ok. 7 passed; 0 failed; 0 ignored; 0 measured; 0 filtered out; finished in 0.03s
2026-10-08T05:02:03.5776916Z 
2026-10-08T05:02:03.5778955Z [1m[92m     Running[0m tests/publish_cas.rs (target/debug/deps/publish_cas-d7af67e459ee2546)
2026-10-08T05:02:03.5792625Z 
2026-10-08T05:02:03.5792794Z running 4 tests
2026-10-08T05:02:03.6609503Z test unverifiable_artifact_refuses_the_publish_before_touching_the_db ... ok
2026-10-08T05:02:03.6651115Z test swapped_incarnation_rejects_the_publish ... ok
2026-10-08T05:02:03.6675619Z test expired_reclaimed_lease_cannot_publish_but_successor_can ... ok
2026-10-08T05:02:03.6692456Z test published_document_is_retrievable_and_duplicate_ack_does_not_bump ... ok
2026-10-08T05:02:03.6692859Z 
2026-10-08T05:02:03.6693119Z test result: ok. 4 passed; 0 failed; 0 ignored; 0 measured; 0 filtered out; finished in 0.09s
2026-10-08T05:02:03.6693456Z 
2026-10-08T05:02:03.6702639Z [1m[92m     Running[0m tests/query_cache.rs (target/debug/deps/query_cache-d3e7b19e27fb520b)
2026-10-08T05:02:03.6713808Z 
2026-10-08T05:02:03.6714129Z running 17 tests
2026-10-08T05:02:03.6719976Z test encode_queries_empty_input_is_a_provider_free_no_op ... ok
2026-10-08T05:02:03.6720869Z test encode_queries_leaks_no_query_text_anywhere ... ok
2026-10-08T05:02:03.6722937Z test encode_queries_maps_provider_failures_and_caches_nothing ... ok
2026-10-08T05:02:03.6723918Z test encode_queries_rebatches_only_misses_inside_one_planned_batch ... ok
2026-10-08T05:02:03.6726115Z test encode_queries_never_reuses_vectors_across_specs_or_spaces ... ok
2026-10-08T05:02:03.6727026Z test encode_queries_rejects_invalid_vectors_and_caches_nothing ... ok
2026-10-08T05:02:03.6728155Z test encode_queries_returns_vectors_in_input_order_across_batches ... ok
2026-10-08T05:02:03.6729231Z test encode_queries_skips_oversized_queries_and_never_sends_them ... ok
2026-10-08T05:02:03.6730323Z test encode_queries_second_pass_hits_cache_without_provider_contact ... ok
2026-10-08T05:02:03.6738591Z test query_cache_key_debug_carries_no_query_text ... ok
2026-10-08T05:02:03.6739472Z test query_cache_evicts_lru_within_both_bounds ... ok
2026-10-08T05:02:03.6740354Z test query_cache_key_distinguishes_namespace_spec_and_text ... ok
2026-10-08T05:02:03.6741272Z test query_cache_rejects_invalid_vectors_on_put ... ok
2026-10-08T05:02:03.6742108Z test query_cache_round_trips_and_reports_bounds ... ok
2026-10-08T05:02:03.6757818Z test query_cache_skips_entries_that_cannot_fit ... ok
2026-10-08T05:02:03.6765801Z test query_cache_concurrent_access_stays_bounded ... ok
2026-10-08T05:02:03.6774555Z test query_path_never_touches_the_document_cache ... ok
2026-10-08T05:02:03.6775461Z 
2026-10-08T05:02:03.6775792Z test result: ok. 17 passed; 0 failed; 0 ignored; 0 measured; 0 filtered out; finished in 0.01s
2026-10-08T05:02:03.6776161Z 
2026-10-08T05:02:03.6777355Z [1m[92m     Running[0m tests/queue_worker.rs (target/debug/deps/queue_worker-e0ae14fe06ae3558)
2026-10-08T05:02:03.6790859Z 
2026-10-08T05:02:03.6791032Z running 9 tests
2026-10-08T05:02:03.7689797Z test drop_of_undisposed_lease_leaves_the_claim_recoverable ... ok
2026-10-08T05:02:03.7796280Z test drain_publishes_end_to_end_through_the_fake_provider ... ok
2026-10-08T05:02:03.8385214Z test drain_claim_order_defaults_to_fifo_and_rotation_is_opt_in ... ok
2026-10-08T05:02:03.8443266Z test retry_budget_exhaustion_dead_letters_without_further_claims ... ok
2026-10-08T05:02:03.8485398Z test one_drain_claims_at_most_max_batch ... ok
2026-10-08T05:02:03.8486403Z test worker_limits_reject_structurally_meaningless_bounds ... ok
2026-10-08T05:02:03.8900647Z test expired_and_reclaimed_lease_cannot_renew_but_the_successor_publishes ... ok
2026-10-08T05:02:03.8901269Z test three_rapid_edits_coalesce_into_one_task_and_one_embed ... ok
2026-10-08T05:02:03.8935879Z test superseded_mid_flight_claim_never_publishes_the_old_version ... ok
2026-10-08T05:02:03.8945457Z 
2026-10-08T05:02:03.8946167Z test result: ok. 9 passed; 0 failed; 0 ignored; 0 measured; 0 filtered out; finished in 0.21s
2026-10-08T05:02:03.8946928Z 
2026-10-08T05:02:03.8953712Z [1m[92m     Running[0m tests/retry_worker_layering.rs (target/debug/deps/retry_worker_layering-0980889a5b6ad4ac)
2026-10-08T05:02:03.8968475Z 
2026-10-08T05:02:03.8968620Z running 5 tests
2026-10-08T05:02:03.8976417Z test planned_batches_keep_fresh_retry_budgets_and_the_gate_wired ... ok
2026-10-08T05:02:03.9782501Z test tripped_breaker_fails_fast_in_the_drain_without_provider_or_attempt_cost ... ok
2026-10-08T05:02:04.0769291Z test call_layer_retry_publishes_within_a_single_db_attempt ... ok
2026-10-08T05:02:04.0851577Z test retry_waits_hold_no_db_lock_and_the_fenced_write_still_lands ... ok
2026-10-08T05:02:04.1865670Z test call_layer_exhaustion_hands_back_and_the_db_budget_dead_letters ... ok
2026-10-08T05:02:04.1866274Z 
2026-10-08T05:02:04.1866599Z test result: ok. 5 passed; 0 failed; 0 ignored; 0 measured; 0 filtered out; finished in 0.29s
2026-10-08T05:02:04.1866963Z 
2026-10-08T05:02:04.1882941Z [1m[92m     Running[0m tests/semantic_degrade.rs (target/debug/deps/semantic_degrade-ce07ec74fc41baa5)
2026-10-08T05:02:04.1898141Z 
2026-10-08T05:02:04.1898282Z running 6 tests
2026-10-08T05:02:04.3031833Z test corrupt_quarantine_reembed_republish_self_heals_the_visible_set ... ok
2026-10-08T05:02:04.3058354Z test exhausted_budget_dead_letters_the_task_with_reason_and_stops_the_spend ... ok
2026-10-08T05:02:04.3065429Z test claimed_task_degrade_hands_back_without_consuming_the_attempt_budget ... ok
2026-10-08T05:02:04.3706243Z test gc_passes_never_touch_the_quarantine_directory ... ok
2026-10-08T05:02:04.3809424Z test retrieval_degradation_matrix_skips_miss_and_corrupt_serves_the_healthy ... ok
2026-10-08T05:02:04.4095749Z test delayed_corrupt_report_never_quarantines_a_republished_healthy_object ... ok
2026-10-08T05:02:04.4096329Z 
2026-10-08T05:02:04.4096759Z test result: ok. 6 passed; 0 failed; 0 ignored; 0 measured; 0 filtered out; finished in 0.22s
2026-10-08T05:02:04.4097227Z 
2026-10-08T05:02:04.4112431Z [1m[92m     Running[0m tests/space_switch.rs (target/debug/deps/space_switch-97098ddfa304cf3a)
2026-10-08T05:02:04.4126724Z 
2026-10-08T05:02:04.4126879Z running 2 tests
2026-10-08T05:02:04.4695763Z test revoked_space_objects_become_gc_eligible_after_revoke_drain ... ok
2026-10-08T05:02:04.4802491Z test switch_end_to_end_new_embeds_old_revokes_retrieval_sees_only_new_then_rollback_reuses ... ok
2026-10-08T05:02:04.4803257Z 
2026-10-08T05:02:04.4803871Z test result: ok. 2 passed; 0 failed; 0 ignored; 0 measured; 0 filtered out; finished in 0.07s
2026-10-08T05:02:04.4804476Z 
2026-10-08T05:02:04.4907416Z ##[group]Run # Read-only AST comparator object; never check out or run its driver.
2026-10-08T05:02:04.4908043Z [36;1m# Read-only AST comparator object; never check out or run its driver.[0m
2026-10-08T05:02:04.4908555Z [36;1mgit fetch --no-tags origin da8b618cbf8b67683c6b16880419089f7159c15e[0m
2026-10-08T05:02:04.4909134Z [36;1mPYTHONDONTWRITEBYTECODE=1 python3 -m unittest discover -s tests/resource_harness -v[0m
2026-10-08T05:02:04.4909632Z [36;1mpython3 scripts/code_index_plan.py[0m
2026-10-08T05:02:04.4910133Z [36;1mPYTHONDONTWRITEBYTECODE=1 python3 -m unittest discover -s scripts/tests -p 'test_p8_*.py' -v[0m
2026-10-08T05:02:04.4910642Z [36;1mpython3 scripts/p8_facts.py --check[0m
2026-10-08T05:02:04.4911109Z [36;1mPYTHONDONTWRITEBYTECODE=1 python3 -m unittest discover -s tests/source_integrity -v[0m
2026-10-08T05:02:04.4911779Z [36;1mpython3 scripts/verify_reviewed_source_v13.py --source-version p7-closeout-source-20261008-v13[0m
2026-10-08T05:02:04.4912399Z [36;1mpython3 scripts/verify_historical_integrations_v2.py[0m
2026-10-08T05:02:04.4978812Z shell: /usr/bin/bash -e {0}
2026-10-08T05:02:04.4979094Z env:
2026-10-08T05:02:04.4979293Z   CARGO_TERM_COLOR: always
2026-10-08T05:02:04.4979542Z   RUSTFLAGS: -D warnings
2026-10-08T05:02:04.4979787Z   CARGO_HOME: /home/runner/.cargo
2026-10-08T05:02:04.4980046Z   CARGO_INCREMENTAL: 0
2026-10-08T05:02:04.4980270Z   CACHE_ON_FAILURE: false
2026-10-08T05:02:04.4980491Z ##[endgroup]
2026-10-08T05:02:06.1453898Z From https://github.com/jyqj/codecortex
2026-10-08T05:02:06.1454407Z  * branch            da8b618cbf8b67683c6b16880419089f7159c15e -> FETCH_HEAD
2026-10-08T05:02:06.7777740Z test_build_barrier_candidate_own_smoke_and_one_formal_run (test_driver.DriverTests.test_build_barrier_candidate_own_smoke_and_one_formal_run) ... ok
2026-10-08T05:02:07.7701691Z test_composed_preflight_32_only_fake_product_cache_http_and_all_phases (test_driver.DriverTests.test_composed_preflight_32_only_fake_product_cache_http_and_all_phases) ... ok
2026-10-08T05:02:07.7722442Z test_failed_smoke_preserved_no_formal_no_build_fallback (test_driver.DriverTests.test_failed_smoke_preserved_no_formal_no_build_fallback) ... ok
2026-10-08T05:02:08.2790635Z test_fake_build_phase_completes_before_receipt_and_never_launches_product (test_driver.DriverTests.test_fake_build_phase_completes_before_receipt_and_never_launches_product) ... ok
2026-10-08T05:02:08.3092929Z test_fake_product_single_reader_initialized_unpack_phase_normal_stop (test_driver.DriverTests.test_fake_product_single_reader_initialized_unpack_phase_normal_stop) ... ok
2026-10-08T05:02:08.3467835Z test_guard_persists_failure_before_waking_fixture_pending_and_ready_check (test_driver.DriverTests.test_guard_persists_failure_before_waking_fixture_pending_and_ready_check) ... ok
2026-10-08T05:02:08.3497017Z test_import_help_manifest_never_launch_or_build (test_driver.DriverTests.test_import_help_manifest_never_launch_or_build) ... ok
2026-10-08T05:02:08.3534081Z test_manifest_exact_protocol_and_preserved_helpers (test_driver.DriverTests.test_manifest_exact_protocol_and_preserved_helpers) ... ok
2026-10-08T05:02:08.3711380Z test_measurement_cannot_build_and_all_original_postready_gates_survive (test_driver.DriverTests.test_measurement_cannot_build_and_all_original_postready_gates_survive) ... ok
2026-10-08T05:02:08.3714235Z test_missing_receipts_cannot_reach_preflight_or_measurement (test_driver.DriverTests.test_missing_receipts_cannot_reach_preflight_or_measurement) ... ok
2026-10-08T05:02:08.4036545Z test_pinned_blob_bytes_reject_change_even_when_git_hides_dirty_file (test_driver.DriverTests.test_pinned_blob_bytes_reject_change_even_when_git_hides_dirty_file) ... ok
2026-10-08T05:02:08.4041409Z test_unreadable_required_group_is_error_not_zero_or_product_fallback (test_driver.DriverTests.test_unreadable_required_group_is_error_not_zero_or_product_fallback) ... ok
2026-10-08T05:02:08.4818827Z test_compiler_proxy_keeps_its_invocation_basename (test_p7_build_identity.BuildIdentityTests.test_compiler_proxy_keeps_its_invocation_basename) ... ok
2026-10-08T05:02:08.5267936Z test_dirty_missing_extra_and_ignored_inputs_are_rejected (test_p7_build_identity.BuildIdentityTests.test_dirty_missing_extra_and_ignored_inputs_are_rejected) ... ok
2026-10-08T05:02:08.5406712Z test_equal_byte_symlink_inventory_root_is_rejected (test_p7_build_identity.BuildIdentityTests.test_equal_byte_symlink_inventory_root_is_rejected) ... ok
2026-10-08T05:02:08.5543088Z test_existing_evidence_is_unchanged_on_retry (test_p7_build_identity.BuildIdentityTests.test_existing_evidence_is_unchanged_on_retry) ... ok
2026-10-08T05:02:08.5686356Z test_foreign_checkout_and_test_artifacts_are_rejected (test_p7_build_identity.BuildIdentityTests.test_foreign_checkout_and_test_artifacts_are_rejected) ... ok
2026-10-08T05:02:08.7527771Z test_receipt_captures_source_compiler_profile_and_binary (test_p7_build_identity.BuildIdentityTests.test_receipt_captures_source_compiler_profile_and_binary) ... ok
2026-10-08T05:02:08.9346947Z test_selected_compiler_and_disabled_wrappers_reach_actual_build (test_p7_build_identity.BuildIdentityTests.test_selected_compiler_and_disabled_wrappers_reach_actual_build) ... ok
2026-10-08T05:02:09.2800254Z test_shared_target_is_overridden_and_foreign_product_rejected (test_p7_build_identity.BuildIdentityTests.test_shared_target_is_overridden_and_foreign_product_rejected) ... ok
2026-10-08T05:02:09.3038313Z test_snapshot_is_bound_to_commit_and_exact_unicode_bytes (test_p7_build_identity.BuildIdentityTests.test_snapshot_is_bound_to_commit_and_exact_unicode_bytes) ... ok
2026-10-08T05:02:09.5202934Z test_source_mutation_and_compiler_failure_cannot_produce_receipt (test_p7_build_identity.BuildIdentityTests.test_source_mutation_and_compiler_failure_cannot_produce_receipt) ... ok
2026-10-08T05:02:09.5407112Z test_symlink_cannot_stand_in_for_equal_source_bytes (test_p7_build_identity.BuildIdentityTests.test_symlink_cannot_stand_in_for_equal_source_bytes) ... ok
2026-10-08T05:02:09.5623028Z test_authority_drift_and_changed_original_acceptance_are_rejected (test_p7_gate_report.GateReportTests.test_authority_drift_and_changed_original_acceptance_are_rejected) ... ok
2026-10-08T05:02:09.7046930Z test_cli_refuses_to_overwrite_previous_review_dossier (test_p7_gate_report.GateReportTests.test_cli_refuses_to_overwrite_previous_review_dossier) ... ok
2026-10-08T05:02:09.7295399Z test_done_cannot_skip_hard_dependencies_or_reclassify_live_as_implementation (test_p7_gate_report.GateReportTests.test_done_cannot_skip_hard_dependencies_or_reclassify_live_as_implementation) ... ok
2026-10-08T05:02:09.7543030Z test_duplicate_or_nonfinite_json_and_incomplete_wiring_are_rejected (test_p7_gate_report.GateReportTests.test_duplicate_or_nonfinite_json_and_incomplete_wiring_are_rejected) ... ok
2026-10-08T05:02:09.7871546Z test_incomplete_dossier_is_never_gate_or_live_approval (test_p7_gate_report.GateReportTests.test_incomplete_dossier_is_never_gate_or_live_approval) ... ok
2026-10-08T05:02:09.8200909Z test_missing_current_entries_do_not_reopen_accepted_tasks (test_p7_gate_report.GateReportTests.test_missing_current_entries_do_not_reopen_accepted_tasks) ... ok
2026-10-08T05:02:09.8759844Z test_old_source_remains_mixed_and_dirty_current_source_is_rejected (test_p7_gate_report.GateReportTests.test_old_source_remains_mixed_and_dirty_current_source_is_rejected) ... ok
2026-10-08T05:02:09.9161298Z test_progress_separates_acceptance_audit_and_blocked_disposition (test_p7_gate_report.GateReportTests.test_progress_separates_acceptance_audit_and_blocked_disposition) ... ok
2026-10-08T05:02:09.9491253Z test_wrong_artifact_bytes_and_symlink_or_traversal_cannot_enter_report (test_p7_gate_report.GateReportTests.test_wrong_artifact_bytes_and_symlink_or_traversal_cannot_enter_report) ... ok
2026-10-08T05:02:09.9494206Z test_all_pending_guard_woken_and_future_requests_rejected (test_runtime.RuntimeTests.test_all_pending_guard_woken_and_future_requests_rejected) ... ok
2026-10-08T05:02:09.9523274Z test_concurrent_append_no_loss (test_runtime.RuntimeTests.test_concurrent_append_no_loss) ... ok
2026-10-08T05:02:09.9865248Z test_fixture_exit_and_malformed_reader_wake_pending (test_runtime.RuntimeTests.test_fixture_exit_and_malformed_reader_wake_pending) ... ok
2026-10-08T05:02:10.0125246Z test_fixture_response_and_normal_eof_logs (test_runtime.RuntimeTests.test_fixture_response_and_normal_eof_logs) ... ok
2026-10-08T05:02:10.0387376Z test_fixture_rpc_timeout_then_late_response_is_logged (test_runtime.RuntimeTests.test_fixture_rpc_timeout_then_late_response_is_logged) ... ok
2026-10-08T05:02:10.0554856Z test_fixture_stdout_eof_wakes_before_root_exit (test_runtime.RuntimeTests.test_fixture_stdout_eof_wakes_before_root_exit) ... ok
2026-10-08T05:02:10.0559992Z test_guard_and_response_concurrent_first_delivery_wins (test_runtime.RuntimeTests.test_guard_and_response_concurrent_first_delivery_wins) ... ok
2026-10-08T05:02:10.0883801Z test_guard_notifies_before_controlled_fixture_eof (test_runtime.RuntimeTests.test_guard_notifies_before_controlled_fixture_eof) ... ok
2026-10-08T05:02:10.0891393Z test_missing_or_malformed_counters_unknown (test_runtime.RuntimeTests.test_missing_or_malformed_counters_unknown) ... ok
2026-10-08T05:02:10.0892250Z test_protocol_constants_unchanged (test_runtime.RuntimeTests.test_protocol_constants_unchanged) ... ok
2026-10-08T05:02:10.0906411Z test_readonly_composition_phase_and_labels (test_runtime.RuntimeTests.test_readonly_composition_phase_and_labels) ... ok
2026-10-08T05:02:10.0907945Z test_response_delivered_before_guard_does_not_clear_failed_gate (test_runtime.RuntimeTests.test_response_delivered_before_guard_does_not_clear_failed_gate) ... ok
2026-10-08T05:02:10.0912481Z test_response_guard_eof_exit_order_and_late_logs (test_runtime.RuntimeTests.test_response_guard_eof_exit_order_and_late_logs) ... ok
2026-10-08T05:02:10.1015368Z test_timeout_preserves_late_response_and_removes_pending (test_runtime.RuntimeTests.test_timeout_preserves_late_response_and_removes_pending) ... ok
2026-10-08T05:02:10.1016125Z 
2026-10-08T05:02:10.1016338Z ----------------------------------------------------------------------
2026-10-08T05:02:10.1017063Z Ran 46 tests in 3.331s
2026-10-08T05:02:10.1017289Z 
2026-10-08T05:02:10.1017387Z OK
2026-10-08T05:02:10.1631404Z {"status": "passed", "task_count": 192, "states": {"done": 153, "in_progress": 21, "todo": 17, "blocked": 1}, "task_sha256": "a7ebacf3903f3f405e3c5ba4d19f5590107467b55ede35c4d675516c07cf4e68", "views": 4}
2026-10-08T05:02:10.4708293Z test_cli_refuses_existing_output_without_adding_a_failure_record (test_p8_candidate_execution.CandidateExecutionTests.test_cli_refuses_existing_output_without_adding_a_failure_record) ... ok
2026-10-08T05:02:10.5008762Z test_dev_cannot_be_relabelled_as_release (test_p8_candidate_execution.CandidateExecutionTests.test_dev_cannot_be_relabelled_as_release) ... ok
2026-10-08T05:02:10.6909884Z test_drift_controls_only_mutate_disposable_copies (test_p8_candidate_execution.CandidateExecutionTests.test_drift_controls_only_mutate_disposable_copies) ... ok
2026-10-08T05:02:10.7301926Z test_exact_binding_accepts_only_the_supplied_fixture_bytes (test_p8_candidate_execution.CandidateExecutionTests.test_exact_binding_accepts_only_the_supplied_fixture_bytes) ... ok
2026-10-08T05:02:10.7609555Z test_failed_build_finish_and_escaped_source_manifest_are_rejected (test_p8_candidate_execution.CandidateExecutionTests.test_failed_build_finish_and_escaped_source_manifest_are_rejected) ... ok
2026-10-08T05:02:10.7931418Z test_mixed_source_and_changed_raw_artifact_are_rejected (test_p8_candidate_execution.CandidateExecutionTests.test_mixed_source_and_changed_raw_artifact_are_rejected) ... ok
2026-10-08T05:02:10.9416128Z test_printed_pass_does_not_replace_real_process_exit (test_p8_candidate_execution.CandidateExecutionTests.test_printed_pass_does_not_replace_real_process_exit) ... ok
2026-10-08T05:02:10.9727169Z test_test_artifact_or_semantic_features_cannot_impersonate_default_product (test_p8_candidate_execution.CandidateExecutionTests.test_test_artifact_or_semantic_features_cannot_impersonate_default_product) ... ok
2026-10-08T05:02:10.9903139Z test_actual_zero_exit_fake_evaluator_cannot_fake_a_completed_run (test_p8_compat.CompatLockTests.test_actual_zero_exit_fake_evaluator_cannot_fake_a_completed_run) ... ok
2026-10-08T05:02:11.0008753Z test_bound_synthetic_control_is_explicitly_a_control (test_p8_compat.CompatLockTests.test_bound_synthetic_control_is_explicitly_a_control) ... ok
2026-10-08T05:02:11.0055203Z test_comparison_identity_difference_is_nonzero_before_comparator (test_p8_compat.CompatLockTests.test_comparison_identity_difference_is_nonzero_before_comparator) ... ok
2026-10-08T05:02:11.0166802Z test_existing_output_is_never_overwritten (test_p8_compat.CompatLockTests.test_existing_output_is_never_overwritten) ... ok
2026-10-08T05:02:11.0655411Z test_external_git_head_and_dirty_state_are_actually_checked (test_p8_compat.CompatLockTests.test_external_git_head_and_dirty_state_are_actually_checked) ... ok
2026-10-08T05:02:11.0691528Z test_external_name_cannot_relabel_control_source_as_flask (test_p8_compat.CompatLockTests.test_external_name_cannot_relabel_control_source_as_flask) ... ok
2026-10-08T05:02:11.0795516Z test_holdout_file_pointer_and_symlink_source_are_rejected (test_p8_compat.CompatLockTests.test_holdout_file_pointer_and_symlink_source_are_rejected) ... ok
2026-10-08T05:02:11.0905615Z test_native_profile_cannot_use_compat_scorer (test_p8_compat.CompatLockTests.test_native_profile_cannot_use_compat_scorer) ... ok
2026-10-08T05:02:11.0976925Z test_negative_signal_exit_cannot_be_maxed_into_a_green_comparison (test_p8_compat.CompatLockTests.test_negative_signal_exit_cannot_be_maxed_into_a_green_comparison) ... ok
2026-10-08T05:02:11.1082556Z test_output_cannot_overlap_or_replace_inputs (test_p8_compat.CompatLockTests.test_output_cannot_overlap_or_replace_inputs) ... ok
2026-10-08T05:02:11.1129511Z test_platform_and_glob_policy_mismatch_are_rejected (test_p8_compat.CompatLockTests.test_platform_and_glob_policy_mismatch_are_rejected) ... ok
2026-10-08T05:02:11.1296743Z test_query_or_binary_or_scorer_mutation_rejects_before_spawn (test_p8_compat.CompatLockTests.test_query_or_binary_or_scorer_mutation_rejects_before_spawn) ... ok
2026-10-08T05:02:11.1360174Z test_raw_copy_preserves_original_and_rejects_later_drift (test_p8_compat.CompatLockTests.test_raw_copy_preserves_original_and_rejects_later_drift) ... ok
2026-10-08T05:02:11.1463155Z test_source_manifest_extra_or_omitted_file_is_rejected (test_p8_compat.CompatLockTests.test_source_manifest_extra_or_omitted_file_is_rejected) ... ok
2026-10-08T05:02:11.1498789Z test_wrong_external_commit_is_not_accepted (test_p8_compat.CompatLockTests.test_wrong_external_commit_is_not_accepted) ... ok
2026-10-08T05:02:11.1571997Z test_zero_exit_comparator_must_emit_a_comparison_artifact (test_p8_compat.CompatLockTests.test_zero_exit_comparator_must_emit_a_comparison_artifact) ... ok
2026-10-08T05:02:11.1574011Z test_compat_text_and_primary_order_drift_are_separate_errors (test_p8_corpus_audit.CorpusRulesTests.test_compat_text_and_primary_order_drift_are_separate_errors) ... ok
2026-10-08T05:02:11.1576210Z test_duplicate_id_is_not_hidden_by_dictionary_overwrite (test_p8_corpus_audit.CorpusRulesTests.test_duplicate_id_is_not_hidden_by_dictionary_overwrite) ... ok
2026-10-08T05:02:11.1798567Z test_duplicate_json_key_and_unknown_schema_are_rejected (test_p8_corpus_audit.CorpusRulesTests.test_duplicate_json_key_and_unknown_schema_are_rejected) ... ok
2026-10-08T05:02:11.1800349Z test_omitted_compat_answer_is_not_silently_accepted (test_p8_corpus_audit.CorpusRulesTests.test_omitted_compat_answer_is_not_silently_accepted) ... ok
2026-10-08T05:02:11.1802712Z test_query_parser_rejects_nondev_before_echoing_a_body (test_p8_corpus_audit.CorpusRulesTests.test_query_parser_rejects_nondev_before_echoing_a_body) ... ok
2026-10-08T05:02:11.1805396Z test_source_evidence_hash_detects_equal_length_corruption (test_p8_corpus_audit.CorpusRulesTests.test_source_evidence_hash_detects_equal_length_corruption) ... ok
2026-10-08T05:02:11.1807943Z test_source_outside_domain_cannot_be_counted_as_valid_span (test_p8_corpus_audit.CorpusRulesTests.test_source_outside_domain_cannot_be_counted_as_valid_span) ... ok
2026-10-08T05:02:11.1809981Z test_source_span_and_utf8_boundaries_are_checked (test_p8_corpus_audit.CorpusRulesTests.test_source_span_and_utf8_boundaries_are_checked) ... ok
2026-10-08T05:02:11.1811319Z test_unsafe_and_protected_paths_rejected (test_p8_corpus_audit.CorpusRulesTests.test_unsafe_and_protected_paths_rejected) ... ok
2026-10-08T05:02:11.1812697Z test_valid_projection_keeps_no_answer_out_of_compat_denominator (test_p8_corpus_audit.CorpusRulesTests.test_valid_projection_keeps_no_answer_out_of_compat_denominator) ... ok
2026-10-08T05:02:11.1965644Z test_byte_limit_rejects_before_git_show (test_p8_corpus_audit.PinnedGitTests.test_byte_limit_rejects_before_git_show) ... ok
2026-10-08T05:02:11.2160802Z test_read_is_exact_historical_blob_not_current_mutable_file (test_p8_corpus_audit.PinnedGitTests.test_read_is_exact_historical_blob_not_current_mutable_file) ... ok
2026-10-08T05:02:11.2410968Z test_symlink_git_mode_rejected_even_with_matching_content_hash (test_p8_corpus_audit.PinnedGitTests.test_symlink_git_mode_rejected_even_with_matching_content_hash) ... ok
2026-10-08T05:02:11.2552164Z test_unlisted_and_protected_entries_never_call_git (test_p8_corpus_audit.PinnedGitTests.test_unlisted_and_protected_entries_never_call_git) ... ok
2026-10-08T05:02:11.2740954Z test_wrong_digest_is_rejected_without_adding_verified_cache (test_p8_corpus_audit.PinnedGitTests.test_wrong_digest_is_rejected_without_adding_verified_cache) ... ok
2026-10-08T05:02:11.2838195Z test_caller_repinning_malformed_mapping_still_gets_failure_receipt (test_p8_judge_evidence.JudgeEvidenceTests.test_caller_repinning_malformed_mapping_still_gets_failure_receipt) ... ok
2026-10-08T05:02:11.3430764Z test_cli_has_explicit_local_status_and_retains_failure_receipt (test_p8_judge_evidence.JudgeEvidenceTests.test_cli_has_explicit_local_status_and_retains_failure_receipt) ... ok
2026-10-08T05:02:11.3489055Z test_duplicate_json_nonfinite_and_size_limits_are_enforced (test_p8_judge_evidence.JudgeEvidenceTests.test_duplicate_json_nonfinite_and_size_limits_are_enforced) ... ok
2026-10-08T05:02:11.3587039Z test_duplicate_missing_or_unknown_candidate_system_is_rejected (test_p8_judge_evidence.JudgeEvidenceTests.test_duplicate_missing_or_unknown_candidate_system_is_rejected) ... ok
2026-10-08T05:02:11.3659085Z test_evidence_hash_and_line_contracts_reject_false_bindings (test_p8_judge_evidence.JudgeEvidenceTests.test_evidence_hash_and_line_contracts_reject_false_bindings) ... ok
2026-10-08T05:02:11.3719104Z test_existing_output_is_never_reused (test_p8_judge_evidence.JudgeEvidenceTests.test_existing_output_is_never_reused) ... ok
2026-10-08T05:02:11.3778033Z test_fixed_packet_binds_model_prompt_gold_and_original_mapping (test_p8_judge_evidence.JudgeEvidenceTests.test_fixed_packet_binds_model_prompt_gold_and_original_mapping) ... ok
2026-10-08T05:02:11.3834034Z test_floating_revision_is_not_a_fixed_model (test_p8_judge_evidence.JudgeEvidenceTests.test_floating_revision_is_not_a_fixed_model) ... ok
2026-10-08T05:02:11.3907873Z test_heldout_empty_and_duplicate_cases_are_not_admitted (test_p8_judge_evidence.JudgeEvidenceTests.test_heldout_empty_and_duplicate_cases_are_not_admitted) ... ok
2026-10-08T05:02:11.3937419Z test_known_name_leak_is_rejected_without_redacting_source (test_p8_judge_evidence.JudgeEvidenceTests.test_known_name_leak_is_rejected_without_redacting_source) ... ok
2026-10-08T05:02:11.3995192Z test_prepare_preserves_untrusted_text_as_data_and_blinds_metadata (test_p8_judge_evidence.JudgeEvidenceTests.test_prepare_preserves_untrusted_text_as_data_and_blinds_metadata) ... ok
2026-10-08T05:02:11.4036941Z test_prompt_name_leak_and_unknown_plan_fields_are_rejected (test_p8_judge_evidence.JudgeEvidenceTests.test_prompt_name_leak_and_unknown_plan_fields_are_rejected) ... ok
2026-10-08T05:02:11.4175295Z test_reconcile_rejects_false_execution_claim_and_model_revision_drift (test_p8_judge_evidence.JudgeEvidenceTests.test_reconcile_rejects_false_execution_claim_and_model_revision_drift) ... ok
2026-10-08T05:02:11.4376671Z test_reconcile_rejects_unknown_duplicate_and_missing_verdict_rows (test_p8_judge_evidence.JudgeEvidenceTests.test_reconcile_rejects_unknown_duplicate_and_missing_verdict_rows) ... ok
2026-10-08T05:02:11.4461268Z test_reconcile_rejects_wrong_external_pin_and_private_mapping_drift (test_p8_judge_evidence.JudgeEvidenceTests.test_reconcile_rejects_wrong_external_pin_and_private_mapping_drift) ... ok
2026-10-08T05:02:11.4566792Z test_reconcile_routes_every_opinion_to_manual_review_without_gold_changes (test_p8_judge_evidence.JudgeEvidenceTests.test_reconcile_routes_every_opinion_to_manual_review_without_gold_changes) ... ok
2026-10-08T05:02:11.4595939Z test_run_id_cannot_reveal_compared_system_names (test_p8_judge_evidence.JudgeEvidenceTests.test_run_id_cannot_reveal_compared_system_names) ... ok
2026-10-08T05:02:11.4645442Z test_traversal_symlink_and_missing_references_fail_closed (test_p8_judge_evidence.JudgeEvidenceTests.test_traversal_symlink_and_missing_references_fail_closed) ... ok
2026-10-08T05:02:11.4647577Z test_body_fields_are_not_accepted_as_metadata (test_p8_leakage_audit.FamilyBoundaryTests.test_body_fields_are_not_accepted_as_metadata) ... ok
2026-10-08T05:02:11.4649689Z test_exact_fingerprint_leak_detected_without_body_access (test_p8_leakage_audit.FamilyBoundaryTests.test_exact_fingerprint_leak_detected_without_body_access) ... ok
2026-10-08T05:02:11.4651895Z test_independent_metadata_components_can_remain_separated (test_p8_leakage_audit.FamilyBoundaryTests.test_independent_metadata_components_can_remain_separated) ... ok
2026-10-08T05:02:11.4666779Z test_missing_and_duplicate_membership_are_errors (test_p8_leakage_audit.FamilyBoundaryTests.test_missing_and_duplicate_membership_are_errors) ... ok
2026-10-08T05:02:11.4669039Z test_transitive_component_does_not_hide_cross_split_relation (test_p8_leakage_audit.FamilyBoundaryTests.test_transitive_component_does_not_hide_cross_split_relation) ... ok
2026-10-08T05:02:11.4670851Z test_translation_family_split_is_quarantined_even_with_distinct_hashes (test_p8_leakage_audit.FamilyBoundaryTests.test_translation_family_split_is_quarantined_even_with_distinct_hashes) ... ok
2026-10-08T05:02:11.4672482Z test_benchmark_include_is_flagged (test_p8_leakage_audit.ProductionBoundaryTests.test_benchmark_include_is_flagged) ... ok
2026-10-08T05:02:11.4673784Z test_dev_dependency_is_reported_outside_production_scope (test_p8_leakage_audit.ProductionBoundaryTests.test_dev_dependency_is_reported_outside_production_scope) ... ok
2026-10-08T05:02:11.4675440Z test_generic_source_is_not_marked_as_a_corpus_hit (test_p8_leakage_audit.ProductionBoundaryTests.test_generic_source_is_not_marked_as_a_corpus_hit) ... ok
2026-10-08T05:02:11.4676751Z test_gold_path_in_inline_test_is_preserved_for_review (test_p8_leakage_audit.ProductionBoundaryTests.test_gold_path_in_inline_test_is_preserved_for_review) ... ok
2026-10-08T05:02:11.4678024Z test_inherited_workspace_alias_is_resolved_before_checking (test_p8_leakage_audit.ProductionBoundaryTests.test_inherited_workspace_alias_is_resolved_before_checking) ... ok
2026-10-08T05:02:11.4679268Z test_literal_query_dictionary_injection_detected (test_p8_leakage_audit.ProductionBoundaryTests.test_literal_query_dictionary_injection_detected) ... ok
2026-10-08T05:02:11.4680408Z test_missing_workspace_alias_is_input_failure (test_p8_leakage_audit.ProductionBoundaryTests.test_missing_workspace_alias_is_input_failure) ... ok
2026-10-08T05:02:11.4681492Z test_platform_build_dependency_is_checked (test_p8_leakage_audit.ProductionBoundaryTests.test_platform_build_dependency_is_checked) ... ok
2026-10-08T05:02:11.4682575Z test_raw_and_escaped_literal_queries_detected (test_p8_leakage_audit.ProductionBoundaryTests.test_raw_and_escaped_literal_queries_detected) ... ok
2026-10-08T05:02:11.4683721Z test_renamed_eval_dependency_is_not_hidden_by_alias (test_p8_leakage_audit.ProductionBoundaryTests.test_renamed_eval_dependency_is_not_hidden_by_alias) ... ok
2026-10-08T05:02:11.4854137Z test_authored_source_mutation_addition_and_deletion_are_visible (test_p8_platform.PlatformControls.test_authored_source_mutation_addition_and_deletion_are_visible) ... ok
2026-10-08T05:02:11.5727313Z test_compiler_byte_replacement_is_rejected (test_p8_platform.PlatformControls.test_compiler_byte_replacement_is_rejected) ... ok
2026-10-08T05:02:11.7303897Z test_default_and_semantic_are_separate_feature_cells (test_p8_platform.PlatformControls.test_default_and_semantic_are_separate_feature_cells) ... ok
2026-10-08T05:02:11.7461791Z test_existing_output_preserves_earlier_receipt (test_p8_platform.PlatformControls.test_existing_output_preserves_earlier_receipt) ... ok
2026-10-08T05:02:11.7655280Z test_expired_backup_deadline_retains_failed_destination (test_p8_platform.PlatformControls.test_expired_backup_deadline_retains_failed_destination) ... ok
2026-10-08T05:02:11.8526224Z test_external_target_artifact_is_rejected (test_p8_platform.PlatformControls.test_external_target_artifact_is_rejected) ... ok
2026-10-08T05:02:11.9112163Z test_failed_build_preserves_nonzero_receipt_and_raw_stderr (test_p8_platform.PlatformControls.test_failed_build_preserves_nonzero_receipt_and_raw_stderr) ... ok
2026-10-08T05:02:11.9992841Z test_feature_lie_is_rejected_even_after_log_digest_update (test_p8_platform.PlatformControls.test_feature_lie_is_rejected_even_after_log_digest_update) ... ok
2026-10-08T05:02:12.0241381Z test_invalid_source_still_preserves_eight_unpassed_cells (test_p8_platform.PlatformControls.test_invalid_source_still_preserves_eight_unpassed_cells) ... ok
2026-10-08T05:02:12.0502827Z test_inventory_does_not_build_an_available_toolchain (test_p8_platform.PlatformControls.test_inventory_does_not_build_an_available_toolchain) ... ok
2026-10-08T05:02:12.0768336Z test_inventory_has_eight_not_run_cells_and_nonzero_exit (test_p8_platform.PlatformControls.test_inventory_has_eight_not_run_cells_and_nonzero_exit) ... ok
2026-10-08T05:02:12.1631797Z test_linux_receipt_does_not_certify_macos (test_p8_platform.PlatformControls.test_linux_receipt_does_not_certify_macos) ... ok
2026-10-08T05:02:12.2498398Z test_missing_stderr_digest_is_rejected (test_p8_platform.PlatformControls.test_missing_stderr_digest_is_rejected) ... ok
2026-10-08T05:02:12.2660536Z test_missing_tracking_toolchain_never_invokes_rustup_which (test_p8_platform.PlatformControls.test_missing_tracking_toolchain_never_invokes_rustup_which) ... ok
2026-10-08T05:02:12.3522222Z test_newer_compiler_does_not_certify_msrv (test_p8_platform.PlatformControls.test_newer_compiler_does_not_certify_msrv) ... ok
2026-10-08T05:02:12.3679601Z test_output_symlink_is_refused (test_p8_platform.PlatformControls.test_output_symlink_is_refused) ... ok
2026-10-08T05:02:12.4554487Z test_profile_lie_is_rejected (test_p8_platform.PlatformControls.test_profile_lie_is_rejected) ... ok
2026-10-08T05:02:12.4712096Z test_rebuild_controls_reject_reuse_sentinel_loss_and_bad_integrity (test_p8_platform.PlatformControls.test_rebuild_controls_reject_reuse_sentinel_loss_and_bad_integrity) ... ok
2026-10-08T05:02:12.5494184Z test_rollback_accepts_existing_receipt_without_relabelling_its_source (test_p8_platform.PlatformControls.test_rollback_accepts_existing_receipt_without_relabelling_its_source) ... ok
2026-10-08T05:02:12.6274533Z test_rollback_rejects_unbound_source_or_manifest_traversal (test_p8_platform.PlatformControls.test_rollback_rejects_unbound_source_or_manifest_traversal) ... ok
2026-10-08T05:02:12.7050796Z test_rollback_rejects_wrong_package_or_changed_binary (test_p8_platform.PlatformControls.test_rollback_rejects_wrong_package_or_changed_binary) ... ok
2026-10-08T05:02:12.7221380Z test_source_commit_pin_is_enforced (test_p8_platform.PlatformControls.test_source_commit_pin_is_enforced) ... ok
2026-10-08T05:02:12.8082893Z test_source_drift_is_detected_despite_assume_unchanged (test_p8_platform.PlatformControls.test_source_drift_is_detected_despite_assume_unchanged) ... ok
2026-10-08T05:02:12.8287353Z test_sqlite_backup_includes_committed_wal_and_is_exclusive (test_p8_platform.PlatformControls.test_sqlite_backup_includes_committed_wal_and_is_exclusive) ... ok
2026-10-08T05:02:12.8514859Z test_symlink_source_with_identical_bytes_is_rejected (test_p8_platform.PlatformControls.test_symlink_source_with_identical_bytes_is_rejected) ... ok
2026-10-08T05:02:12.9285794Z test_unlocked_command_is_rejected (test_p8_platform.PlatformControls.test_unlocked_command_is_rejected) ... ok
2026-10-08T05:02:12.9446343Z test_unreadable_toolchain_inventory_cannot_pass (test_p8_platform.PlatformControls.test_unreadable_toolchain_inventory_cannot_pass) ... ok
2026-10-08T05:02:12.9674210Z test_untracked_and_ignored_build_inputs_are_rejected (test_p8_platform.PlatformControls.test_untracked_and_ignored_build_inputs_are_rejected) ... ok
2026-10-08T05:02:13.0544358Z test_valid_cold_contract_replays (test_p8_platform.PlatformControls.test_valid_cold_contract_replays) ... ok
2026-10-08T05:02:13.1407326Z test_warm_artifact_cannot_be_relabelled_cold (test_p8_platform.PlatformControls.test_warm_artifact_cannot_be_relabelled_cold) ... ok
2026-10-08T05:02:13.1415266Z test_async_operation_retains_actual_result_or_error (test_p8_recovery.RecoveryControls.test_async_operation_retains_actual_result_or_error) ... ok
2026-10-08T05:02:13.1430242Z test_busy_retries_are_bounded_and_generic_errors_fail_immediately (test_p8_recovery.RecoveryControls.test_busy_retries_are_bounded_and_generic_errors_fail_immediately) ... ok
2026-10-08T05:02:13.1462036Z test_cancelled_case_leaves_unstarted_scenarios_not_run (test_p8_recovery.RecoveryControls.test_cancelled_case_leaves_unstarted_scenarios_not_run) ... ok
2026-10-08T05:02:13.1468803Z test_deleted_symbol_or_deleted_path_is_a_hard_failure (test_p8_recovery.RecoveryControls.test_deleted_symbol_or_deleted_path_is_a_hard_failure) ... ok
2026-10-08T05:02:13.1474027Z test_echoed_query_is_not_a_successful_hit (test_p8_recovery.RecoveryControls.test_echoed_query_is_not_a_successful_hit) ... ok
2026-10-08T05:02:13.1702552Z test_engineering_source_or_build_log_drift_is_rejected (test_p8_recovery.RecoveryControls.test_engineering_source_or_build_log_drift_is_rejected) ... ok
2026-10-08T05:02:13.1865151Z test_engineering_witness_cannot_claim_cold_or_invent_source_count (test_p8_recovery.RecoveryControls.test_engineering_witness_cannot_claim_cold_or_invent_source_count) ... ok
2026-10-08T05:02:13.2051985Z test_engineering_witness_is_bound_but_cannot_pass_the_cold_receipt_path (test_p8_recovery.RecoveryControls.test_engineering_witness_is_bound_but_cannot_pass_the_cold_receipt_path) ... ok
2026-10-08T05:02:13.2101930Z test_failed_case_is_preserved_and_cannot_make_green_rollup (test_p8_recovery.RecoveryControls.test_failed_case_is_preserved_and_cannot_make_green_rollup) ... ok
2026-10-08T05:02:13.2112746Z test_false_source_path_or_span_cannot_prove_recovery (test_p8_recovery.RecoveryControls.test_false_source_path_or_span_cannot_prove_recovery) ... ok
2026-10-08T05:02:13.2118107Z test_missing_or_malformed_result_array_is_not_empty_success (test_p8_recovery.RecoveryControls.test_missing_or_malformed_result_array_is_not_empty_success) ... ok
2026-10-08T05:02:13.2123531Z test_observed_kill_requires_terminal_failure_of_pending_request (test_p8_recovery.RecoveryControls.test_observed_kill_requires_terminal_failure_of_pending_request) ... ok
2026-10-08T05:02:13.2133500Z test_only_explicit_busy_failures_are_retried (test_p8_recovery.RecoveryControls.test_only_explicit_busy_failures_are_retried) ... ok
2026-10-08T05:02:13.2141373Z test_product_initialization_reuses_existing_protocol (test_p8_recovery.RecoveryControls.test_product_initialization_reuses_existing_protocol) ... ok
2026-10-08T05:02:13.2148544Z test_public_symbol_is_proven_against_its_actual_source_span (test_p8_recovery.RecoveryControls.test_public_symbol_is_proven_against_its_actual_source_span) ... ok
2026-10-08T05:02:13.2156528Z test_ready_receipt_requires_live_transport_and_honest_disabled_state (test_p8_recovery.RecoveryControls.test_ready_receipt_requires_live_transport_and_honest_disabled_state) ... ok
2026-10-08T05:02:13.2174269Z test_request_observation_has_a_real_deadline (test_p8_recovery.RecoveryControls.test_request_observation_has_a_real_deadline) ... ok
2026-10-08T05:02:13.2190770Z test_source_snapshot_never_opens_sqlite_cache_files (test_p8_recovery.RecoveryControls.test_source_snapshot_never_opens_sqlite_cache_files) ... ok
2026-10-08T05:02:13.2199869Z test_stop_observation_uses_the_owned_child_wait_event (test_p8_recovery.RecoveryControls.test_stop_observation_uses_the_owned_child_wait_event) ... ok
2026-10-08T05:02:13.2208049Z test_symbol_name_cannot_hide_wrong_source_bytes (test_p8_recovery.RecoveryControls.test_symbol_name_cannot_hide_wrong_source_bytes) ... ok
2026-10-08T05:02:13.4130081Z test_archive_existing_run_is_unchanged (test_p8_release_evidence.ReleaseEvidenceTests.test_archive_existing_run_is_unchanged) ... ok
2026-10-08T05:02:13.5888236Z test_archive_payload_missing_extra_and_checksum_tampering (test_p8_release_evidence.ReleaseEvidenceTests.test_archive_payload_missing_extra_and_checksum_tampering) ... ok
2026-10-08T05:02:13.7722081Z test_archive_roundtrip_and_offline_portability_with_external_checksum (test_p8_release_evidence.ReleaseEvidenceTests.test_archive_roundtrip_and_offline_portability_with_external_checksum) ... ok
2026-10-08T05:02:13.8376128Z test_candidate_snapshot_corruption_and_manifest_digest_are_detected (test_p8_release_evidence.ReleaseEvidenceTests.test_candidate_snapshot_corruption_and_manifest_digest_are_detected) ... ok
2026-10-08T05:02:14.0404728Z test_cli_success_invalid_and_failed_gate_exit_codes (test_p8_release_evidence.ReleaseEvidenceTests.test_cli_success_invalid_and_failed_gate_exit_codes) ... ok
2026-10-08T05:02:14.1510804Z test_corpus_added_deleted_and_symlink_files_are_rejected (test_p8_release_evidence.ReleaseEvidenceTests.test_corpus_added_deleted_and_symlink_files_are_rejected) ... ok
2026-10-08T05:02:14.1825270Z test_corpus_output_overlap_and_holdout_subtree_are_rejected (test_p8_release_evidence.ReleaseEvidenceTests.test_corpus_output_overlap_and_holdout_subtree_are_rejected) ... ok
2026-10-08T05:02:14.2090648Z test_directory_and_fifo_inputs_fail_without_blocking (test_p8_release_evidence.ReleaseEvidenceTests.test_directory_and_fifo_inputs_fail_without_blocking) ... ok
2026-10-08T05:02:14.3056468Z test_dirty_added_and_deleted_inputs_remain_explicit (test_p8_release_evidence.ReleaseEvidenceTests.test_dirty_added_and_deleted_inputs_remain_explicit) ... ok
2026-10-08T05:02:14.3856917Z test_environment_allowlist_omits_credentials_and_detects_drift (test_p8_release_evidence.ReleaseEvidenceTests.test_environment_allowlist_omits_credentials_and_detects_drift) ... ok
2026-10-08T05:02:14.5405895Z test_every_external_input_is_rechecked (test_p8_release_evidence.ReleaseEvidenceTests.test_every_external_input_is_rechecked) ... ok
2026-10-08T05:02:14.7338583Z test_evidence_drift_during_copy_retains_partial_and_prior_latest (test_p8_release_evidence.ReleaseEvidenceTests.test_evidence_drift_during_copy_retains_partial_and_prior_latest) ... ok
2026-10-08T05:02:14.8726238Z test_evidence_self_containment_symlinks_and_unsafe_names (test_p8_release_evidence.ReleaseEvidenceTests.test_evidence_self_containment_symlinks_and_unsafe_names) ... ok
2026-10-08T05:02:14.9497255Z test_executable_metadata_drift_is_rejected (test_p8_release_evidence.ReleaseEvidenceTests.test_executable_metadata_drift_is_rejected) ... ok
2026-10-08T05:02:15.0245296Z test_existing_candidate_and_even_empty_output_are_never_overwritten (test_p8_release_evidence.ReleaseEvidenceTests.test_existing_candidate_and_even_empty_output_are_never_overwritten) ... ok
2026-10-08T05:02:15.8746748Z test_failure_and_native_success_archive_without_promoting_latest (test_p8_release_evidence.ReleaseEvidenceTests.test_failure_and_native_success_archive_without_promoting_latest) ... ok
2026-10-08T05:02:15.9586438Z test_fake_model_requires_full_identity (test_p8_release_evidence.ReleaseEvidenceTests.test_fake_model_requires_full_identity) ... ok
2026-10-08T05:02:15.9738785Z test_file_json_git_tree_and_total_budgets (test_p8_release_evidence.ReleaseEvidenceTests.test_file_json_git_tree_and_total_budgets) ... ok
2026-10-08T05:02:16.0535637Z test_freeze_binds_exact_bytes_and_declares_build_limit (test_p8_release_evidence.ReleaseEvidenceTests.test_freeze_binds_exact_bytes_and_declares_build_limit) ... ok
2026-10-08T05:02:16.2133447Z test_gate_binding_and_exit_mismatch_reject_before_archive (test_p8_release_evidence.ReleaseEvidenceTests.test_gate_binding_and_exit_mismatch_reject_before_archive) ... ok
2026-10-08T05:02:16.2939287Z test_head_change_with_same_source_bytes_is_drift (test_p8_release_evidence.ReleaseEvidenceTests.test_head_change_with_same_source_bytes_is_drift) ... ok
2026-10-08T05:02:16.3072897Z test_input_mutation_during_stream_is_detected (test_p8_release_evidence.ReleaseEvidenceTests.test_input_mutation_during_stream_is_detected) ... ok
2026-10-08T05:02:16.3234284Z test_invalid_corpus_and_duplicate_json_keys_fail_closed (test_p8_release_evidence.ReleaseEvidenceTests.test_invalid_corpus_and_duplicate_json_keys_fail_closed) ... ok
2026-10-08T05:02:16.5480430Z test_latest_symlink_or_unrelated_file_is_not_overwritten (test_p8_release_evidence.ReleaseEvidenceTests.test_latest_symlink_or_unrelated_file_is_not_overwritten) ... ok
2026-10-08T05:02:16.5649344Z test_live_model_and_credential_config_are_rejected (test_p8_release_evidence.ReleaseEvidenceTests.test_live_model_and_credential_config_are_rejected) ... ok
2026-10-08T05:02:16.6943482Z test_local_pass_requires_raw_metrics_and_report (test_p8_release_evidence.ReleaseEvidenceTests.test_local_pass_requires_raw_metrics_and_report) ... ok
2026-10-08T05:02:16.8368441Z test_metadata_only_candidate_is_explicit_and_cannot_promote_latest (test_p8_release_evidence.ReleaseEvidenceTests.test_metadata_only_candidate_is_explicit_and_cannot_promote_latest) ... ok
2026-10-08T05:02:16.8508640Z test_overlapping_scopes_and_output_source_are_rejected (test_p8_release_evidence.ReleaseEvidenceTests.test_overlapping_scopes_and_output_source_are_rejected) ... ok
2026-10-08T05:02:16.8800792Z test_partial_copy_remains_incomplete_and_retry_cannot_overwrite (test_p8_release_evidence.ReleaseEvidenceTests.test_partial_copy_remains_incomplete_and_retry_cannot_overwrite) ... ok
2026-10-08T05:02:16.9931891Z test_query_and_gold_body_drift_with_unchanged_metadata_is_rejected (test_p8_release_evidence.ReleaseEvidenceTests.test_query_and_gold_body_drift_with_unchanged_metadata_is_rejected) ... ok
2026-10-08T05:02:17.0581848Z test_rehashed_manifest_still_cannot_escape_snapshot_directory (test_p8_release_evidence.ReleaseEvidenceTests.test_rehashed_manifest_still_cannot_escape_snapshot_directory) ... ok
2026-10-08T05:02:17.1376305Z test_staged_change_without_worktree_change_is_drift (test_p8_release_evidence.ReleaseEvidenceTests.test_staged_change_without_worktree_change_is_drift) ... ok
2026-10-08T05:02:17.1649624Z test_submodule_index_is_rejected (test_p8_release_evidence.ReleaseEvidenceTests.test_submodule_index_is_rejected) ... ok
2026-10-08T05:02:17.1919510Z test_symlink_source_and_input_parent_are_rejected (test_p8_release_evidence.ReleaseEvidenceTests.test_symlink_source_and_input_parent_are_rejected) ... ok
2026-10-08T05:02:17.2847646Z test_tracked_content_drift_rejects_archive_without_latest (test_p8_release_evidence.ReleaseEvidenceTests.test_tracked_content_drift_rejects_archive_without_latest) ... ok
2026-10-08T05:02:17.3622525Z test_tracked_deletion_is_drift (test_p8_release_evidence.ReleaseEvidenceTests.test_tracked_deletion_is_drift) ... ok
2026-10-08T05:02:17.3889790Z test_unmerged_index_is_rejected (test_p8_release_evidence.ReleaseEvidenceTests.test_unmerged_index_is_rejected) ... ok
2026-10-08T05:02:17.4030781Z test_unsafe_scopes_and_holdout_paths_are_rejected_before_read (test_p8_release_evidence.ReleaseEvidenceTests.test_unsafe_scopes_and_holdout_paths_are_rejected_before_read) ... ok
2026-10-08T05:02:17.5109506Z test_untracked_and_ignored_additions_are_drift (test_p8_release_evidence.ReleaseEvidenceTests.test_untracked_and_ignored_additions_are_drift) ... ok
2026-10-08T05:02:17.5472011Z test_actual_record_fields_expose_stale_candidate_and_inputs (test_p8_release_review.ReleaseReviewTests.test_actual_record_fields_expose_stale_candidate_and_inputs) ... ok
2026-10-08T05:02:17.5533314Z test_counts_are_recomputed_and_repository_evidence_is_not_an_authority (test_p8_release_review.ReleaseReviewTests.test_counts_are_recomputed_and_repository_evidence_is_not_an_authority) ... ok
2026-10-08T05:02:17.5583847Z test_definition_snapshot_cannot_change_its_own_oracle (test_p8_release_review.ReleaseReviewTests.test_definition_snapshot_cannot_change_its_own_oracle) ... ok
2026-10-08T05:02:17.5626673Z test_duplicate_nonfinite_and_oversized_json_fail_closed (test_p8_release_review.ReleaseReviewTests.test_duplicate_nonfinite_and_oversized_json_fail_closed) ... ok
2026-10-08T05:02:17.5701557Z test_floating_pins_and_self_asserted_trust_switches_are_rejected (test_p8_release_review.ReleaseReviewTests.test_floating_pins_and_self_asserted_trust_switches_are_rejected) ... ok
2026-10-08T05:02:17.5887762Z test_git_reads_only_exact_bounded_regular_objects (test_p8_release_review.ReleaseReviewTests.test_git_reads_only_exact_bounded_regular_objects) ... ok
2026-10-08T05:02:17.5956019Z test_live_missing_and_optional_judge_p9_do_not_create_local_dependencies (test_p8_release_review.ReleaseReviewTests.test_live_missing_and_optional_judge_p9_do_not_create_local_dependencies) ... ok
2026-10-08T05:02:17.6127112Z test_missing_pointer_partial_scope_and_failure_are_retained (test_p8_release_review.ReleaseReviewTests.test_missing_pointer_partial_scope_and_failure_are_retained) ... ok
2026-10-08T05:02:17.6190901Z test_missing_records_block_both_profiles_even_when_all_tasks_claim_done (test_p8_release_review.ReleaseReviewTests.test_missing_records_block_both_profiles_even_when_all_tasks_claim_done) ... ok
2026-10-08T05:02:17.6254415Z test_only_selected_profiles_and_required_tasks_supply_declared_coverage (test_p8_release_review.ReleaseReviewTests.test_only_selected_profiles_and_required_tasks_supply_declared_coverage) ... ok
2026-10-08T05:02:17.6317429Z test_opaque_manifest_hash_is_not_compared_as_the_source_inventory_digest (test_p8_release_review.ReleaseReviewTests.test_opaque_manifest_hash_is_not_compared_as_the_source_inventory_digest) ... ok
2026-10-08T05:02:17.6372663Z test_original_local_and_semantic_dependency_scopes_are_separate (test_p8_release_review.ReleaseReviewTests.test_original_local_and_semantic_dependency_scopes_are_separate) ... ok
2026-10-08T05:02:17.6819987Z test_original_scope_acceptance_dependencies_and_conditions_cannot_be_rewritten (test_p8_release_review.ReleaseReviewTests.test_original_scope_acceptance_dependencies_and_conditions_cannot_be_rewritten) ... ok
2026-10-08T05:02:17.6888681Z test_paper_complete_and_done_claims_never_grant_release_authority (test_p8_release_review.ReleaseReviewTests.test_paper_complete_and_done_claims_never_grant_release_authority) ... ok
2026-10-08T05:02:17.6942059Z test_raw_record_digest_and_inventory_cannot_be_substituted (test_p8_release_review.ReleaseReviewTests.test_raw_record_digest_and_inventory_cannot_be_substituted) ... ok
2026-10-08T05:02:17.9498575Z test_real_cli_reads_fixed_git_state_and_keeps_profiles_nonzero (test_p8_release_review.ReleaseReviewTests.test_real_cli_reads_fixed_git_state_and_keeps_profiles_nonzero) ... ok
2026-10-08T05:02:17.9822760Z test_task_inventory_duplicates_missing_unknown_and_schema_are_rejected (test_p8_release_review.ReleaseReviewTests.test_task_inventory_duplicates_missing_unknown_and_schema_are_rejected) ... ok
2026-10-08T05:02:17.9890139Z test_unfinished_parent_gate_remains_visible_under_done_children (test_p8_release_review.ReleaseReviewTests.test_unfinished_parent_gate_remains_visible_under_done_children) ... ok
2026-10-08T05:02:17.9978782Z test_unknown_record_scope_task_coverage_pointer_and_duplicates_reject (test_p8_release_review.ReleaseReviewTests.test_unknown_record_scope_task_coverage_pointer_and_duplicates_reject) ... ok
2026-10-08T05:02:18.0920040Z test_approval_scope_window_and_caps_are_required (test_p8_semantic_certification.SemanticCertificationTests.test_approval_scope_window_and_caps_are_required) ... ok
2026-10-08T05:02:18.1269726Z test_candidate_actual_bytes_are_rechecked (test_p8_semantic_certification.SemanticCertificationTests.test_candidate_actual_bytes_are_rechecked) ... ok
2026-10-08T05:02:18.1739216Z test_clean_heldout_metadata_is_cross_checked (test_p8_semantic_certification.SemanticCertificationTests.test_clean_heldout_metadata_is_cross_checked) ... ok
2026-10-08T05:02:18.2603747Z test_complete_pairs_unique_attempts_and_known_status_required (test_p8_semantic_certification.SemanticCertificationTests.test_complete_pairs_unique_attempts_and_known_status_required) ... ok
2026-10-08T05:02:18.2727615Z test_complete_paper_metadata_passes_structure_but_cannot_certify (test_p8_semantic_certification.SemanticCertificationTests.test_complete_paper_metadata_passes_structure_but_cannot_certify) ... ok
2026-10-08T05:02:18.3707198Z test_corpus_query_gold_source_and_case_bindings_cannot_drift (test_p8_semantic_certification.SemanticCertificationTests.test_corpus_query_gold_source_and_case_bindings_cannot_drift) ... ok
2026-10-08T05:02:18.4536790Z test_cost_provenance_and_decimal_amounts_are_strict (test_p8_semantic_certification.SemanticCertificationTests.test_cost_provenance_and_decimal_amounts_are_strict) ... ok
2026-10-08T05:02:18.4868148Z test_custody_inventory_duplicates_digests_and_minimums (test_p8_semantic_certification.SemanticCertificationTests.test_custody_inventory_duplicates_digests_and_minimums) ... ok
2026-10-08T05:02:18.4949444Z test_duplicate_nonfinite_oversize_and_malformed_json_are_retained_as_invalid (test_p8_semantic_certification.SemanticCertificationTests.test_duplicate_nonfinite_oversize_and_malformed_json_are_retained_as_invalid) ... ok
2026-10-08T05:02:18.5504169Z test_errors_remain_in_all_attempt_denominator_and_missing_timing_is_not_zero (test_p8_semantic_certification.SemanticCertificationTests.test_errors_remain_in_all_attempt_denominator_and_missing_timing_is_not_zero) ... ok
2026-10-08T05:02:18.5847169Z test_estimated_unknown_and_missing_costs_do_not_become_reported (test_p8_semantic_certification.SemanticCertificationTests.test_estimated_unknown_and_missing_costs_do_not_become_reported) ... ok
2026-10-08T05:02:18.5976149Z test_existing_output_is_never_overwritten (test_p8_semantic_certification.SemanticCertificationTests.test_existing_output_is_never_overwritten) ... ok
2026-10-08T05:02:18.6847070Z test_fake_local_http_and_loopback_provider_origins_block (test_p8_semantic_certification.SemanticCertificationTests.test_fake_local_http_and_loopback_provider_origins_block) ... ok
2026-10-08T05:02:18.7071363Z test_index_and_retry_costs_are_included_in_budget (test_p8_semantic_certification.SemanticCertificationTests.test_index_and_retry_costs_are_included_in_budget) ... ok
2026-10-08T05:02:18.7192285Z test_lock_requires_exact_actual_hash_and_semantic_kind (test_p8_semantic_certification.SemanticCertificationTests.test_lock_requires_exact_actual_hash_and_semantic_kind) ... ok
2026-10-08T05:02:18.7387122Z test_missing_drifted_symlink_and_traversal_inputs_fail_closed (test_p8_semantic_certification.SemanticCertificationTests.test_missing_drifted_symlink_and_traversal_inputs_fail_closed) ... ok
2026-10-08T05:02:18.7886394Z test_missing_evidence_is_blocked_including_every_required_role (test_p8_semantic_certification.SemanticCertificationTests.test_missing_evidence_is_blocked_including_every_required_role) ... ok
2026-10-08T05:02:18.8008242Z test_no_match_is_terminal_success_but_not_quality_gain (test_p8_semantic_certification.SemanticCertificationTests.test_no_match_is_terminal_success_but_not_quality_gain) ... ok
2026-10-08T05:02:18.8115181Z test_old_local_candidate_cannot_be_promoted (test_p8_semantic_certification.SemanticCertificationTests.test_old_local_candidate_cannot_be_promoted) ... ok
2026-10-08T05:02:18.8775209Z test_quality_is_recomputed_requires_pairs_and_never_authenticates_scorer (test_p8_semantic_certification.SemanticCertificationTests.test_quality_is_recomputed_requires_pairs_and_never_authenticates_scorer) ... ok
2026-10-08T05:02:18.9448941Z test_real_cli_blocks_absent_evidence_without_modifying_local_profile (test_p8_semantic_certification.SemanticCertificationTests.test_real_cli_blocks_absent_evidence_without_modifying_local_profile) ... ok
2026-10-08T05:02:18.9816182Z test_record_model_run_and_observed_revision_must_match (test_p8_semantic_certification.SemanticCertificationTests.test_record_model_run_and_observed_revision_must_match) ... ok
2026-10-08T05:02:19.0142121Z test_request_inventory_duplicates_and_success_response_are_checked (test_p8_semantic_certification.SemanticCertificationTests.test_request_inventory_duplicates_and_success_response_are_checked) ... ok
2026-10-08T05:02:19.0277367Z test_self_asserted_trust_override_is_rejected (test_p8_semantic_certification.SemanticCertificationTests.test_self_asserted_trust_override_is_rejected) ... ok
2026-10-08T05:02:19.0278518Z 
2026-10-08T05:02:19.0278761Z ----------------------------------------------------------------------
2026-10-08T05:02:19.0279294Z Ran 205 tests in 8.645s
2026-10-08T05:02:19.0279516Z 
2026-10-08T05:02:19.0279630Z OK
2026-10-08T05:02:19.0950449Z {"errors": [], "facts": {"base_tables": ["document_manifest", "metadata", "files", "public_surfaces", "resolution_manifests", "resolution_dependencies", "resolution_frontier", "chunks", "chunk_symbol_identity", "symbols", "imports", "symbol_refs", "call_edges", "test_edges", "routes", "literal_index", "communities", "frameworks", "data_flow_edges", "co_change_edges", "http_call_edges", "semantic_edges", "infra_nodes", "infra_edges", "dispatch_sites", "runtime_evidence", "adr", "semantic_manifest", "semantic_outbox", "semantic_spaces"], "capability_spec": "retrieval-capabilities-v2", "database_schema": 25, "declared_msrv": "1.95", "default_network": false, "default_product_features": [], "defaults": {"auto_index": {"enabled": true, "file_limit": 50000, "idle_timeout_secs": 60}, "query": {"deadline_ms": 30000, "lane_timeout_ms": 20000, "semantic_timeout_ms": 5000, "semantic_top_k": 24, "strategy": "local"}, "semantic": {"allow_http": false, "allow_query_network": false, "enabled": false, "gc_min_retention_secs": 3600, "network_opt_in": false, "reembed_budget_max": null, "worker_lease_secs": 600}}, "fts5_tables": ["chunks_fts", "symbols_fts", "literal_fts", "files_fts", "file_paths_fts"], "mcp_tools": ["status", "index", "search", "context", "node", "explore", "trace", "relations", "impact", "architecture", "files", "graph_query", "ingest_traces", "adr"], "project_model_version": 3, "runtime_executes_indexed_code": false, "schema_policy": "rebuild_on_mismatch", "workspace_crates": ["cc-model", "cc-db", "cc-parsers", "cc-index", "cc-search", "cc-server", "cc-eval", "cc-semantic"]}, "input_sha256": {"Cargo.toml": "53fdb9015f1e3c2c043db4016ece8f81b5760f3a9c4eee0a9c9ada428327d6fa", "crates/cc-db/src/index_migrate.rs": "fcfa9073ffb82abb024380d5996836ff51b4ccc89caca4e99149de748c440b0d", "crates/cc-db/src/sql/index_v1.sql": "a609300b7ba56b8cc8739a1d12b5803c6b5cb57d4c3e7e1fd568679ba21be81f", "crates/cc-model/src/config.rs": "c40caeed872c3d728747684977d490e68a1af994bd375be8c2836eaa2ce9cd20", "crates/cc-model/src/query.rs": "157e0f1f750287f16c2622297d1d08d9b7921a6ce54c1e1bcf3aa1842bfa13aa", "crates/cc-server/Cargo.toml": "867140f1a44758e9486f0453fdb671dca69811c5ae3afea4e831f1d420d38949", "crates/cc-server/src/capability_status.rs": "0a57e96cb0b72d53463f1388b8a4b80632f01573750e33e02dfb7f8f19938c59", "crates/cc-server/src/mcp.rs": "555e9ec55d433566ef7388bf1c0eac413550fe5cf4cc579a8a49367308034e4c", "docs/internals/MODULE_CAPABILITIES.json": "d33b363897ff7f1d2dcdb55ee35182f597396e8dd862b00b58451530997dc9dc"}, "runtime_certified": false, "scope": "declared_documentation_facts_only", "status": "passed"}
2026-10-08T05:02:20.8883901Z From https://github.com/jyqj/codecortex
2026-10-08T05:02:20.8884401Z  * branch              47d1939e43455ecd72ccc73e80825d971e3f33e7 -> FETCH_HEAD
2026-10-08T05:02:22.4113261Z From https://github.com/jyqj/codecortex
2026-10-08T05:02:22.4114058Z  * branch              08733fa26504e9792586513ebe81075f058b586e -> FETCH_HEAD
2026-10-08T05:02:22.4114878Z  * branch              16d1344a72f749f995670c995c537330f2d9403a -> FETCH_HEAD
2026-10-08T05:02:22.4116115Z  * branch              26becaaa5287a12c63c12c0aaac3f4b71f0a7e03 -> FETCH_HEAD
2026-10-08T05:02:22.4116918Z  * branch              537618bae7084f08ecdcf80b18dbbcbcc2735c7b -> FETCH_HEAD
2026-10-08T05:02:22.4117734Z  * branch              56fd54e26f3f9c388fdcf0a15543b43dd5f26590 -> FETCH_HEAD
2026-10-08T05:02:22.4118524Z  * branch              6ed481e22960244a78c2706e4866a71f2a6278a4 -> FETCH_HEAD
2026-10-08T05:02:22.4119297Z  * branch              7d49beb6c220b6992d8e8e6001342f7a2fa213f6 -> FETCH_HEAD
2026-10-08T05:02:22.4119991Z  * branch              8d5282acbc0ff630b37429c258968bb07090ba65 -> FETCH_HEAD
2026-10-08T05:02:22.4120449Z  * branch              a9050fa7123a671dc0d9e2c1b61533cfbee8612d -> FETCH_HEAD
2026-10-08T05:02:22.4120884Z  * branch              bc0d0a25dba2a60fd80b7d1674961b6e12285af9 -> FETCH_HEAD
2026-10-08T05:02:22.4121315Z  * branch              c2b2a22e0536e163d1f9f7353f10ddf400dfd854 -> FETCH_HEAD
2026-10-08T05:02:22.4121747Z  * branch              c5091acf45fcd001f17e9822555e1db503ec7ed9 -> FETCH_HEAD
2026-10-08T05:02:33.3947944Z test_altered_lint_transformation (test_current_source.CurrentSourceTests.test_altered_lint_transformation) ... ok
2026-10-08T05:02:33.4685611Z test_altered_manifest_pin (test_current_source.CurrentSourceTests.test_altered_manifest_pin) ... ok
2026-10-08T05:02:39.0739487Z test_altered_r1_patch (test_current_source.CurrentSourceTests.test_altered_r1_patch) ... ok
2026-10-08T05:02:39.1471239Z test_altered_source_pin (test_current_source.CurrentSourceTests.test_altered_source_pin) ... ok
2026-10-08T05:02:39.2816257Z test_changed_file (test_current_source.CurrentSourceTests.test_changed_file) ... ok
2026-10-08T05:02:39.3946192Z test_changed_lock (test_current_source.CurrentSourceTests.test_changed_lock) ... ok
2026-10-08T05:02:46.3815261Z test_diff_serialization_independent_of_git_abbreviation (test_current_source.CurrentSourceTests.test_diff_serialization_independent_of_git_abbreviation) ... ok
2026-10-08T05:02:49.0066203Z test_independent_declared_sha_verification (test_current_source.CurrentSourceTests.test_independent_declared_sha_verification) ... ok
2026-10-08T05:02:49.1218027Z test_missing_file_on_disk (test_current_source.CurrentSourceTests.test_missing_file_on_disk) ... ok
2026-10-08T05:02:49.1937924Z test_removed_tracked_file (test_current_source.CurrentSourceTests.test_removed_tracked_file) ... ok
2026-10-08T05:02:49.2656219Z test_stale_registry (test_current_source.CurrentSourceTests.test_stale_registry) ... ok
2026-10-08T05:02:49.3998073Z test_symlink_rejected (test_current_source.CurrentSourceTests.test_symlink_rejected) ... ok
2026-10-08T05:02:49.4720619Z test_unknown_tracked_file (test_current_source.CurrentSourceTests.test_unknown_tracked_file) ... ok
2026-10-08T05:02:49.5859370Z test_unknown_untracked_file (test_current_source.CurrentSourceTests.test_unknown_untracked_file) ... ok
2026-10-08T05:02:49.7274771Z test_valid_exact_current (test_current_source.CurrentSourceTests.test_valid_exact_current) ... ok
2026-10-08T05:02:49.7998018Z test_wrong_registry_version (test_current_source.CurrentSourceTests.test_wrong_registry_version) ... ok
2026-10-08T05:02:51.2453916Z From https://github.com/jyqj/codecortex
2026-10-08T05:02:51.2454408Z  * branch              1fe4dc5f44f53e215e3b6cc99c756bd9b62b0a18 -> FETCH_HEAD
2026-10-08T05:02:51.2454888Z  * branch              8d2b312c066f0514fb5cee555767955bf34708d0 -> FETCH_HEAD
2026-10-08T05:02:51.2455500Z  * branch              a17f05d674e82bc54aac6a664b2b69a87b276b36 -> FETCH_HEAD
2026-10-08T05:02:51.2455936Z  * branch              e3b932ed4b1e197022c0902fd4c11af3e87ae87e -> FETCH_HEAD
2026-10-08T05:03:00.9174794Z test_capture_symlink_rejected (test_current_source_v2.CaptureSourceTests.test_capture_symlink_rejected) ... ok
2026-10-08T05:03:02.7485384Z test_ci_selects_explicit_reviewed_version_and_keeps_historical_p0 (test_current_source_v2.CaptureSourceTests.test_ci_selects_explicit_reviewed_version_and_keeps_historical_p0) ... From https://github.com/jyqj/codecortex
2026-10-08T05:03:02.7487570Z  * branch              09291fdf4d968b0929d598cd5df6a3d1fbd3d6cc -> FETCH_HEAD
2026-10-08T05:03:02.7488480Z  * branch              7b5d6f1fa436f4c655b0c0fafc66b521faeb480e -> FETCH_HEAD
2026-10-08T05:03:02.7945679Z ok
2026-10-08T05:03:19.5022144Z test_complete_manifest_cannot_omit_unknown_or_known_input (test_current_source_v2.CaptureSourceTests.test_complete_manifest_cannot_omit_unknown_or_known_input) ... ok
2026-10-08T05:03:19.6391248Z test_complete_union_passes (test_current_source_v2.CaptureSourceTests.test_complete_union_passes) ... ok
2026-10-08T05:03:20.0430610Z test_each_capture_and_cargo_disk_removal (test_current_source_v2.CaptureSourceTests.test_each_capture_and_cargo_disk_removal) ... ok
2026-10-08T05:03:20.5538755Z test_each_capture_and_cargo_mutation (test_current_source_v2.CaptureSourceTests.test_each_capture_and_cargo_mutation) ... ok
2026-10-08T05:03:20.6261216Z test_each_capture_and_cargo_tracked_removal (test_current_source_v2.CaptureSourceTests.test_each_capture_and_cargo_tracked_removal) ... ok
2026-10-08T05:03:28.8898457Z test_fixture_pin_cannot_follow_head (test_current_source_v2.CaptureSourceTests.test_fixture_pin_cannot_follow_head) ... ok
2026-10-08T05:03:35.8547503Z test_independent_capture_hash_check (test_current_source_v2.CaptureSourceTests.test_independent_capture_hash_check) ... ok
2026-10-08T05:03:35.9900710Z test_old_source_mutation (test_current_source_v2.CaptureSourceTests.test_old_source_mutation) ... ok
2026-10-08T05:03:36.0652990Z test_registry_cannot_self_authorize_head_or_unknown_version (test_current_source_v2.CaptureSourceTests.test_registry_cannot_self_authorize_head_or_unknown_version) ... ok
2026-10-08T05:03:45.7747837Z test_review_contract_digest_checked (test_current_source_v2.CaptureSourceTests.test_review_contract_digest_checked) ... ok
2026-10-08T05:03:45.8899530Z test_unknown_disk_addition (test_current_source_v2.CaptureSourceTests.test_unknown_disk_addition) ... ok
2026-10-08T05:03:45.9615993Z test_unknown_tracked_addition (test_current_source_v2.CaptureSourceTests.test_unknown_tracked_addition) ... ok
2026-10-08T05:04:01.9959700Z test_ci_selector_only_change_and_historical_p0_preserved (test_current_source_v3.OwnerSourceTests.test_ci_selector_only_change_and_historical_p0_preserved) ... ok
2026-10-08T05:04:31.7762791Z test_complete_manifest_addition_and_omission_rejected (test_current_source_v3.OwnerSourceTests.test_complete_manifest_addition_and_omission_rejected) ... ok
2026-10-08T05:04:31.9109193Z test_complete_union_passes (test_current_source_v3.OwnerSourceTests.test_complete_union_passes) ... ok
2026-10-08T05:05:04.8680822Z test_delta_hash_and_inventory_cannot_authorize_new_code (test_current_source_v3.OwnerSourceTests.test_delta_hash_and_inventory_cannot_authorize_new_code) ... ok
2026-10-08T05:05:49.8141485Z test_history_hash_pin_and_omission_rejected (test_current_source_v3.OwnerSourceTests.test_history_hash_pin_and_omission_rejected) ... ok
2026-10-08T05:05:50.4438496Z test_owner_cargo_and_previous_capture_mutations (test_current_source_v3.OwnerSourceTests.test_owner_cargo_and_previous_capture_mutations) ... ok
2026-10-08T05:05:50.7266814Z test_owner_cargo_removals (test_current_source_v3.OwnerSourceTests.test_owner_cargo_removals) ... ok
2026-10-08T05:05:50.8585474Z test_owner_symlink_rejected (test_current_source_v3.OwnerSourceTests.test_owner_symlink_rejected) ... ok
2026-10-08T05:05:50.9386616Z test_registry_cannot_follow_head_latest_or_old_version (test_current_source_v3.OwnerSourceTests.test_registry_cannot_follow_head_latest_or_old_version) ... ok
2026-10-08T05:05:51.0536235Z test_unknown_disk_and_tracked_additions (test_current_source_v3.OwnerSourceTests.test_unknown_disk_and_tracked_additions) ... ok
2026-10-08T05:05:51.1395727Z test_acceptance_dependencies_conditions_and_subgates_cannot_change (test_historical_integrations_v2.HistoricalIntegrationsV2Tests.test_acceptance_dependencies_conditions_and_subgates_cannot_change) ... ok
2026-10-08T05:05:51.1560272Z test_actual_current_definitions_and_legal_progress_are_accepted (test_historical_integrations_v2.HistoricalIntegrationsV2Tests.test_actual_current_definitions_and_legal_progress_are_accepted) ... ok
2026-10-08T05:05:51.4770703Z test_cli_rejects_optimized_python_and_pin_overrides_before_verification (test_historical_integrations_v2.HistoricalIntegrationsV2Tests.test_cli_rejects_optimized_python_and_pin_overrides_before_verification) ... ok
2026-10-08T05:05:51.4888844Z test_definition_comparison_distinguishes_json_boolean_from_integer (test_historical_integrations_v2.HistoricalIntegrationsV2Tests.test_definition_comparison_distinguishes_json_boolean_from_integer) ... ok
2026-10-08T05:05:51.5216621Z test_fixed_historical_snapshots_match_their_own_manifests (test_historical_integrations_v2.HistoricalIntegrationsV2Tests.test_fixed_historical_snapshots_match_their_own_manifests) ... ok
2026-10-08T05:05:51.5321544Z test_frozen_manifest_and_missing_or_changed_evidence_are_rejected (test_historical_integrations_v2.HistoricalIntegrationsV2Tests.test_frozen_manifest_and_missing_or_changed_evidence_are_rejected) ... ok
2026-10-08T05:05:51.5356104Z test_original_current_gates_and_excluded_directory_remain_enforced (test_historical_integrations_v2.HistoricalIntegrationsV2Tests.test_original_current_gates_and_excluded_directory_remain_enforced) ... ok
2026-10-08T05:05:51.5858996Z test_progress_shape_and_current_completion_gate_remain_enforced (test_historical_integrations_v2.HistoricalIntegrationsV2Tests.test_progress_shape_and_current_completion_gate_remain_enforced) ... ok
2026-10-08T05:05:51.5865407Z test_symlink_file_or_parent_cannot_substitute_for_fixed_bytes (test_historical_integrations_v2.HistoricalIntegrationsV2Tests.test_symlink_file_or_parent_cannot_substitute_for_fixed_bytes) ... ok
2026-10-08T05:05:51.6288684Z test_task_inventory_unknown_and_missing_fields_are_rejected (test_historical_integrations_v2.HistoricalIntegrationsV2Tests.test_task_inventory_unknown_and_missing_fields_are_rejected) ... ok
2026-10-08T05:05:51.9788310Z test_completed_plan_renders_without_next_task_or_dependency_table (test_plan_progress.PlanProgressTests.test_completed_plan_renders_without_next_task_or_dependency_table) ... ok
2026-10-08T05:05:53.1010746Z test_completed_plan_requires_finished_tasks_and_explicit_null_navigation (test_plan_progress.PlanProgressTests.test_completed_plan_requires_finished_tasks_and_explicit_null_navigation) ... ok
2026-10-08T05:05:53.2106091Z test_deferred_next_task_is_rejected_without_repair (test_plan_progress.PlanProgressTests.test_deferred_next_task_is_rejected_without_repair) ... ok
2026-10-08T05:05:53.3216716Z test_done_dependency_guard_is_still_enforced (test_plan_progress.PlanProgressTests.test_done_dependency_guard_is_still_enforced) ... ok
2026-10-08T05:05:53.8051083Z test_each_view_drift_is_rejected_without_writing (test_plan_progress.PlanProgressTests.test_each_view_drift_is_rejected_without_writing) ... ok
2026-10-08T05:05:55.1122487Z test_invalid_navigation_metadata_is_rejected_without_repair (test_plan_progress.PlanProgressTests.test_invalid_navigation_metadata_is_rejected_without_repair) ... ok
2026-10-08T05:05:55.8609504Z test_markers_fail_before_any_write_even_in_last_entry (test_plan_progress.PlanProgressTests.test_markers_fail_before_any_write_even_in_last_entry) ... ok
2026-10-08T05:05:55.9008713Z test_progress_keeps_transitive_unfinished_dependencies_visible (test_plan_progress.PlanProgressTests.test_progress_keeps_transitive_unfinished_dependencies_visible) ... ok
2026-10-08T05:05:56.0864043Z test_source_only_change_invalidates_all_derived_hashes (test_plan_progress.PlanProgressTests.test_source_only_change_invalidates_all_derived_hashes) ... ok
2026-10-08T05:05:56.1639318Z test_valid_chosen_next_task_is_not_replaced_by_first_unfinished (test_plan_progress.PlanProgressTests.test_valid_chosen_next_task_is_not_replaced_by_first_unfinished) ... ok
2026-10-08T05:05:56.2796579Z test_write_updates_four_views_without_mutating_source_or_history (test_plan_progress.PlanProgressTests.test_write_updates_four_views_without_mutating_source_or_history) ... ok
2026-10-08T05:05:56.2805606Z test_base_bytes_must_equal_already_accepted_input (test_reviewed_base.ExplicitReviewedBaseTests.test_base_bytes_must_equal_already_accepted_input) ... ok
2026-10-08T05:05:56.2812425Z test_explicit_immutable_base_accepts_exact_reviewed_delta (test_reviewed_base.ExplicitReviewedBaseTests.test_explicit_immutable_base_accepts_exact_reviewed_delta) ... ok
2026-10-08T05:05:56.2819795Z test_final_product_cannot_smuggle_unreviewed_base_bytes (test_reviewed_base.ExplicitReviewedBaseTests.test_final_product_cannot_smuggle_unreviewed_base_bytes) ... ok
2026-10-08T05:05:56.2826241Z test_source_diff_cannot_add_an_undeclared_path (test_reviewed_base.ExplicitReviewedBaseTests.test_source_diff_cannot_add_an_undeclared_path) ... ok
2026-10-08T05:05:56.2832749Z test_unreviewed_other_base_bytes_are_not_imported (test_reviewed_base.ExplicitReviewedBaseTests.test_unreviewed_other_base_bytes_are_not_imported) ... ok
2026-10-08T05:06:15.0056883Z test_ci_only_allows_explicit_selector_and_local_p8_checks (test_reviewed_source.ReviewedSourceTests.test_ci_only_allows_explicit_selector_and_local_p8_checks) ... ok
2026-10-08T05:06:15.1673438Z test_cli_never_accepts_head_or_latest_as_version (test_reviewed_source.ReviewedSourceTests.test_cli_never_accepts_head_or_latest_as_version) ... ok
2026-10-08T05:06:15.3050267Z test_complete_fixed_product_matches (test_reviewed_source.ReviewedSourceTests.test_complete_fixed_product_matches) ... ok
2026-10-08T05:06:16.9766482Z test_current_changes_cannot_grant_themselves_approval (test_reviewed_source.ReviewedSourceTests.test_current_changes_cannot_grant_themselves_approval) ... ok
2026-10-08T05:06:22.1226116Z test_delta_pins_paths_and_before_after_digests_rejected (test_reviewed_source.ReviewedSourceTests.test_delta_pins_paths_and_before_after_digests_rejected) ... ok
2026-10-08T05:06:22.5347397Z test_explicit_delta_base_needs_matching_registry_pin (test_reviewed_source.ReviewedSourceTests.test_explicit_delta_base_needs_matching_registry_pin) ... ok
2026-10-08T05:06:22.6086655Z test_floating_refs_in_future_constants_fail_closed (test_reviewed_source.ReviewedSourceTests.test_floating_refs_in_future_constants_fail_closed) ... ok
2026-10-08T05:06:22.8488493Z test_historical_helpers_cannot_be_rewritten_or_symlinked (test_reviewed_source.ReviewedSourceTests.test_historical_helpers_cannot_be_rewritten_or_symlinked) ... ok
2026-10-08T05:06:23.7178784Z test_missing_delta_and_complete_manifest_rejected (test_reviewed_source.ReviewedSourceTests.test_missing_delta_and_complete_manifest_rejected) ... ok
2026-10-08T05:06:23.9591058Z test_optimized_python_cannot_disable_inherited_guards (test_reviewed_source.ReviewedSourceTests.test_optimized_python_cannot_disable_inherited_guards) ... ok
2026-10-08T05:06:24.3723494Z test_overlapping_reviewed_deltas_rejected (test_reviewed_source.ReviewedSourceTests.test_overlapping_reviewed_deltas_rejected) ... ok
2026-10-08T05:06:24.7777862Z test_registry_cannot_choose_a_new_delta_base (test_reviewed_source.ReviewedSourceTests.test_registry_cannot_choose_a_new_delta_base) ... ok
2026-10-08T05:06:24.8540415Z test_registry_digest_and_immutable_identities_rejected (test_reviewed_source.ReviewedSourceTests.test_registry_digest_and_immutable_identities_rejected) ... ok
2026-10-08T05:06:25.9410249Z test_review_digest_rejected (test_reviewed_source.ReviewedSourceTests.test_review_digest_rejected) ... ok
2026-10-08T05:06:26.0589543Z test_symlink_input_rejected (test_reviewed_source.ReviewedSourceTests.test_symlink_input_rejected) ... ok
2026-10-08T05:06:26.2182490Z test_unknown_and_missing_membership_rejected (test_reviewed_source.ReviewedSourceTests.test_unknown_and_missing_membership_rejected) ... ok
2026-10-08T05:06:48.6658748Z test_both_historical_approval_snapshots_remain_original (test_reviewed_source_v10.SequentialReviewTests.test_both_historical_approval_snapshots_remain_original) ... ok
2026-10-08T05:06:48.6859758Z test_combined_product_preserves_all_785_inputs (test_reviewed_source_v10.SequentialReviewTests.test_combined_product_preserves_all_785_inputs) ... ok
2026-10-08T05:06:48.7412255Z test_complete_manifest_cannot_hide_or_add_inputs (test_reviewed_source_v10.SequentialReviewTests.test_complete_manifest_cannot_hide_or_add_inputs) ... ok
2026-10-08T05:06:48.9351988Z test_current_tree_must_match_the_independent_fixed_source (test_reviewed_source_v10.SequentialReviewTests.test_current_tree_must_match_the_independent_fixed_source) ... ok
2026-10-08T05:06:48.9705529Z test_current_workflows_have_only_the_explicit_migration (test_reviewed_source_v10.SequentialReviewTests.test_current_workflows_have_only_the_explicit_migration) ... ok
2026-10-08T05:06:49.2353985Z test_every_delta_before_and_after_is_checked (test_reviewed_source_v10.SequentialReviewTests.test_every_delta_before_and_after_is_checked) ... ok
2026-10-08T05:06:49.2465555Z test_independent_review_is_pinned_and_cannot_be_symlinked (test_reviewed_source_v10.SequentialReviewTests.test_independent_review_is_pinned_and_cannot_be_symlinked) ... ok
2026-10-08T05:06:49.2584080Z test_omitted_or_self_added_delta_cannot_change_the_inventory (test_reviewed_source_v10.SequentialReviewTests.test_omitted_or_self_added_delta_cannot_change_the_inventory) ... ok
2026-10-08T05:06:49.4714865Z test_optimized_python_and_floating_version_are_rejected (test_reviewed_source_v10.SequentialReviewTests.test_optimized_python_and_floating_version_are_rejected) ... ok
2026-10-08T05:06:49.5044763Z test_p7_adoption_and_the_exact_override_are_required (test_reviewed_source_v10.SequentialReviewTests.test_p7_adoption_and_the_exact_override_are_required) ... ok
2026-10-08T05:06:49.5099979Z test_p8_approved_base_cannot_be_replaced (test_reviewed_source_v10.SequentialReviewTests.test_p8_approved_base_cannot_be_replaced) ... ok
2026-10-08T05:06:49.5153083Z test_registry_tampering_and_floating_identity_are_rejected (test_reviewed_source_v10.SequentialReviewTests.test_registry_tampering_and_floating_identity_are_rejected) ... ok
2026-10-08T05:07:13.3761852Z test_before_after_and_inherited_bytes_remain_bound (test_reviewed_source_v11.WorkerFixtureReviewTests.test_before_after_and_inherited_bytes_remain_bound) ... ok
2026-10-08T05:07:13.4233259Z test_complete_manifest_cannot_omit_add_or_mutate (test_reviewed_source_v11.WorkerFixtureReviewTests.test_complete_manifest_cannot_omit_add_or_mutate) ... ok
2026-10-08T05:07:13.4580892Z test_current_ci_and_every_old_step_are_preserved (test_reviewed_source_v11.WorkerFixtureReviewTests.test_current_ci_and_every_old_step_are_preserved) ... ok
2026-10-08T05:07:13.6760105Z test_optimized_python_and_unknown_selection_fail_closed (test_reviewed_source_v11.WorkerFixtureReviewTests.test_optimized_python_and_unknown_selection_fail_closed) ... ok
2026-10-08T05:07:13.6990659Z test_production_and_extra_test_delta_are_rejected (test_reviewed_source_v11.WorkerFixtureReviewTests.test_production_and_extra_test_delta_are_rejected) ... ok
2026-10-08T05:07:13.7152547Z test_review_digest_mutation_and_symlink_are_rejected (test_reviewed_source_v11.WorkerFixtureReviewTests.test_review_digest_mutation_and_symlink_are_rejected) ... ok
2026-10-08T05:07:13.7317620Z test_single_test_delta_preserves_other_784_inputs (test_reviewed_source_v11.WorkerFixtureReviewTests.test_single_test_delta_preserves_other_784_inputs) ... ok
2026-10-08T05:07:13.7333779Z test_stale_registry_and_floating_pins_are_rejected (test_reviewed_source_v11.WorkerFixtureReviewTests.test_stale_registry_and_floating_pins_are_rejected) ... ok
2026-10-08T05:07:13.9270805Z test_unknown_current_source_cannot_hide_behind_fixture_review (test_reviewed_source_v11.WorkerFixtureReviewTests.test_unknown_current_source_cannot_hide_behind_fixture_review) ... ok
2026-10-08T05:07:13.9478839Z test_v10_snapshots_and_proof_cannot_be_bypassed (test_reviewed_source_v11.WorkerFixtureReviewTests.test_v10_snapshots_and_proof_cannot_be_bypassed) ... ok
2026-10-08T05:07:40.3510310Z test_all_aliases_and_previous_snapshots_remain_byte_frozen (test_reviewed_source_v12.DualSourceReviewTests.test_all_aliases_and_previous_snapshots_remain_byte_frozen) ... ok
2026-10-08T05:07:40.4455622Z test_before_and_after_digests_are_checked_for_both_parents (test_reviewed_source_v12.DualSourceReviewTests.test_before_and_after_digests_are_checked_for_both_parents) ... ok
2026-10-08T05:07:40.4684464Z test_both_proofs_produce_the_reviewed_785_input_merge (test_reviewed_source_v12.DualSourceReviewTests.test_both_proofs_produce_the_reviewed_785_input_merge) ... ok
2026-10-08T05:07:40.5295437Z test_complete_manifest_cannot_omit_add_or_mutate (test_reviewed_source_v12.DualSourceReviewTests.test_complete_manifest_cannot_omit_add_or_mutate) ... ok
2026-10-08T05:07:40.5462386Z test_current_ci_preserves_all_old_steps_and_private_binary_binding (test_reviewed_source_v12.DualSourceReviewTests.test_current_ci_preserves_all_old_steps_and_private_binary_binding) ... ok
2026-10-08T05:07:40.7938601Z test_current_source_cannot_self_authorize_or_hide_a_new_input (test_reviewed_source_v12.DualSourceReviewTests.test_current_source_cannot_self_authorize_or_hide_a_new_input) ... ok
2026-10-08T05:07:40.8321153Z test_delta_and_joint_overrides_cannot_expand_or_disappear (test_reviewed_source_v12.DualSourceReviewTests.test_delta_and_joint_overrides_cannot_expand_or_disappear) ... ok
2026-10-08T05:07:41.6651630Z test_each_full_approval_chain_is_required (test_reviewed_source_v12.DualSourceReviewTests.test_each_full_approval_chain_is_required) ... ok
2026-10-08T05:07:41.6883588Z test_each_inherited_inventory_and_bytes_are_bound (test_reviewed_source_v12.DualSourceReviewTests.test_each_inherited_inventory_and_bytes_are_bound) ... ok
2026-10-08T05:07:41.7150296Z test_fixed_review_digest_bytes_and_symlink_are_checked (test_reviewed_source_v12.DualSourceReviewTests.test_fixed_review_digest_bytes_and_symlink_are_checked) ... ok
2026-10-08T05:07:41.7159940Z test_floating_pins_and_wrong_parent_products_fail_closed (test_reviewed_source_v12.DualSourceReviewTests.test_floating_pins_and_wrong_parent_products_fail_closed) ... ok
2026-10-08T05:07:42.0773768Z test_incoming_registry_uses_its_explicit_original_bytes (test_reviewed_source_v12.DualSourceReviewTests.test_incoming_registry_uses_its_explicit_original_bytes) ... ok
2026-10-08T05:07:42.1331649Z test_independent_review_cannot_omit_a_parent_or_a_delta (test_reviewed_source_v12.DualSourceReviewTests.test_independent_review_cannot_omit_a_parent_or_a_delta) ... ok
2026-10-08T05:07:42.1702707Z test_independent_review_rows_cannot_disagree_with_either_parent (test_reviewed_source_v12.DualSourceReviewTests.test_independent_review_rows_cannot_disagree_with_either_parent) ... ok
2026-10-08T05:07:43.4207606Z test_joint_ci_is_executed_in_addition_to_frozen_snapshot_checks (test_reviewed_source_v12.DualSourceReviewTests.test_joint_ci_is_executed_in_addition_to_frozen_snapshot_checks) ... ok
2026-10-08T05:07:43.6968355Z test_optimized_python_and_unknown_selection_fail_closed (test_reviewed_source_v12.DualSourceReviewTests.test_optimized_python_and_unknown_selection_fail_closed) ... ok
2026-10-08T05:07:43.7240095Z test_original_incoming_ci_method_runs_all_its_unchanged_controls (test_reviewed_source_v12.DualSourceReviewTests.test_original_incoming_ci_method_runs_all_its_unchanged_controls) ... ok
2026-10-08T05:07:43.7256129Z test_stale_registry_and_every_identity_are_rejected (test_reviewed_source_v12.DualSourceReviewTests.test_stale_registry_and_every_identity_are_rejected) ... ok
2026-10-08T05:08:13.0980898Z test_added_script_workflow_or_test_is_detected_on_disk (test_reviewed_source_v13.CompleteSourceReviewTests.test_added_script_workflow_or_test_is_detected_on_disk) ... ok
2026-10-08T05:08:13.2061854Z test_all_four_unchanged_historical_methods_execute_in_exact_context (test_reviewed_source_v13.CompleteSourceReviewTests.test_all_four_unchanged_historical_methods_execute_in_exact_context) ... ok
2026-10-08T05:08:13.2684204Z test_complete_source_manifest_is_not_regenerated_from_the_checkout (test_reviewed_source_v13.CompleteSourceReviewTests.test_complete_source_manifest_is_not_regenerated_from_the_checkout) ... ok
2026-10-08T05:08:13.2905559Z test_current_ci_and_historical_proof_steps_cannot_drift (test_reviewed_source_v13.CompleteSourceReviewTests.test_current_ci_and_historical_proof_steps_cannot_drift) ... ok
2026-10-08T05:08:13.3460377Z test_delta_cannot_expand_disappear_or_change_before_after_digests (test_reviewed_source_v13.CompleteSourceReviewTests.test_delta_cannot_expand_disappear_or_change_before_after_digests) ... ok
2026-10-08T05:08:16.2280040Z test_every_historical_approval_function_executes_and_can_reject (test_reviewed_source_v13.CompleteSourceReviewTests.test_every_historical_approval_function_executes_and_can_reject) ... ok
2026-10-08T05:08:16.2815772Z test_fixed_source_and_complete_validation_are_reconstructed (test_reviewed_source_v13.CompleteSourceReviewTests.test_fixed_source_and_complete_validation_are_reconstructed) ... ok
2026-10-08T05:08:16.5715505Z test_optimized_python_and_implicit_or_floating_selectors_fail (test_reviewed_source_v13.CompleteSourceReviewTests.test_optimized_python_and_implicit_or_floating_selectors_fail) ... ok
2026-10-08T05:08:16.5828770Z test_registry_bytes_identity_and_floating_pins_fail_closed (test_reviewed_source_v13.CompleteSourceReviewTests.test_registry_bytes_identity_and_floating_pins_fail_closed) ... ok
2026-10-08T05:08:16.6285496Z test_review_before_after_and_validation_rows_cannot_be_rewritten (test_reviewed_source_v13.CompleteSourceReviewTests.test_review_before_after_and_validation_rows_cannot_be_rewritten) ... ok
2026-10-08T05:08:16.6880900Z test_review_cannot_omit_independence_scope_or_delta_rows (test_reviewed_source_v13.CompleteSourceReviewTests.test_review_cannot_omit_independence_scope_or_delta_rows) ... ok
2026-10-08T05:08:16.7210550Z test_review_digest_bytes_and_symlink_are_mandatory (test_reviewed_source_v13.CompleteSourceReviewTests.test_review_digest_bytes_and_symlink_are_mandatory) ... ok
2026-10-08T05:08:17.0530881Z test_source_tree_tracks_new_missing_changed_and_symlink_inputs (test_reviewed_source_v13.CompleteSourceReviewTests.test_source_tree_tracks_new_missing_changed_and_symlink_inputs) ... ok
2026-10-08T05:08:17.0789983Z test_unproven_inherited_bytes_inventory_and_removed_inputs_rejected (test_reviewed_source_v13.CompleteSourceReviewTests.test_unproven_inherited_bytes_inventory_and_removed_inputs_rejected) ... ok
2026-10-08T05:08:17.1255801Z test_v12_source_tests_and_both_ci_snapshot_files_are_byte_frozen (test_reviewed_source_v13.CompleteSourceReviewTests.test_v12_source_tests_and_both_ci_snapshot_files_are_byte_frozen) ... ok
2026-10-08T05:08:17.4088572Z test_validation_deletion_edit_and_same_byte_symlink_fail (test_reviewed_source_v13.CompleteSourceReviewTests.test_validation_deletion_edit_and_same_byte_symlink_fail) ... ok
2026-10-08T05:08:17.4412233Z test_validation_manifest_is_complete_even_if_review_omits_the_same_path (test_reviewed_source_v13.CompleteSourceReviewTests.test_validation_manifest_is_complete_even_if_review_omits_the_same_path) ... ok
2026-10-08T05:08:17.4432830Z 
2026-10-08T05:08:17.4433235Z ----------------------------------------------------------------------
2026-10-08T05:08:17.4433686Z Ran 139 tests in 356.547s
2026-10-08T05:08:17.4433887Z 
2026-10-08T05:08:17.4434015Z OK
2026-10-08T05:09:26.6406535Z {"schema_version": 8, "source_version": "p7-closeout-source-20261008-v13", "previous_source_version": "p8-joint-source-20261008-v12", "base_source": "47d1939e43455ecd72ccc73e80825d971e3f33e7", "product_source": "09291fdf4d968b0929d598cd5df6a3d1fbd3d6cc", "review_source": "7b5d6f1fa436f4c655b0c0fafc66b521faeb480e", "scope": "independently_reviewed_source_and_validation_inputs", "runtime_and_quality_claims": "require_separate_execution_evidence", "status": "passed", "complete_inputs": 795, "executed_previous_proof": "p8-joint-source-20261008-v12"}
2026-10-08T05:09:28.6050649Z From https://github.com/jyqj/codecortex
2026-10-08T05:09:28.6051162Z  * branch              186ac53e121fe9ec770a6a293e4291be3a6e36b1 -> FETCH_HEAD
2026-10-08T05:09:28.6051646Z  * branch              1be640ecb6fe093e6c45eaca74617c901c87a847 -> FETCH_HEAD
2026-10-08T05:09:28.6052070Z  * branch              47706907868007f71246f74674164263019bba79 -> FETCH_HEAD
2026-10-08T05:09:28.6052739Z  * branch              800d32d50bfe158cf86366fb913aabef73f8d965 -> FETCH_HEAD
2026-10-08T05:09:28.6053217Z  * branch              974ccf5f90a1062512c9a645078e4948ebad5a8e -> FETCH_HEAD
2026-10-08T05:09:28.6053646Z  * branch              97c478cdb05d2bb85f852ff42af5452b00ba6e3a -> FETCH_HEAD
2026-10-08T05:09:28.6054104Z  * branch              b6b163918d3ddf1b217a4f5d4f604285b5528e8f -> FETCH_HEAD
2026-10-08T05:09:29.2829205Z {"status": "passed", "task_count": 192, "states": {"done": 153, "in_progress": 21, "todo": 17, "blocked": 1}, "task_sha256": "a7ebacf3903f3f405e3c5ba4d19f5590107467b55ede35c4d675516c07cf4e68", "views": 4}
2026-10-08T05:09:29.2908335Z {"V19": "open", "current_plan_check": "passed", "current_task_sha256": "a7ebacf3903f3f405e3c5ba4d19f5590107467b55ede35c4d675516c07cf4e68", "e3_imported_files": 58, "e3_inputs": 708, "e3_integration": "88f2cf099c8b81f3acef485fd5ac9b01c63ce790", "e3_source": "e3c04fed903c4d0e3c26b5d7cf0e055a6f7c5207", "evidence_content_acceptance": "not_granted_by_this_verifier", "fault_runtime_tests": "not_run", "full_P7": "open", "legacy_files_unchanged": 9, "packing_evidence_files": 246, "packing_inputs": 731, "packing_integration": "37dd042eaa1209a86e0cafdcd92ae77e036e76f5", "packing_source": "90858afae647a513537bf118932a7ba5020ee98b", "quality_and_100k": "not_inherited", "schema_version": 2, "scope": "historical_integrity_and_current_task_definitions_only", "state_changes_since_baseline": [{"baseline": "todo", "current": "done", "task_id": "P7-011"}, {"baseline": "todo", "current": "done", "task_id": "P7-012"}, {"baseline": "todo", "current": "done", "task_id": "P7-013"}, {"baseline": "todo", "current": "blocked", "task_id": "P7-018"}, {"baseline": "todo", "current": "in_progress", "task_id": "P8-001"}, {"baseline": "todo", "current": "in_progress", "task_id": "P8-002"}, {"baseline": "todo", "current": "in_progress", "task_id": "P8-003"}, {"baseline": "todo", "current": "in_progress", "task_id": "P8-004"}, {"baseline": "todo", "current": "in_progress", "task_id": "P8-005"}, {"baseline": "todo", "current": "in_progress", "task_id": "P8-006"}, {"baseline": "todo", "current": "in_progress", "task_id": "P8-007"}, {"baseline": "todo", "current": "in_progress", "task_id": "P8-008"}, {"baseline": "todo", "current": "in_progress", "task_id": "P8-009"}, {"baseline": "todo", "current": "in_progress", "task_id": "P8-010"}, {"baseline": "todo", "current": "in_progress", "task_id": "P8-011"}, {"baseline": "todo", "current": "in_progress", "task_id": "P8-012"}, {"baseline": "todo", "current": "in_progress", "task_id": "P8-013"}, {"baseline": "todo", "current": "in_progress", "task_id": "P8-014"}, {"baseline": "todo", "current": "in_progress", "task_id": "P8-015"}, {"baseline": "todo", "current": "in_progress", "task_id": "P8-016"}, {"baseline": "todo", "current": "in_progress", "task_id": "P8-017"}, {"baseline": "todo", "current": "in_progress", "task_id": "P8-018"}, {"baseline": "todo", "current": "in_progress", "task_id": "P8-019"}, {"baseline": "todo", "current": "in_progress", "task_id": "P8-020"}], "status": "passed", "task_count": 192, "task_definition_base": "6d02d77f018a5965a6f289b0b43558ed4b9f8322", "task_definition_base_sha256": "cc453fe700a01dd756d35e543d2ceae1f0b748bf97e9542ba0519767f5359ccc", "verifier_version": "historical-integrations-v2"}
2026-10-08T05:09:29.3075688Z ##[group]Run python3 artifacts/checkpoints/semantic-http-ci-regression-20261003/check.py --output-dir "$RUNNER_TEMP/semantic-http-ci-regression"
2026-10-08T05:09:29.3076820Z [36;1mpython3 artifacts/checkpoints/semantic-http-ci-regression-20261003/check.py --output-dir "$RUNNER_TEMP/semantic-http-ci-regression"[0m
2026-10-08T05:09:29.3137717Z shell: /usr/bin/bash -e {0}
2026-10-08T05:09:29.3137975Z env:
2026-10-08T05:09:29.3138175Z   CARGO_TERM_COLOR: always
2026-10-08T05:09:29.3138424Z   RUSTFLAGS: -D warnings
2026-10-08T05:09:29.3138665Z   CARGO_HOME: /home/runner/.cargo
2026-10-08T05:09:29.3138914Z   CARGO_INCREMENTAL: 0
2026-10-08T05:09:29.3139139Z   CACHE_ON_FAILURE: false
2026-10-08T05:09:29.3139370Z ##[endgroup]
2026-10-08T05:09:29.3532475Z COMMAND ["cargo", "test", "-p", "cc-db", "--lib", "capability_read::tests::", "--locked", "--", "--list"]
2026-10-08T05:09:34.7165687Z    Compiling cc-db v1.0.0 (/home/runner/work/codecortex/codecortex/crates/cc-db)
2026-10-08T05:09:34.7166725Z     Finished `test` profile [unoptimized + debuginfo] target(s) in 5.34s
2026-10-08T05:09:34.7167544Z      Running unittests src/lib.rs (target/debug/deps/cc_db-e358f1b58e42012f)
2026-10-08T05:09:34.7168441Z capability_read::tests::all_fields_keep_the_pinned_snapshot_across_a_committed_publication: test
2026-10-08T05:09:34.7169543Z capability_read::tests::incarnation_validation_rejects_in_place_replacement_but_not_epoch_churn: test
2026-10-08T05:09:34.7202336Z capability_read::tests::missing_count_table_errors_are_not_zero_or_a_partial_ready_snapshot: test
2026-10-08T05:09:34.7203481Z capability_read::tests::normal_rename_checks_the_actual_open_file_without_rebuild_or_wal: test
2026-10-08T05:09:34.7204412Z capability_read::tests::unsupported_error_and_undefined_identity_results_are_never_unmoved: test
2026-10-08T05:09:34.7205713Z capability_read::tests::unwired_read_skips_semantic_counts_and_does_not_write: test
2026-10-08T05:09:34.7206077Z 
2026-10-08T05:09:34.7206178Z 6 tests, 0 benchmarks
2026-10-08T05:09:34.7206692Z COMMAND ["cargo", "test", "-p", "cc-db", "--lib", "capability_read::tests::", "--locked", "--", "--show-output", "--test-threads=1"]
2026-10-08T05:09:34.8985358Z     Finished `test` profile [unoptimized + debuginfo] target(s) in 0.07s
2026-10-08T05:09:34.8986082Z      Running unittests src/lib.rs (target/debug/deps/cc_db-e358f1b58e42012f)
2026-10-08T05:09:34.8986409Z 
2026-10-08T05:09:34.8986508Z running 6 tests
2026-10-08T05:09:34.8986995Z test capability_read::tests::all_fields_keep_the_pinned_snapshot_across_a_committed_publication ... ok
2026-10-08T05:09:34.8987722Z test capability_read::tests::incarnation_validation_rejects_in_place_replacement_but_not_epoch_churn ... ok
2026-10-08T05:09:34.8988454Z test capability_read::tests::missing_count_table_errors_are_not_zero_or_a_partial_ready_snapshot ... ok
2026-10-08T05:09:34.8989434Z test capability_read::tests::normal_rename_checks_the_actual_open_file_without_rebuild_or_wal ... ok
2026-10-08T05:09:34.8990129Z test capability_read::tests::unsupported_error_and_undefined_identity_results_are_never_unmoved ... ok
2026-10-08T05:09:34.8990764Z test capability_read::tests::unwired_read_skips_semantic_counts_and_does_not_write ... ok
2026-10-08T05:09:34.8991114Z 
2026-10-08T05:09:34.8991198Z successes:
2026-10-08T05:09:34.8991313Z 
2026-10-08T05:09:34.8991395Z successes:
2026-10-08T05:09:34.8991766Z     capability_read::tests::all_fields_keep_the_pinned_snapshot_across_a_committed_publication
2026-10-08T05:09:34.8992390Z     capability_read::tests::incarnation_validation_rejects_in_place_replacement_but_not_epoch_churn
2026-10-08T05:09:34.8993027Z     capability_read::tests::missing_count_table_errors_are_not_zero_or_a_partial_ready_snapshot
2026-10-08T05:09:34.8993618Z     capability_read::tests::normal_rename_checks_the_actual_open_file_without_rebuild_or_wal
2026-10-08T05:09:34.8994219Z     capability_read::tests::unsupported_error_and_undefined_identity_results_are_never_unmoved
2026-10-08T05:09:34.8995228Z     capability_read::tests::unwired_read_skips_semantic_counts_and_does_not_write
2026-10-08T05:09:34.8995828Z 
2026-10-08T05:09:34.8996370Z test result: ok. 6 passed; 0 failed; 0 ignored; 0 measured; 187 filtered out; finished in 0.09s
2026-10-08T05:09:34.8996944Z 
2026-10-08T05:09:34.8997348Z COMMAND ["cargo", "test", "-p", "cc-server", "--features", "semantic-http", "--lib", "capability_status::tests::", "--locked", "--", "--list"]
2026-10-08T05:09:58.5863091Z    Compiling cc-db v1.0.0 (/home/runner/work/codecortex/codecortex/crates/cc-db)
2026-10-08T05:09:58.5864001Z    Compiling cc-search v1.0.0 (/home/runner/work/codecortex/codecortex/crates/cc-search)
2026-10-08T05:09:58.5864642Z    Compiling cc-semantic v1.0.0 (/home/runner/work/codecortex/codecortex/crates/cc-semantic)
2026-10-08T05:09:58.5865531Z    Compiling cc-index v1.0.0 (/home/runner/work/codecortex/codecortex/crates/cc-index)
2026-10-08T05:09:58.5866089Z    Compiling cc-server v1.0.0 (/home/runner/work/codecortex/codecortex/crates/cc-server)
2026-10-08T05:09:58.5866639Z     Finished `test` profile [unoptimized + debuginfo] target(s) in 23.65s
2026-10-08T05:09:58.5867160Z      Running unittests src/lib.rs (target/debug/deps/cc_server-87b7dbd72aae56b0)
2026-10-08T05:09:58.5867764Z capability_status::tests::attached_port_with_degradation_reports_degraded_state_and_reasons: test
2026-10-08T05:09:58.5868476Z capability_status::tests::detectable_incarnation_change_retries_then_returns_only_the_new_observation: test
2026-10-08T05:09:58.5869171Z capability_status::tests::identity_churn_is_bounded_and_never_reports_old_database_ready: test
2026-10-08T05:09:58.5869781Z capability_status::tests::old_active_space_cannot_report_configured_new_model_ready: test
2026-10-08T05:09:58.5870408Z capability_status::tests::ordinary_index_churn_returns_one_complete_observation_per_poll: test
2026-10-08T05:09:58.5871045Z capability_status::tests::query_network_authorization_is_separate_and_requires_live_encoder: test
2026-10-08T05:09:58.5871692Z capability_status::tests::real_worker_publication_between_status_reads_never_mixes_epochs: test
2026-10-08T05:09:58.5872308Z capability_status::tests::stale_wiring_metadata_cannot_claim_an_unattached_port_is_ready: test
2026-10-08T05:09:58.5872907Z capability_status::tests::unattached_healthy_or_unreported_states_are_never_degraded: test
2026-10-08T05:09:58.5873537Z capability_status::tests::wired_status_requires_an_active_space_and_reports_publication_gaps: test
2026-10-08T05:09:58.5873913Z 
2026-10-08T05:09:58.5874008Z 10 tests, 0 benchmarks
2026-10-08T05:09:58.5874622Z COMMAND ["cargo", "test", "-p", "cc-server", "--features", "semantic-http", "--lib", "capability_status::tests::", "--locked", "--", "--show-output", "--test-threads=1"]
2026-10-08T05:09:59.1126454Z     Finished `test` profile [unoptimized + debuginfo] target(s) in 0.12s
2026-10-08T05:09:59.1127866Z      Running unittests src/lib.rs (target/debug/deps/cc_server-87b7dbd72aae56b0)
2026-10-08T05:09:59.1128473Z 
2026-10-08T05:09:59.1128633Z running 10 tests
2026-10-08T05:09:59.1129459Z test capability_status::tests::attached_port_with_degradation_reports_degraded_state_and_reasons ... ok
2026-10-08T05:09:59.1130837Z test capability_status::tests::detectable_incarnation_change_retries_then_returns_only_the_new_observation ... ok
2026-10-08T05:09:59.1131625Z test capability_status::tests::identity_churn_is_bounded_and_never_reports_old_database_ready ... ok
2026-10-08T05:09:59.1132298Z test capability_status::tests::old_active_space_cannot_report_configured_new_model_ready ... ok
2026-10-08T05:09:59.1133348Z test capability_status::tests::ordinary_index_churn_returns_one_complete_observation_per_poll ... ok
2026-10-08T05:09:59.1134085Z test capability_status::tests::query_network_authorization_is_separate_and_requires_live_encoder ... ok
2026-10-08T05:09:59.1134773Z test capability_status::tests::real_worker_publication_between_status_reads_never_mixes_epochs ... ok
2026-10-08T05:09:59.1136067Z test capability_status::tests::stale_wiring_metadata_cannot_claim_an_unattached_port_is_ready ... ok
2026-10-08T05:09:59.1137440Z test capability_status::tests::unattached_healthy_or_unreported_states_are_never_degraded ... ok
2026-10-08T05:09:59.1138677Z test capability_status::tests::wired_status_requires_an_active_space_and_reports_publication_gaps ... ok
2026-10-08T05:09:59.1139407Z 
2026-10-08T05:09:59.1139545Z successes:
2026-10-08T05:09:59.1139739Z 
2026-10-08T05:09:59.1140299Z ---- capability_status::tests::real_worker_publication_between_status_reads_never_mixes_epochs stdout ----
2026-10-08T05:09:59.1142088Z STATUS_INTERLEAVE {"after":{"evidence_epoch":0,"incarnation":[18,140,63,65,244,76,226,15,7,94,127,224,154,65,57,154],"index_epoch":6,"semantic_epoch":2},"before":{"evidence_epoch":0,"incarnation":[18,140,63,65,244,76,226,15,7,94,127,224,154,65,57,154],"index_epoch":6,"semantic_epoch":1},"dense_state":"partial","returned":{"evidence_epoch":0,"incarnation":[18,140,63,65,244,76,226,15,7,94,127,224,154,65,57,154],"index_epoch":6,"semantic_epoch":1},"root_attempts":1}
2026-10-08T05:09:59.1143456Z 
2026-10-08T05:09:59.1143470Z 
2026-10-08T05:09:59.1143551Z successes:
2026-10-08T05:09:59.1143934Z     capability_status::tests::attached_port_with_degradation_reports_degraded_state_and_reasons
2026-10-08T05:09:59.1144595Z     capability_status::tests::detectable_incarnation_change_retries_then_returns_only_the_new_observation
2026-10-08T05:09:59.1145582Z     capability_status::tests::identity_churn_is_bounded_and_never_reports_old_database_ready
2026-10-08T05:09:59.1146175Z     capability_status::tests::old_active_space_cannot_report_configured_new_model_ready
2026-10-08T05:09:59.1146754Z     capability_status::tests::ordinary_index_churn_returns_one_complete_observation_per_poll
2026-10-08T05:09:59.1147353Z     capability_status::tests::query_network_authorization_is_separate_and_requires_live_encoder
2026-10-08T05:09:59.1147956Z     capability_status::tests::real_worker_publication_between_status_reads_never_mixes_epochs
2026-10-08T05:09:59.1148550Z     capability_status::tests::stale_wiring_metadata_cannot_claim_an_unattached_port_is_ready
2026-10-08T05:09:59.1149122Z     capability_status::tests::unattached_healthy_or_unreported_states_are_never_degraded
2026-10-08T05:09:59.1149710Z     capability_status::tests::wired_status_requires_an_active_space_and_reports_publication_gaps
2026-10-08T05:09:59.1150070Z 
2026-10-08T05:09:59.1150321Z test result: ok. 10 passed; 0 failed; 0 ignored; 0 measured; 343 filtered out; finished in 0.37s
2026-10-08T05:09:59.1150657Z 
2026-10-08T05:09:59.1151096Z COMMAND ["cargo", "test", "-p", "cc-server", "--features", "semantic-http", "--test", "p7_v11_ready_epoch_independent_review", "--locked", "--", "--list"]
2026-10-08T05:10:09.3608774Z    Compiling cc-server v1.0.0 (/home/runner/work/codecortex/codecortex/crates/cc-server)
2026-10-08T05:10:09.3610375Z     Finished `test` profile [unoptimized + debuginfo] target(s) in 10.21s
2026-10-08T05:10:09.3611736Z      Running tests/p7_v11_ready_epoch_independent_review.rs (target/debug/deps/p7_v11_ready_epoch_independent_review-ba3d7a0101d278d8)
2026-10-08T05:10:09.3612957Z ready_snapshot_bounds_query_generation_without_claiming_quiescence: test
2026-10-08T05:10:09.3613354Z 
2026-10-08T05:10:09.3613531Z 1 test, 0 benchmarks
2026-10-08T05:10:09.3614515Z COMMAND ["cargo", "test", "-p", "cc-server", "--features", "semantic-http", "--test", "p7_v11_ready_epoch_independent_review", "--locked", "--", "--show-output", "--test-threads=1"]
2026-10-08T05:10:10.1673789Z     Finished `test` profile [unoptimized + debuginfo] target(s) in 0.13s
2026-10-08T05:10:10.1674787Z      Running tests/p7_v11_ready_epoch_independent_review.rs (target/debug/deps/p7_v11_ready_epoch_independent_review-ba3d7a0101d278d8)
2026-10-08T05:10:10.1675622Z 
2026-10-08T05:10:10.1675723Z running 1 test
2026-10-08T05:10:10.1676959Z test ready_snapshot_bounds_query_generation_without_claiming_quiescence ... [2m2026-10-08T05:10:09.520743Z[0m [32m INFO[0m [2mcc_db::index_migrate[0m[2m:[0m initializing index schema [3mversion[0m[2m=[0m25
2026-10-08T05:10:10.1680486Z [2m2026-10-08T05:10:09.542104Z[0m [32m INFO[0m [1mserve_inner[0m[2m:[0m [2mrmcp::service[0m[2m:[0m Service initialized as server [3mpeer_info[0m[2m=[0mSome(InitializeRequestParams { meta: None, protocol_version: ProtocolVersion("2025-11-25"), capabilities: ClientCapabilities { experimental: None, extensions: None, roots: None, sampling: None, elicitation: None, tasks: None }, client_info: Implementation { name: "rmcp", title: None, version: "2.2.0", description: None, icons: None, website_url: None } })
2026-10-08T05:10:10.1682700Z [2m2026-10-08T05:10:09.542219Z[0m [32m INFO[0m [2mcc_server::mcp[0m[2m:[0m MCP server started on stdio
2026-10-08T05:10:10.1684150Z [2m2026-10-08T05:10:09.542529Z[0m [32m INFO[0m [1mserve_inner[0m[2m:[0m [2mrmcp::service[0m[2m:[0m received notification [3mnotification[0m[2m=[0mInitializedNotification(NotificationNoParam { method: InitializedNotificationMethod, extensions: Extensions })
2026-10-08T05:10:10.1686474Z [2m2026-10-08T05:10:09.542658Z[0m [32m INFO[0m [1mserve_inner[0m[2m:[0m [2mrmcp::handler::server[0m[2m:[0m client initialized
2026-10-08T05:10:10.1687714Z [2m2026-10-08T05:10:09.543372Z[0m [32m INFO[0m [2mcc_index::memory_budget[0m[2m:[0m memory budget initialized [3mtotal_ram_mb[0m[2m=[0m15989 [3mbudget_mb[0m[2m=[0m7994 [3mfraction[0m[2m=[0m0.5
2026-10-08T05:10:10.1689131Z [2m2026-10-08T05:10:09.578075Z[0m [32m INFO[0m [2mcc_db::index_db_rebuild[0m[2m:[0m full rebuild: creating temp database [3mtmp[0m[2m=[0m/tmp/.tmpH9XCLI/project/.codecortex/index.sqlite3.tmp
2026-10-08T05:10:10.1690254Z [2m2026-10-08T05:10:09.644889Z[0m [32m INFO[0m [2mcc_db::index_db_rebuild[0m[2m:[0m full rebuild: writing data to temp database
2026-10-08T05:10:10.1691117Z [2m2026-10-08T05:10:09.647435Z[0m [32m INFO[0m [2mcc_db::index_db_rebuild[0m[2m:[0m full rebuild: recreating indexes
2026-10-08T05:10:10.1691987Z [2m2026-10-08T05:10:09.661539Z[0m [32m INFO[0m [2mcc_db::index_db_rebuild[0m[2m:[0m full rebuild: temp database ready for swap
2026-10-08T05:10:10.1693160Z [2m2026-10-08T05:10:09.661748Z[0m [32m INFO[0m [2mcc_index::memory_budget[0m[2m:[0m memory budget initialized [3mtotal_ram_mb[0m[2m=[0m15989 [3mbudget_mb[0m[2m=[0m7994 [3mfraction[0m[2m=[0m0.5
2026-10-08T05:10:10.1694532Z [2m2026-10-08T05:10:09.675249Z[0m [32m INFO[0m [2mcc_index::memory_budget[0m[2m:[0m memory budget initialized [3mtotal_ram_mb[0m[2m=[0m15989 [3mbudget_mb[0m[2m=[0m7994 [3mfraction[0m[2m=[0m0.5
2026-10-08T05:10:10.1696279Z [2m2026-10-08T05:10:09.679691Z[0m [32m INFO[0m [2mcc_index::memory_budget[0m[2m:[0m memory budget initialized [3mtotal_ram_mb[0m[2m=[0m15989 [3mbudget_mb[0m[2m=[0m7994 [3mfraction[0m[2m=[0m0.5
2026-10-08T05:10:10.1698262Z [2m2026-10-08T05:10:09.694739Z[0m [32m INFO[0m [2mcc_server::semantic_runtime[0m[2m:[0m semantic worker GC page completed [3mkept_fresh[0m[2m=[0m0 [3mkept_referenced[0m[2m=[0m1 [3mkept_live_task[0m[2m=[0m0 [3mdeleted_objects[0m[2m=[0m0 [3mdeleted_halves[0m[2m=[0m0 [3mdeleted_temps[0m[2m=[0m0 [3mpruned_dirs[0m[2m=[0m0 [3mexhausted[0m[2m=[0mtrue
2026-10-08T05:10:10.1700384Z [2m2026-10-08T05:10:09.730593Z[0m [32m INFO[0m [2mcc_index::memory_budget[0m[2m:[0m memory budget initialized [3mtotal_ram_mb[0m[2m=[0m15989 [3mbudget_mb[0m[2m=[0m7994 [3mfraction[0m[2m=[0m0.5
2026-10-08T05:10:10.1701769Z [2m2026-10-08T05:10:09.738044Z[0m [32m INFO[0m [2mcc_index::memory_budget[0m[2m:[0m memory budget initialized [3mtotal_ram_mb[0m[2m=[0m15989 [3mbudget_mb[0m[2m=[0m7994 [3mfraction[0m[2m=[0m0.5
2026-10-08T05:10:10.1702941Z [2m2026-10-08T05:10:09.743476Z[0m [32m INFO[0m [2mcc_index::indexer_phases::write[0m[2m:[0m generated hierarchy edges [3mcount[0m[2m=[0m2
2026-10-08T05:10:10.1704275Z [2m2026-10-08T05:10:09.744342Z[0m [32m INFO[0m [2mcc_index::memory_budget[0m[2m:[0m memory budget initialized [3mtotal_ram_mb[0m[2m=[0m15989 [3mbudget_mb[0m[2m=[0m7994 [3mfraction[0m[2m=[0m0.5
2026-10-08T05:10:10.1705975Z [2m2026-10-08T05:10:09.747949Z[0m [32m INFO[0m [2mcc_index::memory_budget[0m[2m:[0m memory budget initialized [3mtotal_ram_mb[0m[2m=[0m15989 [3mbudget_mb[0m[2m=[0m7994 [3mfraction[0m[2m=[0m0.5
2026-10-08T05:10:10.1707951Z [2m2026-10-08T05:10:09.759687Z[0m [32m INFO[0m [2mcc_server::semantic_runtime[0m[2m:[0m semantic worker GC page completed [3mkept_fresh[0m[2m=[0m1 [3mkept_referenced[0m[2m=[0m1 [3mkept_live_task[0m[2m=[0m0 [3mdeleted_objects[0m[2m=[0m0 [3mdeleted_halves[0m[2m=[0m0 [3mdeleted_temps[0m[2m=[0m0 [3mpruned_dirs[0m[2m=[0m0 [3mexhausted[0m[2m=[0mtrue
2026-10-08T05:10:10.1710250Z [2m2026-10-08T05:10:09.771197Z[0m [33m WARN[0m [1mserve_inner[0m[2m:[0m [2mrmcp::service[0m[2m:[0m response error [3mid[0m[2m=[0m6 [3merror[0m[2m=[0mErrorData { code: ErrorCode(-32603), message: "index changed during retrieval after 1 attempts; retry the query", data: Some(Object {"retryable": Bool(true)}) }
2026-10-08T05:10:10.1711724Z [2m2026-10-08T05:10:09.820532Z[0m [32m INFO[0m [1mserve_inner[0m[2m:[0m [2mrmcp::service[0m[2m:[0m input stream terminated
2026-10-08T05:10:10.1712688Z [2m2026-10-08T05:10:09.820636Z[0m [32m INFO[0m [1mserve_inner[0m[2m:[0m [2mrmcp::service[0m[2m:[0m serve finished [3mquit_reason[0m[2m=[0mClosed
2026-10-08T05:10:10.1713583Z [2m2026-10-08T05:10:09.820881Z[0m [32m INFO[0m [2mcc_server::mcp[0m[2m:[0m MCP server shut down gracefully
2026-10-08T05:10:10.1714456Z [2m2026-10-08T05:10:09.837653Z[0m [32m INFO[0m [2mcc_db::index_migrate[0m[2m:[0m initializing index schema [3mversion[0m[2m=[0m25
2026-10-08T05:10:10.1717486Z [2m2026-10-08T05:10:09.860124Z[0m [32m INFO[0m [1mserve_inner[0m[2m:[0m [2mrmcp::service[0m[2m:[0m Service initialized as server [3mpeer_info[0m[2m=[0mSome(InitializeRequestParams { meta: None, protocol_version: ProtocolVersion("2025-11-25"), capabilities: ClientCapabilities { experimental: None, extensions: None, roots: None, sampling: None, elicitation: None, tasks: None }, client_info: Implementation { name: "rmcp", title: None, version: "2.2.0", description: None, icons: None, website_url: None } })
2026-10-08T05:10:10.1719557Z [2m2026-10-08T05:10:09.860214Z[0m [32m INFO[0m [2mcc_server::mcp[0m[2m:[0m MCP server started on stdio
2026-10-08T05:10:10.1720934Z [2m2026-10-08T05:10:09.860544Z[0m [32m INFO[0m [1mserve_inner[0m[2m:[0m [2mrmcp::service[0m[2m:[0m received notification [3mnotification[0m[2m=[0mInitializedNotification(NotificationNoParam { method: InitializedNotificationMethod, extensions: Extensions })
2026-10-08T05:10:10.1722293Z [2m2026-10-08T05:10:09.860651Z[0m [32m INFO[0m [1mserve_inner[0m[2m:[0m [2mrmcp::handler::server[0m[2m:[0m client initialized
2026-10-08T05:10:10.1723648Z [2m2026-10-08T05:10:09.861482Z[0m [32m INFO[0m [2mcc_index::memory_budget[0m[2m:[0m memory budget initialized [3mtotal_ram_mb[0m[2m=[0m15989 [3mbudget_mb[0m[2m=[0m7994 [3mfraction[0m[2m=[0m0.5
2026-10-08T05:10:10.1725309Z [2m2026-10-08T05:10:09.896112Z[0m [32m INFO[0m [2mcc_db::index_db_rebuild[0m[2m:[0m full rebuild: creating temp database [3mtmp[0m[2m=[0m/tmp/.tmpqQaEdq/project/.codecortex/index.sqlite3.tmp
2026-10-08T05:10:10.1726429Z [2m2026-10-08T05:10:09.962746Z[0m [32m INFO[0m [2mcc_db::index_db_rebuild[0m[2m:[0m full rebuild: writing data to temp database
2026-10-08T05:10:10.1727290Z [2m2026-10-08T05:10:09.965217Z[0m [32m INFO[0m [2mcc_db::index_db_rebuild[0m[2m:[0m full rebuild: recreating indexes
2026-10-08T05:10:10.1728145Z [2m2026-10-08T05:10:09.978582Z[0m [32m INFO[0m [2mcc_db::index_db_rebuild[0m[2m:[0m full rebuild: temp database ready for swap
2026-10-08T05:10:10.1729316Z [2m2026-10-08T05:10:09.978726Z[0m [32m INFO[0m [2mcc_index::memory_budget[0m[2m:[0m memory budget initialized [3mtotal_ram_mb[0m[2m=[0m15989 [3mbudget_mb[0m[2m=[0m7994 [3mfraction[0m[2m=[0m0.5
2026-10-08T05:10:10.1730848Z [2m2026-10-08T05:10:09.998478Z[0m [32m INFO[0m [2mcc_index::memory_budget[0m[2m:[0m memory budget initialized [3mtotal_ram_mb[0m[2m=[0m15989 [3mbudget_mb[0m[2m=[0m7994 [3mfraction[0m[2m=[0m0.5
2026-10-08T05:10:10.1732314Z [2m2026-10-08T05:10:10.003250Z[0m [32m INFO[0m [2mcc_index::memory_budget[0m[2m:[0m memory budget initialized [3mtotal_ram_mb[0m[2m=[0m15989 [3mbudget_mb[0m[2m=[0m7994 [3mfraction[0m[2m=[0m0.5
2026-10-08T05:10:10.1734298Z [2m2026-10-08T05:10:10.017696Z[0m [32m INFO[0m [2mcc_server::semantic_runtime[0m[2m:[0m semantic worker GC page completed [3mkept_fresh[0m[2m=[0m0 [3mkept_referenced[0m[2m=[0m1 [3mkept_live_task[0m[2m=[0m0 [3mdeleted_objects[0m[2m=[0m0 [3mdeleted_halves[0m[2m=[0m0 [3mdeleted_temps[0m[2m=[0m0 [3mpruned_dirs[0m[2m=[0m0 [3mexhausted[0m[2m=[0mtrue
2026-10-08T05:10:10.1736414Z [2m2026-10-08T05:10:10.064458Z[0m [32m INFO[0m [2mcc_index::memory_budget[0m[2m:[0m memory budget initialized [3mtotal_ram_mb[0m[2m=[0m15989 [3mbudget_mb[0m[2m=[0m7994 [3mfraction[0m[2m=[0m0.5
2026-10-08T05:10:10.1737790Z [2m2026-10-08T05:10:10.072067Z[0m [32m INFO[0m [2mcc_index::memory_budget[0m[2m:[0m memory budget initialized [3mtotal_ram_mb[0m[2m=[0m15989 [3mbudget_mb[0m[2m=[0m7994 [3mfraction[0m[2m=[0m0.5
2026-10-08T05:10:10.1738983Z [2m2026-10-08T05:10:10.077693Z[0m [32m INFO[0m [2mcc_index::indexer_phases::write[0m[2m:[0m generated hierarchy edges [3mcount[0m[2m=[0m2
2026-10-08T05:10:10.1740197Z [2m2026-10-08T05:10:10.078605Z[0m [32m INFO[0m [2mcc_index::memory_budget[0m[2m:[0m memory budget initialized [3mtotal_ram_mb[0m[2m=[0m15989 [3mbudget_mb[0m[2m=[0m7994 [3mfraction[0m[2m=[0m0.5
2026-10-08T05:10:10.1741563Z [2m2026-10-08T05:10:10.082192Z[0m [32m INFO[0m [2mcc_index::memory_budget[0m[2m:[0m memory budget initialized [3mtotal_ram_mb[0m[2m=[0m15989 [3mbudget_mb[0m[2m=[0m7994 [3mfraction[0m[2m=[0m0.5
2026-10-08T05:10:10.1743524Z [2m2026-10-08T05:10:10.094193Z[0m [32m INFO[0m [2mcc_server::semantic_runtime[0m[2m:[0m semantic worker GC page completed [3mkept_fresh[0m[2m=[0m1 [3mkept_referenced[0m[2m=[0m1 [3mkept_live_task[0m[2m=[0m0 [3mdeleted_objects[0m[2m=[0m0 [3mdeleted_halves[0m[2m=[0m0 [3mdeleted_temps[0m[2m=[0m0 [3mpruned_dirs[0m[2m=[0m0 [3mexhausted[0m[2m=[0mtrue
2026-10-08T05:10:10.1747281Z [2m2026-10-08T05:10:10.105303Z[0m [33m WARN[0m [1mserve_inner[0m[2m:[0m [2mrmcp::service[0m[2m:[0m response error [3mid[0m[2m=[0m6 [3merror[0m[2m=[0mErrorData { code: ErrorCode(-32603), message: "index changed during retrieval after 1 attempts; retry the query", data: Some(Object {"retryable": Bool(true)}) }
2026-10-08T05:10:10.1748812Z [2m2026-10-08T05:10:10.153834Z[0m [32m INFO[0m [1mserve_inner[0m[2m:[0m [2mrmcp::service[0m[2m:[0m input stream terminated
2026-10-08T05:10:10.1749993Z [2m2026-10-08T05:10:10.153910Z[0m [32m INFO[0m [1mserve_inner[0m[2m:[0m [2mrmcp::service[0m[2m:[0m serve finished [3mquit_reason[0m[2m=[0mClosed
2026-10-08T05:10:10.1750885Z [2m2026-10-08T05:10:10.154126Z[0m [32m INFO[0m [2mcc_server::mcp[0m[2m:[0m MCP server shut down gracefully
2026-10-08T05:10:10.1751341Z ok
2026-10-08T05:10:10.1751451Z 
2026-10-08T05:10:10.1751535Z successes:
2026-10-08T05:10:10.1751644Z 
2026-10-08T05:10:10.1751728Z successes:
2026-10-08T05:10:10.1752018Z     ready_snapshot_bounds_query_generation_without_claiming_quiescence
2026-10-08T05:10:10.1752303Z 
2026-10-08T05:10:10.1752554Z test result: ok. 1 passed; 0 failed; 0 ignored; 0 measured; 0 filtered out; finished in 0.65s
2026-10-08T05:10:10.1752896Z 
2026-10-08T05:10:10.1753094Z VERIFIED 17 existing tests (6 DB + 10 semantic-http status + 1 stdio)
2026-10-08T05:10:10.1785936Z ##[group]Run cargo test -p cc-eval -- integration_fixtures_and_corpus --nocapture
2026-10-08T05:10:10.1786546Z [36;1mcargo test -p cc-eval -- integration_fixtures_and_corpus --nocapture[0m
2026-10-08T05:10:10.1854558Z shell: /usr/bin/bash -e {0}
2026-10-08T05:10:10.1854811Z env:
2026-10-08T05:10:10.1855200Z   CARGO_TERM_COLOR: always
2026-10-08T05:10:10.1855458Z   RUSTFLAGS: -D warnings
2026-10-08T05:10:10.1855701Z   CARGO_HOME: /home/runner/.cargo
2026-10-08T05:10:10.1855951Z   CARGO_INCREMENTAL: 0
2026-10-08T05:10:10.1856169Z   CACHE_ON_FAILURE: false
2026-10-08T05:10:10.1856397Z ##[endgroup]
2026-10-08T05:10:10.3309285Z [1m[92m    Finished[0m `test` profile [unoptimized + debuginfo] target(s) in 0.12s
2026-10-08T05:10:10.3840104Z [1m[92m     Running[0m unittests src/lib.rs (target/debug/deps/cc_eval-85fe4fb03e12e1f1)
2026-10-08T05:10:10.3866022Z 
2026-10-08T05:10:10.3866175Z running 1 test
2026-10-08T05:10:13.2936456Z # CodeCortex Eval Report
2026-10-08T05:10:13.2936998Z 
2026-10-08T05:10:13.2937245Z Generated: 2026-10-08T05:10:13.293392420+00:00
2026-10-08T05:10:13.2937647Z 
2026-10-08T05:10:13.2937805Z ## Summary
2026-10-08T05:10:13.2938026Z 
2026-10-08T05:10:13.2938319Z | Total | Passed | Failed | Duration | p95 | Max | Output |
2026-10-08T05:10:13.2944151Z |-------|--------|--------|----------|-----|-----|--------|
2026-10-08T05:10:13.2944730Z | 94 | 94 | 0 | 2201ms | 130ms | 549ms | 344496 bytes |
2026-10-08T05:10:13.2945310Z 
2026-10-08T05:10:13.2945459Z ## Per-Tool Results
2026-10-08T05:10:13.2945665Z 
2026-10-08T05:10:13.2945909Z | Tool | Cases | Passed | Failed | Avg Duration | p95 | Max |
2026-10-08T05:10:13.2946494Z |------|-------|--------|--------|-------------|-----|-----|
2026-10-08T05:10:13.2946978Z | adr | 1 | 1 | 0 | 0ms | 0ms | 0ms |
2026-10-08T05:10:13.2947416Z | architecture | 6 | 6 | 0 | 5ms | 13ms | 13ms |
2026-10-08T05:10:13.2947934Z | context | 8 | 8 | 0 | 126ms | 140ms | 140ms |
2026-10-08T05:10:13.2948457Z | explore | 5 | 5 | 0 | 2ms | 3ms | 3ms |
2026-10-08T05:10:13.2948908Z | files | 2 | 2 | 0 | 0ms | 1ms | 1ms |
2026-10-08T05:10:13.2949333Z | graph_query | 9 | 9 | 0 | 1ms | 4ms | 4ms |
2026-10-08T05:10:13.2949758Z | impact | 7 | 7 | 0 | 2ms | 6ms | 6ms |
2026-10-08T05:10:13.2950165Z | index | 1 | 1 | 0 | 549ms | 549ms | 549ms |
2026-10-08T05:10:13.2950596Z | ingest_traces | 1 | 1 | 0 | 1ms | 1ms | 1ms |
2026-10-08T05:10:13.2951031Z | node | 6 | 6 | 0 | 1ms | 2ms | 2ms |
2026-10-08T05:10:13.2951456Z | relations | 8 | 8 | 0 | 1ms | 2ms | 2ms |
2026-10-08T05:10:13.2951899Z | search | 28 | 28 | 0 | 19ms | 88ms | 127ms |
2026-10-08T05:10:13.2952322Z | status | 1 | 1 | 0 | 6ms | 6ms | 6ms |
2026-10-08T05:10:13.2952728Z | trace | 11 | 11 | 0 | 1ms | 2ms | 2ms |
2026-10-08T05:10:13.2952995Z 
2026-10-08T05:10:13.2953133Z ## Retrieval Quality
2026-10-08T05:10:13.2953342Z 
2026-10-08T05:10:13.2953471Z | Metric | Value |
2026-10-08T05:10:13.2953790Z |--------|-------|
2026-10-08T05:10:13.2954125Z | Avg Recall@5 | 1.00 |
2026-10-08T05:10:13.2954490Z | Avg MRR | 0.96 |
2026-10-08T05:10:13.2955230Z 
2026-10-08T05:10:13.2955365Z ## Cases
2026-10-08T05:10:13.2955528Z 
2026-10-08T05:10:13.2955689Z ### adr_list [PASS] (0ms)
2026-10-08T05:10:13.2955919Z 
2026-10-08T05:10:13.2956047Z - Tool: `adr`
2026-10-08T05:10:13.2956360Z - Assertions passed: 2
2026-10-08T05:10:13.2956586Z 
2026-10-08T05:10:13.2956736Z ### architecture_env [PASS] (1ms)
2026-10-08T05:10:13.2957005Z 
2026-10-08T05:10:13.2957146Z - Tool: `architecture`
2026-10-08T05:10:13.2957489Z - Assertions passed: 1
2026-10-08T05:10:13.2957697Z 
2026-10-08T05:10:13.2957856Z ### architecture_frameworks [PASS] (1ms)
2026-10-08T05:10:13.2958171Z 
2026-10-08T05:10:13.2958305Z - Tool: `architecture`
2026-10-08T05:10:13.2958638Z - Assertions passed: 2
2026-10-08T05:10:13.2958852Z 
2026-10-08T05:10:13.2959023Z ### architecture_overview [PASS] (9ms)
2026-10-08T05:10:13.2959336Z 
2026-10-08T05:10:13.2959476Z - Tool: `architecture`
2026-10-08T05:10:13.2959838Z - Assertions passed: 1
2026-10-08T05:10:13.2960050Z 
2026-10-08T05:10:13.2960589Z ### architecture_routes [PASS] (4ms)
2026-10-08T05:10:13.2960941Z 
2026-10-08T05:10:13.2961097Z - Tool: `architecture`
2026-10-08T05:10:13.2961483Z - Assertions passed: 3
2026-10-08T05:10:13.2961739Z 
2026-10-08T05:10:13.2961866Z ### architecture_routes_express [PASS] (3ms)
2026-10-08T05:10:13.2962065Z 
2026-10-08T05:10:13.2962157Z - Tool: `architecture`
2026-10-08T05:10:13.2962443Z - Assertions passed: 2
2026-10-08T05:10:13.2962706Z 
2026-10-08T05:10:13.2962821Z ### architecture_services [PASS] (13ms)
2026-10-08T05:10:13.2963015Z 
2026-10-08T05:10:13.2963108Z - Tool: `architecture`
2026-10-08T05:10:13.2963325Z - Assertions passed: 1
2026-10-08T05:10:13.2963461Z 
2026-10-08T05:10:13.2963567Z ### context_flask_routes [PASS] (134ms)
2026-10-08T05:10:13.2963752Z 
2026-10-08T05:10:13.2963832Z - Tool: `context`
2026-10-08T05:10:13.2964047Z - Assertions passed: 2
2026-10-08T05:10:13.2964178Z 
2026-10-08T05:10:13.2964297Z ### context_golden_bank_transfer [PASS] (102ms)
2026-10-08T05:10:13.2964505Z 
2026-10-08T05:10:13.2964600Z - Tool: `context`
2026-10-08T05:10:13.2964802Z - Assertions passed: 4
2026-10-08T05:10:13.2965251Z 
2026-10-08T05:10:13.2965466Z ### context_golden_format_user [PASS] (127ms)
2026-10-08T05:10:13.2965820Z 
2026-10-08T05:10:13.2965961Z - Tool: `context`
2026-10-08T05:10:13.2966327Z - Assertions passed: 4
2026-10-08T05:10:13.2966473Z 
2026-10-08T05:10:13.2966583Z ### context_golden_order_total [PASS] (130ms)
2026-10-08T05:10:13.2966781Z 
2026-10-08T05:10:13.2966864Z - Tool: `context`
2026-10-08T05:10:13.2967180Z - Assertions passed: 4
2026-10-08T05:10:13.2967440Z 
2026-10-08T05:10:13.2967609Z ### context_golden_refactor [PASS] (132ms)
2026-10-08T05:10:13.2967819Z 
2026-10-08T05:10:13.2967897Z - Tool: `context`
2026-10-08T05:10:13.2968117Z - Assertions passed: 3
2026-10-08T05:10:13.2968303Z 
2026-10-08T05:10:13.2968509Z ### context_graph_enriched [PASS] (120ms)
2026-10-08T05:10:13.2968782Z 
2026-10-08T05:10:13.2968864Z - Tool: `context`
2026-10-08T05:10:13.2969106Z - Assertions passed: 2
2026-10-08T05:10:13.2969248Z 
2026-10-08T05:10:13.2969345Z ### context_task [PASS] (129ms)
2026-10-08T05:10:13.2969500Z 
2026-10-08T05:10:13.2969581Z - Tool: `context`
2026-10-08T05:10:13.2969781Z - Assertions passed: 1
2026-10-08T05:10:13.2969913Z 
2026-10-08T05:10:13.2970015Z ### context_with_intent [PASS] (140ms)
2026-10-08T05:10:13.2970189Z 
2026-10-08T05:10:13.2970270Z - Tool: `context`
2026-10-08T05:10:13.2970464Z - Assertions passed: 1
2026-10-08T05:10:13.2970598Z 
2026-10-08T05:10:13.2970699Z ### error_files_invalid_action [PASS] (0ms)
2026-10-08T05:10:13.2970893Z 
2026-10-08T05:10:13.2970978Z - Tool: `files`
2026-10-08T05:10:13.2971175Z - Assertions passed: 1
2026-10-08T05:10:13.2971625Z - Error: Mcp error: -32602: unknown files action "nonexistent_action"; expected "list", "region", or "expand"
2026-10-08T05:10:13.2972033Z 
2026-10-08T05:10:13.2972132Z ### error_impact_no_index [PASS] (6ms)
2026-10-08T05:10:13.2972312Z 
2026-10-08T05:10:13.2972395Z - Tool: `impact`
2026-10-08T05:10:13.2972599Z - Assertions passed: 1
2026-10-08T05:10:13.2972967Z 
2026-10-08T05:10:13.2973071Z ### error_invalid_cypher [PASS] (0ms)
2026-10-08T05:10:13.2973250Z 
2026-10-08T05:10:13.2973332Z - Tool: `graph_query`
2026-10-08T05:10:13.2973547Z - Assertions passed: 1
2026-10-08T05:10:13.2973858Z - Error: Mcp error: -32603: search error: expected Match, got Ident("THIS")
2026-10-08T05:10:13.2974144Z 
2026-10-08T05:10:13.2974240Z ### error_node_missing [PASS] (1ms)
2026-10-08T05:10:13.2974412Z 
2026-10-08T05:10:13.2974488Z - Tool: `node`
2026-10-08T05:10:13.2974692Z - Assertions passed: 2
2026-10-08T05:10:13.2975205Z - Error: Mcp error: -32603: search error: symbol not found: completely_nonexistent_symbol_xyz
2026-10-08T05:10:13.2975557Z 
2026-10-08T05:10:13.2975657Z ### error_search_empty_query [PASS] (1ms)
2026-10-08T05:10:13.2975843Z 
2026-10-08T05:10:13.2975920Z - Tool: `search`
2026-10-08T05:10:13.2976124Z - Assertions passed: 1
2026-10-08T05:10:13.2976251Z 
2026-10-08T05:10:13.2976511Z ### error_trace_missing_symbol [PASS] (0ms)
2026-10-08T05:10:13.2976714Z 
2026-10-08T05:10:13.2976791Z - Tool: `trace`
2026-10-08T05:10:13.2976990Z - Assertions passed: 2
2026-10-08T05:10:13.2977346Z - Error: Mcp error: -32603: search error: symbol not found: nonexistent_function_xyz_123
2026-10-08T05:10:13.2977668Z 
2026-10-08T05:10:13.2977766Z ### explore_flow_js [PASS] (3ms)
2026-10-08T05:10:13.2977930Z 
2026-10-08T05:10:13.2978008Z - Tool: `explore`
2026-10-08T05:10:13.2978215Z - Assertions passed: 3
2026-10-08T05:10:13.2978342Z 
2026-10-08T05:10:13.2978442Z ### explore_flow_mode [PASS] (1ms)
2026-10-08T05:10:13.2978607Z 
2026-10-08T05:10:13.2978695Z - Tool: `explore`
2026-10-08T05:10:13.2978892Z - Assertions passed: 1
2026-10-08T05:10:13.2979023Z 
2026-10-08T05:10:13.2979146Z ### explore_golden_flow_route_chain [PASS] (2ms)
2026-10-08T05:10:13.2979350Z 
2026-10-08T05:10:13.2979431Z - Tool: `explore`
2026-10-08T05:10:13.2979630Z - Assertions passed: 4
2026-10-08T05:10:13.2979760Z 
2026-10-08T05:10:13.2979867Z ### explore_models_hierarchy [PASS] (3ms)
2026-10-08T05:10:13.2980058Z 
2026-10-08T05:10:13.2980140Z - Tool: `explore`
2026-10-08T05:10:13.2980337Z - Assertions passed: 2
2026-10-08T05:10:13.2980463Z 
2026-10-08T05:10:13.2980559Z ### explore_symbols [PASS] (3ms)
2026-10-08T05:10:13.2980721Z 
2026-10-08T05:10:13.2980797Z - Tool: `explore`
2026-10-08T05:10:13.2981003Z - Assertions passed: 1
2026-10-08T05:10:13.2981127Z 
2026-10-08T05:10:13.2981220Z ### files_list [PASS] (1ms)
2026-10-08T05:10:13.2981371Z 
2026-10-08T05:10:13.2981453Z - Tool: `files`
2026-10-08T05:10:13.2981650Z - Assertions passed: 2
2026-10-08T05:10:13.2981787Z 
2026-10-08T05:10:13.2981891Z ### graph_query_aggregation [PASS] (1ms)
2026-10-08T05:10:13.2982073Z 
2026-10-08T05:10:13.2982158Z - Tool: `graph_query`
2026-10-08T05:10:13.2982372Z - Assertions passed: 2
2026-10-08T05:10:13.2982502Z 
2026-10-08T05:10:13.2982596Z ### graph_query_basic [PASS] (1ms)
2026-10-08T05:10:13.2982766Z 
2026-10-08T05:10:13.2982850Z - Tool: `graph_query`
2026-10-08T05:10:13.2983062Z - Assertions passed: 2
2026-10-08T05:10:13.2983198Z 
2026-10-08T05:10:13.2983293Z ### graph_query_callers [PASS] (1ms)
2026-10-08T05:10:13.2983466Z 
2026-10-08T05:10:13.2983545Z - Tool: `graph_query`
2026-10-08T05:10:13.2983756Z - Assertions passed: 2
2026-10-08T05:10:13.2983883Z 
2026-10-08T05:10:13.2984011Z ### graph_query_golden_multiply_callers [PASS] (1ms)
2026-10-08T05:10:13.2984238Z 
2026-10-08T05:10:13.2984322Z - Tool: `graph_query`
2026-10-08T05:10:13.2984539Z - Assertions passed: 3
2026-10-08T05:10:13.2984682Z 
2026-10-08T05:10:13.2984800Z ### graph_query_optional_match [PASS] (1ms)
2026-10-08T05:10:13.2985116Z 
2026-10-08T05:10:13.2985204Z - Tool: `graph_query`
2026-10-08T05:10:13.2985422Z - Assertions passed: 2
2026-10-08T05:10:13.2985556Z 
2026-10-08T05:10:13.2985663Z ### graph_query_regex_regexp [PASS] (4ms)
2026-10-08T05:10:13.2985847Z 
2026-10-08T05:10:13.2985933Z - Tool: `graph_query`
2026-10-08T05:10:13.2986141Z - Assertions passed: 2
2026-10-08T05:10:13.2986273Z 
2026-10-08T05:10:13.2986371Z ### graph_query_union [PASS] (1ms)
2026-10-08T05:10:13.2986686Z 
2026-10-08T05:10:13.2986771Z - Tool: `graph_query`
2026-10-08T05:10:13.2986977Z - Assertions passed: 3
2026-10-08T05:10:13.2987105Z 
2026-10-08T05:10:13.2987233Z ### graph_query_variable_length_calls [PASS] (1ms)
2026-10-08T05:10:13.2987447Z 
2026-10-08T05:10:13.2987525Z - Tool: `graph_query`
2026-10-08T05:10:13.2987737Z - Assertions passed: 2
2026-10-08T05:10:13.2987866Z 
2026-10-08T05:10:13.2987963Z ### impact_circular [PASS] (1ms)
2026-10-08T05:10:13.2988122Z 
2026-10-08T05:10:13.2988204Z - Tool: `impact`
2026-10-08T05:10:13.2988414Z - Assertions passed: 1
2026-10-08T05:10:13.2988547Z 
2026-10-08T05:10:13.2988646Z ### impact_dead_code [PASS] (2ms)
2026-10-08T05:10:13.2988809Z 
2026-10-08T05:10:13.2988890Z - Tool: `impact`
2026-10-08T05:10:13.2989090Z - Assertions passed: 4
2026-10-08T05:10:13.2989221Z 
2026-10-08T05:10:13.2989323Z ### impact_dependents_utils [PASS] (1ms)
2026-10-08T05:10:13.2989511Z 
2026-10-08T05:10:13.2989592Z - Tool: `impact`
2026-10-08T05:10:13.2989948Z - Assertions passed: 2
2026-10-08T05:10:13.2990088Z 
2026-10-08T05:10:13.2990202Z ### impact_golden_dead_code_known [PASS] (2ms)
2026-10-08T05:10:13.2990400Z 
2026-10-08T05:10:13.2990478Z - Tool: `impact`
2026-10-08T05:10:13.2990678Z - Assertions passed: 4
2026-10-08T05:10:13.2990859Z 
2026-10-08T05:10:13.2990979Z ### impact_golden_geometry_callers [PASS] (2ms)
2026-10-08T05:10:13.2991186Z 
2026-10-08T05:10:13.2991262Z - Tool: `impact`
2026-10-08T05:10:13.2991455Z - Assertions passed: 3
2026-10-08T05:10:13.2991591Z 
2026-10-08T05:10:13.2991709Z ### impact_golden_utils_blast_radius [PASS] (2ms)
2026-10-08T05:10:13.2991913Z 
2026-10-08T05:10:13.2991993Z - Tool: `impact`
2026-10-08T05:10:13.2992188Z - Assertions passed: 4
2026-10-08T05:10:13.2992318Z 
2026-10-08T05:10:13.2992413Z ### index_build [PASS] (549ms)
2026-10-08T05:10:13.2992563Z 
2026-10-08T05:10:13.2992643Z - Tool: `index`
2026-10-08T05:10:13.2992839Z - Assertions passed: 2
2026-10-08T05:10:13.2992969Z 
2026-10-08T05:10:13.2993073Z ### ingest_traces_basic [PASS] (1ms)
2026-10-08T05:10:13.2993253Z 
2026-10-08T05:10:13.2993340Z - Tool: `ingest_traces`
2026-10-08T05:10:13.2993558Z - Assertions passed: 2
2026-10-08T05:10:13.2993684Z 
2026-10-08T05:10:13.2993798Z ### node_golden_trail_process_user [PASS] (2ms)
2026-10-08T05:10:13.2993998Z 
2026-10-08T05:10:13.2994074Z - Tool: `node`
2026-10-08T05:10:13.2994274Z - Assertions passed: 5
2026-10-08T05:10:13.2994405Z 
2026-10-08T05:10:13.2994501Z ### node_outline [PASS] (1ms)
2026-10-08T05:10:13.2994654Z 
2026-10-08T05:10:13.2994735Z - Tool: `node`
2026-10-08T05:10:13.2995095Z - Assertions passed: 2
2026-10-08T05:10:13.2995234Z 
2026-10-08T05:10:13.2995340Z ### node_outline_typescript [PASS] (1ms)
2026-10-08T05:10:13.2995521Z 
2026-10-08T05:10:13.2995600Z - Tool: `node`
2026-10-08T05:10:13.2995793Z - Assertions passed: 3
2026-10-08T05:10:13.2995928Z 
2026-10-08T05:10:13.2996022Z ### node_source_rust [PASS] (1ms)
2026-10-08T05:10:13.2996190Z 
2026-10-08T05:10:13.2996270Z - Tool: `node`
2026-10-08T05:10:13.2996475Z - Assertions passed: 3
2026-10-08T05:10:13.2996604Z 
2026-10-08T05:10:13.2996696Z ### node_trail [PASS] (1ms)
2026-10-08T05:10:13.2996849Z 
2026-10-08T05:10:13.2996924Z - Tool: `node`
2026-10-08T05:10:13.2997123Z - Assertions passed: 1
2026-10-08T05:10:13.2997251Z 
2026-10-08T05:10:13.2997356Z ### relations_callees_cpp [PASS] (1ms)
2026-10-08T05:10:13.2997540Z 
2026-10-08T05:10:13.2997622Z - Tool: `relations`
2026-10-08T05:10:13.2997827Z - Assertions passed: 3
2026-10-08T05:10:13.2997967Z 
2026-10-08T05:10:13.2998074Z ### relations_callees_process [PASS] (1ms)
2026-10-08T05:10:13.2998261Z 
2026-10-08T05:10:13.2998348Z - Tool: `relations`
2026-10-08T05:10:13.2998549Z - Assertions passed: 2
2026-10-08T05:10:13.2998680Z 
2026-10-08T05:10:13.2998774Z ### relations_callers [PASS] (1ms)
2026-10-08T05:10:13.2998946Z 
2026-10-08T05:10:13.2999029Z - Tool: `relations`
2026-10-08T05:10:13.2999228Z - Assertions passed: 2
2026-10-08T05:10:13.2999374Z 
2026-10-08T05:10:13.2999474Z ### relations_callers_c [PASS] (1ms)
2026-10-08T05:10:13.2999785Z 
2026-10-08T05:10:13.2999864Z - Tool: `relations`
2026-10-08T05:10:13.3000069Z - Assertions passed: 3
2026-10-08T05:10:13.3000194Z 
2026-10-08T05:10:13.3000306Z ### relations_cross_file_python [PASS] (1ms)
2026-10-08T05:10:13.3000505Z 
2026-10-08T05:10:13.3000582Z - Tool: `relations`
2026-10-08T05:10:13.3000778Z - Assertions passed: 2
2026-10-08T05:10:13.3000908Z 
2026-10-08T05:10:13.3001029Z ### relations_golden_hierarchy_user [PASS] (2ms)
2026-10-08T05:10:13.3001234Z 
2026-10-08T05:10:13.3001316Z - Tool: `relations`
2026-10-08T05:10:13.3001513Z - Assertions passed: 3
2026-10-08T05:10:13.3001642Z 
2026-10-08T05:10:13.3001773Z ### relations_golden_py_get_user_callers [PASS] (1ms)
2026-10-08T05:10:13.3001990Z 
2026-10-08T05:10:13.3002073Z - Tool: `relations`
2026-10-08T05:10:13.3002271Z - Assertions passed: 3
2026-10-08T05:10:13.3002402Z 
2026-10-08T05:10:13.3002497Z ### relations_hierarchy [PASS] (1ms)
2026-10-08T05:10:13.3002670Z 
2026-10-08T05:10:13.3002869Z - Tool: `relations`
2026-10-08T05:10:13.3003083Z - Assertions passed: 1
2026-10-08T05:10:13.3003211Z 
2026-10-08T05:10:13.3003308Z ### search_c_function [PASS] (1ms)
2026-10-08T05:10:13.3003478Z 
2026-10-08T05:10:13.3003554Z - Tool: `search`
2026-10-08T05:10:13.3003754Z - Assertions passed: 4
2026-10-08T05:10:13.3003880Z 
2026-10-08T05:10:13.3003978Z ### search_cpp_method [PASS] (1ms)
2026-10-08T05:10:13.3004139Z 
2026-10-08T05:10:13.3004221Z - Tool: `search`
2026-10-08T05:10:13.3004443Z - Assertions passed: 4
2026-10-08T05:10:13.3004584Z 
2026-10-08T05:10:13.3004691Z ### search_exact_symbol_name [PASS] (1ms)
2026-10-08T05:10:13.3004991Z 
2026-10-08T05:10:13.3005074Z - Tool: `search`
2026-10-08T05:10:13.3005407Z - Assertions passed: 3
2026-10-08T05:10:13.3006179Z 
2026-10-08T05:10:13.3006368Z ### search_go_function [PASS] (1ms)
2026-10-08T05:10:13.3006699Z 
2026-10-08T05:10:13.3006845Z - Tool: `search`
2026-10-08T05:10:13.3007210Z - Assertions passed: 2
2026-10-08T05:10:13.3007457Z 
2026-10-08T05:10:13.3007666Z ### search_golden_c_compute_area [PASS] (1ms)
2026-10-08T05:10:13.3008034Z 
2026-10-08T05:10:13.3008167Z - Tool: `search`
2026-10-08T05:10:13.3008521Z - Assertions passed: 3
2026-10-08T05:10:13.3008754Z 
2026-10-08T05:10:13.3008943Z ### search_golden_cpp_transfer [PASS] (1ms)
2026-10-08T05:10:13.3009290Z 
2026-10-08T05:10:13.3009423Z - Tool: `search`
2026-10-08T05:10:13.3009766Z - Assertions passed: 3
2026-10-08T05:10:13.3010002Z 
2026-10-08T05:10:13.3010126Z ### search_golden_fuzzy_calculate [PASS] (1ms)
2026-10-08T05:10:13.3010327Z 
2026-10-08T05:10:13.3010410Z - Tool: `search`
2026-10-08T05:10:13.3010612Z - Assertions passed: 2
2026-10-08T05:10:13.3010749Z 
2026-10-08T05:10:13.3010861Z ### search_golden_fuzzy_create_user [PASS] (1ms)
2026-10-08T05:10:13.3011067Z 
2026-10-08T05:10:13.3011149Z - Tool: `search`
2026-10-08T05:10:13.3011345Z - Assertions passed: 3
2026-10-08T05:10:13.3011479Z 
2026-10-08T05:10:13.3011579Z ### search_golden_go_handler [PASS] (1ms)
2026-10-08T05:10:13.3011766Z 
2026-10-08T05:10:13.3011856Z - Tool: `search`
2026-10-08T05:10:13.3012054Z - Assertions passed: 3
2026-10-08T05:10:13.3012180Z 
2026-10-08T05:10:13.3012301Z ### search_golden_hybrid_geometry [PASS] (46ms)
2026-10-08T05:10:13.3012505Z 
2026-10-08T05:10:13.3012580Z - Tool: `search`
2026-10-08T05:10:13.3012779Z - Assertions passed: 2
2026-10-08T05:10:13.3012906Z 
2026-10-08T05:10:13.3013033Z ### search_golden_hybrid_graph_caller [PASS] (127ms)
2026-10-08T05:10:13.3013243Z 
2026-10-08T05:10:13.3013325Z - Tool: `search`
2026-10-08T05:10:13.3013529Z - Assertions passed: 4
2026-10-08T05:10:13.3013673Z 
2026-10-08T05:10:13.3013789Z ### search_golden_hybrid_logging [PASS] (68ms)
2026-10-08T05:10:13.3013986Z 
2026-10-08T05:10:13.3014066Z - Tool: `search`
2026-10-08T05:10:13.3014263Z - Assertions passed: 3
2026-10-08T05:10:13.3014401Z 
2026-10-08T05:10:13.3014504Z ### search_golden_hybrid_order [PASS] (77ms)
2026-10-08T05:10:13.3014697Z 
2026-10-08T05:10:13.3014778Z - Tool: `search`
2026-10-08T05:10:13.3015295Z - Assertions passed: 2
2026-10-08T05:10:13.3015637Z 
2026-10-08T05:10:13.3015779Z ### search_golden_hybrid_validate_email [PASS] (43ms)
2026-10-08T05:10:13.3016005Z 
2026-10-08T05:10:13.3016082Z - Tool: `search`
2026-10-08T05:10:13.3016290Z - Assertions passed: 2
2026-10-08T05:10:13.3016424Z 
2026-10-08T05:10:13.3016545Z ### search_golden_hybrid_withdraw [PASS] (62ms)
2026-10-08T05:10:13.3016758Z 
2026-10-08T05:10:13.3016836Z - Tool: `search`
2026-10-08T05:10:13.3017036Z - Assertions passed: 2
2026-10-08T05:10:13.3017173Z 
2026-10-08T05:10:13.3017288Z ### search_golden_java_list_users [PASS] (1ms)
2026-10-08T05:10:13.3017489Z 
2026-10-08T05:10:13.3017575Z - Tool: `search`
2026-10-08T05:10:13.3017775Z - Assertions passed: 3
2026-10-08T05:10:13.3017909Z 
2026-10-08T05:10:13.3018013Z ### search_golden_js [PASS] (1ms)
2026-10-08T05:10:13.3018184Z 
2026-10-08T05:10:13.3018266Z - Tool: `search`
2026-10-08T05:10:13.3018460Z - Assertions passed: 3
2026-10-08T05:10:13.3018592Z 
2026-10-08T05:10:13.3018821Z ### search_golden_js_middleware [PASS] (1ms)
2026-10-08T05:10:13.3019028Z 
2026-10-08T05:10:13.3019105Z - Tool: `search`
2026-10-08T05:10:13.3019309Z - Assertions passed: 3
2026-10-08T05:10:13.3019439Z 
2026-10-08T05:10:13.3019548Z ### search_golden_py_class_view [PASS] (1ms)
2026-10-08T05:10:13.3019736Z 
2026-10-08T05:10:13.3019811Z - Tool: `search`
2026-10-08T05:10:13.3020027Z - Assertions passed: 3
2026-10-08T05:10:13.3020169Z 
2026-10-08T05:10:13.3020272Z ### search_golden_python [PASS] (1ms)
2026-10-08T05:10:13.3020447Z 
2026-10-08T05:10:13.3020528Z - Tool: `search`
2026-10-08T05:10:13.3020728Z - Assertions passed: 3
2026-10-08T05:10:13.3020860Z 
2026-10-08T05:10:13.3020982Z ### search_golden_rust_process_order [PASS] (1ms)
2026-10-08T05:10:13.3021188Z 
2026-10-08T05:10:13.3021269Z - Tool: `search`
2026-10-08T05:10:13.3021469Z - Assertions passed: 3
2026-10-08T05:10:13.3021602Z 
2026-10-08T05:10:13.3021713Z ### search_golden_ts_items_service [PASS] (1ms)
2026-10-08T05:10:13.3021917Z 
2026-10-08T05:10:13.3022031Z - Tool: `search`
2026-10-08T05:10:13.3022246Z - Assertions passed: 3
2026-10-08T05:10:13.3022373Z 
2026-10-08T05:10:13.3022472Z ### search_hybrid [PASS] (88ms)
2026-10-08T05:10:13.3022633Z 
2026-10-08T05:10:13.3022708Z - Tool: `search`
2026-10-08T05:10:13.3022911Z - Assertions passed: 1
2026-10-08T05:10:13.3023037Z 
2026-10-08T05:10:13.3023139Z ### search_java_controller [PASS] (1ms)
2026-10-08T05:10:13.3023428Z 
2026-10-08T05:10:13.3023503Z - Tool: `search`
2026-10-08T05:10:13.3023700Z - Assertions passed: 2
2026-10-08T05:10:13.3023832Z 
2026-10-08T05:10:13.3023933Z ### search_rust_function [PASS] (1ms)
2026-10-08T05:10:13.3024105Z 
2026-10-08T05:10:13.3024184Z - Tool: `search`
2026-10-08T05:10:13.3024376Z - Assertions passed: 4
2026-10-08T05:10:13.3024507Z 
2026-10-08T05:10:13.3024599Z ### search_symbol [PASS] (1ms)
2026-10-08T05:10:13.3024758Z 
2026-10-08T05:10:13.3024839Z - Tool: `search`
2026-10-08T05:10:13.3025362Z - Assertions passed: 3
2026-10-08T05:10:13.3025606Z 
2026-10-08T05:10:13.3025804Z ### search_typescript_class [PASS] (1ms)
2026-10-08T05:10:13.3026015Z 
2026-10-08T05:10:13.3026095Z - Tool: `search`
2026-10-08T05:10:13.3026304Z - Assertions passed: 4
2026-10-08T05:10:13.3026435Z 
2026-10-08T05:10:13.3026531Z ### status_basic [PASS] (6ms)
2026-10-08T05:10:13.3026691Z 
2026-10-08T05:10:13.3026768Z - Tool: `status`
2026-10-08T05:10:13.3026963Z - Assertions passed: 3
2026-10-08T05:10:13.3027094Z 
2026-10-08T05:10:13.3027189Z ### trace_c_intra [PASS] (2ms)
2026-10-08T05:10:13.3027379Z 
2026-10-08T05:10:13.3027461Z - Tool: `trace`
2026-10-08T05:10:13.3027660Z - Assertions passed: 3
2026-10-08T05:10:13.3027793Z 
2026-10-08T05:10:13.3027887Z ### trace_cpp_method [PASS] (1ms)
2026-10-08T05:10:13.3028055Z 
2026-10-08T05:10:13.3028136Z - Tool: `trace`
2026-10-08T05:10:13.3028341Z - Assertions passed: 3
2026-10-08T05:10:13.3028472Z 
2026-10-08T05:10:13.3028565Z ### trace_cross_file_js [PASS] (2ms)
2026-10-08T05:10:13.3028740Z 
2026-10-08T05:10:13.3028816Z - Tool: `trace`
2026-10-08T05:10:13.3029014Z - Assertions passed: 3
2026-10-08T05:10:13.3029315Z 
2026-10-08T05:10:13.3029444Z ### trace_golden_c_perimeter_multiply [PASS] (1ms)
2026-10-08T05:10:13.3029662Z 
2026-10-08T05:10:13.3029738Z - Tool: `trace`
2026-10-08T05:10:13.3029931Z - Assertions passed: 5
2026-10-08T05:10:13.3030067Z 
2026-10-08T05:10:13.3030190Z ### trace_golden_cpp_transfer_deposit [PASS] (1ms)
2026-10-08T05:10:13.3030397Z 
2026-10-08T05:10:13.3030479Z - Tool: `trace`
2026-10-08T05:10:13.3030671Z - Assertions passed: 5
2026-10-08T05:10:13.3030802Z 
2026-10-08T05:10:13.3030912Z ### trace_golden_js_route_chain [PASS] (1ms)
2026-10-08T05:10:13.3031100Z 
2026-10-08T05:10:13.3031179Z - Tool: `trace`
2026-10-08T05:10:13.3031369Z - Assertions passed: 5
2026-10-08T05:10:13.3031504Z 
2026-10-08T05:10:13.3031614Z ### trace_golden_rust_order_total [PASS] (1ms)
2026-10-08T05:10:13.3031815Z 
2026-10-08T05:10:13.3031896Z - Tool: `trace`
2026-10-08T05:10:13.3032095Z - Assertions passed: 5
2026-10-08T05:10:13.3032230Z 
2026-10-08T05:10:13.3032404Z ### trace_path [PASS] (1ms)
2026-10-08T05:10:13.3032800Z 
2026-10-08T05:10:13.3032889Z - Tool: `trace`
2026-10-08T05:10:13.3033098Z - Assertions passed: 3
2026-10-08T05:10:13.3033229Z 
2026-10-08T05:10:13.3033327Z ### trace_rust_intra [PASS] (1ms)
2026-10-08T05:10:13.3033489Z 
2026-10-08T05:10:13.3033570Z - Tool: `trace`
2026-10-08T05:10:13.3033764Z - Assertions passed: 2
2026-10-08T05:10:13.3033896Z 
2026-10-08T05:10:13.3033997Z ### trace_same_symbol [PASS] (1ms)
2026-10-08T05:10:13.3034162Z 
2026-10-08T05:10:13.3034241Z - Tool: `trace`
2026-10-08T05:10:13.3034434Z - Assertions passed: 1
2026-10-08T05:10:13.3034566Z 
2026-10-08T05:10:13.3034570Z 
2026-10-08T05:10:13.3034723Z test tests::integration_fixtures_and_corpus ... ok
2026-10-08T05:10:13.3035182Z 
2026-10-08T05:10:13.3035445Z test result: ok. 1 passed; 0 failed; 0 ignored; 0 measured; 53 filtered out; finished in 2.91s
2026-10-08T05:10:13.3035784Z 
2026-10-08T05:10:13.3052280Z [1m[92m     Running[0m unittests src/bin/cc-eval.rs (target/debug/deps/cc_eval-4d7a46be45140464)
2026-10-08T05:10:13.3101641Z 
2026-10-08T05:10:13.3101872Z running 0 tests
2026-10-08T05:10:13.3102133Z 
2026-10-08T05:10:13.3102596Z test result: ok. 0 passed; 0 failed; 0 ignored; 0 measured; 0 filtered out; finished in 0.00s
2026-10-08T05:10:13.3103221Z 
2026-10-08T05:10:13.3105931Z [1m[92m     Running[0m unittests src/bin/cc-eval-p8-load.rs (target/debug/deps/cc_eval_p8_load-2df9cf791f2a6148)
2026-10-08T05:10:13.3116780Z 
2026-10-08T05:10:13.3116933Z running 0 tests
2026-10-08T05:10:13.3117202Z 
2026-10-08T05:10:13.3117643Z test result: ok. 0 passed; 0 failed; 0 ignored; 0 measured; 0 filtered out; finished in 0.00s
2026-10-08T05:10:13.3118259Z 
2026-10-08T05:10:13.3120123Z [1m[92m     Running[0m unittests src/bin/p8-scale.rs (target/debug/deps/p8_scale-c96d332e665e88a5)
2026-10-08T05:10:13.3130158Z 
2026-10-08T05:10:13.3130304Z running 0 tests
2026-10-08T05:10:13.3130657Z 
2026-10-08T05:10:13.3131022Z test result: ok. 0 passed; 0 failed; 0 ignored; 0 measured; 0 filtered out; finished in 0.00s
2026-10-08T05:10:13.3131393Z 
2026-10-08T05:10:13.3133594Z [1m[92m     Running[0m tests/benchmark_adapters.rs (target/debug/deps/benchmark_adapters-eecb5512791c6064)
2026-10-08T05:10:13.3233691Z 
2026-10-08T05:10:13.3233912Z running 0 tests
2026-10-08T05:10:13.3234211Z 
2026-10-08T05:10:13.3234648Z test result: ok. 0 passed; 0 failed; 0 ignored; 0 measured; 11 filtered out; finished in 0.00s
2026-10-08T05:10:13.3235347Z 
2026-10-08T05:10:13.3237965Z [1m[92m     Running[0m tests/benchmark_cli.rs (target/debug/deps/benchmark_cli-5ec56df3e2d4d772)
2026-10-08T05:10:13.3321938Z 
2026-10-08T05:10:13.3322115Z running 0 tests
2026-10-08T05:10:13.3322485Z 
2026-10-08T05:10:13.3323074Z test result: ok. 0 passed; 0 failed; 0 ignored; 0 measured; 6 filtered out; finished in 0.00s
2026-10-08T05:10:13.3323519Z 
2026-10-08T05:10:13.3325803Z [1m[92m     Running[0m tests/benchmark_defects.rs (target/debug/deps/benchmark_defects-43864080f77b2374)
2026-10-08T05:10:13.3443110Z 
2026-10-08T05:10:13.3443325Z running 0 tests
2026-10-08T05:10:13.3444046Z 
2026-10-08T05:10:13.3444387Z test result: ok. 0 passed; 0 failed; 0 ignored; 0 measured; 4 filtered out; finished in 0.00s
2026-10-08T05:10:13.3444856Z 
2026-10-08T05:10:13.3447915Z [1m[92m     Running[0m tests/benchmark_lock.rs (target/debug/deps/benchmark_lock-04ab308160e3f752)
2026-10-08T05:10:13.3509296Z 
2026-10-08T05:10:13.3509510Z running 0 tests
2026-10-08T05:10:13.3509807Z 
2026-10-08T05:10:13.3510216Z test result: ok. 0 passed; 0 failed; 0 ignored; 0 measured; 10 filtered out; finished in 0.00s
2026-10-08T05:10:13.3510694Z 
2026-10-08T05:10:13.3513059Z [1m[92m     Running[0m tests/benchmark_reports.rs (target/debug/deps/benchmark_reports-38fe424e3c5b8fa3)
2026-10-08T05:10:13.3581149Z 
2026-10-08T05:10:13.3581354Z running 0 tests
2026-10-08T05:10:13.3581590Z 
2026-10-08T05:10:13.3582057Z test result: ok. 0 passed; 0 failed; 0 ignored; 0 measured; 11 filtered out; finished in 0.00s
2026-10-08T05:10:13.3582661Z 
2026-10-08T05:10:13.3586397Z [1m[92m     Running[0m tests/benchmark_scoring.rs (target/debug/deps/benchmark_scoring-47155f2116912558)
2026-10-08T05:10:13.3651282Z 
2026-10-08T05:10:13.3651495Z running 0 tests
2026-10-08T05:10:13.3651742Z 
2026-10-08T05:10:13.3653933Z test result: ok. 0 passed; 0 failed; 0 ignored; 0 measured; 21 filtered out; finished in 0.00s
2026-10-08T05:10:13.3654845Z 
2026-10-08T05:10:13.3657027Z [1m[92m     Running[0m tests/ci_generation_guard_contract.rs (target/debug/deps/ci_generation_guard_contract-5146610e09b96c81)
2026-10-08T05:10:13.3786482Z 
2026-10-08T05:10:13.3786704Z running 0 tests
2026-10-08T05:10:13.3787000Z 
2026-10-08T05:10:13.3787383Z test result: ok. 0 passed; 0 failed; 0 ignored; 0 measured; 2 filtered out; finished in 0.00s
2026-10-08T05:10:13.3787817Z 
2026-10-08T05:10:13.3791906Z [1m[92m     Running[0m tests/diag_p5e_fix_review_boundary_20261003.rs (target/debug/deps/diag_p5e_fix_review_boundary_20261003-538cda2380ef8413)
2026-10-08T05:10:13.3961377Z 
2026-10-08T05:10:13.3961572Z running 0 tests
2026-10-08T05:10:13.3964804Z 
2026-10-08T05:10:13.3965484Z test result: ok. 0 passed; 0 failed; 0 ignored; 0 measured; 3 filtered out; finished in 0.00s
2026-10-08T05:10:13.3966968Z [1m[92m     Running[0m tests/diag_p5e_fix_review_stage_20261003.rs (target/debug/deps/diag_p5e_fix_review_stage_20261003-7700eb9632e471a5)
2026-10-08T05:10:13.3967590Z 
2026-10-08T05:10:13.4130891Z 
2026-10-08T05:10:13.4131082Z running 0 tests
2026-10-08T05:10:13.4134325Z 
2026-10-08T05:10:13.4134814Z test result: ok. 0 passed; 0 failed; 0 ignored; 0 measured; 2 filtered out; finished in 0.00s
2026-10-08T05:10:13.4136633Z [1m[92m     Running[0m tests/diag_p5e_stage_receipts_20261003.rs (target/debug/deps/diag_p5e_stage_receipts_20261003-d997f7aaffc9081e)
2026-10-08T05:10:13.4137571Z 
2026-10-08T05:10:13.4295394Z 
2026-10-08T05:10:13.4295791Z running 0 tests
2026-10-08T05:10:13.4296076Z 
2026-10-08T05:10:13.4296607Z test result: ok. 0 passed; 0 failed; 0 ignored; 0 measured; 2 filtered out; finished in 0.00s
2026-10-08T05:10:13.4297187Z 
2026-10-08T05:10:13.4300328Z [1m[92m     Running[0m tests/document_identity.rs (target/debug/deps/document_identity-6ab01e69e448786f)
2026-10-08T05:10:13.4435613Z 
2026-10-08T05:10:13.4436008Z running 0 tests
2026-10-08T05:10:13.4436294Z 
2026-10-08T05:10:13.4436838Z test result: ok. 0 passed; 0 failed; 0 ignored; 0 measured; 1 filtered out; finished in 0.00s
2026-10-08T05:10:13.4437624Z 
2026-10-08T05:10:13.4440729Z [1m[92m     Running[0m tests/mcp_dispatch_seam.rs (target/debug/deps/mcp_dispatch_seam-11e5bf0cfa08ad97)
2026-10-08T05:10:13.4608934Z 
2026-10-08T05:10:13.4609194Z running 0 tests
2026-10-08T05:10:13.4609525Z 
2026-10-08T05:10:13.4610167Z test result: ok. 0 passed; 0 failed; 0 ignored; 0 measured; 4 filtered out; finished in 0.00s
2026-10-08T05:10:13.4629063Z 
2026-10-08T05:10:13.4630030Z [1m[92m     Running[0m tests/p1a_retrieval.rs (target/debug/deps/p1a_retrieval-b800a16cb40d9cde)
2026-10-08T05:10:13.4757099Z 
2026-10-08T05:10:13.4757328Z running 0 tests
2026-10-08T05:10:13.4757608Z 
2026-10-08T05:10:13.4762192Z test result: ok. 0 passed; 0 failed; 0 ignored; 0 measured; 13 filtered out; finished in 0.00s
2026-10-08T05:10:13.4762859Z 
2026-10-08T05:10:13.4766015Z [1m[92m     Running[0m tests/p1b_retrieval.rs (target/debug/deps/p1b_retrieval-7a3efff46009232f)
2026-10-08T05:10:13.4854807Z 
2026-10-08T05:10:13.4855783Z running 0 tests
2026-10-08T05:10:13.4856028Z 
2026-10-08T05:10:13.4858675Z test result: ok. 0 passed; 0 failed; 0 ignored; 0 measured; 13 filtered out; finished in 0.00s
2026-10-08T05:10:13.4859283Z 
2026-10-08T05:10:13.4862286Z [1m[92m     Running[0m tests/p1b_scan_accounting.rs (target/debug/deps/p1b_scan_accounting-c2178bcfc8ebddcc)
2026-10-08T05:10:13.4887808Z 
2026-10-08T05:10:13.4888077Z running 0 tests
2026-10-08T05:10:13.4888326Z 
2026-10-08T05:10:13.4888782Z test result: ok. 0 passed; 0 failed; 0 ignored; 0 measured; 1 filtered out; finished in 0.00s
2026-10-08T05:10:13.4889302Z 
2026-10-08T05:10:13.4892060Z [1m[92m     Running[0m tests/p1c_contract.rs (target/debug/deps/p1c_contract-68960ddd9ab18cd6)
2026-10-08T05:10:13.4979489Z 
2026-10-08T05:10:13.4979685Z running 0 tests
2026-10-08T05:10:13.4979905Z 
2026-10-08T05:10:13.4980222Z test result: ok. 0 passed; 0 failed; 0 ignored; 0 measured; 3 filtered out; finished in 0.00s
2026-10-08T05:10:13.4980661Z 
2026-10-08T05:10:13.4983478Z [1m[92m     Running[0m tests/p1c_retrieval.rs (target/debug/deps/p1c_retrieval-4bdb182e37a4b352)
2026-10-08T05:10:13.5004564Z 
2026-10-08T05:10:13.5004746Z running 0 tests
2026-10-08T05:10:13.5005155Z 
2026-10-08T05:10:13.5008801Z test result: ok. 0 passed; 0 failed; 0 ignored; 0 measured; 5 filtered out; finished in 0.00s
2026-10-08T05:10:13.5009470Z 
2026-10-08T05:10:13.5009983Z [1m[92m     Running[0m tests/p1d_concurrency.rs (target/debug/deps/p1d_concurrency-aa92959b85963eae)
2026-10-08T05:10:13.5132958Z 
2026-10-08T05:10:13.5133180Z running 0 tests
2026-10-08T05:10:13.5133477Z 
2026-10-08T05:10:13.5136082Z test result: ok. 0 passed; 0 failed; 0 ignored; 0 measured; 5 filtered out; finished in 0.00s
2026-10-08T05:10:13.5136876Z 
2026-10-08T05:10:13.5142626Z [1m[92m     Running[0m tests/p1d_cost.rs (target/debug/deps/p1d_cost-73e8ebb7eb08ea50)
2026-10-08T05:10:13.5163495Z 
2026-10-08T05:10:13.5163745Z running 0 tests
2026-10-08T05:10:13.5164023Z 
2026-10-08T05:10:13.5164552Z test result: ok. 0 passed; 0 failed; 0 ignored; 0 measured; 6 filtered out; finished in 0.00s
2026-10-08T05:10:13.5165266Z 
2026-10-08T05:10:13.5168312Z [1m[92m     Running[0m tests/p1d_cost_probe.rs (target/debug/deps/p1d_cost_probe-6a8ffe618e345084)
2026-10-08T05:10:13.5186759Z 
2026-10-08T05:10:13.5186935Z running 0 tests
2026-10-08T05:10:13.5187180Z 
2026-10-08T05:10:13.5187641Z test result: ok. 0 passed; 0 failed; 0 ignored; 0 measured; 1 filtered out; finished in 0.00s
2026-10-08T05:10:13.5188197Z 
2026-10-08T05:10:13.5190856Z [1m[92m     Running[0m tests/p1d_docs.rs (target/debug/deps/p1d_docs-d629c6fbd40dfe84)
2026-10-08T05:10:13.5204114Z 
2026-10-08T05:10:13.5204287Z running 0 tests
2026-10-08T05:10:13.5204541Z 
2026-10-08T05:10:13.5205154Z test result: ok. 0 passed; 0 failed; 0 ignored; 0 measured; 2 filtered out; finished in 0.00s
2026-10-08T05:10:13.5205714Z 
2026-10-08T05:10:13.5207965Z [1m[92m     Running[0m tests/p2a_incremental.rs (target/debug/deps/p2a_incremental-ce5976a5a977080a)
2026-10-08T05:10:13.5239118Z 
2026-10-08T05:10:13.5239367Z running 0 tests
2026-10-08T05:10:13.5239638Z 
2026-10-08T05:10:13.5240172Z test result: ok. 0 passed; 0 failed; 0 ignored; 0 measured; 11 filtered out; finished in 0.00s
2026-10-08T05:10:13.5240762Z 
2026-10-08T05:10:13.5244207Z [1m[92m     Running[0m tests/p2b_incremental.rs (target/debug/deps/p2b_incremental-af9f86d9c29f0d66)
2026-10-08T05:10:13.5272865Z 
2026-10-08T05:10:13.5273094Z running 0 tests
2026-10-08T05:10:13.5273378Z 
2026-10-08T05:10:13.5273916Z test result: ok. 0 passed; 0 failed; 0 ignored; 0 measured; 14 filtered out; finished in 0.00s
2026-10-08T05:10:13.5274493Z 
2026-10-08T05:10:13.5278035Z [1m[92m     Running[0m tests/p2c_reconcile.rs (target/debug/deps/p2c_reconcile-34a2a8fe67af4fa3)
2026-10-08T05:10:13.5297611Z 
2026-10-08T05:10:13.5298200Z running 0 tests
2026-10-08T05:10:13.5298431Z 
2026-10-08T05:10:13.5298869Z test result: ok. 0 passed; 0 failed; 0 ignored; 0 measured; 12 filtered out; finished in 0.00s
2026-10-08T05:10:13.5299412Z 
2026-10-08T05:10:13.5301951Z [1m[92m     Running[0m tests/p2d_cost.rs (target/debug/deps/p2d_cost-e224338f02a63819)
2026-10-08T05:10:13.5312088Z 
2026-10-08T05:10:13.5312272Z running 0 tests
2026-10-08T05:10:13.5314075Z 
2026-10-08T05:10:13.5314568Z test result: ok. 0 passed; 0 failed; 0 ignored; 0 measured; 1 filtered out; finished in 0.00s
2026-10-08T05:10:13.5315446Z 
2026-10-08T05:10:13.5318491Z [1m[92m     Running[0m tests/p2d_mutations.rs (target/debug/deps/p2d_mutations-93029f803c7a4dbb)
2026-10-08T05:10:13.5336959Z 
2026-10-08T05:10:13.5337136Z running 0 tests
2026-10-08T05:10:13.5337384Z 
2026-10-08T05:10:13.5338105Z test result: ok. 0 passed; 0 failed; 0 ignored; 0 measured; 9 filtered out; finished in 0.00s
2026-10-08T05:10:13.5338766Z 
2026-10-08T05:10:13.5340834Z [1m[92m     Running[0m tests/p3a_cost.rs (target/debug/deps/p3a_cost-2936a2969ac58c64)
2026-10-08T05:10:13.5351334Z 
2026-10-08T05:10:13.5351536Z running 0 tests
2026-10-08T05:10:13.5351778Z 
2026-10-08T05:10:13.5352275Z test result: ok. 0 passed; 0 failed; 0 ignored; 0 measured; 2 filtered out; finished in 0.00s
2026-10-08T05:10:13.5353011Z 
2026-10-08T05:10:13.5354397Z [1m[92m     Running[0m tests/p3a_project_model.rs (target/debug/deps/p3a_project_model-0834e3a5fc70d358)
2026-10-08T05:10:13.5377580Z 
2026-10-08T05:10:13.5377933Z running 0 tests
2026-10-08T05:10:13.5378172Z 
2026-10-08T05:10:13.5378608Z test result: ok. 0 passed; 0 failed; 0 ignored; 0 measured; 11 filtered out; finished in 0.00s
2026-10-08T05:10:13.5379072Z 
2026-10-08T05:10:13.5381919Z [1m[92m     Running[0m tests/p3b_cost.rs (target/debug/deps/p3b_cost-d12d30e4e38cd688)
2026-10-08T05:10:13.5392571Z 
2026-10-08T05:10:13.5392848Z running 0 tests
2026-10-08T05:10:13.5393115Z 
2026-10-08T05:10:13.5393566Z test result: ok. 0 passed; 0 failed; 0 ignored; 0 measured; 2 filtered out; finished in 0.00s
2026-10-08T05:10:13.5394060Z 
2026-10-08T05:10:13.5395491Z [1m[92m     Running[0m tests/p3b_modules.rs (target/debug/deps/p3b_modules-2bc5bf3720e3095d)
2026-10-08T05:10:13.5414876Z 
2026-10-08T05:10:13.5415057Z running 0 tests
2026-10-08T05:10:13.5418296Z 
2026-10-08T05:10:13.5418800Z test result: ok. 0 passed; 0 failed; 0 ignored; 0 measured; 8 filtered out; finished in 0.00s
2026-10-08T05:10:13.5419442Z 
2026-10-08T05:10:13.5420195Z [1m[92m     Running[0m tests/p3c_cost.rs (target/debug/deps/p3c_cost-9c7010167c1cca1a)
2026-10-08T05:10:13.5429584Z 
2026-10-08T05:10:13.5429761Z running 0 tests
2026-10-08T05:10:13.5431472Z 
2026-10-08T05:10:13.5431955Z test result: ok. 0 passed; 0 failed; 0 ignored; 0 measured; 1 filtered out; finished in 0.00s
2026-10-08T05:10:13.5432613Z 
2026-10-08T05:10:13.5433486Z [1m[92m     Running[0m tests/p3c_modules.rs (target/debug/deps/p3c_modules-f35833785d752fd9)
2026-10-08T05:10:13.5452623Z 
2026-10-08T05:10:13.5452795Z running 0 tests
2026-10-08T05:10:13.5455758Z 
2026-10-08T05:10:13.5456687Z test result: ok. 0 passed; 0 failed; 0 ignored; 0 measured; 5 filtered out; finished in 0.00s
2026-10-08T05:10:13.5457436Z 
2026-10-08T05:10:13.5458051Z [1m[92m     Running[0m tests/p3d_cost.rs (target/debug/deps/p3d_cost-fe38ffaade4c0027)
2026-10-08T05:10:13.5467574Z 
2026-10-08T05:10:13.5467756Z running 0 tests
2026-10-08T05:10:13.5469452Z 
2026-10-08T05:10:13.5469932Z test result: ok. 0 passed; 0 failed; 0 ignored; 0 measured; 1 filtered out; finished in 0.00s
2026-10-08T05:10:13.5471162Z [1m[92m     Running[0m tests/p3d_modules.rs (target/debug/deps/p3d_modules-12007f3999224d50)
2026-10-08T05:10:13.5471607Z 
2026-10-08T05:10:13.5490563Z 
2026-10-08T05:10:13.5490748Z running 0 tests
2026-10-08T05:10:13.5491005Z 
2026-10-08T05:10:13.5491467Z test result: ok. 0 passed; 0 failed; 0 ignored; 0 measured; 2 filtered out; finished in 0.00s
2026-10-08T05:10:13.5492376Z 
2026-10-08T05:10:13.5494459Z [1m[92m     Running[0m tests/p4a_cost.rs (target/debug/deps/p4a_cost-0ae3021392947530)
2026-10-08T05:10:13.5504740Z 
2026-10-08T05:10:13.5504932Z running 0 tests
2026-10-08T05:10:13.5505179Z 
2026-10-08T05:10:13.5505830Z test result: ok. 0 passed; 0 failed; 0 ignored; 0 measured; 1 filtered out; finished in 0.00s
2026-10-08T05:10:13.5506453Z 
2026-10-08T05:10:13.5507666Z [1m[92m     Running[0m tests/p4a_source.rs (target/debug/deps/p4a_source-fdebac1b7418cfdd)
2026-10-08T05:10:13.5527315Z 
2026-10-08T05:10:13.5527510Z running 0 tests
2026-10-08T05:10:13.5527741Z 
2026-10-08T05:10:13.5528179Z test result: ok. 0 passed; 0 failed; 0 ignored; 0 measured; 5 filtered out; finished in 0.00s
2026-10-08T05:10:13.5528795Z 
2026-10-08T05:10:13.5531676Z [1m[92m     Running[0m tests/p4b_chunks.rs (target/debug/deps/p4b_chunks-fa41ce4f1f79d387)
2026-10-08T05:10:13.5551257Z 
2026-10-08T05:10:13.5551446Z running 0 tests
2026-10-08T05:10:13.5554625Z 
2026-10-08T05:10:13.5555772Z test result: ok. 0 passed; 0 failed; 0 ignored; 0 measured; 7 filtered out; finished in 0.00s
2026-10-08T05:10:13.5556554Z 
2026-10-08T05:10:13.5557241Z [1m[92m     Running[0m tests/p4b_cost.rs (target/debug/deps/p4b_cost-780bde4bcf35db4f)
2026-10-08T05:10:13.5566117Z 
2026-10-08T05:10:13.5566304Z running 0 tests
2026-10-08T05:10:13.5567975Z 
2026-10-08T05:10:13.5568455Z test result: ok. 0 passed; 0 failed; 0 ignored; 0 measured; 1 filtered out; finished in 0.00s
2026-10-08T05:10:13.5569106Z 
2026-10-08T05:10:13.5569857Z [1m[92m     Running[0m tests/p4c_cost.rs (target/debug/deps/p4c_cost-d7dbf6305cecf3c0)
2026-10-08T05:10:13.5579065Z 
2026-10-08T05:10:13.5579251Z running 0 tests
2026-10-08T05:10:13.5579488Z 
2026-10-08T05:10:13.5579942Z test result: ok. 0 passed; 0 failed; 0 ignored; 0 measured; 1 filtered out; finished in 0.00s
2026-10-08T05:10:13.5580522Z 
2026-10-08T05:10:13.5582279Z [1m[92m     Running[0m tests/p4c_documents.rs (target/debug/deps/p4c_documents-b1fac917fa454739)
2026-10-08T05:10:13.5605659Z 
2026-10-08T05:10:13.5605841Z running 0 tests
2026-10-08T05:10:13.5609165Z 
2026-10-08T05:10:13.5609649Z test result: ok. 0 passed; 0 failed; 0 ignored; 0 measured; 13 filtered out; finished in 0.00s
2026-10-08T05:10:13.5610300Z 
2026-10-08T05:10:13.5611176Z [1m[92m     Running[0m tests/p4d_cost.rs (target/debug/deps/p4d_cost-f7b83bd0236892ce)
2026-10-08T05:10:13.5620482Z 
2026-10-08T05:10:13.5620663Z running 0 tests
2026-10-08T05:10:13.5622379Z 
2026-10-08T05:10:13.5622876Z test result: ok. 0 passed; 0 failed; 0 ignored; 0 measured; 1 filtered out; finished in 0.00s
2026-10-08T05:10:13.5624310Z [1m[92m     Running[0m tests/p4d_quality.rs (target/debug/deps/p4d_quality-e45ef9c368658f7e)
2026-10-08T05:10:13.5625054Z 
2026-10-08T05:10:13.5642336Z 
2026-10-08T05:10:13.5642593Z running 0 tests
2026-10-08T05:10:13.5642839Z 
2026-10-08T05:10:13.5643264Z test result: ok. 0 passed; 0 failed; 0 ignored; 0 measured; 1 filtered out; finished in 0.00s
2026-10-08T05:10:13.5643747Z 
2026-10-08T05:10:13.5646896Z [1m[92m     Running[0m tests/p5a_boundaries.rs (target/debug/deps/p5a_boundaries-1553a969db5e1a10)
2026-10-08T05:10:13.5665483Z 
2026-10-08T05:10:13.5665714Z running 0 tests
2026-10-08T05:10:13.5665994Z 
2026-10-08T05:10:13.5666327Z test result: ok. 0 passed; 0 failed; 0 ignored; 0 measured; 16 filtered out; finished in 0.00s
2026-10-08T05:10:13.5666691Z 
2026-10-08T05:10:13.5670111Z [1m[92m     Running[0m tests/p5a_cost.rs (target/debug/deps/p5a_cost-7a3839878deac9da)
2026-10-08T05:10:13.5681357Z 
2026-10-08T05:10:13.5681660Z running 0 tests
2026-10-08T05:10:13.5681898Z 
2026-10-08T05:10:13.5682336Z test result: ok. 0 passed; 0 failed; 0 ignored; 0 measured; 1 filtered out; finished in 0.00s
2026-10-08T05:10:13.5682938Z 
2026-10-08T05:10:13.5684043Z [1m[92m     Running[0m tests/p5a_retrieval.rs (target/debug/deps/p5a_retrieval-8420f6e1de867f06)
2026-10-08T05:10:13.5704468Z 
2026-10-08T05:10:13.5704656Z running 0 tests
2026-10-08T05:10:13.5705222Z 
2026-10-08T05:10:13.5705852Z test result: ok. 0 passed; 0 failed; 0 ignored; 0 measured; 2 filtered out; finished in 0.00s
2026-10-08T05:10:13.5706531Z 
2026-10-08T05:10:13.5709596Z [1m[92m     Running[0m tests/p5b_cost.rs (target/debug/deps/p5b_cost-9669fd8869e7fb20)
2026-10-08T05:10:13.5722017Z 
2026-10-08T05:10:13.5722191Z running 0 tests
2026-10-08T05:10:13.5722423Z 
2026-10-08T05:10:13.5724831Z test result: ok. 0 passed; 0 failed; 0 ignored; 0 measured; 1 filtered out; finished in 0.00s
2026-10-08T05:10:13.5725596Z 
2026-10-08T05:10:13.5726252Z [1m[92m     Running[0m tests/p5b_execution.rs (target/debug/deps/p5b_execution-2fe22812f486b65a)
2026-10-08T05:10:13.5746652Z 
2026-10-08T05:10:13.5746862Z running 0 tests
2026-10-08T05:10:13.5747098Z 
2026-10-08T05:10:13.5747541Z test result: ok. 0 passed; 0 failed; 0 ignored; 0 measured; 11 filtered out; finished in 0.00s
2026-10-08T05:10:13.5748163Z 
2026-10-08T05:10:13.5751438Z [1m[92m     Running[0m tests/p5c_budget.rs (target/debug/deps/p5c_budget-e5e8db2c34f5adc9)
2026-10-08T05:10:13.5772415Z 
2026-10-08T05:10:13.5772622Z running 0 tests
2026-10-08T05:10:13.5772861Z 
2026-10-08T05:10:13.5773386Z test result: ok. 0 passed; 0 failed; 0 ignored; 0 measured; 10 filtered out; finished in 0.00s
2026-10-08T05:10:13.5774131Z 
2026-10-08T05:10:13.5776758Z [1m[92m     Running[0m tests/p5c_cost.rs (target/debug/deps/p5c_cost-da923048fcdb427e)
2026-10-08T05:10:13.5786621Z 
2026-10-08T05:10:13.5786803Z running 0 tests
2026-10-08T05:10:13.5788518Z 
2026-10-08T05:10:13.5788969Z test result: ok. 0 passed; 0 failed; 0 ignored; 0 measured; 1 filtered out; finished in 0.00s
2026-10-08T05:10:13.5789590Z 
2026-10-08T05:10:13.5790368Z [1m[92m     Running[0m tests/p5c_hydration.rs (target/debug/deps/p5c_hydration-55d612e6c5262aad)
2026-10-08T05:10:13.5809218Z 
2026-10-08T05:10:13.5809403Z running 0 tests
2026-10-08T05:10:13.5812323Z 
2026-10-08T05:10:13.5812836Z test result: ok. 0 passed; 0 failed; 0 ignored; 0 measured; 11 filtered out; finished in 0.00s
2026-10-08T05:10:13.5813595Z 
2026-10-08T05:10:13.5814113Z [1m[92m     Running[0m tests/p5c_selection.rs (target/debug/deps/p5c_selection-19ec65c66fa8914d)
2026-10-08T05:10:13.5832303Z 
2026-10-08T05:10:13.5832502Z running 0 tests
2026-10-08T05:10:13.5836135Z 
2026-10-08T05:10:13.5836615Z test result: ok. 0 passed; 0 failed; 0 ignored; 0 measured; 8 filtered out; finished in 0.00s
2026-10-08T05:10:13.5837722Z [1m[92m     Running[0m tests/p5d_contract.rs (target/debug/deps/p5d_contract-a2da400c48217a10)
2026-10-08T05:10:13.5838167Z 
2026-10-08T05:10:13.5850140Z 
2026-10-08T05:10:13.5850323Z running 0 tests
2026-10-08T05:10:13.5850554Z 
2026-10-08T05:10:13.5853383Z test result: ok. 0 passed; 0 failed; 0 ignored; 0 measured; 2 filtered out; finished in 0.00s
2026-10-08T05:10:13.5854802Z [1m[92m     Running[0m tests/p5d_cost.rs (target/debug/deps/p5d_cost-710220f034c89bc0)
2026-10-08T05:10:13.5855766Z 
2026-10-08T05:10:13.5872546Z 
2026-10-08T05:10:13.5872742Z running 0 tests
2026-10-08T05:10:13.5875878Z 
2026-10-08T05:10:13.5876651Z test result: ok. 0 passed; 0 failed; 0 ignored; 0 measured; 1 filtered out; finished in 0.00s
2026-10-08T05:10:13.5877272Z 
2026-10-08T05:10:13.5877844Z [1m[92m     Running[0m tests/p5d_runtime.rs (target/debug/deps/p5d_runtime-44f91ffeee660612)
2026-10-08T05:10:13.5897116Z 
2026-10-08T05:10:13.5897448Z running 0 tests
2026-10-08T05:10:13.5897741Z 
2026-10-08T05:10:13.5898285Z test result: ok. 0 passed; 0 failed; 0 ignored; 0 measured; 10 filtered out; finished in 0.00s
2026-10-08T05:10:13.5899037Z 
2026-10-08T05:10:13.5901238Z [1m[92m     Running[0m tests/p5e_ablation.rs (target/debug/deps/p5e_ablation-348b7277f92b7f68)
2026-10-08T05:10:13.5924324Z 
2026-10-08T05:10:13.5924507Z running 0 tests
2026-10-08T05:10:13.5925988Z 
2026-10-08T05:10:13.5926490Z test result: ok. 0 passed; 0 failed; 0 ignored; 0 measured; 4 filtered out; finished in 0.00s
2026-10-08T05:10:13.5926903Z 
2026-10-08T05:10:13.5929850Z [1m[92m     Running[0m tests/p5e_context_facets.rs (target/debug/deps/p5e_context_facets-d7767251fe253ccf)
2026-10-08T05:10:13.5948605Z 
2026-10-08T05:10:13.5948799Z running 0 tests
2026-10-08T05:10:13.5949035Z 
2026-10-08T05:10:13.5949451Z test result: ok. 0 passed; 0 failed; 0 ignored; 0 measured; 2 filtered out; finished in 0.00s
2026-10-08T05:10:13.5949846Z 
2026-10-08T05:10:13.5953174Z [1m[92m     Running[0m tests/p5e_graph_anchor.rs (target/debug/deps/p5e_graph_anchor-78f21ea41563ac6a)
2026-10-08T05:10:13.5972201Z 
2026-10-08T05:10:13.5972394Z running 0 tests
2026-10-08T05:10:13.5972621Z 
2026-10-08T05:10:13.5973052Z test result: ok. 0 passed; 0 failed; 0 ignored; 0 measured; 8 filtered out; finished in 0.00s
2026-10-08T05:10:13.5973604Z 
2026-10-08T05:10:13.5977301Z [1m[92m     Running[0m tests/p5e_identifier.rs (target/debug/deps/p5e_identifier-56b7c866afcb97d3)
2026-10-08T05:10:13.5996697Z 
2026-10-08T05:10:13.5996906Z running 0 tests
2026-10-08T05:10:13.5997184Z 
2026-10-08T05:10:13.5997508Z test result: ok. 0 passed; 0 failed; 0 ignored; 0 measured; 2 filtered out; finished in 0.00s
2026-10-08T05:10:13.5998175Z 
2026-10-08T05:10:13.6001459Z [1m[92m     Running[0m tests/p5e_path_domain.rs (target/debug/deps/p5e_path_domain-ff9d65466db0cd5e)
2026-10-08T05:10:13.6025495Z 
2026-10-08T05:10:13.6025648Z running 0 tests
2026-10-08T05:10:13.6029125Z 
2026-10-08T05:10:13.6029622Z test result: ok. 0 passed; 0 failed; 0 ignored; 0 measured; 6 filtered out; finished in 0.00s
2026-10-08T05:10:13.6030246Z 
2026-10-08T05:10:13.6031049Z [1m[92m     Running[0m tests/p5e_priority_pressure.rs (target/debug/deps/p5e_priority_pressure-bbebd60bb91f3148)
2026-10-08T05:10:13.6052662Z 
2026-10-08T05:10:13.6052811Z running 0 tests
2026-10-08T05:10:13.6053092Z 
2026-10-08T05:10:13.6053451Z test result: ok. 0 passed; 0 failed; 0 ignored; 0 measured; 2 filtered out; finished in 0.00s
2026-10-08T05:10:13.6053840Z 
2026-10-08T05:10:13.6057820Z [1m[92m     Running[0m tests/p7_mechanism_stdio.rs (target/debug/deps/p7_mechanism_stdio-0d9e559b424f726a)
2026-10-08T05:10:13.6067577Z 
2026-10-08T05:10:13.6067718Z running 0 tests
2026-10-08T05:10:13.6069589Z 
2026-10-08T05:10:13.6070048Z test result: ok. 0 passed; 0 failed; 0 ignored; 0 measured; 0 filtered out; finished in 0.00s
2026-10-08T05:10:13.6071351Z [1m[92m     Running[0m tests/p7_partial_budget.rs (target/debug/deps/p7_partial_budget-2f97859924a75457)
2026-10-08T05:10:13.6072080Z 
2026-10-08T05:10:13.6090152Z 
2026-10-08T05:10:13.6090362Z running 0 tests
2026-10-08T05:10:13.6090630Z 
2026-10-08T05:10:13.6090947Z test result: ok. 0 passed; 0 failed; 0 ignored; 0 measured; 4 filtered out; finished in 0.00s
2026-10-08T05:10:13.6091423Z 
2026-10-08T05:10:13.6095556Z [1m[92m     Running[0m tests/p7_strategy_ablation.rs (target/debug/deps/p7_strategy_ablation-d04bf686ce27b069)
2026-10-08T05:10:13.6182968Z 
2026-10-08T05:10:13.6183161Z running 0 tests
2026-10-08T05:10:13.6183475Z 
2026-10-08T05:10:13.6188145Z test result: ok. 0 passed; 0 failed; 0 ignored; 0 measured; 8 filtered out; finished in 0.00s
2026-10-08T05:10:13.6188944Z 
2026-10-08T05:10:13.6191195Z [1m[92m     Running[0m tests/p7_strategy_stdio.rs (target/debug/deps/p7_strategy_stdio-e62113a63f123c07)
2026-10-08T05:10:13.6235030Z 
2026-10-08T05:10:13.6235220Z running 0 tests
2026-10-08T05:10:13.6235565Z 
2026-10-08T05:10:13.6236142Z test result: ok. 0 passed; 0 failed; 0 ignored; 0 measured; 0 filtered out; finished in 0.00s
2026-10-08T05:10:13.6236747Z 
2026-10-08T05:10:13.6238105Z [1m[92m     Running[0m tests/p7_validation_work.rs (target/debug/deps/p7_validation_work-a1b1daaa056e9a8e)
2026-10-08T05:10:13.6368310Z 
2026-10-08T05:10:13.6368606Z running 0 tests
2026-10-08T05:10:13.6368898Z 
2026-10-08T05:10:13.6371759Z test result: ok. 0 passed; 0 failed; 0 ignored; 0 measured; 5 filtered out; finished in 0.00s
2026-10-08T05:10:13.6372519Z 
2026-10-08T05:10:13.6375063Z [1m[92m     Running[0m tests/p7_worker_contention.rs (target/debug/deps/p7_worker_contention-834ae76411e0afc2)
2026-10-08T05:10:13.6420733Z 
2026-10-08T05:10:13.6421009Z running 0 tests
2026-10-08T05:10:13.6421262Z 
2026-10-08T05:10:13.6421737Z test result: ok. 0 passed; 0 failed; 0 ignored; 0 measured; 0 filtered out; finished in 0.00s
2026-10-08T05:10:13.6422503Z 
2026-10-08T05:10:13.6423633Z [1m[92m     Running[0m tests/p8_load.rs (target/debug/deps/p8_load-572e842f74b0d65d)
2026-10-08T05:10:13.6493979Z 
2026-10-08T05:10:13.6494304Z running 0 tests
2026-10-08T05:10:13.6494609Z 
2026-10-08T05:10:13.6495342Z test result: ok. 0 passed; 0 failed; 0 ignored; 0 measured; 9 filtered out; finished in 0.00s
2026-10-08T05:10:13.6495980Z 
2026-10-08T05:10:13.6497485Z [1m[92m     Running[0m tests/p8_measurements.rs (target/debug/deps/p8_measurements-e26c0f1b4e92ca27)
2026-10-08T05:10:13.6596214Z 
2026-10-08T05:10:13.6596579Z running 0 tests
2026-10-08T05:10:13.6596860Z 
2026-10-08T05:10:13.6597400Z test result: ok. 0 passed; 0 failed; 0 ignored; 0 measured; 12 filtered out; finished in 0.00s
2026-10-08T05:10:13.6598058Z 
2026-10-08T05:10:13.6601730Z [1m[92m     Running[0m tests/p8_route_reload.rs (target/debug/deps/p8_route_reload-be3c472f71de4f33)
2026-10-08T05:10:13.6620457Z 
2026-10-08T05:10:13.6620647Z running 0 tests
2026-10-08T05:10:13.6623231Z 
2026-10-08T05:10:13.6623717Z test result: ok. 0 passed; 0 failed; 0 ignored; 0 measured; 1 filtered out; finished in 0.00s
2026-10-08T05:10:13.6624377Z 
2026-10-08T05:10:13.6625268Z [1m[92m     Running[0m tests/p8_scale.rs (target/debug/deps/p8_scale-720f27c90ee7a5e7)
2026-10-08T05:10:13.6643171Z 
2026-10-08T05:10:13.6643356Z running 0 tests
2026-10-08T05:10:13.6645676Z 
2026-10-08T05:10:13.6647251Z test result: ok. 0 passed; 0 failed; 0 ignored; 0 measured; 6 filtered out; finished in 0.00s
2026-10-08T05:10:13.6647867Z 
2026-10-08T05:10:13.6648457Z [1m[92m     Running[0m tests/packing_scope_v1.rs (target/debug/deps/packing_scope_v1-54b4f47b031a5b30)
2026-10-08T05:10:13.6672013Z 
2026-10-08T05:10:13.6672410Z running 0 tests
2026-10-08T05:10:13.6672719Z 
2026-10-08T05:10:13.6673297Z test result: ok. 0 passed; 0 failed; 0 ignored; 0 measured; 3 filtered out; finished in 0.00s
2026-10-08T05:10:13.6674112Z 
2026-10-08T05:10:13.6678250Z [1m[92m     Running[0m tests/packing_validation_work.rs (target/debug/deps/packing_validation_work-3868e234ee9e2039)
2026-10-08T05:10:13.6697774Z 
2026-10-08T05:10:13.6698038Z running 0 tests
2026-10-08T05:10:13.6698274Z 
2026-10-08T05:10:13.6698704Z test result: ok. 0 passed; 0 failed; 0 ignored; 0 measured; 3 filtered out; finished in 0.00s
2026-10-08T05:10:13.6699312Z 
2026-10-08T05:10:13.6701748Z [1m[92m     Running[0m tests/scale_bench.rs (target/debug/deps/scale_bench-69020dd5373885ed)
2026-10-08T05:10:13.6725322Z 
2026-10-08T05:10:13.6725614Z running 0 tests
2026-10-08T05:10:13.6725847Z 
2026-10-08T05:10:13.6726272Z test result: ok. 0 passed; 0 failed; 0 ignored; 0 measured; 4 filtered out; finished in 0.00s
2026-10-08T05:10:13.6726733Z 
2026-10-08T05:10:13.6730112Z [1m[92m     Running[0m tests/semantic_lifecycle.rs (target/debug/deps/semantic_lifecycle-2a685c2cac367bbd)
2026-10-08T05:10:13.6740051Z 
2026-10-08T05:10:13.6740265Z running 0 tests
2026-10-08T05:10:13.6740523Z 
2026-10-08T05:10:13.6740954Z test result: ok. 0 passed; 0 failed; 0 ignored; 0 measured; 0 filtered out; finished in 0.00s
2026-10-08T05:10:13.6741454Z 
2026-10-08T05:10:13.6742690Z [1m[92m     Running[0m tests/soak.rs (target/debug/deps/soak-2b76f8118a86302f)
2026-10-08T05:10:13.6766799Z 
2026-10-08T05:10:13.6766995Z running 0 tests
2026-10-08T05:10:13.6767221Z 
2026-10-08T05:10:13.6767482Z test result: ok. 0 passed; 0 failed; 0 ignored; 0 measured; 1 filtered out; finished in 0.00s
2026-10-08T05:10:13.6767844Z 
2026-10-08T05:10:13.6772164Z [1m[92m     Running[0m tests/v16_cache_read_soak.rs (target/debug/deps/v16_cache_read_soak-65f70337710cb7f5)
2026-10-08T05:10:13.6782469Z 
2026-10-08T05:10:13.6782631Z running 0 tests
2026-10-08T05:10:13.6783166Z 
2026-10-08T05:10:13.6783528Z test result: ok. 0 passed; 0 failed; 0 ignored; 0 measured; 0 filtered out; finished in 0.00s
2026-10-08T05:10:13.6783890Z 
2026-10-08T05:10:13.6785726Z [1m[92m     Running[0m tests/v16_resource_bounds.rs (target/debug/deps/v16_resource_bounds-da5c76effaa200b6)
2026-10-08T05:10:13.6796263Z 
2026-10-08T05:10:13.6796446Z running 0 tests
2026-10-08T05:10:13.6798173Z 
2026-10-08T05:10:13.6798633Z test result: ok. 0 passed; 0 failed; 0 ignored; 0 measured; 0 filtered out; finished in 0.00s
2026-10-08T05:10:13.6799256Z 
2026-10-08T05:10:13.6799447Z [1m[92m   Doc-tests[0m cc_eval
2026-10-08T05:10:14.1284574Z 
2026-10-08T05:10:14.1285591Z running 0 tests
2026-10-08T05:10:14.1285908Z 
2026-10-08T05:10:14.1286252Z test result: ok. 0 passed; 0 failed; 0 ignored; 0 measured; 0 filtered out; finished in 0.00s
2026-10-08T05:10:14.1286662Z 
2026-10-08T05:10:14.1392035Z ##[group]Run cargo test -p cc-eval --features eval-http --locked
2026-10-08T05:10:14.1392521Z [36;1mcargo test -p cc-eval --features eval-http --locked[0m
2026-10-08T05:10:14.1453046Z shell: /usr/bin/bash -e {0}
2026-10-08T05:10:14.1453299Z env:
2026-10-08T05:10:14.1453504Z   CARGO_TERM_COLOR: always
2026-10-08T05:10:14.1453758Z   RUSTFLAGS: -D warnings
2026-10-08T05:10:14.1454029Z   CARGO_HOME: /home/runner/.cargo
2026-10-08T05:10:14.1454294Z   CARGO_INCREMENTAL: 0
2026-10-08T05:10:14.1454526Z   CACHE_ON_FAILURE: false
2026-10-08T05:10:14.1454760Z ##[endgroup]
2026-10-08T05:10:14.3413046Z [1m[92m   Compiling[0m cc-server v1.0.0 (/home/runner/work/codecortex/codecortex/crates/cc-server)
2026-10-08T05:10:17.1769595Z [1m[92m   Compiling[0m cc-eval v1.0.0 (/home/runner/work/codecortex/codecortex/crates/cc-eval)
2026-10-08T05:11:18.6643169Z [1m[92m    Finished[0m `test` profile [unoptimized + debuginfo] target(s) in 1m 04s
2026-10-08T05:11:21.0818471Z [1m[92m     Running[0m unittests src/lib.rs (target/debug/deps/cc_eval-ac0077850ddb8368)
2026-10-08T05:11:21.4762363Z 
2026-10-08T05:11:21.4762827Z running 54 tests
2026-10-08T05:11:21.5120674Z test benchmark::ablation::mechanism::tests::fixed_controls_match_current_product_source_once ... ok
2026-10-08T05:11:21.5333023Z test benchmark::ablation::mechanism::tests::absent_duplicate_and_unexpected_receipts_cannot_prove_isolation ... ok
2026-10-08T05:11:21.5337858Z test benchmark::ablation::mechanism::tests::public_semantic_with_local_lanes_cannot_masquerade_as_dense_only ... ok
2026-10-08T05:11:21.5732322Z test benchmark::ablation::tests::binary_and_compiler_drift_cannot_be_compared ... ok
2026-10-08T05:11:21.5768724Z test benchmark::ablation::tests::malformed_plan_and_hints_fail_closed ... ok
2026-10-08T05:11:21.5784790Z test benchmark::ablation::tests::identical_options_except_target_dir_pass_with_positional_metrics ... ok
2026-10-08T05:11:21.5788124Z test benchmark::ablation::tests::exact_source_controls_reject_undeclared_edits_and_files ... ok
2026-10-08T05:11:21.5801534Z test benchmark::ablation::tests::matrix_requires_every_cell_and_unique_factor_paths ... ok
2026-10-08T05:11:21.5845891Z test benchmark::ablation::tests::missing_target_dir_is_rejected ... ok
2026-10-08T05:11:21.5875841Z test benchmark::ablation::tests::rustc_version_drift_is_rejected_by_semantic_projection ... ok
2026-10-08T05:11:21.5916281Z test benchmark::ablation::tests::rustflags_drift_is_rejected_by_semantic_projection ... ok
2026-10-08T05:11:21.5918816Z test benchmark::ablation::tests::shared_target_dir_across_cells_is_rejected ... ok
2026-10-08T05:11:21.5947516Z test benchmark::ablation::tests::unknown_build_option_key_fails_closed ... ok
2026-10-08T05:11:21.5952272Z test benchmark::ablation::tests::profile_features_jobs_binding_drift_is_rejected ... ok
2026-10-08T05:11:21.5953800Z test benchmark::p8_load::artifact_budget_tests::contended_reservations_never_exceed_limit_or_lose_successes ... ok
2026-10-08T05:11:21.5955903Z test benchmark::p8_load::artifact_budget_tests::rejected_reservations_preserve_the_counter_at_limit_and_overflow_boundaries ... ok
2026-10-08T05:11:21.5957695Z test benchmark::p8_load::artifact_budget_tests::reservation_preserves_counter_on_overflow_or_budget_exhaustion ... ok
2026-10-08T05:11:21.5959404Z test benchmark::p8_load::artifact_budget_tests::concurrent_reservations_fill_only_whole_reservations_within_the_budget ... ok
2026-10-08T05:11:21.5961272Z test benchmark::p8_load::stderr_tests::stderr_write_failure_is_visible_and_input_is_still_drained ... ok
2026-10-08T05:11:21.5962681Z test benchmark::sampler::process_probe_tests::cpu_tick_conversion_is_checked_and_preserves_units ... ok
2026-10-08T05:11:21.5994075Z test benchmark::p8_load::stderr_tests::stderr_drain_retains_only_the_bounded_prefix_and_accounts_for_suffix ... ok
2026-10-08T05:11:21.6008089Z test benchmark::sampler::process_probe_tests::linux::invalid_units_and_rss_overflow_are_unavailable_cpu_overflow_stays_raw ... ok
2026-10-08T05:11:21.6022186Z test benchmark::ablation::tests::consistently_missing_required_semantic_key_is_rejected ... ok
2026-10-08T05:11:21.6026504Z test benchmark::sampler::process_probe_tests::linux::malformed_dead_or_mismatched_process_is_unavailable ... ok
2026-10-08T05:11:21.6028212Z test benchmark::sampler::process_probe_tests::linux::proc_stat_handles_parentheses_whitespace_and_documented_units ... ok
2026-10-08T05:11:21.6033308Z test benchmark::ablation::tests::unknown_projection_kind_or_version_is_rejected ... ok
2026-10-08T05:11:21.6040420Z test benchmark::sampler::process_probe_tests::linux::disabled_probe_is_unavailable_in_an_isolated_process ... ok
2026-10-08T05:11:21.6255573Z test benchmark::sampler::process_probe_tests::unresponsive_optional_probe_cannot_block_or_accumulate_workers ... ok
2026-10-08T05:11:21.6326190Z test benchmark::sampler::process_probe_tests::stalled_resource_probe_is_unavailable_not_zero_or_infinite_wait ... ok
2026-10-08T05:11:21.6336133Z test benchmark::sampler::process_probe_tests::self_usage_has_direct_identity_and_monotonic_cpu_without_procfs_lookup ... ok
2026-10-08T05:11:21.6344546Z test tests::assertion_array_contains_item ... ok
2026-10-08T05:11:21.6345867Z test tests::assertion_check_field_equals ... ok
2026-10-08T05:11:21.6346509Z test tests::assertion_check_field_exists ... ok
2026-10-08T05:11:21.6347122Z test tests::assertion_check_min_results ... ok
2026-10-08T05:11:21.6347758Z test tests::assertion_check_output_contains ... ok
2026-10-08T05:11:21.6348432Z test tests::assertion_expected_error_fail ... ok
2026-10-08T05:11:21.6349067Z test tests::assertion_expected_error_pass ... ok
2026-10-08T05:11:21.6349831Z test tests::assertion_expected_symbols_enforces_recall_threshold ... ok
2026-10-08T05:11:21.6474700Z test tests::assertion_field_matches_regex ... ok
2026-10-08T05:11:21.6475603Z test tests::assertion_negate ... ok
2026-10-08T05:11:21.6476154Z test tests::assertion_output_not_contains ... ok
2026-10-08T05:11:21.6477231Z test tests::bench_incremental_dirty_closure ... ignored, measures dirty-closure incremental rebuild latency; run explicitly
2026-10-08T05:11:21.6478610Z test tests::bench_incremental_noop ... ignored, measures incremental no-op rebuild latency; run explicitly
2026-10-08T05:11:21.6479675Z test tests::bench_incremental_single_file ... ignored, measures single-file incremental rebuild latency; run explicitly
2026-10-08T05:11:21.6617847Z test benchmark::sampler::process_probe_tests::linux::live_child_snapshot_is_attributed_monotonic_and_disappears ... ok
2026-10-08T05:11:21.6622922Z test tests::benchmark_incremental_index_report_correctness ... ignored, benchmarks incremental indexing report counters; run explicitly
2026-10-08T05:11:21.6624442Z test tests::benchmark_real_workspace ... ignored, benchmarks the real workspace copy; run explicitly
2026-10-08T05:11:21.6669042Z test tests::corpus_load_new_format ... ok
2026-10-08T05:11:21.6672443Z test tests::incremental_latency_summary_computation ... ok
2026-10-08T05:11:21.6678521Z test synth::tests::synth_ground_truth_facts_match_emitted_content ... ok
2026-10-08T05:11:21.6679842Z test tests::report_summary_computation ... ok
2026-10-08T05:11:21.6853204Z test synth::tests::synth_generation_is_deterministic ... ok
2026-10-08T05:11:24.9139962Z test tests::integration_fixtures_and_corpus ... ok
2026-10-08T05:11:31.8809090Z test tests::benchmark_fixture ... ok
2026-10-08T05:11:31.8809386Z 
2026-10-08T05:11:31.8809671Z test result: ok. 49 passed; 0 failed; 5 ignored; 0 measured; 0 filtered out; finished in 10.40s
2026-10-08T05:11:31.8810325Z 
2026-10-08T05:11:31.8962017Z [1m[92m     Running[0m unittests src/bin/cc-eval.rs (target/debug/deps/cc_eval-06692eeced0b624d)
2026-10-08T05:11:31.8973992Z 
2026-10-08T05:11:31.8974313Z running 0 tests
2026-10-08T05:11:31.8974609Z 
2026-10-08T05:11:31.8975407Z test result: ok. 0 passed; 0 failed; 0 ignored; 0 measured; 0 filtered out; finished in 0.00s
2026-10-08T05:11:31.8976032Z 
2026-10-08T05:11:31.8978628Z [1m[92m     Running[0m unittests src/bin/cc-eval-p8-load.rs (target/debug/deps/cc_eval_p8_load-62b2c5a2f511deaf)
2026-10-08T05:11:31.9021465Z 
2026-10-08T05:11:31.9021756Z running 0 tests
2026-10-08T05:11:31.9022059Z 
2026-10-08T05:11:31.9022659Z test result: ok. 0 passed; 0 failed; 0 ignored; 0 measured; 0 filtered out; finished in 0.00s
2026-10-08T05:11:31.9023352Z 
2026-10-08T05:11:31.9024395Z [1m[92m     Running[0m unittests src/bin/p8-scale.rs (target/debug/deps/p8_scale-ee914e321b34a13e)
2026-10-08T05:11:31.9035145Z 
2026-10-08T05:11:31.9035315Z running 0 tests
2026-10-08T05:11:31.9035565Z 
2026-10-08T05:11:31.9036292Z test result: ok. 0 passed; 0 failed; 0 ignored; 0 measured; 0 filtered out; finished in 0.00s
2026-10-08T05:11:31.9036997Z 
2026-10-08T05:11:31.9038186Z [1m[92m     Running[0m tests/benchmark_adapters.rs (target/debug/deps/benchmark_adapters-020a4fef3c26a974)
2026-10-08T05:11:31.9055126Z 
2026-10-08T05:11:31.9055376Z running 16 tests
2026-10-08T05:11:31.9095983Z test http::errors_do_not_log_credentials_or_response_body ... ok
2026-10-08T05:11:31.9116704Z test http::external_transfer_and_endpoint_validation ... ok
2026-10-08T05:11:31.9118085Z test exited_child_is_protocol_error_not_empty_search ... ok
2026-10-08T05:11:31.9119324Z test p7_offline::build_receipt_rejects_identity_feature_and_binary_mismatch ... ok
2026-10-08T05:11:31.9121478Z test p7_offline::real_stdio_default_disabled_semantic_contract ... ignored, explicit default/semantic product binary; run with --include-ignored, optionally under verified per-process network denial
2026-10-08T05:11:31.9123571Z test http::public_http_upload_ready_search_contract ... ok
2026-10-08T05:11:31.9137959Z test http::unknown_or_failed_inputs_do_not_become_ready ... ok
2026-10-08T05:11:31.9143397Z test p7_procfs::tests::missing_proc_or_child_is_not_an_isolation_pass ... ok
2026-10-08T05:11:31.9145882Z test p7_procfs::tests::namespace_child_resolves_to_host_proc_pid ... ok
2026-10-08T05:11:31.9160937Z test p7_procfs::tests::unrelated_numeric_pid_cannot_supply_security_evidence ... ok
2026-10-08T05:11:31.9173699Z test p7_procfs::tests::same_namespace_proc_mount_is_supported ... ok
2026-10-08T05:11:31.9174527Z test p7_procfs::tests::wrong_observer_and_ambiguous_child_are_rejected ... ok
2026-10-08T05:11:31.9175830Z test real_stdio_index_search_scope_and_tool_error ... ignored, requires CODECORTEX_BENCH_BINARY pointing at an explicitly built product
2026-10-08T05:11:31.9176732Z test p7_procfs::tests::wrong_namespace_or_parent_is_rejected ... ok
2026-10-08T05:11:31.9284235Z test p7_procfs::tests::actual_sleep_child_has_bound_proc_identity ... ok
2026-10-08T05:11:32.1100945Z test http::timeout_is_distinct_from_empty_results ... ok
2026-10-08T05:11:32.1101446Z 
2026-10-08T05:11:32.1101868Z test result: ok. 14 passed; 0 failed; 2 ignored; 0 measured; 0 filtered out; finished in 0.20s
2026-10-08T05:11:32.1102299Z 
2026-10-08T05:11:32.1108480Z [1m[92m     Running[0m tests/benchmark_cli.rs (target/debug/deps/benchmark_cli-49b0fca38df7d866)
2026-10-08T05:11:32.1176571Z 
2026-10-08T05:11:32.1176749Z running 6 tests
2026-10-08T05:11:32.1326586Z test cli_bad_policy_is_recorded_without_overwriting_existing_report ... ok
2026-10-08T05:11:32.1585935Z test cli_inconclusive_is_nonzero ... ok
2026-10-08T05:11:32.1599365Z test zero_measurement_gate_is_invalid ... ok
2026-10-08T05:11:32.1654027Z test cli_lock_failure_preserves_machine_readable_failure_and_raw ... ok
2026-10-08T05:11:32.1948148Z test unmeasurable_latency_cannot_pass_comparison ... ok
2026-10-08T05:11:32.2118353Z test cli_quality_and_latency_failures_are_nonzero_and_keep_raw ... ok
2026-10-08T05:11:32.2118868Z 
2026-10-08T05:11:32.2119265Z test result: ok. 6 passed; 0 failed; 0 ignored; 0 measured; 0 filtered out; finished in 0.09s
2026-10-08T05:11:32.2119835Z 
2026-10-08T05:11:32.2124354Z [1m[92m     Running[0m tests/benchmark_defects.rs (target/debug/deps/benchmark_defects-1948ab375a05cda5)
2026-10-08T05:11:32.2144226Z 
2026-10-08T05:11:32.2144563Z running 4 tests
2026-10-08T05:11:32.2170325Z test source_fixtures_are_real_utf8_not_placeholder_references ... ok
2026-10-08T05:11:32.2931605Z test observe_bm25_mapping_against_actual_preselect ... ok
2026-10-08T05:11:32.4788470Z test canonical_oracle_preserves_target_identity_and_strategy ... ok
2026-10-08T05:11:32.4875721Z test observe_soft_hints_excluding_actual_symbol ... ok
2026-10-08T05:11:32.4876139Z 
2026-10-08T05:11:32.4876536Z test result: ok. 4 passed; 0 failed; 0 ignored; 0 measured; 0 filtered out; finished in 0.27s
2026-10-08T05:11:32.4877093Z 
2026-10-08T05:11:32.4889097Z [1m[92m     Running[0m tests/benchmark_lock.rs (target/debug/deps/benchmark_lock-9638ad4587645ff6)
2026-10-08T05:11:32.4901247Z 
2026-10-08T05:11:32.4901451Z running 10 tests
2026-10-08T05:11:32.4924860Z test changed_question_rejected ... ok
2026-10-08T05:11:32.4936183Z test duplicate_admitted_file_rejected ... ok
2026-10-08T05:11:32.4937919Z test external_import_count_alias_and_annotation_contract ... ok
2026-10-08T05:11:32.4940315Z test changed_source_after_validation_rejected ... ok
2026-10-08T05:11:32.4949970Z test lfs_pointer_is_not_source ... ok
2026-10-08T05:11:32.4960598Z test snapshot_lock_and_copy_keep_original_unchanged ... ok
2026-10-08T05:11:32.4961951Z test same_filename_changed_content_rejected ... ok
2026-10-08T05:11:32.4962921Z test symlink_source_is_not_admitted ... ok
2026-10-08T05:11:32.4981581Z test unknown_schema_and_fields_rejected ... ok
2026-10-08T05:11:32.5704978Z test git_lock_rejects_dirty_even_with_same_head ... ok
2026-10-08T05:11:32.5705569Z 
2026-10-08T05:11:32.5706084Z test result: ok. 10 passed; 0 failed; 0 ignored; 0 measured; 0 filtered out; finished in 0.08s
2026-10-08T05:11:32.5706717Z 
2026-10-08T05:11:32.5709076Z [1m[92m     Running[0m tests/benchmark_reports.rs (target/debug/deps/benchmark_reports-00c87ab5c065029d)
2026-10-08T05:11:32.5777998Z 
2026-10-08T05:11:32.5778798Z running 11 tests
2026-10-08T05:11:32.5979015Z report-test: 1 queries, 1 admitted files, locks valid
2026-10-08T05:11:32.6035596Z test cancelled_run_is_never_green ... ok
2026-10-08T05:11:32.6075712Z /tmp/.tmpQFMUvn/missing.json: I/O: No such file or directory (os error 2)
2026-10-08T05:11:32.6076513Z report-test: 1 queries, 1 admitted files, locks valid
2026-10-08T05:11:32.6105498Z test cancelled_factorial_child_is_not_left_green ... ok
2026-10-08T05:11:32.6128840Z invalid benchmark input: source or query content lock drift
2026-10-08T05:11:32.6130132Z test cli_single_and_suite_validate_lock_before_run ... ok
2026-10-08T05:11:32.6165632Z test raw_and_normalized_drift_are_rejected ... ok
2026-10-08T05:11:32.6235544Z test raw_replay_reconstructs_identical_metrics ... ok
2026-10-08T05:11:32.6247533Z test slices_use_question_means_not_repetition_counts ... ok
2026-10-08T05:11:32.6275934Z test readiness_failure_keeps_missing_measurements_in_gate ... ok
2026-10-08T05:11:32.6325846Z test wrong_source_text_fails_hard_gate ... ok
2026-10-08T05:11:32.6369994Z test raw_replay_reconstructs_costs_without_inventing_missing_measurements ... ok
2026-10-08T05:11:32.6395875Z test small_sample_comparison_is_inconclusive ... ok
2026-10-08T05:11:32.6672721Z test malformed_response_is_invalid_not_zero_hit_success ... ok
2026-10-08T05:11:32.6673351Z 
2026-10-08T05:11:32.6674002Z test result: ok. 11 passed; 0 failed; 0 ignored; 0 measured; 0 filtered out; finished in 0.09s
2026-10-08T05:11:32.6674630Z 
2026-10-08T05:11:32.6678814Z [1m[92m     Running[0m tests/benchmark_scoring.rs (target/debug/deps/benchmark_scoring-3d9b5f52212f4a35)
2026-10-08T05:11:32.6759917Z 
2026-10-08T05:11:32.6760316Z running 21 tests
2026-10-08T05:11:32.6783602Z test compatibility_glob_can_match_nested_path ... ok
2026-10-08T05:11:32.6785933Z test compatibility_supporting_is_top1_but_not_primary_grade ... ok
2026-10-08T05:11:32.6787504Z test empty_expected_is_invalid ... ok
2026-10-08T05:11:32.6788512Z test compatibility_repeated_path_does_not_spend_rank ... ok
2026-10-08T05:11:32.6789359Z test compatibility_is_linear_gain ... ok
2026-10-08T05:11:32.6791972Z test invalid_paths_rejected ... ok
2026-10-08T05:11:32.6798950Z test machine_pack_preserves_public_symbol_identity ... ok
2026-10-08T05:11:32.6809199Z test malformed_public_result_is_not_no_match ... ok
2026-10-08T05:11:32.6816785Z test duplicate_ids_and_cross_split_family_rejected ... ok
2026-10-08T05:11:32.6817984Z test native_duplicate_chunks_do_not_inflate_groups ... ok
2026-10-08T05:11:32.6818886Z test native_supporting_top1_does_not_answer_primary ... ok
2026-10-08T05:11:32.6819440Z test native_wrong_file_same_name_gets_no_credit ... ok
2026-10-08T05:11:32.6819962Z test oce_path_parser_preserves_first_unique_order ... ok
2026-10-08T05:11:32.6820776Z test partial_empty_is_not_a_correct_no_answer ... ok
2026-10-08T05:11:32.6821300Z test readiness_never_drops_failed_or_unknown_inputs ... ok
2026-10-08T05:11:32.6821882Z test lane_only_incomplete_empty_never_scores_as_correct_no_answer ... ok
2026-10-08T05:11:32.6822432Z test shuffle_and_bootstrap_reproducible ... ok
2026-10-08T05:11:32.6822934Z test whole_file_return_is_not_perfect_span_precision ... ok
2026-10-08T05:11:32.6823500Z test source_validation_catches_wrong_text_and_accepts_crlf ... ok
2026-10-08T05:11:32.6824033Z test independent_python_fnmatch_goldens ... ok
2026-10-08T05:11:32.6930760Z test rss_units_and_small_sample_labels ... ok
2026-10-08T05:11:32.6931168Z 
2026-10-08T05:11:32.6931613Z test result: ok. 21 passed; 0 failed; 0 ignored; 0 measured; 0 filtered out; finished in 0.02s
2026-10-08T05:11:32.6932233Z 
2026-10-08T05:11:32.6935570Z [1m[92m     Running[0m tests/ci_generation_guard_contract.rs (target/debug/deps/ci_generation_guard_contract-6653ae22bf9dc68d)
2026-10-08T05:11:32.6957186Z 
2026-10-08T05:11:32.6957490Z running 2 tests
2026-10-08T05:11:32.9436943Z test concurrent_real_rebuild_rejects_the_pre_rebuild_recall_generation ... ok
2026-10-08T05:11:32.9439943Z test stable_async_handler_returns_one_accepted_generation_and_verified_source ... ok
2026-10-08T05:11:32.9440780Z 
2026-10-08T05:11:32.9441555Z test result: ok. 2 passed; 0 failed; 0 ignored; 0 measured; 0 filtered out; finished in 0.25s
2026-10-08T05:11:32.9442187Z 
2026-10-08T05:11:32.9460515Z [1m[92m     Running[0m tests/diag_p5e_fix_review_boundary_20261003.rs (target/debug/deps/diag_p5e_fix_review_boundary_20261003-d810143e64098231)
2026-10-08T05:11:32.9482692Z 
2026-10-08T05:11:32.9483066Z running 3 tests
2026-10-08T05:11:33.4382592Z test independent_real_legacy_and_generation_producers_remain_distinct ... ok
2026-10-08T05:11:34.2179210Z test independent_default_scoped_gate_repack_and_bounded_width ... ok
2026-10-08T05:11:34.4795931Z test independent_exact_pointer_and_near_known_negatives ... ok
2026-10-08T05:11:34.4796436Z 
2026-10-08T05:11:34.4796808Z test result: ok. 3 passed; 0 failed; 0 ignored; 0 measured; 0 filtered out; finished in 1.53s
2026-10-08T05:11:34.4797326Z 
2026-10-08T05:11:34.4807925Z [1m[92m     Running[0m tests/diag_p5e_fix_review_stage_20261003.rs (target/debug/deps/diag_p5e_fix_review_stage_20261003-9760afe81a53f565)
2026-10-08T05:11:34.4968652Z 
2026-10-08T05:11:34.4968926Z running 2 tests
2026-10-08T05:11:34.4973614Z test diag_p5e_measure_saved_receipts ... ignored, read-only measurement of saved stage receipts; requires evidence dir
2026-10-08T05:11:36.1007805Z test diag_p5e_stage_receipts_same_microfixture ... ok
2026-10-08T05:11:36.1008291Z 
2026-10-08T05:11:36.1008733Z test result: ok. 1 passed; 0 failed; 1 ignored; 0 measured; 0 filtered out; finished in 1.60s
2026-10-08T05:11:36.1009348Z 
2026-10-08T05:11:36.1046143Z [1m[92m     Running[0m tests/diag_p5e_stage_receipts_20261003.rs (target/debug/deps/diag_p5e_stage_receipts_20261003-91cb556cee390f8a)
2026-10-08T05:11:36.1071319Z 
2026-10-08T05:11:36.1071535Z running 2 tests
2026-10-08T05:11:36.1072892Z test diag_p5e_measure_saved_receipts ... ignored, read-only measurement of saved stage receipts; requires evidence dir
2026-10-08T05:11:37.5501841Z test diag_p5e_stage_receipts_same_microfixture ... ok
2026-10-08T05:11:37.5502300Z 
2026-10-08T05:11:37.5502741Z test result: ok. 1 passed; 0 failed; 1 ignored; 0 measured; 0 filtered out; finished in 1.44s
2026-10-08T05:11:37.5503346Z 
2026-10-08T05:11:37.5532984Z [1m[92m     Running[0m tests/document_identity.rs (target/debug/deps/document_identity-5b171926cca01594)
2026-10-08T05:11:37.5557682Z 
2026-10-08T05:11:37.5557929Z running 1 test
2026-10-08T05:11:38.4414212Z test p4d_document_identity_mutations_are_reversible_and_input_safe ... ok
2026-10-08T05:11:38.4414828Z 
2026-10-08T05:11:38.4415540Z test result: ok. 1 passed; 0 failed; 0 ignored; 0 measured; 0 filtered out; finished in 0.89s
2026-10-08T05:11:38.4416200Z 
2026-10-08T05:11:38.4441140Z [1m[92m     Running[0m tests/mcp_dispatch_seam.rs (target/debug/deps/mcp_dispatch_seam-f48d91588e123aa2)
2026-10-08T05:11:38.4600908Z 
2026-10-08T05:11:38.4601324Z running 4 tests
2026-10-08T05:11:39.6470993Z test seam_rejects_unknown_params ... ok
2026-10-08T05:11:39.6496597Z test seam_rejects_schema_invalid_params ... ok
2026-10-08T05:11:39.7081365Z test seam_rejects_unknown_tool ... ok
2026-10-08T05:11:39.7207941Z test seam_result_is_unwrapped_handler_json ... ok
2026-10-08T05:11:39.7208436Z 
2026-10-08T05:11:39.7208819Z test result: ok. 4 passed; 0 failed; 0 ignored; 0 measured; 0 filtered out; finished in 1.26s
2026-10-08T05:11:39.7209200Z 
2026-10-08T05:11:39.7271333Z [1m[92m     Running[0m tests/p1a_retrieval.rs (target/debug/deps/p1a_retrieval-b03c9154ca3970e8)
2026-10-08T05:11:39.7298566Z 
2026-10-08T05:11:39.7298825Z running 13 tests
2026-10-08T05:11:40.0706167Z test p1a_disjoint_path_constraints_are_empty ... ok
2026-10-08T05:11:40.0926927Z test p1a_empty_hard_lists_are_also_empty_in_sql ... ok
2026-10-08T05:11:40.1366278Z test p1a_caller_path_and_dsl_are_intersected ... ok
2026-10-08T05:11:40.2049597Z test p1a_empty_scope_cannot_alias_an_empty_soft_hint_in_cache ... ok
2026-10-08T05:11:40.3708059Z test p1a_files_language_and_path_combine_without_widening ... ok
2026-10-08T05:11:40.3782481Z test p1a_graph_evidence_obeys_the_same_hard_scope ... ok
2026-10-08T05:11:40.4771395Z test p1a_language_parameter_and_dsl_are_intersected ... ok
2026-10-08T05:11:40.4773798Z test p1a_stdio_bm25_contribution_is_monotonic ... ignored, requires CODECORTEX_BENCH_BINARY; execute explicitly for old/new product
2026-10-08T05:11:40.4776280Z test p1a_stdio_soft_hints_and_path_intersection ... ignored, requires CODECORTEX_BENCH_BINARY; execute explicitly for old/new product
2026-10-08T05:11:40.5386864Z test p1a_repeated_dsl_paths_cannot_widen ... ok
2026-10-08T05:11:40.6813634Z test p1a_repeated_languages_intersect_and_aliases_agree ... ok
2026-10-08T05:11:40.6821300Z test p1a_soft_hints_do_not_mutate_the_callers_request ... ok
2026-10-08T05:11:40.7079386Z test p1a_unknown_or_empty_language_is_not_unrestricted ... ok
2026-10-08T05:11:40.7079878Z 
2026-10-08T05:11:40.7080302Z test result: ok. 11 passed; 0 failed; 2 ignored; 0 measured; 0 filtered out; finished in 0.98s
2026-10-08T05:11:40.7080679Z 
2026-10-08T05:11:40.7158170Z [1m[92m     Running[0m tests/p1b_retrieval.rs (target/debug/deps/p1b_retrieval-639a6dea15d8475f)
2026-10-08T05:11:40.7184312Z 
2026-10-08T05:11:40.7184472Z running 13 tests
2026-10-08T05:11:41.0576084Z test p1b_decode_cap_is_checked_before_the_next_blob ... ok
2026-10-08T05:11:41.0724788Z test p1b_empty_partial_query_retains_scan_diagnostic ... ok
2026-10-08T05:11:41.1056178Z test p1b_exact_identifier_and_path_keep_top1_with_distractors ... ok
2026-10-08T05:11:41.1443992Z test p1b_component_scope_and_separator_normalization ... ok
2026-10-08T05:11:41.3416237Z test p1b_invalid_hard_paths_are_not_silently_empty ... ok
2026-10-08T05:11:41.4036518Z test p1b_lexical_sql_filters_before_limit_and_preserves_case ... ok
2026-10-08T05:11:41.4292142Z test p1b_scanner_and_source_guard_reject_external_symlinks ... ok
2026-10-08T05:11:41.4296306Z test p1b_stdio_boundaries_and_empty_partial ... ignored, requires CODECORTEX_BENCH_BINARY; explicit old/new subprocess
2026-10-08T05:11:41.4297452Z test p1b_stdio_symbol_mode_honors_path_scope ... ignored, requires CODECORTEX_BENCH_BINARY; explicit old/new subprocess
2026-10-08T05:11:41.6069809Z test p1b_shared_scan_budget_deduplicates_all_stages_and_detects_exact_exhaustion ... ok
2026-10-08T05:11:41.6327939Z test p1b_soft_priority_recalls_old_midtoken_match_under_budget ... ok
2026-10-08T05:11:41.6352439Z test p1b_graph_scopes_seeds_and_neighbors_before_their_caps ... ok
2026-10-08T05:11:41.6622979Z test p1b_zero_scan_budget_is_explicit_and_cannot_decode ... ok
2026-10-08T05:11:41.6623482Z 
2026-10-08T05:11:41.6623928Z test result: ok. 11 passed; 0 failed; 2 ignored; 0 measured; 0 filtered out; finished in 0.94s
2026-10-08T05:11:41.6624570Z 
2026-10-08T05:11:41.6666852Z [1m[92m     Running[0m tests/p1b_scan_accounting.rs (target/debug/deps/p1b_scan_accounting-e5e15cd5e1d8ba12)
2026-10-08T05:11:41.6686880Z 
2026-10-08T05:11:41.6687141Z running 1 test
2026-10-08T05:11:41.6689911Z test p1b_scan_accounting_1000_files ... ignored, explicit 1000-file scan accounting experiment
2026-10-08T05:11:41.6693921Z [1m[92m     Running[0m tests/p1c_contract.rs (target/debug/deps/p1c_contract-faa8ebca76df4a61)
2026-10-08T05:11:41.6694320Z 
2026-10-08T05:11:41.6694590Z test result: ok. 0 passed; 0 failed; 1 ignored; 0 measured; 0 filtered out; finished in 0.00s
2026-10-08T05:11:41.6695580Z 
2026-10-08T05:11:41.6782787Z 
2026-10-08T05:11:41.6783197Z running 3 tests
2026-10-08T05:11:41.6788129Z test p1c_fourteen_tools_valid_unknown_schema_and_modes ... ignored, requires CODECORTEX_BENCH_BINARY; full real stdio contract matrix
2026-10-08T05:11:41.6864700Z test all_fourteen_parameter_types_deny_unknown_and_keep_default_requests ... ok
2026-10-08T05:11:41.6865856Z test search_modes_optional_nulls_and_utf8_sanitize_are_stable ... ok
2026-10-08T05:11:41.6866219Z 
2026-10-08T05:11:41.6866510Z test result: ok. 2 passed; 0 failed; 1 ignored; 0 measured; 0 filtered out; finished in 0.01s
2026-10-08T05:11:41.6866948Z 
2026-10-08T05:11:41.6869561Z [1m[92m     Running[0m tests/p1c_retrieval.rs (target/debug/deps/p1c_retrieval-a4ad026a5a8e046c)
2026-10-08T05:11:41.6890647Z 
2026-10-08T05:11:41.6890983Z running 5 tests
2026-10-08T05:11:41.6892910Z test p1c_stdio_scope_explain_survives_cache_and_redacts_hints ... ignored, requires CODECORTEX_BENCH_BINARY; explicit old/new product
2026-10-08T05:11:42.0575945Z test p1c_scope_explain_does_not_enumerate_explicit_file_set ... ok
2026-10-08T05:11:42.0659233Z test p1c_scope_explanation_exists_on_cold_warm_and_empty_without_inventory_leak ... ok
2026-10-08T05:11:42.0840197Z test p1c_warm_scope_variants_and_trace_remain_correct ... ok
2026-10-08T05:11:42.0846265Z test p1c_config_reload_recreates_engine_and_empty_budget_diagnostics ... ok
2026-10-08T05:11:42.0846970Z 
2026-10-08T05:11:42.0847614Z test result: ok. 4 passed; 0 failed; 1 ignored; 0 measured; 0 filtered out; finished in 0.40s
2026-10-08T05:11:42.0848225Z 
2026-10-08T05:11:42.0876772Z [1m[92m     Running[0m tests/p1d_concurrency.rs (target/debug/deps/p1d_concurrency-8792b88c6acf082f)
2026-10-08T05:11:42.0895892Z 
2026-10-08T05:11:42.0896074Z running 5 tests
2026-10-08T05:11:42.0901153Z test p1d_mcp_concurrent_search_and_incremental_calls_keep_scope ... ignored, requires explicit CODECORTEX_BENCH_BINARY; concurrent real stdio calls
2026-10-08T05:11:42.0902572Z test mcp_retry_requires_explicit_generation_conflict_not_just_retryable ... ok
2026-10-08T05:11:42.1461676Z test stats_metadata_does_not_reenter_single_connection_pool ... ok
2026-10-08T05:11:42.1796739Z test one_connection_wait_release_and_sql_error_do_not_leak_pool_slots ... ok
2026-10-08T05:11:44.4351109Z test concurrent_queries_writes_single_reader_keep_scope_and_quiescent_freshness ... ok
2026-10-08T05:11:44.4352105Z 
2026-10-08T05:11:44.4352539Z test result: ok. 4 passed; 0 failed; 1 ignored; 0 measured; 0 filtered out; finished in 2.35s
2026-10-08T05:11:44.4353094Z 
2026-10-08T05:11:44.4367802Z [1m[92m     Running[0m tests/p1d_cost.rs (target/debug/deps/p1d_cost-ba7737ee7aca076b)
2026-10-08T05:11:44.4517599Z 
2026-10-08T05:11:44.4517994Z running 6 tests
2026-10-08T05:11:44.4586144Z test old_or_unknown_work_receipts_are_unavailable_not_zero ... ok
2026-10-08T05:11:44.4587414Z test p1d_mcp_cost_receipts_are_preserved_on_cache_hits ... ignored, requires explicit CODECORTEX_BENCH_BINARY; actual MCP cost receipts
2026-10-08T05:11:44.8566647Z test absent_identity_probe_is_charged_without_reusing_cached_authority ... ok
2026-10-08T05:11:44.8567599Z test cached_text_is_a_hint_not_authority_for_versioned_rows ... ok
2026-10-08T05:11:44.8568469Z test measured_hydration_reuses_text_and_resets_cached_statement_counters ... ok
2026-10-08T05:11:44.8737198Z test query_local_costs_cover_empty_cap_probe_and_all_text_reads ... ok
2026-10-08T05:11:44.8737566Z 
2026-10-08T05:11:44.8737826Z test result: ok. 5 passed; 0 failed; 1 ignored; 0 measured; 0 filtered out; finished in 0.42s
2026-10-08T05:11:44.8738170Z 
2026-10-08T05:11:44.8772096Z [1m[92m     Running[0m tests/p1d_cost_probe.rs (target/debug/deps/p1d_cost_probe-e1ff085037b7e853)
2026-10-08T05:11:44.8791886Z 
2026-10-08T05:11:44.8792096Z running 1 test
2026-10-08T05:11:44.8793018Z test p1d_cost_quality_and_sql_work_matrix ... ignored, explicit 1k/5k cost probe; run release and retain all rows
2026-10-08T05:11:44.8793638Z 
2026-10-08T05:11:44.8793929Z test result: ok. 0 passed; 0 failed; 1 ignored; 0 measured; 0 filtered out; finished in 0.00s
2026-10-08T05:11:44.8794308Z 
2026-10-08T05:11:44.8796553Z [1m[92m     Running[0m tests/p1d_docs.rs (target/debug/deps/p1d_docs-1e23dff360cb0321)
2026-10-08T05:11:44.8810622Z 
2026-10-08T05:11:44.8826791Z running 2 tests
2026-10-08T05:11:44.8827956Z test p1d_documented_search_requests_respect_actual_scope_and_wire_shapes ... ignored, requires explicit CODECORTEX_BENCH_BINARY; execute documented JSON over MCP
2026-10-08T05:11:44.8829059Z test search_examples_and_configuration_match_current_parameter_types ... ok
2026-10-08T05:11:44.8829613Z 
2026-10-08T05:11:44.8830016Z test result: ok. 1 passed; 0 failed; 1 ignored; 0 measured; 0 filtered out; finished in 0.00s
2026-10-08T05:11:44.8830588Z 
2026-10-08T05:11:44.8831345Z [1m[92m     Running[0m tests/p2a_incremental.rs (target/debug/deps/p2a_incremental-4fdecf7e815246a9)
2026-10-08T05:11:44.8853591Z 
2026-10-08T05:11:44.8853892Z running 11 tests
2026-10-08T05:11:45.4773963Z test original_python_signature_matches_full_and_has_current_uid ... ok
2026-10-08T05:11:45.7642587Z test body_only_changes_keep_surface_and_do_not_promote_callers ... ok
2026-10-08T05:11:45.9230979Z test direct_writer_surface_storage_delete_and_reopen ... ok
2026-10-08T05:11:45.9243718Z test p2a_public_mcp_reports_coverage_and_refreshes_provider ... ignored, requires explicit CODECORTEX_BENCH_BINARY; real MCP process
2026-10-08T05:11:45.9676918Z test forwarding_alias_and_type_only_changes_survive_incremental_writes ... ok
2026-10-08T05:11:46.0748498Z test original_rust_signature_matches_full_and_has_current_uid ... ok
2026-10-08T05:11:46.8050479Z test rust_workspace_pub_use_signature_change_converges ... ok
2026-10-08T05:11:46.8493325Z test python_package_forwarding_declares_star_incompleteness ... ok
2026-10-08T05:11:47.0290544Z test unsupported_language_remains_visible_in_public_build_coverage ... ok
2026-10-08T05:11:47.3079232Z test typescript_signature_and_local_type_dependencies_converge ... ok
2026-10-08T05:11:47.5511247Z test p2a_closeout_declaration_relocation_preserves_current_reference_addresses ... ok
2026-10-08T05:11:47.5511848Z 
2026-10-08T05:11:47.5512128Z test result: ok. 10 passed; 0 failed; 1 ignored; 0 measured; 0 filtered out; finished in 2.66s
2026-10-08T05:11:47.5512498Z 
2026-10-08T05:11:47.5577143Z [1m[92m     Running[0m tests/p2b_incremental.rs (target/debug/deps/p2b_incremental-87a1ed1308f1da50)
2026-10-08T05:11:47.5711802Z 
2026-10-08T05:11:47.5712090Z running 14 tests
2026-10-08T05:11:47.9993789Z test body_only_edit_keeps_dependent_evidence_and_noop_is_empty ... ok
2026-10-08T05:11:48.1714406Z test dependency_fanout_over_budget_is_partial_not_normal ... ok
2026-10-08T05:11:48.4942975Z test declared_dependency_rename_retargets_after_p3b_workspace_migration ... ok
2026-10-08T05:11:48.7967223Z test event_scoped_missing_file_and_candidate_changes_match_full_rebuild ... ok
2026-10-08T05:11:48.9252098Z test go_internal_test_sees_production_not_reverse ... ok
2026-10-08T05:11:49.0336260Z test go_unqualified_calls_do_not_bind_methods_from_peer_files ... ok
2026-10-08T05:11:49.4169296Z test global_unique_becomes_ambiguous_then_unique_again ... ok
2026-10-08T05:11:49.4171105Z test p2b_public_mcp_retracts_ambiguous_edges_and_updates_go_package ... ignored, requires explicit CODECORTEX_BENCH_BINARY; real MCP process
2026-10-08T05:11:49.6002271Z test missing_name_then_provider_appears_refreshes_unchanged_consumer ... ok
2026-10-08T05:11:50.1606222Z test go_package_files_and_same_name_other_packages_are_isolated ... ok
2026-10-08T05:11:50.4651504Z test negative_path_and_precedence_changes_refresh_import_routes ... ok
2026-10-08T05:11:50.5385523Z test repeated_warm_catalog_mutations_match_cold_rebuild ... ok
2026-10-08T05:11:50.6995897Z test rust_chain_call_identities_survive_incremental_roundtrip ... ok
2026-10-08T05:11:50.9295572Z test supported_package_name_config_changes_rebind_the_unchanged_importer ... ok
2026-10-08T05:11:50.9296444Z 
2026-10-08T05:11:50.9297523Z test result: ok. 13 passed; 0 failed; 1 ignored; 0 measured; 0 filtered out; finished in 3.36s
2026-10-08T05:11:50.9298175Z 
2026-10-08T05:11:50.9378375Z [1m[92m     Running[0m tests/p2c_reconcile.rs (target/debug/deps/p2c_reconcile-5daf46150f1da096)
2026-10-08T05:11:50.9402428Z 
2026-10-08T05:11:50.9402594Z running 12 tests
2026-10-08T05:11:51.3360833Z test budget_remainder_survives_reopen_and_an_empty_event_scope ... ok
2026-10-08T05:11:51.5502899Z test deleting_a_pending_root_revokes_every_consumers_old_target ... ok
2026-10-08T05:11:51.6090211Z test an_old_provider_root_can_itself_be_invalidated_by_a_later_provider ... ok
2026-10-08T05:11:51.6182223Z test budget_remainder_is_resumed_by_unchanged_incremental_builds ... ok
2026-10-08T05:11:51.6207471Z test p2c_public_mcp_reports_debt_resumes_and_survives_restart ... ignored, requires explicit CODECORTEX_BENCH_BINARY; actual MCP subprocess
2026-10-08T05:11:51.9477495Z test disabled_propagation_retains_debt_until_reenabled_or_full_rebuild ... ok
2026-10-08T05:11:52.1491561Z test pure_body_change_does_not_re_resolve_other_files ... ok
2026-10-08T05:11:52.3176325Z test late_provider_change_rebases_without_losing_old_consumers ... ok
2026-10-08T05:11:52.8577644Z test fanout_larger_than_a_lookup_window_is_not_truncated_out_of_debt ... ok
2026-10-08T05:11:52.9774164Z test python_graph_rejects_false_calls_and_preserves_unsupported_shadow_on_reload ... ok
2026-10-08T05:11:53.1584083Z test python_and_rust_forward_cycles_match_full_after_signature_changes ... ok
2026-10-08T05:11:53.5651892Z test reexport_cycle_and_deep_chain_converge_across_bounded_rounds ... ok
2026-10-08T05:11:53.5652716Z 
2026-10-08T05:11:53.5653178Z test result: ok. 11 passed; 0 failed; 1 ignored; 0 measured; 0 filtered out; finished in 2.62s
2026-10-08T05:11:53.5653801Z 
2026-10-08T05:11:53.5760439Z [1m[92m     Running[0m tests/p2d_cost.rs (target/debug/deps/p2d_cost-4b18b7cf7df65e0c)
2026-10-08T05:11:53.5773009Z 
2026-10-08T05:11:53.5773288Z running 1 test
2026-10-08T05:11:53.5776216Z test p2d_release_incremental_growth_and_bounded_resume ... ignored, release mechanism cost; explicit execution required
2026-10-08T05:11:53.5777730Z [1m[92m     Running[0m tests/p2d_mutations.rs (target/debug/deps/p2d_mutations-195c5ffccf21b69c)
2026-10-08T05:11:53.5778437Z 
2026-10-08T05:11:53.5778877Z test result: ok. 0 passed; 0 failed; 1 ignored; 0 measured; 0 filtered out; finished in 0.00s
2026-10-08T05:11:53.5779497Z 
2026-10-08T05:11:53.5925583Z 
2026-10-08T05:11:53.5925850Z running 9 tests
2026-10-08T05:11:53.5930697Z test p2d_public_mcp_multilanguage_rename_truth_and_no_fake_jsts_calls ... ignored, requires explicit product binary; actual public MCP process
2026-10-08T05:11:54.2773367Z test mutation_inputs_fail_closed ... ok
2026-10-08T05:11:56.7063685Z test pending_changes_rebase_and_shrinker_cannot_certify_incomplete ... ok
2026-10-08T05:12:03.6083245Z test go_changes_have_independent_truth ... ok
2026-10-08T05:12:03.7301450Z test python_changes_have_independent_truth ... ok
2026-10-08T05:12:04.0153024Z test unknown_surface_is_not_reported_as_a_proven_empty_interface ... ok
2026-10-08T05:12:05.8751815Z test rust_changes_have_independent_truth ... ok
2026-10-08T05:12:09.5122025Z test typescript_changes_have_independent_truth ... ok
2026-10-08T05:12:19.1602925Z test bounded_shrink_preserves_exact_failure_and_replays_standalone ... ok
2026-10-08T05:12:19.1638190Z 
2026-10-08T05:12:19.1645345Z test result: ok. 8 passed; 0 failed; 1 ignored; 0 measured; 0 filtered out; finished in 25.57s
2026-10-08T05:12:19.1646296Z 
2026-10-08T05:12:19.1875454Z [1m[92m     Running[0m tests/p3a_cost.rs (target/debug/deps/p3a_cost-5e045ec35454415a)
2026-10-08T05:12:19.1889364Z 
2026-10-08T05:12:19.1889967Z running 2 tests
2026-10-08T05:12:19.1890967Z test p3a_release_config_discovery_and_bounded_retarget ... ignored, explicit --release project-model mechanism measurements
2026-10-08T05:12:19.1892239Z test p3a_release_many_imports_share_the_same_captured_inputs ... ignored, explicit --release immutable resolution cost observations
2026-10-08T05:12:19.1892909Z 
2026-10-08T05:12:19.1893404Z test result: ok. 0 passed; 0 failed; 2 ignored; 0 measured; 0 filtered out; finished in 0.00s
2026-10-08T05:12:19.1894007Z 
2026-10-08T05:12:19.1894779Z [1m[92m     Running[0m tests/p3a_project_model.rs (target/debug/deps/p3a_project_model-2856de7dc715ee21)
2026-10-08T05:12:19.1922655Z 
2026-10-08T05:12:19.1923270Z running 11 tests
2026-10-08T05:12:19.5593252Z test p3a_alias_uses_nearest_config_and_ordered_fallback_targets ... ok
2026-10-08T05:12:19.6716867Z test p3a_corrupt_persisted_config_cache_is_not_reused ... ok
2026-10-08T05:12:19.8261345Z test p3a_a_new_higher_priority_alias_target_invalidates_old_imports ... ok
2026-10-08T05:12:19.9803012Z test p3a_hidden_configuration_event_retargets_the_index ... ok
2026-10-08T05:12:20.0189813Z test p3a_configuration_only_change_retargets_unchanged_consumers_and_survives_reopen ... ok
2026-10-08T05:12:20.1097344Z test p3a_inherited_paths_use_defining_config_directory_and_jsonc_strings ... ok
2026-10-08T05:12:20.1126237Z test p3a_real_mcp_configuration_only_retarget_and_restart ... ignored, requires explicit CODECORTEX_BENCH_BINARY; real MCP subprocess
2026-10-08T05:12:20.2779079Z test p3a_prepare_rejects_changed_configuration_before_publication ... ok
2026-10-08T05:12:20.2891588Z test p3a_ignored_json_config_scoped_change_reloads_without_reparsing_source ... ok
2026-10-08T05:12:20.3938409Z test p3a_new_and_deleted_nested_roots_are_observed_with_scoped_events ... ok
2026-10-08T05:12:20.4965190Z test p3a_unsupported_module_mode_cannot_be_upgraded_by_global_name_fallback ... ok
2026-10-08T05:12:20.4966268Z 
2026-10-08T05:12:20.4966752Z test result: ok. 10 passed; 0 failed; 1 ignored; 0 measured; 0 filtered out; finished in 1.30s
2026-10-08T05:12:20.4967359Z 
2026-10-08T05:12:20.5009590Z [1m[92m     Running[0m tests/p3b_cost.rs (target/debug/deps/p3b_cost-d67cd305b35c5719)
2026-10-08T05:12:20.5072901Z 
2026-10-08T05:12:20.5073143Z running 2 tests
2026-10-08T05:12:20.5074432Z test package_config_resume_does_not_reparse_consumers_or_reload_per_import ... ignored, explicit --release package configuration mechanism measurements
2026-10-08T05:12:20.5077007Z test rust_module_queries_reuse_captured_facts_and_indexed_lookup ... ignored, explicit --release Rust catalog/fact-cache observations
2026-10-08T05:12:20.5078046Z 
2026-10-08T05:12:20.5078593Z test result: ok. 0 passed; 0 failed; 2 ignored; 0 measured; 0 filtered out; finished in 0.00s
2026-10-08T05:12:20.5079611Z 
2026-10-08T05:12:20.5081354Z [1m[92m     Running[0m tests/p3b_modules.rs (target/debug/deps/p3b_modules-de9eda2e8b89e988)
2026-10-08T05:12:20.5248966Z 
2026-10-08T05:12:20.5249209Z running 8 tests
2026-10-08T05:12:20.9486920Z test missing_imported_member_cannot_bind_an_unrelated_global_name ... ok
2026-10-08T05:12:20.9489330Z test real_mcp_package_configuration_retarget_resumes_after_restart ... ignored, requires explicit CODECORTEX_BENCH_BINARY; actual stdio subprocess
2026-10-08T05:12:20.9544501Z test python_relative_import_never_uses_javascript_probes ... ok
2026-10-08T05:12:21.2374725Z test rust_crate_modules_resolve_to_the_declared_file ... ok
2026-10-08T05:12:21.3036378Z test python_namespace_and_src_config_change_retarget_without_running_code ... ok
2026-10-08T05:12:21.3653316Z test import_require_dynamic_and_type_only_survive_restart ... ok
2026-10-08T05:12:21.5486306Z test rust_inline_scope_path_attribute_and_default_features_reconcile ... ok
2026-10-08T05:12:21.5977230Z test workspace_package_export_retargets_after_manifest_only_change ... ok
2026-10-08T05:12:21.5977890Z 
2026-10-08T05:12:21.5978555Z test result: ok. 7 passed; 0 failed; 1 ignored; 0 measured; 0 filtered out; finished in 1.07s
2026-10-08T05:12:21.5979363Z 
2026-10-08T05:12:21.6033426Z [1m[92m     Running[0m tests/p3c_cost.rs (target/debug/deps/p3c_cost-1da10ccb5747521b)
2026-10-08T05:12:21.6045832Z 
2026-10-08T05:12:21.6046041Z running 1 test
2026-10-08T05:12:21.6046718Z test p3c_release_go_config_change_scales_with_consumers_not_unrelated_files ... ignored, explicit release Go config discovery and frontier cost
2026-10-08T05:12:21.6047285Z 
2026-10-08T05:12:21.6047541Z test result: ok. 0 passed; 0 failed; 1 ignored; 0 measured; 0 filtered out; finished in 0.00s
2026-10-08T05:12:21.6047878Z 
2026-10-08T05:12:21.6049389Z [1m[92m     Running[0m tests/p3c_modules.rs (target/debug/deps/p3c_modules-9867e629a090d40d)
2026-10-08T05:12:21.6071385Z 
2026-10-08T05:12:21.6071678Z running 5 tests
2026-10-08T05:12:21.9186207Z test go_selector_and_reference_cannot_bind_same_file_leaf ... ok
2026-10-08T05:12:21.9216883Z test p3c_real_mcp_go_work_only_change_resumes_across_restart ... ignored, requires explicit CODECORTEX_BENCH_BINARY; actual stdio subprocess
2026-10-08T05:12:21.9282914Z test external_go_import_cannot_bind_unrelated_global_function ... ok
2026-10-08T05:12:22.1396854Z test local_go_replace_resolves_members_across_files_and_retargets_on_config_only ... ok
2026-10-08T05:12:22.1686776Z test local_go_config_dependency_is_scoped_and_rebinds_on_condition_change ... ok
2026-10-08T05:12:22.1687642Z 
2026-10-08T05:12:22.1688216Z test result: ok. 4 passed; 0 failed; 1 ignored; 0 measured; 0 filtered out; finished in 0.56s
2026-10-08T05:12:22.1688794Z 
2026-10-08T05:12:22.1711395Z [1m[92m     Running[0m tests/p3d_cost.rs (target/debug/deps/p3d_cost-ef36af632df2b783)
2026-10-08T05:12:22.1806882Z 
2026-10-08T05:12:22.1807287Z running 1 test
2026-10-08T05:12:22.1808166Z test release_multilanguage_import_cost_and_disk_independence ... ignored, explicit release multi-package discovery, cache reuse and pure imports
2026-10-08T05:12:22.1809175Z 
2026-10-08T05:12:22.1809488Z test result: ok. 0 passed; 0 failed; 1 ignored; 0 measured; 0 filtered out; finished in 0.00s
2026-10-08T05:12:22.1809889Z 
2026-10-08T05:12:22.1813275Z [1m[92m     Running[0m tests/p3d_modules.rs (target/debug/deps/p3d_modules-75d22fdf4d92b3bd)
2026-10-08T05:12:22.1834951Z 
2026-10-08T05:12:22.1835431Z running 2 tests
2026-10-08T05:12:22.1836654Z test real_mcp_multilanguage_graph_keeps_concrete_target_files ... ignored, explicit product binary; real MCP stdio
2026-10-08T05:12:23.2902448Z test all_four_languages_keep_independent_targets_on_full_noop_and_reopen ... ok
2026-10-08T05:12:23.2903085Z 
2026-10-08T05:12:23.2903533Z test result: ok. 1 passed; 0 failed; 1 ignored; 0 measured; 0 filtered out; finished in 1.11s
2026-10-08T05:12:23.2904161Z 
2026-10-08T05:12:23.2920457Z [1m[92m     Running[0m tests/p4a_cost.rs (target/debug/deps/p4a_cost-227726811423870b)
2026-10-08T05:12:23.2932738Z 
2026-10-08T05:12:23.2933024Z running 1 test
2026-10-08T05:12:23.2934145Z test release_hierarchical_chunks_preserve_all_bytes_and_report_costs ... ignored, explicit release source partition and boundary cost samples
2026-10-08T05:12:23.2936049Z [1m[92m     Running[0m tests/p4a_source.rs (target/debug/deps/p4a_source-bf8f814b0180a035)
2026-10-08T05:12:23.2936680Z 
2026-10-08T05:12:23.2937333Z test result: ok. 0 passed; 0 failed; 1 ignored; 0 measured; 0 filtered out; finished in 0.00s
2026-10-08T05:12:23.2938139Z 
2026-10-08T05:12:23.3074284Z 
2026-10-08T05:12:23.3074837Z running 5 tests
2026-10-08T05:12:23.3078796Z test real_mcp_indexes_original_bytes_and_source_coordinates ... ignored, explicit product binary; actual MCP subprocess and its isolated SQLite
2026-10-08T05:12:23.3266808Z test legacy_normalized_line_proof_remains_separate_and_strict ... ok
2026-10-08T05:12:23.3272017Z test byte_evidence_checks_raw_coordinates_and_rejects_tampering_without_legacy_fallback ... ok
2026-10-08T05:12:23.6748169Z test source_evidence_and_text_agree_for_all_languages_and_sfc ... ok
2026-10-08T05:12:23.9812043Z test original_chunks_survive_compression_dirty_reload_reopen_and_full_rebuild ... ok
2026-10-08T05:12:23.9812742Z 
2026-10-08T05:12:23.9813372Z test result: ok. 4 passed; 0 failed; 1 ignored; 0 measured; 0 filtered out; finished in 0.67s
2026-10-08T05:12:23.9813945Z 
2026-10-08T05:12:23.9850248Z [1m[92m     Running[0m tests/p4b_chunks.rs (target/debug/deps/p4b_chunks-560333095fb56bc2)
2026-10-08T05:12:24.0011295Z 
2026-10-08T05:12:24.0011642Z running 7 tests
2026-10-08T05:12:24.3456152Z test configured_byte_budget_also_bounds_a_single_unicode_line ... ok
2026-10-08T05:12:24.4090774Z test configured_line_budget_reaches_the_production_parser ... ok
2026-10-08T05:12:24.4464638Z test invalid_budget_is_a_failed_build_not_empty_success_or_default_policy ... ok
2026-10-08T05:12:24.4472207Z test real_mcp_chunk_budget_changes_without_restarting_then_survives_restart ... ignored, explicit product binary; actual MCP configuration update and restart
2026-10-08T05:12:24.4903194Z test changed_policy_expands_a_non_config_event_to_all_admitted_sources ... ok
2026-10-08T05:12:24.6040415Z test prepared_chunks_cannot_commit_under_a_different_policy ... ok
2026-10-08T05:12:24.8624527Z test policy_change_live_session_and_failed_file_do_not_acknowledge_one_another ... ok
2026-10-08T05:12:24.8625433Z 
2026-10-08T05:12:24.8625886Z test result: ok. 6 passed; 0 failed; 1 ignored; 0 measured; 0 filtered out; finished in 0.86s
2026-10-08T05:12:24.8626503Z 
2026-10-08T05:12:24.8668957Z [1m[92m     Running[0m tests/p4b_cost.rs (target/debug/deps/p4b_cost-c5350c7d7d83dec8)
2026-10-08T05:12:24.8683100Z 
2026-10-08T05:12:24.8683439Z running 1 test
2026-10-08T05:12:24.8684291Z test release_chunk_merge_and_projection_costs ... ignored, explicit release parser/chunk/projection cost test
2026-10-08T05:12:24.8687834Z 
2026-10-08T05:12:24.8688298Z test result: ok. 0 passed; 0 failed; 1 ignored; 0 measured; 0 filtered out; finished in 0.00s
2026-10-08T05:12:24.8688940Z 
2026-10-08T05:12:24.8689888Z [1m[92m     Running[0m tests/p4c_cost.rs (target/debug/deps/p4c_cost-b7a61a9278311c9e)
2026-10-08T05:12:24.8700476Z 
2026-10-08T05:12:24.8700713Z running 1 test
2026-10-08T05:12:24.8701451Z test document_manifest_and_freshness_mechanism_cost ... ignored, release mechanism measurements
2026-10-08T05:12:24.8702137Z 
2026-10-08T05:12:24.8704452Z test result: ok. 0 passed; 0 failed; 1 ignored; 0 measured; 0 filtered out; finished in 0.00s
2026-10-08T05:12:24.8705353Z 
2026-10-08T05:12:24.8706051Z [1m[92m     Running[0m tests/p4c_documents.rs (target/debug/deps/p4c_documents-936f6724c8a232bf)
2026-10-08T05:12:24.8888489Z 
2026-10-08T05:12:24.8889074Z running 13 tests
2026-10-08T05:12:25.2746478Z test build_has_current_document_manifest_for_each_verified_chunk ... ok
2026-10-08T05:12:25.3296593Z test deleted_source_is_not_resurrected_by_warm_search_cache ... ok
2026-10-08T05:12:25.3526241Z test changed_renderer_spec_reprocesses_unchanged_source ... ok
2026-10-08T05:12:25.5818751Z test failed_document_insert_rolls_back_files_chunks_and_fts ... ok
2026-10-08T05:12:25.5908845Z test empty_files_and_render_failures_have_explicit_manifest_states ... ok
2026-10-08T05:12:25.6649393Z test direct_rebuild_and_standard_rebuild_produce_the_same_documents ... ok
2026-10-08T05:12:25.8226177Z test hydration_rejects_deleted_or_malformed_required_manifest ... ok
2026-10-08T05:12:25.8256463Z test real_mcp_document_versions_and_disk_freshness ... ignored, explicit product binary; real MCP source/document lifecycle
2026-10-08T05:12:25.8953689Z test old_symbol_lines_never_slice_new_disk_text ... ok
2026-10-08T05:12:26.0517045Z test source_read_limits_and_path_guards_are_fail_closed ... ok
2026-10-08T05:12:26.1246665Z test manifest_reopen_delete_rename_policy_and_full_incremental_parity ... ok
2026-10-08T05:12:26.1438051Z test context_keeps_flask_handler_after_freshness_metadata ... ok
2026-10-08T05:12:26.1521250Z test valid_bytes_reappear_after_stale_or_deleted_reads_without_poisoning_cache ... ok
2026-10-08T05:12:26.1521662Z 
2026-10-08T05:12:26.1521924Z test result: ok. 12 passed; 0 failed; 1 ignored; 0 measured; 0 filtered out; finished in 1.26s
2026-10-08T05:12:26.1522275Z 
2026-10-08T05:12:26.1586193Z [1m[92m     Running[0m tests/p4d_cost.rs (target/debug/deps/p4d_cost-3246691e0ce497e0)
2026-10-08T05:12:26.1598365Z 
2026-10-08T05:12:26.1598648Z running 1 test
2026-10-08T05:12:26.1601331Z test release_chunk_build_memory_and_document_costs ... ignored, explicit release P4-D build/chunk/document/RSS mechanism measurements
2026-10-08T05:12:26.1602083Z 
2026-10-08T05:12:26.1602362Z test result: ok. 0 passed; 0 failed; 1 ignored; 0 measured; 0 filtered out; finished in 0.00s
2026-10-08T05:12:26.1603149Z [1m[92m     Running[0m tests/p4d_quality.rs (target/debug/deps/p4d_quality-add566ada2bd665c)
2026-10-08T05:12:26.1603553Z 
2026-10-08T05:12:26.1622113Z 
2026-10-08T05:12:26.1622353Z running 1 test
2026-10-08T05:12:26.9684023Z test chunk_policy_ablation_preserves_quality_and_measures_structure ... ok
2026-10-08T05:12:26.9684726Z 
2026-10-08T05:12:26.9685408Z test result: ok. 1 passed; 0 failed; 0 ignored; 0 measured; 0 filtered out; finished in 0.81s
2026-10-08T05:12:26.9685916Z 
2026-10-08T05:12:26.9708946Z [1m[92m     Running[0m tests/p5a_boundaries.rs (target/debug/deps/p5a_boundaries-63b9893bedcaf988)
2026-10-08T05:12:26.9840369Z 
2026-10-08T05:12:26.9840707Z running 16 tests
2026-10-08T05:12:27.3956578Z test absent_parser_method_signatures_are_not_fabricated_by_exact_lane ... ok
2026-10-08T05:12:27.4046434Z test exact_paths_preserve_document_type_and_case_sensitive_scope ... ok
2026-10-08T05:12:27.4056120Z test exact_ambiguity_and_limit_are_scoped_before_truncation ... ok
2026-10-08T05:12:27.4401375Z test exact_lane_finds_a_split_definition_and_its_literal_signature ... ok
2026-10-08T05:12:27.6602706Z test finite_but_overflowing_ranking_config_cannot_emit_nonfinite_scores ... ok
2026-10-08T05:12:27.7312102Z test grep_execution_receipt_matches_zero_weight_and_empty_scope ... ok
2026-10-08T05:12:27.8124666Z test graph_lane_read_failure_is_visible_and_not_result_cached ... ok
2026-10-08T05:12:27.9686567Z test lexical_diagnostics_retain_native_bm25_not_reciprocal_rank ... ok
2026-10-08T05:12:28.0671991Z test graph_internal_seed_and_neighbor_limits_never_claim_complete ... ok
2026-10-08T05:12:28.1074193Z test literal_function_signature_uses_byte_columns_after_unicode_crlf_prefix ... ok
2026-10-08T05:12:28.2861628Z test path_token_budget_is_not_consumed_by_files_without_documents ... ok
2026-10-08T05:12:28.3761637Z test prose_short_words_cannot_cast_path_votes_but_short_path_queries_work ... ok
2026-10-08T05:12:28.4468060Z test identity_materialization_rejects_corruption_before_reranking ... ok
2026-10-08T05:12:28.4499764Z test path_token_truncation_is_explicit_and_bounded ... ok
2026-10-08T05:12:28.5077543Z test qualified_same_line_methods_do_not_promote_another_owner ... ok
2026-10-08T05:12:28.5617823Z test same_line_sibling_definitions_do_not_share_exact_identity ... ok
2026-10-08T05:12:28.5618866Z 
2026-10-08T05:12:28.5620067Z test result: ok. 16 passed; 0 failed; 0 ignored; 0 measured; 0 filtered out; finished in 1.58s
2026-10-08T05:12:28.5625462Z 
2026-10-08T05:12:28.5679411Z [1m[92m     Running[0m tests/p5a_cost.rs (target/debug/deps/p5a_cost-04f3dc0b24c84c21)
2026-10-08T05:12:28.5690630Z 
2026-10-08T05:12:28.5690817Z running 1 test
2026-10-08T05:12:28.5691839Z test release_versioned_lane_costs_with_fixed_inputs ... ignored, explicit release P5-A lane/identity cost observations
2026-10-08T05:12:28.5692659Z 
2026-10-08T05:12:28.5693354Z test result: ok. 0 passed; 0 failed; 1 ignored; 0 measured; 0 filtered out; finished in 0.00s
2026-10-08T05:12:28.5693977Z 
2026-10-08T05:12:28.5694657Z [1m[92m     Running[0m tests/p5a_retrieval.rs (target/debug/deps/p5a_retrieval-cfe0391728275bb4)
2026-10-08T05:12:28.5715848Z 
2026-10-08T05:12:28.5716049Z running 2 tests
2026-10-08T05:12:28.5717754Z test real_mcp_exposes_versioned_exact_and_path_lanes ... ignored, requires explicit CODECORTEX_BENCH_BINARY; real MCP P5-A lane contract
2026-10-08T05:12:28.7670532Z test public_exact_and_path_lanes_are_versioned_scoped_and_replayable ... ok
2026-10-08T05:12:28.7671233Z 
2026-10-08T05:12:28.7672206Z test result: ok. 1 passed; 0 failed; 1 ignored; 0 measured; 0 filtered out; finished in 0.20s
2026-10-08T05:12:28.7672967Z 
2026-10-08T05:12:28.7689019Z [1m[92m     Running[0m tests/p5b_cost.rs (target/debug/deps/p5b_cost-513f84f5e56962ce)
2026-10-08T05:12:28.7701958Z 
2026-10-08T05:12:28.7702127Z running 1 test
2026-10-08T05:12:28.7705413Z test release_bounded_admission_and_capacity_recovery ... ignored, explicit release P5-B bounded-execution cost observations
2026-10-08T05:12:28.7706302Z 
2026-10-08T05:12:28.7706743Z test result: ok. 0 passed; 0 failed; 1 ignored; 0 measured; 0 filtered out; finished in 0.00s
2026-10-08T05:12:28.7707367Z 
2026-10-08T05:12:28.7708104Z [1m[92m     Running[0m tests/p5b_execution.rs (target/debug/deps/p5b_execution-e39b61d14ffda214)
2026-10-08T05:12:28.7900267Z 
2026-10-08T05:12:28.7900484Z running 11 tests
2026-10-08T05:12:29.2257840Z test explicit_empty_scope_disables_optional_port_without_invoking_it ... ok
2026-10-08T05:12:29.2270682Z test explicit_expired_request_cannot_return_a_warm_cache_hit ... ok
2026-10-08T05:12:29.2295639Z test cancellation_and_future_drop_release_async_work_without_a_detached_task ... ok
2026-10-08T05:12:29.4869952Z test local_never_invokes_installed_port_and_missing_auto_is_local ... ok
2026-10-08T05:12:29.4871963Z test real_mcp_preserves_tool_schema_and_exposes_offline_query_policy ... ignored, requires explicit CODECORTEX_BENCH_BINARY; real stdio query policy/handles
2026-10-08T05:12:29.5211046Z test owned_handle_survives_idle_close_but_poison_recovery_invalidates_old_engine ... ok
2026-10-08T05:12:29.5286008Z test partial_receipt_and_provider_panics_remain_visible_not_complete_empty ... ok
2026-10-08T05:12:29.5380148Z test async_dispatch_preserves_resolution_freshness_and_project_identity ... ok
2026-10-08T05:12:29.7329146Z test semantic_candidates_are_hydrated_from_current_scoped_documents ... ok
2026-10-08T05:12:29.7575569Z test slow_fake_does_not_hold_codeindex_lock_or_the_only_sql_connection ... ok
2026-10-08T05:12:29.7683574Z test semantic_timeout_keeps_local_result_visible_and_does_not_cache_failure ... ok
2026-10-08T05:12:29.7684209Z 
2026-10-08T05:12:29.7684655Z test result: ok. 10 passed; 0 failed; 1 ignored; 0 measured; 0 filtered out; finished in 0.98s
2026-10-08T05:12:29.7685382Z 
2026-10-08T05:12:29.7728357Z [1m[92m     Running[0m tests/p5c_budget.rs (target/debug/deps/p5c_budget-75cea37b3448ed43)
2026-10-08T05:12:29.7752703Z 
2026-10-08T05:12:29.7752899Z running 10 tests
2026-10-08T05:12:30.0631085Z test malformed_context_objects_fail_without_panicking_or_erasing_old_status ... ok
2026-10-08T05:12:30.0865940Z test actual_async_response_counts_final_freshness_and_survives_repacking ... ok
2026-10-08T05:12:30.2443117Z test first_huge_body_becomes_reference_not_unbounded_or_fake_slice ... ok
2026-10-08T05:12:30.2475752Z test malformed_packing_status_cannot_be_interpreted_as_complete ... ok
2026-10-08T05:12:30.4489760Z test projected_lane_receipts_keep_partial_errors_and_reject_bad_headers ... ok
2026-10-08T05:12:30.4516376Z test real_stdio_search_preserves_full_json_budget_and_source_proofs ... ignored, explicit CODECORTEX_BENCH_BINARY; real MCP structured response budget
2026-10-08T05:12:30.4715303Z test post_handler_metadata_and_old_omission_flags_share_final_budget ... ok
2026-10-08T05:12:30.5987231Z test oversized_graph_and_diagnostic_metadata_yield_before_primary_source ... ok
2026-10-08T05:12:30.6678524Z test small_source_survives_metadata_compaction_and_size_is_self_accounted ... ok
2026-10-08T05:12:31.1003337Z test lower_rank_references_never_evict_a_fitting_primary_body ... ok
2026-10-08T05:12:31.1006412Z 
2026-10-08T05:12:31.1006869Z test result: ok. 9 passed; 0 failed; 1 ignored; 0 measured; 0 filtered out; finished in 1.33s
2026-10-08T05:12:31.1007472Z 
2026-10-08T05:12:31.1040130Z [1m[92m     Running[0m tests/p5c_cost.rs (target/debug/deps/p5c_cost-0c6a993db3da540e)
2026-10-08T05:12:31.1052236Z 
2026-10-08T05:12:31.1052391Z running 1 test
2026-10-08T05:12:31.1055719Z test release_final_evidence_and_packing_costs ... ignored, explicit release P5-C final evidence/packing cost observations
2026-10-08T05:12:31.1057215Z [1m[92m     Running[0m tests/p5c_hydration.rs (target/debug/deps/p5c_hydration-9730fcac2f2c8dda)
2026-10-08T05:12:31.1057870Z 
2026-10-08T05:12:31.1058321Z test result: ok. 0 passed; 0 failed; 1 ignored; 0 measured; 0 filtered out; finished in 0.00s
2026-10-08T05:12:31.1058924Z 
2026-10-08T05:12:31.1206789Z 
2026-10-08T05:12:31.1207096Z running 11 tests
2026-10-08T05:12:31.5335926Z test final_hits_preserve_original_utf8_crlf_proofs_and_metadata ... ok
2026-10-08T05:12:31.5356146Z test disk_changes_and_deletions_are_explicit_omissions_not_new_source ... ok
2026-10-08T05:12:31.5450433Z test dense_omission_persists_across_hydration_windows_but_generation_changes_fail ... ok
2026-10-08T05:12:31.5682206Z test current_dense_basis_keeps_final_response_complete ... ok
2026-10-08T05:12:31.7963263Z test no_lane_may_substitute_final_identity_coordinates_or_scope ... ok
2026-10-08T05:12:31.8239216Z test graph_nodes_and_post_handler_metadata_keep_the_same_scope_and_generation ... ok
2026-10-08T05:12:31.8300399Z test real_space_switch_during_recall_rejects_the_old_generation ... ok
2026-10-08T05:12:31.8542577Z test stable_generation_with_skipped_dense_basis_is_partial_in_final_response ... ok
2026-10-08T05:12:32.0170970Z test swap_same_epoch_and_cancel_reject_final_publication ... ok
2026-10-08T05:12:32.0396018Z test warm_context_revalidates_the_full_record_not_only_its_reference_mirror ... ok
2026-10-08T05:12:32.0464652Z test warmed_search_cannot_hide_deleted_manifest_or_forged_snapshot ... ok
2026-10-08T05:12:32.0465494Z 
2026-10-08T05:12:32.0465955Z test result: ok. 11 passed; 0 failed; 0 ignored; 0 measured; 0 filtered out; finished in 0.93s
2026-10-08T05:12:32.0466342Z 
2026-10-08T05:12:32.0531031Z [1m[92m     Running[0m tests/p5c_selection.rs (target/debug/deps/p5c_selection-8f19d0ea6ec3cc90)
2026-10-08T05:12:32.0553408Z 
2026-10-08T05:12:32.0553574Z running 8 tests
2026-10-08T05:12:32.3763119Z test fix_reserves_test_evidence_but_never_displaces_rank_one ... ok
2026-10-08T05:12:32.3830288Z test duplicate_source_is_suppressed_but_cross_file_copy_is_not ... ok
2026-10-08T05:12:32.3875765Z test a_single_file_can_contribute_multiple_disjoint_pieces ... ok
2026-10-08T05:12:32.3924288Z test auxiliary_metadata_does_not_change_read_generation ... ok
2026-10-08T05:12:32.6366351Z test locate_keeps_rank_order_without_forced_file_diversity ... ok
2026-10-08T05:12:32.6657477Z test only_selected_evidence_can_suppress_an_overlapping_facet ... ok
2026-10-08T05:12:32.6784479Z test malformed_incarnation_fails_even_when_result_is_warm ... ok
2026-10-08T05:12:32.7190748Z test public_context_reports_selection_and_cache_windows_do_not_alias ... ok
2026-10-08T05:12:32.7191447Z 
2026-10-08T05:12:32.7191908Z test result: ok. 8 passed; 0 failed; 0 ignored; 0 measured; 0 filtered out; finished in 0.66s
2026-10-08T05:12:32.7192858Z 
2026-10-08T05:12:32.7227336Z [1m[92m     Running[0m tests/p5d_contract.rs (target/debug/deps/p5d_contract-63de48c3a56c42f7)
2026-10-08T05:12:32.7242662Z 
2026-10-08T05:12:32.7242812Z running 2 tests
2026-10-08T05:12:32.7245646Z test real_stdio_policy_override_and_capability_state ... ignored, explicit CODECORTEX_BENCH_BINARY; actual public policy and capabilities contract
2026-10-08T05:12:32.7248457Z test policy_parameters_are_optional_strict_and_documented ... ok
2026-10-08T05:12:32.7248963Z 
2026-10-08T05:12:32.7249660Z test result: ok. 1 passed; 0 failed; 1 ignored; 0 measured; 0 filtered out; finished in 0.00s
2026-10-08T05:12:32.7250275Z 
2026-10-08T05:12:32.7251298Z [1m[92m     Running[0m tests/p5d_cost.rs (target/debug/deps/p5d_cost-301be0c486b7fbca)
2026-10-08T05:12:32.7379851Z 
2026-10-08T05:12:32.7380357Z running 1 test
2026-10-08T05:12:32.7385155Z test release_idle_sweep_preserves_pins_and_recovers_after_release ... ignored, explicit release P5-D idle/pin lifecycle cost
2026-10-08T05:12:32.7386200Z 
2026-10-08T05:12:32.7386660Z test result: ok. 0 passed; 0 failed; 1 ignored; 0 measured; 0 filtered out; finished in 0.00s
2026-10-08T05:12:32.7387206Z 
2026-10-08T05:12:32.7389677Z [1m[92m     Running[0m tests/p5d_runtime.rs (target/debug/deps/p5d_runtime-bee1a8d1f2bef1ca)
2026-10-08T05:12:32.7527011Z 
2026-10-08T05:12:32.7527474Z running 10 tests
2026-10-08T05:12:32.8488901Z test cancelled_blocking_work_keeps_pin_until_actual_exit ... ok
2026-10-08T05:12:32.8490221Z test concurrent_cold_routes_share_one_instance_and_build_gate ... ok
2026-10-08T05:12:32.8850722Z test dropping_session_stops_recurring_tasks_and_releases_cached_db ... ok
2026-10-08T05:12:33.1113061Z test cloned_views_hold_one_lease_until_last_drop ... ok
2026-10-08T05:12:33.1124509Z test explicit_unconfigured_semantic_is_never_reported_ready ... ok
2026-10-08T05:12:33.1165989Z test capability_readiness_distinguishes_absence_empty_error_and_semantic_port ... ok
2026-10-08T05:12:33.1588064Z test idle_sweep_never_waits_for_write_or_build_lock ... ok
2026-10-08T05:12:33.2171363Z test explicit_context_policy_cannot_bypass_optional_port_via_direct_symbols ... ok
2026-10-08T05:12:33.7669861Z test inflight_recall_survives_idle_and_lru_then_reclaims_resources ... ok
2026-10-08T05:12:34.1722090Z test shutdown_prevents_late_watcher_and_idle_restart ... ok
2026-10-08T05:12:34.1728862Z 
2026-10-08T05:12:34.1755974Z test result: ok. 10 passed; 0 failed; 0 ignored; 0 measured; 0 filtered out; finished in 1.42s
2026-10-08T05:12:34.1756531Z 
2026-10-08T05:12:34.1784089Z [1m[92m     Running[0m tests/p5e_ablation.rs (target/debug/deps/p5e_ablation-8ef8c608fe1b72a7)
2026-10-08T05:12:34.1809132Z 
2026-10-08T05:12:34.1809288Z running 4 tests
2026-10-08T05:12:34.1811733Z test p5e_release_mixed_c1_c4_c8_c16 ... ignored, explicit release diagnostic; set P5E_MIXED_OUT to unique artifact directory
2026-10-08T05:12:34.1818590Z test impossible_facet_is_rejected_before_starting_product ... ok
2026-10-08T05:12:34.3856877Z test unrelated_query_cannot_buy_latency_by_losing_a_required_facet ... ok
2026-10-08T05:12:34.7077668Z test mixed_public_dispatch_preserves_all_samples_and_facets ... ok
2026-10-08T05:12:34.7078251Z 
2026-10-08T05:12:34.7078966Z test result: ok. 3 passed; 0 failed; 1 ignored; 0 measured; 0 filtered out; finished in 0.53s
2026-10-08T05:12:34.7079602Z 
2026-10-08T05:12:34.7106722Z [1m[92m     Running[0m tests/p5e_context_facets.rs (target/debug/deps/p5e_context_facets-8e085e4d4c9705ca)
2026-10-08T05:12:34.7127615Z 
2026-10-08T05:12:34.7127812Z running 2 tests
2026-10-08T05:12:34.9233920Z test distinctive_program_support_is_literal_bounded_owned_and_not_injected ... ok
2026-10-08T05:12:35.5848186Z test mixed_language_framework_context_preserves_the_requested_handler ... ok
2026-10-08T05:12:35.5849447Z 
2026-10-08T05:12:35.5850913Z test result: ok. 2 passed; 0 failed; 0 ignored; 0 measured; 0 filtered out; finished in 0.87s
2026-10-08T05:12:35.5851877Z 
2026-10-08T05:12:35.5914138Z [1m[92m     Running[0m tests/p5e_graph_anchor.rs (target/debug/deps/p5e_graph_anchor-39f3f5a5f8075c3d)
2026-10-08T05:12:35.6059443Z 
2026-10-08T05:12:35.6059720Z running 8 tests
2026-10-08T05:12:36.0886723Z test graph_neighbor_of_a_long_function_has_a_real_declaration_document ... ok
2026-10-08T05:12:36.0947738Z test edited_then_deleted_graph_anchors_do_not_keep_old_document_versions ... ok
2026-10-08T05:12:36.3026622Z test graph_candidates_reject_a_corrupted_document_manifest ... ok
2026-10-08T05:12:36.4736220Z test nested_and_duplicate_file_uids_respect_hard_scope_and_cancellation ... ok
2026-10-08T05:12:36.6149910Z test same_line_same_name_methods_keep_their_container_uids ... ok
2026-10-08T05:12:36.6984380Z test same_line_unicode_siblings_do_not_share_the_graph_declaration_anchor ... ok
2026-10-08T05:12:41.2423631Z test real_bidirectional_fanout_maps_all_twenty_seeds_and_four_hundred_neighbors ... ok
2026-10-08T05:12:44.2861403Z test four_hundred_twenty_real_uids_use_batched_projection_and_bounded_prefix_reads ... ok
2026-10-08T05:12:44.2861990Z 
2026-10-08T05:12:44.2862344Z test result: ok. 8 passed; 0 failed; 0 ignored; 0 measured; 0 filtered out; finished in 8.68s
2026-10-08T05:12:44.2865667Z 
2026-10-08T05:12:44.3023794Z [1m[92m     Running[0m tests/p5e_identifier.rs (target/debug/deps/p5e_identifier-f3a19b04d4aa00ee)
2026-10-08T05:12:44.3049165Z 
2026-10-08T05:12:44.3049380Z running 2 tests
2026-10-08T05:12:44.5485511Z test lexical_atom_budget_is_visible_not_a_complete_absence_claim ... ok
2026-10-08T05:12:44.5684039Z test unknown_compound_identifier_does_not_recall_a_generic_loop_word ... ok
2026-10-08T05:12:44.5685245Z 
2026-10-08T05:12:44.5685729Z test result: ok. 2 passed; 0 failed; 0 ignored; 0 measured; 0 filtered out; finished in 0.26s
2026-10-08T05:12:44.5686118Z 
2026-10-08T05:12:44.5708263Z [1m[92m     Running[0m tests/p5e_path_domain.rs (target/debug/deps/p5e_path_domain-ef3472ed1c0b5be9)
2026-10-08T05:12:44.5732900Z 
2026-10-08T05:12:44.5733156Z running 6 tests
2026-10-08T05:12:45.1156337Z test actual_core_language_file_scope_and_markdown_identity_are_preserved ... ok
2026-10-08T05:12:47.5364083Z test large_exact_file_is_still_truthfully_candidate_limited ... ok
2026-10-08T05:12:47.7644314Z test real_path_lane_sql_tripwire_proves_exact_branch_does_not_scan_token_fts ... ok
2026-10-08T05:12:48.2728335Z test canonical_exact_indexed_path_avoids_unrelated_thousand_file_token_inventory ... ok
2026-10-08T05:12:48.5021322Z test exact_document_domain_edit_delete_and_stale_source_do_not_reuse_old_bodies ... ok
2026-10-08T05:12:48.9221812Z test absent_basename_and_natural_language_paths_do_not_borrow_exact_doc_completeness ... ok
2026-10-08T05:12:48.9222326Z 
2026-10-08T05:12:48.9222928Z test result: ok. 6 passed; 0 failed; 0 ignored; 0 measured; 0 filtered out; finished in 4.35s
2026-10-08T05:12:48.9223464Z 
2026-10-08T05:12:48.9320572Z [1m[92m     Running[0m tests/p5e_priority_pressure.rs (target/debug/deps/p5e_priority_pressure-101baf58bb8febde)
2026-10-08T05:12:48.9416320Z 
2026-10-08T05:12:48.9416668Z running 2 tests
2026-10-08T05:12:49.3953789Z test known_domain_prose_compaction_has_numeric_width_margin_and_preserves_unknown_labels ... ok
2026-10-08T05:12:50.1168587Z test real_final_mcp_context_keeps_trusted_facet_then_support_then_incidental_under_caps ... ok
2026-10-08T05:12:50.1169071Z 
2026-10-08T05:12:50.1169342Z test result: ok. 2 passed; 0 failed; 0 ignored; 0 measured; 0 filtered out; finished in 1.18s
2026-10-08T05:12:50.1169691Z 
2026-10-08T05:12:50.1210007Z [1m[92m     Running[0m tests/p7_mechanism_stdio.rs (target/debug/deps/p7_mechanism_stdio-e34643bf7a3c2cc5)
2026-10-08T05:12:50.1223159Z 
2026-10-08T05:12:50.1223365Z running 0 tests
2026-10-08T05:12:50.1223594Z 
2026-10-08T05:12:50.1223883Z test result: ok. 0 passed; 0 failed; 0 ignored; 0 measured; 0 filtered out; finished in 0.00s
2026-10-08T05:12:50.1224267Z 
2026-10-08T05:12:50.1226826Z [1m[92m     Running[0m tests/p7_partial_budget.rs (target/debug/deps/p7_partial_budget-a7eaf25efb2e244e)
2026-10-08T05:12:50.1418115Z 
2026-10-08T05:12:50.1418326Z running 4 tests
2026-10-08T05:12:50.6616251Z test partial_dense_candidates_remain_usable_without_losing_receipt_counts_or_scores ... ok
2026-10-08T05:12:50.6706204Z test source_only_partial_survives_removal_of_dense_fence_details ... ok
2026-10-08T05:12:50.8158751Z test budget_omission_cannot_upgrade_complete_dense_recall_to_empty_no_match ... ok
2026-10-08T05:12:51.4292359Z test executed_lane_states_survive_real_projection_and_empty_result_classification ... ok
2026-10-08T05:12:51.4292836Z 
2026-10-08T05:12:51.4293391Z test result: ok. 4 passed; 0 failed; 0 ignored; 0 measured; 0 filtered out; finished in 1.29s
2026-10-08T05:12:51.4293798Z 
2026-10-08T05:12:51.4327729Z [1m[92m     Running[0m tests/p7_strategy_ablation.rs (target/debug/deps/p7_strategy_ablation-9da19795f6201138)
2026-10-08T05:12:51.4343257Z 
2026-10-08T05:12:51.4343419Z running 8 tests
2026-10-08T05:12:51.4360537Z test actual_stdio_local_and_auto_have_equal_effective_budget_and_verified_source ... ignored, requires explicit current product path and SHA256; mechanism smoke, no quality certification
2026-10-08T05:12:51.4363084Z test configuration_rejects_implicit_network_remote_endpoint_and_fake_dense_name ... ok
2026-10-08T05:12:51.4364888Z test paired_effects_use_family_units_and_do_not_label_fake_scores_as_quality ... ok
2026-10-08T05:12:51.4367402Z test readiness_requires_checked_space_and_real_dense_coverage_not_file_count ... ok
2026-10-08T05:12:51.4376589Z test public_budget_checks_policy_final_bytes_and_numeric_scope_without_rewriting_partial ... ok
2026-10-08T05:12:51.4386029Z test strategy_rejection_keeps_original_public_response_and_replay_cannot_self_authorize ... ok
2026-10-08T05:12:51.4388719Z test equal_top_k_does_not_hide_different_output_cap_or_hard_scope ... ok
2026-10-08T05:12:51.4475825Z test pending_dense_readiness_is_bounded_and_close_still_releases_client ... ok
2026-10-08T05:12:51.4476501Z 
2026-10-08T05:12:51.4476779Z test result: ok. 7 passed; 0 failed; 1 ignored; 0 measured; 0 filtered out; finished in 0.01s
2026-10-08T05:12:51.4477149Z 
2026-10-08T05:12:51.4480320Z [1m[92m     Running[0m tests/p7_strategy_stdio.rs (target/debug/deps/p7_strategy_stdio-043e00ee8e4c3db8)
2026-10-08T05:12:51.4490970Z 
2026-10-08T05:12:51.4491123Z running 0 tests
2026-10-08T05:12:51.4491385Z 
2026-10-08T05:12:51.4491658Z test result: ok. 0 passed; 0 failed; 0 ignored; 0 measured; 0 filtered out; finished in 0.00s
2026-10-08T05:12:51.4492012Z 
2026-10-08T05:12:51.4494356Z [1m[92m     Running[0m tests/p7_validation_work.rs (target/debug/deps/p7_validation_work-25ccee94aa388b33)
2026-10-08T05:12:51.4644231Z 
2026-10-08T05:12:51.4644421Z running 5 tests
2026-10-08T05:12:51.8518433Z test failed_source_record_checks_keep_the_work_performed_before_rejection ... ok
2026-10-08T05:12:51.8545779Z test projection_failure_is_visible_and_multiple_batches_count_actual_yielded_rows ... ok
2026-10-08T05:12:51.8886520Z test current_context_validation_is_charged_again_on_a_real_graph_cache_hit ... ok
2026-10-08T05:12:51.9318240Z test empty_and_prequery_refusal_are_zero_but_missing_locators_are_measured ... ok
2026-10-08T05:12:52.0116305Z test repeated_validation_resets_cached_statements_and_accumulates_only_named_work ... ok
2026-10-08T05:12:52.0116982Z 
2026-10-08T05:12:52.0117253Z test result: ok. 5 passed; 0 failed; 0 ignored; 0 measured; 0 filtered out; finished in 0.55s
2026-10-08T05:12:52.0117608Z 
2026-10-08T05:12:52.0150457Z [1m[92m     Running[0m tests/p7_worker_contention.rs (target/debug/deps/p7_worker_contention-1f48618b54100156)
2026-10-08T05:12:52.0160812Z 
2026-10-08T05:12:52.0161017Z running 0 tests
2026-10-08T05:12:52.0161265Z 
2026-10-08T05:12:52.0163247Z test result: ok. 0 passed; 0 failed; 0 ignored; 0 measured; 0 filtered out; finished in 0.00s
2026-10-08T05:12:52.0163878Z 
2026-10-08T05:12:52.0164421Z [1m[92m     Running[0m tests/p8_load.rs (target/debug/deps/p8_load-8b1345422d207bfe)
2026-10-08T05:12:52.0175260Z 
2026-10-08T05:12:52.0175476Z running 9 tests
2026-10-08T05:12:54.7966205Z test cancellation_stops_offering_drains_and_keeps_final_reconciliation ... ok
2026-10-08T05:12:54.7995759Z test configuration_bounds_reject_unbounded_or_ambiguous_profiles_before_writing ... ok
2026-10-08T05:12:54.8496525Z test cli_keeps_indexes_inside_fixtures_despite_an_inherited_external_cache_override ... ok
2026-10-08T05:12:54.8497672Z test burst_admission_preserves_rejections_and_deadline_failures_in_denominators ... ok
2026-10-08T05:12:55.1028651Z test artifact_budget_and_existing_output_fail_without_truncating_evidence ... ok
2026-10-08T05:12:56.3082457Z test total_deadline_kills_worker_and_keeps_nonzero_partial_receipt ... ok
2026-10-08T05:12:56.4931591Z test worker_checks_its_actual_executable_digest_before_running_a_fixture ... ok
2026-10-08T05:12:58.6390272Z test supervisor_rejects_a_binary_removed_after_the_worker_self_check ... ok
2026-10-08T05:13:04.5346362Z test real_mixed_load_drains_and_retains_exact_oracle_failure_or_success ... ok
2026-10-08T05:13:04.5346748Z 
2026-10-08T05:13:04.5347054Z test result: ok. 9 passed; 0 failed; 0 ignored; 0 measured; 0 filtered out; finished in 12.52s
2026-10-08T05:13:04.5347425Z 
2026-10-08T05:13:04.5351458Z [1m[92m     Running[0m tests/p8_measurements.rs (target/debug/deps/p8_measurements-19de3062973a36fd)
2026-10-08T05:13:04.5424709Z 
2026-10-08T05:13:04.5425061Z running 12 tests
2026-10-08T05:13:04.5474368Z test disk_conflicts_empty_identity_and_overflow_cannot_produce_valid_total ... ok
2026-10-08T05:13:04.5476087Z test costs_reject_conflicts_and_preserve_missing_overflow_and_duplicate_charge_uncertainty ... ok
2026-10-08T05:13:04.5479634Z test costs_separate_currency_basis_and_deduplicate_receipts_without_assuming_usage ... ok
2026-10-08T05:13:04.5481168Z test disk_layout_counts_shared_storage_once_and_never_totals_partial_coverage ... ok
2026-10-08T05:13:04.5482519Z test binomial_interval_matches_enumerated_small_sample_coverage ... ok
2026-10-08T05:13:04.5483595Z test lifecycle_requires_direct_consistent_evidence ... ok
2026-10-08T05:13:04.5487655Z test full_attempt_denominator_retains_timeouts_errors_partials_and_missing_times ... ok
2026-10-08T05:13:04.5490028Z test measured_zero_differs_from_missing_and_memory_alternatives_are_not_added ... ok
2026-10-08T05:13:04.5491118Z test ps_tree_uses_checked_sum_and_never_discards_unreadable_children ... ok
2026-10-08T05:13:04.5492228Z test distribution_and_interval_keep_one_nearest_rank_convention ... ok
2026-10-08T05:13:04.5501776Z test tail_intervals_do_not_disguise_small_sample_or_unbounded_p99 ... ok
2026-10-08T05:13:04.6183655Z test existing_runner_and_replay_emit_all_attempt_and_resource_ledgers ... ok
2026-10-08T05:13:04.6184050Z 
2026-10-08T05:13:04.6184339Z test result: ok. 12 passed; 0 failed; 0 ignored; 0 measured; 0 filtered out; finished in 0.08s
2026-10-08T05:13:04.6184736Z 
2026-10-08T05:13:04.6188959Z [1m[92m     Running[0m tests/p8_route_reload.rs (target/debug/deps/p8_route_reload-234d55c0523b5095)
2026-10-08T05:13:04.6207763Z 
2026-10-08T05:13:04.6207940Z running 1 test
2026-10-08T05:13:05.1138522Z test api_edit_keeps_route_manifest_equal_to_full_and_preserves_route_nodes ... ok
2026-10-08T05:13:05.1139138Z 
2026-10-08T05:13:05.1139586Z test result: ok. 1 passed; 0 failed; 0 ignored; 0 measured; 0 filtered out; finished in 0.49s
2026-10-08T05:13:05.1140202Z 
2026-10-08T05:13:05.1155688Z [1m[92m     Running[0m tests/p8_scale.rs (target/debug/deps/p8_scale-94faeb4f5c3f7d9e)
2026-10-08T05:13:05.1176243Z 
2026-10-08T05:13:05.1176505Z running 6 tests
2026-10-08T05:13:05.1181121Z test matrix_and_release_admission_are_explicit_and_bounded ... ok
2026-10-08T05:13:05.8758444Z test failed_independent_fanout_truth_remains_a_failure ... ok
2026-10-08T05:13:05.9277181Z test subprocess_descendant_cannot_hold_stderr_past_worker_deadline ... ok
2026-10-08T05:13:06.4100519Z test subprocess_deadline_preserves_report_and_rejects_output_reuse ... ok
2026-10-08T05:13:40.9727663Z test configured_evidence_budget_stops_without_overwriting_partial_raw ... ok
2026-10-08T05:13:59.7163762Z test real_scale_smoke_preserves_builds_counts_mutations_and_full_parity ... ok
2026-10-08T05:13:59.7164728Z 
2026-10-08T05:13:59.7165454Z test result: ok. 6 passed; 0 failed; 0 ignored; 0 measured; 0 filtered out; finished in 54.60s
2026-10-08T05:13:59.7166083Z 
2026-10-08T05:13:59.7176446Z [1m[92m     Running[0m tests/packing_scope_v1.rs (target/debug/deps/packing_scope_v1-85663bd0d3ae0cb1)
2026-10-08T05:13:59.7345867Z 
2026-10-08T05:13:59.7346201Z running 3 tests
2026-10-08T05:14:00.1657155Z test maximum_numeric_width_preserves_proofs_counts_and_second_pack ... ok
2026-10-08T05:14:00.2389176Z test known_scope_mapping_requires_pressure_and_exact_bytes ... ok
2026-10-08T05:14:00.2701261Z test near_known_labels_are_unchanged_and_repacking_never_resurrects_bodies ... ok
2026-10-08T05:14:00.2701714Z 
2026-10-08T05:14:00.2702030Z test result: ok. 3 passed; 0 failed; 0 ignored; 0 measured; 0 filtered out; finished in 0.54s
2026-10-08T05:14:00.2702708Z 
2026-10-08T05:14:00.2746895Z [1m[92m     Running[0m tests/packing_validation_work.rs (target/debug/deps/packing_validation_work-986acf08c3a1189e)
2026-10-08T05:14:00.2768427Z 
2026-10-08T05:14:00.2768594Z running 3 tests
2026-10-08T05:14:00.6582985Z test optional_work_yields_only_to_a_fitting_complete_body_and_stays_omitted ... ok
2026-10-08T05:14:00.6814815Z test optional_work_yields_before_full_lane_and_hit_metadata_projection ... ok
2026-10-08T05:14:02.1011192Z test failed_omission_preserves_whole_receipt_and_marker_value_or_absence ... ok
2026-10-08T05:14:02.1011846Z 
2026-10-08T05:14:02.1012282Z test result: ok. 3 passed; 0 failed; 0 ignored; 0 measured; 0 filtered out; finished in 1.82s
2026-10-08T05:14:02.1012939Z 
2026-10-08T05:14:02.1037176Z [1m[92m     Running[0m tests/scale_bench.rs (target/debug/deps/scale_bench-d7a754be34dad376)
2026-10-08T05:14:02.1070602Z 
2026-10-08T05:14:02.1070773Z running 4 tests
2026-10-08T05:14:02.1071478Z test bench_synthetic_10k ... ignored, synthetic 10k-file scale benchmark; run explicitly
2026-10-08T05:14:02.1072096Z test bench_synthetic_1k ... ignored, synthetic 1k-file scale benchmark; run explicitly
2026-10-08T05:14:02.1073134Z test bench_synthetic_50k ... ignored, synthetic 50k-file scale benchmark; additionally gated behind CODECORTEX_BENCH_50K=1
2026-10-08T05:14:02.1074107Z test profile_cold_build_scaling ... ignored, cold-build scaling profiler; run explicitly
2026-10-08T05:14:02.1074709Z 
2026-10-08T05:14:02.1077083Z [1m[92m     Running[0m tests/semantic_lifecycle.rs (target/debug/deps/semantic_lifecycle-891c0f1bcbf1073d)
2026-10-08T05:14:02.1077828Z test result: ok. 0 passed; 0 failed; 4 ignored; 0 measured; 0 filtered out; finished in 0.00s
2026-10-08T05:14:02.1078182Z 
2026-10-08T05:14:02.1120583Z 
2026-10-08T05:14:02.1120733Z running 0 tests
2026-10-08T05:14:02.1122584Z 
2026-10-08T05:14:02.1123126Z test result: ok. 0 passed; 0 failed; 0 ignored; 0 measured; 0 filtered out; finished in 0.00s
2026-10-08T05:14:02.1124305Z [1m[92m     Running[0m tests/soak.rs (target/debug/deps/soak-7603d8fedb497a33)
2026-10-08T05:14:02.1124670Z 
2026-10-08T05:14:02.1283725Z 
2026-10-08T05:14:02.1284044Z running 1 test
2026-10-08T05:14:02.1285156Z test soak_mcp_session_rss ... ignored, long-running RSS soak; run explicitly with CODECORTEX_SOAK_SECS
2026-10-08T05:14:02.1285618Z 
2026-10-08T05:14:02.1285884Z test result: ok. 0 passed; 0 failed; 1 ignored; 0 measured; 0 filtered out; finished in 0.00s
2026-10-08T05:14:02.1286255Z 
2026-10-08T05:14:02.1288795Z [1m[92m     Running[0m tests/v16_cache_read_soak.rs (target/debug/deps/v16_cache_read_soak-fd60afafdaeda4d6)
2026-10-08T05:14:02.1298830Z 
2026-10-08T05:14:02.1299383Z running 0 tests
2026-10-08T05:14:02.1299638Z 
2026-10-08T05:14:02.1300070Z test result: ok. 0 passed; 0 failed; 0 ignored; 0 measured; 0 filtered out; finished in 0.00s
2026-10-08T05:14:02.1300442Z 
2026-10-08T05:14:02.1301270Z [1m[92m     Running[0m tests/v16_resource_bounds.rs (target/debug/deps/v16_resource_bounds-3fc885288344cac6)
2026-10-08T05:14:02.1311495Z 
2026-10-08T05:14:02.1311669Z running 0 tests
2026-10-08T05:14:02.1313308Z 
2026-10-08T05:14:02.1313753Z test result: ok. 0 passed; 0 failed; 0 ignored; 0 measured; 0 filtered out; finished in 0.00s
2026-10-08T05:14:02.1314131Z 
2026-10-08T05:14:02.1314548Z [1m[92m   Doc-tests[0m cc_eval
2026-10-08T05:14:02.6540973Z 
2026-10-08T05:14:02.6541480Z running 0 tests
2026-10-08T05:14:02.6541771Z 
2026-10-08T05:14:02.6542258Z test result: ok. 0 passed; 0 failed; 0 ignored; 0 measured; 0 filtered out; finished in 0.00s
2026-10-08T05:14:02.6542679Z 
2026-10-08T05:14:02.6677351Z ##[group]Run python3 scripts/p7_stdio_build_receipt.py --package-kind default --output-dir "$RUNNER_TEMP/p7-017-default"
2026-10-08T05:14:02.6678277Z [36;1mpython3 scripts/p7_stdio_build_receipt.py --package-kind default --output-dir "$RUNNER_TEMP/p7-017-default"[0m
2026-10-08T05:14:02.6703156Z [36;1mexport P7_017_PACKAGE_KIND=default[0m
2026-10-08T05:14:02.6703646Z [36;1mexport P7_017_BUILD_RECEIPT="$RUNNER_TEMP/p7-017-default/build-receipt.json"[0m
2026-10-08T05:14:02.6704217Z [36;1mCODECORTEX_BENCH_BINARY="$RUNNER_TEMP/p7-017-default/codecortex" \[0m
2026-10-08T05:14:02.6704783Z [36;1mCODECORTEX_BENCH_OBSERVATIONS="$RUNNER_TEMP/p7-017-default-observations" \[0m
2026-10-08T05:14:02.6705597Z [36;1m  cargo test -p cc-eval --features eval-http --test benchmark_adapters --locked -- --ignored[0m
2026-10-08T05:14:02.6706218Z [36;1mCODECORTEX_BENCH_BINARY="$RUNNER_TEMP/p7-017-default/codecortex" \[0m
2026-10-08T05:14:02.6706750Z [36;1m  cargo test -p cc-eval --test p1a_retrieval --locked -- --ignored[0m
2026-10-08T05:14:02.6707235Z [36;1mCODECORTEX_BENCH_BINARY="$RUNNER_TEMP/p7-017-default/codecortex" \[0m
2026-10-08T05:14:02.6707729Z [36;1m  cargo test -p cc-eval --test p1b_retrieval --locked -- --ignored[0m
2026-10-08T05:14:02.6708213Z [36;1mCODECORTEX_BENCH_BINARY="$RUNNER_TEMP/p7-017-default/codecortex" \[0m
2026-10-08T05:14:02.6708755Z [36;1m  cargo test -p cc-eval --test p1c_retrieval --test p1c_contract --locked -- --ignored[0m
2026-10-08T05:14:02.6709292Z [36;1mCODECORTEX_BENCH_BINARY="$RUNNER_TEMP/p7-017-default/codecortex" \[0m
2026-10-08T05:14:02.6709866Z [36;1m  cargo test -p cc-eval --test p1d_cost --test p1d_docs --test p1d_concurrency --locked -- --ignored[0m
2026-10-08T05:14:02.6820336Z shell: /usr/bin/bash -e {0}
2026-10-08T05:14:02.6820596Z env:
2026-10-08T05:14:02.6820794Z   CARGO_TERM_COLOR: always
2026-10-08T05:14:02.6821049Z   RUSTFLAGS: -D warnings
2026-10-08T05:14:02.6821296Z   CARGO_HOME: /home/runner/.cargo
2026-10-08T05:14:02.6821556Z   CARGO_INCREMENTAL: 0
2026-10-08T05:14:02.6821781Z   CACHE_ON_FAILURE: false
2026-10-08T05:14:02.6822016Z ##[endgroup]
2026-10-08T05:15:17.3118255Z {"binary": "/home/runner/work/_temp/p7-017-default/codecortex", "receipt": "/home/runner/work/_temp/p7-017-default/build-receipt.json", "package_kind": "default", "features": [], "sha256": "953d20bfb2367503cb5ec07281754600937c5e8e2581b8d3cd820603f09fbffd", "source_commit": "683d8882c108e4e9be68ebac127f3c709e329711", "source_inputs": 795, "profile": "dev"}
2026-10-08T05:15:17.7247149Z [1m[92m    Finished[0m `test` profile [unoptimized + debuginfo] target(s) in 0.39s
2026-10-08T05:15:17.7335867Z [1m[92m     Running[0m tests/benchmark_adapters.rs (target/debug/deps/benchmark_adapters-020a4fef3c26a974)
2026-10-08T05:15:17.7453850Z 
2026-10-08T05:15:17.7454219Z running 2 tests
2026-10-08T05:15:17.7700664Z [2m2026-10-08T05:15:17.769429Z[0m [32m INFO[0m [2mcc_db::index_migrate[0m[2m:[0m initializing index schema [3mversion[0m[2m=[0m25
2026-10-08T05:15:17.7942126Z [2m2026-10-08T05:15:17.793562Z[0m [32m INFO[0m [1mserve_inner[0m[2m:[0m [2mrmcp::service[0m[2m:[0m Service initialized as server [3mpeer_info[0m[2m=[0mSome(InitializeRequestParams { meta: None, protocol_version: ProtocolVersion("2025-11-25"), capabilities: ClientCapabilities { experimental: None, extensions: None, roots: None, sampling: None, elicitation: None, tasks: None }, client_info: Implementation { name: "rmcp", title: None, version: "2.2.0", description: None, icons: None, website_url: None } })
2026-10-08T05:15:17.7946668Z [2m2026-10-08T05:15:17.793662Z[0m [32m INFO[0m [2mcc_server::mcp[0m[2m:[0m MCP server started on stdio
2026-10-08T05:15:17.7960106Z [2m2026-10-08T05:15:17.795684Z[0m [32m INFO[0m [1mserve_inner[0m[2m:[0m [2mrmcp::service[0m[2m:[0m received notification [3mnotification[0m[2m=[0mInitializedNotification(NotificationNoParam { method: InitializedNotificationMethod, extensions: Extensions })
2026-10-08T05:15:17.7963080Z [2m2026-10-08T05:15:17.795797Z[0m [32m INFO[0m [1mserve_inner[0m[2m:[0m [2mrmcp::handler::server[0m[2m:[0m client initialized
2026-10-08T05:15:17.7978237Z [2m2026-10-08T05:15:17.797576Z[0m [32m INFO[0m [2mcc_index::memory_budget[0m[2m:[0m memory budget initialized [3mtotal_ram_mb[0m[2m=[0m15989 [3mbudget_mb[0m[2m=[0m7994 [3mfraction[0m[2m=[0m0.5
2026-10-08T05:15:17.8343309Z [2m2026-10-08T05:15:17.834033Z[0m [32m INFO[0m [2mcc_db::index_db_rebuild[0m[2m:[0m full rebuild: creating temp database [3mtmp[0m[2m=[0m/tmp/.tmpcGluV6/.codecortex/index.sqlite3.tmp
2026-10-08T05:15:17.8939742Z [2m2026-10-08T05:15:17.893685Z[0m [32m INFO[0m [2mcc_db::index_db_rebuild[0m[2m:[0m full rebuild: writing data to temp database
2026-10-08T05:15:17.8965914Z [2m2026-10-08T05:15:17.896409Z[0m [32m INFO[0m [2mcc_db::index_db_rebuild[0m[2m:[0m full rebuild: recreating indexes
2026-10-08T05:15:17.9102826Z [2m2026-10-08T05:15:17.910101Z[0m [32m INFO[0m [2mcc_db::index_db_rebuild[0m[2m:[0m full rebuild: temp database ready for swap
2026-10-08T05:15:17.9105116Z [2m2026-10-08T05:15:17.910288Z[0m [32m INFO[0m [2mcc_index::memory_budget[0m[2m:[0m memory budget initialized [3mtotal_ram_mb[0m[2m=[0m15989 [3mbudget_mb[0m[2m=[0m7994 [3mfraction[0m[2m=[0m0.5
2026-10-08T05:15:17.9267679Z [2m2026-10-08T05:15:17.926104Z[0m [32m INFO[0m [2mcc_index::memory_budget[0m[2m:[0m memory budget initialized [3mtotal_ram_mb[0m[2m=[0m15989 [3mbudget_mb[0m[2m=[0m7994 [3mfraction[0m[2m=[0m0.5
2026-10-08T05:15:17.9316887Z [2m2026-10-08T05:15:17.931440Z[0m [32m INFO[0m [2mcc_index::memory_budget[0m[2m:[0m memory budget initialized [3mtotal_ram_mb[0m[2m=[0m15989 [3mbudget_mb[0m[2m=[0m7994 [3mfraction[0m[2m=[0m0.5
2026-10-08T05:15:17.9863128Z [2m2026-10-08T05:15:17.986089Z[0m [32m INFO[0m [1mserve_inner[0m[2m:[0m [2mrmcp::service[0m[2m:[0m input stream terminated
2026-10-08T05:15:17.9865248Z [2m2026-10-08T05:15:17.986163Z[0m [32m INFO[0m [1mserve_inner[0m[2m:[0m [2mrmcp::service[0m[2m:[0m serve finished [3mquit_reason[0m[2m=[0mClosed
2026-10-08T05:15:17.9866965Z [2m2026-10-08T05:15:17.986424Z[0m [32m INFO[0m [2mcc_server::mcp[0m[2m:[0m MCP server shut down gracefully
2026-10-08T05:15:17.9919427Z test real_stdio_index_search_scope_and_tool_error ... ok
2026-10-08T05:15:35.4423905Z test p7_offline::real_stdio_default_disabled_semantic_contract ... ok
2026-10-08T05:15:35.4424269Z 
2026-10-08T05:15:35.4424542Z test result: ok. 2 passed; 0 failed; 0 ignored; 0 measured; 14 filtered out; finished in 17.70s
2026-10-08T05:15:35.4425222Z 
2026-10-08T05:15:35.5850287Z [1m[92m    Finished[0m `test` profile [unoptimized + debuginfo] target(s) in 0.12s
2026-10-08T05:15:35.5913439Z [1m[92m     Running[0m tests/p1a_retrieval.rs (target/debug/deps/p1a_retrieval-b800a16cb40d9cde)
2026-10-08T05:15:35.6064702Z 
2026-10-08T05:15:35.6064963Z running 2 tests
2026-10-08T05:15:35.6320983Z [2m2026-10-08T05:15:35.631821Z[0m [32m INFO[0m [2mcc_db::index_migrate[0m[2m:[0m initializing index schema [3mversion[0m[2m=[0m25
2026-10-08T05:15:35.6323078Z [2m2026-10-08T05:15:35.631821Z[0m [32m INFO[0m [2mcc_db::index_migrate[0m[2m:[0m initializing index schema [3mversion[0m[2m=[0m25
2026-10-08T05:15:35.6568477Z [2m2026-10-08T05:15:35.656048Z[0m [32m INFO[0m [1mserve_inner[0m[2m:[0m [2mrmcp::service[0m[2m:[0m Service initialized as server [3mpeer_info[0m[2m=[0mSome(InitializeRequestParams { meta: None, protocol_version: ProtocolVersion("2025-11-25"), capabilities: ClientCapabilities { experimental: None, extensions: None, roots: None, sampling: None, elicitation: None, tasks: None }, client_info: Implementation { name: "rmcp", title: None, version: "2.2.0", description: None, icons: None, website_url: None } })
2026-10-08T05:15:35.6570945Z [2m2026-10-08T05:15:35.656142Z[0m [32m INFO[0m [2mcc_server::mcp[0m[2m:[0m MCP server started on stdio
2026-10-08T05:15:35.6573589Z [2m2026-10-08T05:15:35.656171Z[0m [32m INFO[0m [1mserve_inner[0m[2m:[0m [2mrmcp::service[0m[2m:[0m Service initialized as server [3mpeer_info[0m[2m=[0mSome(InitializeRequestParams { meta: None, protocol_version: ProtocolVersion("2025-11-25"), capabilities: ClientCapabilities { experimental: None, extensions: None, roots: None, sampling: None, elicitation: None, tasks: None }, client_info: Implementation { name: "rmcp", title: None, version: "2.2.0", description: None, icons: None, website_url: None } })
2026-10-08T05:15:35.6576447Z [2m2026-10-08T05:15:35.656374Z[0m [32m INFO[0m [2mcc_server::mcp[0m[2m:[0m MCP server started on stdio
2026-10-08T05:15:35.6633845Z [2m2026-10-08T05:15:35.663023Z[0m [32m INFO[0m [1mserve_inner[0m[2m:[0m [2mrmcp::service[0m[2m:[0m received notification [3mnotification[0m[2m=[0mInitializedNotification(NotificationNoParam { method: InitializedNotificationMethod, extensions: Extensions })
2026-10-08T05:15:35.6636311Z [2m2026-10-08T05:15:35.663068Z[0m [32m INFO[0m [1mserve_inner[0m[2m:[0m [2mrmcp::service[0m[2m:[0m received notification [3mnotification[0m[2m=[0mInitializedNotification(NotificationNoParam { method: InitializedNotificationMethod, extensions: Extensions })
2026-10-08T05:15:35.6637839Z [2m2026-10-08T05:15:35.663121Z[0m [32m INFO[0m [1mserve_inner[0m[2m:[0m [2mrmcp::handler::server[0m[2m:[0m client initialized
2026-10-08T05:15:35.6639015Z [2m2026-10-08T05:15:35.663158Z[0m [32m INFO[0m [1mserve_inner[0m[2m:[0m [2mrmcp::handler::server[0m[2m:[0m client initialized
2026-10-08T05:15:35.6682725Z [2m2026-10-08T05:15:35.667677Z[0m [32m INFO[0m [2mcc_index::memory_budget[0m[2m:[0m memory budget initialized [3mtotal_ram_mb[0m[2m=[0m15989 [3mbudget_mb[0m[2m=[0m7994 [3mfraction[0m[2m=[0m0.5
2026-10-08T05:15:35.6687322Z [2m2026-10-08T05:15:35.667722Z[0m [32m INFO[0m [2mcc_index::memory_budget[0m[2m:[0m memory budget initialized [3mtotal_ram_mb[0m[2m=[0m15989 [3mbudget_mb[0m[2m=[0m7994 [3mfraction[0m[2m=[0m0.5
2026-10-08T05:15:35.7133621Z [2m2026-10-08T05:15:35.713092Z[0m [32m INFO[0m [2mcc_db::index_db_rebuild[0m[2m:[0m full rebuild: creating temp database [3mtmp[0m[2m=[0m/tmp/.tmp3QETfV/.codecortex/index.sqlite3.tmp
2026-10-08T05:15:35.7250675Z [2m2026-10-08T05:15:35.724903Z[0m [32m INFO[0m [2mcc_db::index_db_rebuild[0m[2m:[0m full rebuild: creating temp database [3mtmp[0m[2m=[0m/tmp/.tmpj68Kns/.codecortex/index.sqlite3.tmp
2026-10-08T05:15:35.7979068Z [2m2026-10-08T05:15:35.797704Z[0m [32m INFO[0m [2mcc_db::index_db_rebuild[0m[2m:[0m full rebuild: writing data to temp database
2026-10-08T05:15:35.8030511Z [2m2026-10-08T05:15:35.802864Z[0m [32m INFO[0m [2mcc_db::index_db_rebuild[0m[2m:[0m full rebuild: recreating indexes
2026-10-08T05:15:35.8083116Z [2m2026-10-08T05:15:35.808073Z[0m [32m INFO[0m [2mcc_db::index_db_rebuild[0m[2m:[0m full rebuild: writing data to temp database
2026-10-08T05:15:35.8189952Z [2m2026-10-08T05:15:35.818778Z[0m [32m INFO[0m [2mcc_db::index_db_rebuild[0m[2m:[0m full rebuild: temp database ready for swap
2026-10-08T05:15:35.8192275Z [2m2026-10-08T05:15:35.818956Z[0m [32m INFO[0m [2mcc_index::memory_budget[0m[2m:[0m memory budget initialized [3mtotal_ram_mb[0m[2m=[0m15989 [3mbudget_mb[0m[2m=[0m7994 [3mfraction[0m[2m=[0m0.5
2026-10-08T05:15:35.8228443Z [2m2026-10-08T05:15:35.822676Z[0m [32m INFO[0m [2mcc_db::index_db_rebuild[0m[2m:[0m full rebuild: recreating indexes
2026-10-08T05:15:35.8369219Z [2m2026-10-08T05:15:35.836622Z[0m [32m INFO[0m [2mcc_index::memory_budget[0m[2m:[0m memory budget initialized [3mtotal_ram_mb[0m[2m=[0m15989 [3mbudget_mb[0m[2m=[0m7994 [3mfraction[0m[2m=[0m0.5
2026-10-08T05:15:35.8396628Z [2m2026-10-08T05:15:35.839088Z[0m [32m INFO[0m [2mcc_db::index_db_rebuild[0m[2m:[0m full rebuild: temp database ready for swap
2026-10-08T05:15:35.8399656Z [2m2026-10-08T05:15:35.839302Z[0m [32m INFO[0m [2mcc_index::memory_budget[0m[2m:[0m memory budget initialized [3mtotal_ram_mb[0m[2m=[0m15989 [3mbudget_mb[0m[2m=[0m7994 [3mfraction[0m[2m=[0m0.5
2026-10-08T05:15:35.8420481Z [2m2026-10-08T05:15:35.841874Z[0m [32m INFO[0m [2mcc_index::memory_budget[0m[2m:[0m memory budget initialized [3mtotal_ram_mb[0m[2m=[0m15989 [3mbudget_mb[0m[2m=[0m7994 [3mfraction[0m[2m=[0m0.5
2026-10-08T05:15:35.8604620Z [2m2026-10-08T05:15:35.860209Z[0m [32m INFO[0m [2mcc_index::memory_budget[0m[2m:[0m memory budget initialized [3mtotal_ram_mb[0m[2m=[0m15989 [3mbudget_mb[0m[2m=[0m7994 [3mfraction[0m[2m=[0m0.5
2026-10-08T05:15:35.8652144Z [2m2026-10-08T05:15:35.865014Z[0m [32m INFO[0m [2mcc_index::memory_budget[0m[2m:[0m memory budget initialized [3mtotal_ram_mb[0m[2m=[0m15989 [3mbudget_mb[0m[2m=[0m7994 [3mfraction[0m[2m=[0m0.5
2026-10-08T05:15:35.8924804Z [2m2026-10-08T05:15:35.892160Z[0m [32m INFO[0m [1mserve_inner[0m[2m:[0m [2mrmcp::service[0m[2m:[0m input stream terminated
2026-10-08T05:15:35.8926546Z [2m2026-10-08T05:15:35.892246Z[0m [32m INFO[0m [1mserve_inner[0m[2m:[0m [2mrmcp::service[0m[2m:[0m serve finished [3mquit_reason[0m[2m=[0mClosed
2026-10-08T05:15:35.8938220Z [2m2026-10-08T05:15:35.892884Z[0m [32m INFO[0m [2mcc_server::mcp[0m[2m:[0m MCP server shut down gracefully
2026-10-08T05:15:35.8988901Z test p1a_stdio_soft_hints_and_path_intersection ... ok
2026-10-08T05:15:35.9129237Z [2m2026-10-08T05:15:35.912758Z[0m [32m INFO[0m [1mserve_inner[0m[2m:[0m [2mrmcp::service[0m[2m:[0m input stream terminated
2026-10-08T05:15:35.9131192Z [2m2026-10-08T05:15:35.912823Z[0m [32m INFO[0m [1mserve_inner[0m[2m:[0m [2mrmcp::service[0m[2m:[0m serve finished [3mquit_reason[0m[2m=[0mClosed
2026-10-08T05:15:35.9132944Z [2m2026-10-08T05:15:35.913075Z[0m [32m INFO[0m [2mcc_server::mcp[0m[2m:[0m MCP server shut down gracefully
2026-10-08T05:15:35.9178431Z test p1a_stdio_bm25_contribution_is_monotonic ... ok
2026-10-08T05:15:35.9178721Z 
2026-10-08T05:15:35.9179002Z test result: ok. 2 passed; 0 failed; 0 ignored; 0 measured; 11 filtered out; finished in 0.31s
2026-10-08T05:15:35.9179371Z 
2026-10-08T05:15:36.0413903Z [1m[92m    Finished[0m `test` profile [unoptimized + debuginfo] target(s) in 0.10s
2026-10-08T05:15:36.0468608Z [1m[92m     Running[0m tests/p1b_retrieval.rs (target/debug/deps/p1b_retrieval-7a3efff46009232f)
2026-10-08T05:15:36.0637733Z 
2026-10-08T05:15:36.0637929Z running 2 tests
2026-10-08T05:15:36.3934674Z [2m2026-10-08T05:15:36.392242Z[0m [32m INFO[0m [1mserve_inner[0m[2m:[0m [2mrmcp::service[0m[2m:[0m Service initialized as server [3mpeer_info[0m[2m=[0mSome(InitializeRequestParams { meta: None, protocol_version: ProtocolVersion("2025-11-25"), capabilities: ClientCapabilities { experimental: None, extensions: None, roots: None, sampling: None, elicitation: None, tasks: None }, client_info: Implementation { name: "rmcp", title: None, version: "2.2.0", description: None, icons: None, website_url: None } })
2026-10-08T05:15:36.3937540Z [2m2026-10-08T05:15:36.392336Z[0m [32m INFO[0m [2mcc_server::mcp[0m[2m:[0m MCP server started on stdio
2026-10-08T05:15:36.3949431Z [2m2026-10-08T05:15:36.394590Z[0m [32m INFO[0m [1mserve_inner[0m[2m:[0m [2mrmcp::service[0m[2m:[0m Service initialized as server [3mpeer_info[0m[2m=[0mSome(InitializeRequestParams { meta: None, protocol_version: ProtocolVersion("2025-11-25"), capabilities: ClientCapabilities { experimental: None, extensions: None, roots: None, sampling: None, elicitation: None, tasks: None }, client_info: Implementation { name: "rmcp", title: None, version: "2.2.0", description: None, icons: None, website_url: None } })
2026-10-08T05:15:36.3952264Z [2m2026-10-08T05:15:36.394736Z[0m [32m INFO[0m [2mcc_server::mcp[0m[2m:[0m MCP server started on stdio
2026-10-08T05:15:36.3967175Z [2m2026-10-08T05:15:36.396218Z[0m [32m INFO[0m [1mserve_inner[0m[2m:[0m [2mrmcp::service[0m[2m:[0m received notification [3mnotification[0m[2m=[0mInitializedNotification(NotificationNoParam { method: InitializedNotificationMethod, extensions: Extensions })
2026-10-08T05:15:36.3969966Z [2m2026-10-08T05:15:36.396332Z[0m [32m INFO[0m [1mserve_inner[0m[2m:[0m [2mrmcp::service[0m[2m:[0m received notification [3mnotification[0m[2m=[0mInitializedNotification(NotificationNoParam { method: InitializedNotificationMethod, extensions: Extensions })
2026-10-08T05:15:36.3971379Z [2m2026-10-08T05:15:36.396343Z[0m [32m INFO[0m [1mserve_inner[0m[2m:[0m [2mrmcp::handler::server[0m[2m:[0m client initialized
2026-10-08T05:15:36.3972331Z [2m2026-10-08T05:15:36.396428Z[0m [32m INFO[0m [1mserve_inner[0m[2m:[0m [2mrmcp::handler::server[0m[2m:[0m client initialized
2026-10-08T05:15:36.4018088Z [2m2026-10-08T05:15:36.401518Z[0m [33m WARN[0m [1mserve_inner[0m[2m:[0m [2mrmcp::service[0m[2m:[0m response error [3mid[0m[2m=[0m2 [3merror[0m[2m=[0mErrorData { code: ErrorCode(-32602), message: "path traversal rejected", data: None }
2026-10-08T05:15:36.4024709Z [2m2026-10-08T05:15:36.402026Z[0m [32m INFO[0m [1mserve_inner[0m[2m:[0m [2mrmcp::service[0m[2m:[0m input stream terminated
2026-10-08T05:15:36.4026945Z [2m2026-10-08T05:15:36.402083Z[0m [32m INFO[0m [1mserve_inner[0m[2m:[0m [2mrmcp::service[0m[2m:[0m serve finished [3mquit_reason[0m[2m=[0mClosed
2026-10-08T05:15:36.4028729Z [2m2026-10-08T05:15:36.402646Z[0m [32m INFO[0m [2mcc_server::mcp[0m[2m:[0m MCP server shut down gracefully
2026-10-08T05:15:36.4080959Z test p1b_stdio_symbol_mode_honors_path_scope ... ok
2026-10-08T05:15:36.4376313Z [2m2026-10-08T05:15:36.437426Z[0m [32m INFO[0m [1mserve_inner[0m[2m:[0m [2mrmcp::service[0m[2m:[0m input stream terminated
2026-10-08T05:15:36.4378219Z [2m2026-10-08T05:15:36.437485Z[0m [32m INFO[0m [1mserve_inner[0m[2m:[0m [2mrmcp::service[0m[2m:[0m serve finished [3mquit_reason[0m[2m=[0mClosed
2026-10-08T05:15:36.4387828Z [2m2026-10-08T05:15:36.437715Z[0m [32m INFO[0m [2mcc_server::mcp[0m[2m:[0m MCP server shut down gracefully
2026-10-08T05:15:36.4426663Z test p1b_stdio_boundaries_and_empty_partial ... ok
2026-10-08T05:15:36.4427115Z 
2026-10-08T05:15:36.4436046Z test result: ok. 2 passed; 0 failed; 0 ignored; 0 measured; 11 filtered out; finished in 0.38s
2026-10-08T05:15:36.4436625Z 
2026-10-08T05:15:36.5706696Z [1m[92m    Finished[0m `test` profile [unoptimized + debuginfo] target(s) in 0.11s
2026-10-08T05:15:36.5774571Z [1m[92m     Running[0m tests/p1c_contract.rs (target/debug/deps/p1c_contract-68960ddd9ab18cd6)
2026-10-08T05:15:36.5867005Z 
2026-10-08T05:15:36.5867215Z running 1 test
2026-10-08T05:15:36.6057491Z [2m2026-10-08T05:15:36.605522Z[0m [32m INFO[0m [2mcc_db::index_migrate[0m[2m:[0m initializing index schema [3mversion[0m[2m=[0m25
2026-10-08T05:15:36.6299818Z [2m2026-10-08T05:15:36.629450Z[0m [32m INFO[0m [1mserve_inner[0m[2m:[0m [2mrmcp::service[0m[2m:[0m Service initialized as server [3mpeer_info[0m[2m=[0mSome(InitializeRequestParams { meta: None, protocol_version: ProtocolVersion("2025-11-25"), capabilities: ClientCapabilities { experimental: None, extensions: None, roots: None, sampling: None, elicitation: None, tasks: None }, client_info: Implementation { name: "rmcp", title: None, version: "2.2.0", description: None, icons: None, website_url: None } })
2026-10-08T05:15:36.6302554Z [2m2026-10-08T05:15:36.629582Z[0m [32m INFO[0m [2mcc_server::mcp[0m[2m:[0m MCP server started on stdio
2026-10-08T05:15:36.6336291Z [2m2026-10-08T05:15:36.633319Z[0m [32m INFO[0m [1mserve_inner[0m[2m:[0m [2mrmcp::service[0m[2m:[0m received notification [3mnotification[0m[2m=[0mInitializedNotification(NotificationNoParam { method: InitializedNotificationMethod, extensions: Extensions })
2026-10-08T05:15:36.6338893Z [2m2026-10-08T05:15:36.633416Z[0m [32m INFO[0m [1mserve_inner[0m[2m:[0m [2mrmcp::handler::server[0m[2m:[0m client initialized
2026-10-08T05:15:36.6390218Z [2m2026-10-08T05:15:36.638827Z[0m [32m INFO[0m [2mcc_index::memory_budget[0m[2m:[0m memory budget initialized [3mtotal_ram_mb[0m[2m=[0m15989 [3mbudget_mb[0m[2m=[0m7994 [3mfraction[0m[2m=[0m0.5
2026-10-08T05:15:36.6747113Z [2m2026-10-08T05:15:36.674516Z[0m [32m INFO[0m [2mcc_db::index_db_rebuild[0m[2m:[0m full rebuild: creating temp database [3mtmp[0m[2m=[0m/tmp/.tmp6RoiZ9/.codecortex/index.sqlite3.tmp
2026-10-08T05:15:36.7388048Z [2m2026-10-08T05:15:36.738636Z[0m [32m INFO[0m [2mcc_db::index_db_rebuild[0m[2m:[0m full rebuild: writing data to temp database
2026-10-08T05:15:36.7422568Z [2m2026-10-08T05:15:36.742139Z[0m [32m INFO[0m [2mcc_db::index_db_rebuild[0m[2m:[0m full rebuild: recreating indexes
2026-10-08T05:15:36.7558510Z [2m2026-10-08T05:15:36.755719Z[0m [32m INFO[0m [2mcc_db::index_db_rebuild[0m[2m:[0m full rebuild: temp database ready for swap
2026-10-08T05:15:36.7560321Z [2m2026-10-08T05:15:36.755878Z[0m [32m INFO[0m [2mcc_index::memory_budget[0m[2m:[0m memory budget initialized [3mtotal_ram_mb[0m[2m=[0m15989 [3mbudget_mb[0m[2m=[0m7994 [3mfraction[0m[2m=[0m0.5
2026-10-08T05:15:36.7720780Z [2m2026-10-08T05:15:36.771844Z[0m [32m INFO[0m [2mcc_index::memory_budget[0m[2m:[0m memory budget initialized [3mtotal_ram_mb[0m[2m=[0m15989 [3mbudget_mb[0m[2m=[0m7994 [3mfraction[0m[2m=[0m0.5
2026-10-08T05:15:36.7768704Z [2m2026-10-08T05:15:36.776706Z[0m [32m INFO[0m [2mcc_index::memory_budget[0m[2m:[0m memory budget initialized [3mtotal_ram_mb[0m[2m=[0m15989 [3mbudget_mb[0m[2m=[0m7994 [3mfraction[0m[2m=[0m0.5
2026-10-08T05:15:36.9027927Z [2m2026-10-08T05:15:36.902517Z[0m [33m WARN[0m [1mserve_inner[0m[2m:[0m [2mrmcp::service[0m[2m:[0m response error [3mid[0m[2m=[0m32 [3merror[0m[2m=[0mErrorData { code: ErrorCode(-32602), message: "invalid mode: 'semantic' (valid: hybrid, symbol)", data: None }
2026-10-08T05:15:36.9041869Z [2m2026-10-08T05:15:36.904051Z[0m [32m INFO[0m [1mserve_inner[0m[2m:[0m [2mrmcp::service[0m[2m:[0m input stream terminated
2026-10-08T05:15:36.9043729Z [2m2026-10-08T05:15:36.904162Z[0m [32m INFO[0m [1mserve_inner[0m[2m:[0m [2mrmcp::service[0m[2m:[0m serve finished [3mquit_reason[0m[2m=[0mClosed
2026-10-08T05:15:36.9047897Z [2m2026-10-08T05:15:36.904651Z[0m [32m INFO[0m [2mcc_server::mcp[0m[2m:[0m MCP server shut down gracefully
2026-10-08T05:15:36.9101140Z test p1c_fourteen_tools_valid_unknown_schema_and_modes ... ok
2026-10-08T05:15:36.9101475Z 
2026-10-08T05:15:36.9101734Z test result: ok. 1 passed; 0 failed; 0 ignored; 0 measured; 2 filtered out; finished in 0.32s
2026-10-08T05:15:36.9102103Z 
2026-10-08T05:15:36.9109187Z [1m[92m     Running[0m tests/p1c_retrieval.rs (target/debug/deps/p1c_retrieval-4bdb182e37a4b352)
2026-10-08T05:15:36.9258869Z 
2026-10-08T05:15:36.9259051Z running 1 test
2026-10-08T05:15:37.2339541Z [2m2026-10-08T05:15:37.233452Z[0m [32m INFO[0m [1mserve_inner[0m[2m:[0m [2mrmcp::service[0m[2m:[0m Service initialized as server [3mpeer_info[0m[2m=[0mSome(InitializeRequestParams { meta: None, protocol_version: ProtocolVersion("2025-11-25"), capabilities: ClientCapabilities { experimental: None, extensions: None, roots: None, sampling: None, elicitation: None, tasks: None }, client_info: Implementation { name: "rmcp", title: None, version: "2.2.0", description: None, icons: None, website_url: None } })
2026-10-08T05:15:37.2342452Z [2m2026-10-08T05:15:37.233736Z[0m [32m INFO[0m [2mcc_server::mcp[0m[2m:[0m MCP server started on stdio
2026-10-08T05:15:37.2360889Z [2m2026-10-08T05:15:37.235790Z[0m [32m INFO[0m [1mserve_inner[0m[2m:[0m [2mrmcp::service[0m[2m:[0m received notification [3mnotification[0m[2m=[0mInitializedNotification(NotificationNoParam { method: InitializedNotificationMethod, extensions: Extensions })
2026-10-08T05:15:37.2362987Z [2m2026-10-08T05:15:37.235903Z[0m [32m INFO[0m [1mserve_inner[0m[2m:[0m [2mrmcp::handler::server[0m[2m:[0m client initialized
2026-10-08T05:15:37.2909102Z [2m2026-10-08T05:15:37.290573Z[0m [32m INFO[0m [1mserve_inner[0m[2m:[0m [2mrmcp::service[0m[2m:[0m input stream terminated
2026-10-08T05:15:37.2911016Z [2m2026-10-08T05:15:37.290641Z[0m [32m INFO[0m [1mserve_inner[0m[2m:[0m [2mrmcp::service[0m[2m:[0m serve finished [3mquit_reason[0m[2m=[0mClosed
2026-10-08T05:15:37.2912898Z [2m2026-10-08T05:15:37.290889Z[0m [32m INFO[0m [2mcc_server::mcp[0m[2m:[0m MCP server shut down gracefully
2026-10-08T05:15:37.2975555Z test p1c_stdio_scope_explain_survives_cache_and_redacts_hints ... ok
2026-10-08T05:15:37.2976163Z 
2026-10-08T05:15:37.2976818Z test result: ok. 1 passed; 0 failed; 0 ignored; 0 measured; 4 filtered out; finished in 0.37s
2026-10-08T05:15:37.2977420Z 
2026-10-08T05:15:37.4237124Z [1m[92m    Finished[0m `test` profile [unoptimized + debuginfo] target(s) in 0.11s
2026-10-08T05:15:37.4301736Z [1m[92m     Running[0m tests/p1d_concurrency.rs (target/debug/deps/p1d_concurrency-aa92959b85963eae)
2026-10-08T05:15:37.4430381Z 
2026-10-08T05:15:37.4430651Z running 1 test
2026-10-08T05:15:37.4669527Z [2m2026-10-08T05:15:37.466742Z[0m [32m INFO[0m [2mcc_db::index_migrate[0m[2m:[0m initializing index schema [3mversion[0m[2m=[0m25
2026-10-08T05:15:37.4880069Z [2m2026-10-08T05:15:37.487637Z[0m [32m INFO[0m [1mserve_inner[0m[2m:[0m [2mrmcp::service[0m[2m:[0m Service initialized as server [3mpeer_info[0m[2m=[0mSome(InitializeRequestParams { meta: None, protocol_version: ProtocolVersion("2025-11-25"), capabilities: ClientCapabilities { experimental: None, extensions: None, roots: None, sampling: None, elicitation: None, tasks: None }, client_info: Implementation { name: "rmcp", title: None, version: "2.2.0", description: None, icons: None, website_url: None } })
2026-10-08T05:15:37.4882440Z [2m2026-10-08T05:15:37.487726Z[0m [32m INFO[0m [2mcc_server::mcp[0m[2m:[0m MCP server started on stdio
2026-10-08T05:15:37.4929335Z [2m2026-10-08T05:15:37.492671Z[0m [32m INFO[0m [1mserve_inner[0m[2m:[0m [2mrmcp::service[0m[2m:[0m received notification [3mnotification[0m[2m=[0mInitializedNotification(NotificationNoParam { method: InitializedNotificationMethod, extensions: Extensions })
2026-10-08T05:15:37.4931077Z [2m2026-10-08T05:15:37.492793Z[0m [32m INFO[0m [1mserve_inner[0m[2m:[0m [2mrmcp::handler::server[0m[2m:[0m client initialized
2026-10-08T05:15:37.4962117Z [2m2026-10-08T05:15:37.496003Z[0m [32m INFO[0m [2mcc_index::memory_budget[0m[2m:[0m memory budget initialized [3mtotal_ram_mb[0m[2m=[0m15989 [3mbudget_mb[0m[2m=[0m7994 [3mfraction[0m[2m=[0m0.5
2026-10-08T05:15:37.5355387Z [2m2026-10-08T05:15:37.535275Z[0m [32m INFO[0m [2mcc_db::index_db_rebuild[0m[2m:[0m full rebuild: creating temp database [3mtmp[0m[2m=[0m/tmp/.tmpmxZvXR/.codecortex/index.sqlite3.tmp
2026-10-08T05:15:37.5980743Z [2m2026-10-08T05:15:37.597865Z[0m [32m INFO[0m [2mcc_db::index_db_rebuild[0m[2m:[0m full rebuild: writing data to temp database
2026-10-08T05:15:37.6065619Z [2m2026-10-08T05:15:37.606369Z[0m [32m INFO[0m [2mcc_db::index_db_rebuild[0m[2m:[0m full rebuild: recreating indexes
2026-10-08T05:15:37.6198848Z [2m2026-10-08T05:15:37.619752Z[0m [32m INFO[0m [2mcc_db::index_db_rebuild[0m[2m:[0m full rebuild: temp database ready for swap
2026-10-08T05:15:37.6201019Z [2m2026-10-08T05:15:37.619967Z[0m [32m INFO[0m [2mcc_index::memory_budget[0m[2m:[0m memory budget initialized [3mtotal_ram_mb[0m[2m=[0m15989 [3mbudget_mb[0m[2m=[0m7994 [3mfraction[0m[2m=[0m0.5
2026-10-08T05:15:37.6333443Z [2m2026-10-08T05:15:37.633164Z[0m [32m INFO[0m [2mcc_index::memory_budget[0m[2m:[0m memory budget initialized [3mtotal_ram_mb[0m[2m=[0m15989 [3mbudget_mb[0m[2m=[0m7994 [3mfraction[0m[2m=[0m0.5
2026-10-08T05:15:37.6377026Z [2m2026-10-08T05:15:37.637535Z[0m [32m INFO[0m [2mcc_index::memory_budget[0m[2m:[0m memory budget initialized [3mtotal_ram_mb[0m[2m=[0m15989 [3mbudget_mb[0m[2m=[0m7994 [3mfraction[0m[2m=[0m0.5
2026-10-08T05:15:37.6667731Z [2m2026-10-08T05:15:37.666462Z[0m [32m INFO[0m [2mcc_index::memory_budget[0m[2m:[0m memory budget initialized [3mtotal_ram_mb[0m[2m=[0m15989 [3mbudget_mb[0m[2m=[0m7994 [3mfraction[0m[2m=[0m0.5
2026-10-08T05:15:37.6860754Z [2m2026-10-08T05:15:37.685817Z[0m [32m INFO[0m [2mcc_index::memory_budget[0m[2m:[0m memory budget initialized [3mtotal_ram_mb[0m[2m=[0m15989 [3mbudget_mb[0m[2m=[0m7994 [3mfraction[0m[2m=[0m0.5
2026-10-08T05:15:37.6967707Z [2m2026-10-08T05:15:37.696559Z[0m [32m INFO[0m [2mcc_index::indexer_phases::write[0m[2m:[0m generated hierarchy edges [3mcount[0m[2m=[0m2
2026-10-08T05:15:37.6992626Z [2m2026-10-08T05:15:37.699013Z[0m [32m INFO[0m [2mcc_index::memory_budget[0m[2m:[0m memory budget initialized [3mtotal_ram_mb[0m[2m=[0m15989 [3mbudget_mb[0m[2m=[0m7994 [3mfraction[0m[2m=[0m0.5
2026-10-08T05:15:37.7027746Z [2m2026-10-08T05:15:37.702539Z[0m [32m INFO[0m [2mcc_index::memory_budget[0m[2m:[0m memory budget initialized [3mtotal_ram_mb[0m[2m=[0m15989 [3mbudget_mb[0m[2m=[0m7994 [3mfraction[0m[2m=[0m0.5
2026-10-08T05:15:37.7056375Z [2m2026-10-08T05:15:37.705386Z[0m [32m INFO[0m [2mcc_index::memory_budget[0m[2m:[0m memory budget initialized [3mtotal_ram_mb[0m[2m=[0m15989 [3mbudget_mb[0m[2m=[0m7994 [3mfraction[0m[2m=[0m0.5
2026-10-08T05:15:37.7113911Z [2m2026-10-08T05:15:37.711136Z[0m [32m INFO[0m [2mcc_index::memory_budget[0m[2m:[0m memory budget initialized [3mtotal_ram_mb[0m[2m=[0m15989 [3mbudget_mb[0m[2m=[0m7994 [3mfraction[0m[2m=[0m0.5
2026-10-08T05:15:37.7140429Z [2m2026-10-08T05:15:37.713841Z[0m [32m INFO[0m [2mcc_index::indexer_phases::write[0m[2m:[0m generated hierarchy edges [3mcount[0m[2m=[0m2
2026-10-08T05:15:37.7150286Z [2m2026-10-08T05:15:37.714786Z[0m [32m INFO[0m [2mcc_index::memory_budget[0m[2m:[0m memory budget initialized [3mtotal_ram_mb[0m[2m=[0m15989 [3mbudget_mb[0m[2m=[0m7994 [3mfraction[0m[2m=[0m0.5
2026-10-08T05:15:37.7183621Z [2m2026-10-08T05:15:37.718107Z[0m [32m INFO[0m [2mcc_index::memory_budget[0m[2m:[0m memory budget initialized [3mtotal_ram_mb[0m[2m=[0m15989 [3mbudget_mb[0m[2m=[0m7994 [3mfraction[0m[2m=[0m0.5
2026-10-08T05:15:37.7209593Z [2m2026-10-08T05:15:37.720722Z[0m [32m INFO[0m [2mcc_index::memory_budget[0m[2m:[0m memory budget initialized [3mtotal_ram_mb[0m[2m=[0m15989 [3mbudget_mb[0m[2m=[0m7994 [3mfraction[0m[2m=[0m0.5
2026-10-08T05:15:37.7266300Z [2m2026-10-08T05:15:37.726372Z[0m [32m INFO[0m [2mcc_index::memory_budget[0m[2m:[0m memory budget initialized [3mtotal_ram_mb[0m[2m=[0m15989 [3mbudget_mb[0m[2m=[0m7994 [3mfraction[0m[2m=[0m0.5
2026-10-08T05:15:37.7333251Z [2m2026-10-08T05:15:37.733127Z[0m [32m INFO[0m [2mcc_index::indexer_phases::write[0m[2m:[0m generated hierarchy edges [3mcount[0m[2m=[0m2
2026-10-08T05:15:37.7406733Z [2m2026-10-08T05:15:37.740385Z[0m [32m INFO[0m [2mcc_index::memory_budget[0m[2m:[0m memory budget initialized [3mtotal_ram_mb[0m[2m=[0m15989 [3mbudget_mb[0m[2m=[0m7994 [3mfraction[0m[2m=[0m0.5
2026-10-08T05:15:37.7475988Z [2m2026-10-08T05:15:37.747344Z[0m [32m INFO[0m [2mcc_index::memory_budget[0m[2m:[0m memory budget initialized [3mtotal_ram_mb[0m[2m=[0m15989 [3mbudget_mb[0m[2m=[0m7994 [3mfraction[0m[2m=[0m0.5
2026-10-08T05:15:37.7506303Z [2m2026-10-08T05:15:37.750426Z[0m [32m INFO[0m [2mcc_index::memory_budget[0m[2m:[0m memory budget initialized [3mtotal_ram_mb[0m[2m=[0m15989 [3mbudget_mb[0m[2m=[0m7994 [3mfraction[0m[2m=[0m0.5
2026-10-08T05:15:37.7587305Z [2m2026-10-08T05:15:37.758568Z[0m [32m INFO[0m [2mcc_index::memory_budget[0m[2m:[0m memory budget initialized [3mtotal_ram_mb[0m[2m=[0m15989 [3mbudget_mb[0m[2m=[0m7994 [3mfraction[0m[2m=[0m0.5
2026-10-08T05:15:37.7618500Z [2m2026-10-08T05:15:37.761726Z[0m [32m INFO[0m [2mcc_index::indexer_phases::write[0m[2m:[0m generated hierarchy edges [3mcount[0m[2m=[0m2
2026-10-08T05:15:37.7627813Z [2m2026-10-08T05:15:37.762613Z[0m [32m INFO[0m [2mcc_index::memory_budget[0m[2m:[0m memory budget initialized [3mtotal_ram_mb[0m[2m=[0m15989 [3mbudget_mb[0m[2m=[0m7994 [3mfraction[0m[2m=[0m0.5
2026-10-08T05:15:37.7660132Z [2m2026-10-08T05:15:37.765840Z[0m [32m INFO[0m [2mcc_index::memory_budget[0m[2m:[0m memory budget initialized [3mtotal_ram_mb[0m[2m=[0m15989 [3mbudget_mb[0m[2m=[0m7994 [3mfraction[0m[2m=[0m0.5
2026-10-08T05:15:37.7684384Z [2m2026-10-08T05:15:37.768234Z[0m [32m INFO[0m [2mcc_index::memory_budget[0m[2m:[0m memory budget initialized [3mtotal_ram_mb[0m[2m=[0m15989 [3mbudget_mb[0m[2m=[0m7994 [3mfraction[0m[2m=[0m0.5
2026-10-08T05:15:37.7724786Z [2m2026-10-08T05:15:37.772274Z[0m [32m INFO[0m [2mcc_index::memory_budget[0m[2m:[0m memory budget initialized [3mtotal_ram_mb[0m[2m=[0m15989 [3mbudget_mb[0m[2m=[0m7994 [3mfraction[0m[2m=[0m0.5
2026-10-08T05:15:37.7749118Z [2m2026-10-08T05:15:37.774731Z[0m [32m INFO[0m [2mcc_index::indexer_phases::write[0m[2m:[0m generated hierarchy edges [3mcount[0m[2m=[0m2
2026-10-08T05:15:37.7758021Z [2m2026-10-08T05:15:37.775593Z[0m [32m INFO[0m [2mcc_index::memory_budget[0m[2m:[0m memory budget initialized [3mtotal_ram_mb[0m[2m=[0m15989 [3mbudget_mb[0m[2m=[0m7994 [3mfraction[0m[2m=[0m0.5
2026-10-08T05:15:37.7790130Z [2m2026-10-08T05:15:37.778783Z[0m [32m INFO[0m [2mcc_index::memory_budget[0m[2m:[0m memory budget initialized [3mtotal_ram_mb[0m[2m=[0m15989 [3mbudget_mb[0m[2m=[0m7994 [3mfraction[0m[2m=[0m0.5
2026-10-08T05:15:37.7813457Z [2m2026-10-08T05:15:37.781148Z[0m [32m INFO[0m [2mcc_index::memory_budget[0m[2m:[0m memory budget initialized [3mtotal_ram_mb[0m[2m=[0m15989 [3mbudget_mb[0m[2m=[0m7994 [3mfraction[0m[2m=[0m0.5
2026-10-08T05:15:37.7877599Z [2m2026-10-08T05:15:37.787596Z[0m [32m INFO[0m [2mcc_index::memory_budget[0m[2m:[0m memory budget initialized [3mtotal_ram_mb[0m[2m=[0m15989 [3mbudget_mb[0m[2m=[0m7994 [3mfraction[0m[2m=[0m0.5
2026-10-08T05:15:37.7920784Z [2m2026-10-08T05:15:37.791941Z[0m [32m INFO[0m [2mcc_index::indexer_phases::write[0m[2m:[0m generated hierarchy edges [3mcount[0m[2m=[0m2
2026-10-08T05:15:37.7946358Z [2m2026-10-08T05:15:37.794412Z[0m [32m INFO[0m [2mcc_index::memory_budget[0m[2m:[0m memory budget initialized [3mtotal_ram_mb[0m[2m=[0m15989 [3mbudget_mb[0m[2m=[0m7994 [3mfraction[0m[2m=[0m0.5
2026-10-08T05:15:37.7979905Z [2m2026-10-08T05:15:37.797742Z[0m [32m INFO[0m [2mcc_index::memory_budget[0m[2m:[0m memory budget initialized [3mtotal_ram_mb[0m[2m=[0m15989 [3mbudget_mb[0m[2m=[0m7994 [3mfraction[0m[2m=[0m0.5
2026-10-08T05:15:37.8004899Z [2m2026-10-08T05:15:37.800245Z[0m [32m INFO[0m [2mcc_index::memory_budget[0m[2m:[0m memory budget initialized [3mtotal_ram_mb[0m[2m=[0m15989 [3mbudget_mb[0m[2m=[0m7994 [3mfraction[0m[2m=[0m0.5
2026-10-08T05:15:37.8049250Z [2m2026-10-08T05:15:37.804676Z[0m [32m INFO[0m [2mcc_index::memory_budget[0m[2m:[0m memory budget initialized [3mtotal_ram_mb[0m[2m=[0m15989 [3mbudget_mb[0m[2m=[0m7994 [3mfraction[0m[2m=[0m0.5
2026-10-08T05:15:37.8074901Z [2m2026-10-08T05:15:37.807287Z[0m [32m INFO[0m [2mcc_index::indexer_phases::write[0m[2m:[0m generated hierarchy edges [3mcount[0m[2m=[0m2
2026-10-08T05:15:37.8084677Z [2m2026-10-08T05:15:37.808223Z[0m [32m INFO[0m [2mcc_index::memory_budget[0m[2m:[0m memory budget initialized [3mtotal_ram_mb[0m[2m=[0m15989 [3mbudget_mb[0m[2m=[0m7994 [3mfraction[0m[2m=[0m0.5
2026-10-08T05:15:37.8116757Z [2m2026-10-08T05:15:37.811402Z[0m [32m INFO[0m [2mcc_index::memory_budget[0m[2m:[0m memory budget initialized [3mtotal_ram_mb[0m[2m=[0m15989 [3mbudget_mb[0m[2m=[0m7994 [3mfraction[0m[2m=[0m0.5
2026-10-08T05:15:37.8141365Z [2m2026-10-08T05:15:37.813914Z[0m [32m INFO[0m [2mcc_index::memory_budget[0m[2m:[0m memory budget initialized [3mtotal_ram_mb[0m[2m=[0m15989 [3mbudget_mb[0m[2m=[0m7994 [3mfraction[0m[2m=[0m0.5
2026-10-08T05:15:37.8272321Z [2m2026-10-08T05:15:37.827049Z[0m [32m INFO[0m [2mcc_index::memory_budget[0m[2m:[0m memory budget initialized [3mtotal_ram_mb[0m[2m=[0m15989 [3mbudget_mb[0m[2m=[0m7994 [3mfraction[0m[2m=[0m0.5
2026-10-08T05:15:37.8311807Z [2m2026-10-08T05:15:37.830993Z[0m [32m INFO[0m [2mcc_index::indexer_phases::write[0m[2m:[0m generated hierarchy edges [3mcount[0m[2m=[0m2
2026-10-08T05:15:37.8337374Z [2m2026-10-08T05:15:37.833536Z[0m [32m INFO[0m [2mcc_index::memory_budget[0m[2m:[0m memory budget initialized [3mtotal_ram_mb[0m[2m=[0m15989 [3mbudget_mb[0m[2m=[0m7994 [3mfraction[0m[2m=[0m0.5
2026-10-08T05:15:37.8371470Z [2m2026-10-08T05:15:37.836976Z[0m [32m INFO[0m [2mcc_index::memory_budget[0m[2m:[0m memory budget initialized [3mtotal_ram_mb[0m[2m=[0m15989 [3mbudget_mb[0m[2m=[0m7994 [3mfraction[0m[2m=[0m0.5
2026-10-08T05:15:38.4351678Z [2m2026-10-08T05:15:38.434864Z[0m [32m INFO[0m [1mserve_inner[0m[2m:[0m [2mrmcp::service[0m[2m:[0m input stream terminated
2026-10-08T05:15:38.4353373Z [2m2026-10-08T05:15:38.435124Z[0m [32m INFO[0m [1mserve_inner[0m[2m:[0m [2mrmcp::service[0m[2m:[0m serve finished [3mquit_reason[0m[2m=[0mClosed
2026-10-08T05:15:38.4355962Z [2m2026-10-08T05:15:38.435378Z[0m [32m INFO[0m [2mcc_server::mcp[0m[2m:[0m MCP server shut down gracefully
2026-10-08T05:15:38.4443102Z test p1d_mcp_concurrent_search_and_incremental_calls_keep_scope ... ok
2026-10-08T05:15:38.4443630Z 
2026-10-08T05:15:38.4444063Z test result: ok. 1 passed; 0 failed; 0 ignored; 0 measured; 4 filtered out; finished in 1.00s
2026-10-08T05:15:38.4444625Z 
2026-10-08T05:15:38.4453093Z [1m[92m     Running[0m tests/p1d_cost.rs (target/debug/deps/p1d_cost-73e8ebb7eb08ea50)
2026-10-08T05:15:38.4607789Z 
2026-10-08T05:15:38.4608223Z running 1 test
2026-10-08T05:15:38.7560457Z [2m2026-10-08T05:15:38.755377Z[0m [32m INFO[0m [1mserve_inner[0m[2m:[0m [2mrmcp::service[0m[2m:[0m Service initialized as server [3mpeer_info[0m[2m=[0mSome(InitializeRequestParams { meta: None, protocol_version: ProtocolVersion("2025-11-25"), capabilities: ClientCapabilities { experimental: None, extensions: None, roots: None, sampling: None, elicitation: None, tasks: None }, client_info: Implementation { name: "rmcp", title: None, version: "2.2.0", description: None, icons: None, website_url: None } })
2026-10-08T05:15:38.7564527Z [2m2026-10-08T05:15:38.755486Z[0m [32m INFO[0m [2mcc_server::mcp[0m[2m:[0m MCP server started on stdio
2026-10-08T05:15:38.7568849Z [2m2026-10-08T05:15:38.756700Z[0m [32m INFO[0m [2mcc_server::watcher[0m[2m:[0m watcher: counted project files for adaptive debounce [3mfile_count[0m[2m=[0m2
2026-10-08T05:15:38.7570196Z [2m2026-10-08T05:15:38.756725Z[0m [32m INFO[0m [2mcc_server::watcher[0m[2m:[0m watcher: adaptive debounce interval computed [3mdebounce_ms[0m[2m=[0m500
2026-10-08T05:15:38.7573596Z [2m2026-10-08T05:15:38.757238Z[0m [32m INFO[0m [2mcc_server::project_session[0m[2m:[0m watcher native subscription ready [3mnative_start_ms[0m[2m=[0m2
2026-10-08T05:15:38.7579440Z [2m2026-10-08T05:15:38.757663Z[0m [32m INFO[0m [1mserve_inner[0m[2m:[0m [2mrmcp::service[0m[2m:[0m received notification [3mnotification[0m[2m=[0mInitializedNotification(NotificationNoParam { method: InitializedNotificationMethod, extensions: Extensions })
2026-10-08T05:15:38.7581890Z [2m2026-10-08T05:15:38.757762Z[0m [32m INFO[0m [1mserve_inner[0m[2m:[0m [2mrmcp::handler::server[0m[2m:[0m client initialized
2026-10-08T05:15:38.7592686Z [2m2026-10-08T05:15:38.759026Z[0m [32m INFO[0m [2mcc_index::memory_budget[0m[2m:[0m memory budget initialized [3mtotal_ram_mb[0m[2m=[0m15989 [3mbudget_mb[0m[2m=[0m7994 [3mfraction[0m[2m=[0m0.5
2026-10-08T05:15:38.7614710Z [2m2026-10-08T05:15:38.761291Z[0m [32m INFO[0m [2mcc_server::watcher[0m[2m:[0m watcher: counted project files for adaptive debounce [3mfile_count[0m[2m=[0m2
2026-10-08T05:15:38.7617265Z [2m2026-10-08T05:15:38.761314Z[0m [32m INFO[0m [2mcc_server::watcher[0m[2m:[0m watcher: adaptive debounce interval computed [3mdebounce_ms[0m[2m=[0m500
2026-10-08T05:15:38.7619466Z [2m2026-10-08T05:15:38.761725Z[0m [32m INFO[0m [2mcc_server::project_session[0m[2m:[0m watcher native subscription ready [3mnative_start_ms[0m[2m=[0m2
2026-10-08T05:15:38.7970260Z [2m2026-10-08T05:15:38.796780Z[0m [32m INFO[0m [2mcc_db::index_db_rebuild[0m[2m:[0m full rebuild: creating temp database [3mtmp[0m[2m=[0m/tmp/.tmpbgGzT5/.codecortex/index.sqlite3.tmp
2026-10-08T05:15:38.8721602Z [2m2026-10-08T05:15:38.871941Z[0m [32m INFO[0m [2mcc_db::index_db_rebuild[0m[2m:[0m full rebuild: writing data to temp database
2026-10-08T05:15:38.8764774Z [2m2026-10-08T05:15:38.876287Z[0m [32m INFO[0m [2mcc_db::index_db_rebuild[0m[2m:[0m full rebuild: recreating indexes
2026-10-08T05:15:38.8968183Z [2m2026-10-08T05:15:38.896635Z[0m [32m INFO[0m [2mcc_db::index_db_rebuild[0m[2m:[0m full rebuild: temp database ready for swap
2026-10-08T05:15:38.8970658Z [2m2026-10-08T05:15:38.896798Z[0m [32m INFO[0m [2mcc_index::memory_budget[0m[2m:[0m memory budget initialized [3mtotal_ram_mb[0m[2m=[0m15989 [3mbudget_mb[0m[2m=[0m7994 [3mfraction[0m[2m=[0m0.5
2026-10-08T05:15:38.9287270Z [2m2026-10-08T05:15:38.928015Z[0m [32m INFO[0m [2mcc_index::memory_budget[0m[2m:[0m memory budget initialized [3mtotal_ram_mb[0m[2m=[0m15989 [3mbudget_mb[0m[2m=[0m7994 [3mfraction[0m[2m=[0m0.5
2026-10-08T05:15:38.9330912Z [2m2026-10-08T05:15:38.932887Z[0m [32m INFO[0m [2mcc_index::memory_budget[0m[2m:[0m memory budget initialized [3mtotal_ram_mb[0m[2m=[0m15989 [3mbudget_mb[0m[2m=[0m7994 [3mfraction[0m[2m=[0m0.5
2026-10-08T05:15:39.0027082Z [2m2026-10-08T05:15:39.002467Z[0m [32m INFO[0m [1mserve_inner[0m[2m:[0m [2mrmcp::service[0m[2m:[0m input stream terminated
2026-10-08T05:15:39.0028838Z [2m2026-10-08T05:15:39.002587Z[0m [32m INFO[0m [1mserve_inner[0m[2m:[0m [2mrmcp::service[0m[2m:[0m serve finished [3mquit_reason[0m[2m=[0mClosed
2026-10-08T05:15:39.7622413Z [2m2026-10-08T05:15:39.761969Z[0m [32m INFO[0m [2mcc_server::mcp[0m[2m:[0m MCP server shut down gracefully
2026-10-08T05:15:39.7691106Z test p1d_mcp_cost_receipts_are_preserved_on_cache_hits ... ok
2026-10-08T05:15:39.7691605Z 
2026-10-08T05:15:39.7691934Z test result: ok. 1 passed; 0 failed; 0 ignored; 0 measured; 5 filtered out; finished in 1.31s
2026-10-08T05:15:39.7705622Z 
2026-10-08T05:15:39.7713180Z [1m[92m     Running[0m tests/p1d_docs.rs (target/debug/deps/p1d_docs-d629c6fbd40dfe84)
2026-10-08T05:15:39.7809964Z 
2026-10-08T05:15:39.7810127Z running 1 test
2026-10-08T05:15:39.8029082Z [2m2026-10-08T05:15:39.802750Z[0m [32m INFO[0m [2mcc_db::index_migrate[0m[2m:[0m initializing index schema [3mversion[0m[2m=[0m25
2026-10-08T05:15:39.8262848Z [2m2026-10-08T05:15:39.825816Z[0m [32m INFO[0m [1mserve_inner[0m[2m:[0m [2mrmcp::service[0m[2m:[0m Service initialized as server [3mpeer_info[0m[2m=[0mSome(InitializeRequestParams { meta: None, protocol_version: ProtocolVersion("2025-11-25"), capabilities: ClientCapabilities { experimental: None, extensions: None, roots: None, sampling: None, elicitation: None, tasks: None }, client_info: Implementation { name: "rmcp", title: None, version: "2.2.0", description: None, icons: None, website_url: None } })
2026-10-08T05:15:39.8265597Z [2m2026-10-08T05:15:39.825918Z[0m [32m INFO[0m [2mcc_server::mcp[0m[2m:[0m MCP server started on stdio
2026-10-08T05:15:39.8289302Z [2m2026-10-08T05:15:39.828663Z[0m [32m INFO[0m [1mserve_inner[0m[2m:[0m [2mrmcp::service[0m[2m:[0m received notification [3mnotification[0m[2m=[0mInitializedNotification(NotificationNoParam { method: InitializedNotificationMethod, extensions: Extensions })
2026-10-08T05:15:39.8290789Z [2m2026-10-08T05:15:39.828780Z[0m [32m INFO[0m [1mserve_inner[0m[2m:[0m [2mrmcp::handler::server[0m[2m:[0m client initialized
2026-10-08T05:15:39.8303536Z [2m2026-10-08T05:15:39.830125Z[0m [32m INFO[0m [2mcc_index::memory_budget[0m[2m:[0m memory budget initialized [3mtotal_ram_mb[0m[2m=[0m15989 [3mbudget_mb[0m[2m=[0m7994 [3mfraction[0m[2m=[0m0.5
2026-10-08T05:15:39.8663845Z [2m2026-10-08T05:15:39.866131Z[0m [32m INFO[0m [2mcc_db::index_db_rebuild[0m[2m:[0m full rebuild: creating temp database [3mtmp[0m[2m=[0m/tmp/.tmpGpugja/.codecortex/index.sqlite3.tmp
2026-10-08T05:15:39.9332528Z [2m2026-10-08T05:15:39.933039Z[0m [32m INFO[0m [2mcc_db::index_db_rebuild[0m[2m:[0m full rebuild: writing data to temp database
2026-10-08T05:15:39.9366069Z [2m2026-10-08T05:15:39.936388Z[0m [32m INFO[0m [2mcc_db::index_db_rebuild[0m[2m:[0m full rebuild: recreating indexes
2026-10-08T05:15:39.9502058Z [2m2026-10-08T05:15:39.950023Z[0m [32m INFO[0m [2mcc_db::index_db_rebuild[0m[2m:[0m full rebuild: temp database ready for swap
2026-10-08T05:15:39.9504168Z [2m2026-10-08T05:15:39.950175Z[0m [32m INFO[0m [2mcc_index::memory_budget[0m[2m:[0m memory budget initialized [3mtotal_ram_mb[0m[2m=[0m15989 [3mbudget_mb[0m[2m=[0m7994 [3mfraction[0m[2m=[0m0.5
2026-10-08T05:15:39.9659709Z [2m2026-10-08T05:15:39.965734Z[0m [32m INFO[0m [2mcc_index::memory_budget[0m[2m:[0m memory budget initialized [3mtotal_ram_mb[0m[2m=[0m15989 [3mbudget_mb[0m[2m=[0m7994 [3mfraction[0m[2m=[0m0.5
2026-10-08T05:15:39.9705249Z [2m2026-10-08T05:15:39.970321Z[0m [32m INFO[0m [2mcc_index::memory_budget[0m[2m:[0m memory budget initialized [3mtotal_ram_mb[0m[2m=[0m15989 [3mbudget_mb[0m[2m=[0m7994 [3mfraction[0m[2m=[0m0.5
2026-10-08T05:15:40.0054164Z [2m2026-10-08T05:15:40.005210Z[0m [32m INFO[0m [1mserve_inner[0m[2m:[0m [2mrmcp::service[0m[2m:[0m input stream terminated
2026-10-08T05:15:40.0056338Z [2m2026-10-08T05:15:40.005271Z[0m [32m INFO[0m [1mserve_inner[0m[2m:[0m [2mrmcp::service[0m[2m:[0m serve finished [3mquit_reason[0m[2m=[0mClosed
2026-10-08T05:15:40.0058000Z [2m2026-10-08T05:15:40.005515Z[0m [32m INFO[0m [2mcc_server::mcp[0m[2m:[0m MCP server shut down gracefully
2026-10-08T05:15:40.0100961Z test p1d_documented_search_requests_respect_actual_scope_and_wire_shapes ... ok
2026-10-08T05:15:40.0101313Z 
2026-10-08T05:15:40.0101566Z test result: ok. 1 passed; 0 failed; 0 ignored; 0 measured; 1 filtered out; finished in 0.23s
2026-10-08T05:15:40.0101906Z 
2026-10-08T05:15:40.0215267Z ##[group]Run CODECORTEX_BENCH_BINARY="$RUNNER_TEMP/p7-017-default/codecortex" \
2026-10-08T05:15:40.0216407Z [36;1mCODECORTEX_BENCH_BINARY="$RUNNER_TEMP/p7-017-default/codecortex" \[0m
2026-10-08T05:15:40.0217354Z [36;1m  cargo test -p cc-eval --test p2a_incremental --locked -- --ignored[0m
2026-10-08T05:15:40.1255930Z shell: /usr/bin/bash -e {0}
2026-10-08T05:15:40.1256222Z env:
2026-10-08T05:15:40.1256445Z   CARGO_TERM_COLOR: always
2026-10-08T05:15:40.1256732Z   RUSTFLAGS: -D warnings
2026-10-08T05:15:40.1257002Z   CARGO_HOME: /home/runner/.cargo
2026-10-08T05:15:40.1257288Z   CARGO_INCREMENTAL: 0
2026-10-08T05:15:40.1257534Z   CACHE_ON_FAILURE: false
2026-10-08T05:15:40.1257790Z ##[endgroup]
2026-10-08T05:15:40.2560277Z [1m[92m    Finished[0m `test` profile [unoptimized + debuginfo] target(s) in 0.11s
2026-10-08T05:15:40.2622430Z [1m[92m     Running[0m tests/p2a_incremental.rs (target/debug/deps/p2a_incremental-ce5976a5a977080a)
2026-10-08T05:15:40.2804544Z 
2026-10-08T05:15:40.2804996Z running 1 test
2026-10-08T05:15:40.3099441Z [2m2026-10-08T05:15:40.309751Z[0m [32m INFO[0m [2mcc_db::index_migrate[0m[2m:[0m initializing index schema [3mversion[0m[2m=[0m25
2026-10-08T05:15:40.3329222Z [2m2026-10-08T05:15:40.332526Z[0m [32m INFO[0m [1mserve_inner[0m[2m:[0m [2mrmcp::service[0m[2m:[0m Service initialized as server [3mpeer_info[0m[2m=[0mSome(InitializeRequestParams { meta: None, protocol_version: ProtocolVersion("2025-11-25"), capabilities: ClientCapabilities { experimental: None, extensions: None, roots: None, sampling: None, elicitation: None, tasks: None }, client_info: Implementation { name: "rmcp", title: None, version: "2.2.0", description: None, icons: None, website_url: None } })
2026-10-08T05:15:40.3331895Z [2m2026-10-08T05:15:40.332612Z[0m [32m INFO[0m [2mcc_server::mcp[0m[2m:[0m MCP server started on stdio
2026-10-08T05:15:40.3450727Z [2m2026-10-08T05:15:40.344743Z[0m [32m INFO[0m [1mserve_inner[0m[2m:[0m [2mrmcp::service[0m[2m:[0m received notification [3mnotification[0m[2m=[0mInitializedNotification(NotificationNoParam { method: InitializedNotificationMethod, extensions: Extensions })
2026-10-08T05:15:40.3452737Z [2m2026-10-08T05:15:40.344877Z[0m [32m INFO[0m [1mserve_inner[0m[2m:[0m [2mrmcp::handler::server[0m[2m:[0m client initialized
2026-10-08T05:15:40.3531699Z [2m2026-10-08T05:15:40.352942Z[0m [32m INFO[0m [2mcc_index::memory_budget[0m[2m:[0m memory budget initialized [3mtotal_ram_mb[0m[2m=[0m15989 [3mbudget_mb[0m[2m=[0m7994 [3mfraction[0m[2m=[0m0.5
2026-10-08T05:15:40.3896836Z [2m2026-10-08T05:15:40.389410Z[0m [32m INFO[0m [2mcc_db::index_db_rebuild[0m[2m:[0m full rebuild: creating temp database [3mtmp[0m[2m=[0m/tmp/.tmpxZFNwS/.codecortex/index.sqlite3.tmp
2026-10-08T05:15:40.4540920Z [2m2026-10-08T05:15:40.453864Z[0m [32m INFO[0m [2mcc_db::index_db_rebuild[0m[2m:[0m full rebuild: writing data to temp database
2026-10-08T05:15:40.4589790Z [2m2026-10-08T05:15:40.458825Z[0m [32m INFO[0m [2mcc_db::index_db_rebuild[0m[2m:[0m full rebuild: recreating indexes
2026-10-08T05:15:40.4740483Z [2m2026-10-08T05:15:40.473887Z[0m [32m INFO[0m [2mcc_db::index_db_rebuild[0m[2m:[0m full rebuild: temp database ready for swap
2026-10-08T05:15:40.4742168Z [2m2026-10-08T05:15:40.474078Z[0m [32m INFO[0m [2mcc_index::memory_budget[0m[2m:[0m memory budget initialized [3mtotal_ram_mb[0m[2m=[0m15989 [3mbudget_mb[0m[2m=[0m7994 [3mfraction[0m[2m=[0m0.5
2026-10-08T05:15:40.4870912Z [2m2026-10-08T05:15:40.486848Z[0m [32m INFO[0m [2mcc_index::memory_budget[0m[2m:[0m memory budget initialized [3mtotal_ram_mb[0m[2m=[0m15989 [3mbudget_mb[0m[2m=[0m7994 [3mfraction[0m[2m=[0m0.5
2026-10-08T05:15:40.4915286Z [2m2026-10-08T05:15:40.491341Z[0m [32m INFO[0m [2mcc_index::memory_budget[0m[2m:[0m memory budget initialized [3mtotal_ram_mb[0m[2m=[0m15989 [3mbudget_mb[0m[2m=[0m7994 [3mfraction[0m[2m=[0m0.5
2026-10-08T05:15:40.5067412Z [2m2026-10-08T05:15:40.506531Z[0m [32m INFO[0m [2mcc_index::memory_budget[0m[2m:[0m memory budget initialized [3mtotal_ram_mb[0m[2m=[0m15989 [3mbudget_mb[0m[2m=[0m7994 [3mfraction[0m[2m=[0m0.5
2026-10-08T05:15:40.5172413Z [2m2026-10-08T05:15:40.517005Z[0m [32m INFO[0m [2mcc_index::indexer[0m[2m:[0m dirty propagation: loaded edge data for re-resolution [3mdirty_loaded[0m[2m=[0m1
2026-10-08T05:15:40.5184195Z [2m2026-10-08T05:15:40.518163Z[0m [32m INFO[0m [2mcc_index::memory_budget[0m[2m:[0m memory budget initialized [3mtotal_ram_mb[0m[2m=[0m15989 [3mbudget_mb[0m[2m=[0m7994 [3mfraction[0m[2m=[0m0.5
2026-10-08T05:15:40.5255494Z [2m2026-10-08T05:15:40.525309Z[0m [32m INFO[0m [2mcc_index::indexer_phases::write[0m[2m:[0m generated hierarchy edges [3mcount[0m[2m=[0m4
2026-10-08T05:15:40.5265809Z [2m2026-10-08T05:15:40.526299Z[0m [32m INFO[0m [2mcc_index::memory_budget[0m[2m:[0m memory budget initialized [3mtotal_ram_mb[0m[2m=[0m15989 [3mbudget_mb[0m[2m=[0m7994 [3mfraction[0m[2m=[0m0.5
2026-10-08T05:15:40.5310589Z [2m2026-10-08T05:15:40.530805Z[0m [32m INFO[0m [2mcc_index::memory_budget[0m[2m:[0m memory budget initialized [3mtotal_ram_mb[0m[2m=[0m15989 [3mbudget_mb[0m[2m=[0m7994 [3mfraction[0m[2m=[0m0.5
2026-10-08T05:15:40.5383613Z [2m2026-10-08T05:15:40.538185Z[0m [32m INFO[0m [1mserve_inner[0m[2m:[0m [2mrmcp::service[0m[2m:[0m input stream terminated
2026-10-08T05:15:40.5385271Z [2m2026-10-08T05:15:40.538251Z[0m [32m INFO[0m [1mserve_inner[0m[2m:[0m [2mrmcp::service[0m[2m:[0m serve finished [3mquit_reason[0m[2m=[0mClosed
2026-10-08T05:15:40.5388346Z [2m2026-10-08T05:15:40.538684Z[0m [32m INFO[0m [2mcc_server::mcp[0m[2m:[0m MCP server shut down gracefully
2026-10-08T05:15:40.5445690Z test p2a_public_mcp_reports_coverage_and_refreshes_provider ... ok
2026-10-08T05:15:40.5446186Z 
2026-10-08T05:15:40.5446616Z test result: ok. 1 passed; 0 failed; 0 ignored; 0 measured; 10 filtered out; finished in 0.26s
2026-10-08T05:15:40.5447190Z 
2026-10-08T05:15:40.5557099Z ##[group]Run CODECORTEX_BENCH_BINARY="$RUNNER_TEMP/p7-017-default/codecortex" \
2026-10-08T05:15:40.5557714Z [36;1mCODECORTEX_BENCH_BINARY="$RUNNER_TEMP/p7-017-default/codecortex" \[0m
2026-10-08T05:15:40.5558240Z [36;1m  cargo test -p cc-eval --test p2b_incremental --locked -- --ignored[0m
2026-10-08T05:15:40.5620446Z shell: /usr/bin/bash -e {0}
2026-10-08T05:15:40.5620707Z env:
2026-10-08T05:15:40.5620905Z   CARGO_TERM_COLOR: always
2026-10-08T05:15:40.5621164Z   RUSTFLAGS: -D warnings
2026-10-08T05:15:40.5621415Z   CARGO_HOME: /home/runner/.cargo
2026-10-08T05:15:40.5621675Z   CARGO_INCREMENTAL: 0
2026-10-08T05:15:40.5621904Z   CACHE_ON_FAILURE: false
2026-10-08T05:15:40.5622142Z ##[endgroup]
2026-10-08T05:15:40.6880784Z [1m[92m    Finished[0m `test` profile [unoptimized + debuginfo] target(s) in 0.11s
2026-10-08T05:15:40.6940156Z [1m[92m     Running[0m tests/p2b_incremental.rs (target/debug/deps/p2b_incremental-af9f86d9c29f0d66)
2026-10-08T05:15:40.7086893Z 
2026-10-08T05:15:40.7087244Z running 1 test
2026-10-08T05:15:40.7344242Z [2m2026-10-08T05:15:40.734211Z[0m [32m INFO[0m [2mcc_db::index_migrate[0m[2m:[0m initializing index schema [3mversion[0m[2m=[0m25
2026-10-08T05:15:40.7556836Z [2m2026-10-08T05:15:40.755265Z[0m [32m INFO[0m [1mserve_inner[0m[2m:[0m [2mrmcp::service[0m[2m:[0m Service initialized as server [3mpeer_info[0m[2m=[0mSome(InitializeRequestParams { meta: None, protocol_version: ProtocolVersion("2025-11-25"), capabilities: ClientCapabilities { experimental: None, extensions: None, roots: None, sampling: None, elicitation: None, tasks: None }, client_info: Implementation { name: "rmcp", title: None, version: "2.2.0", description: None, icons: None, website_url: None } })
2026-10-08T05:15:40.7559025Z [2m2026-10-08T05:15:40.755358Z[0m [32m INFO[0m [2mcc_server::mcp[0m[2m:[0m MCP server started on stdio
2026-10-08T05:15:40.7632381Z [2m2026-10-08T05:15:40.762971Z[0m [32m INFO[0m [1mserve_inner[0m[2m:[0m [2mrmcp::service[0m[2m:[0m received notification [3mnotification[0m[2m=[0mInitializedNotification(NotificationNoParam { method: InitializedNotificationMethod, extensions: Extensions })
2026-10-08T05:15:40.7634000Z [2m2026-10-08T05:15:40.763068Z[0m [32m INFO[0m [1mserve_inner[0m[2m:[0m [2mrmcp::handler::server[0m[2m:[0m client initialized
2026-10-08T05:15:40.7668773Z [2m2026-10-08T05:15:40.766656Z[0m [32m INFO[0m [2mcc_index::memory_budget[0m[2m:[0m memory budget initialized [3mtotal_ram_mb[0m[2m=[0m15989 [3mbudget_mb[0m[2m=[0m7994 [3mfraction[0m[2m=[0m0.5
2026-10-08T05:15:40.8155613Z [2m2026-10-08T05:15:40.815266Z[0m [32m INFO[0m [2mcc_db::index_db_rebuild[0m[2m:[0m full rebuild: creating temp database [3mtmp[0m[2m=[0m/tmp/.tmp5eyv5x/.codecortex/index.sqlite3.tmp
2026-10-08T05:15:40.8756770Z [2m2026-10-08T05:15:40.875434Z[0m [32m INFO[0m [2mcc_db::index_db_rebuild[0m[2m:[0m full rebuild: writing data to temp database
2026-10-08T05:15:40.8829630Z [2m2026-10-08T05:15:40.882749Z[0m [32m INFO[0m [2mcc_db::index_db_rebuild[0m[2m:[0m full rebuild: recreating indexes
2026-10-08T05:15:40.8967250Z [2m2026-10-08T05:15:40.896472Z[0m [32m INFO[0m [2mcc_db::index_db_rebuild[0m[2m:[0m full rebuild: temp database ready for swap
2026-10-08T05:15:40.8969704Z [2m2026-10-08T05:15:40.896771Z[0m [32m INFO[0m [2mcc_index::memory_budget[0m[2m:[0m memory budget initialized [3mtotal_ram_mb[0m[2m=[0m15989 [3mbudget_mb[0m[2m=[0m7994 [3mfraction[0m[2m=[0m0.5
2026-10-08T05:15:40.9115124Z [2m2026-10-08T05:15:40.911241Z[0m [32m INFO[0m [2mcc_index::memory_budget[0m[2m:[0m memory budget initialized [3mtotal_ram_mb[0m[2m=[0m15989 [3mbudget_mb[0m[2m=[0m7994 [3mfraction[0m[2m=[0m0.5
2026-10-08T05:15:40.9160415Z [2m2026-10-08T05:15:40.915809Z[0m [32m INFO[0m [2mcc_index::memory_budget[0m[2m:[0m memory budget initialized [3mtotal_ram_mb[0m[2m=[0m15989 [3mbudget_mb[0m[2m=[0m7994 [3mfraction[0m[2m=[0m0.5
2026-10-08T05:15:40.9300124Z [2m2026-10-08T05:15:40.929720Z[0m [32m INFO[0m [2mcc_index::memory_budget[0m[2m:[0m memory budget initialized [3mtotal_ram_mb[0m[2m=[0m15989 [3mbudget_mb[0m[2m=[0m7994 [3mfraction[0m[2m=[0m0.5
2026-10-08T05:15:40.9382250Z [2m2026-10-08T05:15:40.938005Z[0m [32m INFO[0m [2mcc_index::indexer[0m[2m:[0m dirty propagation: loaded edge data for re-resolution [3mdirty_loaded[0m[2m=[0m1
2026-10-08T05:15:40.9393232Z [2m2026-10-08T05:15:40.939094Z[0m [32m INFO[0m [2mcc_index::memory_budget[0m[2m:[0m memory budget initialized [3mtotal_ram_mb[0m[2m=[0m15989 [3mbudget_mb[0m[2m=[0m7994 [3mfraction[0m[2m=[0m0.5
2026-10-08T05:15:40.9451418Z [2m2026-10-08T05:15:40.944931Z[0m [32m INFO[0m [2mcc_index::indexer_phases::write[0m[2m:[0m generated hierarchy edges [3mcount[0m[2m=[0m4
2026-10-08T05:15:40.9462520Z [2m2026-10-08T05:15:40.946006Z[0m [32m INFO[0m [2mcc_index::memory_budget[0m[2m:[0m memory budget initialized [3mtotal_ram_mb[0m[2m=[0m15989 [3mbudget_mb[0m[2m=[0m7994 [3mfraction[0m[2m=[0m0.5
2026-10-08T05:15:40.9506870Z [2m2026-10-08T05:15:40.950428Z[0m [32m INFO[0m [2mcc_index::memory_budget[0m[2m:[0m memory budget initialized [3mtotal_ram_mb[0m[2m=[0m15989 [3mbudget_mb[0m[2m=[0m7994 [3mfraction[0m[2m=[0m0.5
2026-10-08T05:15:40.9573562Z [2m2026-10-08T05:15:40.957133Z[0m [32m INFO[0m [2mcc_index::memory_budget[0m[2m:[0m memory budget initialized [3mtotal_ram_mb[0m[2m=[0m15989 [3mbudget_mb[0m[2m=[0m7994 [3mfraction[0m[2m=[0m0.5
2026-10-08T05:15:40.9667799Z [2m2026-10-08T05:15:40.966621Z[0m [32m INFO[0m [2mcc_index::indexer[0m[2m:[0m dirty propagation: loaded edge data for re-resolution [3mdirty_loaded[0m[2m=[0m2
2026-10-08T05:15:40.9680431Z [2m2026-10-08T05:15:40.967880Z[0m [32m INFO[0m [2mcc_index::memory_budget[0m[2m:[0m memory budget initialized [3mtotal_ram_mb[0m[2m=[0m15989 [3mbudget_mb[0m[2m=[0m7994 [3mfraction[0m[2m=[0m0.5
2026-10-08T05:15:40.9738256Z [2m2026-10-08T05:15:40.973683Z[0m [32m INFO[0m [2mcc_index::indexer_phases::write[0m[2m:[0m generated hierarchy edges [3mcount[0m[2m=[0m6
2026-10-08T05:15:40.9748971Z [2m2026-10-08T05:15:40.974737Z[0m [32m INFO[0m [2mcc_index::memory_budget[0m[2m:[0m memory budget initialized [3mtotal_ram_mb[0m[2m=[0m15989 [3mbudget_mb[0m[2m=[0m7994 [3mfraction[0m[2m=[0m0.5
2026-10-08T05:15:40.9791325Z [2m2026-10-08T05:15:40.978961Z[0m [32m INFO[0m [2mcc_index::memory_budget[0m[2m:[0m memory budget initialized [3mtotal_ram_mb[0m[2m=[0m15989 [3mbudget_mb[0m[2m=[0m7994 [3mfraction[0m[2m=[0m0.5
2026-10-08T05:15:40.9857460Z [2m2026-10-08T05:15:40.985575Z[0m [32m INFO[0m [1mserve_inner[0m[2m:[0m [2mrmcp::service[0m[2m:[0m input stream terminated
2026-10-08T05:15:40.9859012Z [2m2026-10-08T05:15:40.985643Z[0m [32m INFO[0m [1mserve_inner[0m[2m:[0m [2mrmcp::service[0m[2m:[0m serve finished [3mquit_reason[0m[2m=[0mClosed
2026-10-08T05:15:40.9879877Z [2m2026-10-08T05:15:40.985873Z[0m [32m INFO[0m [2mcc_server::mcp[0m[2m:[0m MCP server shut down gracefully
2026-10-08T05:15:40.9917584Z test p2b_public_mcp_retracts_ambiguous_edges_and_updates_go_package ... ok
2026-10-08T05:15:40.9917996Z 
2026-10-08T05:15:40.9918262Z test result: ok. 1 passed; 0 failed; 0 ignored; 0 measured; 13 filtered out; finished in 0.28s
2026-10-08T05:15:40.9918628Z 
2026-10-08T05:15:41.0018982Z ##[group]Run CODECORTEX_BENCH_BINARY="$RUNNER_TEMP/p7-017-default/codecortex" \
2026-10-08T05:15:41.0019673Z [36;1mCODECORTEX_BENCH_BINARY="$RUNNER_TEMP/p7-017-default/codecortex" \[0m
2026-10-08T05:15:41.0020191Z [36;1m  cargo test -p cc-eval --test p2c_reconcile --locked -- --ignored[0m
2026-10-08T05:15:41.0081371Z shell: /usr/bin/bash -e {0}
2026-10-08T05:15:41.0081644Z env:
2026-10-08T05:15:41.0081850Z   CARGO_TERM_COLOR: always
2026-10-08T05:15:41.0082108Z   RUSTFLAGS: -D warnings
2026-10-08T05:15:41.0082360Z   CARGO_HOME: /home/runner/.cargo
2026-10-08T05:15:41.0082626Z   CARGO_INCREMENTAL: 0
2026-10-08T05:15:41.0082863Z   CACHE_ON_FAILURE: false
2026-10-08T05:15:41.0083114Z ##[endgroup]
2026-10-08T05:15:41.1339205Z [1m[92m    Finished[0m `test` profile [unoptimized + debuginfo] target(s) in 0.11s
2026-10-08T05:15:41.1399558Z [1m[92m     Running[0m tests/p2c_reconcile.rs (target/debug/deps/p2c_reconcile-34a2a8fe67af4fa3)
2026-10-08T05:15:41.1540417Z 
2026-10-08T05:15:41.1540697Z running 1 test
2026-10-08T05:15:41.1825389Z [2m2026-10-08T05:15:41.182308Z[0m [32m INFO[0m [2mcc_db::index_migrate[0m[2m:[0m initializing index schema [3mversion[0m[2m=[0m25
2026-10-08T05:15:41.2041576Z [2m2026-10-08T05:15:41.203707Z[0m [32m INFO[0m [1mserve_inner[0m[2m:[0m [2mrmcp::service[0m[2m:[0m Service initialized as server [3mpeer_info[0m[2m=[0mSome(InitializeRequestParams { meta: None, protocol_version: ProtocolVersion("2025-11-25"), capabilities: ClientCapabilities { experimental: None, extensions: None, roots: None, sampling: None, elicitation: None, tasks: None }, client_info: Implementation { name: "rmcp", title: None, version: "2.2.0", description: None, icons: None, website_url: None } })
2026-10-08T05:15:41.2043853Z [2m2026-10-08T05:15:41.203787Z[0m [32m INFO[0m [2mcc_server::mcp[0m[2m:[0m MCP server started on stdio
2026-10-08T05:15:41.2107680Z [2m2026-10-08T05:15:41.210452Z[0m [32m INFO[0m [1mserve_inner[0m[2m:[0m [2mrmcp::service[0m[2m:[0m received notification [3mnotification[0m[2m=[0mInitializedNotification(NotificationNoParam { method: InitializedNotificationMethod, extensions: Extensions })
2026-10-08T05:15:41.2110246Z [2m2026-10-08T05:15:41.210576Z[0m [32m INFO[0m [1mserve_inner[0m[2m:[0m [2mrmcp::handler::server[0m[2m:[0m client initialized
2026-10-08T05:15:41.2155520Z [2m2026-10-08T05:15:41.215324Z[0m [32m INFO[0m [2mcc_index::memory_budget[0m[2m:[0m memory budget initialized [3mtotal_ram_mb[0m[2m=[0m15989 [3mbudget_mb[0m[2m=[0m7994 [3mfraction[0m[2m=[0m0.5
2026-10-08T05:15:41.2547875Z [2m2026-10-08T05:15:41.254582Z[0m [32m INFO[0m [2mcc_db::index_db_rebuild[0m[2m:[0m full rebuild: creating temp database [3mtmp[0m[2m=[0m/tmp/.tmpXwlytD/.codecortex/index.sqlite3.tmp
2026-10-08T05:15:41.3136987Z [2m2026-10-08T05:15:41.313475Z[0m [32m INFO[0m [2mcc_db::index_db_rebuild[0m[2m:[0m full rebuild: writing data to temp database
2026-10-08T05:15:41.3197384Z [2m2026-10-08T05:15:41.319542Z[0m [32m INFO[0m [2mcc_db::index_db_rebuild[0m[2m:[0m full rebuild: recreating indexes
2026-10-08T05:15:41.3330633Z [2m2026-10-08T05:15:41.332882Z[0m [32m INFO[0m [2mcc_db::index_db_rebuild[0m[2m:[0m full rebuild: temp database ready for swap
2026-10-08T05:15:41.3332448Z [2m2026-10-08T05:15:41.333058Z[0m [32m INFO[0m [2mcc_index::memory_budget[0m[2m:[0m memory budget initialized [3mtotal_ram_mb[0m[2m=[0m15989 [3mbudget_mb[0m[2m=[0m7994 [3mfraction[0m[2m=[0m0.5
2026-10-08T05:15:41.3460053Z [2m2026-10-08T05:15:41.345799Z[0m [32m INFO[0m [2mcc_index::memory_budget[0m[2m:[0m memory budget initialized [3mtotal_ram_mb[0m[2m=[0m15989 [3mbudget_mb[0m[2m=[0m7994 [3mfraction[0m[2m=[0m0.5
2026-10-08T05:15:41.3503717Z [2m2026-10-08T05:15:41.350142Z[0m [32m INFO[0m [2mcc_index::memory_budget[0m[2m:[0m memory budget initialized [3mtotal_ram_mb[0m[2m=[0m15989 [3mbudget_mb[0m[2m=[0m7994 [3mfraction[0m[2m=[0m0.5
2026-10-08T05:15:41.3577394Z [2m2026-10-08T05:15:41.357473Z[0m [32m INFO[0m [2mcc_index::memory_budget[0m[2m:[0m memory budget initialized [3mtotal_ram_mb[0m[2m=[0m15989 [3mbudget_mb[0m[2m=[0m7994 [3mfraction[0m[2m=[0m0.5
2026-10-08T05:15:41.3640791Z [2m2026-10-08T05:15:41.363797Z[0m [33m WARN[0m [2mcc_index::dirty_closure[0m[2m:[0m dirty propagation: direct importers exceed budget; promoting a budget-sized prefix (consider full rebuild) [3mkept[0m[2m=[0m1 [3mdropped[0m[2m=[0m1 [3mmax[0m[2m=[0m1
2026-10-08T05:15:41.3655384Z [2m2026-10-08T05:15:41.365316Z[0m [32m INFO[0m [2mcc_index::indexer[0m[2m:[0m dirty propagation: loaded edge data for re-resolution [3mdirty_loaded[0m[2m=[0m1
2026-10-08T05:15:41.3664706Z [2m2026-10-08T05:15:41.366244Z[0m [32m INFO[0m [2mcc_index::memory_budget[0m[2m:[0m memory budget initialized [3mtotal_ram_mb[0m[2m=[0m15989 [3mbudget_mb[0m[2m=[0m7994 [3mfraction[0m[2m=[0m0.5
2026-10-08T05:15:41.3721949Z [2m2026-10-08T05:15:41.371990Z[0m [32m INFO[0m [2mcc_index::indexer_phases::write[0m[2m:[0m generated hierarchy edges [3mcount[0m[2m=[0m4
2026-10-08T05:15:41.3732240Z [2m2026-10-08T05:15:41.372983Z[0m [32m INFO[0m [2mcc_index::memory_budget[0m[2m:[0m memory budget initialized [3mtotal_ram_mb[0m[2m=[0m15989 [3mbudget_mb[0m[2m=[0m7994 [3mfraction[0m[2m=[0m0.5
2026-10-08T05:15:41.3776186Z [2m2026-10-08T05:15:41.377345Z[0m [32m INFO[0m [2mcc_index::memory_budget[0m[2m:[0m memory budget initialized [3mtotal_ram_mb[0m[2m=[0m15989 [3mbudget_mb[0m[2m=[0m7994 [3mfraction[0m[2m=[0m0.5
2026-10-08T05:15:41.4245212Z [2m2026-10-08T05:15:41.424271Z[0m [32m INFO[0m [1mserve_inner[0m[2m:[0m [2mrmcp::service[0m[2m:[0m input stream terminated
2026-10-08T05:15:41.4246994Z [2m2026-10-08T05:15:41.424348Z[0m [32m INFO[0m [1mserve_inner[0m[2m:[0m [2mrmcp::service[0m[2m:[0m serve finished [3mquit_reason[0m[2m=[0mClosed
2026-10-08T05:15:41.4248351Z [2m2026-10-08T05:15:41.424592Z[0m [32m INFO[0m [2mcc_server::mcp[0m[2m:[0m MCP server shut down gracefully
2026-10-08T05:15:41.4398819Z [2m2026-10-08T05:15:41.439373Z[0m [32m INFO[0m [1mserve_inner[0m[2m:[0m [2mrmcp::service[0m[2m:[0m Service initialized as server [3mpeer_info[0m[2m=[0mSome(InitializeRequestParams { meta: None, protocol_version: ProtocolVersion("2025-11-25"), capabilities: ClientCapabilities { experimental: None, extensions: None, roots: None, sampling: None, elicitation: None, tasks: None }, client_info: Implementation { name: "rmcp", title: None, version: "2.2.0", description: None, icons: None, website_url: None } })
2026-10-08T05:15:41.4401744Z [2m2026-10-08T05:15:41.439458Z[0m [32m INFO[0m [2mcc_server::mcp[0m[2m:[0m MCP server started on stdio
2026-10-08T05:15:41.4403374Z [2m2026-10-08T05:15:41.439867Z[0m [32m INFO[0m [1mserve_inner[0m[2m:[0m [2mrmcp::service[0m[2m:[0m received notification [3mnotification[0m[2m=[0mInitializedNotification(NotificationNoParam { method: InitializedNotificationMethod, extensions: Extensions })
2026-10-08T05:15:41.4406292Z [2m2026-10-08T05:15:41.439971Z[0m [32m INFO[0m [1mserve_inner[0m[2m:[0m [2mrmcp::handler::server[0m[2m:[0m client initialized
2026-10-08T05:15:41.4409330Z [2m2026-10-08T05:15:41.440746Z[0m [32m INFO[0m [2mcc_index::memory_budget[0m[2m:[0m memory budget initialized [3mtotal_ram_mb[0m[2m=[0m15989 [3mbudget_mb[0m[2m=[0m7994 [3mfraction[0m[2m=[0m0.5
2026-10-08T05:15:41.4478306Z [2m2026-10-08T05:15:41.447647Z[0m [33m WARN[0m [2mcc_index::dirty_closure[0m[2m:[0m dirty propagation: direct importers exceed budget; promoting a budget-sized prefix (consider full rebuild) [3mkept[0m[2m=[0m1 [3mdropped[0m[2m=[0m1 [3mmax[0m[2m=[0m1
2026-10-08T05:15:41.4493933Z [2m2026-10-08T05:15:41.449256Z[0m [32m INFO[0m [2mcc_index::indexer[0m[2m:[0m dirty propagation: loaded edge data for re-resolution [3mdirty_loaded[0m[2m=[0m1
2026-10-08T05:15:41.4503761Z [2m2026-10-08T05:15:41.450220Z[0m [32m INFO[0m [2mcc_index::memory_budget[0m[2m:[0m memory budget initialized [3mtotal_ram_mb[0m[2m=[0m15989 [3mbudget_mb[0m[2m=[0m7994 [3mfraction[0m[2m=[0m0.5
2026-10-08T05:15:41.4535142Z [2m2026-10-08T05:15:41.453373Z[0m [32m INFO[0m [2mcc_index::indexer_phases::write[0m[2m:[0m generated hierarchy edges [3mcount[0m[2m=[0m2
2026-10-08T05:15:41.4539318Z [2m2026-10-08T05:15:41.453795Z[0m [32m INFO[0m [2mcc_index::memory_budget[0m[2m:[0m memory budget initialized [3mtotal_ram_mb[0m[2m=[0m15989 [3mbudget_mb[0m[2m=[0m7994 [3mfraction[0m[2m=[0m0.5
2026-10-08T05:15:41.4578402Z [2m2026-10-08T05:15:41.457672Z[0m [32m INFO[0m [2mcc_index::memory_budget[0m[2m:[0m memory budget initialized [3mtotal_ram_mb[0m[2m=[0m15989 [3mbudget_mb[0m[2m=[0m7994 [3mfraction[0m[2m=[0m0.5
2026-10-08T05:15:41.5039593Z [2m2026-10-08T05:15:41.503768Z[0m [32m INFO[0m [2mcc_index::memory_budget[0m[2m:[0m memory budget initialized [3mtotal_ram_mb[0m[2m=[0m15989 [3mbudget_mb[0m[2m=[0m7994 [3mfraction[0m[2m=[0m0.5
2026-10-08T05:15:41.5108218Z [2m2026-10-08T05:15:41.510606Z[0m [32m INFO[0m [2mcc_index::indexer[0m[2m:[0m dirty propagation: loaded edge data for re-resolution [3mdirty_loaded[0m[2m=[0m1
2026-10-08T05:15:41.5115705Z [2m2026-10-08T05:15:41.511317Z[0m [32m INFO[0m [2mcc_index::memory_budget[0m[2m:[0m memory budget initialized [3mtotal_ram_mb[0m[2m=[0m15989 [3mbudget_mb[0m[2m=[0m7994 [3mfraction[0m[2m=[0m0.5
2026-10-08T05:15:41.5131704Z [2m2026-10-08T05:15:41.512984Z[0m [32m INFO[0m [2mcc_index::indexer_phases::write[0m[2m:[0m generated hierarchy edges [3mcount[0m[2m=[0m2
2026-10-08T05:15:41.5136645Z [2m2026-10-08T05:15:41.513414Z[0m [32m INFO[0m [2mcc_index::memory_budget[0m[2m:[0m memory budget initialized [3mtotal_ram_mb[0m[2m=[0m15989 [3mbudget_mb[0m[2m=[0m7994 [3mfraction[0m[2m=[0m0.5
2026-10-08T05:15:41.5174649Z [2m2026-10-08T05:15:41.517217Z[0m [32m INFO[0m [2mcc_index::memory_budget[0m[2m:[0m memory budget initialized [3mtotal_ram_mb[0m[2m=[0m15989 [3mbudget_mb[0m[2m=[0m7994 [3mfraction[0m[2m=[0m0.5
2026-10-08T05:15:41.5618844Z [2m2026-10-08T05:15:41.561673Z[0m [32m INFO[0m [1mserve_inner[0m[2m:[0m [2mrmcp::service[0m[2m:[0m input stream terminated
2026-10-08T05:15:41.5620771Z [2m2026-10-08T05:15:41.561740Z[0m [32m INFO[0m [1mserve_inner[0m[2m:[0m [2mrmcp::service[0m[2m:[0m serve finished [3mquit_reason[0m[2m=[0mClosed
2026-10-08T05:15:41.5622360Z [2m2026-10-08T05:15:41.561959Z[0m [32m INFO[0m [2mcc_server::mcp[0m[2m:[0m MCP server shut down gracefully
2026-10-08T05:15:41.5676578Z test p2c_public_mcp_reports_debt_resumes_and_survives_restart ... ok
2026-10-08T05:15:41.5676939Z 
2026-10-08T05:15:41.5677204Z test result: ok. 1 passed; 0 failed; 0 ignored; 0 measured; 11 filtered out; finished in 0.41s
2026-10-08T05:15:41.5677556Z 
2026-10-08T05:15:41.5795398Z ##[group]Run CODECORTEX_BENCH_BINARY="$RUNNER_TEMP/p7-017-default/codecortex" \
2026-10-08T05:15:41.5796467Z [36;1mCODECORTEX_BENCH_BINARY="$RUNNER_TEMP/p7-017-default/codecortex" \[0m
2026-10-08T05:15:41.5797432Z [36;1mCODECORTEX_BENCH_OBSERVATIONS="$RUNNER_TEMP/p2d-observations" \[0m
2026-10-08T05:15:41.5798369Z [36;1m  cargo test -p cc-eval --test p2d_mutations --locked -- --ignored[0m
2026-10-08T05:15:41.5877309Z shell: /usr/bin/bash -e {0}
2026-10-08T05:15:41.5877578Z env:
2026-10-08T05:15:41.5877781Z   CARGO_TERM_COLOR: always
2026-10-08T05:15:41.5878046Z   RUSTFLAGS: -D warnings
2026-10-08T05:15:41.5878293Z   CARGO_HOME: /home/runner/.cargo
2026-10-08T05:15:41.5878552Z   CARGO_INCREMENTAL: 0
2026-10-08T05:15:41.5878773Z   CACHE_ON_FAILURE: false
2026-10-08T05:15:41.5879002Z ##[endgroup]
2026-10-08T05:15:41.7149633Z [1m[92m    Finished[0m `test` profile [unoptimized + debuginfo] target(s) in 0.11s
2026-10-08T05:15:41.7206373Z [1m[92m     Running[0m tests/p2d_mutations.rs (target/debug/deps/p2d_mutations-93029f803c7a4dbb)
2026-10-08T05:15:41.7363823Z 
2026-10-08T05:15:41.7364050Z running 1 test
2026-10-08T05:15:41.7649229Z [2m2026-10-08T05:15:41.764764Z[0m [32m INFO[0m [2mcc_db::index_migrate[0m[2m:[0m initializing index schema [3mversion[0m[2m=[0m25
2026-10-08T05:15:41.7864539Z [2m2026-10-08T05:15:41.785983Z[0m [32m INFO[0m [1mserve_inner[0m[2m:[0m [2mrmcp::service[0m[2m:[0m Service initialized as server [3mpeer_info[0m[2m=[0mSome(InitializeRequestParams { meta: None, protocol_version: ProtocolVersion("2025-11-25"), capabilities: ClientCapabilities { experimental: None, extensions: None, roots: None, sampling: None, elicitation: None, tasks: None }, client_info: Implementation { name: "rmcp", title: None, version: "2.2.0", description: None, icons: None, website_url: None } })
2026-10-08T05:15:41.7869356Z [2m2026-10-08T05:15:41.786065Z[0m [32m INFO[0m [2mcc_server::mcp[0m[2m:[0m MCP server started on stdio
2026-10-08T05:15:41.7935789Z [2m2026-10-08T05:15:41.793289Z[0m [32m INFO[0m [1mserve_inner[0m[2m:[0m [2mrmcp::service[0m[2m:[0m received notification [3mnotification[0m[2m=[0mInitializedNotification(NotificationNoParam { method: InitializedNotificationMethod, extensions: Extensions })
2026-10-08T05:15:41.7937861Z [2m2026-10-08T05:15:41.793385Z[0m [32m INFO[0m [1mserve_inner[0m[2m:[0m [2mrmcp::handler::server[0m[2m:[0m client initialized
2026-10-08T05:15:41.7976205Z [2m2026-10-08T05:15:41.797385Z[0m [32m INFO[0m [2mcc_index::memory_budget[0m[2m:[0m memory budget initialized [3mtotal_ram_mb[0m[2m=[0m15989 [3mbudget_mb[0m[2m=[0m7994 [3mfraction[0m[2m=[0m0.5
2026-10-08T05:15:41.9118451Z [2m2026-10-08T05:15:41.911560Z[0m [32m INFO[0m [2mcc_db::index_db_rebuild[0m[2m:[0m full rebuild: creating temp database [3mtmp[0m[2m=[0m/tmp/.tmpBVbqA8/.codecortex/index.sqlite3.tmp
2026-10-08T05:15:41.9753853Z [2m2026-10-08T05:15:41.975160Z[0m [32m INFO[0m [2mcc_db::index_db_rebuild[0m[2m:[0m full rebuild: writing data to temp database
2026-10-08T05:15:41.9858508Z [2m2026-10-08T05:15:41.985658Z[0m [32m INFO[0m [2mcc_db::index_db_rebuild[0m[2m:[0m full rebuild: recreating indexes
2026-10-08T05:15:41.9992124Z [2m2026-10-08T05:15:41.999038Z[0m [32m INFO[0m [2mcc_db::index_db_rebuild[0m[2m:[0m full rebuild: temp database ready for swap
2026-10-08T05:15:41.9994535Z [2m2026-10-08T05:15:41.999275Z[0m [32m INFO[0m [2mcc_index::memory_budget[0m[2m:[0m memory budget initialized [3mtotal_ram_mb[0m[2m=[0m15989 [3mbudget_mb[0m[2m=[0m7994 [3mfraction[0m[2m=[0m0.5
2026-10-08T05:15:42.0131279Z [2m2026-10-08T05:15:42.012925Z[0m [32m INFO[0m [2mcc_index::memory_budget[0m[2m:[0m memory budget initialized [3mtotal_ram_mb[0m[2m=[0m15989 [3mbudget_mb[0m[2m=[0m7994 [3mfraction[0m[2m=[0m0.5
2026-10-08T05:15:42.0177786Z [2m2026-10-08T05:15:42.017475Z[0m [32m INFO[0m [2mcc_index::memory_budget[0m[2m:[0m memory budget initialized [3mtotal_ram_mb[0m[2m=[0m15989 [3mbudget_mb[0m[2m=[0m7994 [3mfraction[0m[2m=[0m0.5
2026-10-08T05:15:42.0247920Z [2m2026-10-08T05:15:42.024641Z[0m [32m INFO[0m [1mserve_inner[0m[2m:[0m [2mrmcp::service[0m[2m:[0m input stream terminated
2026-10-08T05:15:42.0249847Z [2m2026-10-08T05:15:42.024700Z[0m [32m INFO[0m [1mserve_inner[0m[2m:[0m [2mrmcp::service[0m[2m:[0m serve finished [3mquit_reason[0m[2m=[0mClosed
2026-10-08T05:15:42.0251597Z [2m2026-10-08T05:15:42.024925Z[0m [32m INFO[0m [2mcc_server::mcp[0m[2m:[0m MCP server shut down gracefully
2026-10-08T05:15:42.0387267Z [2m2026-10-08T05:15:42.038359Z[0m [32m INFO[0m [1mserve_inner[0m[2m:[0m [2mrmcp::service[0m[2m:[0m Service initialized as server [3mpeer_info[0m[2m=[0mSome(InitializeRequestParams { meta: None, protocol_version: ProtocolVersion("2025-11-25"), capabilities: ClientCapabilities { experimental: None, extensions: None, roots: None, sampling: None, elicitation: None, tasks: None }, client_info: Implementation { name: "rmcp", title: None, version: "2.2.0", description: None, icons: None, website_url: None } })
2026-10-08T05:15:42.0389690Z [2m2026-10-08T05:15:42.038446Z[0m [32m INFO[0m [2mcc_server::mcp[0m[2m:[0m MCP server started on stdio
2026-10-08T05:15:42.0395591Z [2m2026-10-08T05:15:42.039269Z[0m [32m INFO[0m [1mserve_inner[0m[2m:[0m [2mrmcp::service[0m[2m:[0m received notification [3mnotification[0m[2m=[0mInitializedNotification(NotificationNoParam { method: InitializedNotificationMethod, extensions: Extensions })
2026-10-08T05:15:42.0397088Z [2m2026-10-08T05:15:42.039378Z[0m [32m INFO[0m [1mserve_inner[0m[2m:[0m [2mrmcp::handler::server[0m[2m:[0m client initialized
2026-10-08T05:15:42.0403621Z [2m2026-10-08T05:15:42.040111Z[0m [32m INFO[0m [2mcc_index::memory_budget[0m[2m:[0m memory budget initialized [3mtotal_ram_mb[0m[2m=[0m15989 [3mbudget_mb[0m[2m=[0m7994 [3mfraction[0m[2m=[0m0.5
2026-10-08T05:15:42.0789043Z [2m2026-10-08T05:15:42.078654Z[0m [32m INFO[0m [2mcc_index::indexer[0m[2m:[0m dirty propagation: loaded edge data for re-resolution [3mdirty_loaded[0m[2m=[0m1
2026-10-08T05:15:42.0799417Z [2m2026-10-08T05:15:42.079697Z[0m [32m INFO[0m [2mcc_index::memory_budget[0m[2m:[0m memory budget initialized [3mtotal_ram_mb[0m[2m=[0m15989 [3mbudget_mb[0m[2m=[0m7994 [3mfraction[0m[2m=[0m0.5
2026-10-08T05:15:42.0870684Z [2m2026-10-08T05:15:42.086840Z[0m [32m INFO[0m [2mcc_index::indexer_phases::write[0m[2m:[0m generated hierarchy edges [3mcount[0m[2m=[0m4
2026-10-08T05:15:42.0882535Z [2m2026-10-08T05:15:42.088039Z[0m [32m INFO[0m [2mcc_index::memory_budget[0m[2m:[0m memory budget initialized [3mtotal_ram_mb[0m[2m=[0m15989 [3mbudget_mb[0m[2m=[0m7994 [3mfraction[0m[2m=[0m0.5
2026-10-08T05:15:42.0946419Z [2m2026-10-08T05:15:42.092817Z[0m [32m INFO[0m [2mcc_index::memory_budget[0m[2m:[0m memory budget initialized [3mtotal_ram_mb[0m[2m=[0m15989 [3mbudget_mb[0m[2m=[0m7994 [3mfraction[0m[2m=[0m0.5
2026-10-08T05:15:42.0998501Z [2m2026-10-08T05:15:42.099675Z[0m [32m INFO[0m [1mserve_inner[0m[2m:[0m [2mrmcp::service[0m[2m:[0m input stream terminated
2026-10-08T05:15:42.1000398Z [2m2026-10-08T05:15:42.099735Z[0m [32m INFO[0m [1mserve_inner[0m[2m:[0m [2mrmcp::service[0m[2m:[0m serve finished [3mquit_reason[0m[2m=[0mClosed
2026-10-08T05:15:42.1001988Z [2m2026-10-08T05:15:42.099962Z[0m [32m INFO[0m [2mcc_server::mcp[0m[2m:[0m MCP server shut down gracefully
2026-10-08T05:15:42.1151866Z [2m2026-10-08T05:15:42.114548Z[0m [32m INFO[0m [1mserve_inner[0m[2m:[0m [2mrmcp::service[0m[2m:[0m Service initialized as server [3mpeer_info[0m[2m=[0mSome(InitializeRequestParams { meta: None, protocol_version: ProtocolVersion("2025-11-25"), capabilities: ClientCapabilities { experimental: None, extensions: None, roots: None, sampling: None, elicitation: None, tasks: None }, client_info: Implementation { name: "rmcp", title: None, version: "2.2.0", description: None, icons: None, website_url: None } })
2026-10-08T05:15:42.1154731Z [2m2026-10-08T05:15:42.114632Z[0m [32m INFO[0m [2mcc_server::mcp[0m[2m:[0m MCP server started on stdio
2026-10-08T05:15:42.1156441Z [2m2026-10-08T05:15:42.115086Z[0m [32m INFO[0m [1mserve_inner[0m[2m:[0m [2mrmcp::service[0m[2m:[0m received notification [3mnotification[0m[2m=[0mInitializedNotification(NotificationNoParam { method: InitializedNotificationMethod, extensions: Extensions })
2026-10-08T05:15:42.1157877Z [2m2026-10-08T05:15:42.115197Z[0m [32m INFO[0m [1mserve_inner[0m[2m:[0m [2mrmcp::handler::server[0m[2m:[0m client initialized
2026-10-08T05:15:42.1161681Z [2m2026-10-08T05:15:42.116015Z[0m [32m INFO[0m [2mcc_index::memory_budget[0m[2m:[0m memory budget initialized [3mtotal_ram_mb[0m[2m=[0m15989 [3mbudget_mb[0m[2m=[0m7994 [3mfraction[0m[2m=[0m0.5
2026-10-08T05:15:42.1575173Z [2m2026-10-08T05:15:42.157257Z[0m [32m INFO[0m [2mcc_index::indexer[0m[2m:[0m dirty propagation: loaded edge data for re-resolution [3mdirty_loaded[0m[2m=[0m1
2026-10-08T05:15:42.1585811Z [2m2026-10-08T05:15:42.158320Z[0m [32m INFO[0m [2mcc_index::memory_budget[0m[2m:[0m memory budget initialized [3mtotal_ram_mb[0m[2m=[0m15989 [3mbudget_mb[0m[2m=[0m7994 [3mfraction[0m[2m=[0m0.5
2026-10-08T05:15:42.1658375Z [2m2026-10-08T05:15:42.165685Z[0m [32m INFO[0m [2mcc_index::indexer_phases::write[0m[2m:[0m generated hierarchy edges [3mcount[0m[2m=[0m4
2026-10-08T05:15:42.1676147Z [2m2026-10-08T05:15:42.167397Z[0m [32m INFO[0m [2mcc_index::memory_budget[0m[2m:[0m memory budget initialized [3mtotal_ram_mb[0m[2m=[0m15989 [3mbudget_mb[0m[2m=[0m7994 [3mfraction[0m[2m=[0m0.5
2026-10-08T05:15:42.1731387Z [2m2026-10-08T05:15:42.172909Z[0m [32m INFO[0m [2mcc_index::memory_budget[0m[2m:[0m memory budget initialized [3mtotal_ram_mb[0m[2m=[0m15989 [3mbudget_mb[0m[2m=[0m7994 [3mfraction[0m[2m=[0m0.5
2026-10-08T05:15:42.1790322Z [2m2026-10-08T05:15:42.178853Z[0m [32m INFO[0m [1mserve_inner[0m[2m:[0m [2mrmcp::service[0m[2m:[0m input stream terminated
2026-10-08T05:15:42.1792010Z [2m2026-10-08T05:15:42.178927Z[0m [32m INFO[0m [1mserve_inner[0m[2m:[0m [2mrmcp::service[0m[2m:[0m serve finished [3mquit_reason[0m[2m=[0mClosed
2026-10-08T05:15:42.1799675Z [2m2026-10-08T05:15:42.179166Z[0m [32m INFO[0m [2mcc_server::mcp[0m[2m:[0m MCP server shut down gracefully
2026-10-08T05:15:42.1979547Z [2m2026-10-08T05:15:42.197446Z[0m [32m INFO[0m [1mserve_inner[0m[2m:[0m [2mrmcp::service[0m[2m:[0m Service initialized as server [3mpeer_info[0m[2m=[0mSome(InitializeRequestParams { meta: None, protocol_version: ProtocolVersion("2025-11-25"), capabilities: ClientCapabilities { experimental: None, extensions: None, roots: None, sampling: None, elicitation: None, tasks: None }, client_info: Implementation { name: "rmcp", title: None, version: "2.2.0", description: None, icons: None, website_url: None } })
2026-10-08T05:15:42.1983960Z [2m2026-10-08T05:15:42.197678Z[0m [32m INFO[0m [2mcc_server::mcp[0m[2m:[0m MCP server started on stdio
2026-10-08T05:15:42.1987573Z [2m2026-10-08T05:15:42.197993Z[0m [32m INFO[0m [1mserve_inner[0m[2m:[0m [2mrmcp::service[0m[2m:[0m received notification [3mnotification[0m[2m=[0mInitializedNotification(NotificationNoParam { method: InitializedNotificationMethod, extensions: Extensions })
2026-10-08T05:15:42.1991202Z [2m2026-10-08T05:15:42.198210Z[0m [32m INFO[0m [1mserve_inner[0m[2m:[0m [2mrmcp::handler::server[0m[2m:[0m client initialized
2026-10-08T05:15:42.1993859Z [2m2026-10-08T05:15:42.198885Z[0m [32m INFO[0m [2mcc_index::memory_budget[0m[2m:[0m memory budget initialized [3mtotal_ram_mb[0m[2m=[0m15989 [3mbudget_mb[0m[2m=[0m7994 [3mfraction[0m[2m=[0m0.5
2026-10-08T05:15:42.2260533Z [2m2026-10-08T05:15:42.225826Z[0m [32m INFO[0m [2mcc_index::indexer[0m[2m:[0m dirty propagation: loaded edge data for re-resolution [3mdirty_loaded[0m[2m=[0m1
2026-10-08T05:15:42.2272339Z [2m2026-10-08T05:15:42.226971Z[0m [32m INFO[0m [2mcc_index::memory_budget[0m[2m:[0m memory budget initialized [3mtotal_ram_mb[0m[2m=[0m15989 [3mbudget_mb[0m[2m=[0m7994 [3mfraction[0m[2m=[0m0.5
2026-10-08T05:15:42.2345728Z [2m2026-10-08T05:15:42.234387Z[0m [32m INFO[0m [2mcc_index::indexer_phases::write[0m[2m:[0m generated hierarchy edges [3mcount[0m[2m=[0m4
2026-10-08T05:15:42.2358161Z [2m2026-10-08T05:15:42.235656Z[0m [32m INFO[0m [2mcc_index::memory_budget[0m[2m:[0m memory budget initialized [3mtotal_ram_mb[0m[2m=[0m15989 [3mbudget_mb[0m[2m=[0m7994 [3mfraction[0m[2m=[0m0.5
2026-10-08T05:15:42.2402918Z [2m2026-10-08T05:15:42.240118Z[0m [32m INFO[0m [2mcc_index::memory_budget[0m[2m:[0m memory budget initialized [3mtotal_ram_mb[0m[2m=[0m15989 [3mbudget_mb[0m[2m=[0m7994 [3mfraction[0m[2m=[0m0.5
2026-10-08T05:15:42.2452701Z [2m2026-10-08T05:15:42.245065Z[0m [32m INFO[0m [1mserve_inner[0m[2m:[0m [2mrmcp::service[0m[2m:[0m input stream terminated
2026-10-08T05:15:42.2454147Z [2m2026-10-08T05:15:42.245138Z[0m [32m INFO[0m [1mserve_inner[0m[2m:[0m [2mrmcp::service[0m[2m:[0m serve finished [3mquit_reason[0m[2m=[0mClosed
2026-10-08T05:15:42.2456080Z [2m2026-10-08T05:15:42.245374Z[0m [32m INFO[0m [2mcc_server::mcp[0m[2m:[0m MCP server shut down gracefully
2026-10-08T05:15:42.2602416Z [2m2026-10-08T05:15:42.259598Z[0m [32m INFO[0m [1mserve_inner[0m[2m:[0m [2mrmcp::service[0m[2m:[0m Service initialized as server [3mpeer_info[0m[2m=[0mSome(InitializeRequestParams { meta: None, protocol_version: ProtocolVersion("2025-11-25"), capabilities: ClientCapabilities { experimental: None, extensions: None, roots: None, sampling: None, elicitation: None, tasks: None }, client_info: Implementation { name: "rmcp", title: None, version: "2.2.0", description: None, icons: None, website_url: None } })
2026-10-08T05:15:42.2605566Z [2m2026-10-08T05:15:42.259687Z[0m [32m INFO[0m [2mcc_server::mcp[0m[2m:[0m MCP server started on stdio
2026-10-08T05:15:42.2608250Z [2m2026-10-08T05:15:42.259940Z[0m [32m INFO[0m [1mserve_inner[0m[2m:[0m [2mrmcp::service[0m[2m:[0m received notification [3mnotification[0m[2m=[0mInitializedNotification(NotificationNoParam { method: InitializedNotificationMethod, extensions: Extensions })
2026-10-08T05:15:42.2610957Z [2m2026-10-08T05:15:42.260031Z[0m [32m INFO[0m [1mserve_inner[0m[2m:[0m [2mrmcp::handler::server[0m[2m:[0m client initialized
2026-10-08T05:15:42.2613204Z [2m2026-10-08T05:15:42.260859Z[0m [32m INFO[0m [2mcc_index::memory_budget[0m[2m:[0m memory budget initialized [3mtotal_ram_mb[0m[2m=[0m15989 [3mbudget_mb[0m[2m=[0m7994 [3mfraction[0m[2m=[0m0.5
2026-10-08T05:15:42.2816974Z [2m2026-10-08T05:15:42.280524Z[0m [32m INFO[0m [2mcc_index::indexer[0m[2m:[0m dirty propagation: loaded edge data for re-resolution [3mdirty_loaded[0m[2m=[0m1
2026-10-08T05:15:42.2821984Z [2m2026-10-08T05:15:42.281952Z[0m [32m INFO[0m [2mcc_index::memory_budget[0m[2m:[0m memory budget initialized [3mtotal_ram_mb[0m[2m=[0m15989 [3mbudget_mb[0m[2m=[0m7994 [3mfraction[0m[2m=[0m0.5
2026-10-08T05:15:42.2900714Z [2m2026-10-08T05:15:42.289868Z[0m [32m INFO[0m [2mcc_index::indexer_phases::write[0m[2m:[0m generated hierarchy edges [3mcount[0m[2m=[0m4
2026-10-08T05:15:42.2914289Z [2m2026-10-08T05:15:42.291184Z[0m [32m INFO[0m [2mcc_index::memory_budget[0m[2m:[0m memory budget initialized [3mtotal_ram_mb[0m[2m=[0m15989 [3mbudget_mb[0m[2m=[0m7994 [3mfraction[0m[2m=[0m0.5
2026-10-08T05:15:42.2960310Z [2m2026-10-08T05:15:42.295777Z[0m [32m INFO[0m [2mcc_index::memory_budget[0m[2m:[0m memory budget initialized [3mtotal_ram_mb[0m[2m=[0m15989 [3mbudget_mb[0m[2m=[0m7994 [3mfraction[0m[2m=[0m0.5
2026-10-08T05:15:42.3037279Z [2m2026-10-08T05:15:42.303527Z[0m [32m INFO[0m [1mserve_inner[0m[2m:[0m [2mrmcp::service[0m[2m:[0m input stream terminated
2026-10-08T05:15:42.3038984Z [2m2026-10-08T05:15:42.303619Z[0m [32m INFO[0m [1mserve_inner[0m[2m:[0m [2mrmcp::service[0m[2m:[0m serve finished [3mquit_reason[0m[2m=[0mClosed
2026-10-08T05:15:42.3040287Z [2m2026-10-08T05:15:42.303864Z[0m [32m INFO[0m [2mcc_server::mcp[0m[2m:[0m MCP server shut down gracefully
2026-10-08T05:15:42.3089657Z test p2d_public_mcp_multilanguage_rename_truth_and_no_fake_jsts_calls ... ok
2026-10-08T05:15:42.3090219Z 
2026-10-08T05:15:42.3090638Z test result: ok. 1 passed; 0 failed; 0 ignored; 0 measured; 8 filtered out; finished in 0.57s
2026-10-08T05:15:42.3091214Z 
2026-10-08T05:15:42.3189456Z ##[group]Run CODECORTEX_BENCH_BINARY="$RUNNER_TEMP/p7-017-default/codecortex" \
2026-10-08T05:15:42.3190080Z [36;1mCODECORTEX_BENCH_BINARY="$RUNNER_TEMP/p7-017-default/codecortex" \[0m
2026-10-08T05:15:42.3190771Z [36;1mCODECORTEX_BENCH_OBSERVATIONS="$RUNNER_TEMP/p3a-observations" \[0m
2026-10-08T05:15:42.3191300Z [36;1m  cargo test -p cc-eval --test p3a_project_model --locked -- --ignored[0m
2026-10-08T05:15:42.3254536Z shell: /usr/bin/bash -e {0}
2026-10-08T05:15:42.3254795Z env:
2026-10-08T05:15:42.3255260Z   CARGO_TERM_COLOR: always
2026-10-08T05:15:42.3255522Z   RUSTFLAGS: -D warnings
2026-10-08T05:15:42.3255765Z   CARGO_HOME: /home/runner/.cargo
2026-10-08T05:15:42.3256018Z   CARGO_INCREMENTAL: 0
2026-10-08T05:15:42.3256237Z   CACHE_ON_FAILURE: false
2026-10-08T05:15:42.3256468Z ##[endgroup]
2026-10-08T05:15:42.4505153Z [1m[92m    Finished[0m `test` profile [unoptimized + debuginfo] target(s) in 0.11s
2026-10-08T05:15:42.4563568Z [1m[92m     Running[0m tests/p3a_project_model.rs (target/debug/deps/p3a_project_model-0834e3a5fc70d358)
2026-10-08T05:15:42.4743715Z 
2026-10-08T05:15:42.4744032Z running 1 test
2026-10-08T05:15:42.5040262Z [2m2026-10-08T05:15:42.503786Z[0m [32m INFO[0m [2mcc_db::index_migrate[0m[2m:[0m initializing index schema [3mversion[0m[2m=[0m25
2026-10-08T05:15:42.5250719Z [2m2026-10-08T05:15:42.524602Z[0m [32m INFO[0m [1mserve_inner[0m[2m:[0m [2mrmcp::service[0m[2m:[0m Service initialized as server [3mpeer_info[0m[2m=[0mSome(InitializeRequestParams { meta: None, protocol_version: ProtocolVersion("2025-11-25"), capabilities: ClientCapabilities { experimental: None, extensions: None, roots: None, sampling: None, elicitation: None, tasks: None }, client_info: Implementation { name: "rmcp", title: None, version: "2.2.0", description: None, icons: None, website_url: None } })
2026-10-08T05:15:42.5253265Z [2m2026-10-08T05:15:42.524689Z[0m [32m INFO[0m [2mcc_server::mcp[0m[2m:[0m MCP server started on stdio
2026-10-08T05:15:42.5357972Z [2m2026-10-08T05:15:42.535436Z[0m [32m INFO[0m [1mserve_inner[0m[2m:[0m [2mrmcp::service[0m[2m:[0m received notification [3mnotification[0m[2m=[0mInitializedNotification(NotificationNoParam { method: InitializedNotificationMethod, extensions: Extensions })
2026-10-08T05:15:42.5360831Z [2m2026-10-08T05:15:42.535570Z[0m [32m INFO[0m [1mserve_inner[0m[2m:[0m [2mrmcp::handler::server[0m[2m:[0m client initialized
2026-10-08T05:15:42.5425469Z [2m2026-10-08T05:15:42.542259Z[0m [32m INFO[0m [2mcc_index::memory_budget[0m[2m:[0m memory budget initialized [3mtotal_ram_mb[0m[2m=[0m15989 [3mbudget_mb[0m[2m=[0m7994 [3mfraction[0m[2m=[0m0.5
2026-10-08T05:15:42.5833006Z [2m2026-10-08T05:15:42.583050Z[0m [32m INFO[0m [2mcc_db::index_db_rebuild[0m[2m:[0m full rebuild: creating temp database [3mtmp[0m[2m=[0m/tmp/.tmpvJcx5v/.codecortex/index.sqlite3.tmp
2026-10-08T05:15:42.6440694Z [2m2026-10-08T05:15:42.643828Z[0m [32m INFO[0m [2mcc_db::index_db_rebuild[0m[2m:[0m full rebuild: writing data to temp database
2026-10-08T05:15:42.6502564Z [2m2026-10-08T05:15:42.650073Z[0m [32m INFO[0m [2mcc_db::index_db_rebuild[0m[2m:[0m full rebuild: recreating indexes
2026-10-08T05:15:42.6639683Z [2m2026-10-08T05:15:42.663830Z[0m [32m INFO[0m [2mcc_db::index_db_rebuild[0m[2m:[0m full rebuild: temp database ready for swap
2026-10-08T05:15:42.6642457Z [2m2026-10-08T05:15:42.664083Z[0m [32m INFO[0m [2mcc_index::memory_budget[0m[2m:[0m memory budget initialized [3mtotal_ram_mb[0m[2m=[0m15989 [3mbudget_mb[0m[2m=[0m7994 [3mfraction[0m[2m=[0m0.5
2026-10-08T05:15:42.6770265Z [2m2026-10-08T05:15:42.676864Z[0m [32m INFO[0m [2mcc_index::memory_budget[0m[2m:[0m memory budget initialized [3mtotal_ram_mb[0m[2m=[0m15989 [3mbudget_mb[0m[2m=[0m7994 [3mfraction[0m[2m=[0m0.5
2026-10-08T05:15:42.6816579Z [2m2026-10-08T05:15:42.681427Z[0m [32m INFO[0m [2mcc_index::memory_budget[0m[2m:[0m memory budget initialized [3mtotal_ram_mb[0m[2m=[0m15989 [3mbudget_mb[0m[2m=[0m7994 [3mfraction[0m[2m=[0m0.5
2026-10-08T05:15:42.6929747Z [2m2026-10-08T05:15:42.692748Z[0m [32m INFO[0m [2mcc_index::memory_budget[0m[2m:[0m memory budget initialized [3mtotal_ram_mb[0m[2m=[0m15989 [3mbudget_mb[0m[2m=[0m7994 [3mfraction[0m[2m=[0m0.5
2026-10-08T05:15:42.6944021Z [2m2026-10-08T05:15:42.694163Z[0m [33m WARN[0m [2mcc_index::dirty_closure[0m[2m:[0m dirty propagation: direct importers exceed budget; promoting a budget-sized prefix (consider full rebuild) [3mkept[0m[2m=[0m1 [3mdropped[0m[2m=[0m1 [3mmax[0m[2m=[0m1
2026-10-08T05:15:42.6957867Z [2m2026-10-08T05:15:42.695590Z[0m [32m INFO[0m [2mcc_index::indexer[0m[2m:[0m dirty propagation: loaded edge data for re-resolution [3mdirty_loaded[0m[2m=[0m1
2026-10-08T05:15:42.6968728Z [2m2026-10-08T05:15:42.696656Z[0m [32m INFO[0m [2mcc_index::memory_budget[0m[2m:[0m memory budget initialized [3mtotal_ram_mb[0m[2m=[0m15989 [3mbudget_mb[0m[2m=[0m7994 [3mfraction[0m[2m=[0m0.5
2026-10-08T05:15:42.6996939Z [2m2026-10-08T05:15:42.699518Z[0m [32m INFO[0m [2mcc_index::indexer_phases::write[0m[2m:[0m generated hierarchy edges [3mcount[0m[2m=[0m2
2026-10-08T05:15:42.7002268Z [2m2026-10-08T05:15:42.700021Z[0m [32m INFO[0m [2mcc_index::memory_budget[0m[2m:[0m memory budget initialized [3mtotal_ram_mb[0m[2m=[0m15989 [3mbudget_mb[0m[2m=[0m7994 [3mfraction[0m[2m=[0m0.5
2026-10-08T05:15:42.7039277Z [2m2026-10-08T05:15:42.703702Z[0m [32m INFO[0m [2mcc_index::memory_budget[0m[2m:[0m memory budget initialized [3mtotal_ram_mb[0m[2m=[0m15989 [3mbudget_mb[0m[2m=[0m7994 [3mfraction[0m[2m=[0m0.5
2026-10-08T05:15:42.7093270Z [2m2026-10-08T05:15:42.709139Z[0m [32m INFO[0m [1mserve_inner[0m[2m:[0m [2mrmcp::service[0m[2m:[0m input stream terminated
2026-10-08T05:15:42.7095272Z [2m2026-10-08T05:15:42.709205Z[0m [32m INFO[0m [1mserve_inner[0m[2m:[0m [2mrmcp::service[0m[2m:[0m serve finished [3mquit_reason[0m[2m=[0mClosed
2026-10-08T05:15:42.7096487Z [2m2026-10-08T05:15:42.709496Z[0m [32m INFO[0m [2mcc_server::mcp[0m[2m:[0m MCP server shut down gracefully
2026-10-08T05:15:42.7251252Z [2m2026-10-08T05:15:42.724655Z[0m [32m INFO[0m [1mserve_inner[0m[2m:[0m [2mrmcp::service[0m[2m:[0m Service initialized as server [3mpeer_info[0m[2m=[0mSome(InitializeRequestParams { meta: None, protocol_version: ProtocolVersion("2025-11-25"), capabilities: ClientCapabilities { experimental: None, extensions: None, roots: None, sampling: None, elicitation: None, tasks: None }, client_info: Implementation { name: "rmcp", title: None, version: "2.2.0", description: None, icons: None, website_url: None } })
2026-10-08T05:15:42.7255461Z [2m2026-10-08T05:15:42.724760Z[0m [32m INFO[0m [2mcc_server::mcp[0m[2m:[0m MCP server started on stdio
2026-10-08T05:15:42.7258232Z [2m2026-10-08T05:15:42.725115Z[0m [32m INFO[0m [1mserve_inner[0m[2m:[0m [2mrmcp::service[0m[2m:[0m received notification [3mnotification[0m[2m=[0mInitializedNotification(NotificationNoParam { method: InitializedNotificationMethod, extensions: Extensions })
2026-10-08T05:15:42.7259913Z [2m2026-10-08T05:15:42.725384Z[0m [32m INFO[0m [1mserve_inner[0m[2m:[0m [2mrmcp::handler::server[0m[2m:[0m client initialized
2026-10-08T05:15:42.7261126Z [2m2026-10-08T05:15:42.725864Z[0m [32m INFO[0m [2mcc_index::memory_budget[0m[2m:[0m memory budget initialized [3mtotal_ram_mb[0m[2m=[0m15989 [3mbudget_mb[0m[2m=[0m7994 [3mfraction[0m[2m=[0m0.5
2026-10-08T05:15:42.7281769Z [2m2026-10-08T05:15:42.727943Z[0m [33m WARN[0m [2mcc_index::dirty_closure[0m[2m:[0m dirty propagation: direct importers exceed budget; promoting a budget-sized prefix (consider full rebuild) [3mkept[0m[2m=[0m1 [3mdropped[0m[2m=[0m1 [3mmax[0m[2m=[0m1
2026-10-08T05:15:42.7297623Z [2m2026-10-08T05:15:42.729571Z[0m [32m INFO[0m [2mcc_index::indexer[0m[2m:[0m dirty propagation: loaded edge data for re-resolution [3mdirty_loaded[0m[2m=[0m1
2026-10-08T05:15:42.7308671Z [2m2026-10-08T05:15:42.730684Z[0m [32m INFO[0m [2mcc_index::memory_budget[0m[2m:[0m memory budget initialized [3mtotal_ram_mb[0m[2m=[0m15989 [3mbudget_mb[0m[2m=[0m7994 [3mfraction[0m[2m=[0m0.5
2026-10-08T05:15:42.7344790Z [2m2026-10-08T05:15:42.734297Z[0m [32m INFO[0m [2mcc_index::indexer_phases::write[0m[2m:[0m generated hierarchy edges [3mcount[0m[2m=[0m2
2026-10-08T05:15:42.7349601Z [2m2026-10-08T05:15:42.734758Z[0m [32m INFO[0m [2mcc_index::memory_budget[0m[2m:[0m memory budget initialized [3mtotal_ram_mb[0m[2m=[0m15989 [3mbudget_mb[0m[2m=[0m7994 [3mfraction[0m[2m=[0m0.5
2026-10-08T05:15:42.7386708Z [2m2026-10-08T05:15:42.738446Z[0m [32m INFO[0m [2mcc_index::memory_budget[0m[2m:[0m memory budget initialized [3mtotal_ram_mb[0m[2m=[0m15989 [3mbudget_mb[0m[2m=[0m7994 [3mfraction[0m[2m=[0m0.5
2026-10-08T05:15:42.7431795Z [2m2026-10-08T05:15:42.742970Z[0m [32m INFO[0m [2mcc_index::memory_budget[0m[2m:[0m memory budget initialized [3mtotal_ram_mb[0m[2m=[0m15989 [3mbudget_mb[0m[2m=[0m7994 [3mfraction[0m[2m=[0m0.5
2026-10-08T05:15:42.7460457Z [2m2026-10-08T05:15:42.745854Z[0m [32m INFO[0m [2mcc_index::indexer[0m[2m:[0m dirty propagation: loaded edge data for re-resolution [3mdirty_loaded[0m[2m=[0m1
2026-10-08T05:15:42.7468853Z [2m2026-10-08T05:15:42.746684Z[0m [32m INFO[0m [2mcc_index::memory_budget[0m[2m:[0m memory budget initialized [3mtotal_ram_mb[0m[2m=[0m15989 [3mbudget_mb[0m[2m=[0m7994 [3mfraction[0m[2m=[0m0.5
2026-10-08T05:15:42.7486456Z [2m2026-10-08T05:15:42.748467Z[0m [32m INFO[0m [2mcc_index::indexer_phases::write[0m[2m:[0m generated hierarchy edges [3mcount[0m[2m=[0m2
2026-10-08T05:15:42.7490959Z [2m2026-10-08T05:15:42.748894Z[0m [32m INFO[0m [2mcc_index::memory_budget[0m[2m:[0m memory budget initialized [3mtotal_ram_mb[0m[2m=[0m15989 [3mbudget_mb[0m[2m=[0m7994 [3mfraction[0m[2m=[0m0.5
2026-10-08T05:15:42.7526009Z [2m2026-10-08T05:15:42.752346Z[0m [32m INFO[0m [2mcc_index::memory_budget[0m[2m:[0m memory budget initialized [3mtotal_ram_mb[0m[2m=[0m15989 [3mbudget_mb[0m[2m=[0m7994 [3mfraction[0m[2m=[0m0.5
2026-10-08T05:15:42.7586362Z [2m2026-10-08T05:15:42.758439Z[0m [32m INFO[0m [1mserve_inner[0m[2m:[0m [2mrmcp::service[0m[2m:[0m input stream terminated
2026-10-08T05:15:42.7588145Z [2m2026-10-08T05:15:42.758533Z[0m [32m INFO[0m [1mserve_inner[0m[2m:[0m [2mrmcp::service[0m[2m:[0m serve finished [3mquit_reason[0m[2m=[0mClosed
2026-10-08T05:15:42.7589731Z [2m2026-10-08T05:15:42.758746Z[0m [32m INFO[0m [2mcc_server::mcp[0m[2m:[0m MCP server shut down gracefully
2026-10-08T05:15:42.7630254Z test p3a_real_mcp_configuration_only_retarget_and_restart ... ok
2026-10-08T05:15:42.7630705Z 
2026-10-08T05:15:42.7630972Z test result: ok. 1 passed; 0 failed; 0 ignored; 0 measured; 10 filtered out; finished in 0.29s
2026-10-08T05:15:42.7631329Z 
2026-10-08T05:15:42.7725557Z ##[group]Run CODECORTEX_BENCH_BINARY="$RUNNER_TEMP/p7-017-default/codecortex" \
2026-10-08T05:15:42.7726163Z [36;1mCODECORTEX_BENCH_BINARY="$RUNNER_TEMP/p7-017-default/codecortex" \[0m
2026-10-08T05:15:42.7726694Z [36;1mCODECORTEX_BENCH_OBSERVATIONS="$RUNNER_TEMP/p3b-observations" \[0m
2026-10-08T05:15:42.7727197Z [36;1m  cargo test -p cc-eval --test p3b_modules --locked -- --ignored[0m
2026-10-08T05:15:42.7787978Z shell: /usr/bin/bash -e {0}
2026-10-08T05:15:42.7788233Z env:
2026-10-08T05:15:42.7788444Z   CARGO_TERM_COLOR: always
2026-10-08T05:15:42.7788735Z   RUSTFLAGS: -D warnings
2026-10-08T05:15:42.7788986Z   CARGO_HOME: /home/runner/.cargo
2026-10-08T05:15:42.7789245Z   CARGO_INCREMENTAL: 0
2026-10-08T05:15:42.7789475Z   CACHE_ON_FAILURE: false
2026-10-08T05:15:42.7789698Z ##[endgroup]
2026-10-08T05:15:42.9027532Z [1m[92m    Finished[0m `test` profile [unoptimized + debuginfo] target(s) in 0.10s
2026-10-08T05:15:42.9082245Z [1m[92m     Running[0m tests/p3b_modules.rs (target/debug/deps/p3b_modules-2bc5bf3720e3095d)
2026-10-08T05:15:42.9220223Z 
2026-10-08T05:15:42.9220444Z running 1 test
2026-10-08T05:15:42.9526412Z [2m2026-10-08T05:15:42.952388Z[0m [32m INFO[0m [2mcc_db::index_migrate[0m[2m:[0m initializing index schema [3mversion[0m[2m=[0m25
2026-10-08T05:15:42.9737267Z [2m2026-10-08T05:15:42.973317Z[0m [32m INFO[0m [1mserve_inner[0m[2m:[0m [2mrmcp::service[0m[2m:[0m Service initialized as server [3mpeer_info[0m[2m=[0mSome(InitializeRequestParams { meta: None, protocol_version: ProtocolVersion("2025-11-25"), capabilities: ClientCapabilities { experimental: None, extensions: None, roots: None, sampling: None, elicitation: None, tasks: None }, client_info: Implementation { name: "rmcp", title: None, version: "2.2.0", description: None, icons: None, website_url: None } })
2026-10-08T05:15:42.9739548Z [2m2026-10-08T05:15:42.973406Z[0m [32m INFO[0m [2mcc_server::mcp[0m[2m:[0m MCP server started on stdio
2026-10-08T05:15:42.9805294Z [2m2026-10-08T05:15:42.980232Z[0m [32m INFO[0m [1mserve_inner[0m[2m:[0m [2mrmcp::service[0m[2m:[0m received notification [3mnotification[0m[2m=[0mInitializedNotification(NotificationNoParam { method: InitializedNotificationMethod, extensions: Extensions })
2026-10-08T05:15:42.9807219Z [2m2026-10-08T05:15:42.980330Z[0m [32m INFO[0m [1mserve_inner[0m[2m:[0m [2mrmcp::handler::server[0m[2m:[0m client initialized
2026-10-08T05:15:42.9848330Z [2m2026-10-08T05:15:42.984616Z[0m [32m INFO[0m [2mcc_index::memory_budget[0m[2m:[0m memory budget initialized [3mtotal_ram_mb[0m[2m=[0m15989 [3mbudget_mb[0m[2m=[0m7994 [3mfraction[0m[2m=[0m0.5
2026-10-08T05:15:43.0249471Z [2m2026-10-08T05:15:43.024634Z[0m [32m INFO[0m [2mcc_db::index_db_rebuild[0m[2m:[0m full rebuild: creating temp database [3mtmp[0m[2m=[0m/tmp/.tmpdOG3cO/.codecortex/index.sqlite3.tmp
2026-10-08T05:15:43.0849555Z [2m2026-10-08T05:15:43.084700Z[0m [32m INFO[0m [2mcc_db::index_db_rebuild[0m[2m:[0m full rebuild: writing data to temp database
2026-10-08T05:15:43.0912887Z [2m2026-10-08T05:15:43.091094Z[0m [32m INFO[0m [2mcc_db::index_db_rebuild[0m[2m:[0m full rebuild: recreating indexes
2026-10-08T05:15:43.1045318Z [2m2026-10-08T05:15:43.104326Z[0m [32m INFO[0m [2mcc_db::index_db_rebuild[0m[2m:[0m full rebuild: temp database ready for swap
2026-10-08T05:15:43.1047732Z [2m2026-10-08T05:15:43.104571Z[0m [32m INFO[0m [2mcc_index::memory_budget[0m[2m:[0m memory budget initialized [3mtotal_ram_mb[0m[2m=[0m15989 [3mbudget_mb[0m[2m=[0m7994 [3mfraction[0m[2m=[0m0.5
2026-10-08T05:15:43.1183602Z [2m2026-10-08T05:15:43.118151Z[0m [32m INFO[0m [2mcc_index::memory_budget[0m[2m:[0m memory budget initialized [3mtotal_ram_mb[0m[2m=[0m15989 [3mbudget_mb[0m[2m=[0m7994 [3mfraction[0m[2m=[0m0.5
2026-10-08T05:15:43.1229092Z [2m2026-10-08T05:15:43.122626Z[0m [32m INFO[0m [2mcc_index::memory_budget[0m[2m:[0m memory budget initialized [3mtotal_ram_mb[0m[2m=[0m15989 [3mbudget_mb[0m[2m=[0m7994 [3mfraction[0m[2m=[0m0.5
2026-10-08T05:15:43.1301964Z [2m2026-10-08T05:15:43.129955Z[0m [32m INFO[0m [2mcc_index::memory_budget[0m[2m:[0m memory budget initialized [3mtotal_ram_mb[0m[2m=[0m15989 [3mbudget_mb[0m[2m=[0m7994 [3mfraction[0m[2m=[0m0.5
2026-10-08T05:15:43.1319164Z [2m2026-10-08T05:15:43.131620Z[0m [33m WARN[0m [2mcc_index::dirty_closure[0m[2m:[0m dirty propagation: direct importers exceed budget; promoting a budget-sized prefix (consider full rebuild) [3mkept[0m[2m=[0m1 [3mdropped[0m[2m=[0m1 [3mmax[0m[2m=[0m1
2026-10-08T05:15:43.1332930Z [2m2026-10-08T05:15:43.133081Z[0m [32m INFO[0m [2mcc_index::indexer[0m[2m:[0m dirty propagation: loaded edge data for re-resolution [3mdirty_loaded[0m[2m=[0m1
2026-10-08T05:15:43.1345335Z [2m2026-10-08T05:15:43.134266Z[0m [32m INFO[0m [2mcc_index::memory_budget[0m[2m:[0m memory budget initialized [3mtotal_ram_mb[0m[2m=[0m15989 [3mbudget_mb[0m[2m=[0m7994 [3mfraction[0m[2m=[0m0.5
2026-10-08T05:15:43.1375556Z [2m2026-10-08T05:15:43.137335Z[0m [32m INFO[0m [2mcc_index::indexer_phases::write[0m[2m:[0m generated hierarchy edges [3mcount[0m[2m=[0m2
2026-10-08T05:15:43.1382788Z [2m2026-10-08T05:15:43.138036Z[0m [32m INFO[0m [2mcc_index::memory_budget[0m[2m:[0m memory budget initialized [3mtotal_ram_mb[0m[2m=[0m15989 [3mbudget_mb[0m[2m=[0m7994 [3mfraction[0m[2m=[0m0.5
2026-10-08T05:15:43.1420075Z [2m2026-10-08T05:15:43.141754Z[0m [32m INFO[0m [2mcc_index::memory_budget[0m[2m:[0m memory budget initialized [3mtotal_ram_mb[0m[2m=[0m15989 [3mbudget_mb[0m[2m=[0m7994 [3mfraction[0m[2m=[0m0.5
2026-10-08T05:15:43.1475963Z [2m2026-10-08T05:15:43.147425Z[0m [32m INFO[0m [1mserve_inner[0m[2m:[0m [2mrmcp::service[0m[2m:[0m input stream terminated
2026-10-08T05:15:43.1477730Z [2m2026-10-08T05:15:43.147532Z[0m [32m INFO[0m [1mserve_inner[0m[2m:[0m [2mrmcp::service[0m[2m:[0m serve finished [3mquit_reason[0m[2m=[0mClosed
2026-10-08T05:15:43.1479430Z [2m2026-10-08T05:15:43.147785Z[0m [32m INFO[0m [2mcc_server::mcp[0m[2m:[0m MCP server shut down gracefully
2026-10-08T05:15:43.1626133Z [2m2026-10-08T05:15:43.162017Z[0m [32m INFO[0m [1mserve_inner[0m[2m:[0m [2mrmcp::service[0m[2m:[0m Service initialized as server [3mpeer_info[0m[2m=[0mSome(InitializeRequestParams { meta: None, protocol_version: ProtocolVersion("2025-11-25"), capabilities: ClientCapabilities { experimental: None, extensions: None, roots: None, sampling: None, elicitation: None, tasks: None }, client_info: Implementation { name: "rmcp", title: None, version: "2.2.0", description: None, icons: None, website_url: None } })
2026-10-08T05:15:43.1630284Z [2m2026-10-08T05:15:43.162107Z[0m [32m INFO[0m [2mcc_server::mcp[0m[2m:[0m MCP server started on stdio
2026-10-08T05:15:43.1632721Z [2m2026-10-08T05:15:43.162456Z[0m [32m INFO[0m [1mserve_inner[0m[2m:[0m [2mrmcp::service[0m[2m:[0m received notification [3mnotification[0m[2m=[0mInitializedNotification(NotificationNoParam { method: InitializedNotificationMethod, extensions: Extensions })
2026-10-08T05:15:43.1634795Z [2m2026-10-08T05:15:43.162755Z[0m [32m INFO[0m [1mserve_inner[0m[2m:[0m [2mrmcp::handler::server[0m[2m:[0m client initialized
2026-10-08T05:15:43.1636867Z [2m2026-10-08T05:15:43.163268Z[0m [32m INFO[0m [2mcc_index::memory_budget[0m[2m:[0m memory budget initialized [3mtotal_ram_mb[0m[2m=[0m15989 [3mbudget_mb[0m[2m=[0m7994 [3mfraction[0m[2m=[0m0.5
2026-10-08T05:15:43.1658398Z [2m2026-10-08T05:15:43.165660Z[0m [33m WARN[0m [2mcc_index::dirty_closure[0m[2m:[0m dirty propagation: direct importers exceed budget; promoting a budget-sized prefix (consider full rebuild) [3mkept[0m[2m=[0m1 [3mdropped[0m[2m=[0m1 [3mmax[0m[2m=[0m1
2026-10-08T05:15:43.1673935Z [2m2026-10-08T05:15:43.167246Z[0m [32m INFO[0m [2mcc_index::indexer[0m[2m:[0m dirty propagation: loaded edge data for re-resolution [3mdirty_loaded[0m[2m=[0m1
2026-10-08T05:15:43.1686751Z [2m2026-10-08T05:15:43.168534Z[0m [32m INFO[0m [2mcc_index::memory_budget[0m[2m:[0m memory budget initialized [3mtotal_ram_mb[0m[2m=[0m15989 [3mbudget_mb[0m[2m=[0m7994 [3mfraction[0m[2m=[0m0.5
2026-10-08T05:15:43.1753733Z [2m2026-10-08T05:15:43.175199Z[0m [32m INFO[0m [2mcc_index::indexer_phases::write[0m[2m:[0m generated hierarchy edges [3mcount[0m[2m=[0m2
2026-10-08T05:15:43.1760814Z [2m2026-10-08T05:15:43.175932Z[0m [32m INFO[0m [2mcc_index::memory_budget[0m[2m:[0m memory budget initialized [3mtotal_ram_mb[0m[2m=[0m15989 [3mbudget_mb[0m[2m=[0m7994 [3mfraction[0m[2m=[0m0.5
2026-10-08T05:15:43.1798904Z [2m2026-10-08T05:15:43.179719Z[0m [32m INFO[0m [2mcc_index::memory_budget[0m[2m:[0m memory budget initialized [3mtotal_ram_mb[0m[2m=[0m15989 [3mbudget_mb[0m[2m=[0m7994 [3mfraction[0m[2m=[0m0.5
2026-10-08T05:15:43.1846072Z [2m2026-10-08T05:15:43.184427Z[0m [32m INFO[0m [2mcc_index::memory_budget[0m[2m:[0m memory budget initialized [3mtotal_ram_mb[0m[2m=[0m15989 [3mbudget_mb[0m[2m=[0m7994 [3mfraction[0m[2m=[0m0.5
2026-10-08T05:15:43.1874147Z [2m2026-10-08T05:15:43.187280Z[0m [32m INFO[0m [2mcc_index::indexer[0m[2m:[0m dirty propagation: loaded edge data for re-resolution [3mdirty_loaded[0m[2m=[0m1
2026-10-08T05:15:43.1884303Z [2m2026-10-08T05:15:43.188277Z[0m [32m INFO[0m [2mcc_index::memory_budget[0m[2m:[0m memory budget initialized [3mtotal_ram_mb[0m[2m=[0m15989 [3mbudget_mb[0m[2m=[0m7994 [3mfraction[0m[2m=[0m0.5
2026-10-08T05:15:43.1904242Z [2m2026-10-08T05:15:43.190274Z[0m [32m INFO[0m [2mcc_index::indexer_phases::write[0m[2m:[0m generated hierarchy edges [3mcount[0m[2m=[0m2
2026-10-08T05:15:43.1910172Z [2m2026-10-08T05:15:43.190842Z[0m [32m INFO[0m [2mcc_index::memory_budget[0m[2m:[0m memory budget initialized [3mtotal_ram_mb[0m[2m=[0m15989 [3mbudget_mb[0m[2m=[0m7994 [3mfraction[0m[2m=[0m0.5
2026-10-08T05:15:43.1945847Z [2m2026-10-08T05:15:43.194384Z[0m [32m INFO[0m [2mcc_index::memory_budget[0m[2m:[0m memory budget initialized [3mtotal_ram_mb[0m[2m=[0m15989 [3mbudget_mb[0m[2m=[0m7994 [3mfraction[0m[2m=[0m0.5
2026-10-08T05:15:43.2009018Z [2m2026-10-08T05:15:43.200555Z[0m [32m INFO[0m [1mserve_inner[0m[2m:[0m [2mrmcp::service[0m[2m:[0m input stream terminated
2026-10-08T05:15:43.2010530Z [2m2026-10-08T05:15:43.200629Z[0m [32m INFO[0m [1mserve_inner[0m[2m:[0m [2mrmcp::service[0m[2m:[0m serve finished [3mquit_reason[0m[2m=[0mClosed
2026-10-08T05:15:43.2011653Z [2m2026-10-08T05:15:43.200855Z[0m [32m INFO[0m [2mcc_server::mcp[0m[2m:[0m MCP server shut down gracefully
2026-10-08T05:15:43.2057821Z test real_mcp_package_configuration_retarget_resumes_after_restart ... ok
2026-10-08T05:15:43.2058364Z 
2026-10-08T05:15:43.2058767Z test result: ok. 1 passed; 0 failed; 0 ignored; 0 measured; 7 filtered out; finished in 0.28s
2026-10-08T05:15:43.2059339Z 
2026-10-08T05:15:43.2182863Z ##[group]Run CODECORTEX_BENCH_BINARY="$RUNNER_TEMP/p7-017-default/codecortex" \
2026-10-08T05:15:43.2183936Z [36;1mCODECORTEX_BENCH_BINARY="$RUNNER_TEMP/p7-017-default/codecortex" \[0m
2026-10-08T05:15:43.2185202Z [36;1mCODECORTEX_BENCH_OBSERVATIONS="$RUNNER_TEMP/p3c-observations" \[0m
2026-10-08T05:15:43.2185781Z [36;1m  cargo test -p cc-eval --test p3c_modules --locked -- --ignored[0m
2026-10-08T05:15:43.2272473Z shell: /usr/bin/bash -e {0}
2026-10-08T05:15:43.2272925Z env:
2026-10-08T05:15:43.2273277Z   CARGO_TERM_COLOR: always
2026-10-08T05:15:43.2273722Z   RUSTFLAGS: -D warnings
2026-10-08T05:15:43.2274140Z   CARGO_HOME: /home/runner/.cargo
2026-10-08T05:15:43.2274608Z   CARGO_INCREMENTAL: 0
2026-10-08T05:15:43.2275254Z   CACHE_ON_FAILURE: false
2026-10-08T05:15:43.2275656Z ##[endgroup]
2026-10-08T05:15:43.3537888Z [1m[92m    Finished[0m `test` profile [unoptimized + debuginfo] target(s) in 0.10s
2026-10-08T05:15:43.3590697Z [1m[92m     Running[0m tests/p3c_modules.rs (target/debug/deps/p3c_modules-f35833785d752fd9)
2026-10-08T05:15:43.3735220Z 
2026-10-08T05:15:43.3735825Z running 1 test
2026-10-08T05:15:43.4045848Z [2m2026-10-08T05:15:43.404363Z[0m [32m INFO[0m [2mcc_db::index_migrate[0m[2m:[0m initializing index schema [3mversion[0m[2m=[0m25
2026-10-08T05:15:43.4262900Z [2m2026-10-08T05:15:43.425925Z[0m [32m INFO[0m [1mserve_inner[0m[2m:[0m [2mrmcp::service[0m[2m:[0m Service initialized as server [3mpeer_info[0m[2m=[0mSome(InitializeRequestParams { meta: None, protocol_version: ProtocolVersion("2025-11-25"), capabilities: ClientCapabilities { experimental: None, extensions: None, roots: None, sampling: None, elicitation: None, tasks: None }, client_info: Implementation { name: "rmcp", title: None, version: "2.2.0", description: None, icons: None, website_url: None } })
2026-10-08T05:15:43.4265762Z [2m2026-10-08T05:15:43.426016Z[0m [32m INFO[0m [2mcc_server::mcp[0m[2m:[0m MCP server started on stdio
2026-10-08T05:15:43.4324667Z [2m2026-10-08T05:15:43.432168Z[0m [32m INFO[0m [1mserve_inner[0m[2m:[0m [2mrmcp::service[0m[2m:[0m received notification [3mnotification[0m[2m=[0mInitializedNotification(NotificationNoParam { method: InitializedNotificationMethod, extensions: Extensions })
2026-10-08T05:15:43.4326686Z [2m2026-10-08T05:15:43.432269Z[0m [32m INFO[0m [1mserve_inner[0m[2m:[0m [2mrmcp::handler::server[0m[2m:[0m client initialized
2026-10-08T05:15:43.4373973Z [2m2026-10-08T05:15:43.437175Z[0m [32m INFO[0m [2mcc_index::memory_budget[0m[2m:[0m memory budget initialized [3mtotal_ram_mb[0m[2m=[0m15989 [3mbudget_mb[0m[2m=[0m7994 [3mfraction[0m[2m=[0m0.5
2026-10-08T05:15:43.4608559Z [2m2026-10-08T05:15:43.460642Z[0m [32m INFO[0m [2mcc_db::index_db_rebuild[0m[2m:[0m full rebuild: creating temp database [3mtmp[0m[2m=[0m/tmp/.tmpFIePSP/.codecortex/index.sqlite3.tmp
2026-10-08T05:15:43.5217297Z [2m2026-10-08T05:15:43.521513Z[0m [32m INFO[0m [2mcc_db::index_db_rebuild[0m[2m:[0m full rebuild: writing data to temp database
2026-10-08T05:15:43.5300744Z [2m2026-10-08T05:15:43.529888Z[0m [32m INFO[0m [2mcc_db::index_db_rebuild[0m[2m:[0m full rebuild: recreating indexes
2026-10-08T05:15:43.5436224Z [2m2026-10-08T05:15:43.543428Z[0m [32m INFO[0m [2mcc_db::index_db_rebuild[0m[2m:[0m full rebuild: temp database ready for swap
2026-10-08T05:15:43.5438941Z [2m2026-10-08T05:15:43.543707Z[0m [32m INFO[0m [2mcc_index::memory_budget[0m[2m:[0m memory budget initialized [3mtotal_ram_mb[0m[2m=[0m15989 [3mbudget_mb[0m[2m=[0m7994 [3mfraction[0m[2m=[0m0.5
2026-10-08T05:15:43.5570023Z [2m2026-10-08T05:15:43.556789Z[0m [32m INFO[0m [2mcc_index::memory_budget[0m[2m:[0m memory budget initialized [3mtotal_ram_mb[0m[2m=[0m15989 [3mbudget_mb[0m[2m=[0m7994 [3mfraction[0m[2m=[0m0.5
2026-10-08T05:15:43.5615212Z [2m2026-10-08T05:15:43.561242Z[0m [32m INFO[0m [2mcc_index::memory_budget[0m[2m:[0m memory budget initialized [3mtotal_ram_mb[0m[2m=[0m15989 [3mbudget_mb[0m[2m=[0m7994 [3mfraction[0m[2m=[0m0.5
2026-10-08T05:15:43.5687615Z [2m2026-10-08T05:15:43.568574Z[0m [32m INFO[0m [2mcc_index::memory_budget[0m[2m:[0m memory budget initialized [3mtotal_ram_mb[0m[2m=[0m15989 [3mbudget_mb[0m[2m=[0m7994 [3mfraction[0m[2m=[0m0.5
2026-10-08T05:15:43.5725861Z [2m2026-10-08T05:15:43.572371Z[0m [33m WARN[0m [2mcc_index::dirty_closure[0m[2m:[0m dirty propagation: direct importers exceed budget; promoting a budget-sized prefix (consider full rebuild) [3mkept[0m[2m=[0m1 [3mdropped[0m[2m=[0m1 [3mmax[0m[2m=[0m1
2026-10-08T05:15:43.5740072Z [2m2026-10-08T05:15:43.573865Z[0m [32m INFO[0m [2mcc_index::indexer[0m[2m:[0m dirty propagation: loaded edge data for re-resolution [3mdirty_loaded[0m[2m=[0m1
2026-10-08T05:15:43.5754041Z [2m2026-10-08T05:15:43.575247Z[0m [32m INFO[0m [2mcc_index::memory_budget[0m[2m:[0m memory budget initialized [3mtotal_ram_mb[0m[2m=[0m15989 [3mbudget_mb[0m[2m=[0m7994 [3mfraction[0m[2m=[0m0.5
2026-10-08T05:15:43.5783446Z [2m2026-10-08T05:15:43.578214Z[0m [32m INFO[0m [2mcc_index::indexer_phases::write[0m[2m:[0m generated hierarchy edges [3mcount[0m[2m=[0m2
2026-10-08T05:15:43.5791101Z [2m2026-10-08T05:15:43.578951Z[0m [32m INFO[0m [2mcc_index::memory_budget[0m[2m:[0m memory budget initialized [3mtotal_ram_mb[0m[2m=[0m15989 [3mbudget_mb[0m[2m=[0m7994 [3mfraction[0m[2m=[0m0.5
2026-10-08T05:15:43.5828519Z [2m2026-10-08T05:15:43.582689Z[0m [32m INFO[0m [2mcc_index::memory_budget[0m[2m:[0m memory budget initialized [3mtotal_ram_mb[0m[2m=[0m15989 [3mbudget_mb[0m[2m=[0m7994 [3mfraction[0m[2m=[0m0.5
2026-10-08T05:15:43.5882397Z [2m2026-10-08T05:15:43.588034Z[0m [32m INFO[0m [1mserve_inner[0m[2m:[0m [2mrmcp::service[0m[2m:[0m input stream terminated
2026-10-08T05:15:43.5884203Z [2m2026-10-08T05:15:43.588115Z[0m [32m INFO[0m [1mserve_inner[0m[2m:[0m [2mrmcp::service[0m[2m:[0m serve finished [3mquit_reason[0m[2m=[0mClosed
2026-10-08T05:15:43.5886047Z [2m2026-10-08T05:15:43.588338Z[0m [32m INFO[0m [2mcc_server::mcp[0m[2m:[0m MCP server shut down gracefully
2026-10-08T05:15:43.6028947Z [2m2026-10-08T05:15:43.602480Z[0m [32m INFO[0m [1mserve_inner[0m[2m:[0m [2mrmcp::service[0m[2m:[0m Service initialized as server [3mpeer_info[0m[2m=[0mSome(InitializeRequestParams { meta: None, protocol_version: ProtocolVersion("2025-11-25"), capabilities: ClientCapabilities { experimental: None, extensions: None, roots: None, sampling: None, elicitation: None, tasks: None }, client_info: Implementation { name: "rmcp", title: None, version: "2.2.0", description: None, icons: None, website_url: None } })
2026-10-08T05:15:43.6031913Z [2m2026-10-08T05:15:43.602609Z[0m [32m INFO[0m [2mcc_server::mcp[0m[2m:[0m MCP server started on stdio
2026-10-08T05:15:43.6034860Z [2m2026-10-08T05:15:43.602981Z[0m [32m INFO[0m [1mserve_inner[0m[2m:[0m [2mrmcp::service[0m[2m:[0m received notification [3mnotification[0m[2m=[0mInitializedNotification(NotificationNoParam { method: InitializedNotificationMethod, extensions: Extensions })
2026-10-08T05:15:43.6037356Z [2m2026-10-08T05:15:43.603205Z[0m [32m INFO[0m [1mserve_inner[0m[2m:[0m [2mrmcp::handler::server[0m[2m:[0m client initialized
2026-10-08T05:15:43.6039291Z [2m2026-10-08T05:15:43.603790Z[0m [32m INFO[0m [2mcc_index::memory_budget[0m[2m:[0m memory budget initialized [3mtotal_ram_mb[0m[2m=[0m15989 [3mbudget_mb[0m[2m=[0m7994 [3mfraction[0m[2m=[0m0.5
2026-10-08T05:15:43.6086112Z [2m2026-10-08T05:15:43.608412Z[0m [33m WARN[0m [2mcc_index::dirty_closure[0m[2m:[0m dirty propagation: direct importers exceed budget; promoting a budget-sized prefix (consider full rebuild) [3mkept[0m[2m=[0m1 [3mdropped[0m[2m=[0m1 [3mmax[0m[2m=[0m1
2026-10-08T05:15:43.6101440Z [2m2026-10-08T05:15:43.609995Z[0m [32m INFO[0m [2mcc_index::indexer[0m[2m:[0m dirty propagation: loaded edge data for re-resolution [3mdirty_loaded[0m[2m=[0m1
2026-10-08T05:15:43.6116735Z [2m2026-10-08T05:15:43.611485Z[0m [32m INFO[0m [2mcc_index::memory_budget[0m[2m:[0m memory budget initialized [3mtotal_ram_mb[0m[2m=[0m15989 [3mbudget_mb[0m[2m=[0m7994 [3mfraction[0m[2m=[0m0.5
2026-10-08T05:15:43.6152504Z [2m2026-10-08T05:15:43.615120Z[0m [32m INFO[0m [2mcc_index::indexer_phases::write[0m[2m:[0m generated hierarchy edges [3mcount[0m[2m=[0m2
2026-10-08T05:15:43.6159428Z [2m2026-10-08T05:15:43.615792Z[0m [32m INFO[0m [2mcc_index::memory_budget[0m[2m:[0m memory budget initialized [3mtotal_ram_mb[0m[2m=[0m15989 [3mbudget_mb[0m[2m=[0m7994 [3mfraction[0m[2m=[0m0.5
2026-10-08T05:15:43.6198563Z [2m2026-10-08T05:15:43.619685Z[0m [32m INFO[0m [2mcc_index::memory_budget[0m[2m:[0m memory budget initialized [3mtotal_ram_mb[0m[2m=[0m15989 [3mbudget_mb[0m[2m=[0m7994 [3mfraction[0m[2m=[0m0.5
2026-10-08T05:15:43.6246764Z [2m2026-10-08T05:15:43.624431Z[0m [32m INFO[0m [2mcc_index::memory_budget[0m[2m:[0m memory budget initialized [3mtotal_ram_mb[0m[2m=[0m15989 [3mbudget_mb[0m[2m=[0m7994 [3mfraction[0m[2m=[0m0.5
2026-10-08T05:15:43.6297591Z [2m2026-10-08T05:15:43.629590Z[0m [32m INFO[0m [2mcc_index::indexer[0m[2m:[0m dirty propagation: loaded edge data for re-resolution [3mdirty_loaded[0m[2m=[0m1
2026-10-08T05:15:43.6309864Z [2m2026-10-08T05:15:43.630822Z[0m [32m INFO[0m [2mcc_index::memory_budget[0m[2m:[0m memory budget initialized [3mtotal_ram_mb[0m[2m=[0m15989 [3mbudget_mb[0m[2m=[0m7994 [3mfraction[0m[2m=[0m0.5
2026-10-08T05:15:43.6328419Z [2m2026-10-08T05:15:43.632709Z[0m [32m INFO[0m [2mcc_index::indexer_phases::write[0m[2m:[0m generated hierarchy edges [3mcount[0m[2m=[0m2
2026-10-08T05:15:43.6335521Z [2m2026-10-08T05:15:43.633338Z[0m [32m INFO[0m [2mcc_index::memory_budget[0m[2m:[0m memory budget initialized [3mtotal_ram_mb[0m[2m=[0m15989 [3mbudget_mb[0m[2m=[0m7994 [3mfraction[0m[2m=[0m0.5
2026-10-08T05:15:43.6373381Z [2m2026-10-08T05:15:43.637170Z[0m [32m INFO[0m [2mcc_index::memory_budget[0m[2m:[0m memory budget initialized [3mtotal_ram_mb[0m[2m=[0m15989 [3mbudget_mb[0m[2m=[0m7994 [3mfraction[0m[2m=[0m0.5
2026-10-08T05:15:43.6411703Z [2m2026-10-08T05:15:43.640980Z[0m [32m INFO[0m [1mserve_inner[0m[2m:[0m [2mrmcp::service[0m[2m:[0m input stream terminated
2026-10-08T05:15:43.6413825Z [2m2026-10-08T05:15:43.641052Z[0m [32m INFO[0m [1mserve_inner[0m[2m:[0m [2mrmcp::service[0m[2m:[0m serve finished [3mquit_reason[0m[2m=[0mClosed
2026-10-08T05:15:43.6418144Z [2m2026-10-08T05:15:43.641650Z[0m [32m INFO[0m [2mcc_server::mcp[0m[2m:[0m MCP server shut down gracefully
2026-10-08T05:15:43.8918473Z test p3c_real_mcp_go_work_only_change_resumes_across_restart ... ok
2026-10-08T05:15:43.8918844Z 
2026-10-08T05:15:43.8919123Z test result: ok. 1 passed; 0 failed; 0 ignored; 0 measured; 4 filtered out; finished in 0.52s
2026-10-08T05:15:43.8919502Z 
2026-10-08T05:15:43.9017030Z ##[group]Run python3 -I -S scripts/module_oracles.py --output "$RUNNER_TEMP/p3c-module-oracles" --toolchain stable
2026-10-08T05:15:43.9017857Z [36;1mpython3 -I -S scripts/module_oracles.py --output "$RUNNER_TEMP/p3c-module-oracles" --toolchain stable[0m
2026-10-08T05:15:43.9078110Z shell: /usr/bin/bash -e {0}
2026-10-08T05:15:43.9078367Z env:
2026-10-08T05:15:43.9078565Z   CARGO_TERM_COLOR: always
2026-10-08T05:15:43.9078810Z   RUSTFLAGS: -D warnings
2026-10-08T05:15:43.9079052Z   CARGO_HOME: /home/runner/.cargo
2026-10-08T05:15:43.9079311Z   CARGO_INCREMENTAL: 0
2026-10-08T05:15:43.9079530Z   CACHE_ON_FAILURE: false
2026-10-08T05:15:43.9079752Z ##[endgroup]
2026-10-08T05:15:53.1397313Z {
2026-10-08T05:15:53.1397738Z   "status": "passed_available_scope",
2026-10-08T05:15:53.1398191Z   "cases": [
2026-10-08T05:15:53.1398484Z     [
2026-10-08T05:15:53.1398762Z       "rust-path",
2026-10-08T05:15:53.1399084Z       "passed"
2026-10-08T05:15:53.1399380Z     ],
2026-10-08T05:15:53.1399717Z     [
2026-10-08T05:15:53.1400027Z       "rust-default-feature",
2026-10-08T05:15:53.1400406Z       "passed"
2026-10-08T05:15:53.1400696Z     ],
2026-10-08T05:15:53.1400968Z     [
2026-10-08T05:15:53.1401264Z       "python-relative",
2026-10-08T05:15:53.1401610Z       "passed"
2026-10-08T05:15:53.1401919Z     ],
2026-10-08T05:15:53.1402189Z     [
2026-10-08T05:15:53.1402484Z       "python-namespace-order",
2026-10-08T05:15:53.1402861Z       "passed"
2026-10-08T05:15:53.1403145Z     ],
2026-10-08T05:15:53.1403405Z     [
2026-10-08T05:15:53.1403679Z       "go-workspace",
2026-10-08T05:15:53.1404004Z       "passed"
2026-10-08T05:15:53.1404278Z     ],
2026-10-08T05:15:53.1404530Z     [
2026-10-08T05:15:53.1404795Z       "go-replace",
2026-10-08T05:15:53.1405382Z       "passed"
2026-10-08T05:15:53.1405706Z     ]
2026-10-08T05:15:53.1405997Z   ]
2026-10-08T05:15:53.1406247Z }
2026-10-08T05:15:53.1505618Z ##[group]Run python3 scripts/check_module_architecture.py
2026-10-08T05:15:53.1506182Z [36;1mpython3 scripts/check_module_architecture.py[0m
2026-10-08T05:15:53.1506631Z [36;1mCODECORTEX_BENCH_BINARY="$RUNNER_TEMP/p7-017-default/codecortex" \[0m
2026-10-08T05:15:53.1507148Z [36;1mCODECORTEX_BENCH_OBSERVATIONS="$RUNNER_TEMP/p3d-observations" \[0m
2026-10-08T05:15:53.1507648Z [36;1m  cargo test -p cc-eval --test p3d_modules --locked -- --ignored[0m
2026-10-08T05:15:53.1566933Z shell: /usr/bin/bash -e {0}
2026-10-08T05:15:53.1567193Z env:
2026-10-08T05:15:53.1567394Z   CARGO_TERM_COLOR: always
2026-10-08T05:15:53.1567655Z   RUSTFLAGS: -D warnings
2026-10-08T05:15:53.1567898Z   CARGO_HOME: /home/runner/.cargo
2026-10-08T05:15:53.1568147Z   CARGO_INCREMENTAL: 0
2026-10-08T05:15:53.1568366Z   CACHE_ON_FAILURE: false
2026-10-08T05:15:53.1568594Z ##[endgroup]
2026-10-08T05:15:53.1982087Z {
2026-10-08T05:15:53.1982438Z   "status": "passed",
2026-10-08T05:15:53.1982760Z   "database_schema": 25,
2026-10-08T05:15:53.1983094Z   "database_schema_policy": "rebuild_on_mismatch",
2026-10-08T05:15:53.1983465Z   "project_model_version": 3,
2026-10-08T05:15:53.1983757Z   "legacy_module_path_removed": true,
2026-10-08T05:15:53.1984211Z   "module_io_guard": "narrow lexical source guard; not complete static analysis",
2026-10-08T05:15:53.1984680Z   "declared_test_files": [
2026-10-08T05:15:53.1985609Z     "crates/cc-db/tests/ci_schema_guard_contract.rs",
2026-10-08T05:15:53.1985990Z     "crates/cc-eval/tests/p3b_modules.rs",
2026-10-08T05:15:53.1986314Z     "crates/cc-eval/tests/p3c_modules.rs",
2026-10-08T05:15:53.1986638Z     "crates/cc-eval/tests/p3d_cost.rs",
2026-10-08T05:15:53.1986957Z     "crates/cc-eval/tests/p3d_modules.rs",
2026-10-08T05:15:53.1987305Z     "crates/cc-index/src/module_resolution/mod.rs",
2026-10-08T05:15:53.1987682Z     "crates/cc-index/tests/p3a_project_model.rs",
2026-10-08T05:15:53.1988039Z     "crates/cc-index/tests/p3b_modules.rs",
2026-10-08T05:15:53.1988370Z     "crates/cc-index/tests/p3c_modules.rs",
2026-10-08T05:15:53.1988701Z     "crates/cc-index/tests/p3d_boundaries.rs",
2026-10-08T05:15:53.1989035Z     "crates/cc-model/src/input_file.rs"
2026-10-08T05:15:53.1989323Z   ]
2026-10-08T05:15:53.1989511Z }
2026-10-08T05:15:53.3306109Z [1m[92m    Finished[0m `test` profile [unoptimized + debuginfo] target(s) in 0.12s
2026-10-08T05:15:53.3367077Z [1m[92m     Running[0m tests/p3d_modules.rs (target/debug/deps/p3d_modules-12007f3999224d50)
2026-10-08T05:15:53.3511594Z 
2026-10-08T05:15:53.3511781Z running 1 test
2026-10-08T05:15:53.3822487Z [2m2026-10-08T05:15:53.381802Z[0m [32m INFO[0m [2mcc_db::index_migrate[0m[2m:[0m initializing index schema [3mversion[0m[2m=[0m25
2026-10-08T05:15:53.4043470Z [2m2026-10-08T05:15:53.403821Z[0m [32m INFO[0m [1mserve_inner[0m[2m:[0m [2mrmcp::service[0m[2m:[0m Service initialized as server [3mpeer_info[0m[2m=[0mSome(InitializeRequestParams { meta: None, protocol_version: ProtocolVersion("2025-11-25"), capabilities: ClientCapabilities { experimental: None, extensions: None, roots: None, sampling: None, elicitation: None, tasks: None }, client_info: Implementation { name: "rmcp", title: None, version: "2.2.0", description: None, icons: None, website_url: None } })
2026-10-08T05:15:53.4047160Z [2m2026-10-08T05:15:53.403911Z[0m [32m INFO[0m [2mcc_server::mcp[0m[2m:[0m MCP server started on stdio
2026-10-08T05:15:53.4116182Z [2m2026-10-08T05:15:53.411270Z[0m [32m INFO[0m [1mserve_inner[0m[2m:[0m [2mrmcp::service[0m[2m:[0m received notification [3mnotification[0m[2m=[0mInitializedNotification(NotificationNoParam { method: InitializedNotificationMethod, extensions: Extensions })
2026-10-08T05:15:53.4118206Z [2m2026-10-08T05:15:53.411400Z[0m [32m INFO[0m [1mserve_inner[0m[2m:[0m [2mrmcp::handler::server[0m[2m:[0m client initialized
2026-10-08T05:15:53.4157272Z [2m2026-10-08T05:15:53.415454Z[0m [32m INFO[0m [2mcc_index::memory_budget[0m[2m:[0m memory budget initialized [3mtotal_ram_mb[0m[2m=[0m15989 [3mbudget_mb[0m[2m=[0m7994 [3mfraction[0m[2m=[0m0.5
2026-10-08T05:15:53.5293933Z [2m2026-10-08T05:15:53.529088Z[0m [32m INFO[0m [2mcc_db::index_db_rebuild[0m[2m:[0m full rebuild: creating temp database [3mtmp[0m[2m=[0m/tmp/.tmplQynHZ/.codecortex/index.sqlite3.tmp
2026-10-08T05:15:53.5940207Z [2m2026-10-08T05:15:53.593741Z[0m [32m INFO[0m [2mcc_db::index_db_rebuild[0m[2m:[0m full rebuild: writing data to temp database
2026-10-08T05:15:53.6174023Z [2m2026-10-08T05:15:53.617181Z[0m [32m INFO[0m [2mcc_db::index_db_rebuild[0m[2m:[0m full rebuild: recreating indexes
2026-10-08T05:15:53.6320556Z [2m2026-10-08T05:15:53.631864Z[0m [32m INFO[0m [2mcc_db::index_db_rebuild[0m[2m:[0m full rebuild: temp database ready for swap
2026-10-08T05:15:53.6325426Z [2m2026-10-08T05:15:53.632288Z[0m [32m INFO[0m [2mcc_index::memory_budget[0m[2m:[0m memory budget initialized [3mtotal_ram_mb[0m[2m=[0m15989 [3mbudget_mb[0m[2m=[0m7994 [3mfraction[0m[2m=[0m0.5
2026-10-08T05:15:53.6489575Z [2m2026-10-08T05:15:53.648715Z[0m [32m INFO[0m [2mcc_index::memory_budget[0m[2m:[0m memory budget initialized [3mtotal_ram_mb[0m[2m=[0m15989 [3mbudget_mb[0m[2m=[0m7994 [3mfraction[0m[2m=[0m0.5
2026-10-08T05:15:53.6538778Z [2m2026-10-08T05:15:53.653629Z[0m [32m INFO[0m [2mcc_index::memory_budget[0m[2m:[0m memory budget initialized [3mtotal_ram_mb[0m[2m=[0m15989 [3mbudget_mb[0m[2m=[0m7994 [3mfraction[0m[2m=[0m0.5
2026-10-08T05:15:53.6728880Z [2m2026-10-08T05:15:53.672680Z[0m [32m INFO[0m [1mserve_inner[0m[2m:[0m [2mrmcp::service[0m[2m:[0m input stream terminated
2026-10-08T05:15:53.6730832Z [2m2026-10-08T05:15:53.672750Z[0m [32m INFO[0m [1mserve_inner[0m[2m:[0m [2mrmcp::service[0m[2m:[0m serve finished [3mquit_reason[0m[2m=[0mClosed
2026-10-08T05:15:53.6732515Z [2m2026-10-08T05:15:53.672978Z[0m [32m INFO[0m [2mcc_server::mcp[0m[2m:[0m MCP server shut down gracefully
2026-10-08T05:15:53.6796353Z test real_mcp_multilanguage_graph_keeps_concrete_target_files ... ok
2026-10-08T05:15:53.6796882Z 
2026-10-08T05:15:53.6797139Z test result: ok. 1 passed; 0 failed; 0 ignored; 0 measured; 1 filtered out; finished in 0.33s
2026-10-08T05:15:53.6797489Z 
2026-10-08T05:15:53.6891344Z ##[group]Run python3 scripts/check_source_architecture.py
2026-10-08T05:15:53.6891793Z [36;1mpython3 scripts/check_source_architecture.py[0m
2026-10-08T05:15:53.6892256Z [36;1mCODECORTEX_BENCH_BINARY="$RUNNER_TEMP/p7-017-default/codecortex" \[0m
2026-10-08T05:15:53.6892767Z [36;1mCODECORTEX_BENCH_OBSERVATIONS="$RUNNER_TEMP/p4a-observations" \[0m
2026-10-08T05:15:53.6893251Z [36;1m  cargo test -p cc-eval --test p4a_source --locked -- --ignored[0m
2026-10-08T05:15:53.6952931Z shell: /usr/bin/bash -e {0}
2026-10-08T05:15:53.6953189Z env:
2026-10-08T05:15:53.6953411Z   CARGO_TERM_COLOR: always
2026-10-08T05:15:53.6953677Z   RUSTFLAGS: -D warnings
2026-10-08T05:15:53.6953933Z   CARGO_HOME: /home/runner/.cargo
2026-10-08T05:15:53.6954186Z   CARGO_INCREMENTAL: 0
2026-10-08T05:15:53.6954404Z   CACHE_ON_FAILURE: false
2026-10-08T05:15:53.6954627Z ##[endgroup]
2026-10-08T05:15:56.1265088Z .........
2026-10-08T05:15:56.1265961Z ----------------------------------------------------------------------
2026-10-08T05:15:56.1266589Z Ran 9 tests in 1.823s
2026-10-08T05:15:56.1266813Z 
2026-10-08T05:15:56.1266925Z OK
2026-10-08T05:15:56.1354807Z {
2026-10-08T05:15:56.1355384Z   "status": "passed",
2026-10-08T05:15:56.1356503Z   "scope": "lexical ownership/single-chunker/no-persisted-tree checks plus explicit runtime/unit tests; not full program verification",
2026-10-08T05:15:56.1358437Z   "generation_guard": "function-scoped assembly callback, hydrator finish, persistent-generation comparison and accepted-generation dispatch annotation; comments excluded",
2026-10-08T05:15:56.1360069Z   "generation_behavior_tests": "crates/cc-eval/tests/ci_generation_guard_contract.rs",
2026-10-08T05:15:56.1360794Z   "ast_producers": 6,
2026-10-08T05:15:56.1361347Z   "production_chunk_core": "SourceStructure -> Partition -> coalesce",
2026-10-08T05:15:56.1362014Z   "legacy_line_constructor_removed": true,
2026-10-08T05:15:56.1362528Z   "persisted_tree_types": 0,
2026-10-08T05:15:56.1362929Z   "storage_paths": [
2026-10-08T05:15:56.1363291Z     "scalar",
2026-10-08T05:15:56.1363602Z     "table_major"
2026-10-08T05:15:56.1363947Z   ],
2026-10-08T05:15:56.1364323Z   "source_doc": "docs/internals/SOURCE_CHUNKS.md"
2026-10-08T05:15:56.1365177Z }
2026-10-08T05:15:56.2593117Z [1m[92m    Finished[0m `test` profile [unoptimized + debuginfo] target(s) in 0.11s
2026-10-08T05:15:56.2652455Z [1m[92m     Running[0m tests/p4a_source.rs (target/debug/deps/p4a_source-fdebac1b7418cfdd)
2026-10-08T05:15:56.2795695Z 
2026-10-08T05:15:56.2795922Z running 1 test
2026-10-08T05:15:56.3035429Z [2m2026-10-08T05:15:56.303304Z[0m [32m INFO[0m [2mcc_db::index_migrate[0m[2m:[0m initializing index schema [3mversion[0m[2m=[0m25
2026-10-08T05:15:56.3277142Z [2m2026-10-08T05:15:56.327323Z[0m [32m INFO[0m [2mcc_index::memory_budget[0m[2m:[0m memory budget initialized [3mtotal_ram_mb[0m[2m=[0m15989 [3mbudget_mb[0m[2m=[0m7994 [3mfraction[0m[2m=[0m0.5
2026-10-08T05:15:56.3282460Z [2m2026-10-08T05:15:56.327536Z[0m [32m INFO[0m [1mserve_inner[0m[2m:[0m [2mrmcp::service[0m[2m:[0m Service initialized as server [3mpeer_info[0m[2m=[0mSome(InitializeRequestParams { meta: None, protocol_version: ProtocolVersion("2025-11-25"), capabilities: ClientCapabilities { experimental: None, extensions: None, roots: None, sampling: None, elicitation: None, tasks: None }, client_info: Implementation { name: "rmcp", title: None, version: "2.2.0", description: None, icons: None, website_url: None } })
2026-10-08T05:15:56.3288553Z [2m2026-10-08T05:15:56.327621Z[0m [32m INFO[0m [2mcc_server::mcp[0m[2m:[0m MCP server started on stdio
2026-10-08T05:15:56.3305853Z [2m2026-10-08T05:15:56.330371Z[0m [32m INFO[0m [2mcc_server::watcher[0m[2m:[0m watcher: counted project files for adaptive debounce [3mfile_count[0m[2m=[0m1
2026-10-08T05:15:56.3307093Z [2m2026-10-08T05:15:56.330401Z[0m [32m INFO[0m [2mcc_server::watcher[0m[2m:[0m watcher: adaptive debounce interval computed [3mdebounce_ms[0m[2m=[0m500
2026-10-08T05:15:56.3311174Z [2m2026-10-08T05:15:56.330944Z[0m [32m INFO[0m [2mcc_server::project_session[0m[2m:[0m watcher native subscription ready [3mnative_start_ms[0m[2m=[0m3
2026-10-08T05:15:56.3369430Z [2m2026-10-08T05:15:56.336537Z[0m [32m INFO[0m [1mserve_inner[0m[2m:[0m [2mrmcp::service[0m[2m:[0m received notification [3mnotification[0m[2m=[0mInitializedNotification(NotificationNoParam { method: InitializedNotificationMethod, extensions: Extensions })
2026-10-08T05:15:56.3371381Z [2m2026-10-08T05:15:56.336623Z[0m [32m INFO[0m [1mserve_inner[0m[2m:[0m [2mrmcp::handler::server[0m[2m:[0m client initialized
2026-10-08T05:15:56.3432299Z [2m2026-10-08T05:15:56.343049Z[0m [32m INFO[0m [2mcc_server::watcher[0m[2m:[0m watcher: counted project files for adaptive debounce [3mfile_count[0m[2m=[0m1
2026-10-08T05:15:56.3433531Z [2m2026-10-08T05:15:56.343076Z[0m [32m INFO[0m [2mcc_server::watcher[0m[2m:[0m watcher: adaptive debounce interval computed [3mdebounce_ms[0m[2m=[0m500
2026-10-08T05:15:56.3440082Z [2m2026-10-08T05:15:56.343852Z[0m [32m INFO[0m [2mcc_server::project_session[0m[2m:[0m watcher native subscription ready [3mnative_start_ms[0m[2m=[0m2
2026-10-08T05:15:56.3869845Z [2m2026-10-08T05:15:56.386804Z[0m [32m INFO[0m [2mcc_index::memory_budget[0m[2m:[0m memory budget initialized [3mtotal_ram_mb[0m[2m=[0m15989 [3mbudget_mb[0m[2m=[0m7994 [3mfraction[0m[2m=[0m0.5
2026-10-08T05:15:56.3909271Z [2m2026-10-08T05:15:56.390781Z[0m [32m INFO[0m [2mcc_index::indexer_phases::write[0m[2m:[0m generated hierarchy edges [3mcount[0m[2m=[0m2
2026-10-08T05:15:56.3921769Z [2m2026-10-08T05:15:56.392024Z[0m [32m INFO[0m [2mcc_index::memory_budget[0m[2m:[0m memory budget initialized [3mtotal_ram_mb[0m[2m=[0m15989 [3mbudget_mb[0m[2m=[0m7994 [3mfraction[0m[2m=[0m0.5
2026-10-08T05:15:56.3963554Z [2m2026-10-08T05:15:56.396182Z[0m [32m INFO[0m [2mcc_index::memory_budget[0m[2m:[0m memory budget initialized [3mtotal_ram_mb[0m[2m=[0m15989 [3mbudget_mb[0m[2m=[0m7994 [3mfraction[0m[2m=[0m0.5
2026-10-08T05:15:56.3987799Z [2m2026-10-08T05:15:56.398621Z[0m [32m INFO[0m [2mcc_index::memory_budget[0m[2m:[0m memory budget initialized [3mtotal_ram_mb[0m[2m=[0m15989 [3mbudget_mb[0m[2m=[0m7994 [3mfraction[0m[2m=[0m0.5
2026-10-08T05:15:56.4048687Z [2m2026-10-08T05:15:56.404689Z[0m [32m INFO[0m [2mcc_db::index_db_rebuild[0m[2m:[0m full rebuild: creating temp database [3mtmp[0m[2m=[0m/tmp/.tmpTctpwu/.codecortex/index.sqlite3.tmp
2026-10-08T05:15:56.4726048Z [2m2026-10-08T05:15:56.472454Z[0m [32m INFO[0m [2mcc_db::index_db_rebuild[0m[2m:[0m full rebuild: writing data to temp database
2026-10-08T05:15:56.4747674Z [2m2026-10-08T05:15:56.474638Z[0m [32m INFO[0m [2mcc_db::index_db_rebuild[0m[2m:[0m full rebuild: recreating indexes
2026-10-08T05:15:56.4947132Z [2m2026-10-08T05:15:56.494532Z[0m [32m INFO[0m [2mcc_db::index_db_rebuild[0m[2m:[0m full rebuild: temp database ready for swap
2026-10-08T05:15:56.4949525Z [2m2026-10-08T05:15:56.494675Z[0m [32m INFO[0m [2mcc_index::memory_budget[0m[2m:[0m memory budget initialized [3mtotal_ram_mb[0m[2m=[0m15989 [3mbudget_mb[0m[2m=[0m7994 [3mfraction[0m[2m=[0m0.5
2026-10-08T05:15:56.5115651Z [2m2026-10-08T05:15:56.511203Z[0m [32m INFO[0m [2mcc_index::memory_budget[0m[2m:[0m memory budget initialized [3mtotal_ram_mb[0m[2m=[0m15989 [3mbudget_mb[0m[2m=[0m7994 [3mfraction[0m[2m=[0m0.5
2026-10-08T05:15:56.5160909Z [2m2026-10-08T05:15:56.515876Z[0m [32m INFO[0m [2mcc_index::memory_budget[0m[2m:[0m memory budget initialized [3mtotal_ram_mb[0m[2m=[0m15989 [3mbudget_mb[0m[2m=[0m7994 [3mfraction[0m[2m=[0m0.5
2026-10-08T05:15:56.5711863Z [2m2026-10-08T05:15:56.570936Z[0m [32m INFO[0m [1mserve_inner[0m[2m:[0m [2mrmcp::service[0m[2m:[0m input stream terminated
2026-10-08T05:15:56.5713605Z [2m2026-10-08T05:15:56.571000Z[0m [32m INFO[0m [1mserve_inner[0m[2m:[0m [2mrmcp::service[0m[2m:[0m serve finished [3mquit_reason[0m[2m=[0mClosed
2026-10-08T05:15:57.3443127Z [2m2026-10-08T05:15:57.344093Z[0m [32m INFO[0m [2mcc_server::mcp[0m[2m:[0m MCP server shut down gracefully
2026-10-08T05:15:57.3526583Z test real_mcp_indexes_original_bytes_and_source_coordinates ... ok
2026-10-08T05:15:57.3527101Z 
2026-10-08T05:15:57.3527494Z test result: ok. 1 passed; 0 failed; 0 ignored; 0 measured; 4 filtered out; finished in 1.07s
2026-10-08T05:15:57.3527935Z 
2026-10-08T05:15:57.3617665Z ##[group]Run CODECORTEX_BENCH_BINARY="$RUNNER_TEMP/p7-017-default/codecortex" \
2026-10-08T05:15:57.3618248Z [36;1mCODECORTEX_BENCH_BINARY="$RUNNER_TEMP/p7-017-default/codecortex" \[0m
2026-10-08T05:15:57.3618755Z [36;1mCODECORTEX_BENCH_OBSERVATIONS="$RUNNER_TEMP/p4b-observations" \[0m
2026-10-08T05:15:57.3619241Z [36;1m  cargo test -p cc-eval --test p4b_chunks --locked -- --ignored[0m
2026-10-08T05:15:57.3678858Z shell: /usr/bin/bash -e {0}
2026-10-08T05:15:57.3679108Z env:
2026-10-08T05:15:57.3679313Z   CARGO_TERM_COLOR: always
2026-10-08T05:15:57.3679555Z   RUSTFLAGS: -D warnings
2026-10-08T05:15:57.3679793Z   CARGO_HOME: /home/runner/.cargo
2026-10-08T05:15:57.3680082Z   CARGO_INCREMENTAL: 0
2026-10-08T05:15:57.3680301Z   CACHE_ON_FAILURE: false
2026-10-08T05:15:57.3680525Z ##[endgroup]
2026-10-08T05:15:57.4935757Z [1m[92m    Finished[0m `test` profile [unoptimized + debuginfo] target(s) in 0.11s
2026-10-08T05:15:57.4991094Z [1m[92m     Running[0m tests/p4b_chunks.rs (target/debug/deps/p4b_chunks-fa41ce4f1f79d387)
2026-10-08T05:15:57.5131906Z 
2026-10-08T05:15:57.5132097Z running 1 test
2026-10-08T05:15:57.5404814Z [2m2026-10-08T05:15:57.540259Z[0m [32m INFO[0m [2mcc_db::index_migrate[0m[2m:[0m initializing index schema [3mversion[0m[2m=[0m25
2026-10-08T05:15:57.5644570Z [2m2026-10-08T05:15:57.563870Z[0m [32m INFO[0m [1mserve_inner[0m[2m:[0m [2mrmcp::service[0m[2m:[0m Service initialized as server [3mpeer_info[0m[2m=[0mSome(InitializeRequestParams { meta: None, protocol_version: ProtocolVersion("2025-11-25"), capabilities: ClientCapabilities { experimental: None, extensions: None, roots: None, sampling: None, elicitation: None, tasks: None }, client_info: Implementation { name: "rmcp", title: None, version: "2.2.0", description: None, icons: None, website_url: None } })
2026-10-08T05:15:57.5647054Z [2m2026-10-08T05:15:57.563964Z[0m [32m INFO[0m [2mcc_server::mcp[0m[2m:[0m MCP server started on stdio
2026-10-08T05:15:57.5706140Z [2m2026-10-08T05:15:57.570295Z[0m [32m INFO[0m [1mserve_inner[0m[2m:[0m [2mrmcp::service[0m[2m:[0m received notification [3mnotification[0m[2m=[0mInitializedNotification(NotificationNoParam { method: InitializedNotificationMethod, extensions: Extensions })
2026-10-08T05:15:57.5707762Z [2m2026-10-08T05:15:57.570407Z[0m [32m INFO[0m [1mserve_inner[0m[2m:[0m [2mrmcp::handler::server[0m[2m:[0m client initialized
2026-10-08T05:15:57.5744020Z [2m2026-10-08T05:15:57.574139Z[0m [32m INFO[0m [2mcc_index::memory_budget[0m[2m:[0m memory budget initialized [3mtotal_ram_mb[0m[2m=[0m15989 [3mbudget_mb[0m[2m=[0m7994 [3mfraction[0m[2m=[0m0.5
2026-10-08T05:15:57.6132824Z [2m2026-10-08T05:15:57.613025Z[0m [32m INFO[0m [2mcc_db::index_db_rebuild[0m[2m:[0m full rebuild: creating temp database [3mtmp[0m[2m=[0m/tmp/.tmpR8mlBY/.codecortex/index.sqlite3.tmp
2026-10-08T05:15:57.6720530Z [2m2026-10-08T05:15:57.671783Z[0m [32m INFO[0m [2mcc_db::index_db_rebuild[0m[2m:[0m full rebuild: writing data to temp database
2026-10-08T05:15:57.6746092Z [2m2026-10-08T05:15:57.674450Z[0m [32m INFO[0m [2mcc_db::index_db_rebuild[0m[2m:[0m full rebuild: recreating indexes
2026-10-08T05:15:57.6878939Z [2m2026-10-08T05:15:57.687728Z[0m [32m INFO[0m [2mcc_db::index_db_rebuild[0m[2m:[0m full rebuild: temp database ready for swap
2026-10-08T05:15:57.6880879Z [2m2026-10-08T05:15:57.687907Z[0m [32m INFO[0m [2mcc_index::memory_budget[0m[2m:[0m memory budget initialized [3mtotal_ram_mb[0m[2m=[0m15989 [3mbudget_mb[0m[2m=[0m7994 [3mfraction[0m[2m=[0m0.5
2026-10-08T05:15:57.7057532Z [2m2026-10-08T05:15:57.705572Z[0m [32m INFO[0m [2mcc_index::memory_budget[0m[2m:[0m memory budget initialized [3mtotal_ram_mb[0m[2m=[0m15989 [3mbudget_mb[0m[2m=[0m7994 [3mfraction[0m[2m=[0m0.5
2026-10-08T05:15:57.7107267Z [2m2026-10-08T05:15:57.710449Z[0m [32m INFO[0m [2mcc_index::memory_budget[0m[2m:[0m memory budget initialized [3mtotal_ram_mb[0m[2m=[0m15989 [3mbudget_mb[0m[2m=[0m7994 [3mfraction[0m[2m=[0m0.5
2026-10-08T05:15:57.7185463Z [2m2026-10-08T05:15:57.718345Z[0m [32m INFO[0m [2mcc_index::memory_budget[0m[2m:[0m memory budget initialized [3mtotal_ram_mb[0m[2m=[0m15989 [3mbudget_mb[0m[2m=[0m7994 [3mfraction[0m[2m=[0m0.5
2026-10-08T05:15:57.7284558Z [2m2026-10-08T05:15:57.728297Z[0m [32m INFO[0m [2mcc_index::memory_budget[0m[2m:[0m memory budget initialized [3mtotal_ram_mb[0m[2m=[0m15989 [3mbudget_mb[0m[2m=[0m7994 [3mfraction[0m[2m=[0m0.5
2026-10-08T05:15:57.7358310Z [2m2026-10-08T05:15:57.735700Z[0m [32m INFO[0m [2mcc_index::indexer_phases::write[0m[2m:[0m generated hierarchy edges [3mcount[0m[2m=[0m2
2026-10-08T05:15:57.7369056Z [2m2026-10-08T05:15:57.736757Z[0m [32m INFO[0m [2mcc_index::memory_budget[0m[2m:[0m memory budget initialized [3mtotal_ram_mb[0m[2m=[0m15989 [3mbudget_mb[0m[2m=[0m7994 [3mfraction[0m[2m=[0m0.5
2026-10-08T05:15:57.7402515Z [2m2026-10-08T05:15:57.740079Z[0m [32m INFO[0m [2mcc_index::memory_budget[0m[2m:[0m memory budget initialized [3mtotal_ram_mb[0m[2m=[0m15989 [3mbudget_mb[0m[2m=[0m7994 [3mfraction[0m[2m=[0m0.5
2026-10-08T05:15:57.8443479Z [2m2026-10-08T05:15:57.844115Z[0m [32m INFO[0m [1mserve_inner[0m[2m:[0m [2mrmcp::service[0m[2m:[0m input stream terminated
2026-10-08T05:15:57.8445435Z [2m2026-10-08T05:15:57.844175Z[0m [32m INFO[0m [1mserve_inner[0m[2m:[0m [2mrmcp::service[0m[2m:[0m serve finished [3mquit_reason[0m[2m=[0mClosed
2026-10-08T05:15:57.8446431Z [2m2026-10-08T05:15:57.844419Z[0m [32m INFO[0m [2mcc_server::mcp[0m[2m:[0m MCP server shut down gracefully
2026-10-08T05:15:57.8627095Z [2m2026-10-08T05:15:57.862157Z[0m [32m INFO[0m [1mserve_inner[0m[2m:[0m [2mrmcp::service[0m[2m:[0m Service initialized as server [3mpeer_info[0m[2m=[0mSome(InitializeRequestParams { meta: None, protocol_version: ProtocolVersion("2025-11-25"), capabilities: ClientCapabilities { experimental: None, extensions: None, roots: None, sampling: None, elicitation: None, tasks: None }, client_info: Implementation { name: "rmcp", title: None, version: "2.2.0", description: None, icons: None, website_url: None } })
2026-10-08T05:15:57.8630789Z [2m2026-10-08T05:15:57.862257Z[0m [32m INFO[0m [2mcc_server::mcp[0m[2m:[0m MCP server started on stdio
2026-10-08T05:15:57.8633054Z [2m2026-10-08T05:15:57.862609Z[0m [32m INFO[0m [1mserve_inner[0m[2m:[0m [2mrmcp::service[0m[2m:[0m received notification [3mnotification[0m[2m=[0mInitializedNotification(NotificationNoParam { method: InitializedNotificationMethod, extensions: Extensions })
2026-10-08T05:15:57.8634545Z [2m2026-10-08T05:15:57.862712Z[0m [32m INFO[0m [1mserve_inner[0m[2m:[0m [2mrmcp::handler::server[0m[2m:[0m client initialized
2026-10-08T05:15:57.8638068Z [2m2026-10-08T05:15:57.863653Z[0m [32m INFO[0m [2mcc_index::memory_budget[0m[2m:[0m memory budget initialized [3mtotal_ram_mb[0m[2m=[0m15989 [3mbudget_mb[0m[2m=[0m7994 [3mfraction[0m[2m=[0m0.5
2026-10-08T05:15:57.8690999Z [2m2026-10-08T05:15:57.868947Z[0m [32m INFO[0m [2mcc_index::memory_budget[0m[2m:[0m memory budget initialized [3mtotal_ram_mb[0m[2m=[0m15989 [3mbudget_mb[0m[2m=[0m7994 [3mfraction[0m[2m=[0m0.5
2026-10-08T05:15:57.8700120Z [2m2026-10-08T05:15:57.869869Z[0m [32m INFO[0m [2mcc_index::memory_budget[0m[2m:[0m memory budget initialized [3mtotal_ram_mb[0m[2m=[0m15989 [3mbudget_mb[0m[2m=[0m7994 [3mfraction[0m[2m=[0m0.5
2026-10-08T05:15:57.8734035Z [2m2026-10-08T05:15:57.873243Z[0m [32m INFO[0m [2mcc_index::memory_budget[0m[2m:[0m memory budget initialized [3mtotal_ram_mb[0m[2m=[0m15989 [3mbudget_mb[0m[2m=[0m7994 [3mfraction[0m[2m=[0m0.5
2026-10-08T05:15:57.8775670Z [2m2026-10-08T05:15:57.877391Z[0m [32m INFO[0m [1mserve_inner[0m[2m:[0m [2mrmcp::service[0m[2m:[0m input stream terminated
2026-10-08T05:15:57.8777276Z [2m2026-10-08T05:15:57.877443Z[0m [32m INFO[0m [1mserve_inner[0m[2m:[0m [2mrmcp::service[0m[2m:[0m serve finished [3mquit_reason[0m[2m=[0mClosed
2026-10-08T05:15:57.8778337Z [2m2026-10-08T05:15:57.877693Z[0m [32m INFO[0m [2mcc_server::mcp[0m[2m:[0m MCP server shut down gracefully
2026-10-08T05:15:57.8842145Z test real_mcp_chunk_budget_changes_without_restarting_then_survives_restart ... ok
2026-10-08T05:15:57.8842741Z 
2026-10-08T05:15:57.8843149Z test result: ok. 1 passed; 0 failed; 0 ignored; 0 measured; 6 filtered out; finished in 0.37s
2026-10-08T05:15:57.8843725Z 
2026-10-08T05:15:57.8947339Z ##[group]Run CODECORTEX_BENCH_BINARY="$RUNNER_TEMP/p7-017-default/codecortex" \
2026-10-08T05:15:57.8947928Z [36;1mCODECORTEX_BENCH_BINARY="$RUNNER_TEMP/p7-017-default/codecortex" \[0m
2026-10-08T05:15:57.8948450Z [36;1mCODECORTEX_BENCH_OBSERVATIONS="$RUNNER_TEMP/p4c-observations" \[0m
2026-10-08T05:15:57.8948946Z [36;1m  cargo test -p cc-eval --test p4c_documents --locked -- --ignored[0m
2026-10-08T05:15:57.9008869Z shell: /usr/bin/bash -e {0}
2026-10-08T05:15:57.9009128Z env:
2026-10-08T05:15:57.9009329Z   CARGO_TERM_COLOR: always
2026-10-08T05:15:57.9009571Z   RUSTFLAGS: -D warnings
2026-10-08T05:15:57.9009817Z   CARGO_HOME: /home/runner/.cargo
2026-10-08T05:15:57.9010071Z   CARGO_INCREMENTAL: 0
2026-10-08T05:15:57.9010301Z   CACHE_ON_FAILURE: false
2026-10-08T05:15:57.9010531Z ##[endgroup]
2026-10-08T05:15:58.0350751Z [1m[92m    Finished[0m `test` profile [unoptimized + debuginfo] target(s) in 0.11s
2026-10-08T05:15:58.0407700Z [1m[92m     Running[0m tests/p4c_documents.rs (target/debug/deps/p4c_documents-b1fac917fa454739)
2026-10-08T05:15:58.0460490Z 
2026-10-08T05:15:58.0460679Z running 1 test
2026-10-08T05:15:58.0717627Z [2m2026-10-08T05:15:58.071542Z[0m [32m INFO[0m [2mcc_db::index_migrate[0m[2m:[0m initializing index schema [3mversion[0m[2m=[0m25
2026-10-08T05:15:58.0978937Z [2m2026-10-08T05:15:58.097539Z[0m [32m INFO[0m [1mserve_inner[0m[2m:[0m [2mrmcp::service[0m[2m:[0m Service initialized as server [3mpeer_info[0m[2m=[0mSome(InitializeRequestParams { meta: None, protocol_version: ProtocolVersion("2025-11-25"), capabilities: ClientCapabilities { experimental: None, extensions: None, roots: None, sampling: None, elicitation: None, tasks: None }, client_info: Implementation { name: "rmcp", title: None, version: "2.2.0", description: None, icons: None, website_url: None } })
2026-10-08T05:15:58.0981091Z [2m2026-10-08T05:15:58.097623Z[0m [32m INFO[0m [2mcc_server::mcp[0m[2m:[0m MCP server started on stdio
2026-10-08T05:15:58.1084830Z [2m2026-10-08T05:15:58.108179Z[0m [32m INFO[0m [1mserve_inner[0m[2m:[0m [2mrmcp::service[0m[2m:[0m received notification [3mnotification[0m[2m=[0mInitializedNotification(NotificationNoParam { method: InitializedNotificationMethod, extensions: Extensions })
2026-10-08T05:15:58.1088247Z [2m2026-10-08T05:15:58.108290Z[0m [32m INFO[0m [1mserve_inner[0m[2m:[0m [2mrmcp::handler::server[0m[2m:[0m client initialized
2026-10-08T05:15:58.1143387Z [2m2026-10-08T05:15:58.114093Z[0m [32m INFO[0m [2mcc_index::memory_budget[0m[2m:[0m memory budget initialized [3mtotal_ram_mb[0m[2m=[0m15989 [3mbudget_mb[0m[2m=[0m7994 [3mfraction[0m[2m=[0m0.5
2026-10-08T05:15:58.1508835Z [2m2026-10-08T05:15:58.150615Z[0m [32m INFO[0m [2mcc_db::index_db_rebuild[0m[2m:[0m full rebuild: creating temp database [3mtmp[0m[2m=[0m/tmp/.tmpdTPC1O/.codecortex/index.sqlite3.tmp
2026-10-08T05:15:58.2124331Z [2m2026-10-08T05:15:58.212201Z[0m [32m INFO[0m [2mcc_db::index_db_rebuild[0m[2m:[0m full rebuild: writing data to temp database
2026-10-08T05:15:58.2148251Z [2m2026-10-08T05:15:58.214664Z[0m [32m INFO[0m [2mcc_db::index_db_rebuild[0m[2m:[0m full rebuild: recreating indexes
2026-10-08T05:15:58.2286962Z [2m2026-10-08T05:15:58.228512Z[0m [32m INFO[0m [2mcc_db::index_db_rebuild[0m[2m:[0m full rebuild: temp database ready for swap
2026-10-08T05:15:58.2288826Z [2m2026-10-08T05:15:58.228663Z[0m [32m INFO[0m [2mcc_index::memory_budget[0m[2m:[0m memory budget initialized [3mtotal_ram_mb[0m[2m=[0m15989 [3mbudget_mb[0m[2m=[0m7994 [3mfraction[0m[2m=[0m0.5
2026-10-08T05:15:58.2445233Z [2m2026-10-08T05:15:58.244274Z[0m [32m INFO[0m [2mcc_index::memory_budget[0m[2m:[0m memory budget initialized [3mtotal_ram_mb[0m[2m=[0m15989 [3mbudget_mb[0m[2m=[0m7994 [3mfraction[0m[2m=[0m0.5
2026-10-08T05:15:58.2494206Z [2m2026-10-08T05:15:58.249170Z[0m [32m INFO[0m [2mcc_index::memory_budget[0m[2m:[0m memory budget initialized [3mtotal_ram_mb[0m[2m=[0m15989 [3mbudget_mb[0m[2m=[0m7994 [3mfraction[0m[2m=[0m0.5
2026-10-08T05:15:58.2971534Z [2m2026-10-08T05:15:58.296932Z[0m [32m INFO[0m [2mcc_index::memory_budget[0m[2m:[0m memory budget initialized [3mtotal_ram_mb[0m[2m=[0m15989 [3mbudget_mb[0m[2m=[0m7994 [3mfraction[0m[2m=[0m0.5
2026-10-08T05:15:58.3057620Z [2m2026-10-08T05:15:58.305555Z[0m [32m INFO[0m [2mcc_index::memory_budget[0m[2m:[0m memory budget initialized [3mtotal_ram_mb[0m[2m=[0m15989 [3mbudget_mb[0m[2m=[0m7994 [3mfraction[0m[2m=[0m0.5
2026-10-08T05:15:58.3107893Z [2m2026-10-08T05:15:58.310614Z[0m [32m INFO[0m [2mcc_index::indexer_phases::write[0m[2m:[0m generated hierarchy edges [3mcount[0m[2m=[0m2
2026-10-08T05:15:58.3118805Z [2m2026-10-08T05:15:58.311671Z[0m [32m INFO[0m [2mcc_index::memory_budget[0m[2m:[0m memory budget initialized [3mtotal_ram_mb[0m[2m=[0m15989 [3mbudget_mb[0m[2m=[0m7994 [3mfraction[0m[2m=[0m0.5
2026-10-08T05:15:58.3152983Z [2m2026-10-08T05:15:58.315076Z[0m [32m INFO[0m [2mcc_index::memory_budget[0m[2m:[0m memory budget initialized [3mtotal_ram_mb[0m[2m=[0m15989 [3mbudget_mb[0m[2m=[0m7994 [3mfraction[0m[2m=[0m0.5
2026-10-08T05:15:58.3396440Z [2m2026-10-08T05:15:58.339479Z[0m [32m INFO[0m [1mserve_inner[0m[2m:[0m [2mrmcp::service[0m[2m:[0m input stream terminated
2026-10-08T05:15:58.3398387Z [2m2026-10-08T05:15:58.339577Z[0m [32m INFO[0m [1mserve_inner[0m[2m:[0m [2mrmcp::service[0m[2m:[0m serve finished [3mquit_reason[0m[2m=[0mClosed
2026-10-08T05:15:58.3400066Z [2m2026-10-08T05:15:58.339801Z[0m [32m INFO[0m [2mcc_server::mcp[0m[2m:[0m MCP server shut down gracefully
2026-10-08T05:15:58.3574604Z [2m2026-10-08T05:15:58.356999Z[0m [32m INFO[0m [1mserve_inner[0m[2m:[0m [2mrmcp::service[0m[2m:[0m Service initialized as server [3mpeer_info[0m[2m=[0mSome(InitializeRequestParams { meta: None, protocol_version: ProtocolVersion("2025-11-25"), capabilities: ClientCapabilities { experimental: None, extensions: None, roots: None, sampling: None, elicitation: None, tasks: None }, client_info: Implementation { name: "rmcp", title: None, version: "2.2.0", description: None, icons: None, website_url: None } })
2026-10-08T05:15:58.3577634Z [2m2026-10-08T05:15:58.357219Z[0m [32m INFO[0m [2mcc_server::mcp[0m[2m:[0m MCP server started on stdio
2026-10-08T05:15:58.3581644Z [2m2026-10-08T05:15:58.357980Z[0m [32m INFO[0m [1mserve_inner[0m[2m:[0m [2mrmcp::service[0m[2m:[0m received notification [3mnotification[0m[2m=[0mInitializedNotification(NotificationNoParam { method: InitializedNotificationMethod, extensions: Extensions })
2026-10-08T05:15:58.3584295Z [2m2026-10-08T05:15:58.358256Z[0m [32m INFO[0m [1mserve_inner[0m[2m:[0m [2mrmcp::handler::server[0m[2m:[0m client initialized
2026-10-08T05:15:58.3972872Z [2m2026-10-08T05:15:58.396979Z[0m [32m INFO[0m [2mcc_index::memory_budget[0m[2m:[0m memory budget initialized [3mtotal_ram_mb[0m[2m=[0m15989 [3mbudget_mb[0m[2m=[0m7994 [3mfraction[0m[2m=[0m0.5
2026-10-08T05:15:58.4037107Z [2m2026-10-08T05:15:58.403448Z[0m [32m INFO[0m [2mcc_index::memory_budget[0m[2m:[0m memory budget initialized [3mtotal_ram_mb[0m[2m=[0m15989 [3mbudget_mb[0m[2m=[0m7994 [3mfraction[0m[2m=[0m0.5
2026-10-08T05:15:58.4080680Z [2m2026-10-08T05:15:58.407816Z[0m [32m INFO[0m [2mcc_index::memory_budget[0m[2m:[0m memory budget initialized [3mtotal_ram_mb[0m[2m=[0m15989 [3mbudget_mb[0m[2m=[0m7994 [3mfraction[0m[2m=[0m0.5
2026-10-08T05:15:58.4125268Z [2m2026-10-08T05:15:58.412239Z[0m [32m INFO[0m [2mcc_index::memory_budget[0m[2m:[0m memory budget initialized [3mtotal_ram_mb[0m[2m=[0m15989 [3mbudget_mb[0m[2m=[0m7994 [3mfraction[0m[2m=[0m0.5
2026-10-08T05:15:58.4247202Z [2m2026-10-08T05:15:58.424486Z[0m [32m INFO[0m [1mserve_inner[0m[2m:[0m [2mrmcp::service[0m[2m:[0m input stream terminated
2026-10-08T05:15:58.4249467Z [2m2026-10-08T05:15:58.424581Z[0m [32m INFO[0m [1mserve_inner[0m[2m:[0m [2mrmcp::service[0m[2m:[0m serve finished [3mquit_reason[0m[2m=[0mClosed
2026-10-08T05:15:58.4250769Z [2m2026-10-08T05:15:58.424796Z[0m [32m INFO[0m [2mcc_server::mcp[0m[2m:[0m MCP server shut down gracefully
2026-10-08T05:15:58.4372531Z test real_mcp_document_versions_and_disk_freshness ... ok
2026-10-08T05:15:58.4372986Z 
2026-10-08T05:15:58.4373316Z test result: ok. 1 passed; 0 failed; 0 ignored; 0 measured; 12 filtered out; finished in 0.39s
2026-10-08T05:15:58.4373821Z 
2026-10-08T05:15:58.4475127Z ##[group]Run cargo test -p cc-eval \
2026-10-08T05:15:58.4475671Z [36;1mcargo test -p cc-eval \[0m
2026-10-08T05:15:58.4476454Z [36;1m  --test document_identity \[0m
2026-10-08T05:15:58.4476948Z [36;1m  --test p4d_quality \[0m
2026-10-08T05:15:58.4477491Z [36;1m  --locked[0m
2026-10-08T05:15:58.4537873Z shell: /usr/bin/bash -e {0}
2026-10-08T05:15:58.4538293Z env:
2026-10-08T05:15:58.4538607Z   CARGO_TERM_COLOR: always
2026-10-08T05:15:58.4538952Z   RUSTFLAGS: -D warnings
2026-10-08T05:15:58.4539404Z   CARGO_HOME: /home/runner/.cargo
2026-10-08T05:15:58.4539761Z   CARGO_INCREMENTAL: 0
2026-10-08T05:15:58.4540117Z   CACHE_ON_FAILURE: false
2026-10-08T05:15:58.4540455Z ##[endgroup]
2026-10-08T05:15:58.5816845Z [1m[92m    Finished[0m `test` profile [unoptimized + debuginfo] target(s) in 0.11s
2026-10-08T05:15:58.5882568Z [1m[92m     Running[0m tests/document_identity.rs (target/debug/deps/document_identity-6ab01e69e448786f)
2026-10-08T05:15:58.6011187Z 
2026-10-08T05:15:58.6011570Z running 1 test
2026-10-08T05:15:59.5513134Z test p4d_document_identity_mutations_are_reversible_and_input_safe ... ok
2026-10-08T05:15:59.5513685Z 
2026-10-08T05:15:59.5515165Z test result: ok. 1 passed; 0 failed; 0 ignored; 0 measured; 0 filtered out; finished in 0.95s
2026-10-08T05:15:59.5515741Z 
2026-10-08T05:15:59.5543627Z [1m[92m     Running[0m tests/p4d_quality.rs (target/debug/deps/p4d_quality-e45ef9c368658f7e)
2026-10-08T05:15:59.5665190Z 
2026-10-08T05:15:59.5665596Z running 1 test
2026-10-08T05:16:00.5018600Z test chunk_policy_ablation_preserves_quality_and_measures_structure ... ok
2026-10-08T05:16:00.5019444Z 
2026-10-08T05:16:00.5026306Z test result: ok. 1 passed; 0 failed; 0 ignored; 0 measured; 0 filtered out; finished in 0.94s
2026-10-08T05:16:00.5026957Z 
2026-10-08T05:16:00.5128896Z ##[group]Run CODECORTEX_BENCH_OBSERVATIONS="$RUNNER_TEMP/p5a-observations" \
2026-10-08T05:16:00.5129481Z [36;1mCODECORTEX_BENCH_OBSERVATIONS="$RUNNER_TEMP/p5a-observations" \[0m
2026-10-08T05:16:00.5130014Z [36;1m  cargo test -p cc-eval --test p5a_retrieval --test p5a_boundaries --locked[0m
2026-10-08T05:16:00.5130547Z [36;1mCODECORTEX_BENCH_BINARY="$RUNNER_TEMP/p7-017-default/codecortex" \[0m
2026-10-08T05:16:00.5131058Z [36;1mCODECORTEX_BENCH_OBSERVATIONS="$RUNNER_TEMP/p5a-mcp-observations" \[0m
2026-10-08T05:16:00.5131557Z [36;1m  cargo test -p cc-eval --test p5a_retrieval --locked -- --ignored[0m
2026-10-08T05:16:00.5191466Z shell: /usr/bin/bash -e {0}
2026-10-08T05:16:00.5191731Z env:
2026-10-08T05:16:00.5191929Z   CARGO_TERM_COLOR: always
2026-10-08T05:16:00.5192177Z   RUSTFLAGS: -D warnings
2026-10-08T05:16:00.5192423Z   CARGO_HOME: /home/runner/.cargo
2026-10-08T05:16:00.5192688Z   CARGO_INCREMENTAL: 0
2026-10-08T05:16:00.5192909Z   CACHE_ON_FAILURE: false
2026-10-08T05:16:00.5193154Z ##[endgroup]
2026-10-08T05:16:00.6508981Z [1m[92m    Finished[0m `test` profile [unoptimized + debuginfo] target(s) in 0.11s
2026-10-08T05:16:00.6576615Z [1m[92m     Running[0m tests/p5a_boundaries.rs (target/debug/deps/p5a_boundaries-1553a969db5e1a10)
2026-10-08T05:16:00.6701866Z 
2026-10-08T05:16:00.6702160Z running 16 tests
2026-10-08T05:16:01.0701029Z test absent_parser_method_signatures_are_not_fabricated_by_exact_lane ... ok
2026-10-08T05:16:01.0735485Z test exact_paths_preserve_document_type_and_case_sensitive_scope ... ok
2026-10-08T05:16:01.0945258Z test exact_ambiguity_and_limit_are_scoped_before_truncation ... ok
2026-10-08T05:16:01.1010860Z test exact_lane_finds_a_split_definition_and_its_literal_signature ... ok
2026-10-08T05:16:01.3412583Z test finite_but_overflowing_ranking_config_cannot_emit_nonfinite_scores ... ok
2026-10-08T05:16:01.3772827Z test grep_execution_receipt_matches_zero_weight_and_empty_scope ... ok
2026-10-08T05:16:01.4934636Z test graph_lane_read_failure_is_visible_and_not_result_cached ... ok
2026-10-08T05:16:01.6340460Z test lexical_diagnostics_retain_native_bm25_not_reciprocal_rank ... ok
2026-10-08T05:16:01.7301687Z test graph_internal_seed_and_neighbor_limits_never_claim_complete ... ok
2026-10-08T05:16:01.7621937Z test literal_function_signature_uses_byte_columns_after_unicode_crlf_prefix ... ok
2026-10-08T05:16:01.9476548Z test path_token_budget_is_not_consumed_by_files_without_documents ... ok
2026-10-08T05:16:02.0340720Z test prose_short_words_cannot_cast_path_votes_but_short_path_queries_work ... ok
2026-10-08T05:16:02.1077515Z test path_token_truncation_is_explicit_and_bounded ... ok
2026-10-08T05:16:02.1163660Z test identity_materialization_rejects_corruption_before_reranking ... ok
2026-10-08T05:16:02.1697668Z test qualified_same_line_methods_do_not_promote_another_owner ... ok
2026-10-08T05:16:02.2097598Z test same_line_sibling_definitions_do_not_share_exact_identity ... ok
2026-10-08T05:16:02.2098733Z 
2026-10-08T05:16:02.2099092Z test result: ok. 16 passed; 0 failed; 0 ignored; 0 measured; 0 filtered out; finished in 1.54s
2026-10-08T05:16:02.2099470Z 
2026-10-08T05:16:02.2159322Z [1m[92m     Running[0m tests/p5a_retrieval.rs (target/debug/deps/p5a_retrieval-8420f6e1de867f06)
2026-10-08T05:16:02.2308517Z 
2026-10-08T05:16:02.2308706Z running 2 tests
2026-10-08T05:16:02.2312209Z test real_mcp_exposes_versioned_exact_and_path_lanes ... ignored, requires explicit CODECORTEX_BENCH_BINARY; real MCP P5-A lane contract
2026-10-08T05:16:02.5461043Z test public_exact_and_path_lanes_are_versioned_scoped_and_replayable ... ok
2026-10-08T05:16:02.5461553Z 
2026-10-08T05:16:02.5466009Z test result: ok. 1 passed; 0 failed; 1 ignored; 0 measured; 0 filtered out; finished in 0.32s
2026-10-08T05:16:02.5466701Z 
2026-10-08T05:16:02.6702448Z [1m[92m    Finished[0m `test` profile [unoptimized + debuginfo] target(s) in 0.10s
2026-10-08T05:16:02.6758800Z [1m[92m     Running[0m tests/p5a_retrieval.rs (target/debug/deps/p5a_retrieval-8420f6e1de867f06)
2026-10-08T05:16:02.6782750Z 
2026-10-08T05:16:02.6782974Z running 1 test
2026-10-08T05:16:02.8448262Z [2m2026-10-08T05:16:02.844319Z[0m [32m INFO[0m [1mserve_inner[0m[2m:[0m [2mrmcp::service[0m[2m:[0m Service initialized as server [3mpeer_info[0m[2m=[0mSome(InitializeRequestParams { meta: None, protocol_version: ProtocolVersion("2025-11-25"), capabilities: ClientCapabilities { experimental: None, extensions: None, roots: None, sampling: None, elicitation: None, tasks: None }, client_info: Implementation { name: "rmcp", title: None, version: "2.2.0", description: None, icons: None, website_url: None } })
2026-10-08T05:16:02.8450917Z [2m2026-10-08T05:16:02.844406Z[0m [32m INFO[0m [2mcc_server::mcp[0m[2m:[0m MCP server started on stdio
2026-10-08T05:16:02.8466473Z [2m2026-10-08T05:16:02.846353Z[0m [32m INFO[0m [1mserve_inner[0m[2m:[0m [2mrmcp::service[0m[2m:[0m received notification [3mnotification[0m[2m=[0mInitializedNotification(NotificationNoParam { method: InitializedNotificationMethod, extensions: Extensions })
2026-10-08T05:16:02.8468767Z [2m2026-10-08T05:16:02.846478Z[0m [32m INFO[0m [1mserve_inner[0m[2m:[0m [2mrmcp::handler::server[0m[2m:[0m client initialized
2026-10-08T05:16:02.8485580Z [2m2026-10-08T05:16:02.848364Z[0m [32m INFO[0m [2mcc_index::memory_budget[0m[2m:[0m memory budget initialized [3mtotal_ram_mb[0m[2m=[0m15989 [3mbudget_mb[0m[2m=[0m7994 [3mfraction[0m[2m=[0m0.5
2026-10-08T05:16:02.8711209Z [2m2026-10-08T05:16:02.870701Z[0m [32m INFO[0m [2mcc_db::index_db_rebuild[0m[2m:[0m full rebuild: creating temp database [3mtmp[0m[2m=[0m/tmp/.tmpfjxir9/.codecortex/index.sqlite3.tmp
2026-10-08T05:16:02.9308431Z [2m2026-10-08T05:16:02.930673Z[0m [32m INFO[0m [2mcc_db::index_db_rebuild[0m[2m:[0m full rebuild: writing data to temp database
2026-10-08T05:16:02.9349919Z [2m2026-10-08T05:16:02.934853Z[0m [32m INFO[0m [2mcc_db::index_db_rebuild[0m[2m:[0m full rebuild: recreating indexes
2026-10-08T05:16:02.9482534Z [2m2026-10-08T05:16:02.948114Z[0m [32m INFO[0m [2mcc_db::index_db_rebuild[0m[2m:[0m full rebuild: temp database ready for swap
2026-10-08T05:16:02.9484438Z [2m2026-10-08T05:16:02.948276Z[0m [32m INFO[0m [2mcc_index::memory_budget[0m[2m:[0m memory budget initialized [3mtotal_ram_mb[0m[2m=[0m15989 [3mbudget_mb[0m[2m=[0m7994 [3mfraction[0m[2m=[0m0.5
2026-10-08T05:16:02.9618413Z [2m2026-10-08T05:16:02.961615Z[0m [32m INFO[0m [2mcc_index::memory_budget[0m[2m:[0m memory budget initialized [3mtotal_ram_mb[0m[2m=[0m15989 [3mbudget_mb[0m[2m=[0m7994 [3mfraction[0m[2m=[0m0.5
2026-10-08T05:16:02.9663049Z [2m2026-10-08T05:16:02.966117Z[0m [32m INFO[0m [2mcc_index::memory_budget[0m[2m:[0m memory budget initialized [3mtotal_ram_mb[0m[2m=[0m15989 [3mbudget_mb[0m[2m=[0m7994 [3mfraction[0m[2m=[0m0.5
2026-10-08T05:16:03.0139755Z [2m2026-10-08T05:16:03.013706Z[0m [32m INFO[0m [1mserve_inner[0m[2m:[0m [2mrmcp::service[0m[2m:[0m input stream terminated
2026-10-08T05:16:03.0141603Z [2m2026-10-08T05:16:03.013770Z[0m [32m INFO[0m [1mserve_inner[0m[2m:[0m [2mrmcp::service[0m[2m:[0m serve finished [3mquit_reason[0m[2m=[0mClosed
2026-10-08T05:16:03.0146585Z [2m2026-10-08T05:16:03.013986Z[0m [32m INFO[0m [2mcc_server::mcp[0m[2m:[0m MCP server shut down gracefully
2026-10-08T05:16:03.0212381Z test real_mcp_exposes_versioned_exact_and_path_lanes ... ok
2026-10-08T05:16:03.0212888Z 
2026-10-08T05:16:03.0232247Z test result: ok. 1 passed; 0 failed; 0 ignored; 0 measured; 1 filtered out; finished in 0.34s
2026-10-08T05:16:03.0232636Z 
2026-10-08T05:16:03.0308844Z ##[group]Run cargo test -p cc-search --lib execution::tests --locked
2026-10-08T05:16:03.0309379Z [36;1mcargo test -p cc-search --lib execution::tests --locked[0m
2026-10-08T05:16:03.0309808Z [36;1mcargo test -p cc-server --lib query_tests --locked[0m
2026-10-08T05:16:03.0310363Z [36;1mcargo test -p cc-eval --test p5b_execution --locked[0m
2026-10-08T05:16:03.0310813Z [36;1mCODECORTEX_BENCH_BINARY="$RUNNER_TEMP/p7-017-default/codecortex" \[0m
2026-10-08T05:16:03.0311311Z [36;1mCODECORTEX_BENCH_OBSERVATIONS="$RUNNER_TEMP/p5b-observations" \[0m
2026-10-08T05:16:03.0311817Z [36;1m  cargo test -p cc-eval --test p5b_execution --locked -- --ignored[0m
2026-10-08T05:16:03.0371645Z shell: /usr/bin/bash -e {0}
2026-10-08T05:16:03.0371899Z env:
2026-10-08T05:16:03.0372100Z   CARGO_TERM_COLOR: always
2026-10-08T05:16:03.0372346Z   RUSTFLAGS: -D warnings
2026-10-08T05:16:03.0372585Z   CARGO_HOME: /home/runner/.cargo
2026-10-08T05:16:03.0372835Z   CARGO_INCREMENTAL: 0
2026-10-08T05:16:03.0373088Z   CACHE_ON_FAILURE: false
2026-10-08T05:16:03.0373309Z ##[endgroup]
2026-10-08T05:16:03.1928076Z [1m[92m   Compiling[0m cc-model v1.0.0 (/home/runner/work/codecortex/codecortex/crates/cc-model)
2026-10-08T05:16:06.8389151Z [1m[92m   Compiling[0m cc-parsers v1.0.0 (/home/runner/work/codecortex/codecortex/crates/cc-parsers)
2026-10-08T05:16:06.8390782Z [1m[92m   Compiling[0m cc-db v1.0.0 (/home/runner/work/codecortex/codecortex/crates/cc-db)
2026-10-08T05:16:10.0143776Z [1m[92m   Compiling[0m cc-index v1.0.0 (/home/runner/work/codecortex/codecortex/crates/cc-index)
2026-10-08T05:16:16.6937343Z [1m[92m   Compiling[0m cc-search v1.0.0 (/home/runner/work/codecortex/codecortex/crates/cc-search)
2026-10-08T05:16:21.3379164Z [1m[92m    Finished[0m `test` profile [unoptimized + debuginfo] target(s) in 18.28s
2026-10-08T05:16:21.3466240Z [1m[92m     Running[0m unittests src/lib.rs (target/debug/deps/cc_search-1a60a49a5f86dcec)
2026-10-08T05:16:21.3486917Z 
2026-10-08T05:16:21.3487109Z running 5 tests
2026-10-08T05:16:21.3501480Z test execution::tests::cancelled_worker_retains_permit_and_cannot_publish_late ... ok
2026-10-08T05:16:21.3502726Z test execution::tests::semantic_lane_share_never_extends_the_total_deadline ... ok
2026-10-08T05:16:21.3505255Z test execution::tests::full_queue_rejects_and_aborted_waiter_releases_admission ... ok
2026-10-08T05:16:21.3604600Z test execution::tests::async_timeout_keeps_parent_usable ... ok
2026-10-08T05:16:21.4101225Z test execution::tests::deadline_discards_late_worker_result_and_reclaims_when_it_exits ... ok
2026-10-08T05:16:21.4101713Z 
2026-10-08T05:16:21.5328454Z [1m[92m    Finished[0m `test` profile [unoptimized + debuginfo] target(s) in 0.10s
2026-10-08T05:16:21.5329183Z test result: ok. 5 passed; 0 failed; 0 ignored; 0 measured; 314 filtered out; finished in 0.06s
2026-10-08T05:16:21.5329592Z 
2026-10-08T05:16:21.5384195Z [1m[92m     Running[0m unittests src/lib.rs (target/debug/deps/cc_server-3f52e29b35ee54e4)
2026-10-08T05:16:21.5570544Z 
2026-10-08T05:16:21.5570882Z running 1 test
2026-10-08T05:16:21.9142285Z test mcp::query_tests::mcp_cancel_notification_stops_search_and_context_optional_recall ... ok
2026-10-08T05:16:21.9142941Z 
2026-10-08T05:16:21.9143811Z test result: ok. 1 passed; 0 failed; 0 ignored; 0 measured; 255 filtered out; finished in 0.36s
2026-10-08T05:16:21.9144490Z 
2026-10-08T05:16:22.0389194Z [1m[92m    Finished[0m `test` profile [unoptimized + debuginfo] target(s) in 0.11s
2026-10-08T05:16:22.0444196Z [1m[92m     Running[0m tests/p5b_execution.rs (target/debug/deps/p5b_execution-2fe22812f486b65a)
2026-10-08T05:16:22.0612696Z 
2026-10-08T05:16:22.0613030Z running 11 tests
2026-10-08T05:16:22.4671764Z test explicit_empty_scope_disables_optional_port_without_invoking_it ... ok
2026-10-08T05:16:22.4706482Z test explicit_expired_request_cannot_return_a_warm_cache_hit ... ok
2026-10-08T05:16:22.4708775Z test cancellation_and_future_drop_release_async_work_without_a_detached_task ... ok
2026-10-08T05:16:22.7202490Z test local_never_invokes_installed_port_and_missing_auto_is_local ... ok
2026-10-08T05:16:22.7204023Z test real_mcp_preserves_tool_schema_and_exposes_offline_query_policy ... ignored, requires explicit CODECORTEX_BENCH_BINARY; real stdio query policy/handles
2026-10-08T05:16:22.7475871Z test owned_handle_survives_idle_close_but_poison_recovery_invalidates_old_engine ... ok
2026-10-08T05:16:22.7832744Z test partial_receipt_and_provider_panics_remain_visible_not_complete_empty ... ok
2026-10-08T05:16:22.7880627Z test async_dispatch_preserves_resolution_freshness_and_project_identity ... ok
2026-10-08T05:16:22.9644688Z test semantic_candidates_are_hydrated_from_current_scoped_documents ... ok
2026-10-08T05:16:22.9981556Z test semantic_timeout_keeps_local_result_visible_and_does_not_cache_failure ... ok
2026-10-08T05:16:23.0133491Z test slow_fake_does_not_hold_codeindex_lock_or_the_only_sql_connection ... ok
2026-10-08T05:16:23.0133896Z 
2026-10-08T05:16:23.0134292Z test result: ok. 10 passed; 0 failed; 1 ignored; 0 measured; 0 filtered out; finished in 0.95s
2026-10-08T05:16:23.0135167Z 
2026-10-08T05:16:23.1415562Z [1m[92m    Finished[0m `test` profile [unoptimized + debuginfo] target(s) in 0.11s
2026-10-08T05:16:23.1474744Z [1m[92m     Running[0m tests/p5b_execution.rs (target/debug/deps/p5b_execution-2fe22812f486b65a)
2026-10-08T05:16:23.1498395Z 
2026-10-08T05:16:23.1498567Z running 1 test
2026-10-08T05:16:23.3141526Z [2m2026-10-08T05:16:23.313694Z[0m [32m INFO[0m [1mserve_inner[0m[2m:[0m [2mrmcp::service[0m[2m:[0m Service initialized as server [3mpeer_info[0m[2m=[0mSome(InitializeRequestParams { meta: None, protocol_version: ProtocolVersion("2025-11-25"), capabilities: ClientCapabilities { experimental: None, extensions: None, roots: None, sampling: None, elicitation: None, tasks: None }, client_info: Implementation { name: "rmcp", title: None, version: "2.2.0", description: None, icons: None, website_url: None } })
2026-10-08T05:16:23.3143919Z [2m2026-10-08T05:16:23.313790Z[0m [32m INFO[0m [2mcc_server::mcp[0m[2m:[0m MCP server started on stdio
2026-10-08T05:16:23.3149933Z [2m2026-10-08T05:16:23.314713Z[0m [32m INFO[0m [1mserve_inner[0m[2m:[0m [2mrmcp::service[0m[2m:[0m received notification [3mnotification[0m[2m=[0mInitializedNotification(NotificationNoParam { method: InitializedNotificationMethod, extensions: Extensions })
2026-10-08T05:16:23.3151694Z [2m2026-10-08T05:16:23.314822Z[0m [32m INFO[0m [1mserve_inner[0m[2m:[0m [2mrmcp::handler::server[0m[2m:[0m client initialized
2026-10-08T05:16:23.3163291Z [2m2026-10-08T05:16:23.316147Z[0m [32m INFO[0m [2mcc_index::memory_budget[0m[2m:[0m memory budget initialized [3mtotal_ram_mb[0m[2m=[0m15989 [3mbudget_mb[0m[2m=[0m7994 [3mfraction[0m[2m=[0m0.5
2026-10-08T05:16:23.3515895Z [2m2026-10-08T05:16:23.351283Z[0m [32m INFO[0m [2mcc_db::index_db_rebuild[0m[2m:[0m full rebuild: creating temp database [3mtmp[0m[2m=[0m/tmp/.tmpCFNTPa/.codecortex/index.sqlite3.tmp
2026-10-08T05:16:23.4095461Z [2m2026-10-08T05:16:23.409218Z[0m [32m INFO[0m [2mcc_db::index_db_rebuild[0m[2m:[0m full rebuild: writing data to temp database
2026-10-08T05:16:23.4129318Z [2m2026-10-08T05:16:23.412749Z[0m [32m INFO[0m [2mcc_db::index_db_rebuild[0m[2m:[0m full rebuild: recreating indexes
2026-10-08T05:16:23.4262964Z [2m2026-10-08T05:16:23.426096Z[0m [32m INFO[0m [2mcc_db::index_db_rebuild[0m[2m:[0m full rebuild: temp database ready for swap
2026-10-08T05:16:23.4265109Z [2m2026-10-08T05:16:23.426303Z[0m [32m INFO[0m [2mcc_index::memory_budget[0m[2m:[0m memory budget initialized [3mtotal_ram_mb[0m[2m=[0m15989 [3mbudget_mb[0m[2m=[0m7994 [3mfraction[0m[2m=[0m0.5
2026-10-08T05:16:23.4365896Z [2m2026-10-08T05:16:23.436349Z[0m [32m INFO[0m [2mcc_index::memory_budget[0m[2m:[0m memory budget initialized [3mtotal_ram_mb[0m[2m=[0m15989 [3mbudget_mb[0m[2m=[0m7994 [3mfraction[0m[2m=[0m0.5
2026-10-08T05:16:23.4410806Z [2m2026-10-08T05:16:23.440807Z[0m [32m INFO[0m [2mcc_index::memory_budget[0m[2m:[0m memory budget initialized [3mtotal_ram_mb[0m[2m=[0m15989 [3mbudget_mb[0m[2m=[0m7994 [3mfraction[0m[2m=[0m0.5
2026-10-08T05:16:23.4712462Z [2m2026-10-08T05:16:23.470970Z[0m [32m INFO[0m [1mserve_inner[0m[2m:[0m [2mrmcp::service[0m[2m:[0m input stream terminated
2026-10-08T05:16:23.4714772Z [2m2026-10-08T05:16:23.471042Z[0m [32m INFO[0m [1mserve_inner[0m[2m:[0m [2mrmcp::service[0m[2m:[0m serve finished [3mquit_reason[0m[2m=[0mClosed
2026-10-08T05:16:23.4716463Z [2m2026-10-08T05:16:23.471273Z[0m [32m INFO[0m [2mcc_server::mcp[0m[2m:[0m MCP server shut down gracefully
2026-10-08T05:16:23.4780908Z test real_mcp_preserves_tool_schema_and_exposes_offline_query_policy ... ok
2026-10-08T05:16:23.4781492Z 
2026-10-08T05:16:23.4781901Z test result: ok. 1 passed; 0 failed; 0 ignored; 0 measured; 10 filtered out; finished in 0.33s
2026-10-08T05:16:23.4782252Z 
2026-10-08T05:16:23.4885839Z ##[group]Run cargo test -p cc-db --lib read_generation --locked
2026-10-08T05:16:23.4886350Z [36;1mcargo test -p cc-db --lib read_generation --locked[0m
2026-10-08T05:16:23.4886887Z [36;1mcargo test -p cc-eval --test p5c_selection --test p5c_budget --test p5c_hydration --locked[0m
2026-10-08T05:16:23.4887467Z [36;1mCODECORTEX_BENCH_BINARY="$RUNNER_TEMP/p7-017-default/codecortex" \[0m
2026-10-08T05:16:23.4887998Z [36;1mCODECORTEX_BENCH_OBSERVATIONS="$RUNNER_TEMP/p5c-observations" \[0m
2026-10-08T05:16:23.4888486Z [36;1m  cargo test -p cc-eval --test p5c_budget --locked -- --ignored[0m
2026-10-08T05:16:23.4949065Z shell: /usr/bin/bash -e {0}
2026-10-08T05:16:23.4965366Z env:
2026-10-08T05:16:23.4965612Z   CARGO_TERM_COLOR: always
2026-10-08T05:16:23.4965888Z   RUSTFLAGS: -D warnings
2026-10-08T05:16:23.4966157Z   CARGO_HOME: /home/runner/.cargo
2026-10-08T05:16:23.4966420Z   CARGO_INCREMENTAL: 0
2026-10-08T05:16:23.4966651Z   CACHE_ON_FAILURE: false
2026-10-08T05:16:23.4966920Z ##[endgroup]
2026-10-08T05:16:23.5921826Z [1m[92m    Finished[0m `test` profile [unoptimized + debuginfo] target(s) in 0.07s
2026-10-08T05:16:23.5946759Z [1m[92m     Running[0m unittests src/lib.rs (target/debug/deps/cc_db-e358f1b58e42012f)
2026-10-08T05:16:23.6069128Z 
2026-10-08T05:16:23.6069356Z running 3 tests
2026-10-08T05:16:23.6238945Z test read_generation::tests::identity_and_epoch_corruption_never_become_zero_generation ... ok
2026-10-08T05:16:23.7097967Z test read_generation::tests::persisted_identity_survives_reopen_and_differs_at_equal_epochs ... ok
2026-10-08T05:16:23.7593145Z test read_generation::tests::staged_rebuild_gets_fresh_persistent_identity ... ok
2026-10-08T05:16:23.7593782Z 
2026-10-08T05:16:23.7594410Z test result: ok. 3 passed; 0 failed; 0 ignored; 0 measured; 190 filtered out; finished in 0.15s
2026-10-08T05:16:23.7594824Z 
2026-10-08T05:16:23.8831804Z [1m[92m    Finished[0m `test` profile [unoptimized + debuginfo] target(s) in 0.11s
2026-10-08T05:16:23.8898614Z [1m[92m     Running[0m tests/p5c_budget.rs (target/debug/deps/p5c_budget-e5e8db2c34f5adc9)
2026-10-08T05:16:23.9056164Z 
2026-10-08T05:16:23.9056553Z running 10 tests
2026-10-08T05:16:24.3049942Z test malformed_context_objects_fail_without_panicking_or_erasing_old_status ... ok
2026-10-08T05:16:24.3333320Z test actual_async_response_counts_final_freshness_and_survives_repacking ... ok
2026-10-08T05:16:24.4932970Z test malformed_packing_status_cannot_be_interpreted_as_complete ... ok
2026-10-08T05:16:24.5177209Z test first_huge_body_becomes_reference_not_unbounded_or_fake_slice ... ok
2026-10-08T05:16:24.7171878Z test projected_lane_receipts_keep_partial_errors_and_reject_bad_headers ... ok
2026-10-08T05:16:24.7174276Z test real_stdio_search_preserves_full_json_budget_and_source_proofs ... ignored, explicit CODECORTEX_BENCH_BINARY; real MCP structured response budget
2026-10-08T05:16:24.7189400Z test post_handler_metadata_and_old_omission_flags_share_final_budget ... ok
2026-10-08T05:16:24.9013649Z test oversized_graph_and_diagnostic_metadata_yield_before_primary_source ... ok
2026-10-08T05:16:24.9447404Z test small_source_survives_metadata_compaction_and_size_is_self_accounted ... ok
2026-10-08T05:16:25.3900755Z test lower_rank_references_never_evict_a_fitting_primary_body ... ok
2026-10-08T05:16:25.3901102Z 
2026-10-08T05:16:25.3901383Z test result: ok. 9 passed; 0 failed; 1 ignored; 0 measured; 0 filtered out; finished in 1.48s
2026-10-08T05:16:25.3902056Z 
2026-10-08T05:16:25.3937784Z [1m[92m     Running[0m tests/p5c_hydration.rs (target/debug/deps/p5c_hydration-55d612e6c5262aad)
2026-10-08T05:16:25.4083371Z 
2026-10-08T05:16:25.4083700Z running 11 tests
2026-10-08T05:16:25.8163067Z test final_hits_preserve_original_utf8_crlf_proofs_and_metadata ... ok
2026-10-08T05:16:25.8179132Z test disk_changes_and_deletions_are_explicit_omissions_not_new_source ... ok
2026-10-08T05:16:25.8233149Z test dense_omission_persists_across_hydration_windows_but_generation_changes_fail ... ok
2026-10-08T05:16:25.8506454Z test current_dense_basis_keeps_final_response_complete ... ok
2026-10-08T05:16:26.0778989Z test no_lane_may_substitute_final_identity_coordinates_or_scope ... ok
2026-10-08T05:16:26.0831623Z test graph_nodes_and_post_handler_metadata_keep_the_same_scope_and_generation ... ok
2026-10-08T05:16:26.0948509Z test real_space_switch_during_recall_rejects_the_old_generation ... ok
2026-10-08T05:16:26.1332061Z test stable_generation_with_skipped_dense_basis_is_partial_in_final_response ... ok
2026-10-08T05:16:26.3042800Z test swap_same_epoch_and_cancel_reject_final_publication ... ok
2026-10-08T05:16:26.3172311Z test warm_context_revalidates_the_full_record_not_only_its_reference_mirror ... ok
2026-10-08T05:16:26.3267342Z test warmed_search_cannot_hide_deleted_manifest_or_forged_snapshot ... ok
2026-10-08T05:16:26.3268103Z 
2026-10-08T05:16:26.3268717Z test result: ok. 11 passed; 0 failed; 0 ignored; 0 measured; 0 filtered out; finished in 0.92s
2026-10-08T05:16:26.3269452Z 
2026-10-08T05:16:26.3317985Z [1m[92m     Running[0m tests/p5c_selection.rs (target/debug/deps/p5c_selection-19ec65c66fa8914d)
2026-10-08T05:16:26.3461880Z 
2026-10-08T05:16:26.3462055Z running 8 tests
2026-10-08T05:16:26.7942350Z test duplicate_source_is_suppressed_but_cross_file_copy_is_not ... ok
2026-10-08T05:16:26.7945699Z test a_single_file_can_contribute_multiple_disjoint_pieces ... ok
2026-10-08T05:16:26.7948449Z test fix_reserves_test_evidence_but_never_displaces_rank_one ... ok
2026-10-08T05:16:26.7950130Z test auxiliary_metadata_does_not_change_read_generation ... ok
2026-10-08T05:16:27.0829102Z test locate_keeps_rank_order_without_forced_file_diversity ... ok
2026-10-08T05:16:27.0958948Z test only_selected_evidence_can_suppress_an_overlapping_facet ... ok
2026-10-08T05:16:27.0999893Z test malformed_incarnation_fails_even_when_result_is_warm ... ok
2026-10-08T05:16:27.1253179Z test public_context_reports_selection_and_cache_windows_do_not_alias ... ok
2026-10-08T05:16:27.1253879Z 
2026-10-08T05:16:27.1254423Z test result: ok. 8 passed; 0 failed; 0 ignored; 0 measured; 0 filtered out; finished in 0.78s
2026-10-08T05:16:27.1255238Z 
2026-10-08T05:16:27.2515722Z [1m[92m    Finished[0m `test` profile [unoptimized + debuginfo] target(s) in 0.10s
2026-10-08T05:16:27.2572523Z [1m[92m     Running[0m tests/p5c_budget.rs (target/debug/deps/p5c_budget-e5e8db2c34f5adc9)
2026-10-08T05:16:27.2596201Z 
2026-10-08T05:16:27.2596384Z running 1 test
2026-10-08T05:16:27.4219134Z [2m2026-10-08T05:16:27.421462Z[0m [32m INFO[0m [1mserve_inner[0m[2m:[0m [2mrmcp::service[0m[2m:[0m Service initialized as server [3mpeer_info[0m[2m=[0mSome(InitializeRequestParams { meta: None, protocol_version: ProtocolVersion("2025-11-25"), capabilities: ClientCapabilities { experimental: None, extensions: None, roots: None, sampling: None, elicitation: None, tasks: None }, client_info: Implementation { name: "rmcp", title: None, version: "2.2.0", description: None, icons: None, website_url: None } })
2026-10-08T05:16:27.4221708Z [2m2026-10-08T05:16:27.421582Z[0m [32m INFO[0m [2mcc_server::mcp[0m[2m:[0m MCP server started on stdio
2026-10-08T05:16:27.4236611Z [2m2026-10-08T05:16:27.423396Z[0m [32m INFO[0m [1mserve_inner[0m[2m:[0m [2mrmcp::service[0m[2m:[0m received notification [3mnotification[0m[2m=[0mInitializedNotification(NotificationNoParam { method: InitializedNotificationMethod, extensions: Extensions })
2026-10-08T05:16:27.4240024Z [2m2026-10-08T05:16:27.423526Z[0m [32m INFO[0m [1mserve_inner[0m[2m:[0m [2mrmcp::handler::server[0m[2m:[0m client initialized
2026-10-08T05:16:27.4246047Z [2m2026-10-08T05:16:27.424432Z[0m [32m INFO[0m [2mcc_index::memory_budget[0m[2m:[0m memory budget initialized [3mtotal_ram_mb[0m[2m=[0m15989 [3mbudget_mb[0m[2m=[0m7994 [3mfraction[0m[2m=[0m0.5
2026-10-08T05:16:27.4548057Z [2m2026-10-08T05:16:27.454590Z[0m [32m INFO[0m [2mcc_db::index_db_rebuild[0m[2m:[0m full rebuild: creating temp database [3mtmp[0m[2m=[0m/tmp/.tmplaDRSv/.codecortex/index.sqlite3.tmp
2026-10-08T05:16:27.5124689Z [2m2026-10-08T05:16:27.512177Z[0m [32m INFO[0m [2mcc_db::index_db_rebuild[0m[2m:[0m full rebuild: writing data to temp database
2026-10-08T05:16:27.5240978Z [2m2026-10-08T05:16:27.523904Z[0m [32m INFO[0m [2mcc_db::index_db_rebuild[0m[2m:[0m full rebuild: recreating indexes
2026-10-08T05:16:27.5375828Z [2m2026-10-08T05:16:27.537365Z[0m [32m INFO[0m [2mcc_db::index_db_rebuild[0m[2m:[0m full rebuild: temp database ready for swap
2026-10-08T05:16:27.5379001Z [2m2026-10-08T05:16:27.537695Z[0m [32m INFO[0m [2mcc_index::memory_budget[0m[2m:[0m memory budget initialized [3mtotal_ram_mb[0m[2m=[0m15989 [3mbudget_mb[0m[2m=[0m7994 [3mfraction[0m[2m=[0m0.5
2026-10-08T05:16:27.5495611Z [2m2026-10-08T05:16:27.549288Z[0m [32m INFO[0m [2mcc_index::memory_budget[0m[2m:[0m memory budget initialized [3mtotal_ram_mb[0m[2m=[0m15989 [3mbudget_mb[0m[2m=[0m7994 [3mfraction[0m[2m=[0m0.5
2026-10-08T05:16:27.5539590Z [2m2026-10-08T05:16:27.553705Z[0m [32m INFO[0m [2mcc_index::memory_budget[0m[2m:[0m memory budget initialized [3mtotal_ram_mb[0m[2m=[0m15989 [3mbudget_mb[0m[2m=[0m7994 [3mfraction[0m[2m=[0m0.5
2026-10-08T05:16:27.7447049Z [2m2026-10-08T05:16:27.744431Z[0m [32m INFO[0m [1mserve_inner[0m[2m:[0m [2mrmcp::service[0m[2m:[0m input stream terminated
2026-10-08T05:16:27.7449020Z [2m2026-10-08T05:16:27.744524Z[0m [32m INFO[0m [1mserve_inner[0m[2m:[0m [2mrmcp::service[0m[2m:[0m serve finished [3mquit_reason[0m[2m=[0mClosed
2026-10-08T05:16:27.7450584Z [2m2026-10-08T05:16:27.744760Z[0m [32m INFO[0m [2mcc_server::mcp[0m[2m:[0m MCP server shut down gracefully
2026-10-08T05:16:27.7506026Z test real_stdio_search_preserves_full_json_budget_and_source_proofs ... ok
2026-10-08T05:16:27.7506596Z 
2026-10-08T05:16:27.7507051Z test result: ok. 1 passed; 0 failed; 0 ignored; 0 measured; 9 filtered out; finished in 0.49s
2026-10-08T05:16:27.7507420Z 
2026-10-08T05:16:27.7611610Z ##[group]Run cargo test -p cc-eval --test p5d_runtime --test p5d_contract --locked
2026-10-08T05:16:27.7612227Z [36;1mcargo test -p cc-eval --test p5d_runtime --test p5d_contract --locked[0m
2026-10-08T05:16:27.7612759Z [36;1mCODECORTEX_BENCH_BINARY="$RUNNER_TEMP/p7-017-default/codecortex" \[0m
2026-10-08T05:16:27.7613266Z [36;1mCODECORTEX_BENCH_OBSERVATIONS="$RUNNER_TEMP/p5d-observations" \[0m
2026-10-08T05:16:27.7613792Z [36;1m  cargo test -p cc-eval --test p5d_contract --locked -- --ignored[0m
2026-10-08T05:16:27.7673451Z shell: /usr/bin/bash -e {0}
2026-10-08T05:16:27.7673718Z env:
2026-10-08T05:16:27.7673919Z   CARGO_TERM_COLOR: always
2026-10-08T05:16:27.7674172Z   RUSTFLAGS: -D warnings
2026-10-08T05:16:27.7674418Z   CARGO_HOME: /home/runner/.cargo
2026-10-08T05:16:27.7674684Z   CARGO_INCREMENTAL: 0
2026-10-08T05:16:27.7675165Z   CACHE_ON_FAILURE: false
2026-10-08T05:16:27.7675405Z ##[endgroup]
2026-10-08T05:16:27.8948306Z [1m[92m    Finished[0m `test` profile [unoptimized + debuginfo] target(s) in 0.11s
2026-10-08T05:16:27.9008727Z [1m[92m     Running[0m tests/p5d_contract.rs (target/debug/deps/p5d_contract-a2da400c48217a10)
2026-10-08T05:16:27.9122407Z 
2026-10-08T05:16:27.9122767Z running 2 tests
2026-10-08T05:16:27.9127711Z test real_stdio_policy_override_and_capability_state ... ignored, explicit CODECORTEX_BENCH_BINARY; actual public policy and capabilities contract
2026-10-08T05:16:27.9200407Z test policy_parameters_are_optional_strict_and_documented ... ok
2026-10-08T05:16:27.9200924Z 
2026-10-08T05:16:27.9201360Z test result: ok. 1 passed; 0 failed; 1 ignored; 0 measured; 0 filtered out; finished in 0.01s
2026-10-08T05:16:27.9202024Z 
2026-10-08T05:16:27.9203711Z [1m[92m     Running[0m tests/p5d_runtime.rs (target/debug/deps/p5d_runtime-44f91ffeee660612)
2026-10-08T05:16:27.9343871Z 
2026-10-08T05:16:27.9344076Z running 10 tests
2026-10-08T05:16:28.0346234Z test concurrent_cold_routes_share_one_instance_and_build_gate ... ok
2026-10-08T05:16:28.0346955Z test cancelled_blocking_work_keeps_pin_until_actual_exit ... ok
2026-10-08T05:16:28.0692541Z test dropping_session_stops_recurring_tasks_and_releases_cached_db ... ok
2026-10-08T05:16:28.2958185Z test explicit_unconfigured_semantic_is_never_reported_ready ... ok
2026-10-08T05:16:28.3024814Z test cloned_views_hold_one_lease_until_last_drop ... ok
2026-10-08T05:16:28.3112803Z test capability_readiness_distinguishes_absence_empty_error_and_semantic_port ... ok
2026-10-08T05:16:28.3479862Z test idle_sweep_never_waits_for_write_or_build_lock ... ok
2026-10-08T05:16:28.4070516Z test explicit_context_policy_cannot_bypass_optional_port_via_direct_symbols ... ok
2026-10-08T05:16:28.9541600Z test inflight_recall_survives_idle_and_lru_then_reclaims_resources ... ok
2026-10-08T05:16:29.3665170Z test shutdown_prevents_late_watcher_and_idle_restart ... ok
2026-10-08T05:16:29.3665820Z 
2026-10-08T05:16:29.3667261Z test result: ok. 10 passed; 0 failed; 0 ignored; 0 measured; 0 filtered out; finished in 1.43s
2026-10-08T05:16:29.3667987Z 
2026-10-08T05:16:29.4941951Z [1m[92m    Finished[0m `test` profile [unoptimized + debuginfo] target(s) in 0.10s
2026-10-08T05:16:29.4999224Z [1m[92m     Running[0m tests/p5d_contract.rs (target/debug/deps/p5d_contract-a2da400c48217a10)
2026-10-08T05:16:29.5016118Z 
2026-10-08T05:16:29.5016316Z running 1 test
2026-10-08T05:16:29.5177306Z [2m2026-10-08T05:16:29.517521Z[0m [32m INFO[0m [2mcc_db::index_migrate[0m[2m:[0m initializing index schema [3mversion[0m[2m=[0m25
2026-10-08T05:16:29.5402547Z [2m2026-10-08T05:16:29.539649Z[0m [32m INFO[0m [1mserve_inner[0m[2m:[0m [2mrmcp::service[0m[2m:[0m Service initialized as server [3mpeer_info[0m[2m=[0mSome(InitializeRequestParams { meta: None, protocol_version: ProtocolVersion("2025-11-25"), capabilities: ClientCapabilities { experimental: None, extensions: None, roots: None, sampling: None, elicitation: None, tasks: None }, client_info: Implementation { name: "rmcp", title: None, version: "2.2.0", description: None, icons: None, website_url: None } })
2026-10-08T05:16:29.5404834Z [2m2026-10-08T05:16:29.539719Z[0m [32m INFO[0m [2mcc_server::mcp[0m[2m:[0m MCP server started on stdio
2026-10-08T05:16:29.5419928Z [2m2026-10-08T05:16:29.541732Z[0m [32m INFO[0m [1mserve_inner[0m[2m:[0m [2mrmcp::service[0m[2m:[0m received notification [3mnotification[0m[2m=[0mInitializedNotification(NotificationNoParam { method: InitializedNotificationMethod, extensions: Extensions })
2026-10-08T05:16:29.5421461Z [2m2026-10-08T05:16:29.541840Z[0m [32m INFO[0m [1mserve_inner[0m[2m:[0m [2mrmcp::handler::server[0m[2m:[0m client initialized
2026-10-08T05:16:29.5436866Z [2m2026-10-08T05:16:29.543430Z[0m [32m INFO[0m [2mcc_index::memory_budget[0m[2m:[0m memory budget initialized [3mtotal_ram_mb[0m[2m=[0m15989 [3mbudget_mb[0m[2m=[0m7994 [3mfraction[0m[2m=[0m0.5
2026-10-08T05:16:29.5780524Z [2m2026-10-08T05:16:29.577845Z[0m [32m INFO[0m [2mcc_db::index_db_rebuild[0m[2m:[0m full rebuild: creating temp database [3mtmp[0m[2m=[0m/tmp/.tmpBM0HZe/.codecortex/index.sqlite3.tmp
2026-10-08T05:16:29.6394673Z [2m2026-10-08T05:16:29.639281Z[0m [32m INFO[0m [2mcc_db::index_db_rebuild[0m[2m:[0m full rebuild: writing data to temp database
2026-10-08T05:16:29.6418631Z [2m2026-10-08T05:16:29.641742Z[0m [32m INFO[0m [2mcc_db::index_db_rebuild[0m[2m:[0m full rebuild: recreating indexes
2026-10-08T05:16:29.6550224Z [2m2026-10-08T05:16:29.654888Z[0m [32m INFO[0m [2mcc_db::index_db_rebuild[0m[2m:[0m full rebuild: temp database ready for swap
2026-10-08T05:16:29.6551994Z [2m2026-10-08T05:16:29.655048Z[0m [32m INFO[0m [2mcc_index::memory_budget[0m[2m:[0m memory budget initialized [3mtotal_ram_mb[0m[2m=[0m15989 [3mbudget_mb[0m[2m=[0m7994 [3mfraction[0m[2m=[0m0.5
2026-10-08T05:16:29.6711735Z [2m2026-10-08T05:16:29.670990Z[0m [32m INFO[0m [2mcc_index::memory_budget[0m[2m:[0m memory budget initialized [3mtotal_ram_mb[0m[2m=[0m15989 [3mbudget_mb[0m[2m=[0m7994 [3mfraction[0m[2m=[0m0.5
2026-10-08T05:16:29.6760150Z [2m2026-10-08T05:16:29.675778Z[0m [32m INFO[0m [2mcc_index::memory_budget[0m[2m:[0m memory budget initialized [3mtotal_ram_mb[0m[2m=[0m15989 [3mbudget_mb[0m[2m=[0m7994 [3mfraction[0m[2m=[0m0.5
2026-10-08T05:16:29.7462208Z [2m2026-10-08T05:16:29.745879Z[0m [33m WARN[0m [1mserve_inner[0m[2m:[0m [2mrmcp::service[0m[2m:[0m response error [3mid[0m[2m=[0m7 [3merror[0m[2m=[0mErrorData { code: ErrorCode(-32603), message: "semantic recall is not configured", data: None }
2026-10-08T05:16:29.7474185Z [2m2026-10-08T05:16:29.747101Z[0m [33m WARN[0m [1mserve_inner[0m[2m:[0m [2mrmcp::service[0m[2m:[0m response error [3mid[0m[2m=[0m8 [3merror[0m[2m=[0mErrorData { code: ErrorCode(-32603), message: "semantic recall is not configured", data: None }
2026-10-08T05:16:29.7481792Z [2m2026-10-08T05:16:29.747881Z[0m [33m WARN[0m [1mserve_inner[0m[2m:[0m [2mrmcp::service[0m[2m:[0m response error [3mid[0m[2m=[0m9 [3merror[0m[2m=[0mErrorData { code: ErrorCode(-32602), message: "retrieval_strategy must be local, auto, or semantic", data: None }
2026-10-08T05:16:29.7488064Z [2m2026-10-08T05:16:29.748587Z[0m [33m WARN[0m [1mserve_inner[0m[2m:[0m [2mrmcp::service[0m[2m:[0m response error [3mid[0m[2m=[0m10 [3merror[0m[2m=[0mErrorData { code: ErrorCode(-32602), message: "symbol mode supports only local retrieval_strategy", data: None }
2026-10-08T05:16:29.7492956Z [2m2026-10-08T05:16:29.749095Z[0m [32m INFO[0m [1mserve_inner[0m[2m:[0m [2mrmcp::service[0m[2m:[0m input stream terminated
2026-10-08T05:16:29.7494437Z [2m2026-10-08T05:16:29.749179Z[0m [32m INFO[0m [1mserve_inner[0m[2m:[0m [2mrmcp::service[0m[2m:[0m serve finished [3mquit_reason[0m[2m=[0mClosed
2026-10-08T05:16:29.7496231Z [2m2026-10-08T05:16:29.749415Z[0m [32m INFO[0m [2mcc_server::mcp[0m[2m:[0m MCP server shut down gracefully
2026-10-08T05:16:29.7542898Z test real_stdio_policy_override_and_capability_state ... ok
2026-10-08T05:16:29.7543366Z 
2026-10-08T05:16:29.7543773Z test result: ok. 1 passed; 0 failed; 0 ignored; 0 measured; 1 filtered out; finished in 0.25s
2026-10-08T05:16:29.7544362Z 
2026-10-08T05:16:29.7631162Z ##[group]Run python3 scripts/code_index_plan.py
2026-10-08T05:16:29.7631555Z [36;1mpython3 scripts/code_index_plan.py[0m
2026-10-08T05:16:29.7631927Z [36;1mcargo build -p cc-eval --bin cc-eval --locked[0m
2026-10-08T05:16:29.7632463Z [36;1mPYTHONDONTWRITEBYTECODE=1 python3 -m unittest discover -s tests/historical_corpus -v[0m
2026-10-08T05:16:29.7633071Z [36;1m# Same validator and six locks; only the historical subset is materialized.[0m
2026-10-08T05:16:29.7633631Z [36;1m# Current product integrity uses the explicitly selected reviewed source union.[0m
2026-10-08T05:16:29.7634196Z [36;1mpython3 scripts/p0_historical_corpus.py --validator target/debug/cc-eval[0m
2026-10-08T05:16:29.7693811Z shell: /usr/bin/bash -e {0}
2026-10-08T05:16:29.7694068Z env:
2026-10-08T05:16:29.7694276Z   CARGO_TERM_COLOR: always
2026-10-08T05:16:29.7694520Z   RUSTFLAGS: -D warnings
2026-10-08T05:16:29.7694764Z   CARGO_HOME: /home/runner/.cargo
2026-10-08T05:16:29.7695277Z   CARGO_INCREMENTAL: 0
2026-10-08T05:16:29.7695504Z   CACHE_ON_FAILURE: false
2026-10-08T05:16:29.7695726Z ##[endgroup]
2026-10-08T05:16:29.8255202Z {"status": "passed", "task_count": 192, "states": {"done": 153, "in_progress": 21, "todo": 17, "blocked": 1}, "task_sha256": "a7ebacf3903f3f405e3c5ba4d19f5590107467b55ede35c4d675516c07cf4e68", "views": 4}
2026-10-08T05:16:29.9441800Z [1m[92m    Finished[0m `dev` profile [unoptimized + debuginfo] target(s) in 0.10s
2026-10-08T05:16:30.1988223Z test_changed_live_controls (test_p0_historical.HistoricalCorpusTests.test_changed_live_controls) ... ok
2026-10-08T05:16:30.3087763Z test_changed_query (test_p0_historical.HistoricalCorpusTests.test_changed_query) ... ok
2026-10-08T05:16:30.3640924Z test_changed_source (test_p0_historical.HistoricalCorpusTests.test_changed_source) ... ok
2026-10-08T05:16:30.4343718Z P0 current CodeCortex source DEV subset (20261003 semantic migration): 14 queries, 10 admitted files, locks valid
2026-10-08T05:16:30.4500324Z test_exact_historical_inputs (test_p0_historical.HistoricalCorpusTests.test_exact_historical_inputs) ... ok
2026-10-08T05:16:30.5009223Z test_missing_anchor_fetch_fails_closed (test_p0_historical.HistoricalCorpusTests.test_missing_anchor_fetch_fails_closed) ... ok
2026-10-08T05:16:30.5866270Z test_missing_historical_blob (test_p0_historical.HistoricalCorpusTests.test_missing_historical_blob) ... ok
2026-10-08T05:16:30.6409980Z test_missing_query (test_p0_historical.HistoricalCorpusTests.test_missing_query) ... ok
2026-10-08T05:16:30.6951518Z test_missing_source (test_p0_historical.HistoricalCorpusTests.test_missing_source) ... ok
2026-10-08T05:16:30.7455692Z test_nonfresh_tree (test_p0_historical.HistoricalCorpusTests.test_nonfresh_tree) ... ok
2026-10-08T05:16:30.7963781Z test_path_escape (test_p0_historical.HistoricalCorpusTests.test_path_escape) ... ok
2026-10-08T05:16:30.8507685Z test_stale_anchor (test_p0_historical.HistoricalCorpusTests.test_stale_anchor) ... ok
2026-10-08T05:16:30.9013094Z test_symlink_escape (test_p0_historical.HistoricalCorpusTests.test_symlink_escape) ... ok
2026-10-08T05:16:30.9564226Z test_validator_source_path_escape (test_p0_historical.HistoricalCorpusTests.test_validator_source_path_escape) ... ok
2026-10-08T05:16:31.0441127Z test_wrong_historical_blob (test_p0_historical.HistoricalCorpusTests.test_wrong_historical_blob) ... ok
2026-10-08T05:16:31.0441947Z 
2026-10-08T05:16:31.0442214Z ----------------------------------------------------------------------
2026-10-08T05:16:31.0442807Z Ran 14 tests in 0.998s
2026-10-08T05:16:31.0443049Z 
2026-10-08T05:16:31.0443177Z OK
2026-10-08T05:16:31.1415931Z Historical DEV corpus validation; source anchor=277f2490fad3fa30f2812b5547bad033867c9ea5
2026-10-08T05:16:31.1465805Z P0 current CodeCortex source DEV subset (20261003 semantic migration): 14 queries, 10 admitted files, locks valid
2026-10-08T05:16:31.1470293Z P0 authored smoke: 11 queries, 3 admitted files, locks valid
2026-10-08T05:16:31.1475803Z P1-B authored exact and component-scope contracts: 8 queries, 4 admitted files, locks valid
2026-10-08T05:16:31.1482855Z P1-C paired EN/ZH intentions (authored dev): 18 queries, 6 admitted files, locks valid
2026-10-08T05:16:31.1486568Z p1c-bm25: 1 queries, 4 admitted files, locks valid
2026-10-08T05:16:31.1490112Z p1c-softscope: 2 queries, 4 admitted files, locks valid
2026-10-08T05:16:31.1689517Z ##[group]Run python3 scripts/p7_stdio_build_receipt.py --package-kind semantic --output-dir "$RUNNER_TEMP/p7-017-semantic"
2026-10-08T05:16:31.1690413Z [36;1mpython3 scripts/p7_stdio_build_receipt.py --package-kind semantic --output-dir "$RUNNER_TEMP/p7-017-semantic"[0m
2026-10-08T05:16:31.1691077Z [36;1mCODECORTEX_BENCH_BINARY="$RUNNER_TEMP/p7-017-semantic/codecortex" \[0m
2026-10-08T05:16:31.1691489Z [36;1mP7_017_PACKAGE_KIND=semantic \[0m
2026-10-08T05:16:31.1691899Z [36;1mP7_017_BUILD_RECEIPT="$RUNNER_TEMP/p7-017-semantic/build-receipt.json" \[0m
2026-10-08T05:16:31.1692458Z [36;1mCODECORTEX_BENCH_OBSERVATIONS="$RUNNER_TEMP/p7-017-semantic-observations" \[0m
2026-10-08T05:16:31.1693028Z [36;1m  cargo test -p cc-eval --test benchmark_adapters --locked -- --include-ignored[0m
2026-10-08T05:16:31.1753768Z shell: /usr/bin/bash -e {0}
2026-10-08T05:16:31.1754017Z env:
2026-10-08T05:16:31.1754423Z   CARGO_TERM_COLOR: always
2026-10-08T05:16:31.1754703Z   RUSTFLAGS: -D warnings
2026-10-08T05:16:31.1755196Z   CARGO_HOME: /home/runner/.cargo
2026-10-08T05:16:31.1755460Z   CARGO_INCREMENTAL: 0
2026-10-08T05:16:31.1755682Z   CACHE_ON_FAILURE: false
2026-10-08T05:16:31.1755911Z ##[endgroup]
2026-10-08T05:17:27.3894233Z {"binary": "/home/runner/work/_temp/p7-017-semantic/codecortex", "receipt": "/home/runner/work/_temp/p7-017-semantic/build-receipt.json", "package_kind": "semantic", "features": ["semantic"], "sha256": "afa4057fc1b6a9b919170997af11caff34b44d5d88502a46097323c9053471c5", "source_commit": "683d8882c108e4e9be68ebac127f3c709e329711", "source_inputs": 795, "profile": "dev"}
2026-10-08T05:17:27.5140702Z [1m[92m    Finished[0m `test` profile [unoptimized + debuginfo] target(s) in 0.11s
2026-10-08T05:17:27.5201829Z [1m[92m     Running[0m tests/benchmark_adapters.rs (target/debug/deps/benchmark_adapters-eecb5512791c6064)
2026-10-08T05:17:27.5304450Z 
2026-10-08T05:17:27.5304956Z running 11 tests
2026-10-08T05:17:27.5391943Z test p7_offline::build_receipt_rejects_identity_feature_and_binary_mismatch ... ok
2026-10-08T05:17:27.5397212Z test p7_procfs::tests::missing_proc_or_child_is_not_an_isolation_pass ... ok
2026-10-08T05:17:27.5404629Z test p7_procfs::tests::namespace_child_resolves_to_host_proc_pid ... ok
2026-10-08T05:17:27.5415526Z test p7_procfs::tests::same_namespace_proc_mount_is_supported ... ok
2026-10-08T05:17:27.5421408Z test p7_procfs::tests::unrelated_numeric_pid_cannot_supply_security_evidence ... ok
2026-10-08T05:17:27.5434355Z test p7_procfs::tests::wrong_namespace_or_parent_is_rejected ... ok
2026-10-08T05:17:27.5449043Z test exited_child_is_protocol_error_not_empty_search ... ok
2026-10-08T05:17:27.5450165Z test p7_procfs::tests::wrong_observer_and_ambiguous_child_are_rejected ... ok
2026-10-08T05:17:27.5544227Z [2m2026-10-08T05:17:27.554157Z[0m [32m INFO[0m [2mcc_db::index_migrate[0m[2m:[0m initializing index schema [3mversion[0m[2m=[0m25
2026-10-08T05:17:27.5545962Z test p7_procfs::tests::actual_sleep_child_has_bound_proc_identity ... ok
2026-10-08T05:17:27.5785798Z [2m2026-10-08T05:17:27.578016Z[0m [32m INFO[0m [1mserve_inner[0m[2m:[0m [2mrmcp::service[0m[2m:[0m Service initialized as server [3mpeer_info[0m[2m=[0mSome(InitializeRequestParams { meta: None, protocol_version: ProtocolVersion("2025-11-25"), capabilities: ClientCapabilities { experimental: None, extensions: None, roots: None, sampling: None, elicitation: None, tasks: None }, client_info: Implementation { name: "rmcp", title: None, version: "2.2.0", description: None, icons: None, website_url: None } })
2026-10-08T05:17:27.5789691Z [2m2026-10-08T05:17:27.578758Z[0m [32m INFO[0m [2mcc_server::mcp[0m[2m:[0m MCP server started on stdio
2026-10-08T05:17:27.5806345Z [2m2026-10-08T05:17:27.580297Z[0m [32m INFO[0m [1mserve_inner[0m[2m:[0m [2mrmcp::service[0m[2m:[0m received notification [3mnotification[0m[2m=[0mInitializedNotification(NotificationNoParam { method: InitializedNotificationMethod, extensions: Extensions })
2026-10-08T05:17:27.5809346Z [2m2026-10-08T05:17:27.580414Z[0m [32m INFO[0m [1mserve_inner[0m[2m:[0m [2mrmcp::handler::server[0m[2m:[0m client initialized
2026-10-08T05:17:27.5819145Z [2m2026-10-08T05:17:27.581701Z[0m [32m INFO[0m [2mcc_index::memory_budget[0m[2m:[0m memory budget initialized [3mtotal_ram_mb[0m[2m=[0m15989 [3mbudget_mb[0m[2m=[0m7994 [3mfraction[0m[2m=[0m0.5
2026-10-08T05:17:27.6174073Z [2m2026-10-08T05:17:27.617071Z[0m [32m INFO[0m [2mcc_db::index_db_rebuild[0m[2m:[0m full rebuild: creating temp database [3mtmp[0m[2m=[0m/tmp/.tmp67aVJl/.codecortex/index.sqlite3.tmp
2026-10-08T05:17:27.6825300Z [2m2026-10-08T05:17:27.682206Z[0m [32m INFO[0m [2mcc_db::index_db_rebuild[0m[2m:[0m full rebuild: writing data to temp database
2026-10-08T05:17:27.6851387Z [2m2026-10-08T05:17:27.684938Z[0m [32m INFO[0m [2mcc_db::index_db_rebuild[0m[2m:[0m full rebuild: recreating indexes
2026-10-08T05:17:27.6988340Z [2m2026-10-08T05:17:27.698640Z[0m [32m INFO[0m [2mcc_db::index_db_rebuild[0m[2m:[0m full rebuild: temp database ready for swap
2026-10-08T05:17:27.6990465Z [2m2026-10-08T05:17:27.698832Z[0m [32m INFO[0m [2mcc_index::memory_budget[0m[2m:[0m memory budget initialized [3mtotal_ram_mb[0m[2m=[0m15989 [3mbudget_mb[0m[2m=[0m7994 [3mfraction[0m[2m=[0m0.5
2026-10-08T05:17:27.7162694Z [2m2026-10-08T05:17:27.715840Z[0m [32m INFO[0m [2mcc_index::memory_budget[0m[2m:[0m memory budget initialized [3mtotal_ram_mb[0m[2m=[0m15989 [3mbudget_mb[0m[2m=[0m7994 [3mfraction[0m[2m=[0m0.5
2026-10-08T05:17:27.7210796Z [2m2026-10-08T05:17:27.720837Z[0m [32m INFO[0m [2mcc_index::memory_budget[0m[2m:[0m memory budget initialized [3mtotal_ram_mb[0m[2m=[0m15989 [3mbudget_mb[0m[2m=[0m7994 [3mfraction[0m[2m=[0m0.5
2026-10-08T05:17:27.7724296Z [2m2026-10-08T05:17:27.772150Z[0m [32m INFO[0m [1mserve_inner[0m[2m:[0m [2mrmcp::service[0m[2m:[0m input stream terminated
2026-10-08T05:17:27.7726371Z [2m2026-10-08T05:17:27.772232Z[0m [32m INFO[0m [1mserve_inner[0m[2m:[0m [2mrmcp::service[0m[2m:[0m serve finished [3mquit_reason[0m[2m=[0mClosed
2026-10-08T05:17:27.7727994Z [2m2026-10-08T05:17:27.772436Z[0m [32m INFO[0m [2mcc_server::mcp[0m[2m:[0m MCP server shut down gracefully
2026-10-08T05:17:27.7781806Z test real_stdio_index_search_scope_and_tool_error ... ok
2026-10-08T05:17:45.0057407Z test p7_offline::real_stdio_default_disabled_semantic_contract ... ok
2026-10-08T05:17:45.0057867Z 
2026-10-08T05:17:45.0058206Z test result: ok. 11 passed; 0 failed; 0 ignored; 0 measured; 0 filtered out; finished in 17.48s
2026-10-08T05:17:45.0058646Z 
2026-10-08T05:17:45.0215516Z Post job cleanup.
2026-10-08T05:17:45.3324550Z Cache up-to-date.
2026-10-08T05:17:45.3527783Z Post job cleanup.
2026-10-08T05:17:45.4389707Z [command]/usr/bin/git version
2026-10-08T05:17:45.4432025Z git version 2.55.0
2026-10-08T05:17:45.4471464Z Temporarily overriding HOME='/home/runner/work/_temp/29b93a86-2f1a-4dc2-b59b-1d568b7a6e27' before making global git config changes
2026-10-08T05:17:45.4472909Z Adding repository directory to the temporary git global config as a safe directory
2026-10-08T05:17:45.4477921Z [command]/usr/bin/git config --global --add safe.directory /home/runner/work/codecortex/codecortex
2026-10-08T05:17:45.4516541Z [command]/usr/bin/git config --local --name-only --get-regexp core\.sshCommand
2026-10-08T05:17:45.4552039Z [command]/usr/bin/git submodule foreach --recursive sh -c "git config --local --name-only --get-regexp 'core\.sshCommand' && git config --local --unset-all 'core.sshCommand' || :"
2026-10-08T05:17:45.4846759Z [command]/usr/bin/git config --local --name-only --get-regexp http\.https\:\/\/github\.com\/\.extraheader
2026-10-08T05:17:45.4870589Z http.https://github.com/.extraheader
2026-10-08T05:17:45.4881399Z [command]/usr/bin/git config --local --unset-all http.https://github.com/.extraheader
2026-10-08T05:17:45.4917293Z [command]/usr/bin/git submodule foreach --recursive sh -c "git config --local --name-only --get-regexp 'http\.https\:\/\/github\.com\/\.extraheader' && git config --local --unset-all 'http.https://github.com/.extraheader' || :"
2026-10-08T05:17:45.5148385Z [command]/usr/bin/git config --local --name-only --get-regexp ^includeIf\.gitdir:
2026-10-08T05:17:45.5178955Z [command]/usr/bin/git submodule foreach --recursive git config --local --show-origin --name-only --get-regexp remote.origin.url
2026-10-08T05:17:45.5561339Z Cleaning up orphan processes
2026-10-08T05:17:45.5946516Z ##[warning]Node.js 20 is deprecated. The following actions target Node.js 20 but are being forced to run on Node.js 24: actions/checkout@v4. For more information see: https://github.blog/changelog/2025-09-19-deprecation-of-node-20-on-github-actions-runners/
