2026-10-08T05:13:13.2748363Z Current runner version: '2.337.0'
2026-10-08T05:13:13.2766535Z ##[group]Runner Image Provisioner
2026-10-08T05:13:13.2767079Z Hosted Compute Agent
2026-10-08T05:13:13.2767498Z Version: 20261002.596
2026-10-08T05:13:13.2767941Z Commit: c3d12f3313a95f25162a1503be624f3b0617f8c0
2026-10-08T05:13:13.2768394Z Build Date: 2026-10-02T22:28:27Z
2026-10-08T05:13:13.2768856Z Worker ID: {1c0ac7ad-ae92-43e1-887d-bb5e989cf8a9}
2026-10-08T05:13:13.2769296Z Region: westus2
2026-10-08T05:13:13.2769761Z Cloud: Azure
2026-10-08T05:13:13.2770190Z ##[endgroup]
2026-10-08T05:13:13.2771102Z ##[group]Operating System
2026-10-08T05:13:13.2771521Z Ubuntu
2026-10-08T05:13:13.2771854Z 24.04.5
2026-10-08T05:13:13.2772182Z LTS
2026-10-08T05:13:13.2772588Z ##[endgroup]
2026-10-08T05:13:13.2772933Z ##[group]Runner Image
2026-10-08T05:13:13.2773331Z Image: ubuntu-24.04
2026-10-08T05:13:13.2773705Z Version: 20261004.327.1
2026-10-08T05:13:13.2774888Z Included Software: https://github.com/actions/runner-images/blob/ubuntu24/20261004.327/images/ubuntu/Ubuntu2404-Readme.md
2026-10-08T05:13:13.2775805Z Image Release: https://github.com/actions/runner-images/releases/tag/ubuntu24%2F20261004.327
2026-10-08T05:13:13.2776445Z ##[endgroup]
2026-10-08T05:13:13.2777167Z ##[group]GITHUB_TOKEN Permissions
2026-10-08T05:13:13.2778477Z Actions: read
2026-10-08T05:13:13.2778832Z Contents: read
2026-10-08T05:13:13.2779170Z Metadata: read
2026-10-08T05:13:13.2779685Z ##[endgroup]
2026-10-08T05:13:13.2781069Z Secret source: Actions
2026-10-08T05:13:13.2781747Z Cache mode: write
2026-10-08T05:13:13.2782220Z Prepare workflow directory
2026-10-08T05:13:13.3031482Z Prepare all required actions
2026-10-08T05:13:13.3064292Z Getting action download info
2026-10-08T05:13:13.6518130Z Download action repository 'actions/checkout@v4' (SHA:11d5960a326750d5838078e36cf38b85af677262)
2026-10-08T05:13:13.7542149Z Download action repository 'actions/upload-artifact@v4' (SHA:ea165f8d65b6e75b540449e92b4886f43607fa02)
2026-10-08T05:13:13.9504648Z Complete job name: preflight
2026-10-08T05:13:13.9959398Z ##[group]Run actions/checkout@v4
2026-10-08T05:13:13.9959944Z with:
2026-10-08T05:13:13.9960188Z   repository: jyqj/codecortex
2026-10-08T05:13:13.9962476Z   token: ***
2026-10-08T05:13:13.9962711Z   ssh-strict: true
2026-10-08T05:13:13.9962954Z   ssh-user: git
2026-10-08T05:13:13.9963207Z   persist-credentials: true
2026-10-08T05:13:13.9963478Z   clean: true
2026-10-08T05:13:13.9963727Z   sparse-checkout-cone-mode: true
2026-10-08T05:13:13.9964012Z   fetch-depth: 1
2026-10-08T05:13:13.9964256Z   fetch-tags: false
2026-10-08T05:13:13.9964503Z   show-progress: true
2026-10-08T05:13:13.9964750Z   lfs: false
2026-10-08T05:13:13.9964978Z   submodules: false
2026-10-08T05:13:13.9965230Z   set-safe-directory: true
2026-10-08T05:13:13.9965508Z   allow-unsafe-pr-checkout: false
2026-10-08T05:13:13.9965850Z env:
2026-10-08T05:13:13.9966089Z   PYTHONDONTWRITEBYTECODE: 1
2026-10-08T05:13:13.9966366Z   PYTHONOPTIMIZE: 0
2026-10-08T05:13:13.9966612Z ##[endgroup]
2026-10-08T05:13:14.0617591Z Syncing repository: jyqj/codecortex
2026-10-08T05:13:14.0618609Z ##[group]Getting Git version info
2026-10-08T05:13:14.0619000Z Working directory is '/home/runner/work/codecortex/codecortex'
2026-10-08T05:13:14.0619757Z [command]/usr/bin/git version
2026-10-08T05:13:14.0677263Z git version 2.55.0
2026-10-08T05:13:14.0689351Z ##[endgroup]
2026-10-08T05:13:14.0698190Z Temporarily overriding HOME='/home/runner/work/_temp/67417957-fe75-482f-8570-c6051eb7a373' before making global git config changes
2026-10-08T05:13:14.0699320Z Adding repository directory to the temporary git global config as a safe directory
2026-10-08T05:13:14.0701659Z [command]/usr/bin/git config --global --add safe.directory /home/runner/work/codecortex/codecortex
2026-10-08T05:13:14.0743986Z Deleting the contents of '/home/runner/work/codecortex/codecortex'
2026-10-08T05:13:14.0747305Z ##[group]Initializing the repository
2026-10-08T05:13:14.0750017Z [command]/usr/bin/git init /home/runner/work/codecortex/codecortex
2026-10-08T05:13:14.0849381Z hint: Using 'master' as the name for the initial branch. This default branch name
2026-10-08T05:13:14.0850646Z hint: will change to "main" in Git 3.0. To configure the initial branch name
2026-10-08T05:13:14.0851518Z hint: to use in all of your new repositories, which will suppress this warning,
2026-10-08T05:13:14.0852142Z hint: call:
2026-10-08T05:13:14.0852473Z hint:
2026-10-08T05:13:14.0852901Z hint: 	git config --global init.defaultBranch <name>
2026-10-08T05:13:14.0853399Z hint:
2026-10-08T05:13:14.0853877Z hint: Names commonly chosen instead of 'master' are 'main', 'trunk' and
2026-10-08T05:13:14.0854655Z hint: 'development'. The just-created branch can be renamed via this command:
2026-10-08T05:13:14.0855048Z hint:
2026-10-08T05:13:14.0855278Z hint: 	git branch -m <name>
2026-10-08T05:13:14.0855532Z hint:
2026-10-08T05:13:14.0855867Z hint: Disable this message with "git config set advice.defaultBranchName false"
2026-10-08T05:13:14.0856429Z Initialized empty Git repository in /home/runner/work/codecortex/codecortex/.git/
2026-10-08T05:13:14.0865987Z [command]/usr/bin/git remote add origin https://github.com/jyqj/codecortex
2026-10-08T05:13:14.0910184Z ##[endgroup]
2026-10-08T05:13:14.0910909Z ##[group]Disabling automatic garbage collection
2026-10-08T05:13:14.0913121Z [command]/usr/bin/git config --local gc.auto 0
2026-10-08T05:13:14.0936899Z ##[endgroup]
2026-10-08T05:13:14.0937511Z ##[group]Setting up auth
2026-10-08T05:13:14.0941784Z [command]/usr/bin/git config --local --name-only --get-regexp core\.sshCommand
2026-10-08T05:13:14.0965587Z [command]/usr/bin/git submodule foreach --recursive sh -c "git config --local --name-only --get-regexp 'core\.sshCommand' && git config --local --unset-all 'core.sshCommand' || :"
2026-10-08T05:13:14.1246497Z [command]/usr/bin/git config --local --name-only --get-regexp http\.https\:\/\/github\.com\/\.extraheader
2026-10-08T05:13:14.1269270Z [command]/usr/bin/git submodule foreach --recursive sh -c "git config --local --name-only --get-regexp 'http\.https\:\/\/github\.com\/\.extraheader' && git config --local --unset-all 'http.https://github.com/.extraheader' || :"
2026-10-08T05:13:14.1434138Z [command]/usr/bin/git config --local --name-only --get-regexp ^includeIf\.gitdir:
2026-10-08T05:13:14.1457722Z [command]/usr/bin/git submodule foreach --recursive git config --local --show-origin --name-only --get-regexp remote.origin.url
2026-10-08T05:13:14.1621564Z [command]/usr/bin/git config --local http.https://github.com/.extraheader AUTHORIZATION: basic ***
2026-10-08T05:13:14.1650408Z ##[endgroup]
2026-10-08T05:13:14.1650836Z ##[group]Fetching the repository
2026-10-08T05:13:14.1655318Z [command]/usr/bin/git -c protocol.version=2 fetch --no-tags --prune --no-recurse-submodules --depth=1 origin +6b8641ac7631469f27bf8378a406f5737f919416:refs/remotes/origin/work/p7-audit-996727-20261008
2026-10-08T05:13:29.2039453Z From https://github.com/jyqj/codecortex
2026-10-08T05:13:29.2040348Z  * [new ref]         6b8641ac7631469f27bf8378a406f5737f919416 -> origin/work/p7-audit-996727-20261008
2026-10-08T05:13:29.2042295Z ##[endgroup]
2026-10-08T05:13:29.2043849Z ##[group]Determining the checkout info
2026-10-08T05:13:29.2044197Z ##[endgroup]
2026-10-08T05:13:29.2047638Z [command]/usr/bin/git sparse-checkout disable
2026-10-08T05:13:29.2087263Z [command]/usr/bin/git config --local --unset-all extensions.worktreeConfig
2026-10-08T05:13:29.2108422Z ##[group]Checking out the ref
2026-10-08T05:13:29.2111543Z [command]/usr/bin/git checkout --progress --force -B work/p7-audit-996727-20261008 refs/remotes/origin/work/p7-audit-996727-20261008
2026-10-08T05:13:30.4482314Z Updating files:  90% (12459/13787)
2026-10-08T05:13:30.4523836Z Updating files:  91% (12547/13787)
2026-10-08T05:13:30.4586023Z Updating files:  92% (12685/13787)
2026-10-08T05:13:30.4675161Z Updating files:  93% (12822/13787)
2026-10-08T05:13:30.4747569Z Updating files:  94% (12960/13787)
2026-10-08T05:13:30.4850662Z Updating files:  95% (13098/13787)
2026-10-08T05:13:30.4928639Z Updating files:  96% (13236/13787)
2026-10-08T05:13:30.5008403Z Updating files:  97% (13374/13787)
2026-10-08T05:13:30.5080828Z Updating files:  98% (13512/13787)
2026-10-08T05:13:30.5200639Z Updating files:  99% (13650/13787)
2026-10-08T05:13:30.5200971Z Updating files: 100% (13787/13787)
2026-10-08T05:13:30.5201249Z Updating files: 100% (13787/13787), done.
2026-10-08T05:13:30.5349672Z Switched to a new branch 'work/p7-audit-996727-20261008'
2026-10-08T05:13:30.5354250Z branch 'work/p7-audit-996727-20261008' set up to track 'origin/work/p7-audit-996727-20261008'.
2026-10-08T05:13:30.5437499Z ##[endgroup]
2026-10-08T05:13:30.5472665Z [command]/usr/bin/git log -1 --format=%H
2026-10-08T05:13:30.5492963Z 6b8641ac7631469f27bf8378a406f5737f919416
2026-10-08T05:13:30.5657509Z ##[group]Run python3 artifacts/checkpoints/p7-final-acceptance-20261008/ci-audit/inspect_fixed_artifacts.py \
2026-10-08T05:13:30.5658024Z [36;1mpython3 artifacts/checkpoints/p7-final-acceptance-20261008/ci-audit/inspect_fixed_artifacts.py \[0m
2026-10-08T05:13:30.5658459Z [36;1m  --manifest artifacts/checkpoints/p7-final-acceptance-20261008/ci-audit/fixed-artifacts.json \[0m
2026-10-08T05:13:30.5658831Z [36;1m  --downloads "$RUNNER_TEMP/p7-audit-downloads" \[0m
2026-10-08T05:13:30.5659089Z [36;1m  --output "$RUNNER_TEMP/p7-audit-preflight"[0m
2026-10-08T05:13:30.5884053Z shell: /usr/bin/bash -e {0}
2026-10-08T05:13:30.5884244Z env:
2026-10-08T05:13:30.5884397Z   PYTHONDONTWRITEBYTECODE: 1
2026-10-08T05:13:30.5884568Z   PYTHONOPTIMIZE: 0
2026-10-08T05:13:30.5886260Z   GH_TOKEN: ***
2026-10-08T05:13:30.5886412Z ##[endgroup]
2026-10-08T05:13:31.7561739Z P7_AUDIT_PREFLIGHT_JSON {"kind": "engineering", "artifact_id": 11529288057, "archive_sha256": "8ac8223cc3278e4316fa83050ad40850985303f7041aa53919fb94650bdcb6d0", "archive_bytes": 220992, "member_count": 26, "expanded_bytes": 3120623, "semantic_acceptance": "not_granted; inventory only", "source-before.json": {"input_count": 795, "manifest_sha256": "5b0f2f129500327a23a44a10b8f4530db6260273481698c9bb5c7cbe65fbc114", "source_commit": "683d8882c108e4e9be68ebac127f3c709e329711", "source_tree": "9e59b41540eb3769e9ca0a787c9ed60441259d20"}, "source-after.json": {"input_count": 795, "manifest_sha256": "5b0f2f129500327a23a44a10b8f4530db6260273481698c9bb5c7cbe65fbc114", "source_commit": "683d8882c108e4e9be68ebac127f3c709e329711", "source_tree": "9e59b41540eb3769e9ca0a787c9ed60441259d20"}, "resource_owner_observations": [{"member": "worker-contention/seed-19/held-before.json", "stage": "held-before", "pid": 12783}, {"member": "worker-contention/seed-19/summary.json", "stage": "after-model-drain", "pid": 12783}, {"member": "worker-contention/seed-19/summary.json", "stage": "held-after", "pid": 12783}, {"member": "worker-contention/seed-19/summary.json", "stage": "quiet-before", "pid": 12783}, {"member": "worker-contention/seed-43/held-before.json", "stage": "held-before", "pid": 12783}, {"member": "worker-contention/seed-43/summary.json", "stage": "after-model-drain", "pid": 12783}, {"member": "worker-contention/seed-43/summary.json", "stage": "held-after", "pid": 12783}, {"member": "worker-contention/seed-43/summary.json", "stage": "quiet-before", "pid": 12783}, {"member": "worker-contention/seed-7/held-before.json", "stage": "held-before", "pid": 12783}, {"member": "worker-contention/seed-7/summary.json", "stage": "after-model-drain", "pid": 12783}, {"member": "worker-contention/seed-7/summary.json", "stage": "held-after", "pid": 12783}, {"member": "worker-contention/seed-7/summary.json", "stage": "quiet-before", "pid": 12783}], "resource_owner_pids": [12783]}
2026-10-08T05:13:37.2986139Z P7_AUDIT_PREFLIGHT_JSON {"kind": "mechanism", "artifact_id": 11529353250, "archive_sha256": "c31b0656a8e7e4e091710d2c43b1d399c5b36820bd1ffeb97a373005ff052233", "archive_bytes": 91141978, "member_count": 4163, "expanded_bytes": 368834949, "semantic_acceptance": "not_granted; inventory only"}
2026-10-08T05:13:39.8295805Z P7_AUDIT_PREFLIGHT_JSON {"kind": "closeout", "artifact_id": 11529028468, "archive_sha256": "1bef831e4dbce560987c09a5745b82708b4f9cf5b0fd8efb426af07f7f9ede23", "archive_bytes": 20094853, "member_count": 89, "expanded_bytes": 90879285, "semantic_acceptance": "not_granted; inventory only", "source-before.json": {"input_count": 795, "manifest_sha256": "5b0f2f129500327a23a44a10b8f4530db6260273481698c9bb5c7cbe65fbc114", "source_commit": "ffdc6f0f97db78cc25a6c026904e7c2adde05d14", "source_tree": "9e59b41540eb3769e9ca0a787c9ed60441259d20"}, "source-after.json": {"input_count": 795, "manifest_sha256": "5b0f2f129500327a23a44a10b8f4530db6260273481698c9bb5c7cbe65fbc114", "source_commit": "ffdc6f0f97db78cc25a6c026904e7c2adde05d14", "source_tree": "9e59b41540eb3769e9ca0a787c9ed60441259d20"}, "original_stdio_rpc_count": 107, "event_count": 672, "event_kinds": {"spawn": 12, "mcp_request": 288, "mcp_response": 288, "http_request": 15, "http_response": 15, "phase": 24, "product_exit": 12, "real_deadline_elapsed": 9, "database_read_only": 9}, "mcp_request_count": 288, "mcp_response_count": 288, "events_sha256": "630e35ede08a6a6cb340d863f23d66f5fffedf1ba1f1f9103e07a359f260d102", "phase_events": [{"sequence": 29, "kind": "phase", "unix_time": 1791435716.1367457, "monotonic": 565.655172182, "seed": 197, "phase": "initial_ready", "status": {"consistency": "point_in_time", "default_effective_strategy": "local", "default_query_state": "available_with_per_query_checks", "default_strategy": "local", "dense_desired": 2, "dense_published": 2, "dense_reason": null, "dense_state": "ready", "diagnostic_sources": {"build": "BuildExplain on index response", "graph": "GraphExplain on query response", "lanes": "evidence_summary.retrieval.lanes or lane_receipts", "packing": "evidence_summary.packing", "selection": "evidence_summary.selection", "semantic": "evidence_summary.retrieval.semantic (dense lane receipt projection)", "source": "evidence_summary.source_freshness"}, "execution": {"async_admitted": 0, "async_in_flight": 0, "async_limit": 8, "completed": 0, "cpu_admitted": 0, "cpu_in_flight": 0, "cpu_limit": 4, "queue_limit": 32, "rejected": 0}, "execution_scope": "process_shared_not_project_local", "generation": {"evidence_epoch": 0, "incarnation": [234, 233, 45, 73, 35, 49, 44, 100, 144, 39, 212, 23, 56, 181, 175, 6], "index_epoch": 6, "semantic_epoch": 3}, "generation_scope": "observed_database_snapshot", "identity_validation": "checked_at_observation_boundary", "index_state": "available", "local_state": "available", "pin_scope": "owned_query_views_including_inflight_clones_not_request_count", "query_coverage": {"scope": "per_query_not_global", "state": "not_measured"}, "query_encoding": {"configured_opt_in": false, "network_authorized": false, "reason": "query_network_opt_in_required", "request_scope": "nonlocal_nonempty_only"}, "query_pins": 0, "resolution_freshness": {"basis_epoch": null, "complete": true, "completed_files": 0, "index_epoch": 6, "reason": null, "retry": null, "root_count": 0, "scope": "observed_resolution_invalidations", "status": "ready"}, "semantic_active_space": "ed440eb63afe9b72d2043bdbbaa18c076be5f64adfaf8f7451de21e639778e00", "semantic_failed": 0, "semantic_pending": 0, "semantic_state": "ready", "service_state_scope": "process_observed_separately", "spec": "retrieval-capabilities-v2"}, "observed_document_posts": 2, "cache": {"namespace-2325d3d04404941425eebf766dce289a3df63ca485d84d74f0af17c011128738/ed440eb63afe9b72d2043bdbbaa18c076be5f64adfaf8f7451de21e639778e00/95b65f67d78940edfb618e272ef7232f0fd12e96e8498a3dbfc6017ba1e8aed2/cf5b2884d98bb43c07ba71eef2c5c6dd0df7c3fee82eb6c3cda22ae79426b91a/cf5b2884d98bb43c07ba71eef2c5c6dd0df7c3fee82eb6c3cda22ae79426b91a.bin": {"sha256": "434b26042aff3fb844a4c4c6be0d81a079b0ce84cfb8190679024404e5dc4822", "bytes": 8}, "namespace-2325d3d04404941425eebf766dce289a3df63ca485d84d74f0af17c011128738/ed440eb63afe9b72d2043bdbbaa18c076be5f64adfaf8f7451de21e639778e00/9616603e6126c1e65ce81d432579ae0f8c3d974cbfd12d5569ad67365cd45181/cf5b2884d98bb43c07ba71eef2c5c6dd0df7c3fee82eb6c3cda22ae79426b91a/cf5b2884d98bb43c07ba71eef2c5c6dd0df7c3fee82eb6c3cda22ae79426b91a.bin": {"sha256": "434b26042aff3fb844a4c4c6be0d81a079b0ce84cfb8190679024404e5dc4822", "bytes": 8}}}, {"sequence": 30, "kind": "product_exit", "unix_time": 1791435716.2505095, "monotonic": 565.768936689, "session": "seed-197-initial", "exit_code": 0, "requested_sigkill": false, "cleanup": false, "stderr_sha256": "7cf2aeb547737a1d6ea75d6c064b5a3f54dcbdfaa7a040277c3060adb2a3be6e"}, {"sequence": 44, "kind": "phase", "unix_time": 1791435716.3289354, "monotonic": 565.847361969, "seed": 197, "phase": "clean_restart_zero_document_calls", "status": {"consistency": "point_in_time", "default_effective_strategy": "local", "default_query_state": "available_with_per_query_checks", "default_strategy": "local", "dense_desired": 2, "dense_published": 2, "dense_reason": null, "dense_state": "ready", "diagnostic_sources": {"build": "BuildExplain on index response", "graph": "GraphExplain on query response", "lanes": "evidence_summary.retrieval.lanes or lane_receipts", "packing": "evidence_summary.packing", "selection": "evidence_summary.selection", "semantic": "evidence_summary.retrieval.semantic (dense lane receipt projection)", "source": "evidence_summary.source_freshness"}, "execution": {"async_admitted": 0, "async_in_flight": 0, "async_limit": 8, "completed": 0, "cpu_admitted": 0, "cpu_in_flight": 0, "cpu_limit": 4, "queue_limit": 32, "rejected": 0}, "execution_scope": "process_shared_not_project_local", "generation": {"evidence_epoch": 0, "incarnation": [234, 233, 45, 73, 35, 49, 44, 100, 144, 39, 212, 23, 56, 181, 175, 6], "index_epoch": 6, "semantic_epoch": 3}, "generation_scope": "observed_database_snapshot", "identity_validation": "checked_at_observation_boundary", "index_state": "available", "local_state": "available", "pin_scope": "owned_query_views_including_inflight_clones_not_request_count", "query_coverage": {"scope": "per_query_not_global", "state": "not_measured"}, "query_encoding": {"configured_opt_in": false, "network_authorized": false, "reason": "query_network_opt_in_required", "request_scope": "nonlocal_nonempty_only"}, "query_pins": 0, "resolution_freshness": {"basis_epoch": null, "complete": true, "completed_files": 0, "index_epoch": 6, "reason": null, "retry": null, "root_count": 0, "scope": "observed_resolution_invalidations", "status": "ready"}, "semantic_active_space": "ed440eb63afe9b72d2043bdbbaa18c076be5f64adfaf8f7451de21e639778e00", "semantic_failed": 0, "semantic_pending": 0, "semantic_state": "ready", "service_state_scope": "process_observed_separately", "spec": "retrieval-capabilities-v2"}, "observed_document_posts": 2, "document_posts_delta": 0}, {"sequence": 45, "kind": "phase", "unix_time": 1791435716.3290246, "monotonic": 565.84745107, "seed": 197, "phase": "age_real_cache", "started_at": 1791435716.3290224, "deadline": 1791435717.5290217}, {"sequence": 46, "kind": "real_deadline_elapsed", "unix_time": 1791435717.5291462, "monotonic": 567.047573266, "seed": 197, "phase": "age_real_cache", "started_at": 1791435716.3290224, "finished_at": 1791435717.5291357, "deadline": 1791435717.5290217}, {"sequence": 64, "kind": "phase", "unix_time": 1791435717.8618565, "monotonic": 567.38028297, "seed": 197, "phase": "rebuild_delete_http500_pending_and_automatic_gc", "status": {"consistency": "point_in_time", "default_effective_strategy": "local", "default_query_state": "available_with_per_query_checks", "default_strategy": "local", "dense_desired": 1, "dense_published": 0, "dense_reason": "semantic_coverage_uncovered", "dense_state": "partial", "diagnostic_sources": {"build": "BuildExplain on index response", "graph": "GraphExplain on query response", "lanes": "evidence_summary.retrieval.lanes or lane_receipts", "packing": "evidence_summary.packing", "selection": "evidence_summary.selection", "semantic": "evidence_summary.retrieval.semantic (dense lane receipt projection)", "source": "evidence_summary.source_freshness"}, "execution": {"async_admitted": 0, "async_in_flight": 0, "async_limit": 8, "completed": 12, "cpu_admitted": 0, "cpu_in_flight": 0, "cpu_limit": 4, "queue_limit": 32, "rejected": 0}, "execution_scope": "process_shared_not_project_local", "generation": {"evidence_epoch": 1, "incarnation": [58, 67, 253, 231, 71, 149, 168, 72, 43, 194, 27, 96, 45, 13, 108, 211], "index_epoch": 11, "semantic_epoch": 1}, "generation_scope": "observed_database_snapshot", "identity_validation": "checked_at_observation_boundary", "index_state": "available", "local_state": "available", "pin_scope": "owned_query_views_including_inflight_clones_not_request_count", "query_coverage": {"scope": "per_query_not_global", "state": "not_measured"}, "query_encoding": {"configured_opt_in": false, "network_authorized": false, "reason": "query_network_opt_in_required", "request_scope": "nonlocal_nonempty_only"}, "query_pins": 0, "resolution_freshness": {"basis_epoch": null, "complete": true, "completed_files": 0, "index_epoch": 11, "reason": null, "retry": null, "root_count": 0, "scope": "observed_resolution_invalidations", "status": "ready"}, "semantic_active_space": "ed440eb63afe9b72d2043bdbbaa18c076be5f64adfaf8f7451de21e639778e00", "semantic_failed": 0, "semantic_pending": 1, "semantic_state": "backfilling", "service_state_scope": "process_observed_separately", "spec": "retrieval-capabilities-v2"}, "observed_document_posts": 3, "outbox": [{"task_id": 1, "doc_key": "ab9caebcc2c76b7a68d17bad2bb1f0703df378a2373be3216ea9713410d31915", "doc_version": "bdf993ed479f1970e2c1305106fdbf130d6f7ba44614e73f7c60d816cf4280a2", "input_digest": "e38248b618d8aa8a7e180d843daa201798ccf1337f764fba21c58990a30dc41e", "space_id": "ed440eb63afe9b72d2043bdbbaa18c076be5f64adfaf8f7451de21e639778e00", "op": "embed", "state": "pending", "attempt_count": 1, "lease_token": null, "lease_expires_at": null, "claim_owner": null, "available_at": 1791435747.780032, "last_error": "provider server error", "created_at": "2026-10-08T05:01:57.777687550+00:00", "updated_at": "2026-10-08T05:01:57.780031919+00:00"}], "original_cache_removed": ["namespace-2325d3d04404941425eebf766dce289a3df63ca485d84d74f0af17c011128738/ed440eb63afe9b72d2043bdbbaa18c076be5f64adfaf8f7451de21e639778e00/95b65f67d78940edfb618e272ef7232f0fd12e96e8498a3dbfc6017ba1e8aed2/cf5b2884d98bb43c07ba71eef2c5c6dd0df7c3fee82eb6c3cda22ae79426b91a/cf5b2884d98bb43c07ba71eef2c5c6dd0df7c3fee82eb6c3cda22ae79426b91a.bin", "namespace-2325d3d04404941425eebf766dce289a3df63ca485d84d74f0af17c011128738/ed440eb63afe9b72d2043bdbbaa18c076be5f64adfaf8f7451de21e639778e00/9616603e6126c1e65ce81d432579ae0f8c3d974cbfd12d5569ad67365cd45181/cf5b2884d98bb43c07ba71eef2c5c6dd0df7c3fee82eb6c3cda22ae79426b91a/cf5b2884d98bb43c07ba71eef2c5c6dd0df7c3fee82eb6c3cda22ae79426b91a.bin"], "cache_after_gc": {}, "retry_at": 1791435747.780032}, {"sequence": 65, "kind": "phase", "unix_time": 1791435717.8619537, "monotonic": 567.380380404, "seed": 197, "phase": "unchanged_30_second_backoff", "started_at": 1791435717.8619516, "deadline": 1791435747.8300319}, {"sequence": 138, "kind": "real_deadline_elapsed", "unix_time": 1791435747.8301415, "monotonic": 597.348568649, "seed": 197, "phase": "unchanged_30_second_backoff", "started_at": 1791435717.8619516, "finished_at": 1791435747.830133, "deadline": 1791435747.8300319}, {"sequence": 151, "kind": "product_exit", "unix_time": 1791435747.8656676, "monotonic": 597.384094319, "session": "seed-197-warm-restart", "exit_code": -9, "requested_sigkill": true, "cleanup": false, "stderr_sha256": "d089d2ee501eb192a94ee2dddd9c21f6ba903b4ef25c9654c0bdcbfc9af491b2"}, {"sequence": 152, "kind": "phase", "unix_time": 1791435747.8657324, "monotonic": 597.384158784, "seed": 197, "phase": "real_lease_expiry_after_sigkill", "started_at": 1791435747.8657296, "deadline": 1791435749.8910806}, {"sequence": 154, "kind": "real_deadline_elapsed", "unix_time": 1791435749.8911996, "monotonic": 599.409626637, "seed": 197, "phase": "real_lease_expiry_after_sigkill", "started_at": 1791435747.8657296, "finished_at": 1791435749.891192, "deadline": 1791435749.8910806}, {"sequence": 189, "kind": "phase", "unix_time": 1791435750.0030675, "monotonic": 599.521493958, "seed": 197, "phase": "sigkill_lease_reclaimed_ready", "status": {"consistency": "point_in_time", "default_effective_strategy": "local", "default_query_state": "available_with_per_query_checks", "default_strategy": "local", "dense_desired": 1, "dense_published": 1, "dense_reason": null, "dense_state": "ready", "diagnostic_sources": {"build": "BuildExplain on index response", "graph": "GraphExplain on query response", "lanes": "evidence_summary.retrieval.lanes or lane_receipts", "packing": "evidence_summary.packing", "selection": "evidence_summary.selection", "semantic": "evidence_summary.retrieval.semantic (dense lane receipt projection)", "source": "evidence_summary.source_freshness"}, "execution": {"async_admitted": 0, "async_in_flight": 0, "async_limit": 8, "completed": 12, "cpu_admitted": 0, "cpu_in_flight": 0, "cpu_limit": 4, "queue_limit": 32, "rejected": 0}, "execution_scope": "process_shared_not_project_local", "generation": {"evidence_epoch": 1, "incarnation": [58, 67, 253, 231, 71, 149, 168, 72, 43, 194, 27, 96, 45, 13, 108, 211], "index_epoch": 11, "semantic_epoch": 2}, "generation_scope": "observed_database_snapshot", "identity_validation": "checked_at_observation_boundary", "index_state": "available", "local_state": "available", "pin_scope": "owned_query_views_including_inflight_clones_not_request_count", "query_coverage": {"scope": "per_query_not_global", "state": "not_measured"}, "query_encoding": {"configured_opt_in": false, "network_authorized": false, "reason": "query_network_opt_in_required", "request_scope": "nonlocal_nonempty_only"}, "query_pins": 0, "resolution_freshness": {"basis_epoch": null, "complete": true, "completed_files": 0, "index_epoch": 11, "reason": null, "retry": null, "root_count": 0, "scope": "observed_resolution_invalidations", "status": "ready"}, "semantic_active_space": "ed440eb63afe9b72d2043bdbbaa18c076be5f64adfaf8f7451de21e639778e00", "semantic_failed": 0, "semantic_pending": 0, "semantic_state": "ready", "service_state_scope": "process_observed_separately", "spec": "retrieval-capabilities-v2"}, "observed_document_posts": 5, "kill_time": 1791435747.8622909, "lease_deadline": 1791435749.8410807, "document_posts_delta": 1, "crash_attempt_billing": "unknown; response had not been consumed", "outbox": {"outbox": [{"task_id": 1, "doc_key": "ab9caebcc2c76b7a68d17bad2bb1f0703df378a2373be3216ea9713410d31915", "doc_version": "bdf993ed479f1970e2c1305106fdbf130d6f7ba44614e73f7c60d816cf4280a2", "input_digest": "e38248b618d8aa8a7e180d843daa201798ccf1337f764fba21c58990a30dc41e", "space_id": "ed440eb63afe9b72d2043bdbbaa18c076be5f64adfaf8f7451de21e639778e00", "op": "embed", "state": "done", "attempt_count": 3, "lease_token": "4f1c90154d9708f10ac9472a0727fefb", "lease_expires_at": 1791435751.9160366, "claim_owner": "post-index", "available_at": 1791435749.915337, "last_error": null, "created_at": "2026-10-08T05:01:57.777687550+00:00", "updated_at": "2026-10-08T05:02:29+00:00"}], "manifest": [{"doc_key": "ab9caebcc2c76b7a68d17bad2bb1f0703df378a2373be3216ea9713410d31915", "doc_version": "bdf993ed479f1970e2c1305106fdbf130d6f7ba44614e73f7c60d816cf4280a2", "file_path": "keep.rs", "encoding_key": "a9d63c93374872ffa7fc4eed0e2f8889a8275a51dc45ffdcda8a8ab5df1fdf9f", "input_digest": "e38248b618d8aa8a7e180d843daa201798ccf1337f764fba21c58990a30dc41e", "space_id": "ed440eb63afe9b72d2043bdbbaa18c076be5f64adfaf8f7451de21e639778e00", "artifact_ref": "cas.v1:2325d3d04404941425eebf766dce289a3df63ca485d84d74f0af17c011128738:ed440eb63afe9b72d2043bdbbaa18c076be5f64adfaf8f7451de21e639778e00:e38248b618d8aa8a7e180d843daa201798ccf1337f764fba21c58990a30dc41e:cf5b2884d98bb43c07ba71eef2c5c6dd0df7c3fee82eb6c3cda22ae79426b91a:c3e45a3480d5b57ee4201f473659669f83ccec77851a5243a927aafcd139f2f3", "published_at": "2026-10-08T05:02:29+00:00", "published_incarnation": "3a43fde74795a8482bc21b602d0d6cd3"}]}}, {"sequence": 190, "kind": "product_exit", "unix_time": 1791435750.0064273, "monotonic": 599.524854123, "session": "seed-197-crash-recovery", "exit_code": 0, "requested_sigkill": false, "cleanup": false, "stderr_sha256": "05b4053f3c0b530dc2de187981a39124f422d0e447c88373c527cc8ab58420f6"}, {"sequence": 222, "kind": "phase", "unix_time": 1791435750.1178691, "monotonic": 599.636295583, "seed": 197, "phase": "final_restart_cache_reuse_and_read_only_status", "status": {"consistency": "point_in_time", "default_effective_strategy": "local", "default_query_state": "available_with_per_query_checks", "default_strategy": "local", "dense_desired": 1, "dense_published": 1, "dense_reason": null, "dense_state": "ready", "diagnostic_sources": {"build": "BuildExplain on index response", "graph": "GraphExplain on query response", "lanes": "evidence_summary.retrieval.lanes or lane_receipts", "packing": "evidence_summary.packing", "selection": "evidence_summary.selection", "semantic": "evidence_summary.retrieval.semantic (dense lane receipt projection)", "source": "evidence_summary.source_freshness"}, "execution": {"async_admitted": 0, "async_in_flight": 0, "async_limit": 8, "completed": 12, "cpu_admitted": 0, "cpu_in_flight": 0, "cpu_limit": 4, "queue_limit": 32, "rejected": 0}, "execution_scope": "process_shared_not_project_local", "generation": {"evidence_epoch": 1, "incarnation": [58, 67, 253, 231, 71, 149, 168, 72, 43, 194, 27, 96, 45, 13, 108, 211], "index_epoch": 11, "semantic_epoch": 2}, "generation_scope": "observed_database_snapshot", "identity_validation": "checked_at_observation_boundary", "index_state": "available", "local_state": "available", "pin_scope": "owned_query_views_including_inflight_clones_not_request_count", "query_coverage": {"scope": "per_query_not_global", "state": "not_measured"}, "query_encoding": {"configured_opt_in": false, "network_authorized": false, "reason": "query_network_opt_in_required", "request_scope": "nonlocal_nonempty_only"}, "query_pins": 0, "resolution_freshness": {"basis_epoch": null, "complete": true, "completed_files": 0, "index_epoch": 11, "reason": null, "retry": null, "root_count": 0, "scope": "observed_resolution_invalidations", "status": "ready"}, "semantic_active_space": "ed440eb63afe9b72d2043bdbbaa18c076be5f64adfaf8f7451de21e639778e00", "semantic_failed": 0, "semantic_pending": 0, "semantic_state": "ready", "service_state_scope": "process_observed_separately", "spec": "retrieval-capabilities-v2"}, "observed_document_posts": 5, "document_posts_delta": 0, "cache": {"namespace-2325d3d04404941425eebf766dce289a3df63ca485d84d74f0af17c011128738/ed440eb63afe9b72d2043bdbbaa18c076be5f64adfaf8f7451de21e639778e00/e38248b618d8aa8a7e180d843daa201798ccf1337f764fba21c58990a30dc41e/cf5b2884d98bb43c07ba71eef2c5c6dd0df7c3fee82eb6c3cda22ae79426b91a/cf5b2884d98bb43c07ba71eef2c5c6dd0df7c3fee82eb6c3cda22ae79426b91a.bin": {"sha256": "434b26042aff3fb844a4c4c6be0d81a079b0ce84cfb8190679024404e5dc4822", "bytes": 8}}}, {"sequence": 223, "kind": "product_exit", "unix_time": 1791435750.12119, "monotonic": 599.639616951, "session": "seed-197-final-cache-reuse", "exit_code": 0, "requested_sigkill": false, "cleanup": false, "stderr_sha256": "2577c79565d22f32e74b7adafb9e27bbbaa5422f6360831afaed0cd33c52b5f9"}, {"sequence": 253, "kind": "phase", "unix_time": 1791435750.5334258, "monotonic": 600.05185239, "seed": 199, "phase": "initial_ready", "status": {"consistency": "point_in_time", "default_effective_strategy": "local", "default_query_state": "available_with_per_query_checks", "default_strategy": "local", "dense_desired": 2, "dense_published": 2, "dense_reason": null, "dense_state": "ready", "diagnostic_sources": {"build": "BuildExplain on index response", "graph": "GraphExplain on query response", "lanes": "evidence_summary.retrieval.lanes or lane_receipts", "packing": "evidence_summary.packing", "selection": "evidence_summary.selection", "semantic": "evidence_summary.retrieval.semantic (dense lane receipt projection)", "source": "evidence_summary.source_freshness"}, "execution": {"async_admitted": 0, "async_in_flight": 0, "async_limit": 8, "completed": 0, "cpu_admitted": 0, "cpu_in_flight": 0, "cpu_limit": 4, "queue_limit": 32, "rejected": 0}, "execution_scope": "process_shared_not_project_local", "generation": {"evidence_epoch": 0, "incarnation": [203, 186, 113, 93, 9, 209, 48, 235, 44, 118, 103, 148, 178, 71, 135, 32], "index_epoch": 6, "semantic_epoch": 3}, "generation_scope": "observed_database_snapshot", "identity_validation": "checked_at_observation_boundary", "index_state": "available", "local_state": "available", "pin_scope": "owned_query_views_including_inflight_clones_not_request_count", "query_coverage": {"scope": "per_query_not_global", "state": "not_measured"}, "query_encoding": {"configured_opt_in": false, "network_authorized": false, "reason": "query_network_opt_in_required", "request_scope": "nonlocal_nonempty_only"}, "query_pins": 0, "resolution_freshness": {"basis_epoch": null, "complete": true, "completed_files": 0, "index_epoch": 6, "reason": null, "retry": null, "root_count": 0, "scope": "observed_resolution_invalidations", "status": "ready"}, "semantic_active_space": "4a0340cd60e3c011169ec62e1e4a373376c6ce3c8e23e5b196ee77e71f914477", "semantic_failed": 0, "semantic_pending": 0, "semantic_state": "ready", "service_state_scope": "process_observed_separately", "spec": "retrieval-capabilities-v2"}, "observed_document_posts": 2, "cache": {"namespace-d2b61ba3911148c6fc9cd19e89b9cff3a86077b213beb307ba0734daa186cc80/4a0340cd60e3c011169ec62e1e4a373376c6ce3c8e23e5b196ee77e71f914477/4cb0c746822bd0dfb3b4c416fc94e60bd074bec40647bdaf3430a9ea97c50760/9392210a60af2437fd6f8c9991021c1d0ef10964fac50ade948bbbaa09f952f4/9392210a60af2437fd6f8c9991021c1d0ef10964fac50ade948bbbaa09f952f4.bin": {"sha256": "434b26042aff3fb844a4c4c6be0d81a079b0ce84cfb8190679024404e5dc4822", "bytes": 8}, "namespace-d2b61ba3911148c6fc9cd19e89b9cff3a86077b213beb307ba0734daa186cc80/4a0340cd60e3c011169ec62e1e4a373376c6ce3c8e23e5b196ee77e71f914477/72896e723dc4d0a856a4f38c8c11f1a8685036ee241114e8658a4e12a960605f/9392210a60af2437fd6f8c9991021c1d0ef10964fac50ade948bbbaa09f952f4/9392210a60af2437fd6f8c9991021c1d0ef10964fac50ade948bbbaa09f952f4.bin": {"sha256": "434b26042aff3fb844a4c4c6be0d81a079b0ce84cfb8190679024404e5dc4822", "bytes": 8}}}, {"sequence": 254, "kind": "product_exit", "unix_time": 1791435750.5488925, "monotonic": 600.067319329, "session": "seed-199-initial", "exit_code": 0, "requested_sigkill": false, "cleanup": false, "stderr_sha256": "becd3f3c63fe5f1445b4fec9f4d937f7acb115bef5ddb0b58ec50bce260150e3"}, {"sequence": 268, "kind": "phase", "unix_time": 1791435750.6250613, "monotonic": 600.143487876, "seed": 199, "phase": "clean_restart_zero_document_calls", "status": {"consistency": "point_in_time", "default_effective_strategy": "local", "default_query_state": "available_with_per_query_checks", "default_strategy": "local", "dense_desired": 2, "dense_published": 2, "dense_reason": null, "dense_state": "ready", "diagnostic_sources": {"build": "BuildExplain on index response", "graph": "GraphExplain on query response", "lanes": "evidence_summary.retrieval.lanes or lane_receipts", "packing": "evidence_summary.packing", "selection": "evidence_summary.selection", "semantic": "evidence_summary.retrieval.semantic (dense lane receipt projection)", "source": "evidence_summary.source_freshness"}, "execution": {"async_admitted": 0, "async_in_flight": 0, "async_limit": 8, "completed": 0, "cpu_admitted": 0, "cpu_in_flight": 0, "cpu_limit": 4, "queue_limit": 32, "rejected": 0}, "execution_scope": "process_shared_not_project_local", "generation": {"evidence_epoch": 0, "incarnation": [203, 186, 113, 93, 9, 209, 48, 235, 44, 118, 103, 148, 178, 71, 135, 32], "index_epoch": 6, "semantic_epoch": 3}, "generation_scope": "observed_database_snapshot", "identity_validation": "checked_at_observation_boundary", "index_state": "available", "local_state": "available", "pin_scope": "owned_query_views_including_inflight_clones_not_request_count", "query_coverage": {"scope": "per_query_not_global", "state": "not_measured"}, "query_encoding": {"configured_opt_in": false, "network_authorized": false, "reason": "query_network_opt_in_required", "request_scope": "nonlocal_nonempty_only"}, "query_pins": 0, "resolution_freshness": {"basis_epoch": null, "complete": true, "completed_files": 0, "index_epoch": 6, "reason": null, "retry": null, "root_count": 0, "scope": "observed_resolution_invalidations", "status": "ready"}, "semantic_active_space": "4a0340cd60e3c011169ec62e1e4a373376c6ce3c8e23e5b196ee77e71f914477", "semantic_failed": 0, "semantic_pending": 0, "semantic_state": "ready", "service_state_scope": "process_observed_separately", "spec": "retrieval-capabilities-v2"}, "observed_document_posts": 2, "document_posts_delta": 0}, {"sequence": 269, "kind": "phase", "unix_time": 1791435750.6251507, "monotonic": 600.143577388, "seed": 199, "phase": "age_real_cache", "started_at": 1791435750.6251488, "deadline": 1791435751.8251479}, {"sequence": 270, "kind": "real_deadline_elapsed", "unix_time": 1791435751.8252804, "monotonic": 601.343707848, "seed": 199, "phase": "age_real_cache", "started_at": 1791435750.6251488, "finished_at": 1791435751.825269, "deadline": 1791435751.8251479}, {"sequence": 288, "kind": "phase", "unix_time": 1791435752.0162108, "monotonic": 601.534637405, "seed": 199, "phase": "rebuild_delete_http500_pending_and_automatic_gc", "status": {"consistency": "point_in_time", "default_effective_strategy": "local", "default_query_state": "available_with_per_query_checks", "default_strategy": "local", "dense_desired": 1, "dense_published": 0, "dense_reason": "semantic_coverage_uncovered", "dense_state": "partial", "diagnostic_sources": {"build": "BuildExplain on index response", "graph": "GraphExplain on query response", "lanes": "evidence_summary.retrieval.lanes or lane_receipts", "packing": "evidence_summary.packing", "selection": "evidence_summary.selection", "semantic": "evidence_summary.retrieval.semantic (dense lane receipt projection)", "source": "evidence_summary.source_freshness"}, "execution": {"async_admitted": 0, "async_in_flight": 0, "async_limit": 8, "completed": 12, "cpu_admitted": 0, "cpu_in_flight": 0, "cpu_limit": 4, "queue_limit": 32, "rejected": 0}, "execution_scope": "process_shared_not_project_local", "generation": {"evidence_epoch": 1, "incarnation": [123, 119, 40, 205, 30, 97, 4, 132, 48, 217, 183, 187, 231, 234, 154, 185], "index_epoch": 11, "semantic_epoch": 1}, "generation_scope": "observed_database_snapshot", "identity_validation": "checked_at_observation_boundary", "index_state": "available", "local_state": "available", "pin_scope": "owned_query_views_including_inflight_clones_not_request_count", "query_coverage": {"scope": "per_query_not_global", "state": "not_measured"}, "query_encoding": {"configured_opt_in": false, "network_authorized": false, "reason": "query_network_opt_in_required", "request_scope": "nonlocal_nonempty_only"}, "query_pins": 0, "resolution_freshness": {"basis_epoch": null, "complete": true, "completed_files": 0, "index_epoch": 11, "reason": null, "retry": null, "root_count": 0, "scope": "observed_resolution_invalidations", "status": "ready"}, "semantic_active_space": "4a0340cd60e3c011169ec62e1e4a373376c6ce3c8e23e5b196ee77e71f914477", "semantic_failed": 0, "semantic_pending": 1, "semantic_state": "backfilling", "service_state_scope": "process_observed_separately", "spec": "retrieval-capabilities-v2"}, "observed_document_posts": 3, "outbox": [{"task_id": 1, "doc_key": "081b00733cb3e05dd1f895b4b7c07c652b895f2e89a8defc8eb1ca36402f102e", "doc_version": "c985adfd98df81c8be22eb994bc181e8049937e1e5127df7777ce4713a688f07", "input_digest": "0d2231fe16139874b5b678925568a0ead51def9b80822926fecfa761f3667f4d", "space_id": "4a0340cd60e3c011169ec62e1e4a373376c6ce3c8e23e5b196ee77e71f914477", "op": "embed", "state": "pending", "attempt_count": 1, "lease_token": null, "lease_expires_at": null, "claim_owner": null, "available_at": 1791435781.9341197, "last_error": "provider server error", "created_at": "2026-10-08T05:02:31.931730986+00:00", "updated_at": "2026-10-08T05:02:31.934119701+00:00"}], "original_cache_removed": ["namespace-d2b61ba3911148c6fc9cd19e89b9cff3a86077b213beb307ba0734daa186cc80/4a0340cd60e3c011169ec62e1e4a373376c6ce3c8e23e5b196ee77e71f914477/4cb0c746822bd0dfb3b4c416fc94e60bd074bec40647bdaf3430a9ea97c50760/9392210a60af2437fd6f8c9991021c1d0ef10964fac50ade948bbbaa09f952f4/9392210a60af2437fd6f8c9991021c1d0ef10964fac50ade948bbbaa09f952f4.bin", "namespace-d2b61ba3911148c6fc9cd19e89b9cff3a86077b213beb307ba0734daa186cc80/4a0340cd60e3c011169ec62e1e4a373376c6ce3c8e23e5b196ee77e71f914477/72896e723dc4d0a856a4f38c8c11f1a8685036ee241114e8658a4e12a960605f/9392210a60af2437fd6f8c9991021c1d0ef10964fac50ade948bbbaa09f952f4/9392210a60af2437fd6f8c9991021c1d0ef10964fac50ade948bbbaa09f952f4.bin"], "cache_after_gc": {}, "retry_at": 1791435781.9341197}, {"sequence": 289, "kind": "phase", "unix_time": 1791435752.0163128, "monotonic": 601.534739386, "seed": 199, "phase": "unchanged_30_second_backoff", "started_at": 1791435752.0163105, "deadline": 1791435781.9841197}, {"sequence": 362, "kind": "real_deadline_elapsed", "unix_time": 1791435781.9842463, "monotonic": 631.502673408, "seed": 199, "phase": "unchanged_30_second_backoff", "started_at": 1791435752.0163105, "finished_at": 1791435781.9842381, "deadline": 1791435781.9841197}, {"sequence": 375, "kind": "product_exit", "unix_time": 1791435782.0205984, "monotonic": 631.539025221, "session": "seed-199-warm-restart", "exit_code": -9, "requested_sigkill": true, "cleanup": false, "stderr_sha256": "3aaabea355a89170b4affddc03b5876ca9e8c47a66aa5cd7d6d332e8a6743122"}, {"sequence": 376, "kind": "phase", "unix_time": 1791435782.020667, "monotonic": 631.539093642, "seed": 199, "phase": "real_lease_expiry_after_sigkill", "started_at": 1791435782.0206637, "deadline": 1791435784.045896}, {"sequence": 378, "kind": "real_deadline_elapsed", "unix_time": 1791435784.0460095, "monotonic": 633.564436654, "seed": 199, "phase": "real_lease_expiry_after_sigkill", "started_at": 1791435782.0206637, "finished_at": 1791435784.0460017, "deadline": 1791435784.045896}, {"sequence": 413, "kind": "phase", "unix_time": 1791435784.156975, "monotonic": 633.675401698, "seed": 199, "phase": "sigkill_lease_reclaimed_ready", "status": {"consistency": "point_in_time", "default_effective_strategy": "local", "default_query_state": "available_with_per_query_checks", "default_strategy": "local", "dense_desired": 1, "dense_published": 1, "dense_reason": null, "dense_state": "ready", "diagnostic_sources": {"build": "BuildExplain on index response", "graph": "GraphExplain on query response", "lanes": "evidence_summary.retrieval.lanes or lane_receipts", "packing": "evidence_summary.packing", "selection": "evidence_summary.selection", "semantic": "evidence_summary.retrieval.semantic (dense lane receipt projection)", "source": "evidence_summary.source_freshness"}, "execution": {"async_admitted": 0, "async_in_flight": 0, "async_limit": 8, "completed": 12, "cpu_admitted": 0, "cpu_in_flight": 0, "cpu_limit": 4, "queue_limit": 32, "rejected": 0}, "execution_scope": "process_shared_not_project_local", "generation": {"evidence_epoch": 1, "incarnation": [123, 119, 40, 205, 30, 97, 4, 132, 48, 217, 183, 187, 231, 234, 154, 185], "index_epoch": 11, "semantic_epoch": 2}, "generation_scope": "observed_database_snapshot", "identity_validation": "checked_at_observation_boundary", "index_state": "available", "local_state": "available", "pin_scope": "owned_query_views_including_inflight_clones_not_request_count", "query_coverage": {"scope": "per_query_not_global", "state": "not_measured"}, "query_encoding": {"configured_opt_in": false, "network_authorized": false, "reason": "query_network_opt_in_required", "request_scope": "nonlocal_nonempty_only"}, "query_pins": 0, "resolution_freshness": {"basis_epoch": null, "complete": true, "completed_files": 0, "index_epoch": 11, "reason": null, "retry": null, "root_count": 0, "scope": "observed_resolution_invalidations", "status": "ready"}, "semantic_active_space": "4a0340cd60e3c011169ec62e1e4a373376c6ce3c8e23e5b196ee77e71f914477", "semantic_failed": 0, "semantic_pending": 0, "semantic_state": "ready", "service_state_scope": "process_observed_separately", "spec": "retrieval-capabilities-v2"}, "observed_document_posts": 5, "kill_time": 1791435782.0172863, "lease_deadline": 1791435783.995896, "document_posts_delta": 1, "crash_attempt_billing": "unknown; response had not been consumed", "outbox": {"outbox": [{"task_id": 1, "doc_key": "081b00733cb3e05dd1f895b4b7c07c652b895f2e89a8defc8eb1ca36402f102e", "doc_version": "c985adfd98df81c8be22eb994bc181e8049937e1e5127df7777ce4713a688f07", "input_digest": "0d2231fe16139874b5b678925568a0ead51def9b80822926fecfa761f3667f4d", "space_id": "4a0340cd60e3c011169ec62e1e4a373376c6ce3c8e23e5b196ee77e71f914477", "op": "embed", "state": "done", "attempt_count": 3, "lease_token": "58f91636fa25010d6ad929aadb1d6fb9", "lease_expires_at": 1791435786.0700817, "claim_owner": "post-index", "available_at": 1791435784.0693474, "last_error": null, "created_at": "2026-10-08T05:02:31.931730986+00:00", "updated_at": "2026-10-08T05:03:04+00:00"}], "manifest": [{"doc_key": "081b00733cb3e05dd1f895b4b7c07c652b895f2e89a8defc8eb1ca36402f102e", "doc_version": "c985adfd98df81c8be22eb994bc181e8049937e1e5127df7777ce4713a688f07", "file_path": "keep.rs", "encoding_key": "ea75602918e001a45fd13ed10d2428661f42e95d2af75c1f7b1108ecd74cc4eb", "input_digest": "0d2231fe16139874b5b678925568a0ead51def9b80822926fecfa761f3667f4d", "space_id": "4a0340cd60e3c011169ec62e1e4a373376c6ce3c8e23e5b196ee77e71f914477", "artifact_ref": "cas.v1:d2b61ba3911148c6fc9cd19e89b9cff3a86077b213beb307ba0734daa186cc80:4a0340cd60e3c011169ec62e1e4a373376c6ce3c8e23e5b196ee77e71f914477:0d2231fe16139874b5b678925568a0ead51def9b80822926fecfa761f3667f4d:9392210a60af2437fd6f8c9991021c1d0ef10964fac50ade948bbbaa09f952f4:c3e45a3480d5b57ee4201f473659669f83ccec77851a5243a927aafcd139f2f3", "published_at": "2026-10-08T05:03:04+00:00", "published_incarnation": "7b7728cd1e61048430d9b7bbe7ea9ab9"}]}}, {"sequence": 414, "kind": "product_exit", "unix_time": 1791435784.1644073, "monotonic": 633.682834029, "session": "seed-199-crash-recovery", "exit_code": 0, "requested_sigkill": false, "cleanup": false, "stderr_sha256": "a90349412eb22aa1eb60afcb8793ade11bd9302a0a55bdcc21aa1a92e88405b8"}, {"sequence": 446, "kind": "phase", "unix_time": 1791435784.2739422, "monotonic": 633.792368925, "seed": 199, "phase": "final_restart_cache_reuse_and_read_only_status", "status": {"consistency": "point_in_time", "default_effective_strategy": "local", "default_query_state": "available_with_per_query_checks", "default_strategy": "local", "dense_desired": 1, "dense_published": 1, "dense_reason": null, "dense_state": "ready", "diagnostic_sources": {"build": "BuildExplain on index response", "graph": "GraphExplain on query response", "lanes": "evidence_summary.retrieval.lanes or lane_receipts", "packing": "evidence_summary.packing", "selection": "evidence_summary.selection", "semantic": "evidence_summary.retrieval.semantic (dense lane receipt projection)", "source": "evidence_summary.source_freshness"}, "execution": {"async_admitted": 0, "async_in_flight": 0, "async_limit": 8, "completed": 12, "cpu_admitted": 0, "cpu_in_flight": 0, "cpu_limit": 4, "queue_limit": 32, "rejected": 0}, "execution_scope": "process_shared_not_project_local", "generation": {"evidence_epoch": 1, "incarnation": [123, 119, 40, 205, 30, 97, 4, 132, 48, 217, 183, 187, 231, 234, 154, 185], "index_epoch": 11, "semantic_epoch": 2}, "generation_scope": "observed_database_snapshot", "identity_validation": "checked_at_observation_boundary", "index_state": "available", "local_state": "available", "pin_scope": "owned_query_views_including_inflight_clones_not_request_count", "query_coverage": {"scope": "per_query_not_global", "state": "not_measured"}, "query_encoding": {"configured_opt_in": false, "network_authorized": false, "reason": "query_network_opt_in_required", "request_scope": "nonlocal_nonempty_only"}, "query_pins": 0, "resolution_freshness": {"basis_epoch": null, "complete": true, "completed_files": 0, "index_epoch": 11, "reason": null, "retry": null, "root_count": 0, "scope": "observed_resolution_invalidations", "status": "ready"}, "semantic_active_space": "4a0340cd60e3c011169ec62e1e4a373376c6ce3c8e23e5b196ee77e71f914477", "semantic_failed": 0, "semantic_pending": 0, "semantic_state": "ready", "service_state_scope": "process_observed_separately", "spec": "retrieval-capabilities-v2"}, "observed_document_posts": 5, "document_posts_delta": 0, "cache": {"namespace-d2b61ba3911148c6fc9cd19e89b9cff3a86077b213beb307ba0734daa186cc80/4a0340cd60e3c011169ec62e1e4a373376c6ce3c8e23e5b196ee77e71f914477/0d2231fe16139874b5b678925568a0ead51def9b80822926fecfa761f3667f4d/9392210a60af2437fd6f8c9991021c1d0ef10964fac50ade948bbbaa09f952f4/9392210a60af2437fd6f8c9991021c1d0ef10964fac50ade948bbbaa09f952f4.bin": {"sha256": "434b26042aff3fb844a4c4c6be0d81a079b0ce84cfb8190679024404e5dc4822", "bytes": 8}}}, {"sequence": 447, "kind": "product_exit", "unix_time": 1791435784.2772634, "monotonic": 633.795690053, "session": "seed-199-final-cache-reuse", "exit_code": 0, "requested_sigkill": false, "cleanup": false, "stderr_sha256": "1de1af9aa7ccf17bc0ce18c9c08fff9f38774bba6e5c037bfbecfa5736ecb715"}, {"sequence": 477, "kind": "phase", "unix_time": 1791435784.6870468, "monotonic": 634.205473338, "seed": 211, "phase": "initial_ready", "status": {"consistency": "point_in_time", "default_effective_strategy": "local", "default_query_state": "available_with_per_query_checks", "default_strategy": "local", "dense_desired": 2, "dense_published": 2, "dense_reason": null, "dense_state": "ready", "diagnostic_sources": {"build": "BuildExplain on index response", "graph": "GraphExplain on query response", "lanes": "evidence_summary.retrieval.lanes or lane_receipts", "packing": "evidence_summary.packing", "selection": "evidence_summary.selection", "semantic": "evidence_summary.retrieval.semantic (dense lane receipt projection)", "source": "evidence_summary.source_freshness"}, "execution": {"async_admitted": 0, "async_in_flight": 0, "async_limit": 8, "completed": 0, "cpu_admitted": 0, "cpu_in_flight": 0, "cpu_limit": 4, "queue_limit": 32, "rejected": 0}, "execution_scope": "process_shared_not_project_local", "generation": {"evidence_epoch": 0, "incarnation": [146, 111, 82, 13, 184, 29, 72, 67, 233, 55, 252, 184, 113, 53, 42, 3], "index_epoch": 6, "semantic_epoch": 3}, "generation_scope": "observed_database_snapshot", "identity_validation": "checked_at_observation_boundary", "index_state": "available", "local_state": "available", "pin_scope": "owned_query_views_including_inflight_clones_not_request_count", "query_coverage": {"scope": "per_query_not_global", "state": "not_measured"}, "query_encoding": {"configured_opt_in": false, "network_authorized": false, "reason": "query_network_opt_in_required", "request_scope": "nonlocal_nonempty_only"}, "query_pins": 0, "resolution_freshness": {"basis_epoch": null, "complete": true, "completed_files": 0, "index_epoch": 6, "reason": null, "retry": null, "root_count": 0, "scope": "observed_resolution_invalidations", "status": "ready"}, "semantic_active_space": "412a7cd90bedcbd65a5921b04ba43f51535c9f99edaa8e4e47f2d229002515db", "semantic_failed": 0, "semantic_pending": 0, "semantic_state": "ready", "service_state_scope": "process_observed_separately", "spec": "retrieval-capabilities-v2"}, "observed_document_posts": 2, "cache": {"namespace-6492eb82f2bcb5bccd1d5190366c27674575b8353fdb85219a4fe144ec0a22f1/412a7cd90bedcbd65a5921b04ba43f51535c9f99edaa8e4e47f2d229002515db/77044f1c187be6d151f89ca8183575512dee1e342fd34f801b25c953262131f9/6c81f6da2b29439e4203ecc19a3606edbd8421bce60f87ffc5902c77f1abf177/6c81f6da2b29439e4203ecc19a3606edbd8421bce60f87ffc5902c77f1abf177.bin": {"sha256": "434b26042aff3fb844a4c4c6be0d81a079b0ce84cfb8190679024404e5dc4822", "bytes": 8}, "namespace-6492eb82f2bcb5bccd1d5190366c27674575b8353fdb85219a4fe144ec0a22f1/412a7cd90bedcbd65a5921b04ba43f51535c9f99edaa8e4e47f2d229002515db/f0235d3867a63981ac5b6963fa532c0231c38997a045ee679ff4b0de9d5977f0/6c81f6da2b29439e4203ecc19a3606edbd8421bce60f87ffc5902c77f1abf177/6c81f6da2b29439e4203ecc19a3606edbd8421bce60f87ffc5902c77f1abf177.bin": {"sha256": "434b26042aff3fb844a4c4c6be0d81a079b0ce84cfb8190679024404e5dc4822", "bytes": 8}}}, {"sequence": 478, "kind": "product_exit", "unix_time": 1791435784.800822, "monotonic": 634.319249222, "session": "seed-211-initial", "exit_code": 0, "requested_sigkill": false, "cleanup": false, "stderr_sha256": "c32cdc3e9d7ca44c2cce0559686d588e16f5bccad89e203ab03137d6a67815e7"}, {"sequence": 492, "kind": "phase", "unix_time": 1791435784.8781376, "monotonic": 634.396564248, "seed": 211, "phase": "clean_restart_zero_document_calls", "status": {"consistency": "point_in_time", "default_effective_strategy": "local", "default_query_state": "available_with_per_query_checks", "default_strategy": "local", "dense_desired": 2, "dense_published": 2, "dense_reason": null, "dense_state": "ready", "diagnostic_sources": {"build": "BuildExplain on index response", "graph": "GraphExplain on query response", "lanes": "evidence_summary.retrieval.lanes or lane_receipts", "packing": "evidence_summary.packing", "selection": "evidence_summary.selection", "semantic": "evidence_summary.retrieval.semantic (dense lane receipt projection)", "source": "evidence_summary.source_freshness"}, "execution": {"async_admitted": 0, "async_in_flight": 0, "async_limit": 8, "completed": 0, "cpu_admitted": 0, "cpu_in_flight": 0, "cpu_limit": 4, "queue_limit": 32, "rejected": 0}, "execution_scope": "process_shared_not_project_local", "generation": {"evidence_epoch": 0, "incarnation": [146, 111, 82, 13, 184, 29, 72, 67, 233, 55, 252, 184, 113, 53, 42, 3], "index_epoch": 6, "semantic_epoch": 3}, "generation_scope": "observed_database_snapshot", "identity_validation": "checked_at_observation_boundary", "index_state": "available", "local_state": "available", "pin_scope": "owned_query_views_including_inflight_clones_not_request_count", "query_coverage": {"scope": "per_query_not_global", "state": "not_measured"}, "query_encoding": {"configured_opt_in": false, "network_authorized": false, "reason": "query_network_opt_in_required", "request_scope": "nonlocal_nonempty_only"}, "query_pins": 0, "resolution_freshness": {"basis_epoch": null, "complete": true, "completed_files": 0, "index_epoch": 6, "reason": null, "retry": null, "root_count": 0, "scope": "observed_resolution_invalidations", "status": "ready"}, "semantic_active_space": "412a7cd90bedcbd65a5921b04ba43f51535c9f99edaa8e4e47f2d229002515db", "semantic_failed": 0, "semantic_pending": 0, "semantic_state": "ready", "service_state_scope": "process_observed_separately", "spec": "retrieval-capabilities-v2"}, "observed_document_posts": 2, "document_posts_delta": 0}, {"sequence": 493, "kind": "phase", "unix_time": 1791435784.878231, "monotonic": 634.396657485, "seed": 211, "phase": "age_real_cache", "started_at": 1791435784.878229, "deadline": 1791435786.0782282}, {"sequence": 494, "kind": "real_deadline_elapsed", "unix_time": 1791435786.0783672, "monotonic": 635.5967944, "seed": 211, "phase": "age_real_cache", "started_at": 1791435784.878229, "finished_at": 1791435786.078356, "deadline": 1791435786.0782282}, {"sequence": 512, "kind": "phase", "unix_time": 1791435786.4483674, "monotonic": 635.966793898, "seed": 211, "phase": "rebuild_delete_http500_pending_and_automatic_gc", "status": {"consistency": "point_in_time", "default_effective_strategy": "local", "default_query_state": "available_with_per_query_checks", "default_strategy": "local", "dense_desired": 1, "dense_published": 0, "dense_reason": "semantic_coverage_uncovered", "dense_state": "partial", "diagnostic_sources": {"build": "BuildExplain on index response", "graph": "GraphExplain on query response", "lanes": "evidence_summary.retrieval.lanes or lane_receipts", "packing": "evidence_summary.packing", "selection": "evidence_summary.selection", "semantic": "evidence_summary.retrieval.semantic (dense lane receipt projection)", "source": "evidence_summary.source_freshness"}, "execution": {"async_admitted": 0, "async_in_flight": 0, "async_limit": 8, "completed": 12, "cpu_admitted": 0, "cpu_in_flight": 0, "cpu_limit": 4, "queue_limit": 32, "rejected": 0}, "execution_scope": "process_shared_not_project_local", "generation": {"evidence_epoch": 1, "incarnation": [133, 22, 205, 111, 91, 14, 170, 39, 34, 253, 35, 106, 173, 213, 36, 238], "index_epoch": 11, "semantic_epoch": 1}, "generation_scope": "observed_database_snapshot", "identity_validation": "checked_at_observation_boundary", "index_state": "available", "local_state": "available", "pin_scope": "owned_query_views_including_inflight_clones_not_request_count", "query_coverage": {"scope": "per_query_not_global", "state": "not_measured"}, "query_encoding": {"configured_opt_in": false, "network_authorized": false, "reason": "query_network_opt_in_required", "request_scope": "nonlocal_nonempty_only"}, "query_pins": 0, "resolution_freshness": {"basis_epoch": null, "complete": true, "completed_files": 0, "index_epoch": 11, "reason": null, "retry": null, "root_count": 0, "scope": "observed_resolution_invalidations", "status": "ready"}, "semantic_active_space": "412a7cd90bedcbd65a5921b04ba43f51535c9f99edaa8e4e47f2d229002515db", "semantic_failed": 0, "semantic_pending": 1, "semantic_state": "backfilling", "service_state_scope": "process_observed_separately", "spec": "retrieval-capabilities-v2"}, "observed_document_posts": 3, "outbox": [{"task_id": 1, "doc_key": "517c8b49c2f6906e42bb489084db1ac2fa2db51acb8382a4335152d361b513be", "doc_version": "d6a852d1fcce5946969bcd0f552bc5f04bd6c4bcfba5e4c76e1e133e3fdcc58d", "input_digest": "f632ee925c200c3e2dc2854134f06369e2f0694dafa796cead0f81468d7e68a7", "space_id": "412a7cd90bedcbd65a5921b04ba43f51535c9f99edaa8e4e47f2d229002515db", "op": "embed", "state": "pending", "attempt_count": 1, "lease_token": null, "lease_expires_at": null, "claim_owner": null, "available_at": 1791435816.365765, "last_error": "provider server error", "created_at": "2026-10-08T05:03:06.363395452+00:00", "updated_at": "2026-10-08T05:03:06.365765095+00:00"}], "original_cache_removed": ["namespace-6492eb82f2bcb5bccd1d5190366c27674575b8353fdb85219a4fe144ec0a22f1/412a7cd90bedcbd65a5921b04ba43f51535c9f99edaa8e4e47f2d229002515db/77044f1c187be6d151f89ca8183575512dee1e342fd34f801b25c953262131f9/6c81f6da2b29439e4203ecc19a3606edbd8421bce60f87ffc5902c77f1abf177/6c81f6da2b29439e4203ecc19a3606edbd8421bce60f87ffc5902c77f1abf177.bin", "namespace-6492eb82f2bcb5bccd1d5190366c27674575b8353fdb85219a4fe144ec0a22f1/412a7cd90bedcbd65a5921b04ba43f51535c9f99edaa8e4e47f2d229002515db/f0235d3867a63981ac5b6963fa532c0231c38997a045ee679ff4b0de9d5977f0/6c81f6da2b29439e4203ecc19a3606edbd8421bce60f87ffc5902c77f1abf177/6c81f6da2b29439e4203ecc19a3606edbd8421bce60f87ffc5902c77f1abf177.bin"], "cache_after_gc": {}, "retry_at": 1791435816.365765}, {"sequence": 513, "kind": "phase", "unix_time": 1791435786.4484613, "monotonic": 635.966887716, "seed": 211, "phase": "unchanged_30_second_backoff", "started_at": 1791435786.4484591, "deadline": 1791435816.415765}, {"sequence": 586, "kind": "real_deadline_elapsed", "unix_time": 1791435816.4158893, "monotonic": 665.934316302, "seed": 211, "phase": "unchanged_30_second_backoff", "started_at": 1791435786.4484591, "finished_at": 1791435816.415881, "deadline": 1791435816.415765}, {"sequence": 599, "kind": "product_exit", "unix_time": 1791435816.4513419, "monotonic": 665.969768617, "session": "seed-211-warm-restart", "exit_code": -9, "requested_sigkill": true, "cleanup": false, "stderr_sha256": "6cbc007e6a41f54caf6deff61060367976044cf51ad8d2bd19cfc95737c2319b"}, {"sequence": 600, "kind": "phase", "unix_time": 1791435816.4514039, "monotonic": 665.969830389, "seed": 211, "phase": "real_lease_expiry_after_sigkill", "started_at": 1791435816.451401, "deadline": 1791435818.4767234}, {"sequence": 602, "kind": "real_deadline_elapsed", "unix_time": 1791435818.4768379, "monotonic": 667.995264992, "seed": 211, "phase": "real_lease_expiry_after_sigkill", "started_at": 1791435816.451401, "finished_at": 1791435818.4768295, "deadline": 1791435818.4767234}, {"sequence": 637, "kind": "phase", "unix_time": 1791435818.588873, "monotonic": 668.107299487, "seed": 211, "phase": "sigkill_lease_reclaimed_ready", "status": {"consistency": "point_in_time", "default_effective_strategy": "local", "default_query_state": "available_with_per_query_checks", "default_strategy": "local", "dense_desired": 1, "dense_published": 1, "dense_reason": null, "dense_state": "ready", "diagnostic_sources": {"build": "BuildExplain on index response", "graph": "GraphExplain on query response", "lanes": "evidence_summary.retrieval.lanes or lane_receipts", "packing": "evidence_summary.packing", "selection": "evidence_summary.selection", "semantic": "evidence_summary.retrieval.semantic (dense lane receipt projection)", "source": "evidence_summary.source_freshness"}, "execution": {"async_admitted": 0, "async_in_flight": 0, "async_limit": 8, "completed": 12, "cpu_admitted": 0, "cpu_in_flight": 0, "cpu_limit": 4, "queue_limit": 32, "rejected": 0}, "execution_scope": "process_shared_not_project_local", "generation": {"evidence_epoch": 1, "incarnation": [133, 22, 205, 111, 91, 14, 170, 39, 34, 253, 35, 106, 173, 213, 36, 238], "index_epoch": 11, "semantic_epoch": 2}, "generation_scope": "observed_database_snapshot", "identity_validation": "checked_at_observation_boundary", "index_state": "available", "local_state": "available", "pin_scope": "owned_query_views_including_inflight_clones_not_request_count", "query_coverage": {"scope": "per_query_not_global", "state": "not_measured"}, "query_encoding": {"configured_opt_in": false, "network_authorized": false, "reason": "query_network_opt_in_required", "request_scope": "nonlocal_nonempty_only"}, "query_pins": 0, "resolution_freshness": {"basis_epoch": null, "complete": true, "completed_files": 0, "index_epoch": 11, "reason": null, "retry": null, "root_count": 0, "scope": "observed_resolution_invalidations", "status": "ready"}, "semantic_active_space": "412a7cd90bedcbd65a5921b04ba43f51535c9f99edaa8e4e47f2d229002515db", "semantic_failed": 0, "semantic_pending": 0, "semantic_state": "ready", "service_state_scope": "process_observed_separately", "spec": "retrieval-capabilities-v2"}, "observed_document_posts": 5, "kill_time": 1791435816.447955, "lease_deadline": 1791435818.4267235, "document_posts_delta": 1, "crash_attempt_billing": "unknown; response had not been consumed", "outbox": {"outbox": [{"task_id": 1, "doc_key": "517c8b49c2f6906e42bb489084db1ac2fa2db51acb8382a4335152d361b513be", "doc_version": "d6a852d1fcce5946969bcd0f552bc5f04bd6c4bcfba5e4c76e1e133e3fdcc58d", "input_digest": "f632ee925c200c3e2dc2854134f06369e2f0694dafa796cead0f81468d7e68a7", "space_id": "412a7cd90bedcbd65a5921b04ba43f51535c9f99edaa8e4e47f2d229002515db", "op": "embed", "state": "done", "attempt_count": 3, "lease_token": "3379a19fbb745b9a094e152227134bca", "lease_expires_at": 1791435820.5019763, "claim_owner": "post-index", "available_at": 1791435818.5012681, "last_error": null, "created_at": "2026-10-08T05:03:06.363395452+00:00", "updated_at": "2026-10-08T05:03:38+00:00"}], "manifest": [{"doc_key": "517c8b49c2f6906e42bb489084db1ac2fa2db51acb8382a4335152d361b513be", "doc_version": "d6a852d1fcce5946969bcd0f552bc5f04bd6c4bcfba5e4c76e1e133e3fdcc58d", "file_path": "keep.rs", "encoding_key": "6e8b3023315cc150ddc6b0c9b161794f69d756b73d1ec077ea44ae55b6a888f0", "input_digest": "f632ee925c200c3e2dc2854134f06369e2f0694dafa796cead0f81468d7e68a7", "space_id": "412a7cd90bedcbd65a5921b04ba43f51535c9f99edaa8e4e47f2d229002515db", "artifact_ref": "cas.v1:6492eb82f2bcb5bccd1d5190366c27674575b8353fdb85219a4fe144ec0a22f1:412a7cd90bedcbd65a5921b04ba43f51535c9f99edaa8e4e47f2d229002515db:f632ee925c200c3e2dc2854134f06369e2f0694dafa796cead0f81468d7e68a7:6c81f6da2b29439e4203ecc19a3606edbd8421bce60f87ffc5902c77f1abf177:c3e45a3480d5b57ee4201f473659669f83ccec77851a5243a927aafcd139f2f3", "published_at": "2026-10-08T05:03:38+00:00", "published_incarnation": "8516cd6f5b0eaa2722fd236aadd524ee"}]}}, {"sequence": 638, "kind": "product_exit", "unix_time": 1791435818.5962965, "monotonic": 668.114723186, "session": "seed-211-crash-recovery", "exit_code": 0, "requested_sigkill": false, "cleanup": false, "stderr_sha256": "3af215ba206d03bca55e39cb07c2aa76d7bfeff61cfa5cd23cb9788d39b71ff9"}, {"sequence": 670, "kind": "phase", "unix_time": 1791435818.7075071, "monotonic": 668.22593365, "seed": 211, "phase": "final_restart_cache_reuse_and_read_only_status", "status": {"consistency": "point_in_time", "default_effective_strategy": "local", "default_query_state": "available_with_per_query_checks", "default_strategy": "local", "dense_desired": 1, "dense_published": 1, "dense_reason": null, "dense_state": "ready", "diagnostic_sources": {"build": "BuildExplain on index response", "graph": "GraphExplain on query response", "lanes": "evidence_summary.retrieval.lanes or lane_receipts", "packing": "evidence_summary.packing", "selection": "evidence_summary.selection", "semantic": "evidence_summary.retrieval.semantic (dense lane receipt projection)", "source": "evidence_summary.source_freshness"}, "execution": {"async_admitted": 0, "async_in_flight": 0, "async_limit": 8, "completed": 12, "cpu_admitted": 0, "cpu_in_flight": 0, "cpu_limit": 4, "queue_limit": 32, "rejected": 0}, "execution_scope": "process_shared_not_project_local", "generation": {"evidence_epoch": 1, "incarnation": [133, 22, 205, 111, 91, 14, 170, 39, 34, 253, 35, 106, 173, 213, 36, 238], "index_epoch": 11, "semantic_epoch": 2}, "generation_scope": "observed_database_snapshot", "identity_validation": "checked_at_observation_boundary", "index_state": "available", "local_state": "available", "pin_scope": "owned_query_views_including_inflight_clones_not_request_count", "query_coverage": {"scope": "per_query_not_global", "state": "not_measured"}, "query_encoding": {"configured_opt_in": false, "network_authorized": false, "reason": "query_network_opt_in_required", "request_scope": "nonlocal_nonempty_only"}, "query_pins": 0, "resolution_freshness": {"basis_epoch": null, "complete": true, "completed_files": 0, "index_epoch": 11, "reason": null, "retry": null, "root_count": 0, "scope": "observed_resolution_invalidations", "status": "ready"}, "semantic_active_space": "412a7cd90bedcbd65a5921b04ba43f51535c9f99edaa8e4e47f2d229002515db", "semantic_failed": 0, "semantic_pending": 0, "semantic_state": "ready", "service_state_scope": "process_observed_separately", "spec": "retrieval-capabilities-v2"}, "observed_document_posts": 5, "document_posts_delta": 0, "cache": {"namespace-6492eb82f2bcb5bccd1d5190366c27674575b8353fdb85219a4fe144ec0a22f1/412a7cd90bedcbd65a5921b04ba43f51535c9f99edaa8e4e47f2d229002515db/f632ee925c200c3e2dc2854134f06369e2f0694dafa796cead0f81468d7e68a7/6c81f6da2b29439e4203ecc19a3606edbd8421bce60f87ffc5902c77f1abf177/6c81f6da2b29439e4203ecc19a3606edbd8421bce60f87ffc5902c77f1abf177.bin": {"sha256": "434b26042aff3fb844a4c4c6be0d81a079b0ce84cfb8190679024404e5dc4822", "bytes": 8}}}, {"sequence": 671, "kind": "product_exit", "unix_time": 1791435818.7149098, "monotonic": 668.233336422, "session": "seed-211-final-cache-reuse", "exit_code": 0, "requested_sigkill": false, "cleanup": false, "stderr_sha256": "fe22012d5041aa2f65ebe79e16ce0a809552911158a9cfbdf6190ec0fc196c7c"}], "semantic-fault-matrix.log:test_results": ["test result: ok. 236 passed; 0 failed; 1 ignored; 0 measured; 0 filtered out; finished in 0.66s", "test result: ok. 17 passed; 0 failed; 0 ignored; 0 measured; 0 filtered out; finished in 0.04s", "test result: ok. 1 passed; 0 failed; 0 ignored; 0 measured; 0 filtered out; finished in 0.68s", "test result: ok. 12 passed; 0 failed; 1 ignored; 0 measured; 0 filtered out; finished in 2.27s", "test result: ok. 1 passed; 0 failed; 1 ignored; 0 measured; 0 filtered out; finished in 46.25s", "test result: ok. 3 passed; 0 failed; 0 ignored; 0 measured; 0 filtered out; finished in 0.12s", "test result: ok. 5 passed; 0 failed; 0 ignored; 0 measured; 0 filtered out; finished in 0.13s", "test result: ok. 4 passed; 0 failed; 0 ignored; 0 measured; 0 filtered out; finished in 0.04s", "     Running tests/opportunistic_reclaim.rs (/home/runner/work/_temp/p7-closeout-target/debug/deps/opportunistic_reclaim-994d88719aac3932)", "test result: ok. 9 passed; 0 failed; 0 ignored; 0 measured; 0 filtered out; finished in 5.88s", "test result: ok. 7 passed; 0 failed; 0 ignored; 0 measured; 0 filtered out; finished in 0.03s", "test result: ok. 1 passed; 0 failed; 1 ignored; 0 measured; 0 filtered out; finished in 18.73s", "test result: ok. 1 passed; 0 failed; 1 ignored; 0 measured; 0 filtered out; finished in 12.54s", "test result: ok. 4 passed; 0 failed; 0 ignored; 0 measured; 0 filtered out; finished in 0.10s", "test result: ok. 17 passed; 0 failed; 0 ignored; 0 measured; 0 filtered out; finished in 0.00s", "test result: ok. 9 passed; 0 failed; 0 ignored; 0 measured; 0 filtered out; finished in 0.80s", "test result: ok. 3 passed; 0 failed; 0 ignored; 0 measured; 0 filtered out; finished in 0.44s", "test result: ok. 5 passed; 0 failed; 0 ignored; 0 measured; 0 filtered out; finished in 0.49s", "test result: ok. 6 passed; 0 failed; 0 ignored; 0 measured; 0 filtered out; finished in 0.25s", "test result: ok. 8 passed; 0 failed; 0 ignored; 0 measured; 0 filtered out; finished in 0.17s", "test result: ok. 6 passed; 0 failed; 0 ignored; 0 measured; 0 filtered out; finished in 0.85s", "test result: ok. 2 passed; 0 failed; 0 ignored; 0 measured; 0 filtered out; finished in 0.12s", "test result: ok. 1 passed; 0 failed; 1 ignored; 0 measured; 0 filtered out; finished in 20.02s"], "db-rebuild-faults.log:test_results": ["test result: ok. 191 passed; 0 failed; 2 ignored; 0 measured; 0 filtered out; finished in 32.40s"], "http-runtime.log:test_results": ["test result: ok. 1 passed; 0 failed; 0 ignored; 0 measured; 352 filtered out; finished in 0.14s", "test result: ok. 1 passed; 0 failed; 0 ignored; 0 measured; 352 filtered out; finished in 0.38s", "test result: ok. 1 passed; 0 failed; 0 ignored; 0 measured; 352 filtered out; finished in 0.00s", "test result: ok. 1 passed; 0 failed; 0 ignored; 0 measured; 352 filtered out; finished in 1.75s", "test result: ok. 1 passed; 0 failed; 0 ignored; 0 measured; 352 filtered out; finished in 0.44s", "test result: ok. 1 passed; 0 failed; 0 ignored; 0 measured; 352 filtered out; finished in 0.00s", "test result: ok. 1 passed; 0 failed; 0 ignored; 0 measured; 352 filtered out; finished in 0.03s", "test result: ok. 1 passed; 0 failed; 0 ignored; 0 measured; 352 filtered out; finished in 0.61s", "test result: ok. 1 passed; 0 failed; 0 ignored; 0 measured; 352 filtered out; finished in 0.78s", "test result: ok. 1 passed; 0 failed; 0 ignored; 0 measured; 352 filtered out; finished in 1.12s", "test result: ok. 1 passed; 0 failed; 0 ignored; 0 measured; 352 filtered out; finished in 0.55s", "test result: ok. 340 passed; 0 failed; 13 ignored; 0 measured; 0 filtered out; finished in 29.03s"]}
2026-10-08T05:13:47.4889665Z P7_AUDIT_PREFLIGHT_JSON {"kind": "offline-default", "artifact_id": 11529447454, "archive_sha256": "21e15185fc7e0fe917d1253a283026b20e69266fcd75768cff0f2012632aef68", "archive_bytes": 141787552, "member_count": 2093, "expanded_bytes": 603069524, "semantic_acceptance": "not_granted; inventory only", "runner-source-before.json": {"input_count": 795, "manifest_sha256": "5b0f2f129500327a23a44a10b8f4530db6260273481698c9bb5c7cbe65fbc114", "source_commit": "ffdc6f0f97db78cc25a6c026904e7c2adde05d14", "source_tree": "9e59b41540eb3769e9ca0a787c9ed60441259d20"}}
2026-10-08T05:13:50.0997224Z P7_AUDIT_PREFLIGHT_JSON {"kind": "offline-semantic", "artifact_id": 11528648875, "archive_sha256": "59f151919b95508017da6aca062d7be46a5c40b65cd87fae26e070707b6389d5", "archive_bytes": 18306424, "member_count": 164, "expanded_bytes": 77163785, "semantic_acceptance": "not_granted; inventory only", "runner-source-before.json": {"input_count": 795, "manifest_sha256": "5b0f2f129500327a23a44a10b8f4530db6260273481698c9bb5c7cbe65fbc114", "source_commit": "ffdc6f0f97db78cc25a6c026904e7c2adde05d14", "source_tree": "9e59b41540eb3769e9ca0a787c9ed60441259d20"}}
2026-10-08T05:13:50.1111837Z P7_AUDIT_PREFLIGHT_RECEIPT {"schema_version": 1, "source_commit": "ffdc6f0f97db78cc25a6c026904e7c2adde05d14", "manifest_sha256": "3bb301114658260b295cfcbaf57052e46f14ca838ee63c9cd5d8a6bf59115805", "script_sha256": "53d4fdbae9ccf9b3109f1992e248220450f26cfb5f7350457141894583a7510e", "artifact_summaries": [{"kind": "engineering", "artifact_id": 11529288057, "archive_sha256": "8ac8223cc3278e4316fa83050ad40850985303f7041aa53919fb94650bdcb6d0", "archive_bytes": 220992, "member_count": 26, "expanded_bytes": 3120623, "semantic_acceptance": "not_granted; inventory only", "source-before.json": {"input_count": 795, "manifest_sha256": "5b0f2f129500327a23a44a10b8f4530db6260273481698c9bb5c7cbe65fbc114", "source_commit": "683d8882c108e4e9be68ebac127f3c709e329711", "source_tree": "9e59b41540eb3769e9ca0a787c9ed60441259d20"}, "source-after.json": {"input_count": 795, "manifest_sha256": "5b0f2f129500327a23a44a10b8f4530db6260273481698c9bb5c7cbe65fbc114", "source_commit": "683d8882c108e4e9be68ebac127f3c709e329711", "source_tree": "9e59b41540eb3769e9ca0a787c9ed60441259d20"}, "resource_owner_observations": [{"member": "worker-contention/seed-19/held-before.json", "stage": "held-before", "pid": 12783}, {"member": "worker-contention/seed-19/summary.json", "stage": "after-model-drain", "pid": 12783}, {"member": "worker-contention/seed-19/summary.json", "stage": "held-after", "pid": 12783}, {"member": "worker-contention/seed-19/summary.json", "stage": "quiet-before", "pid": 12783}, {"member": "worker-contention/seed-43/held-before.json", "stage": "held-before", "pid": 12783}, {"member": "worker-contention/seed-43/summary.json", "stage": "after-model-drain", "pid": 12783}, {"member": "worker-contention/seed-43/summary.json", "stage": "held-after", "pid": 12783}, {"member": "worker-contention/seed-43/summary.json", "stage": "quiet-before", "pid": 12783}, {"member": "worker-contention/seed-7/held-before.json", "stage": "held-before", "pid": 12783}, {"member": "worker-contention/seed-7/summary.json", "stage": "after-model-drain", "pid": 12783}, {"member": "worker-contention/seed-7/summary.json", "stage": "held-after", "pid": 12783}, {"member": "worker-contention/seed-7/summary.json", "stage": "quiet-before", "pid": 12783}], "resource_owner_pids": [12783]}, {"kind": "mechanism", "artifact_id": 11529353250, "archive_sha256": "c31b0656a8e7e4e091710d2c43b1d399c5b36820bd1ffeb97a373005ff052233", "archive_bytes": 91141978, "member_count": 4163, "expanded_bytes": 368834949, "semantic_acceptance": "not_granted; inventory only"}, {"kind": "closeout", "artifact_id": 11529028468, "archive_sha256": "1bef831e4dbce560987c09a5745b82708b4f9cf5b0fd8efb426af07f7f9ede23", "archive_bytes": 20094853, "member_count": 89, "expanded_bytes": 90879285, "semantic_acceptance": "not_granted; inventory only", "source-before.json": {"input_count": 795, "manifest_sha256": "5b0f2f129500327a23a44a10b8f4530db6260273481698c9bb5c7cbe65fbc114", "source_commit": "ffdc6f0f97db78cc25a6c026904e7c2adde05d14", "source_tree": "9e59b41540eb3769e9ca0a787c9ed60441259d20"}, "source-after.json": {"input_count": 795, "manifest_sha256": "5b0f2f129500327a23a44a10b8f4530db6260273481698c9bb5c7cbe65fbc114", "source_commit": "ffdc6f0f97db78cc25a6c026904e7c2adde05d14", "source_tree": "9e59b41540eb3769e9ca0a787c9ed60441259d20"}, "original_stdio_rpc_count": 107, "event_count": 672, "event_kinds": {"spawn": 12, "mcp_request": 288, "mcp_response": 288, "http_request": 15, "http_response": 15, "phase": 24, "product_exit": 12, "real_deadline_elapsed": 9, "database_read_only": 9}, "mcp_request_count": 288, "mcp_response_count": 288, "events_sha256": "630e35ede08a6a6cb340d863f23d66f5fffedf1ba1f1f9103e07a359f260d102", "phase_events": [{"sequence": 29, "kind": "phase", "unix_time": 1791435716.1367457, "monotonic": 565.655172182, "seed": 197, "phase": "initial_ready", "status": {"consistency": "point_in_time", "default_effective_strategy": "local", "default_query_state": "available_with_per_query_checks", "default_strategy": "local", "dense_desired": 2, "dense_published": 2, "dense_reason": null, "dense_state": "ready", "diagnostic_sources": {"build": "BuildExplain on index response", "graph": "GraphExplain on query response", "lanes": "evidence_summary.retrieval.lanes or lane_receipts", "packing": "evidence_summary.packing", "selection": "evidence_summary.selection", "semantic": "evidence_summary.retrieval.semantic (dense lane receipt projection)", "source": "evidence_summary.source_freshness"}, "execution": {"async_admitted": 0, "async_in_flight": 0, "async_limit": 8, "completed": 0, "cpu_admitted": 0, "cpu_in_flight": 0, "cpu_limit": 4, "queue_limit": 32, "rejected": 0}, "execution_scope": "process_shared_not_project_local", "generation": {"evidence_epoch": 0, "incarnation": [234, 233, 45, 73, 35, 49, 44, 100, 144, 39, 212, 23, 56, 181, 175, 6], "index_epoch": 6, "semantic_epoch": 3}, "generation_scope": "observed_database_snapshot", "identity_validation": "checked_at_observation_boundary", "index_state": "available", "local_state": "available", "pin_scope": "owned_query_views_including_inflight_clones_not_request_count", "query_coverage": {"scope": "per_query_not_global", "state": "not_measured"}, "query_encoding": {"configured_opt_in": false, "network_authorized": false, "reason": "query_network_opt_in_required", "request_scope": "nonlocal_nonempty_only"}, "query_pins": 0, "resolution_freshness": {"basis_epoch": null, "complete": true, "completed_files": 0, "index_epoch": 6, "reason": null, "retry": null, "root_count": 0, "scope": "observed_resolution_invalidations", "status": "ready"}, "semantic_active_space": "ed440eb63afe9b72d2043bdbbaa18c076be5f64adfaf8f7451de21e639778e00", "semantic_failed": 0, "semantic_pending": 0, "semantic_state": "ready", "service_state_scope": "process_observed_separately", "spec": "retrieval-capabilities-v2"}, "observed_document_posts": 2, "cache": {"namespace-2325d3d04404941425eebf766dce289a3df63ca485d84d74f0af17c011128738/ed440eb63afe9b72d2043bdbbaa18c076be5f64adfaf8f7451de21e639778e00/95b65f67d78940edfb618e272ef7232f0fd12e96e8498a3dbfc6017ba1e8aed2/cf5b2884d98bb43c07ba71eef2c5c6dd0df7c3fee82eb6c3cda22ae79426b91a/cf5b2884d98bb43c07ba71eef2c5c6dd0df7c3fee82eb6c3cda22ae79426b91a.bin": {"sha256": "434b26042aff3fb844a4c4c6be0d81a079b0ce84cfb8190679024404e5dc4822", "bytes": 8}, "namespace-2325d3d04404941425eebf766dce289a3df63ca485d84d74f0af17c011128738/ed440eb63afe9b72d2043bdbbaa18c076be5f64adfaf8f7451de21e639778e00/9616603e6126c1e65ce81d432579ae0f8c3d974cbfd12d5569ad67365cd45181/cf5b2884d98bb43c07ba71eef2c5c6dd0df7c3fee82eb6c3cda22ae79426b91a/cf5b2884d98bb43c07ba71eef2c5c6dd0df7c3fee82eb6c3cda22ae79426b91a.bin": {"sha256": "434b26042aff3fb844a4c4c6be0d81a079b0ce84cfb8190679024404e5dc4822", "bytes": 8}}}, {"sequence": 30, "kind": "product_exit", "unix_time": 1791435716.2505095, "monotonic": 565.768936689, "session": "seed-197-initial", "exit_code": 0, "requested_sigkill": false, "cleanup": false, "stderr_sha256": "7cf2aeb547737a1d6ea75d6c064b5a3f54dcbdfaa7a040277c3060adb2a3be6e"}, {"sequence": 44, "kind": "phase", "unix_time": 1791435716.3289354, "monotonic": 565.847361969, "seed": 197, "phase": "clean_restart_zero_document_calls", "status": {"consistency": "point_in_time", "default_effective_strategy": "local", "default_query_state": "available_with_per_query_checks", "default_strategy": "local", "dense_desired": 2, "dense_published": 2, "dense_reason": null, "dense_state": "ready", "diagnostic_sources": {"build": "BuildExplain on index response", "graph": "GraphExplain on query response", "lanes": "evidence_summary.retrieval.lanes or lane_receipts", "packing": "evidence_summary.packing", "selection": "evidence_summary.selection", "semantic": "evidence_summary.retrieval.semantic (dense lane receipt projection)", "source": "evidence_summary.source_freshness"}, "execution": {"async_admitted": 0, "async_in_flight": 0, "async_limit": 8, "completed": 0, "cpu_admitted": 0, "cpu_in_flight": 0, "cpu_limit": 4, "queue_limit": 32, "rejected": 0}, "execution_scope": "process_shared_not_project_local", "generation": {"evidence_epoch": 0, "incarnation": [234, 233, 45, 73, 35, 49, 44, 100, 144, 39, 212, 23, 56, 181, 175, 6], "index_epoch": 6, "semantic_epoch": 3}, "generation_scope": "observed_database_snapshot", "identity_validation": "checked_at_observation_boundary", "index_state": "available", "local_state": "available", "pin_scope": "owned_query_views_including_inflight_clones_not_request_count", "query_coverage": {"scope": "per_query_not_global", "state": "not_measured"}, "query_encoding": {"configured_opt_in": false, "network_authorized": false, "reason": "query_network_opt_in_required", "request_scope": "nonlocal_nonempty_only"}, "query_pins": 0, "resolution_freshness": {"basis_epoch": null, "complete": true, "completed_files": 0, "index_epoch": 6, "reason": null, "retry": null, "root_count": 0, "scope": "observed_resolution_invalidations", "status": "ready"}, "semantic_active_space": "ed440eb63afe9b72d2043bdbbaa18c076be5f64adfaf8f7451de21e639778e00", "semantic_failed": 0, "semantic_pending": 0, "semantic_state": "ready", "service_state_scope": "process_observed_separately", "spec": "retrieval-capabilities-v2"}, "observed_document_posts": 2, "document_posts_delta": 0}, {"sequence": 45, "kind": "phase", "unix_time": 1791435716.3290246, "monotonic": 565.84745107, "seed": 197, "phase": "age_real_cache", "started_at": 1791435716.3290224, "deadline": 1791435717.5290217}, {"sequence": 46, "kind": "real_deadline_elapsed", "unix_time": 1791435717.5291462, "monotonic": 567.047573266, "seed": 197, "phase": "age_real_cache", "started_at": 1791435716.3290224, "finished_at": 1791435717.5291357, "deadline": 1791435717.5290217}, {"sequence": 64, "kind": "phase", "unix_time": 1791435717.8618565, "monotonic": 567.38028297, "seed": 197, "phase": "rebuild_delete_http500_pending_and_automatic_gc", "status": {"consistency": "point_in_time", "default_effective_strategy": "local", "default_query_state": "available_with_per_query_checks", "default_strategy": "local", "dense_desired": 1, "dense_published": 0, "dense_reason": "semantic_coverage_uncovered", "dense_state": "partial", "diagnostic_sources": {"build": "BuildExplain on index response", "graph": "GraphExplain on query response", "lanes": "evidence_summary.retrieval.lanes or lane_receipts", "packing": "evidence_summary.packing", "selection": "evidence_summary.selection", "semantic": "evidence_summary.retrieval.semantic (dense lane receipt projection)", "source": "evidence_summary.source_freshness"}, "execution": {"async_admitted": 0, "async_in_flight": 0, "async_limit": 8, "completed": 12, "cpu_admitted": 0, "cpu_in_flight": 0, "cpu_limit": 4, "queue_limit": 32, "rejected": 0}, "execution_scope": "process_shared_not_project_local", "generation": {"evidence_epoch": 1, "incarnation": [58, 67, 253, 231, 71, 149, 168, 72, 43, 194, 27, 96, 45, 13, 108, 211], "index_epoch": 11, "semantic_epoch": 1}, "generation_scope": "observed_database_snapshot", "identity_validation": "checked_at_observation_boundary", "index_state": "available", "local_state": "available", "pin_scope": "owned_query_views_including_inflight_clones_not_request_count", "query_coverage": {"scope": "per_query_not_global", "state": "not_measured"}, "query_encoding": {"configured_opt_in": false, "network_authorized": false, "reason": "query_network_opt_in_required", "request_scope": "nonlocal_nonempty_only"}, "query_pins": 0, "resolution_freshness": {"basis_epoch": null, "complete": true, "completed_files": 0, "index_epoch": 11, "reason": null, "retry": null, "root_count": 0, "scope": "observed_resolution_invalidations", "status": "ready"}, "semantic_active_space": "ed440eb63afe9b72d2043bdbbaa18c076be5f64adfaf8f7451de21e639778e00", "semantic_failed": 0, "semantic_pending": 1, "semantic_state": "backfilling", "service_state_scope": "process_observed_separately", "spec": "retrieval-capabilities-v2"}, "observed_document_posts": 3, "outbox": [{"task_id": 1, "doc_key": "ab9caebcc2c76b7a68d17bad2bb1f0703df378a2373be3216ea9713410d31915", "doc_version": "bdf993ed479f1970e2c1305106fdbf130d6f7ba44614e73f7c60d816cf4280a2", "input_digest": "e38248b618d8aa8a7e180d843daa201798ccf1337f764fba21c58990a30dc41e", "space_id": "ed440eb63afe9b72d2043bdbbaa18c076be5f64adfaf8f7451de21e639778e00", "op": "embed", "state": "pending", "attempt_count": 1, "lease_token": null, "lease_expires_at": null, "claim_owner": null, "available_at": 1791435747.780032, "last_error": "provider server error", "created_at": "2026-10-08T05:01:57.777687550+00:00", "updated_at": "2026-10-08T05:01:57.780031919+00:00"}], "original_cache_removed": ["namespace-2325d3d04404941425eebf766dce289a3df63ca485d84d74f0af17c011128738/ed440eb63afe9b72d2043bdbbaa18c076be5f64adfaf8f7451de21e639778e00/95b65f67d78940edfb618e272ef7232f0fd12e96e8498a3dbfc6017ba1e8aed2/cf5b2884d98bb43c07ba71eef2c5c6dd0df7c3fee82eb6c3cda22ae79426b91a/cf5b2884d98bb43c07ba71eef2c5c6dd0df7c3fee82eb6c3cda22ae79426b91a.bin", "namespace-2325d3d04404941425eebf766dce289a3df63ca485d84d74f0af17c011128738/ed440eb63afe9b72d2043bdbbaa18c076be5f64adfaf8f7451de21e639778e00/9616603e6126c1e65ce81d432579ae0f8c3d974cbfd12d5569ad67365cd45181/cf5b2884d98bb43c07ba71eef2c5c6dd0df7c3fee82eb6c3cda22ae79426b91a/cf5b2884d98bb43c07ba71eef2c5c6dd0df7c3fee82eb6c3cda22ae79426b91a.bin"], "cache_after_gc": {}, "retry_at": 1791435747.780032}, {"sequence": 65, "kind": "phase", "unix_time": 1791435717.8619537, "monotonic": 567.380380404, "seed": 197, "phase": "unchanged_30_second_backoff", "started_at": 1791435717.8619516, "deadline": 1791435747.8300319}, {"sequence": 138, "kind": "real_deadline_elapsed", "unix_time": 1791435747.8301415, "monotonic": 597.348568649, "seed": 197, "phase": "unchanged_30_second_backoff", "started_at": 1791435717.8619516, "finished_at": 1791435747.830133, "deadline": 1791435747.8300319}, {"sequence": 151, "kind": "product_exit", "unix_time": 1791435747.8656676, "monotonic": 597.384094319, "session": "seed-197-warm-restart", "exit_code": -9, "requested_sigkill": true, "cleanup": false, "stderr_sha256": "d089d2ee501eb192a94ee2dddd9c21f6ba903b4ef25c9654c0bdcbfc9af491b2"}, {"sequence": 152, "kind": "phase", "unix_time": 1791435747.8657324, "monotonic": 597.384158784, "seed": 197, "phase": "real_lease_expiry_after_sigkill", "started_at": 1791435747.8657296, "deadline": 1791435749.8910806}, {"sequence": 154, "kind": "real_deadline_elapsed", "unix_time": 1791435749.8911996, "monotonic": 599.409626637, "seed": 197, "phase": "real_lease_expiry_after_sigkill", "started_at": 1791435747.8657296, "finished_at": 1791435749.891192, "deadline": 1791435749.8910806}, {"sequence": 189, "kind": "phase", "unix_time": 1791435750.0030675, "monotonic": 599.521493958, "seed": 197, "phase": "sigkill_lease_reclaimed_ready", "status": {"consistency": "point_in_time", "default_effective_strategy": "local", "default_query_state": "available_with_per_query_checks", "default_strategy": "local", "dense_desired": 1, "dense_published": 1, "dense_reason": null, "dense_state": "ready", "diagnostic_sources": {"build": "BuildExplain on index response", "graph": "GraphExplain on query response", "lanes": "evidence_summary.retrieval.lanes or lane_receipts", "packing": "evidence_summary.packing", "selection": "evidence_summary.selection", "semantic": "evidence_summary.retrieval.semantic (dense lane receipt projection)", "source": "evidence_summary.source_freshness"}, "execution": {"async_admitted": 0, "async_in_flight": 0, "async_limit": 8, "completed": 12, "cpu_admitted": 0, "cpu_in_flight": 0, "cpu_limit": 4, "queue_limit": 32, "rejected": 0}, "execution_scope": "process_shared_not_project_local", "generation": {"evidence_epoch": 1, "incarnation": [58, 67, 253, 231, 71, 149, 168, 72, 43, 194, 27, 96, 45, 13, 108, 211], "index_epoch": 11, "semantic_epoch": 2}, "generation_scope": "observed_database_snapshot", "identity_validation": "checked_at_observation_boundary", "index_state": "available", "local_state": "available", "pin_scope": "owned_query_views_including_inflight_clones_not_request_count", "query_coverage": {"scope": "per_query_not_global", "state": "not_measured"}, "query_encoding": {"configured_opt_in": false, "network_authorized": false, "reason": "query_network_opt_in_required", "request_scope": "nonlocal_nonempty_only"}, "query_pins": 0, "resolution_freshness": {"basis_epoch": null, "complete": true, "completed_files": 0, "index_epoch": 11, "reason": null, "retry": null, "root_count": 0, "scope": "observed_resolution_invalidations", "status": "ready"}, "semantic_active_space": "ed440eb63afe9b72d2043bdbbaa18c076be5f64adfaf8f7451de21e639778e00", "semantic_failed": 0, "semantic_pending": 0, "semantic_state": "ready", "service_state_scope": "process_observed_separately", "spec": "retrieval-capabilities-v2"}, "observed_document_posts": 5, "kill_time": 1791435747.8622909, "lease_deadline": 1791435749.8410807, "document_posts_delta": 1, "crash_attempt_billing": "unknown; response had not been consumed", "outbox": {"outbox": [{"task_id": 1, "doc_key": "ab9caebcc2c76b7a68d17bad2bb1f0703df378a2373be3216ea9713410d31915", "doc_version": "bdf993ed479f1970e2c1305106fdbf130d6f7ba44614e73f7c60d816cf4280a2", "input_digest": "e38248b618d8aa8a7e180d843daa201798ccf1337f764fba21c58990a30dc41e", "space_id": "ed440eb63afe9b72d2043bdbbaa18c076be5f64adfaf8f7451de21e639778e00", "op": "embed", "state": "done", "attempt_count": 3, "lease_token": "4f1c90154d9708f10ac9472a0727fefb", "lease_expires_at": 1791435751.9160366, "claim_owner": "post-index", "available_at": 1791435749.915337, "last_error": null, "created_at": "2026-10-08T05:01:57.777687550+00:00", "updated_at": "2026-10-08T05:02:29+00:00"}], "manifest": [{"doc_key": "ab9caebcc2c76b7a68d17bad2bb1f0703df378a2373be3216ea9713410d31915", "doc_version": "bdf993ed479f1970e2c1305106fdbf130d6f7ba44614e73f7c60d816cf4280a2", "file_path": "keep.rs", "encoding_key": "a9d63c93374872ffa7fc4eed0e2f8889a8275a51dc45ffdcda8a8ab5df1fdf9f", "input_digest": "e38248b618d8aa8a7e180d843daa201798ccf1337f764fba21c58990a30dc41e", "space_id": "ed440eb63afe9b72d2043bdbbaa18c076be5f64adfaf8f7451de21e639778e00", "artifact_ref": "cas.v1:2325d3d04404941425eebf766dce289a3df63ca485d84d74f0af17c011128738:ed440eb63afe9b72d2043bdbbaa18c076be5f64adfaf8f7451de21e639778e00:e38248b618d8aa8a7e180d843daa201798ccf1337f764fba21c58990a30dc41e:cf5b2884d98bb43c07ba71eef2c5c6dd0df7c3fee82eb6c3cda22ae79426b91a:c3e45a3480d5b57ee4201f473659669f83ccec77851a5243a927aafcd139f2f3", "published_at": "2026-10-08T05:02:29+00:00", "published_incarnation": "3a43fde74795a8482bc21b602d0d6cd3"}]}}, {"sequence": 190, "kind": "product_exit", "unix_time": 1791435750.0064273, "monotonic": 599.524854123, "session": "seed-197-crash-recovery", "exit_code": 0, "requested_sigkill": false, "cleanup": false, "stderr_sha256": "05b4053f3c0b530dc2de187981a39124f422d0e447c88373c527cc8ab58420f6"}, {"sequence": 222, "kind": "phase", "unix_time": 1791435750.1178691, "monotonic": 599.636295583, "seed": 197, "phase": "final_restart_cache_reuse_and_read_only_status", "status": {"consistency": "point_in_time", "default_effective_strategy": "local", "default_query_state": "available_with_per_query_checks", "default_strategy": "local", "dense_desired": 1, "dense_published": 1, "dense_reason": null, "dense_state": "ready", "diagnostic_sources": {"build": "BuildExplain on index response", "graph": "GraphExplain on query response", "lanes": "evidence_summary.retrieval.lanes or lane_receipts", "packing": "evidence_summary.packing", "selection": "evidence_summary.selection", "semantic": "evidence_summary.retrieval.semantic (dense lane receipt projection)", "source": "evidence_summary.source_freshness"}, "execution": {"async_admitted": 0, "async_in_flight": 0, "async_limit": 8, "completed": 12, "cpu_admitted": 0, "cpu_in_flight": 0, "cpu_limit": 4, "queue_limit": 32, "rejected": 0}, "execution_scope": "process_shared_not_project_local", "generation": {"evidence_epoch": 1, "incarnation": [58, 67, 253, 231, 71, 149, 168, 72, 43, 194, 27, 96, 45, 13, 108, 211], "index_epoch": 11, "semantic_epoch": 2}, "generation_scope": "observed_database_snapshot", "identity_validation": "checked_at_observation_boundary", "index_state": "available", "local_state": "available", "pin_scope": "owned_query_views_including_inflight_clones_not_request_count", "query_coverage": {"scope": "per_query_not_global", "state": "not_measured"}, "query_encoding": {"configured_opt_in": false, "network_authorized": false, "reason": "query_network_opt_in_required", "request_scope": "nonlocal_nonempty_only"}, "query_pins": 0, "resolution_freshness": {"basis_epoch": null, "complete": true, "completed_files": 0, "index_epoch": 11, "reason": null, "retry": null, "root_count": 0, "scope": "observed_resolution_invalidations", "status": "ready"}, "semantic_active_space": "ed440eb63afe9b72d2043bdbbaa18c076be5f64adfaf8f7451de21e639778e00", "semantic_failed": 0, "semantic_pending": 0, "semantic_state": "ready", "service_state_scope": "process_observed_separately", "spec": "retrieval-capabilities-v2"}, "observed_document_posts": 5, "document_posts_delta": 0, "cache": {"namespace-2325d3d04404941425eebf766dce289a3df63ca485d84d74f0af17c011128738/ed440eb63afe9b72d2043bdbbaa18c076be5f64adfaf8f7451de21e639778e00/e38248b618d8aa8a7e180d843daa201798ccf1337f764fba21c58990a30dc41e/cf5b2884d98bb43c07ba71eef2c5c6dd0df7c3fee82eb6c3cda22ae79426b91a/cf5b2884d98bb43c07ba71eef2c5c6dd0df7c3fee82eb6c3cda22ae79426b91a.bin": {"sha256": "434b26042aff3fb844a4c4c6be0d81a079b0ce84cfb8190679024404e5dc4822", "bytes": 8}}}, {"sequence": 223, "kind": "product_exit", "unix_time": 1791435750.12119, "monotonic": 599.639616951, "session": "seed-197-final-cache-reuse", "exit_code": 0, "requested_sigkill": false, "cleanup": false, "stderr_sha256": "2577c79565d22f32e74b7adafb9e27bbbaa5422f6360831afaed0cd33c52b5f9"}, {"sequence": 253, "kind": "phase", "unix_time": 1791435750.5334258, "monotonic": 600.05185239, "seed": 199, "phase": "initial_ready", "status": {"consistency": "point_in_time", "default_effective_strategy": "local", "default_query_state": "available_with_per_query_checks", "default_strategy": "local", "dense_desired": 2, "dense_published": 2, "dense_reason": null, "dense_state": "ready", "diagnostic_sources": {"build": "BuildExplain on index response", "graph": "GraphExplain on query response", "lanes": "evidence_summary.retrieval.lanes or lane_receipts", "packing": "evidence_summary.packing", "selection": "evidence_summary.selection", "semantic": "evidence_summary.retrieval.semantic (dense lane receipt projection)", "source": "evidence_summary.source_freshness"}, "execution": {"async_admitted": 0, "async_in_flight": 0, "async_limit": 8, "completed": 0, "cpu_admitted": 0, "cpu_in_flight": 0, "cpu_limit": 4, "queue_limit": 32, "rejected": 0}, "execution_scope": "process_shared_not_project_local", "generation": {"evidence_epoch": 0, "incarnation": [203, 186, 113, 93, 9, 209, 48, 235, 44, 118, 103, 148, 178, 71, 135, 32], "index_epoch": 6, "semantic_epoch": 3}, "generation_scope": "observed_database_snapshot", "identity_validation": "checked_at_observation_boundary", "index_state": "available", "local_state": "available", "pin_scope": "owned_query_views_including_inflight_clones_not_request_count", "query_coverage": {"scope": "per_query_not_global", "state": "not_measured"}, "query_encoding": {"configured_opt_in": false, "network_authorized": false, "reason": "query_network_opt_in_required", "request_scope": "nonlocal_nonempty_only"}, "query_pins": 0, "resolution_freshness": {"basis_epoch": null, "complete": true, "completed_files": 0, "index_epoch": 6, "reason": null, "retry": null, "root_count": 0, "scope": "observed_resolution_invalidations", "status": "ready"}, "semantic_active_space": "4a0340cd60e3c011169ec62e1e4a373376c6ce3c8e23e5b196ee77e71f914477", "semantic_failed": 0, "semantic_pending": 0, "semantic_state": "ready", "service_state_scope": "process_observed_separately", "spec": "retrieval-capabilities-v2"}, "observed_document_posts": 2, "cache": {"namespace-d2b61ba3911148c6fc9cd19e89b9cff3a86077b213beb307ba0734daa186cc80/4a0340cd60e3c011169ec62e1e4a373376c6ce3c8e23e5b196ee77e71f914477/4cb0c746822bd0dfb3b4c416fc94e60bd074bec40647bdaf3430a9ea97c50760/9392210a60af2437fd6f8c9991021c1d0ef10964fac50ade948bbbaa09f952f4/9392210a60af2437fd6f8c9991021c1d0ef10964fac50ade948bbbaa09f952f4.bin": {"sha256": "434b26042aff3fb844a4c4c6be0d81a079b0ce84cfb8190679024404e5dc4822", "bytes": 8}, "namespace-d2b61ba3911148c6fc9cd19e89b9cff3a86077b213beb307ba0734daa186cc80/4a0340cd60e3c011169ec62e1e4a373376c6ce3c8e23e5b196ee77e71f914477/72896e723dc4d0a856a4f38c8c11f1a8685036ee241114e8658a4e12a960605f/9392210a60af2437fd6f8c9991021c1d0ef10964fac50ade948bbbaa09f952f4/9392210a60af2437fd6f8c9991021c1d0ef10964fac50ade948bbbaa09f952f4.bin": {"sha256": "434b26042aff3fb844a4c4c6be0d81a079b0ce84cfb8190679024404e5dc4822", "bytes": 8}}}, {"sequence": 254, "kind": "product_exit", "unix_time": 1791435750.5488925, "monotonic": 600.067319329, "session": "seed-199-initial", "exit_code": 0, "requested_sigkill": false, "cleanup": false, "stderr_sha256": "becd3f3c63fe5f1445b4fec9f4d937f7acb115bef5ddb0b58ec50bce260150e3"}, {"sequence": 268, "kind": "phase", "unix_time": 1791435750.6250613, "monotonic": 600.143487876, "seed": 199, "phase": "clean_restart_zero_document_calls", "status": {"consistency": "point_in_time", "default_effective_strategy": "local", "default_query_state": "available_with_per_query_checks", "default_strategy": "local", "dense_desired": 2, "dense_published": 2, "dense_reason": null, "dense_state": "ready", "diagnostic_sources": {"build": "BuildExplain on index response", "graph": "GraphExplain on query response", "lanes": "evidence_summary.retrieval.lanes or lane_receipts", "packing": "evidence_summary.packing", "selection": "evidence_summary.selection", "semantic": "evidence_summary.retrieval.semantic (dense lane receipt projection)", "source": "evidence_summary.source_freshness"}, "execution": {"async_admitted": 0, "async_in_flight": 0, "async_limit": 8, "completed": 0, "cpu_admitted": 0, "cpu_in_flight": 0, "cpu_limit": 4, "queue_limit": 32, "rejected": 0}, "execution_scope": "process_shared_not_project_local", "generation": {"evidence_epoch": 0, "incarnation": [203, 186, 113, 93, 9, 209, 48, 235, 44, 118, 103, 148, 178, 71, 135, 32], "index_epoch": 6, "semantic_epoch": 3}, "generation_scope": "observed_database_snapshot", "identity_validation": "checked_at_observation_boundary", "index_state": "available", "local_state": "available", "pin_scope": "owned_query_views_including_inflight_clones_not_request_count", "query_coverage": {"scope": "per_query_not_global", "state": "not_measured"}, "query_encoding": {"configured_opt_in": false, "network_authorized": false, "reason": "query_network_opt_in_required", "request_scope": "nonlocal_nonempty_only"}, "query_pins": 0, "resolution_freshness": {"basis_epoch": null, "complete": true, "completed_files": 0, "index_epoch": 6, "reason": null, "retry": null, "root_count": 0, "scope": "observed_resolution_invalidations", "status": "ready"}, "semantic_active_space": "4a0340cd60e3c011169ec62e1e4a373376c6ce3c8e23e5b196ee77e71f914477", "semantic_failed": 0, "semantic_pending": 0, "semantic_state": "ready", "service_state_scope": "process_observed_separately", "spec": "retrieval-capabilities-v2"}, "observed_document_posts": 2, "document_posts_delta": 0}, {"sequence": 269, "kind": "phase", "unix_time": 1791435750.6251507, "monotonic": 600.143577388, "seed": 199, "phase": "age_real_cache", "started_at": 1791435750.6251488, "deadline": 1791435751.8251479}, {"sequence": 270, "kind": "real_deadline_elapsed", "unix_time": 1791435751.8252804, "monotonic": 601.343707848, "seed": 199, "phase": "age_real_cache", "started_at": 1791435750.6251488, "finished_at": 1791435751.825269, "deadline": 1791435751.8251479}, {"sequence": 288, "kind": "phase", "unix_time": 1791435752.0162108, "monotonic": 601.534637405, "seed": 199, "phase": "rebuild_delete_http500_pending_and_automatic_gc", "status": {"consistency": "point_in_time", "default_effective_strategy": "local", "default_query_state": "available_with_per_query_checks", "default_strategy": "local", "dense_desired": 1, "dense_published": 0, "dense_reason": "semantic_coverage_uncovered", "dense_state": "partial", "diagnostic_sources": {"build": "BuildExplain on index response", "graph": "GraphExplain on query response", "lanes": "evidence_summary.retrieval.lanes or lane_receipts", "packing": "evidence_summary.packing", "selection": "evidence_summary.selection", "semantic": "evidence_summary.retrieval.semantic (dense lane receipt projection)", "source": "evidence_summary.source_freshness"}, "execution": {"async_admitted": 0, "async_in_flight": 0, "async_limit": 8, "completed": 12, "cpu_admitted": 0, "cpu_in_flight": 0, "cpu_limit": 4, "queue_limit": 32, "rejected": 0}, "execution_scope": "process_shared_not_project_local", "generation": {"evidence_epoch": 1, "incarnation": [123, 119, 40, 205, 30, 97, 4, 132, 48, 217, 183, 187, 231, 234, 154, 185], "index_epoch": 11, "semantic_epoch": 1}, "generation_scope": "observed_database_snapshot", "identity_validation": "checked_at_observation_boundary", "index_state": "available", "local_state": "available", "pin_scope": "owned_query_views_including_inflight_clones_not_request_count", "query_coverage": {"scope": "per_query_not_global", "state": "not_measured"}, "query_encoding": {"configured_opt_in": false, "network_authorized": false, "reason": "query_network_opt_in_required", "request_scope": "nonlocal_nonempty_only"}, "query_pins": 0, "resolution_freshness": {"basis_epoch": null, "complete": true, "completed_files": 0, "index_epoch": 11, "reason": null, "retry": null, "root_count": 0, "scope": "observed_resolution_invalidations", "status": "ready"}, "semantic_active_space": "4a0340cd60e3c011169ec62e1e4a373376c6ce3c8e23e5b196ee77e71f914477", "semantic_failed": 0, "semantic_pending": 1, "semantic_state": "backfilling", "service_state_scope": "process_observed_separately", "spec": "retrieval-capabilities-v2"}, "observed_document_posts": 3, "outbox": [{"task_id": 1, "doc_key": "081b00733cb3e05dd1f895b4b7c07c652b895f2e89a8defc8eb1ca36402f102e", "doc_version": "c985adfd98df81c8be22eb994bc181e8049937e1e5127df7777ce4713a688f07", "input_digest": "0d2231fe16139874b5b678925568a0ead51def9b80822926fecfa761f3667f4d", "space_id": "4a0340cd60e3c011169ec62e1e4a373376c6ce3c8e23e5b196ee77e71f914477", "op": "embed", "state": "pending", "attempt_count": 1, "lease_token": null, "lease_expires_at": null, "claim_owner": null, "available_at": 1791435781.9341197, "last_error": "provider server error", "created_at": "2026-10-08T05:02:31.931730986+00:00", "updated_at": "2026-10-08T05:02:31.934119701+00:00"}], "original_cache_removed": ["namespace-d2b61ba3911148c6fc9cd19e89b9cff3a86077b213beb307ba0734daa186cc80/4a0340cd60e3c011169ec62e1e4a373376c6ce3c8e23e5b196ee77e71f914477/4cb0c746822bd0dfb3b4c416fc94e60bd074bec40647bdaf3430a9ea97c50760/9392210a60af2437fd6f8c9991021c1d0ef10964fac50ade948bbbaa09f952f4/9392210a60af2437fd6f8c9991021c1d0ef10964fac50ade948bbbaa09f952f4.bin", "namespace-d2b61ba3911148c6fc9cd19e89b9cff3a86077b213beb307ba0734daa186cc80/4a0340cd60e3c011169ec62e1e4a373376c6ce3c8e23e5b196ee77e71f914477/72896e723dc4d0a856a4f38c8c11f1a8685036ee241114e8658a4e12a960605f/9392210a60af2437fd6f8c9991021c1d0ef10964fac50ade948bbbaa09f952f4/9392210a60af2437fd6f8c9991021c1d0ef10964fac50ade948bbbaa09f952f4.bin"], "cache_after_gc": {}, "retry_at": 1791435781.9341197}, {"sequence": 289, "kind": "phase", "unix_time": 1791435752.0163128, "monotonic": 601.534739386, "seed": 199, "phase": "unchanged_30_second_backoff", "started_at": 1791435752.0163105, "deadline": 1791435781.9841197}, {"sequence": 362, "kind": "real_deadline_elapsed", "unix_time": 1791435781.9842463, "monotonic": 631.502673408, "seed": 199, "phase": "unchanged_30_second_backoff", "started_at": 1791435752.0163105, "finished_at": 1791435781.9842381, "deadline": 1791435781.9841197}, {"sequence": 375, "kind": "product_exit", "unix_time": 1791435782.0205984, "monotonic": 631.539025221, "session": "seed-199-warm-restart", "exit_code": -9, "requested_sigkill": true, "cleanup": false, "stderr_sha256": "3aaabea355a89170b4affddc03b5876ca9e8c47a66aa5cd7d6d332e8a6743122"}, {"sequence": 376, "kind": "phase", "unix_time": 1791435782.020667, "monotonic": 631.539093642, "seed": 199, "phase": "real_lease_expiry_after_sigkill", "started_at": 1791435782.0206637, "deadline": 1791435784.045896}, {"sequence": 378, "kind": "real_deadline_elapsed", "unix_time": 1791435784.0460095, "monotonic": 633.564436654, "seed": 199, "phase": "real_lease_expiry_after_sigkill", "started_at": 1791435782.0206637, "finished_at": 1791435784.0460017, "deadline": 1791435784.045896}, {"sequence": 413, "kind": "phase", "unix_time": 1791435784.156975, "monotonic": 633.675401698, "seed": 199, "phase": "sigkill_lease_reclaimed_ready", "status": {"consistency": "point_in_time", "default_effective_strategy": "local", "default_query_state": "available_with_per_query_checks", "default_strategy": "local", "dense_desired": 1, "dense_published": 1, "dense_reason": null, "dense_state": "ready", "diagnostic_sources": {"build": "BuildExplain on index response", "graph": "GraphExplain on query response", "lanes": "evidence_summary.retrieval.lanes or lane_receipts", "packing": "evidence_summary.packing", "selection": "evidence_summary.selection", "semantic": "evidence_summary.retrieval.semantic (dense lane receipt projection)", "source": "evidence_summary.source_freshness"}, "execution": {"async_admitted": 0, "async_in_flight": 0, "async_limit": 8, "completed": 12, "cpu_admitted": 0, "cpu_in_flight": 0, "cpu_limit": 4, "queue_limit": 32, "rejected": 0}, "execution_scope": "process_shared_not_project_local", "generation": {"evidence_epoch": 1, "incarnation": [123, 119, 40, 205, 30, 97, 4, 132, 48, 217, 183, 187, 231, 234, 154, 185], "index_epoch": 11, "semantic_epoch": 2}, "generation_scope": "observed_database_snapshot", "identity_validation": "checked_at_observation_boundary", "index_state": "available", "local_state": "available", "pin_scope": "owned_query_views_including_inflight_clones_not_request_count", "query_coverage": {"scope": "per_query_not_global", "state": "not_measured"}, "query_encoding": {"configured_opt_in": false, "network_authorized": false, "reason": "query_network_opt_in_required", "request_scope": "nonlocal_nonempty_only"}, "query_pins": 0, "resolution_freshness": {"basis_epoch": null, "complete": true, "completed_files": 0, "index_epoch": 11, "reason": null, "retry": null, "root_count": 0, "scope": "observed_resolution_invalidations", "status": "ready"}, "semantic_active_space": "4a0340cd60e3c011169ec62e1e4a373376c6ce3c8e23e5b196ee77e71f914477", "semantic_failed": 0, "semantic_pending": 0, "semantic_state": "ready", "service_state_scope": "process_observed_separately", "spec": "retrieval-capabilities-v2"}, "observed_document_posts": 5, "kill_time": 1791435782.0172863, "lease_deadline": 1791435783.995896, "document_posts_delta": 1, "crash_attempt_billing": "unknown; response had not been consumed", "outbox": {"outbox": [{"task_id": 1, "doc_key": "081b00733cb3e05dd1f895b4b7c07c652b895f2e89a8defc8eb1ca36402f102e", "doc_version": "c985adfd98df81c8be22eb994bc181e8049937e1e5127df7777ce4713a688f07", "input_digest": "0d2231fe16139874b5b678925568a0ead51def9b80822926fecfa761f3667f4d", "space_id": "4a0340cd60e3c011169ec62e1e4a373376c6ce3c8e23e5b196ee77e71f914477", "op": "embed", "state": "done", "attempt_count": 3, "lease_token": "58f91636fa25010d6ad929aadb1d6fb9", "lease_expires_at": 1791435786.0700817, "claim_owner": "post-index", "available_at": 1791435784.0693474, "last_error": null, "created_at": "2026-10-08T05:02:31.931730986+00:00", "updated_at": "2026-10-08T05:03:04+00:00"}], "manifest": [{"doc_key": "081b00733cb3e05dd1f895b4b7c07c652b895f2e89a8defc8eb1ca36402f102e", "doc_version": "c985adfd98df81c8be22eb994bc181e8049937e1e5127df7777ce4713a688f07", "file_path": "keep.rs", "encoding_key": "ea75602918e001a45fd13ed10d2428661f42e95d2af75c1f7b1108ecd74cc4eb", "input_digest": "0d2231fe16139874b5b678925568a0ead51def9b80822926fecfa761f3667f4d", "space_id": "4a0340cd60e3c011169ec62e1e4a373376c6ce3c8e23e5b196ee77e71f914477", "artifact_ref": "cas.v1:d2b61ba3911148c6fc9cd19e89b9cff3a86077b213beb307ba0734daa186cc80:4a0340cd60e3c011169ec62e1e4a373376c6ce3c8e23e5b196ee77e71f914477:0d2231fe16139874b5b678925568a0ead51def9b80822926fecfa761f3667f4d:9392210a60af2437fd6f8c9991021c1d0ef10964fac50ade948bbbaa09f952f4:c3e45a3480d5b57ee4201f473659669f83ccec77851a5243a927aafcd139f2f3", "published_at": "2026-10-08T05:03:04+00:00", "published_incarnation": "7b7728cd1e61048430d9b7bbe7ea9ab9"}]}}, {"sequence": 414, "kind": "product_exit", "unix_time": 1791435784.1644073, "monotonic": 633.682834029, "session": "seed-199-crash-recovery", "exit_code": 0, "requested_sigkill": false, "cleanup": false, "stderr_sha256": "a90349412eb22aa1eb60afcb8793ade11bd9302a0a55bdcc21aa1a92e88405b8"}, {"sequence": 446, "kind": "phase", "unix_time": 1791435784.2739422, "monotonic": 633.792368925, "seed": 199, "phase": "final_restart_cache_reuse_and_read_only_status", "status": {"consistency": "point_in_time", "default_effective_strategy": "local", "default_query_state": "available_with_per_query_checks", "default_strategy": "local", "dense_desired": 1, "dense_published": 1, "dense_reason": null, "dense_state": "ready", "diagnostic_sources": {"build": "BuildExplain on index response", "graph": "GraphExplain on query response", "lanes": "evidence_summary.retrieval.lanes or lane_receipts", "packing": "evidence_summary.packing", "selection": "evidence_summary.selection", "semantic": "evidence_summary.retrieval.semantic (dense lane receipt projection)", "source": "evidence_summary.source_freshness"}, "execution": {"async_admitted": 0, "async_in_flight": 0, "async_limit": 8, "completed": 12, "cpu_admitted": 0, "cpu_in_flight": 0, "cpu_limit": 4, "queue_limit": 32, "rejected": 0}, "execution_scope": "process_shared_not_project_local", "generation": {"evidence_epoch": 1, "incarnation": [123, 119, 40, 205, 30, 97, 4, 132, 48, 217, 183, 187, 231, 234, 154, 185], "index_epoch": 11, "semantic_epoch": 2}, "generation_scope": "observed_database_snapshot", "identity_validation": "checked_at_observation_boundary", "index_state": "available", "local_state": "available", "pin_scope": "owned_query_views_including_inflight_clones_not_request_count", "query_coverage": {"scope": "per_query_not_global", "state": "not_measured"}, "query_encoding": {"configured_opt_in": false, "network_authorized": false, "reason": "query_network_opt_in_required", "request_scope": "nonlocal_nonempty_only"}, "query_pins": 0, "resolution_freshness": {"basis_epoch": null, "complete": true, "completed_files": 0, "index_epoch": 11, "reason": null, "retry": null, "root_count": 0, "scope": "observed_resolution_invalidations", "status": "ready"}, "semantic_active_space": "4a0340cd60e3c011169ec62e1e4a373376c6ce3c8e23e5b196ee77e71f914477", "semantic_failed": 0, "semantic_pending": 0, "semantic_state": "ready", "service_state_scope": "process_observed_separately", "spec": "retrieval-capabilities-v2"}, "observed_document_posts": 5, "document_posts_delta": 0, "cache": {"namespace-d2b61ba3911148c6fc9cd19e89b9cff3a86077b213beb307ba0734daa186cc80/4a0340cd60e3c011169ec62e1e4a373376c6ce3c8e23e5b196ee77e71f914477/0d2231fe16139874b5b678925568a0ead51def9b80822926fecfa761f3667f4d/9392210a60af2437fd6f8c9991021c1d0ef10964fac50ade948bbbaa09f952f4/9392210a60af2437fd6f8c9991021c1d0ef10964fac50ade948bbbaa09f952f4.bin": {"sha256": "434b26042aff3fb844a4c4c6be0d81a079b0ce84cfb8190679024404e5dc4822", "bytes": 8}}}, {"sequence": 447, "kind": "product_exit", "unix_time": 1791435784.2772634, "monotonic": 633.795690053, "session": "seed-199-final-cache-reuse", "exit_code": 0, "requested_sigkill": false, "cleanup": false, "stderr_sha256": "1de1af9aa7ccf17bc0ce18c9c08fff9f38774bba6e5c037bfbecfa5736ecb715"}, {"sequence": 477, "kind": "phase", "unix_time": 1791435784.6870468, "monotonic": 634.205473338, "seed": 211, "phase": "initial_ready", "status": {"consistency": "point_in_time", "default_effective_strategy": "local", "default_query_state": "available_with_per_query_checks", "default_strategy": "local", "dense_desired": 2, "dense_published": 2, "dense_reason": null, "dense_state": "ready", "diagnostic_sources": {"build": "BuildExplain on index response", "graph": "GraphExplain on query response", "lanes": "evidence_summary.retrieval.lanes or lane_receipts", "packing": "evidence_summary.packing", "selection": "evidence_summary.selection", "semantic": "evidence_summary.retrieval.semantic (dense lane receipt projection)", "source": "evidence_summary.source_freshness"}, "execution": {"async_admitted": 0, "async_in_flight": 0, "async_limit": 8, "completed": 0, "cpu_admitted": 0, "cpu_in_flight": 0, "cpu_limit": 4, "queue_limit": 32, "rejected": 0}, "execution_scope": "process_shared_not_project_local", "generation": {"evidence_epoch": 0, "incarnation": [146, 111, 82, 13, 184, 29, 72, 67, 233, 55, 252, 184, 113, 53, 42, 3], "index_epoch": 6, "semantic_epoch": 3}, "generation_scope": "observed_database_snapshot", "identity_validation": "checked_at_observation_boundary", "index_state": "available", "local_state": "available", "pin_scope": "owned_query_views_including_inflight_clones_not_request_count", "query_coverage": {"scope": "per_query_not_global", "state": "not_measured"}, "query_encoding": {"configured_opt_in": false, "network_authorized": false, "reason": "query_network_opt_in_required", "request_scope": "nonlocal_nonempty_only"}, "query_pins": 0, "resolution_freshness": {"basis_epoch": null, "complete": true, "completed_files": 0, "index_epoch": 6, "reason": null, "retry": null, "root_count": 0, "scope": "observed_resolution_invalidations", "status": "ready"}, "semantic_active_space": "412a7cd90bedcbd65a5921b04ba43f51535c9f99edaa8e4e47f2d229002515db", "semantic_failed": 0, "semantic_pending": 0, "semantic_state": "ready", "service_state_scope": "process_observed_separately", "spec": "retrieval-capabilities-v2"}, "observed_document_posts": 2, "cache": {"namespace-6492eb82f2bcb5bccd1d5190366c27674575b8353fdb85219a4fe144ec0a22f1/412a7cd90bedcbd65a5921b04ba43f51535c9f99edaa8e4e47f2d229002515db/77044f1c187be6d151f89ca8183575512dee1e342fd34f801b25c953262131f9/6c81f6da2b29439e4203ecc19a3606edbd8421bce60f87ffc5902c77f1abf177/6c81f6da2b29439e4203ecc19a3606edbd8421bce60f87ffc5902c77f1abf177.bin": {"sha256": "434b26042aff3fb844a4c4c6be0d81a079b0ce84cfb8190679024404e5dc4822", "bytes": 8}, "namespace-6492eb82f2bcb5bccd1d5190366c27674575b8353fdb85219a4fe144ec0a22f1/412a7cd90bedcbd65a5921b04ba43f51535c9f99edaa8e4e47f2d229002515db/f0235d3867a63981ac5b6963fa532c0231c38997a045ee679ff4b0de9d5977f0/6c81f6da2b29439e4203ecc19a3606edbd8421bce60f87ffc5902c77f1abf177/6c81f6da2b29439e4203ecc19a3606edbd8421bce60f87ffc5902c77f1abf177.bin": {"sha256": "434b26042aff3fb844a4c4c6be0d81a079b0ce84cfb8190679024404e5dc4822", "bytes": 8}}}, {"sequence": 478, "kind": "product_exit", "unix_time": 1791435784.800822, "monotonic": 634.319249222, "session": "seed-211-initial", "exit_code": 0, "requested_sigkill": false, "cleanup": false, "stderr_sha256": "c32cdc3e9d7ca44c2cce0559686d588e16f5bccad89e203ab03137d6a67815e7"}, {"sequence": 492, "kind": "phase", "unix_time": 1791435784.8781376, "monotonic": 634.396564248, "seed": 211, "phase": "clean_restart_zero_document_calls", "status": {"consistency": "point_in_time", "default_effective_strategy": "local", "default_query_state": "available_with_per_query_checks", "default_strategy": "local", "dense_desired": 2, "dense_published": 2, "dense_reason": null, "dense_state": "ready", "diagnostic_sources": {"build": "BuildExplain on index response", "graph": "GraphExplain on query response", "lanes": "evidence_summary.retrieval.lanes or lane_receipts", "packing": "evidence_summary.packing", "selection": "evidence_summary.selection", "semantic": "evidence_summary.retrieval.semantic (dense lane receipt projection)", "source": "evidence_summary.source_freshness"}, "execution": {"async_admitted": 0, "async_in_flight": 0, "async_limit": 8, "completed": 0, "cpu_admitted": 0, "cpu_in_flight": 0, "cpu_limit": 4, "queue_limit": 32, "rejected": 0}, "execution_scope": "process_shared_not_project_local", "generation": {"evidence_epoch": 0, "incarnation": [146, 111, 82, 13, 184, 29, 72, 67, 233, 55, 252, 184, 113, 53, 42, 3], "index_epoch": 6, "semantic_epoch": 3}, "generation_scope": "observed_database_snapshot", "identity_validation": "checked_at_observation_boundary", "index_state": "available", "local_state": "available", "pin_scope": "owned_query_views_including_inflight_clones_not_request_count", "query_coverage": {"scope": "per_query_not_global", "state": "not_measured"}, "query_encoding": {"configured_opt_in": false, "network_authorized": false, "reason": "query_network_opt_in_required", "request_scope": "nonlocal_nonempty_only"}, "query_pins": 0, "resolution_freshness": {"basis_epoch": null, "complete": true, "completed_files": 0, "index_epoch": 6, "reason": null, "retry": null, "root_count": 0, "scope": "observed_resolution_invalidations", "status": "ready"}, "semantic_active_space": "412a7cd90bedcbd65a5921b04ba43f51535c9f99edaa8e4e47f2d229002515db", "semantic_failed": 0, "semantic_pending": 0, "semantic_state": "ready", "service_state_scope": "process_observed_separately", "spec": "retrieval-capabilities-v2"}, "observed_document_posts": 2, "document_posts_delta": 0}, {"sequence": 493, "kind": "phase", "unix_time": 1791435784.878231, "monotonic": 634.396657485, "seed": 211, "phase": "age_real_cache", "started_at": 1791435784.878229, "deadline": 1791435786.0782282}, {"sequence": 494, "kind": "real_deadline_elapsed", "unix_time": 1791435786.0783672, "monotonic": 635.5967944, "seed": 211, "phase": "age_real_cache", "started_at": 1791435784.878229, "finished_at": 1791435786.078356, "deadline": 1791435786.0782282}, {"sequence": 512, "kind": "phase", "unix_time": 1791435786.4483674, "monotonic": 635.966793898, "seed": 211, "phase": "rebuild_delete_http500_pending_and_automatic_gc", "status": {"consistency": "point_in_time", "default_effective_strategy": "local", "default_query_state": "available_with_per_query_checks", "default_strategy": "local", "dense_desired": 1, "dense_published": 0, "dense_reason": "semantic_coverage_uncovered", "dense_state": "partial", "diagnostic_sources": {"build": "BuildExplain on index response", "graph": "GraphExplain on query response", "lanes": "evidence_summary.retrieval.lanes or lane_receipts", "packing": "evidence_summary.packing", "selection": "evidence_summary.selection", "semantic": "evidence_summary.retrieval.semantic (dense lane receipt projection)", "source": "evidence_summary.source_freshness"}, "execution": {"async_admitted": 0, "async_in_flight": 0, "async_limit": 8, "completed": 12, "cpu_admitted": 0, "cpu_in_flight": 0, "cpu_limit": 4, "queue_limit": 32, "rejected": 0}, "execution_scope": "process_shared_not_project_local", "generation": {"evidence_epoch": 1, "incarnation": [133, 22, 205, 111, 91, 14, 170, 39, 34, 253, 35, 106, 173, 213, 36, 238], "index_epoch": 11, "semantic_epoch": 1}, "generation_scope": "observed_database_snapshot", "identity_validation": "checked_at_observation_boundary", "index_state": "available", "local_state": "available", "pin_scope": "owned_query_views_including_inflight_clones_not_request_count", "query_coverage": {"scope": "per_query_not_global", "state": "not_measured"}, "query_encoding": {"configured_opt_in": false, "network_authorized": false, "reason": "query_network_opt_in_required", "request_scope": "nonlocal_nonempty_only"}, "query_pins": 0, "resolution_freshness": {"basis_epoch": null, "complete": true, "completed_files": 0, "index_epoch": 11, "reason": null, "retry": null, "root_count": 0, "scope": "observed_resolution_invalidations", "status": "ready"}, "semantic_active_space": "412a7cd90bedcbd65a5921b04ba43f51535c9f99edaa8e4e47f2d229002515db", "semantic_failed": 0, "semantic_pending": 1, "semantic_state": "backfilling", "service_state_scope": "process_observed_separately", "spec": "retrieval-capabilities-v2"}, "observed_document_posts": 3, "outbox": [{"task_id": 1, "doc_key": "517c8b49c2f6906e42bb489084db1ac2fa2db51acb8382a4335152d361b513be", "doc_version": "d6a852d1fcce5946969bcd0f552bc5f04bd6c4bcfba5e4c76e1e133e3fdcc58d", "input_digest": "f632ee925c200c3e2dc2854134f06369e2f0694dafa796cead0f81468d7e68a7", "space_id": "412a7cd90bedcbd65a5921b04ba43f51535c9f99edaa8e4e47f2d229002515db", "op": "embed", "state": "pending", "attempt_count": 1, "lease_token": null, "lease_expires_at": null, "claim_owner": null, "available_at": 1791435816.365765, "last_error": "provider server error", "created_at": "2026-10-08T05:03:06.363395452+00:00", "updated_at": "2026-10-08T05:03:06.365765095+00:00"}], "original_cache_removed": ["namespace-6492eb82f2bcb5bccd1d5190366c27674575b8353fdb85219a4fe144ec0a22f1/412a7cd90bedcbd65a5921b04ba43f51535c9f99edaa8e4e47f2d229002515db/77044f1c187be6d151f89ca8183575512dee1e342fd34f801b25c953262131f9/6c81f6da2b29439e4203ecc19a3606edbd8421bce60f87ffc5902c77f1abf177/6c81f6da2b29439e4203ecc19a3606edbd8421bce60f87ffc5902c77f1abf177.bin", "namespace-6492eb82f2bcb5bccd1d5190366c27674575b8353fdb85219a4fe144ec0a22f1/412a7cd90bedcbd65a5921b04ba43f51535c9f99edaa8e4e47f2d229002515db/f0235d3867a63981ac5b6963fa532c0231c38997a045ee679ff4b0de9d5977f0/6c81f6da2b29439e4203ecc19a3606edbd8421bce60f87ffc5902c77f1abf177/6c81f6da2b29439e4203ecc19a3606edbd8421bce60f87ffc5902c77f1abf177.bin"], "cache_after_gc": {}, "retry_at": 1791435816.365765}, {"sequence": 513, "kind": "phase", "unix_time": 1791435786.4484613, "monotonic": 635.966887716, "seed": 211, "phase": "unchanged_30_second_backoff", "started_at": 1791435786.4484591, "deadline": 1791435816.415765}, {"sequence": 586, "kind": "real_deadline_elapsed", "unix_time": 1791435816.4158893, "monotonic": 665.934316302, "seed": 211, "phase": "unchanged_30_second_backoff", "started_at": 1791435786.4484591, "finished_at": 1791435816.415881, "deadline": 1791435816.415765}, {"sequence": 599, "kind": "product_exit", "unix_time": 1791435816.4513419, "monotonic": 665.969768617, "session": "seed-211-warm-restart", "exit_code": -9, "requested_sigkill": true, "cleanup": false, "stderr_sha256": "6cbc007e6a41f54caf6deff61060367976044cf51ad8d2bd19cfc95737c2319b"}, {"sequence": 600, "kind": "phase", "unix_time": 1791435816.4514039, "monotonic": 665.969830389, "seed": 211, "phase": "real_lease_expiry_after_sigkill", "started_at": 1791435816.451401, "deadline": 1791435818.4767234}, {"sequence": 602, "kind": "real_deadline_elapsed", "unix_time": 1791435818.4768379, "monotonic": 667.995264992, "seed": 211, "phase": "real_lease_expiry_after_sigkill", "started_at": 1791435816.451401, "finished_at": 1791435818.4768295, "deadline": 1791435818.4767234}, {"sequence": 637, "kind": "phase", "unix_time": 1791435818.588873, "monotonic": 668.107299487, "seed": 211, "phase": "sigkill_lease_reclaimed_ready", "status": {"consistency": "point_in_time", "default_effective_strategy": "local", "default_query_state": "available_with_per_query_checks", "default_strategy": "local", "dense_desired": 1, "dense_published": 1, "dense_reason": null, "dense_state": "ready", "diagnostic_sources": {"build": "BuildExplain on index response", "graph": "GraphExplain on query response", "lanes": "evidence_summary.retrieval.lanes or lane_receipts", "packing": "evidence_summary.packing", "selection": "evidence_summary.selection", "semantic": "evidence_summary.retrieval.semantic (dense lane receipt projection)", "source": "evidence_summary.source_freshness"}, "execution": {"async_admitted": 0, "async_in_flight": 0, "async_limit": 8, "completed": 12, "cpu_admitted": 0, "cpu_in_flight": 0, "cpu_limit": 4, "queue_limit": 32, "rejected": 0}, "execution_scope": "process_shared_not_project_local", "generation": {"evidence_epoch": 1, "incarnation": [133, 22, 205, 111, 91, 14, 170, 39, 34, 253, 35, 106, 173, 213, 36, 238], "index_epoch": 11, "semantic_epoch": 2}, "generation_scope": "observed_database_snapshot", "identity_validation": "checked_at_observation_boundary", "index_state": "available", "local_state": "available", "pin_scope": "owned_query_views_including_inflight_clones_not_request_count", "query_coverage": {"scope": "per_query_not_global", "state": "not_measured"}, "query_encoding": {"configured_opt_in": false, "network_authorized": false, "reason": "query_network_opt_in_required", "request_scope": "nonlocal_nonempty_only"}, "query_pins": 0, "resolution_freshness": {"basis_epoch": null, "complete": true, "completed_files": 0, "index_epoch": 11, "reason": null, "retry": null, "root_count": 0, "scope": "observed_resolution_invalidations", "status": "ready"}, "semantic_active_space": "412a7cd90bedcbd65a5921b04ba43f51535c9f99edaa8e4e47f2d229002515db", "semantic_failed": 0, "semantic_pending": 0, "semantic_state": "ready", "service_state_scope": "process_observed_separately", "spec": "retrieval-capabilities-v2"}, "observed_document_posts": 5, "kill_time": 1791435816.447955, "lease_deadline": 1791435818.4267235, "document_posts_delta": 1, "crash_attempt_billing": "unknown; response had not been consumed", "outbox": {"outbox": [{"task_id": 1, "doc_key": "517c8b49c2f6906e42bb489084db1ac2fa2db51acb8382a4335152d361b513be", "doc_version": "d6a852d1fcce5946969bcd0f552bc5f04bd6c4bcfba5e4c76e1e133e3fdcc58d", "input_digest": "f632ee925c200c3e2dc2854134f06369e2f0694dafa796cead0f81468d7e68a7", "space_id": "412a7cd90bedcbd65a5921b04ba43f51535c9f99edaa8e4e47f2d229002515db", "op": "embed", "state": "done", "attempt_count": 3, "lease_token": "3379a19fbb745b9a094e152227134bca", "lease_expires_at": 1791435820.5019763, "claim_owner": "post-index", "available_at": 1791435818.5012681, "last_error": null, "created_at": "2026-10-08T05:03:06.363395452+00:00", "updated_at": "2026-10-08T05:03:38+00:00"}], "manifest": [{"doc_key": "517c8b49c2f6906e42bb489084db1ac2fa2db51acb8382a4335152d361b513be", "doc_version": "d6a852d1fcce5946969bcd0f552bc5f04bd6c4bcfba5e4c76e1e133e3fdcc58d", "file_path": "keep.rs", "encoding_key": "6e8b3023315cc150ddc6b0c9b161794f69d756b73d1ec077ea44ae55b6a888f0", "input_digest": "f632ee925c200c3e2dc2854134f06369e2f0694dafa796cead0f81468d7e68a7", "space_id": "412a7cd90bedcbd65a5921b04ba43f51535c9f99edaa8e4e47f2d229002515db", "artifact_ref": "cas.v1:6492eb82f2bcb5bccd1d5190366c27674575b8353fdb85219a4fe144ec0a22f1:412a7cd90bedcbd65a5921b04ba43f51535c9f99edaa8e4e47f2d229002515db:f632ee925c200c3e2dc2854134f06369e2f0694dafa796cead0f81468d7e68a7:6c81f6da2b29439e4203ecc19a3606edbd8421bce60f87ffc5902c77f1abf177:c3e45a3480d5b57ee4201f473659669f83ccec77851a5243a927aafcd139f2f3", "published_at": "2026-10-08T05:03:38+00:00", "published_incarnation": "8516cd6f5b0eaa2722fd236aadd524ee"}]}}, {"sequence": 638, "kind": "product_exit", "unix_time": 1791435818.5962965, "monotonic": 668.114723186, "session": "seed-211-crash-recovery", "exit_code": 0, "requested_sigkill": false, "cleanup": false, "stderr_sha256": "3af215ba206d03bca55e39cb07c2aa76d7bfeff61cfa5cd23cb9788d39b71ff9"}, {"sequence": 670, "kind": "phase", "unix_time": 1791435818.7075071, "monotonic": 668.22593365, "seed": 211, "phase": "final_restart_cache_reuse_and_read_only_status", "status": {"consistency": "point_in_time", "default_effective_strategy": "local", "default_query_state": "available_with_per_query_checks", "default_strategy": "local", "dense_desired": 1, "dense_published": 1, "dense_reason": null, "dense_state": "ready", "diagnostic_sources": {"build": "BuildExplain on index response", "graph": "GraphExplain on query response", "lanes": "evidence_summary.retrieval.lanes or lane_receipts", "packing": "evidence_summary.packing", "selection": "evidence_summary.selection", "semantic": "evidence_summary.retrieval.semantic (dense lane receipt projection)", "source": "evidence_summary.source_freshness"}, "execution": {"async_admitted": 0, "async_in_flight": 0, "async_limit": 8, "completed": 12, "cpu_admitted": 0, "cpu_in_flight": 0, "cpu_limit": 4, "queue_limit": 32, "rejected": 0}, "execution_scope": "process_shared_not_project_local", "generation": {"evidence_epoch": 1, "incarnation": [133, 22, 205, 111, 91, 14, 170, 39, 34, 253, 35, 106, 173, 213, 36, 238], "index_epoch": 11, "semantic_epoch": 2}, "generation_scope": "observed_database_snapshot", "identity_validation": "checked_at_observation_boundary", "index_state": "available", "local_state": "available", "pin_scope": "owned_query_views_including_inflight_clones_not_request_count", "query_coverage": {"scope": "per_query_not_global", "state": "not_measured"}, "query_encoding": {"configured_opt_in": false, "network_authorized": false, "reason": "query_network_opt_in_required", "request_scope": "nonlocal_nonempty_only"}, "query_pins": 0, "resolution_freshness": {"basis_epoch": null, "complete": true, "completed_files": 0, "index_epoch": 11, "reason": null, "retry": null, "root_count": 0, "scope": "observed_resolution_invalidations", "status": "ready"}, "semantic_active_space": "412a7cd90bedcbd65a5921b04ba43f51535c9f99edaa8e4e47f2d229002515db", "semantic_failed": 0, "semantic_pending": 0, "semantic_state": "ready", "service_state_scope": "process_observed_separately", "spec": "retrieval-capabilities-v2"}, "observed_document_posts": 5, "document_posts_delta": 0, "cache": {"namespace-6492eb82f2bcb5bccd1d5190366c27674575b8353fdb85219a4fe144ec0a22f1/412a7cd90bedcbd65a5921b04ba43f51535c9f99edaa8e4e47f2d229002515db/f632ee925c200c3e2dc2854134f06369e2f0694dafa796cead0f81468d7e68a7/6c81f6da2b29439e4203ecc19a3606edbd8421bce60f87ffc5902c77f1abf177/6c81f6da2b29439e4203ecc19a3606edbd8421bce60f87ffc5902c77f1abf177.bin": {"sha256": "434b26042aff3fb844a4c4c6be0d81a079b0ce84cfb8190679024404e5dc4822", "bytes": 8}}}, {"sequence": 671, "kind": "product_exit", "unix_time": 1791435818.7149098, "monotonic": 668.233336422, "session": "seed-211-final-cache-reuse", "exit_code": 0, "requested_sigkill": false, "cleanup": false, "stderr_sha256": "fe22012d5041aa2f65ebe79e16ce0a809552911158a9cfbdf6190ec0fc196c7c"}], "semantic-fault-matrix.log:test_results": ["test result: ok. 236 passed; 0 failed; 1 ignored; 0 measured; 0 filtered out; finished in 0.66s", "test result: ok. 17 passed; 0 failed; 0 ignored; 0 measured; 0 filtered out; finished in 0.04s", "test result: ok. 1 passed; 0 failed; 0 ignored; 0 measured; 0 filtered out; finished in 0.68s", "test result: ok. 12 passed; 0 failed; 1 ignored; 0 measured; 0 filtered out; finished in 2.27s", "test result: ok. 1 passed; 0 failed; 1 ignored; 0 measured; 0 filtered out; finished in 46.25s", "test result: ok. 3 passed; 0 failed; 0 ignored; 0 measured; 0 filtered out; finished in 0.12s", "test result: ok. 5 passed; 0 failed; 0 ignored; 0 measured; 0 filtered out; finished in 0.13s", "test result: ok. 4 passed; 0 failed; 0 ignored; 0 measured; 0 filtered out; finished in 0.04s", "     Running tests/opportunistic_reclaim.rs (/home/runner/work/_temp/p7-closeout-target/debug/deps/opportunistic_reclaim-994d88719aac3932)", "test result: ok. 9 passed; 0 failed; 0 ignored; 0 measured; 0 filtered out; finished in 5.88s", "test result: ok. 7 passed; 0 failed; 0 ignored; 0 measured; 0 filtered out; finished in 0.03s", "test result: ok. 1 passed; 0 failed; 1 ignored; 0 measured; 0 filtered out; finished in 18.73s", "test result: ok. 1 passed; 0 failed; 1 ignored; 0 measured; 0 filtered out; finished in 12.54s", "test result: ok. 4 passed; 0 failed; 0 ignored; 0 measured; 0 filtered out; finished in 0.10s", "test result: ok. 17 passed; 0 failed; 0 ignored; 0 measured; 0 filtered out; finished in 0.00s", "test result: ok. 9 passed; 0 failed; 0 ignored; 0 measured; 0 filtered out; finished in 0.80s", "test result: ok. 3 passed; 0 failed; 0 ignored; 0 measured; 0 filtered out; finished in 0.44s", "test result: ok. 5 passed; 0 failed; 0 ignored; 0 measured; 0 filtered out; finished in 0.49s", "test result: ok. 6 passed; 0 failed; 0 ignored; 0 measured; 0 filtered out; finished in 0.25s", "test result: ok. 8 passed; 0 failed; 0 ignored; 0 measured; 0 filtered out; finished in 0.17s", "test result: ok. 6 passed; 0 failed; 0 ignored; 0 measured; 0 filtered out; finished in 0.85s", "test result: ok. 2 passed; 0 failed; 0 ignored; 0 measured; 0 filtered out; finished in 0.12s", "test result: ok. 1 passed; 0 failed; 1 ignored; 0 measured; 0 filtered out; finished in 20.02s"], "db-rebuild-faults.log:test_results": ["test result: ok. 191 passed; 0 failed; 2 ignored; 0 measured; 0 filtered out; finished in 32.40s"], "http-runtime.log:test_results": ["test result: ok. 1 passed; 0 failed; 0 ignored; 0 measured; 352 filtered out; finished in 0.14s", "test result: ok. 1 passed; 0 failed; 0 ignored; 0 measured; 352 filtered out; finished in 0.38s", "test result: ok. 1 passed; 0 failed; 0 ignored; 0 measured; 352 filtered out; finished in 0.00s", "test result: ok. 1 passed; 0 failed; 0 ignored; 0 measured; 352 filtered out; finished in 1.75s", "test result: ok. 1 passed; 0 failed; 0 ignored; 0 measured; 352 filtered out; finished in 0.44s", "test result: ok. 1 passed; 0 failed; 0 ignored; 0 measured; 352 filtered out; finished in 0.00s", "test result: ok. 1 passed; 0 failed; 0 ignored; 0 measured; 352 filtered out; finished in 0.03s", "test result: ok. 1 passed; 0 failed; 0 ignored; 0 measured; 352 filtered out; finished in 0.61s", "test result: ok. 1 passed; 0 failed; 0 ignored; 0 measured; 352 filtered out; finished in 0.78s", "test result: ok. 1 passed; 0 failed; 0 ignored; 0 measured; 352 filtered out; finished in 1.12s", "test result: ok. 1 passed; 0 failed; 0 ignored; 0 measured; 352 filtered out; finished in 0.55s", "test result: ok. 340 passed; 0 failed; 13 ignored; 0 measured; 0 filtered out; finished in 29.03s"]}, {"kind": "offline-default", "artifact_id": 11529447454, "archive_sha256": "21e15185fc7e0fe917d1253a283026b20e69266fcd75768cff0f2012632aef68", "archive_bytes": 141787552, "member_count": 2093, "expanded_bytes": 603069524, "semantic_acceptance": "not_granted; inventory only", "runner-source-before.json": {"input_count": 795, "manifest_sha256": "5b0f2f129500327a23a44a10b8f4530db6260273481698c9bb5c7cbe65fbc114", "source_commit": "ffdc6f0f97db78cc25a6c026904e7c2adde05d14", "source_tree": "9e59b41540eb3769e9ca0a787c9ed60441259d20"}}, {"kind": "offline-semantic", "artifact_id": 11528648875, "archive_sha256": "59f151919b95508017da6aca062d7be46a5c40b65cd87fae26e070707b6389d5", "archive_bytes": 18306424, "member_count": 164, "expanded_bytes": 77163785, "semantic_acceptance": "not_granted; inventory only", "runner-source-before.json": {"input_count": 795, "manifest_sha256": "5b0f2f129500327a23a44a10b8f4530db6260273481698c9bb5c7cbe65fbc114", "source_commit": "ffdc6f0f97db78cc25a6c026904e7c2adde05d14", "source_tree": "9e59b41540eb3769e9ca0a787c9ed60441259d20"}}], "task_ledger_changed": false, "acceptance": "not_granted; fixed bytes and inventory only"}
2026-10-08T05:13:50.1270995Z ##[group]Run actions/upload-artifact@v4
2026-10-08T05:13:50.1271165Z with:
2026-10-08T05:13:50.1271356Z   name: p7-ffdc-audit-preflight-6b8641ac7631469f27bf8378a406f5737f919416
2026-10-08T05:13:50.1271608Z   path: /home/runner/work/_temp/p7-audit-preflight
2026-10-08T05:13:50.1271793Z   if-no-files-found: error
2026-10-08T05:13:50.1271929Z   compression-level: 6
2026-10-08T05:13:50.1272050Z   overwrite: false
2026-10-08T05:13:50.1272173Z   include-hidden-files: false
2026-10-08T05:13:50.1272323Z env:
2026-10-08T05:13:50.1272453Z   PYTHONDONTWRITEBYTECODE: 1
2026-10-08T05:13:50.1272594Z   PYTHONOPTIMIZE: 0
2026-10-08T05:13:50.1272712Z ##[endgroup]
2026-10-08T05:13:50.2370191Z (node:2090) [DEP0040] DeprecationWarning: The `punycode` module is deprecated. Please use a userland alternative instead.
2026-10-08T05:13:50.2370883Z (Use `node --trace-deprecation ...` to show where the warning was created)
2026-10-08T05:13:50.2412919Z With the provided path, there will be 11 files uploaded
2026-10-08T05:13:50.2415899Z Artifact name is valid!
2026-10-08T05:13:50.2416264Z Root directory input is valid!
2026-10-08T05:13:50.6016349Z Beginning upload of artifact content to blob storage
2026-10-08T05:13:50.6437923Z (node:2090) [DEP0169] DeprecationWarning: `url.parse()` behavior is not standardized and prone to errors that have security implications. Use the WHATWG URL API instead. CVEs are not issued for `url.parse()` vulnerabilities.
2026-10-08T05:13:51.2378448Z Uploaded bytes 356130
2026-10-08T05:13:51.3184566Z Finished uploading artifact content to blob storage!
2026-10-08T05:13:51.3185108Z SHA256 digest of uploaded artifact zip is 53ff6be3ed8f6ca6ba8fb5e426ee3597f2610fa08a643ab2e10fc5fae77f5c38
2026-10-08T05:13:51.3186015Z Finalizing artifact upload
2026-10-08T05:13:51.5874405Z Artifact p7-ffdc-audit-preflight-6b8641ac7631469f27bf8378a406f5737f919416.zip successfully finalized. Artifact ID 11529539565
2026-10-08T05:13:51.5875447Z Artifact p7-ffdc-audit-preflight-6b8641ac7631469f27bf8378a406f5737f919416 has been successfully uploaded! Final size is 356130 bytes. Artifact ID is 11529539565
2026-10-08T05:13:51.5878930Z Artifact download URL: https://github.com/jyqj/codecortex/actions/runs/37731271464/artifacts/11529539565
2026-10-08T05:13:51.6040810Z Post job cleanup.
2026-10-08T05:13:51.6577971Z [command]/usr/bin/git version
2026-10-08T05:13:51.6606501Z git version 2.55.0
2026-10-08T05:13:51.6628348Z Temporarily overriding HOME='/home/runner/work/_temp/c620f465-7079-4824-8e8f-1d7dec50d844' before making global git config changes
2026-10-08T05:13:51.6629103Z Adding repository directory to the temporary git global config as a safe directory
2026-10-08T05:13:51.6632153Z [command]/usr/bin/git config --global --add safe.directory /home/runner/work/codecortex/codecortex
2026-10-08T05:13:51.6663518Z [command]/usr/bin/git config --local --name-only --get-regexp core\.sshCommand
2026-10-08T05:13:51.6704053Z [command]/usr/bin/git submodule foreach --recursive sh -c "git config --local --name-only --get-regexp 'core\.sshCommand' && git config --local --unset-all 'core.sshCommand' || :"
2026-10-08T05:13:51.6896596Z [command]/usr/bin/git config --local --name-only --get-regexp http\.https\:\/\/github\.com\/\.extraheader
2026-10-08T05:13:51.6919188Z http.https://github.com/.extraheader
2026-10-08T05:13:51.6926693Z [command]/usr/bin/git config --local --unset-all http.https://github.com/.extraheader
2026-10-08T05:13:51.6966440Z [command]/usr/bin/git submodule foreach --recursive sh -c "git config --local --name-only --get-regexp 'http\.https\:\/\/github\.com\/\.extraheader' && git config --local --unset-all 'http.https://github.com/.extraheader' || :"
2026-10-08T05:13:51.7318155Z [command]/usr/bin/git config --local --name-only --get-regexp ^includeIf\.gitdir:
2026-10-08T05:13:51.7341804Z [command]/usr/bin/git submodule foreach --recursive git config --local --show-origin --name-only --get-regexp remote.origin.url
2026-10-08T05:13:51.7949041Z Cleaning up orphan processes
2026-10-08T05:13:51.8172007Z ##[warning]Node.js 20 is deprecated. The following actions target Node.js 20 but are being forced to run on Node.js 24: actions/checkout@v4, actions/upload-artifact@v4. For more information see: https://github.blog/changelog/2025-09-19-deprecation-of-node-20-on-github-actions-runners/
