2026-10-09T02:13:56.4386239Z Current runner version: '2.337.0'
2026-10-09T02:13:56.4411180Z ##[group]Runner Image Provisioner
2026-10-09T02:13:56.4412220Z Hosted Compute Agent
2026-10-09T02:13:56.4412914Z Version: 20261002.596
2026-10-09T02:13:56.4413617Z Commit: c3d12f3313a95f25162a1503be624f3b0617f8c0
2026-10-09T02:13:56.4414771Z Build Date: 2026-10-02T22:28:27Z
2026-10-09T02:13:56.4415537Z Worker ID: {94ef1a7a-2aca-437a-b8a6-d2708fdc546c}
2026-10-09T02:13:56.4416384Z Region: westus2
2026-10-09T02:13:56.4416957Z Cloud: Azure
2026-10-09T02:13:56.4417516Z ##[endgroup]
2026-10-09T02:13:56.4419050Z ##[group]Operating System
2026-10-09T02:13:56.4419695Z Ubuntu
2026-10-09T02:13:56.4420238Z 24.04.5
2026-10-09T02:13:56.4420854Z LTS
2026-10-09T02:13:56.4421377Z ##[endgroup]
2026-10-09T02:13:56.4422015Z ##[group]Runner Image
2026-10-09T02:13:56.4422639Z Image: ubuntu-24.04
2026-10-09T02:13:56.4423226Z Version: 20261004.327.1
2026-10-09T02:13:56.4424827Z Included Software: https://github.com/actions/runner-images/blob/ubuntu24/20261004.327/images/ubuntu/Ubuntu2404-Readme.md
2026-10-09T02:13:56.4426478Z Image Release: https://github.com/actions/runner-images/releases/tag/ubuntu24%2F20261004.327
2026-10-09T02:13:56.4427482Z ##[endgroup]
2026-10-09T02:13:56.4428641Z ##[group]GITHUB_TOKEN Permissions
2026-10-09T02:13:56.4430563Z Contents: read
2026-10-09T02:13:56.4431159Z Metadata: read
2026-10-09T02:13:56.4431824Z ##[endgroup]
2026-10-09T02:13:56.4433924Z Secret source: Actions
2026-10-09T02:13:56.4435521Z Cache mode: write
2026-10-09T02:13:56.4436356Z Prepare workflow directory
2026-10-09T02:13:56.4839382Z Prepare all required actions
2026-10-09T02:13:56.4888254Z Getting action download info
2026-10-09T02:13:56.8656864Z Download action repository 'actions/checkout@v4' (SHA:11d5960a326750d5838078e36cf38b85af677262)
2026-10-09T02:13:56.9745030Z Download action repository 'dtolnay/rust-toolchain@1.95.0' (SHA:1d64bbcee8ef0c191a54710c227fd268a0d5014b)
2026-10-09T02:13:57.1304804Z Download action repository 'actions/upload-artifact@v4' (SHA:ea165f8d65b6e75b540449e92b4886f43607fa02)
2026-10-09T02:13:57.3717658Z Complete job name: lifecycle
2026-10-09T02:13:57.4527548Z ##[group]Run actions/checkout@v4
2026-10-09T02:13:57.4528418Z with:
2026-10-09T02:13:57.4528881Z   ref: a23bb72d3c954f385b99fe81ce9189885c208557
2026-10-09T02:13:57.4529460Z   fetch-depth: 0
2026-10-09T02:13:57.4529909Z   repository: jyqj/codecortex
2026-10-09T02:13:57.4533525Z   token: ***
2026-10-09T02:13:57.4533954Z   ssh-strict: true
2026-10-09T02:13:57.4534591Z   ssh-user: git
2026-10-09T02:13:57.4535035Z   persist-credentials: true
2026-10-09T02:13:57.4535516Z   clean: true
2026-10-09T02:13:57.4535947Z   sparse-checkout-cone-mode: true
2026-10-09T02:13:57.4536448Z   fetch-tags: false
2026-10-09T02:13:57.4536884Z   show-progress: true
2026-10-09T02:13:57.4537316Z   lfs: false
2026-10-09T02:13:57.4537714Z   submodules: false
2026-10-09T02:13:57.4538145Z   set-safe-directory: true
2026-10-09T02:13:57.4538640Z   allow-unsafe-pr-checkout: false
2026-10-09T02:13:57.4539404Z env:
2026-10-09T02:13:57.4539822Z   CARGO_BUILD_JOBS: 2
2026-10-09T02:13:57.4540257Z   RUSTC_WRAPPER: 
2026-10-09T02:13:57.4540720Z   RUSTC_WORKSPACE_WRAPPER: 
2026-10-09T02:13:57.4541185Z ##[endgroup]
2026-10-09T02:13:57.5620093Z Syncing repository: jyqj/codecortex
2026-10-09T02:13:57.5622608Z ##[group]Getting Git version info
2026-10-09T02:13:57.5623394Z Working directory is '/home/runner/work/codecortex/codecortex'
2026-10-09T02:13:57.5624784Z [command]/usr/bin/git version
2026-10-09T02:13:57.5702119Z git version 2.55.0
2026-10-09T02:13:57.5723343Z ##[endgroup]
2026-10-09T02:13:57.5737757Z Temporarily overriding HOME='/home/runner/work/_temp/391d2e0b-483c-4d11-abab-089614d47095' before making global git config changes
2026-10-09T02:13:57.5739894Z Adding repository directory to the temporary git global config as a safe directory
2026-10-09T02:13:57.5742998Z [command]/usr/bin/git config --global --add safe.directory /home/runner/work/codecortex/codecortex
2026-10-09T02:13:57.5794424Z Deleting the contents of '/home/runner/work/codecortex/codecortex'
2026-10-09T02:13:57.5798850Z ##[group]Initializing the repository
2026-10-09T02:13:57.5803696Z [command]/usr/bin/git init /home/runner/work/codecortex/codecortex
2026-10-09T02:13:57.5897273Z hint: Using 'master' as the name for the initial branch. This default branch name
2026-10-09T02:13:57.5898413Z hint: will change to "main" in Git 3.0. To configure the initial branch name
2026-10-09T02:13:57.5899719Z hint: to use in all of your new repositories, which will suppress this warning,
2026-10-09T02:13:57.5900829Z hint: call:
2026-10-09T02:13:57.5901441Z hint:
2026-10-09T02:13:57.5902414Z hint: 	git config --global init.defaultBranch <name>
2026-10-09T02:13:57.5903592Z hint:
2026-10-09T02:13:57.5905021Z hint: Names commonly chosen instead of 'master' are 'main', 'trunk' and
2026-10-09T02:13:57.5906742Z hint: 'development'. The just-created branch can be renamed via this command:
2026-10-09T02:13:57.5908125Z hint:
2026-10-09T02:13:57.5908879Z hint: 	git branch -m <name>
2026-10-09T02:13:57.5909793Z hint:
2026-10-09T02:13:57.5910899Z hint: Disable this message with "git config set advice.defaultBranchName false"
2026-10-09T02:13:57.5912816Z Initialized empty Git repository in /home/runner/work/codecortex/codecortex/.git/
2026-10-09T02:13:57.5916222Z [command]/usr/bin/git remote add origin https://github.com/jyqj/codecortex
2026-10-09T02:13:57.5960013Z ##[endgroup]
2026-10-09T02:13:57.5961430Z ##[group]Disabling automatic garbage collection
2026-10-09T02:13:57.5964776Z [command]/usr/bin/git config --local gc.auto 0
2026-10-09T02:13:57.5995736Z ##[endgroup]
2026-10-09T02:13:57.5997178Z ##[group]Setting up auth
2026-10-09T02:13:57.6003484Z [command]/usr/bin/git config --local --name-only --get-regexp core\.sshCommand
2026-10-09T02:13:57.6036786Z [command]/usr/bin/git submodule foreach --recursive sh -c "git config --local --name-only --get-regexp 'core\.sshCommand' && git config --local --unset-all 'core.sshCommand' || :"
2026-10-09T02:13:57.6367024Z [command]/usr/bin/git config --local --name-only --get-regexp http\.https\:\/\/github\.com\/\.extraheader
2026-10-09T02:13:57.6398212Z [command]/usr/bin/git submodule foreach --recursive sh -c "git config --local --name-only --get-regexp 'http\.https\:\/\/github\.com\/\.extraheader' && git config --local --unset-all 'http.https://github.com/.extraheader' || :"
2026-10-09T02:13:57.6617927Z [command]/usr/bin/git config --local --name-only --get-regexp ^includeIf\.gitdir:
2026-10-09T02:13:57.6649516Z [command]/usr/bin/git submodule foreach --recursive git config --local --show-origin --name-only --get-regexp remote.origin.url
2026-10-09T02:13:57.6872139Z [command]/usr/bin/git config --local http.https://github.com/.extraheader AUTHORIZATION: basic ***
2026-10-09T02:13:57.6909086Z ##[endgroup]
2026-10-09T02:13:57.6910037Z ##[group]Fetching the repository
2026-10-09T02:13:57.6918750Z [command]/usr/bin/git -c protocol.version=2 fetch --prune --no-recurse-submodules origin +refs/heads/*:refs/remotes/origin/* +refs/tags/*:refs/tags/*
2026-10-09T02:14:10.5642060Z From https://github.com/jyqj/codecortex
2026-10-09T02:14:10.5645237Z  * [new branch]        audit/public-dev-kind-review-20261003 -> origin/audit/public-dev-kind-review-20261003
2026-10-09T02:14:10.5648919Z  * [new branch]        audit/public-dev-pygo-v2-independent-20261003 -> origin/audit/public-dev-pygo-v2-independent-20261003
2026-10-09T02:14:10.5652402Z  * [new branch]        audit/v19-development-baseline -> origin/audit/v19-development-baseline
2026-10-09T02:14:10.5655909Z  * [new branch]        audit/v19-four-repo-dev-admission -> origin/audit/v19-four-repo-dev-admission
2026-10-09T02:14:10.5659240Z  * [new branch]        audit/v19-gin-dev-admission -> origin/audit/v19-gin-dev-admission
2026-10-09T02:14:10.5665361Z  * [new branch]        audit/v19-global-protocol -> origin/audit/v19-global-protocol
2026-10-09T02:14:10.5667633Z  * [new branch]        audit/v19-public-corpus-readiness -> origin/audit/v19-public-corpus-readiness
2026-10-09T02:14:10.5670158Z  * [new branch]        audit/v19-public-index-failure-diagnosis -> origin/audit/v19-public-index-failure-diagnosis
2026-10-09T02:14:10.5673065Z  * [new branch]        audit/v19-two-repo-admission -> origin/audit/v19-two-repo-admission
2026-10-09T02:14:10.5676598Z  * [new branch]        audit/v24-failure-triage-20261003 -> origin/audit/v24-failure-triage-20261003
2026-10-09T02:14:10.5680619Z  * [new branch]        backfill-phase-costs-v2-20261003 -> origin/backfill-phase-costs-v2-20261003
2026-10-09T02:14:10.5685519Z  * [new branch]        candidate/integrate-gate-parallel-retry-20261003 -> origin/candidate/integrate-gate-parallel-retry-20261003
2026-10-09T02:14:10.5691068Z  * [new branch]        candidate/integrate-startup-gate-parallel-retry-20261003 -> origin/candidate/integrate-startup-gate-parallel-retry-20261003
2026-10-09T02:14:10.5695610Z  * [new branch]        candidate/pr123-attempt-pipeline -> origin/candidate/pr123-attempt-pipeline
2026-10-09T02:14:10.5699019Z  * [new branch]        capability-snapshot-optimization-20261003 -> origin/capability-snapshot-optimization-20261003
2026-10-09T02:14:10.5703386Z  * [new branch]        cloud/cc-search-budget-diagnostic -> origin/cloud/cc-search-budget-diagnostic
2026-10-09T02:14:10.5707691Z  * [new branch]        codecortex-source-registry-v6-20261006-r1 -> origin/codecortex-source-registry-v6-20261006-r1
2026-10-09T02:14:10.5710880Z  * [new branch]        codex/bounded-db-publication -> origin/codex/bounded-db-publication
2026-10-09T02:14:10.5713765Z  * [new branch]        codex/cloud-cache-key-review -> origin/codex/cloud-cache-key-review
2026-10-09T02:14:10.5716882Z  * [new branch]        codex/cloud-cross-build-validation -> origin/codex/cloud-cross-build-validation
2026-10-09T02:14:10.5719965Z  * [new branch]        codex/cloud-dependency-security -> origin/codex/cloud-dependency-security
2026-10-09T02:14:10.5722771Z  * [new branch]        codex/cloud-express-dev-review -> origin/codex/cloud-express-dev-review
2026-10-09T02:14:10.5725952Z  * [new branch]        codex/cloud-express-repair-review -> origin/codex/cloud-express-repair-review
2026-10-09T02:14:10.5728899Z  * [new branch]        codex/cloud-gin-dev-review -> origin/codex/cloud-gin-dev-review
2026-10-09T02:14:10.5731455Z  * [new branch]        codex/cloud-gin-repair-review -> origin/codex/cloud-gin-repair-review
2026-10-09T02:14:10.5734528Z  * [new branch]        codex/cloud-index-fix-integration -> origin/codex/cloud-index-fix-integration
2026-10-09T02:14:10.5737547Z  * [new branch]        codex/cloud-p0-corpus-lock-repair -> origin/codex/cloud-p0-corpus-lock-repair
2026-10-09T02:14:10.5740729Z  * [new branch]        codex/cloud-p0-gold-bounded-audit -> origin/codex/cloud-p0-gold-bounded-audit
2026-10-09T02:14:10.5743815Z  * [new branch]        codex/cloud-p7-014-integration -> origin/codex/cloud-p7-014-integration
2026-10-09T02:14:10.5746979Z  * [new branch]        codex/cloud-p7-014-lifecycle -> origin/codex/cloud-p7-014-lifecycle
2026-10-09T02:14:10.5749843Z  * [new branch]        codex/cloud-p7-baseline-diagnosis -> origin/codex/cloud-p7-baseline-diagnosis
2026-10-09T02:14:10.5753208Z  * [new branch]        codex/cloud-p7-cache-identity-review -> origin/codex/cloud-p7-cache-identity-review
2026-10-09T02:14:10.5757265Z  * [new branch]        codex/cloud-p7-contention-validation -> origin/codex/cloud-p7-contention-validation
2026-10-09T02:14:10.5760870Z  * [new branch]        codex/cloud-p7-crash-preparation -> origin/codex/cloud-p7-crash-preparation
2026-10-09T02:14:10.5764855Z  * [new branch]        codex/cloud-p7-empty-test-independent-review -> origin/codex/cloud-p7-empty-test-independent-review
2026-10-09T02:14:10.5768535Z  * [new branch]        codex/cloud-p7-empty-test-population -> origin/codex/cloud-p7-empty-test-population
2026-10-09T02:14:10.5771898Z  * [new branch]        codex/cloud-p7-fixture-marker-publication -> origin/codex/cloud-p7-fixture-marker-publication
2026-10-09T02:14:10.5775452Z  * [new branch]        codex/cloud-p7-formal-gate-scope -> origin/codex/cloud-p7-formal-gate-scope
2026-10-09T02:14:10.5778151Z  * [new branch]        codex/cloud-p7-integration -> origin/codex/cloud-p7-integration
2026-10-09T02:14:10.5781223Z  * [new branch]        codex/cloud-p7-integration-format -> origin/codex/cloud-p7-integration-format
2026-10-09T02:14:10.5784829Z  * [new branch]        codex/cloud-p7-integration-review-base -> origin/codex/cloud-p7-integration-review-base
2026-10-09T02:14:10.5788143Z  * [new branch]        codex/cloud-p7-lifecycle-fences -> origin/codex/cloud-p7-lifecycle-fences
2026-10-09T02:14:10.5791360Z  * [new branch]        codex/cloud-p7-model-transition -> origin/codex/cloud-p7-model-transition
2026-10-09T02:14:10.5795054Z  * [new branch]        codex/cloud-p7-query-encoding-service -> origin/codex/cloud-p7-query-encoding-service
2026-10-09T02:14:10.5798356Z  * [new branch]        codex/cloud-p7-query-optin-integration -> origin/codex/cloud-p7-query-optin-integration
2026-10-09T02:14:10.5801513Z  * [new branch]        codex/cloud-p7-query-production -> origin/codex/cloud-p7-query-production
2026-10-09T02:14:10.5804724Z  * [new branch]        codex/cloud-p7-recovery-integration -> origin/codex/cloud-p7-recovery-integration
2026-10-09T02:14:10.5808342Z  * [new branch]        codex/cloud-p7-recovery-lifecycle-review-base -> origin/codex/cloud-p7-recovery-lifecycle-review-base
2026-10-09T02:14:10.5812104Z  * [new branch]        codex/cloud-p7-recovery-query-cache-review-base -> origin/codex/cloud-p7-recovery-query-cache-review-base
2026-10-09T02:14:10.5816919Z  * [new branch]        codex/cloud-p7-recovery-retry-review-base -> origin/codex/cloud-p7-recovery-retry-review-base
2026-10-09T02:14:10.5820408Z  * [new branch]        codex/cloud-p7-recovery-worker-review-base -> origin/codex/cloud-p7-recovery-worker-review-base
2026-10-09T02:14:10.5823714Z  * [new branch]        codex/cloud-p7-release-resource-large -> origin/codex/cloud-p7-release-resource-large
2026-10-09T02:14:10.5827290Z  * [new branch]        codex/cloud-p7-release-resource-small -> origin/codex/cloud-p7-release-resource-small
2026-10-09T02:14:10.5830934Z  * [new branch]        codex/cloud-p7-resource-hotspot-diagnostic -> origin/codex/cloud-p7-resource-hotspot-diagnostic
2026-10-09T02:14:10.5834422Z  * [new branch]        codex/cloud-p7-resource-prepared -> origin/codex/cloud-p7-resource-prepared
2026-10-09T02:14:10.5837432Z  * [new branch]        codex/cloud-p7-resource-review-intake -> origin/codex/cloud-p7-resource-review-intake
2026-10-09T02:14:10.5840294Z  * [new branch]        codex/cloud-p7-seed-bind-limit -> origin/codex/cloud-p7-seed-bind-limit
2026-10-09T02:14:10.5843071Z  * [new branch]        codex/cloud-p7-staging-gc-prepared -> origin/codex/cloud-p7-staging-gc-prepared
2026-10-09T02:14:10.5845946Z  * [new branch]        codex/cloud-p7-test-isolation -> origin/codex/cloud-p7-test-isolation
2026-10-09T02:14:10.5848588Z  * [new branch]        codex/cloud-p7-v05-public-scope -> origin/codex/cloud-p7-v05-public-scope
2026-10-09T02:14:10.5851417Z  * [new branch]        codex/cloud-p7-v11-cache-consumption -> origin/codex/cloud-p7-v11-cache-consumption
2026-10-09T02:14:10.5854512Z  * [new branch]        codex/cloud-p7-v11-cache-key-matrix -> origin/codex/cloud-p7-v11-cache-key-matrix
2026-10-09T02:14:10.5857546Z  * [new branch]        codex/cloud-p7-v11-generation-contract -> origin/codex/cloud-p7-v11-generation-contract
2026-10-09T02:14:10.5860848Z  * [new branch]        codex/cloud-p7-v11-generation-snapshot-fix -> origin/codex/cloud-p7-v11-generation-snapshot-fix
2026-10-09T02:14:10.5863959Z  * [new branch]        codex/cloud-p7-v16-offline-oracle -> origin/codex/cloud-p7-v16-offline-oracle
2026-10-09T02:14:10.5866837Z  * [new branch]        codex/cloud-p7-v18-fault-contract -> origin/codex/cloud-p7-v18-fault-contract
2026-10-09T02:14:10.5869517Z  * [new branch]        codex/cloud-p7-v18-integration -> origin/codex/cloud-p7-v18-integration
2026-10-09T02:14:10.5872183Z  * [new branch]        codex/cloud-p7-v19-current-local -> origin/codex/cloud-p7-v19-current-local
2026-10-09T02:14:10.5875118Z  * [new branch]        codex/cloud-semantic-chunk-lints -> origin/codex/cloud-semantic-chunk-lints
2026-10-09T02:14:10.5878210Z  * [new branch]        codex/cloud-semantic-http-transport -> origin/codex/cloud-semantic-http-transport
2026-10-09T02:14:10.5881232Z  * [new branch]        codex/cloud-semantic-provider-factory -> origin/codex/cloud-semantic-provider-factory
2026-10-09T02:14:10.5884252Z  * [new branch]        codex/cloud-semantic-test-lints -> origin/codex/cloud-semantic-test-lints
2026-10-09T02:14:10.5887002Z  * [new branch]        codex/cloud-typescript-dev-review -> origin/codex/cloud-typescript-dev-review
2026-10-09T02:14:10.5890040Z  * [new branch]        codex/cloud-typescript-remaining-review -> origin/codex/cloud-typescript-remaining-review
2026-10-09T02:14:10.5893100Z  * [new branch]        codex/cloud-v11-consumption-review -> origin/codex/cloud-v11-consumption-review
2026-10-09T02:14:10.5896030Z  * [new branch]        codex/cloud-v16-cache-read-bounds -> origin/codex/cloud-v16-cache-read-bounds
2026-10-09T02:14:10.5898858Z  * [new branch]        codex/cloud-v16-resource-validation -> origin/codex/cloud-v16-resource-validation
2026-10-09T02:14:10.5901685Z  * [new branch]        codex/cloud-verified-chunk-qname -> origin/codex/cloud-verified-chunk-qname
2026-10-09T02:14:10.5904810Z  * [new branch]        codex/native-adapter-diagnostic-20261003 -> origin/codex/native-adapter-diagnostic-20261003
2026-10-09T02:14:10.5907763Z  * [new branch]        codex/packing-scope-v1-20261003 -> origin/codex/packing-scope-v1-20261003
2026-10-09T02:14:10.5910298Z  * [new branch]        codex/python-root-provenance -> origin/codex/python-root-provenance
2026-10-09T02:14:10.5912916Z  * [new branch]        codex/qname-packing-100k-20261004 -> origin/codex/qname-packing-100k-20261004
2026-10-09T02:14:10.5915546Z  * [new branch]        corpus/v19-express-100  -> origin/corpus/v19-express-100
2026-10-09T02:14:10.5917692Z  * [new branch]        corpus/v19-express-author -> origin/corpus/v19-express-author
2026-10-09T02:14:10.5920253Z  * [new branch]        corpus/v19-express-dev-review-fixes -> origin/corpus/v19-express-dev-review-fixes
2026-10-09T02:14:10.5923251Z  * [new branch]        corpus/v19-express-dev-supplement -> origin/corpus/v19-express-dev-supplement
2026-10-09T02:14:10.5925784Z  * [new branch]        corpus/v19-gin-author   -> origin/corpus/v19-gin-author
2026-10-09T02:14:10.5927915Z  * [new branch]        corpus/v19-requests-author -> origin/corpus/v19-requests-author
2026-10-09T02:14:10.5930372Z  * [new branch]        corpus/v19-requests-dev-extension -> origin/corpus/v19-requests-dev-extension
2026-10-09T02:14:10.5932975Z  * [new branch]        corpus/v19-requests-f0022-scope -> origin/corpus/v19-requests-f0022-scope
2026-10-09T02:14:10.5935514Z  * [new branch]        corpus/v19-requests-license -> origin/corpus/v19-requests-license
2026-10-09T02:14:10.5937829Z  * [new branch]        corpus/v19-typescript-author -> origin/corpus/v19-typescript-author
2026-10-09T02:14:10.5940454Z  * [new branch]        cursor/deep-index-optimization-1dab -> origin/cursor/deep-index-optimization-1dab
2026-10-09T02:14:10.5943476Z  * [new branch]        design/batched-cache-durability-20261003 -> origin/design/batched-cache-durability-20261003
2026-10-09T02:14:10.5946563Z  * [new branch]        dev-corpus-lock-reconcile-20261003 -> origin/dev-corpus-lock-reconcile-20261003
2026-10-09T02:14:10.5949211Z  * [new branch]        dev-paired-requests-20261004 -> origin/dev-paired-requests-20261004
2026-10-09T02:14:10.5951615Z  * [new branch]        diag/cache-put-costs-20261003 -> origin/diag/cache-put-costs-20261003
2026-10-09T02:14:10.5954548Z  * [new branch]        diag/p5e-fixed-boundary-review-20261003 -> origin/diag/p5e-fixed-boundary-review-20261003
2026-10-09T02:14:10.5957375Z  * [new branch]        diag/p5e-stage-receipts-20261003 -> origin/diag/p5e-stage-receipts-20261003
2026-10-09T02:14:10.5960258Z  * [new branch]        diagnostics/gin-native-regression-20261004 -> origin/diagnostics/gin-native-regression-20261004
2026-10-09T02:14:10.5963437Z  * [new branch]        diagnostics/requests-native-zero-20261004 -> origin/diagnostics/requests-native-zero-20261004
2026-10-09T02:14:10.5966833Z  * [new branch]        dot/cpp-cvref-fts-v28-20261006-e7745566 -> origin/dot/cpp-cvref-fts-v28-20261006-e7745566
2026-10-09T02:14:10.5970042Z  * [new branch]        dot/cpp-qualified-owner-b1-r2-20261005-5c4c2d55 -> origin/dot/cpp-qualified-owner-b1-r2-20261005-5c4c2d55
2026-10-09T02:14:10.5973502Z  * [new branch]        eval/public-dev-declaration-kind-v2-admission -> origin/eval/public-dev-declaration-kind-v2-admission
2026-10-09T02:14:10.5977042Z  * [new branch]        evidence/baseline-cloud-20261003-build-blocked -> origin/evidence/baseline-cloud-20261003-build-blocked
2026-10-09T02:14:10.5980156Z  * [new branch]        evidence/candidate-100k-gate-20261003 -> origin/evidence/candidate-100k-gate-20261003
2026-10-09T02:14:10.5983157Z  * [new branch]        evidence/independent-100k-release-20261003 -> origin/evidence/independent-100k-release-20261003
2026-10-09T02:14:10.5986401Z  * [new branch]        evidence/localwidth4-100k-paired-20261003 -> origin/evidence/localwidth4-100k-paired-20261003
2026-10-09T02:14:10.5989706Z  * [new branch]        evidence/parallel-startup-100k-paired-20261003 -> origin/evidence/parallel-startup-100k-paired-20261003
2026-10-09T02:14:10.5993104Z  * [new branch]        evidence/public-dev-current-group-js-20261003 -> origin/evidence/public-dev-current-group-js-20261003
2026-10-09T02:14:10.5996704Z  * [new branch]        evidence/public-dev-paired-express-20261004 -> origin/evidence/public-dev-paired-express-20261004
2026-10-09T02:14:10.5999836Z  * [new branch]        evidence/public-dev-paired-gin-20261004 -> origin/evidence/public-dev-paired-gin-20261004
2026-10-09T02:14:10.6003072Z  * [new branch]        evidence/public-dev-paired-typescript-20261004 -> origin/evidence/public-dev-paired-typescript-20261004
2026-10-09T02:14:10.6006892Z  * [new branch]        feat/declaration-identity-resource-contract-20261004 -> origin/feat/declaration-identity-resource-contract-20261004
2026-10-09T02:14:10.6010364Z  * [new branch]        feat/final-validation-work-20261007 -> origin/feat/final-validation-work-20261007
2026-10-09T02:14:10.6013380Z  * [new branch]        feat/p7-engineering-reviewed-union-20261007 -> origin/feat/p7-engineering-reviewed-union-20261007
2026-10-09T02:14:10.6016472Z  * [new branch]        feat/p7-gc-unlink-reviewed-20261007 -> origin/feat/p7-gc-unlink-reviewed-20261007
2026-10-09T02:14:10.6019725Z  * [new branch]        feat/p7-semantic-coverage-retention-reviewed-20261007 -> origin/feat/p7-semantic-coverage-retention-reviewed-20261007
2026-10-09T02:14:10.6023245Z  * [new branch]        feat/p7-strategy-ablation-reviewed-20261007 -> origin/feat/p7-strategy-ablation-reviewed-20261007
2026-10-09T02:14:10.6026647Z  * [new branch]        feat/python-capture-revalidation-20261007 -> origin/feat/python-capture-revalidation-20261007
2026-10-09T02:14:10.6029475Z  * [new branch]        feat/python-declaration-adapter -> origin/feat/python-declaration-adapter
2026-10-09T02:14:10.6032045Z  * [new branch]        fifo-100k-paired-decision-20261003 -> origin/fifo-100k-paired-decision-20261003
2026-10-09T02:14:10.6034695Z  * [new branch]        fix/ci-schema-v25-contract -> origin/fix/ci-schema-v25-contract
2026-10-09T02:14:10.6037228Z  * [new branch]        fix/contextual-member-ranking-20261004 -> origin/fix/contextual-member-ranking-20261004
2026-10-09T02:14:10.6039799Z  * [new branch]        fix/cpp-boundary-declarator -> origin/fix/cpp-boundary-declarator
2026-10-09T02:14:10.6042561Z  * [new branch]        fix/cpp-namespace-function-identity-20261005 -> origin/fix/cpp-namespace-function-identity-20261005
2026-10-09T02:14:10.6046127Z  * [new branch]        fix/cpp-namespace-source-registry-v5-20261005 -> origin/fix/cpp-namespace-source-registry-v5-20261005
2026-10-09T02:14:10.6049125Z  * [new branch]        fix/direct-writer-schema-20261003 -> origin/fix/direct-writer-schema-20261003
2026-10-09T02:14:10.6051464Z  * [new branch]        fix/go-nested-call-identity -> origin/fix/go-nested-call-identity
2026-10-09T02:14:10.6054182Z  * [new branch]        fix/hydration-fence-completeness -> origin/fix/hydration-fence-completeness
2026-10-09T02:14:10.6056667Z  * [new branch]        fix/mcp-startup-project-errors -> origin/fix/mcp-startup-project-errors
2026-10-09T02:14:10.6059297Z  * [new branch]        fix/member-source-registry-v4-20261005 -> origin/fix/member-source-registry-v4-20261005
2026-10-09T02:14:10.6062183Z  * [new branch]        fix/nonembedding-facts-and-benchmark-v3 -> origin/fix/nonembedding-facts-and-benchmark-v3
2026-10-09T02:14:10.6065270Z  * [new branch]        fix/nonembedding-facts-quality-20260906 -> origin/fix/nonembedding-facts-quality-20260906
2026-10-09T02:14:10.6068227Z  * [new branch]        fix/nonembedding-facts-verified-20260906 -> origin/fix/nonembedding-facts-verified-20260906
2026-10-09T02:14:10.6070814Z  * [new branch]        fix/p7-011-language-coverage -> origin/fix/p7-011-language-coverage
2026-10-09T02:14:10.6073020Z  * [new branch]        fix/p7-013-cancellable-exact -> origin/fix/p7-013-cancellable-exact
2026-10-09T02:14:10.6075452Z  * [new branch]        fix/p7-017-ci-build-receipt -> origin/fix/p7-017-ci-build-receipt
2026-10-09T02:14:10.6077646Z  * [new branch]        fix/p7-ci-architecture-guards -> origin/fix/p7-ci-architecture-guards
2026-10-09T02:14:10.6079897Z  * [new branch]        fix/p7-linux-process-sampler -> origin/fix/p7-linux-process-sampler
2026-10-09T02:14:10.6082377Z  * [new branch]        fix/parallel-retry-progress-20261003 -> origin/fix/parallel-retry-progress-20261003
2026-10-09T02:14:10.6085005Z  * [new branch]        fix/pr126-harness-observation -> origin/fix/pr126-harness-observation
2026-10-09T02:14:10.6087235Z  * [new branch]        fix/python-declaration-kind -> origin/fix/python-declaration-kind
2026-10-09T02:14:10.6089354Z  * [new branch]        fix/query-target-controls -> origin/fix/query-target-controls
2026-10-09T02:14:10.6091734Z  * [new branch]        fix/schema-contract-cleanup-20261003 -> origin/fix/schema-contract-cleanup-20261003
2026-10-09T02:14:10.6094849Z  * [new branch]        fix/semantic-http-ci-regression-20261003 -> origin/fix/semantic-http-ci-regression-20261003
2026-10-09T02:14:10.6097660Z  * [new branch]        fix/shared-provider-gate-20261003 -> origin/fix/shared-provider-gate-20261003
2026-10-09T02:14:10.6100257Z  * [new branch]        fix/type-atom-identifier-regression -> origin/fix/type-atom-identifier-regression
2026-10-09T02:14:10.6102832Z  * [new branch]        fix/v19-requests-type-dependency -> origin/fix/v19-requests-type-dependency
2026-10-09T02:14:10.6105298Z  * [new branch]        harness/reusable-100k-driver -> origin/harness/reusable-100k-driver
2026-10-09T02:14:10.6107915Z  * [new branch]        independent-capability-v2-review-20261003 -> origin/independent-capability-v2-review-20261003
2026-10-09T02:14:10.6110901Z  * [new branch]        independent-go-call-fix-review-20261003 -> origin/independent-go-call-fix-review-20261003
2026-10-09T02:14:10.6113702Z  * [new branch]        independent-v2-100k-release-20261003 -> origin/independent-v2-100k-release-20261003
2026-10-09T02:14:10.6116784Z  * [new branch]        integration/bounded-groundwork-20261004 -> origin/integration/bounded-groundwork-20261004
2026-10-09T02:14:10.6119403Z  * [new branch]        integration/ci-contract-20261003 -> origin/integration/ci-contract-20261003
2026-10-09T02:14:10.6122062Z  * [new branch]        integration/localwidth4-fixed-e3-20261003 -> origin/integration/localwidth4-fixed-e3-20261003
2026-10-09T02:14:10.6125039Z  * [new branch]        integration/packing-evidence-20261003 -> origin/integration/packing-evidence-20261003
2026-10-09T02:14:10.6127865Z  * [new branch]        integration/python-inventory-capture-v2 -> origin/integration/python-inventory-capture-v2
2026-10-09T02:14:10.6130910Z  * [new branch]        integration/python-resource-contract-20261004 -> origin/integration/python-resource-contract-20261004
2026-10-09T02:14:10.6134134Z  * [new branch]        integration/query-owner-context-v3-20261004 -> origin/integration/query-owner-context-v3-20261004
2026-10-09T02:14:10.6136625Z  * [new branch]        main                    -> origin/main
2026-10-09T02:14:10.6138676Z  * [new branch]        opt/code-index-benchmark-v2-20260906 -> origin/opt/code-index-benchmark-v2-20260906
2026-10-09T02:14:10.6141121Z  * [new branch]        opt/python-inventory-capture -> origin/opt/python-inventory-capture
2026-10-09T02:14:10.6143605Z  * [new branch]        perf/backfill-cost-breakdown-20261003 -> origin/perf/backfill-cost-breakdown-20261003
2026-10-09T02:14:10.6146552Z  * [new branch]        perf/bounded-parallel-backfill-20261003 -> origin/perf/bounded-parallel-backfill-20261003
2026-10-09T02:14:10.6149175Z  * [new branch]        perf/fifo-claim-index-20261003 -> origin/perf/fifo-claim-index-20261003
2026-10-09T02:14:10.6151815Z  * [new branch]        prototype/source-declaration-identity-v1 -> origin/prototype/source-declaration-identity-v1
2026-10-09T02:14:10.6155032Z  * [new branch]        public-dev-current-group-pygo-20261003 -> origin/public-dev-current-group-pygo-20261003
2026-10-09T02:14:10.6158312Z  * [new branch]        public-dev-declaration-kind-v2-candidate-20261003 -> origin/public-dev-declaration-kind-v2-candidate-20261003
2026-10-09T02:14:10.6161811Z  * [new branch]        review/context-owner-closing-qualifiers-20261004 -> origin/review/context-owner-closing-qualifiers-20261004
2026-10-09T02:14:10.6165327Z  * [new branch]        review/context-owner-comparison-guard-20261004 -> origin/review/context-owner-comparison-guard-20261004
2026-10-09T02:14:10.6168604Z  * [new branch]        review/context-owner-lexical-spans-20261004 -> origin/review/context-owner-lexical-spans-20261004
2026-10-09T02:14:10.6172021Z  * [new branch]        review/context-owner-source-boundaries-20261004 -> origin/review/context-owner-source-boundaries-20261004
2026-10-09T02:14:10.6175586Z  * [new branch]        review/declaration-identity-independent-20261004 -> origin/review/declaration-identity-independent-20261004
2026-10-09T02:14:10.6179144Z  * [new branch]        review/declaration-resource-independent -> origin/review/declaration-resource-independent
2026-10-09T02:14:10.6182510Z  * [new branch]        review/independent-closing-qualifiers-20261004 -> origin/review/independent-closing-qualifiers-20261004
2026-10-09T02:14:10.6185900Z  * [new branch]        review/independent-comparison-guard-20261004 -> origin/review/independent-comparison-guard-20261004
2026-10-09T02:14:10.6189184Z  * [new branch]        review/independent-direct-writer-20261003 -> origin/review/independent-direct-writer-20261003
2026-10-09T02:14:10.6192410Z  * [new branch]        review/independent-e3-runtime-cache-20261003 -> origin/review/independent-e3-runtime-cache-20261003
2026-10-09T02:14:10.6195819Z  * [new branch]        review/independent-fifo-claim-20261003 -> origin/review/independent-fifo-claim-20261003
2026-10-09T02:14:10.6198937Z  * [new branch]        review/independent-lexical-spans-20261004 -> origin/review/independent-lexical-spans-20261004
2026-10-09T02:14:10.6201980Z  * [new branch]        review/independent-parallel-drain-20261003 -> origin/review/independent-parallel-drain-20261003
2026-10-09T02:14:10.6205446Z  * [new branch]        review/independent-requests-fix-20261003 -> origin/review/independent-requests-fix-20261003
2026-10-09T02:14:10.6208520Z  * [new branch]        review/independent-retry-liveness-20261003 -> origin/review/independent-retry-liveness-20261003
2026-10-09T02:14:10.6211832Z  * [new branch]        review/independent-source-boundaries-20261004 -> origin/review/independent-source-boundaries-20261004
2026-10-09T02:14:10.6215365Z  * [new branch]        review/independent-v24-migration-20261003 -> origin/review/independent-v24-migration-20261003
2026-10-09T02:14:10.6218159Z  * [new branch]        review/manual-v24-evidence-20261003 -> origin/review/manual-v24-evidence-20261003
2026-10-09T02:14:10.6220720Z  * [new branch]        review/p7-crash-independent -> origin/review/p7-crash-independent
2026-10-09T02:14:10.6222890Z  * [new branch]        review/p7-gc-unlink-20261007 -> origin/review/p7-gc-unlink-20261007
2026-10-09T02:14:10.6226293Z  * [new branch]        review/p7-semantic-coverage-retention-20261007 -> origin/review/p7-semantic-coverage-retention-20261007
2026-10-09T02:14:10.6229172Z  * [new branch]        review/p7-staging-gc-independent -> origin/review/p7-staging-gc-independent
2026-10-09T02:14:10.6231890Z  * [new branch]        review/p7-strategy-ablation-20261007 -> origin/review/p7-strategy-ablation-20261007
2026-10-09T02:14:10.6234984Z  * [new branch]        review/p7-worker-contention-20261007 -> origin/review/p7-worker-contention-20261007
2026-10-09T02:14:10.6237586Z  * [new branch]        review/pr127-independent-20261003 -> origin/review/pr127-independent-20261003
2026-10-09T02:14:10.6240144Z  * [new branch]        review/public-v19-requests-delta -> origin/review/public-v19-requests-delta
2026-10-09T02:14:10.6242624Z  * [new branch]        review/public-v19-requests-dev -> origin/review/public-v19-requests-dev
2026-10-09T02:14:10.6245480Z  * [new branch]        review/public-v19-requests-remaining -> origin/review/public-v19-requests-remaining
2026-10-09T02:14:10.6248382Z  * [new branch]        review/python-identity-independent -> origin/review/python-identity-independent
2026-10-09T02:14:10.6251212Z  * [new branch]        review/python-identity-r1-independent -> origin/review/python-identity-r1-independent
2026-10-09T02:14:10.6254686Z  * [new branch]        review/python-inventory-independent-20261004 -> origin/review/python-inventory-independent-20261004
2026-10-09T02:14:10.6258051Z  * [new branch]        review/python-inventory-p2-delta-20261004 -> origin/review/python-inventory-p2-delta-20261004
2026-10-09T02:14:10.6261352Z  * [new branch]        review/python-provenance-independent-20261004 -> origin/review/python-provenance-independent-20261004
2026-10-09T02:14:10.6263981Z  * [new branch]        review/qname-db-20261003 -> origin/review/qname-db-20261003
2026-10-09T02:14:10.6266529Z  * [new branch]        review/qname-parser-public-20261003 -> origin/review/qname-parser-public-20261003
2026-10-09T02:14:10.6269588Z  * [new branch]        review/query-owner-hint-20261004-0741 -> origin/review/query-owner-hint-20261004-0741
2026-10-09T02:14:10.6272988Z  * [new branch]        review/query-owner-hint-independent-evidence-20261004 -> origin/review/query-owner-hint-independent-evidence-20261004
2026-10-09T02:14:10.6276608Z  * [new branch]        review/query-target-independent-20261004 -> origin/review/query-target-independent-20261004
2026-10-09T02:14:10.6279538Z  * [new branch]        review/resolver-bind-independent -> origin/review/resolver-bind-independent
2026-10-09T02:14:10.6282297Z  * [new branch]        review/validation-work-metadata-fix-20261007 -> origin/review/validation-work-metadata-fix-20261007
2026-10-09T02:14:10.6285868Z  * [new branch]        review/validation-work-packing-fix-20261007 -> origin/review/validation-work-packing-fix-20261007
2026-10-09T02:14:10.6288974Z  * [new branch]        task/archive-evidence-104-28fe-20261008 -> origin/task/archive-evidence-104-28fe-20261008
2026-10-09T02:14:10.6292013Z  * [new branch]        task/archive-evidence-105-108-124-28fe-20261008 -> origin/task/archive-evidence-105-108-124-28fe-20261008
2026-10-09T02:14:10.6295511Z  * [new branch]        task/archive-evidence-batch9-28fe-20261008 -> origin/task/archive-evidence-batch9-28fe-20261008
2026-10-09T02:14:10.6298186Z  * [new branch]        task/archive-path-a217-20261008 -> origin/task/archive-path-a217-20261008
2026-10-09T02:14:10.6300637Z  * [new branch]        task/p8-complete-a217-20261009 -> origin/task/p8-complete-a217-20261009
2026-10-09T02:14:10.6302870Z  * [new branch]        task/p8-completion-20261009 -> origin/task/p8-completion-20261009
2026-10-09T02:14:10.6305409Z  * [new branch]        task/p8-d0-recovery-28fe-20261009 -> origin/task/p8-d0-recovery-28fe-20261009
2026-10-09T02:14:10.6308304Z  * [new branch]        task/p8-evidence-checkpoint-a217-20261008 -> origin/task/p8-evidence-checkpoint-a217-20261008
2026-10-09T02:14:10.6311800Z  * [new branch]        task/p8-failed-runtime-originals-28fe-20261009 -> origin/task/p8-failed-runtime-originals-28fe-20261009
2026-10-09T02:14:10.6314992Z  * [new branch]        task/p8-fixed-d0-scale-20261008 -> origin/task/p8-fixed-d0-scale-20261008
2026-10-09T02:14:10.6317980Z  * [new branch]        task/p8-independent-acceptance-28fe-20261009 -> origin/task/p8-independent-acceptance-28fe-20261009
2026-10-09T02:14:10.6320627Z  * [new branch]        task/p8-local-G-1k-20261008 -> origin/task/p8-local-G-1k-20261008
2026-10-09T02:14:10.6323378Z  * [new branch]        task/p8-prefix-window-engineering-20261009 -> origin/task/p8-prefix-window-engineering-20261009
2026-10-09T02:14:10.6326414Z  * [new branch]        task/p8-round10-evidence-20261008 -> origin/task/p8-round10-evidence-20261008
2026-10-09T02:14:10.6329027Z  * [new branch]        task/p8-round11-evidence-20261008 -> origin/task/p8-round11-evidence-20261008
2026-10-09T02:14:10.6331473Z  * [new branch]        task/p8-round12-evidence-20261009 -> origin/task/p8-round12-evidence-20261009
2026-10-09T02:14:10.6334384Z  * [new branch]        task/p8-round6-evidence-20261009 -> origin/task/p8-round6-evidence-20261009
2026-10-09T02:14:10.6336797Z  * [new branch]        task/p8-round8-evidence-20261008 -> origin/task/p8-round8-evidence-20261008
2026-10-09T02:14:10.6339805Z  * [new branch]        task/p8-runtime-finalization-controls-20261009 -> origin/task/p8-runtime-finalization-controls-20261009
2026-10-09T02:14:10.6342640Z  * [new branch]        task/p8-scale-cache-a217-20261009 -> origin/task/p8-scale-cache-a217-20261009
2026-10-09T02:14:10.6345763Z  * [new branch]        task/p8-staging-cache-engineering-20261008 -> origin/task/p8-staging-cache-engineering-20261008
2026-10-09T02:14:10.6348669Z  * [new branch]        test/p7-014-fence-independent-recheck -> origin/test/p7-014-fence-independent-recheck
2026-10-09T02:14:10.6351496Z  * [new branch]        test/p7-014-final-independent-review -> origin/test/p7-014-final-independent-review
2026-10-09T02:14:10.6354233Z  * [new branch]        test/p7-017-offline-default -> origin/test/p7-017-offline-default
2026-10-09T02:14:10.6356703Z  * [new branch]        test/p7-acceptance-matrix -> origin/test/p7-acceptance-matrix
2026-10-09T02:14:10.6359251Z  * [new branch]        test/p7-cache-allocation-independent-review -> origin/test/p7-cache-allocation-independent-review
2026-10-09T02:14:10.6362078Z  * [new branch]        test/p7-gate-lifecycle-review -> origin/test/p7-gate-lifecycle-review
2026-10-09T02:14:10.6364417Z  * [new branch]        test/p7-partial-budget  -> origin/test/p7-partial-budget
2026-10-09T02:14:10.6367017Z  * [new branch]        test/p7-production-fairness-model-review -> origin/test/p7-production-fairness-model-review
2026-10-09T02:14:10.6369936Z  * [new branch]        test/p7-query-encoding-independent-review -> origin/test/p7-query-encoding-independent-review
2026-10-09T02:14:10.6372770Z  * [new branch]        test/p7-query-network-contract -> origin/test/p7-query-network-contract
2026-10-09T02:14:10.6375594Z  * [new branch]        test/p7-query-public-independent -> origin/test/p7-query-public-independent
2026-10-09T02:14:10.6378418Z  * [new branch]        test/p7-query-public-independent-final -> origin/test/p7-query-public-independent-final
2026-10-09T02:14:10.6381003Z  * [new branch]        test/p7-status-fence-independent -> origin/test/p7-status-fence-independent
2026-10-09T02:14:10.6383657Z  * [new branch]        test/p7-v05-v11-independent-review -> origin/test/p7-v05-v11-independent-review
2026-10-09T02:14:10.6386621Z  * [new branch]        test/p7-v16-oracle-independent-review -> origin/test/p7-v16-oracle-independent-review
2026-10-09T02:14:10.6389175Z  * [new branch]        test/p7-v18-parameter-contract -> origin/test/p7-v18-parameter-contract
2026-10-09T02:14:10.6391205Z  * [new branch]        test/p7-v19-offline     -> origin/test/p7-v19-offline
2026-10-09T02:14:10.6393679Z  * [new branch]        test/p7-worker-contention-reviewed-20261007 -> origin/test/p7-worker-contention-reviewed-20261007
2026-10-09T02:14:10.6396918Z  * [new branch]        work/p7-audit-996727-20261008 -> origin/work/p7-audit-996727-20261008
2026-10-09T02:14:10.6398916Z  * [new branch]        work/p7-round2-20261007 -> origin/work/p7-round2-20261007
2026-10-09T02:14:10.6401131Z  * [new branch]        work/p7-round2-final-20261007 -> origin/work/p7-round2-final-20261007
2026-10-09T02:14:10.6403557Z  * [new branch]        work/p8-corpus-holdout-031390-20261008 -> origin/work/p8-corpus-holdout-031390-20261008
2026-10-09T02:14:10.6406738Z  * [new branch]        work/p8-corpus-register-996727-20261008 -> origin/work/p8-corpus-register-996727-20261008
2026-10-09T02:14:10.6409438Z  * [new branch]        work/p8-corpus-replay-996727-20261008 -> origin/work/p8-corpus-replay-996727-20261008
2026-10-09T02:14:10.6412355Z  * [new branch]        work/p8-current-readback-996727-20261008 -> origin/work/p8-current-readback-996727-20261008
2026-10-09T02:14:10.6415706Z  * [new branch]        work/p8-final-preseal-readback-996727-20261008 -> origin/work/p8-final-preseal-readback-996727-20261008
2026-10-09T02:14:10.6418573Z  * [new branch]        work/p8-joint-corpus-996727-20261008 -> origin/work/p8-joint-corpus-996727-20261008
2026-10-09T02:14:10.6421584Z  * [new branch]        work/p8-joint-release-readback-996727-20261008 -> origin/work/p8-joint-release-readback-996727-20261008
2026-10-09T02:14:10.6424408Z  * [new branch]        work/p8-local-ten-todos-20261007 -> origin/work/p8-local-ten-todos-20261007
2026-10-09T02:14:10.6427112Z  * [new branch]        work/p8-native-external-996727-20261008 -> origin/work/p8-native-external-996727-20261008
2026-10-09T02:14:10.6429462Z  * [new branch]        work/p8-next-source-ebacee -> origin/work/p8-next-source-ebacee
2026-10-09T02:14:10.6431606Z  * [new branch]        work/p8-next-ten-ebacee -> origin/work/p8-next-ten-ebacee
2026-10-09T02:14:10.6433884Z  * [new branch]        work/p8-output-readback-996727-20261008 -> origin/work/p8-output-readback-996727-20261008
2026-10-09T02:14:10.6437186Z  * [new branch]        work/p8-product-build-996727-20261008 -> origin/work/p8-product-build-996727-20261008
2026-10-09T02:14:10.6439821Z  * [new branch]        work/p8-product-format-996727-20261008 -> origin/work/p8-product-format-996727-20261008
2026-10-09T02:14:10.6442751Z  * [new branch]        work/p8-profile-contract-996727-20261008 -> origin/work/p8-profile-contract-996727-20261008
2026-10-09T02:14:10.6445771Z  * [new branch]        work/p8-public-readback-996727-20261008 -> origin/work/p8-public-readback-996727-20261008
2026-10-09T02:14:10.6448740Z  * [new branch]        work/p8-public-recovery-996727-20261008 -> origin/work/p8-public-recovery-996727-20261008
2026-10-09T02:14:10.6451751Z  * [new branch]        work/p8-recovery-evidence-996727-20261008 -> origin/work/p8-recovery-evidence-996727-20261008
2026-10-09T02:14:10.6454816Z  * [new branch]        work/p8-release-external-996727-20261008 -> origin/work/p8-release-external-996727-20261008
2026-10-09T02:14:10.6457812Z  * [new branch]        work/p8-release-readback-996727-20261008 -> origin/work/p8-release-readback-996727-20261008
2026-10-09T02:14:10.6460388Z  * [new branch]        work/p8-rust-probe-996727-20261008 -> origin/work/p8-rust-probe-996727-20261008
2026-10-09T02:14:10.6462682Z  * [new branch]        work/p8-scale-031390    -> origin/work/p8-scale-031390
2026-10-09T02:14:10.6465493Z  * [new branch]        work/p8-temporal-evidence-readback-996727-20261008 -> origin/work/p8-temporal-evidence-readback-996727-20261008
2026-10-09T02:14:10.6468773Z  * [new branch]        work/p8-temporal-execute-996727-20261008 -> origin/work/p8-temporal-execute-996727-20261008
2026-10-09T02:14:10.6471940Z  * [new branch]        work/p8-temporal-final-evidence-996727-20261008 -> origin/work/p8-temporal-final-evidence-996727-20261008
2026-10-09T02:14:10.6475333Z  * [new branch]        work/p8-temporal-frozen-logic-996727-20261008 -> origin/work/p8-temporal-frozen-logic-996727-20261008
2026-10-09T02:14:10.6478460Z  * [new branch]        work/p8-temporal-holdout-996727-20261008 -> origin/work/p8-temporal-holdout-996727-20261008
2026-10-09T02:14:10.6481590Z  * [new branch]        work/p8-temporal-prepare-data-996727-20261008 -> origin/work/p8-temporal-prepare-data-996727-20261008
2026-10-09T02:14:10.6484969Z  * [new branch]        work/p8-temporal-preseal-996727-20261008 -> origin/work/p8-temporal-preseal-996727-20261008
2026-10-09T02:14:10.6487997Z  * [new branch]        work/p8-temporal-readback-996727-20261008 -> origin/work/p8-temporal-readback-996727-20261008
2026-10-09T02:14:10.6490990Z  * [new branch]        work/p8-temporal-readback-tools-996727-20261008 -> origin/work/p8-temporal-readback-tools-996727-20261008
2026-10-09T02:14:10.6494365Z  * [new branch]        work/p8-temporal-replay-996727-20261008 -> origin/work/p8-temporal-replay-996727-20261008
2026-10-09T02:14:10.6497549Z  * [new branch]        work/p8-temporal-service-controls-996727-20261008 -> origin/work/p8-temporal-service-controls-996727-20261008
2026-10-09T02:14:10.6501004Z  * [new branch]        work/p8-text-admission-counterexample-996727-20261008 -> origin/work/p8-text-admission-counterexample-996727-20261008
2026-10-09T02:14:10.6504661Z  * [new branch]        work/pr157-final-review-996727-20261008 -> origin/work/pr157-final-review-996727-20261008
2026-10-09T02:14:10.6507120Z  * [new branch]        work/ptv2-permit-37769636440 -> origin/work/ptv2-permit-37769636440
2026-10-09T02:14:10.6509550Z  * [new branch]        work/todo-close-996727-20261008 -> origin/work/todo-close-996727-20261008
2026-10-09T02:14:10.6513422Z [command]/usr/bin/git rev-parse --verify --quiet a23bb72d3c954f385b99fe81ce9189885c208557^{object}
2026-10-09T02:14:10.6515730Z a23bb72d3c954f385b99fe81ce9189885c208557
2026-10-09T02:14:10.6518454Z ##[endgroup]
2026-10-09T02:14:10.6520120Z ##[group]Determining the checkout info
2026-10-09T02:14:10.6521674Z ##[endgroup]
2026-10-09T02:14:10.6522622Z [command]/usr/bin/git sparse-checkout disable
2026-10-09T02:14:10.6525933Z [command]/usr/bin/git config --local --unset-all extensions.worktreeConfig
2026-10-09T02:14:10.6529056Z ##[group]Checking out the ref
2026-10-09T02:14:10.6531076Z [command]/usr/bin/git checkout --progress --force a23bb72d3c954f385b99fe81ce9189885c208557
2026-10-09T02:14:11.6095187Z Updating files:  47% (10610/22303)
2026-10-09T02:14:11.6203278Z Updating files:  48% (10706/22303)
2026-10-09T02:14:11.6941221Z Updating files:  49% (10929/22303)
2026-10-09T02:14:11.7052169Z Updating files:  50% (11152/22303)
2026-10-09T02:14:11.7412096Z Updating files:  51% (11375/22303)
2026-10-09T02:14:11.7893180Z Updating files:  52% (11598/22303)
2026-10-09T02:14:11.8092017Z Updating files:  53% (11821/22303)
2026-10-09T02:14:11.8592003Z Updating files:  54% (12044/22303)
2026-10-09T02:14:11.8718979Z Updating files:  55% (12267/22303)
2026-10-09T02:14:11.8857041Z Updating files:  56% (12490/22303)
2026-10-09T02:14:11.8997352Z Updating files:  57% (12713/22303)
2026-10-09T02:14:11.9277250Z Updating files:  58% (12936/22303)
2026-10-09T02:14:11.9392545Z Updating files:  59% (13159/22303)
2026-10-09T02:14:11.9495137Z Updating files:  60% (13382/22303)
2026-10-09T02:14:11.9619532Z Updating files:  61% (13605/22303)
2026-10-09T02:14:11.9761646Z Updating files:  62% (13828/22303)
2026-10-09T02:14:11.9888459Z Updating files:  63% (14051/22303)
2026-10-09T02:14:11.9988224Z Updating files:  64% (14274/22303)
2026-10-09T02:14:12.0085185Z Updating files:  65% (14497/22303)
2026-10-09T02:14:12.0177075Z Updating files:  66% (14720/22303)
2026-10-09T02:14:12.0262783Z Updating files:  67% (14944/22303)
2026-10-09T02:14:12.0385226Z Updating files:  68% (15167/22303)
2026-10-09T02:14:12.0515883Z Updating files:  69% (15390/22303)
2026-10-09T02:14:12.0705478Z Updating files:  70% (15613/22303)
2026-10-09T02:14:12.1252979Z Updating files:  71% (15836/22303)
2026-10-09T02:14:12.1498389Z Updating files:  72% (16059/22303)
2026-10-09T02:14:12.2492044Z Updating files:  73% (16282/22303)
2026-10-09T02:14:12.2695721Z Updating files:  74% (16505/22303)
2026-10-09T02:14:12.2960758Z Updating files:  75% (16728/22303)
2026-10-09T02:14:12.3198220Z Updating files:  76% (16951/22303)
2026-10-09T02:14:12.3546815Z Updating files:  77% (17174/22303)
2026-10-09T02:14:12.3763214Z Updating files:  78% (17397/22303)
2026-10-09T02:14:12.4016883Z Updating files:  79% (17620/22303)
2026-10-09T02:14:12.4252826Z Updating files:  80% (17843/22303)
2026-10-09T02:14:12.4415382Z Updating files:  81% (18066/22303)
2026-10-09T02:14:12.4582797Z Updating files:  82% (18289/22303)
2026-10-09T02:14:12.5708319Z Updating files:  83% (18512/22303)
2026-10-09T02:14:12.6078154Z Updating files:  84% (18735/22303)
2026-10-09T02:14:12.6310802Z Updating files:  84% (18856/22303)
2026-10-09T02:14:12.7162349Z Updating files:  85% (18958/22303)
2026-10-09T02:14:12.8681042Z Updating files:  86% (19181/22303)
2026-10-09T02:14:12.8915056Z Updating files:  87% (19404/22303)
2026-10-09T02:14:12.9064570Z Updating files:  88% (19627/22303)
2026-10-09T02:14:12.9164377Z Updating files:  89% (19850/22303)
2026-10-09T02:14:12.9390231Z Updating files:  90% (20073/22303)
2026-10-09T02:14:12.9799747Z Updating files:  91% (20296/22303)
2026-10-09T02:14:13.6296693Z Updating files:  92% (20519/22303)
2026-10-09T02:14:13.6390294Z Updating files:  92% (20666/22303)
2026-10-09T02:14:13.6626670Z Updating files:  93% (20742/22303)
2026-10-09T02:14:13.6776509Z Updating files:  94% (20965/22303)
2026-10-09T02:14:13.6970657Z Updating files:  95% (21188/22303)
2026-10-09T02:14:13.7175095Z Updating files:  96% (21411/22303)
2026-10-09T02:14:13.7387025Z Updating files:  97% (21634/22303)
2026-10-09T02:14:13.7564378Z Updating files:  98% (21857/22303)
2026-10-09T02:14:13.7799158Z Updating files:  99% (22080/22303)
2026-10-09T02:14:13.7799958Z Updating files: 100% (22303/22303)
2026-10-09T02:14:13.7800525Z Updating files: 100% (22303/22303), done.
2026-10-09T02:14:13.9869625Z Note: switching to 'a23bb72d3c954f385b99fe81ce9189885c208557'.
2026-10-09T02:14:13.9870290Z 
2026-10-09T02:14:13.9870743Z You are in 'detached HEAD' state. You can look around, make experimental
2026-10-09T02:14:13.9871897Z changes and commit them, and you can discard any commits you make in this
2026-10-09T02:14:13.9873435Z state without impacting any branches by switching back to a branch.
2026-10-09T02:14:13.9874543Z 
2026-10-09T02:14:13.9875011Z If you want to create a new branch to retain commits you create, you may
2026-10-09T02:14:13.9875942Z do so (now or later) by using -c with the switch command. Example:
2026-10-09T02:14:13.9876428Z 
2026-10-09T02:14:13.9876608Z   git switch -c <new-branch-name>
2026-10-09T02:14:13.9876930Z 
2026-10-09T02:14:13.9877102Z Or undo this operation with:
2026-10-09T02:14:13.9877400Z 
2026-10-09T02:14:13.9877562Z   git switch -
2026-10-09T02:14:13.9877781Z 
2026-10-09T02:14:13.9878181Z Turn off this advice by setting config variable advice.detachedHead to false
2026-10-09T02:14:13.9878776Z 
2026-10-09T02:14:13.9879318Z HEAD is now at a23bb72d test(p8): bind combined source admission for original full execution
2026-10-09T02:14:14.0005283Z ##[endgroup]
2026-10-09T02:14:14.0047567Z [command]/usr/bin/git log -1 --format=%H
2026-10-09T02:14:14.0072752Z a23bb72d3c954f385b99fe81ce9189885c208557
2026-10-09T02:14:14.1330877Z ##[group]Run dtolnay/rust-toolchain@1.95.0
2026-10-09T02:14:14.1331195Z with:
2026-10-09T02:14:14.1331382Z env:
2026-10-09T02:14:14.1331566Z   CARGO_BUILD_JOBS: 2
2026-10-09T02:14:14.1331783Z   RUSTC_WRAPPER: 
2026-10-09T02:14:14.1332002Z   RUSTC_WORKSPACE_WRAPPER: 
2026-10-09T02:14:14.1332232Z ##[endgroup]
2026-10-09T02:14:14.1396682Z ##[start-action display=Parse toolchain version;id=__dtolnay_rust-toolchain.parse]
2026-10-09T02:14:14.1793054Z ##[group]Run if [[ -z $toolchain ]]; then
2026-10-09T02:14:14.1793472Z [36;1mif [[ -z $toolchain ]]; then[0m
2026-10-09T02:14:14.1794231Z [36;1m  # GitHub does not enforce `required: true` inputs itself. https://github.com/actions/runner/issues/1070[0m
2026-10-09T02:14:14.1794828Z [36;1m  echo "'toolchain' is a required input" >&2[0m
2026-10-09T02:14:14.1795132Z [36;1m  exit 1[0m
2026-10-09T02:14:14.1795471Z [36;1melif [[ $toolchain =~ ^stable' '[0-9]+' '(year|month|week|day)s?' 'ago$ ]]; then[0m
2026-10-09T02:14:14.1796188Z [36;1m  if [[ Linux == macOS ]]; then[0m
2026-10-09T02:14:14.1796738Z [36;1m    echo "toolchain=1.$((($(date -v-$(sed 's/stable \([0-9]*\) \(.\).*/\1\2/' <<< $toolchain) +%s)/60/60/24-16569)/7/6))" >> $GITHUB_OUTPUT[0m
2026-10-09T02:14:14.1797267Z [36;1m  else[0m
2026-10-09T02:14:14.1797675Z [36;1m    echo "toolchain=1.$((($(date --date "${toolchain#stable }" +%s)/60/60/24-16569)/7/6))" >> $GITHUB_OUTPUT[0m
2026-10-09T02:14:14.1798158Z [36;1m  fi[0m
2026-10-09T02:14:14.1798459Z [36;1melif [[ $toolchain =~ ^stable' 'minus' '[0-9]+' 'releases?$ ]]; then[0m
2026-10-09T02:14:14.1799007Z [36;1m  echo "toolchain=1.$((($(date +%s)/60/60/24-16569)/7/6-${toolchain//[^0-9]/}))" >> $GITHUB_OUTPUT[0m
2026-10-09T02:14:14.1799482Z [36;1melif [[ $toolchain =~ ^1\.[0-9]+$ ]]; then[0m
2026-10-09T02:14:14.1800030Z [36;1m  echo "toolchain=1.$((i=${toolchain#1.}, c=($(date +%s)/60/60/24-16569)/7/6, i+9*i*(10*i<=c)+90*i*(100*i<=c)))" >> $GITHUB_OUTPUT[0m
2026-10-09T02:14:14.1800542Z [36;1melse[0m
2026-10-09T02:14:14.1800744Z [36;1m  delimiter=EOF[0m
2026-10-09T02:14:14.1801055Z [36;1m  while [[ $toolchain == *$delimiter* ]]; do delimiter+=_; done[0m
2026-10-09T02:14:14.1801572Z [36;1m  printf 'toolchain<<%s\n%s\n%s\n' "$delimiter" "$toolchain" "$delimiter" >> $GITHUB_OUTPUT[0m
2026-10-09T02:14:14.1801992Z [36;1mfi[0m
2026-10-09T02:14:14.2058158Z shell: /usr/bin/bash --noprofile --norc -e -o pipefail {0}
2026-10-09T02:14:14.2058544Z env:
2026-10-09T02:14:14.2058754Z   CARGO_BUILD_JOBS: 2
2026-10-09T02:14:14.2058984Z   RUSTC_WRAPPER: 
2026-10-09T02:14:14.2059213Z   RUSTC_WORKSPACE_WRAPPER: 
2026-10-09T02:14:14.2059479Z   toolchain: 1.95.0
2026-10-09T02:14:14.2059698Z ##[endgroup]
2026-10-09T02:14:14.2196663Z ##[end-action id=__dtolnay_rust-toolchain.parse;outcome=success;conclusion=success;duration_ms=79]
2026-10-09T02:14:14.2201462Z ##[start-action display=Set $CARGO_HOME;id=__dtolnay_rust-toolchain.__run]
2026-10-09T02:14:14.2262068Z ##[group]Run echo CARGO_HOME=${CARGO_HOME:-"$HOME/.cargo"} >> $GITHUB_ENV
2026-10-09T02:14:14.2262554Z [36;1mecho CARGO_HOME=${CARGO_HOME:-"$HOME/.cargo"} >> $GITHUB_ENV[0m
2026-10-09T02:14:14.2323992Z shell: /usr/bin/bash --noprofile --norc -e -o pipefail {0}
2026-10-09T02:14:14.2324604Z env:
2026-10-09T02:14:14.2324797Z   CARGO_BUILD_JOBS: 2
2026-10-09T02:14:14.2325017Z   RUSTC_WRAPPER: 
2026-10-09T02:14:14.2325223Z   RUSTC_WORKSPACE_WRAPPER: 
2026-10-09T02:14:14.2325446Z ##[endgroup]
2026-10-09T02:14:14.2416598Z ##[end-action id=__dtolnay_rust-toolchain.__run;outcome=success;conclusion=success;duration_ms=21]
2026-10-09T02:14:14.2419083Z ##[start-action display=Install rustup if needed;id=__dtolnay_rust-toolchain.__run_2]
2026-10-09T02:14:14.2448277Z ##[group]Run if ! command -v rustup &>/dev/null; then
2026-10-09T02:14:14.2448659Z [36;1mif ! command -v rustup &>/dev/null; then[0m
2026-10-09T02:14:14.2449658Z [36;1m  curl --proto '=https' --tlsv1.2 --retry 10 --retry-connrefused --location --silent --show-error --fail https://sh.rustup.rs | sh -s -- --default-toolchain none -y[0m
2026-10-09T02:14:14.2450443Z [36;1m  echo "$CARGO_HOME/bin" >> $GITHUB_PATH[0m
2026-10-09T02:14:14.2450731Z [36;1mfi[0m
2026-10-09T02:14:14.2507167Z shell: /usr/bin/bash --noprofile --norc -e -o pipefail {0}
2026-10-09T02:14:14.2507517Z env:
2026-10-09T02:14:14.2507711Z   CARGO_BUILD_JOBS: 2
2026-10-09T02:14:14.2507933Z   RUSTC_WRAPPER: 
2026-10-09T02:14:14.2508143Z   RUSTC_WORKSPACE_WRAPPER: 
2026-10-09T02:14:14.2508386Z   CARGO_HOME: /home/runner/.cargo
2026-10-09T02:14:14.2508628Z ##[endgroup]
2026-10-09T02:14:14.2591998Z ##[end-action id=__dtolnay_rust-toolchain.__run_2;outcome=success;conclusion=success;duration_ms=17]
2026-10-09T02:14:14.2594637Z ##[start-action display=Install rustup if needed on windows;id=__dtolnay_rust-toolchain.__run_3]
2026-10-09T02:14:14.2601355Z ##[end-action id=__dtolnay_rust-toolchain.__run_3;outcome=skipped;conclusion=skipped;duration_ms=0]
2026-10-09T02:14:14.2614909Z ##[start-action display=rustup toolchain install 1.95.0;id=__dtolnay_rust-toolchain.__run_4]
2026-10-09T02:14:14.2635865Z ##[group]Run set -f  # split targets and components on commas and whitespace, without glob expansion
2026-10-09T02:14:14.2636534Z [36;1mset -f  # split targets and components on commas and whitespace, without glob expansion[0m
2026-10-09T02:14:14.2636991Z [36;1mflags=()[0m
2026-10-09T02:14:14.2637266Z [36;1mfor t in ${targets//,/ }; do flags+=(--target "$t"); done[0m
2026-10-09T02:14:14.2637679Z [36;1mfor c in ${components//,/ }; do flags+=(--component "$c"); done[0m
2026-10-09T02:14:14.2638182Z [36;1mif [[ $toolchain == nightly && -n $components ]]; then flags+=(--allow-downgrade); fi[0m
2026-10-09T02:14:14.2638611Z [36;1mlog=$(mktemp)[0m
2026-10-09T02:14:14.2638845Z [36;1mtrap 'rm -f "$log"' EXIT[0m
2026-10-09T02:14:14.2639106Z [36;1mfor attempt in 1 2 3 4 5; do[0m
2026-10-09T02:14:14.2639674Z [36;1m  if rustup toolchain install "$toolchain" "${flags[@]}" --profile minimal --no-self-update --force-non-host 2>&1 | tee "$log"; then[0m
2026-10-09T02:14:14.2640249Z [36;1m    break[0m
2026-10-09T02:14:14.2640445Z [36;1m  else[0m
2026-10-09T02:14:14.2640641Z [36;1m    status=$?[0m
2026-10-09T02:14:14.2640848Z [36;1m  fi[0m
2026-10-09T02:14:14.2641136Z [36;1m  if [[ $attempt == 5 ]] || ! grep -Fq 'checksum failed for ' "$log" \[0m
2026-10-09T02:14:14.2641705Z [36;1m      || ! grep -Fq 'this is likely due to an ongoing update of the official release server' "$log"; then[0m
2026-10-09T02:14:14.2642173Z [36;1m    exit "$status"[0m
2026-10-09T02:14:14.2642392Z [36;1m  fi[0m
2026-10-09T02:14:14.2642745Z [36;1m  echo "Retrying rustup toolchain install in 30 seconds (retry $attempt of 4)" >&2[0m
2026-10-09T02:14:14.2643166Z [36;1m  sleep 30[0m
2026-10-09T02:14:14.2643365Z [36;1mdone[0m
2026-10-09T02:14:14.2699222Z shell: /usr/bin/bash --noprofile --norc -e -o pipefail {0}
2026-10-09T02:14:14.2699560Z env:
2026-10-09T02:14:14.2699747Z   CARGO_BUILD_JOBS: 2
2026-10-09T02:14:14.2699969Z   RUSTC_WRAPPER: 
2026-10-09T02:14:14.2700178Z   RUSTC_WORKSPACE_WRAPPER: 
2026-10-09T02:14:14.2700433Z   CARGO_HOME: /home/runner/.cargo
2026-10-09T02:14:14.2700679Z   toolchain: 1.95.0
2026-10-09T02:14:14.2700875Z   targets: 
2026-10-09T02:14:14.2701056Z   components: 
2026-10-09T02:14:14.2701259Z   RUSTUP_PERMIT_COPY_RENAME: 1
2026-10-09T02:14:14.2701490Z ##[endgroup]
2026-10-09T02:14:14.3166740Z info: syncing channel updates for 1.95.0-x86_64-unknown-linux-gnu
2026-10-09T02:14:14.4688798Z info: latest update on 2026-04-16 for version 1.95.0 (59807616e 2026-04-14)
2026-10-09T02:14:14.4689293Z info: downloading 3 components
2026-10-09T02:14:21.9274409Z 
2026-10-09T02:14:21.9344414Z   1.95.0-x86_64-unknown-linux-gnu installed - rustc 1.95.0 (59807616e 2026-04-14)
2026-10-09T02:14:21.9344803Z 
2026-10-09T02:14:21.9425589Z ##[end-action id=__dtolnay_rust-toolchain.__run_4;outcome=success;conclusion=success;duration_ms=7680]
2026-10-09T02:14:21.9436290Z ##[start-action display=rustup default 1.95.0;id=__dtolnay_rust-toolchain.__run_5]
2026-10-09T02:14:21.9462612Z ##[group]Run rustup default "$toolchain" --force-non-host
2026-10-09T02:14:21.9463047Z [36;1mrustup default "$toolchain" --force-non-host[0m
2026-10-09T02:14:21.9526713Z shell: /usr/bin/bash --noprofile --norc -e -o pipefail {0}
2026-10-09T02:14:21.9527066Z env:
2026-10-09T02:14:21.9527269Z   CARGO_BUILD_JOBS: 2
2026-10-09T02:14:21.9527488Z   RUSTC_WRAPPER: 
2026-10-09T02:14:21.9527719Z   RUSTC_WORKSPACE_WRAPPER: 
2026-10-09T02:14:21.9527983Z   CARGO_HOME: /home/runner/.cargo
2026-10-09T02:14:21.9528236Z   toolchain: 1.95.0
2026-10-09T02:14:21.9528440Z ##[endgroup]
2026-10-09T02:14:21.9657334Z info: using existing install for 1.95.0-x86_64-unknown-linux-gnu
2026-10-09T02:14:21.9662888Z info: default toolchain set to 1.95.0-x86_64-unknown-linux-gnu
2026-10-09T02:14:21.9663339Z 
2026-10-09T02:14:21.9731670Z   1.95.0-x86_64-unknown-linux-gnu unchanged - rustc 1.95.0 (59807616e 2026-04-14)
2026-10-09T02:14:21.9732215Z 
2026-10-09T02:14:21.9749439Z ##[end-action id=__dtolnay_rust-toolchain.__run_5;outcome=success;conclusion=success;duration_ms=31]
2026-10-09T02:14:21.9753948Z ##[start-action display=Create cachekey;id=__dtolnay_rust-toolchain.rustc-version]
2026-10-09T02:14:21.9779824Z ##[group]Run DATE=$(rustc +"$toolchain" --version --verbose | sed -ne 's/^commit-date: \(20[0-9][0-9]\)-\([01][0-9]\)-\([0-3][0-9]\)$/\1\2\3/p')
2026-10-09T02:14:21.9780729Z [36;1mDATE=$(rustc +"$toolchain" --version --verbose | sed -ne 's/^commit-date: \(20[0-9][0-9]\)-\([01][0-9]\)-\([0-3][0-9]\)$/\1\2\3/p')[0m
2026-10-09T02:14:21.9781420Z [36;1mHASH=$(rustc +"$toolchain" --version --verbose | sed -ne 's/^commit-hash: //p')[0m
2026-10-09T02:14:21.9781953Z [36;1mecho "cachekey=$(echo $DATE$HASH | head -c12)" >> $GITHUB_OUTPUT[0m
2026-10-09T02:14:21.9845542Z shell: /usr/bin/bash --noprofile --norc -e -o pipefail {0}
2026-10-09T02:14:21.9845899Z env:
2026-10-09T02:14:21.9846097Z   CARGO_BUILD_JOBS: 2
2026-10-09T02:14:21.9846324Z   RUSTC_WRAPPER: 
2026-10-09T02:14:21.9846556Z   RUSTC_WORKSPACE_WRAPPER: 
2026-10-09T02:14:21.9846821Z   CARGO_HOME: /home/runner/.cargo
2026-10-09T02:14:21.9847076Z   toolchain: 1.95.0
2026-10-09T02:14:21.9847280Z ##[endgroup]
2026-10-09T02:14:22.0202176Z ##[end-action id=__dtolnay_rust-toolchain.rustc-version;outcome=success;conclusion=success;duration_ms=44]
2026-10-09T02:14:22.0205400Z ##[start-action display=Disable incremental compilation;id=__dtolnay_rust-toolchain.__run_6]
2026-10-09T02:14:22.0230739Z ##[group]Run if [ -z "${CARGO_INCREMENTAL+set}" ]; then
2026-10-09T02:14:22.0231125Z [36;1mif [ -z "${CARGO_INCREMENTAL+set}" ]; then[0m
2026-10-09T02:14:22.0231460Z [36;1m  echo CARGO_INCREMENTAL=0 >> $GITHUB_ENV[0m
2026-10-09T02:14:22.0231747Z [36;1mfi[0m
2026-10-09T02:14:22.0298019Z shell: /usr/bin/bash --noprofile --norc -e -o pipefail {0}
2026-10-09T02:14:22.0298365Z env:
2026-10-09T02:14:22.0298553Z   CARGO_BUILD_JOBS: 2
2026-10-09T02:14:22.0298775Z   RUSTC_WRAPPER: 
2026-10-09T02:14:22.0298993Z   RUSTC_WORKSPACE_WRAPPER: 
2026-10-09T02:14:22.0299273Z   CARGO_HOME: /home/runner/.cargo
2026-10-09T02:14:22.0299534Z ##[endgroup]
2026-10-09T02:14:22.0392791Z ##[end-action id=__dtolnay_rust-toolchain.__run_6;outcome=success;conclusion=success;duration_ms=18]
2026-10-09T02:14:22.0395751Z ##[start-action display=Enable colors in Cargo output;id=__dtolnay_rust-toolchain.__run_7]
2026-10-09T02:14:22.0420924Z ##[group]Run if [ -z "${CARGO_TERM_COLOR+set}" ]; then
2026-10-09T02:14:22.0421297Z [36;1mif [ -z "${CARGO_TERM_COLOR+set}" ]; then[0m
2026-10-09T02:14:22.0421633Z [36;1m  echo CARGO_TERM_COLOR=always >> $GITHUB_ENV[0m
2026-10-09T02:14:22.0421935Z [36;1mfi[0m
2026-10-09T02:14:22.0485506Z shell: /usr/bin/bash --noprofile --norc -e -o pipefail {0}
2026-10-09T02:14:22.0485866Z env:
2026-10-09T02:14:22.0486057Z   CARGO_BUILD_JOBS: 2
2026-10-09T02:14:22.0486286Z   RUSTC_WRAPPER: 
2026-10-09T02:14:22.0486502Z   RUSTC_WORKSPACE_WRAPPER: 
2026-10-09T02:14:22.0486746Z   CARGO_HOME: /home/runner/.cargo
2026-10-09T02:14:22.0487004Z   CARGO_INCREMENTAL: 0
2026-10-09T02:14:22.0487211Z ##[endgroup]
2026-10-09T02:14:22.0581116Z ##[end-action id=__dtolnay_rust-toolchain.__run_7;outcome=success;conclusion=success;duration_ms=18]
2026-10-09T02:14:22.0585596Z ##[start-action display=Enable Cargo sparse registry;id=__dtolnay_rust-toolchain.__run_8]
2026-10-09T02:14:22.0612383Z ##[group]Run # implemented in 1.66, stabilized in 1.68, made default in 1.70
2026-10-09T02:14:22.0613034Z [36;1m# implemented in 1.66, stabilized in 1.68, made default in 1.70[0m
2026-10-09T02:14:22.0613922Z [36;1mif [ -z "${CARGO_REGISTRIES_CRATES_IO_PROTOCOL+set}" -o -f "/home/runner/work/_temp"/.implicit_cargo_registries_crates_io_protocol ]; then[0m
2026-10-09T02:14:22.0615341Z [36;1m  if rustc +"$toolchain" --version --verbose | grep -q '^release: 1\.6[89]\.'; then[0m
2026-10-09T02:14:22.0616059Z [36;1m    touch "/home/runner/work/_temp"/.implicit_cargo_registries_crates_io_protocol || true[0m
2026-10-09T02:14:22.0616776Z [36;1m    echo CARGO_REGISTRIES_CRATES_IO_PROTOCOL=sparse >> $GITHUB_ENV[0m
2026-10-09T02:14:22.0617602Z [36;1m  elif rustc +"$toolchain" --version --verbose | grep -q '^release: 1\.6[67]\.'; then[0m
2026-10-09T02:14:22.0618408Z [36;1m    touch "/home/runner/work/_temp"/.implicit_cargo_registries_crates_io_protocol || true[0m
2026-10-09T02:14:22.0619050Z [36;1m    echo CARGO_REGISTRIES_CRATES_IO_PROTOCOL=git >> $GITHUB_ENV[0m
2026-10-09T02:14:22.0619490Z [36;1m  fi[0m
2026-10-09T02:14:22.0676311Z [36;1mfi[0m
2026-10-09T02:14:22.0742997Z shell: /usr/bin/bash --noprofile --norc -e -o pipefail {0}
2026-10-09T02:14:22.0743350Z env:
2026-10-09T02:14:22.0743563Z   CARGO_BUILD_JOBS: 2
2026-10-09T02:14:22.0743782Z   RUSTC_WRAPPER: 
2026-10-09T02:14:22.0743991Z   RUSTC_WORKSPACE_WRAPPER: 
2026-10-09T02:14:22.0744523Z   CARGO_HOME: /home/runner/.cargo
2026-10-09T02:14:22.0744766Z   CARGO_INCREMENTAL: 0
2026-10-09T02:14:22.0744976Z   CARGO_TERM_COLOR: always
2026-10-09T02:14:22.0745193Z   toolchain: 1.95.0
2026-10-09T02:14:22.0745405Z ##[endgroup]
2026-10-09T02:14:22.1076635Z ##[end-action id=__dtolnay_rust-toolchain.__run_8;outcome=success;conclusion=success;duration_ms=49]
2026-10-09T02:14:22.1081364Z ##[start-action display=Work around spurious network errors in curl 8.0;id=__dtolnay_rust-toolchain.__run_9]
2026-10-09T02:14:22.1106832Z ##[group]Run # https://rust-lang.zulipchat.com/#narrow/stream/246057-t-cargo/topic/timeout.20investigation
2026-10-09T02:14:22.1107631Z [36;1m# https://rust-lang.zulipchat.com/#narrow/stream/246057-t-cargo/topic/timeout.20investigation[0m
2026-10-09T02:14:22.1108282Z [36;1mif rustc +"$toolchain" --version --verbose | grep -q '^release: 1\.7[01]\.'; then[0m
2026-10-09T02:14:22.1108764Z [36;1m  echo CARGO_HTTP_MULTIPLEXING=false >> $GITHUB_ENV[0m
2026-10-09T02:14:22.1109073Z [36;1mfi[0m
2026-10-09T02:14:22.1175336Z shell: /usr/bin/bash --noprofile --norc -e -o pipefail {0}
2026-10-09T02:14:22.1175685Z env:
2026-10-09T02:14:22.1175893Z   CARGO_BUILD_JOBS: 2
2026-10-09T02:14:22.1176122Z   RUSTC_WRAPPER: 
2026-10-09T02:14:22.1176350Z   RUSTC_WORKSPACE_WRAPPER: 
2026-10-09T02:14:22.1176610Z   CARGO_HOME: /home/runner/.cargo
2026-10-09T02:14:22.1176866Z   CARGO_INCREMENTAL: 0
2026-10-09T02:14:22.1177086Z   CARGO_TERM_COLOR: always
2026-10-09T02:14:22.1177308Z   toolchain: 1.95.0
2026-10-09T02:14:22.1177520Z ##[endgroup]
2026-10-09T02:14:22.1388129Z ##[end-action id=__dtolnay_rust-toolchain.__run_9;outcome=success;conclusion=success;duration_ms=30]
2026-10-09T02:14:22.1393720Z ##[start-action display=rustc +1.95.0 --version --verbose;id=__dtolnay_rust-toolchain.__run_10]
2026-10-09T02:14:22.1418346Z ##[group]Run rustc +"$toolchain" --version --verbose
2026-10-09T02:14:22.1418722Z [36;1mrustc +"$toolchain" --version --verbose[0m
2026-10-09T02:14:22.1484480Z shell: /usr/bin/bash --noprofile --norc -e -o pipefail {0}
2026-10-09T02:14:22.1484834Z env:
2026-10-09T02:14:22.1485031Z   CARGO_BUILD_JOBS: 2
2026-10-09T02:14:22.1485250Z   RUSTC_WRAPPER: 
2026-10-09T02:14:22.1485485Z   RUSTC_WORKSPACE_WRAPPER: 
2026-10-09T02:14:22.1485748Z   CARGO_HOME: /home/runner/.cargo
2026-10-09T02:14:22.1486004Z   CARGO_INCREMENTAL: 0
2026-10-09T02:14:22.1486398Z   CARGO_TERM_COLOR: always
2026-10-09T02:14:22.1486629Z   toolchain: 1.95.0
2026-10-09T02:14:22.1486833Z ##[endgroup]
2026-10-09T02:14:22.1677187Z rustc 1.95.0 (59807616e 2026-04-14)
2026-10-09T02:14:22.1678113Z binary: rustc
2026-10-09T02:14:22.1678565Z commit-hash: 59807616e1fa2540724bfbac14d7976d7e4a3860
2026-10-09T02:14:22.1679063Z commit-date: 2026-04-14
2026-10-09T02:14:22.1679352Z host: x86_64-unknown-linux-gnu
2026-10-09T02:14:22.1679617Z release: 1.95.0
2026-10-09T02:14:22.1680026Z LLVM version: 22.1.2
2026-10-09T02:14:22.1696651Z ##[end-action id=__dtolnay_rust-toolchain.__run_10;outcome=success;conclusion=success;duration_ms=30]
2026-10-09T02:14:22.1762938Z ##[group]Run cargo fetch --locked
2026-10-09T02:14:22.1763251Z [36;1mcargo fetch --locked[0m
2026-10-09T02:14:22.1829620Z shell: /usr/bin/bash -e {0}
2026-10-09T02:14:22.1829870Z env:
2026-10-09T02:14:22.1830059Z   CARGO_BUILD_JOBS: 2
2026-10-09T02:14:22.1830454Z   RUSTC_WRAPPER: 
2026-10-09T02:14:22.1830670Z   RUSTC_WORKSPACE_WRAPPER: 
2026-10-09T02:14:22.1830915Z   CARGO_HOME: /home/runner/.cargo
2026-10-09T02:14:22.1831164Z   CARGO_INCREMENTAL: 0
2026-10-09T02:14:22.1831386Z   CARGO_TERM_COLOR: always
2026-10-09T02:14:22.1831608Z ##[endgroup]
2026-10-09T02:14:22.2157494Z [1m[92m    Updating[0m crates.io index
2026-10-09T02:14:23.0365543Z [1m[92m Downloading[0m crates ...
2026-10-09T02:14:23.3032495Z [1m[92m  Downloaded[0m once_cell v1.21.4
2026-10-09T02:14:23.3074830Z [1m[92m  Downloaded[0m tracing-log v0.2.0
2026-10-09T02:14:23.3130862Z [1m[92m  Downloaded[0m equivalent v1.0.2
2026-10-09T02:14:23.3150459Z [1m[92m  Downloaded[0m sharded-slab v0.1.7
2026-10-09T02:14:23.3202775Z [1m[92m  Downloaded[0m wasm-metadata v0.244.0
2026-10-09T02:14:23.3236003Z [1m[92m  Downloaded[0m lock_api v0.4.14
2026-10-09T02:14:23.3268435Z [1m[92m  Downloaded[0m sha2 v0.10.9
2026-10-09T02:14:23.3308307Z [1m[92m  Downloaded[0m cpufeatures v0.2.17
2026-10-09T02:14:23.3336865Z [1m[92m  Downloaded[0m futures-channel v0.3.32
2026-10-09T02:14:23.3369035Z [1m[92m  Downloaded[0m block-buffer v0.10.4
2026-10-09T02:14:23.3390913Z [1m[92m  Downloaded[0m wit-bindgen-core v0.51.0
2026-10-09T02:14:23.3417778Z [1m[92m  Downloaded[0m quote v1.0.45
2026-10-09T02:14:23.3456519Z [1m[92m  Downloaded[0m js-sys v0.3.93
2026-10-09T02:14:23.3496444Z [1m[92m  Downloaded[0m wasip3 v0.4.0+wasi-0.3.0-rc-2026-01-06
2026-10-09T02:14:23.3552806Z [1m[92m  Downloaded[0m stable_deref_trait v1.2.1
2026-10-09T02:14:23.3573108Z [1m[92m  Downloaded[0m utf8_iter v1.0.4
2026-10-09T02:14:23.3593272Z [1m[92m  Downloaded[0m crypto-common v0.1.7
2026-10-09T02:14:23.3620135Z [1m[92m  Downloaded[0m http-body v1.1.0
2026-10-09T02:14:23.3639878Z [1m[92m  Downloaded[0m tracing v0.1.44
2026-10-09T02:14:23.3817837Z [1m[92m  Downloaded[0m zerovec-derive v0.11.6
2026-10-09T02:14:23.3843698Z [1m[92m  Downloaded[0m tracing-core v0.1.36
2026-10-09T02:14:23.3888282Z [1m[92m  Downloaded[0m windows-future v0.3.2
2026-10-09T02:14:23.3911741Z [1m[92m  Downloaded[0m ident_case v1.0.1
2026-10-09T02:14:23.3929188Z [1m[92m  Downloaded[0m tokio-stream v0.1.18
2026-10-09T02:14:23.4003667Z [1m[92m  Downloaded[0m futures v0.3.32
2026-10-09T02:14:23.4081668Z [1m[92m  Downloaded[0m potential_utf v0.1.6
2026-10-09T02:14:23.4101355Z [1m[92m  Downloaded[0m cfg-if v1.0.4
2026-10-09T02:14:23.4140775Z [1m[92m  Downloaded[0m zerofrom v0.1.8
2026-10-09T02:14:23.4159679Z [1m[92m  Downloaded[0m synstructure v0.14.0
2026-10-09T02:14:23.4196335Z [1m[92m  Downloaded[0m subtle v2.6.1
2026-10-09T02:14:23.4222878Z [1m[92m  Downloaded[0m tinystr v0.8.4
2026-10-09T02:14:23.4279015Z [1m[92m  Downloaded[0m tokio-rustls v0.26.5
2026-10-09T02:14:23.4302851Z [1m[92m  Downloaded[0m shlex v1.3.0
2026-10-09T02:14:23.4349113Z [1m[92m  Downloaded[0m writeable v0.6.4
2026-10-09T02:14:23.4379825Z [1m[92m  Downloaded[0m memchr v2.8.0
2026-10-09T02:14:23.4478733Z [1m[92m  Downloaded[0m hyper-rustls v0.27.10
2026-10-09T02:14:23.4499503Z [1m[92m  Downloaded[0m jobserver v0.1.34
2026-10-09T02:14:23.4560121Z [1m[92m  Downloaded[0m ipnet v2.12.2
2026-10-09T02:14:23.4603352Z [1m[92m  Downloaded[0m same-file v1.0.6
2026-10-09T02:14:23.4669654Z [1m[92m  Downloaded[0m windows-targets v0.53.5
2026-10-09T02:14:23.4715624Z [1m[92m  Downloaded[0m crossbeam-deque v0.8.6
2026-10-09T02:14:23.4765324Z [1m[92m  Downloaded[0m bitflags v1.3.2
2026-10-09T02:14:23.4836240Z [1m[92m  Downloaded[0m rayon v1.11.0
2026-10-09T02:14:23.4972028Z [1m[92m  Downloaded[0m lru v0.18.2
2026-10-09T02:14:23.4987179Z [1m[92m  Downloaded[0m tower-layer v0.3.3
2026-10-09T02:14:23.4999296Z [1m[92m  Downloaded[0m icu_properties v2.3.0
2026-10-09T02:14:23.5059044Z [1m[92m  Downloaded[0m rand_pcg v0.10.2
2026-10-09T02:14:23.5078741Z [1m[92m  Downloaded[0m windows-targets v0.52.6
2026-10-09T02:14:23.5095573Z [1m[92m  Downloaded[0m webpki-roots v1.0.9
2026-10-09T02:14:23.5168391Z [1m[92m  Downloaded[0m arrayref v0.3.9
2026-10-09T02:14:23.5213927Z [1m[92m  Downloaded[0m crossbeam-epoch v0.9.20
2026-10-09T02:14:23.5276800Z [1m[92m  Downloaded[0m tree-sitter-java v0.23.5
2026-10-09T02:14:23.5356476Z [1m[92m  Downloaded[0m scheduled-thread-pool v0.2.7
2026-10-09T02:14:23.5393741Z [1m[92m  Downloaded[0m tree-sitter-cpp v0.23.4
2026-10-09T02:14:23.5686851Z [1m[92m  Downloaded[0m fsevent-sys v4.1.0
2026-10-09T02:14:23.5710543Z [1m[92m  Downloaded[0m uuid v1.23.0
2026-10-09T02:14:23.5775315Z [1m[92m  Downloaded[0m tree-sitter-c v0.23.4
2026-10-09T02:14:23.5870515Z [1m[92m  Downloaded[0m anyhow v1.0.103
2026-10-09T02:14:23.5928185Z [1m[92m  Downloaded[0m kqueue v1.1.1
2026-10-09T02:14:23.5976778Z [1m[92m  Downloaded[0m redox_users v0.4.6
2026-10-09T02:14:23.6008876Z [1m[92m  Downloaded[0m tree-sitter-python v0.23.6
2026-10-09T02:14:23.6096357Z [1m[92m  Downloaded[0m tree-sitter-rust v0.23.3
2026-10-09T02:14:23.6211584Z [1m[92m  Downloaded[0m icu_normalizer v2.3.0
2026-10-09T02:14:23.6326547Z [1m[92m  Downloaded[0m getrandom v0.2.17
2026-10-09T02:14:23.6371133Z [1m[92m  Downloaded[0m tree-sitter v0.24.7
2026-10-09T02:14:23.6446329Z [1m[92m  Downloaded[0m windows_aarch64_msvc v0.48.5
2026-10-09T02:14:23.6568659Z [1m[92m  Downloaded[0m tree-sitter-go v0.23.4
2026-10-09T02:14:23.6625337Z [1m[92m  Downloaded[0m parking_lot_core v0.9.12
2026-10-09T02:14:23.6657002Z [1m[92m  Downloaded[0m rayon-core v1.13.0
2026-10-09T02:14:23.6714390Z [1m[92m  Downloaded[0m windows_x86_64_gnu v0.48.5
2026-10-09T02:14:23.6900466Z [1m[92m  Downloaded[0m windows_x86_64_gnu v0.52.6
2026-10-09T02:14:23.7102870Z [1m[92m  Downloaded[0m http v1.5.0
2026-10-09T02:14:23.7151695Z [1m[92m  Downloaded[0m windows_x86_64_msvc v0.53.1
2026-10-09T02:14:23.7278351Z [1m[92m  Downloaded[0m lru-slab v0.1.3
2026-10-09T02:14:23.7300258Z [1m[92m  Downloaded[0m tower-http v0.6.11
2026-10-09T02:14:23.7411104Z [1m[92m  Downloaded[0m anstream v1.0.0
2026-10-09T02:14:23.7438588Z [1m[92m  Downloaded[0m thiserror v1.0.69
2026-10-09T02:14:23.7511838Z [1m[92m  Downloaded[0m windows_x86_64_gnu v0.53.1
2026-10-09T02:14:23.7704618Z [1m[92m  Downloaded[0m tree-sitter-language v0.1.7
2026-10-09T02:14:23.7724868Z [1m[92m  Downloaded[0m windows_i686_msvc v0.48.5
2026-10-09T02:14:23.7859053Z [1m[92m  Downloaded[0m bstr v1.12.1
2026-10-09T02:14:23.7945516Z [1m[92m  Downloaded[0m r2d2 v0.8.10
2026-10-09T02:14:23.7969287Z [1m[92m  Downloaded[0m dirs v5.0.1
2026-10-09T02:14:23.7998359Z [1m[92m  Downloaded[0m windows_aarch64_gnullvm v0.53.1
2026-10-09T02:14:23.8145041Z [1m[92m  Downloaded[0m windows_i686_gnu v0.48.5
2026-10-09T02:14:23.8331066Z [1m[92m  Downloaded[0m windows_i686_msvc v0.53.1
2026-10-09T02:14:23.8461002Z [1m[92m  Downloaded[0m atomic-waker v1.1.2
2026-10-09T02:14:23.8477459Z [1m[92m  Downloaded[0m wit-bindgen-rust-macro v0.51.0
2026-10-09T02:14:23.8491906Z [1m[92m  Downloaded[0m windows_i686_msvc v0.52.6
2026-10-09T02:14:23.8625164Z [1m[92m  Downloaded[0m ring v0.17.14
2026-10-09T02:14:23.9045842Z [1m[92m  Downloaded[0m windows_x86_64_msvc v0.48.5
2026-10-09T02:14:23.9161074Z [1m[92m  Downloaded[0m bytes v1.11.1
2026-10-09T02:14:23.9213932Z [1m[92m  Downloaded[0m libc v0.2.183
2026-10-09T02:14:23.9609632Z [1m[92m  Downloaded[0m zstd-sys v2.0.16+zstd.1.5.7
2026-10-09T02:14:23.9777020Z [1m[92m  Downloaded[0m windows-targets v0.48.5
2026-10-09T02:14:23.9789360Z [1m[92m  Downloaded[0m tree-sitter-javascript v0.23.1
2026-10-09T02:14:23.9847337Z [1m[92m  Downloaded[0m globset v0.4.18
2026-10-09T02:14:23.9865598Z [1m[92m  Downloaded[0m windows_i686_gnu v0.52.6
2026-10-09T02:14:24.0057266Z [1m[92m  Downloaded[0m wasmparser v0.244.0
2026-10-09T02:14:24.0138648Z [1m[92m  Downloaded[0m option-ext v0.2.0
2026-10-09T02:14:24.0153979Z [1m[92m  Downloaded[0m windows_i686_gnullvm v0.53.1
2026-10-09T02:14:24.0283915Z [1m[92m  Downloaded[0m either v1.15.0
2026-10-09T02:14:24.0301438Z [1m[92m  Downloaded[0m web-sys v0.3.93
2026-10-09T02:14:24.1510466Z [1m[92m  Downloaded[0m lazy_static v1.5.0
2026-10-09T02:14:24.1530521Z [1m[92m  Downloaded[0m clap v4.6.0
2026-10-09T02:14:24.1631933Z [1m[92m  Downloaded[0m rustversion v1.0.22
2026-10-09T02:14:24.1663406Z [1m[92m  Downloaded[0m getrandom v0.4.2
2026-10-09T02:14:24.1704861Z [1m[92m  Downloaded[0m windows-sys v0.60.2
2026-10-09T02:14:24.2333751Z [1m[92m  Downloaded[0m windows-sys v0.52.0
2026-10-09T02:14:24.2969059Z [1m[92m  Downloaded[0m log v0.4.29
2026-10-09T02:14:24.2996019Z [1m[92m  Downloaded[0m windows_x86_64_gnullvm v0.52.6
2026-10-09T02:14:24.3078817Z [1m[92m  Downloaded[0m r2d2_sqlite v0.35.0
2026-10-09T02:14:24.3094675Z [1m[92m  Downloaded[0m windows-sys v0.61.2
2026-10-09T02:14:24.3722914Z [1m[92m  Downloaded[0m constant_time_eq v0.4.2
2026-10-09T02:14:24.3744709Z [1m[92m  Downloaded[0m tower-service v0.3.3
2026-10-09T02:14:24.3754234Z [1m[92m  Downloaded[0m winapi-util v0.1.11
2026-10-09T02:14:24.3770561Z [1m[92m  Downloaded[0m httparse v1.10.1
2026-10-09T02:14:24.3796826Z [1m[92m  Downloaded[0m futures-sink v0.3.32
2026-10-09T02:14:24.3808347Z [1m[92m  Downloaded[0m r-efi v6.0.0
2026-10-09T02:14:24.3863675Z [1m[92m  Downloaded[0m bitflags v2.11.0
2026-10-09T02:14:24.3909291Z [1m[92m  Downloaded[0m foldhash v0.2.0
2026-10-09T02:14:24.3925931Z [1m[92m  Downloaded[0m toml v0.8.23
2026-10-09T02:14:24.3952049Z [1m[92m  Downloaded[0m crossbeam-utils v0.8.21
2026-10-09T02:14:24.3986165Z [1m[92m  Downloaded[0m dirs-sys v0.4.1
2026-10-09T02:14:24.3999819Z [1m[92m  Downloaded[0m anstyle-query v1.1.5
2026-10-09T02:14:24.4014614Z [1m[92m  Downloaded[0m utf8parse v0.2.2
2026-10-09T02:14:24.4026194Z [1m[92m  Downloaded[0m rmcp v2.2.0
2026-10-09T02:14:24.4170437Z [1m[92m  Downloaded[0m clap_derive v4.6.0
2026-10-09T02:14:24.4193685Z [1m[92m  Downloaded[0m hyper v1.11.1
2026-10-09T02:14:24.4266035Z [1m[92m  Downloaded[0m syn v3.0.6
2026-10-09T02:14:24.4374113Z [1m[92m  Downloaded[0m serde_derive v1.0.228
2026-10-09T02:14:24.4406194Z [1m[92m  Downloaded[0m ignore v0.4.25
2026-10-09T02:14:24.4431749Z [1m[92m  Downloaded[0m windows_aarch64_gnullvm v0.48.5
2026-10-09T02:14:24.4508268Z [1m[92m  Downloaded[0m notify v8.2.0
2026-10-09T02:14:24.4526926Z [1m[92m  Downloaded[0m anstyle v1.0.14
2026-10-09T02:14:24.4542360Z [1m[92m  Downloaded[0m tower v0.5.3
2026-10-09T02:14:24.4648384Z [1m[92m  Downloaded[0m nix v0.31.2
2026-10-09T02:14:24.4767875Z [1m[92m  Downloaded[0m zstd-safe v7.2.4
2026-10-09T02:14:24.4784550Z [1m[92m  Downloaded[0m arrayvec v0.7.6
2026-10-09T02:14:24.4805450Z [1m[92m  Downloaded[0m thiserror-impl v1.0.69
2026-10-09T02:14:24.4821385Z [1m[92m  Downloaded[0m walkdir v2.5.0
2026-10-09T02:14:24.4842140Z [1m[92m  Downloaded[0m linux-raw-sys v0.12.1
2026-10-09T02:14:24.5458305Z [1m[92m  Downloaded[0m is_terminal_polyfill v1.70.2
2026-10-09T02:14:24.5469315Z [1m[92m  Downloaded[0m cpufeatures v0.3.0
2026-10-09T02:14:24.5484902Z [1m[92m  Downloaded[0m vcpkg v0.2.15
2026-10-09T02:14:24.6062179Z [1m[92m  Downloaded[0m libredox v0.1.15
2026-10-09T02:14:24.6072813Z [1m[92m  Downloaded[0m kqueue-sys v1.0.4
2026-10-09T02:14:24.6089114Z [1m[92m  Downloaded[0m windows_i686_gnu v0.53.1
2026-10-09T02:14:24.6290940Z [1m[92m  Downloaded[0m clap_builder v4.6.0
2026-10-09T02:14:24.6357456Z [1m[92m  Downloaded[0m reqwest v0.12.28
2026-10-09T02:14:25.0837315Z [1m[92m  Downloaded[0m slab v0.4.12
2026-10-09T02:14:25.0852116Z [1m[92m  Downloaded[0m wit-parser v0.244.0
2026-10-09T02:14:25.1238887Z [1m[92m  Downloaded[0m tokio-util v0.7.18
2026-10-09T02:14:25.1318001Z [1m[92m  Downloaded[0m getrandom v0.3.4
2026-10-09T02:14:25.1353854Z [1m[92m  Downloaded[0m tempfile v3.27.0
2026-10-09T02:14:25.1382717Z [1m[92m  Downloaded[0m inotify-sys v0.1.8
2026-10-09T02:14:25.1396345Z [1m[92m  Downloaded[0m inotify v0.11.5
2026-10-09T02:14:25.1416586Z [1m[92m  Downloaded[0m notify-types v2.1.0
2026-10-09T02:14:25.1455818Z [1m[92m  Downloaded[0m colorchoice v1.0.5
2026-10-09T02:14:25.1467805Z [1m[92m  Downloaded[0m quinn-udp v0.5.15
2026-10-09T02:14:25.1487918Z [1m[92m  Downloaded[0m icu_provider v2.3.1
2026-10-09T02:14:25.1518254Z [1m[92m  Downloaded[0m displaydoc v0.2.7
2026-10-09T02:14:25.1540404Z [1m[92m  Downloaded[0m idna v1.1.0
2026-10-09T02:14:25.1579220Z [1m[92m  Downloaded[0m windows_aarch64_msvc v0.53.1
2026-10-09T02:14:25.1697316Z [1m[92m  Downloaded[0m streaming-iterator v0.1.9
2026-10-09T02:14:25.1710677Z [1m[92m  Downloaded[0m process-wrap v9.1.0
2026-10-09T02:14:25.1779010Z [1m[92m  Downloaded[0m rusqlite v0.40.1
2026-10-09T02:14:25.1850912Z [1m[92m  Downloaded[0m serde_derive_internals v0.29.1
2026-10-09T02:14:25.1866666Z [1m[92m  Downloaded[0m zstd v0.13.3
2026-10-09T02:14:25.1898262Z [1m[92m  Downloaded[0m windows_x86_64_gnullvm v0.48.5
2026-10-09T02:14:25.1972093Z [1m[92m  Downloaded[0m rand v0.10.3
2026-10-09T02:14:25.2010321Z [1m[92m  Downloaded[0m untrusted v0.9.0
2026-10-09T02:14:25.2029833Z [1m[92m  Downloaded[0m form_urlencoded v1.2.2
2026-10-09T02:14:25.2039414Z [1m[92m  Downloaded[0m icu_normalizer_data v2.3.0
2026-10-09T02:14:25.2061605Z [1m[92m  Downloaded[0m icu_properties_data v2.3.0
2026-10-09T02:14:25.2173148Z [1m[92m  Downloaded[0m icu_locale_core v2.3.0
2026-10-09T02:14:25.2245562Z [1m[92m  Downloaded[0m rustls-pki-types v1.15.1
2026-10-09T02:14:25.2272566Z [1m[92m  Downloaded[0m windows-strings v0.5.1
2026-10-09T02:14:25.2291497Z [1m[92m  Downloaded[0m num-traits v0.2.19
2026-10-09T02:14:25.2321004Z [1m[92m  Downloaded[0m sqlite-wasm-rs v0.5.5
2026-10-09T02:14:25.3017616Z [1m[92m  Downloaded[0m dyn-clone v1.0.20
2026-10-09T02:14:25.3034363Z [1m[92m  Downloaded[0m schemars_derive v1.2.1
2026-10-09T02:14:25.3054714Z [1m[92m  Downloaded[0m bumpalo v3.20.2
2026-10-09T02:14:25.3082098Z [1m[92m  Downloaded[0m scopeguard v1.2.0
2026-10-09T02:14:25.3096941Z [1m[92m  Downloaded[0m indexmap v2.13.0
2026-10-09T02:14:25.3140609Z [1m[92m  Downloaded[0m aho-corasick v1.1.4
2026-10-09T02:14:25.3192637Z [1m[92m  Downloaded[0m once_cell_polyfill v1.70.2
2026-10-09T02:14:25.3204017Z [1m[92m  Downloaded[0m quinn v0.11.12
2026-10-09T02:14:25.3237623Z [1m[92m  Downloaded[0m icu_collections v2.3.0
2026-10-09T02:14:25.3301858Z [1m[92m  Downloaded[0m litemap v0.8.3
2026-10-09T02:14:25.3326367Z [1m[92m  Downloaded[0m zerovec v0.11.8
2026-10-09T02:14:25.3387201Z [1m[92m  Downloaded[0m find-msvc-tools v0.1.9
2026-10-09T02:14:25.3404002Z [1m[92m  Downloaded[0m futures-core v0.3.32
2026-10-09T02:14:25.3418970Z [1m[92m  Downloaded[0m rand_core v0.10.0
2026-10-09T02:14:25.3437034Z [1m[92m  Downloaded[0m prettyplease v0.2.37
2026-10-09T02:14:25.3473308Z [1m[92m  Downloaded[0m serde_json v1.0.149
2026-10-09T02:14:25.3547163Z [1m[92m  Downloaded[0m wasm-bindgen v0.2.116
2026-10-09T02:14:25.3573955Z [1m[92m  Downloaded[0m matchers v0.2.0
2026-10-09T02:14:25.3585674Z [1m[92m  Downloaded[0m valuable v0.1.1
2026-10-09T02:14:25.3606665Z [1m[92m  Downloaded[0m anstyle-parse v1.0.0
2026-10-09T02:14:25.3623393Z [1m[92m  Downloaded[0m regex v1.12.3
2026-10-09T02:14:25.3676942Z [1m[92m  Downloaded[0m base64 v0.23.1
2026-10-09T02:14:25.3718241Z [1m[92m  Downloaded[0m chacha20 v0.10.2
2026-10-09T02:14:25.3742829Z [1m[92m  Downloaded[0m tinyvec v1.13.3
2026-10-09T02:14:25.3789419Z [1m[92m  Downloaded[0m ryu v1.0.23
2026-10-09T02:14:25.3823063Z [1m[92m  Downloaded[0m serde_urlencoded v0.7.1
2026-10-09T02:14:25.3841482Z [1m[92m  Downloaded[0m blake3 v1.8.4
2026-10-09T02:14:25.3920488Z [1m[92m  Downloaded[0m windows_aarch64_gnullvm v0.52.6
2026-10-09T02:14:25.3996508Z [1m[92m  Downloaded[0m windows_aarch64_msvc v0.52.6
2026-10-09T02:14:25.4111432Z [1m[92m  Downloaded[0m windows_x86_64_msvc v0.52.6
2026-10-09T02:14:25.4223530Z [1m[92m  Downloaded[0m rustls-webpki v0.103.15
2026-10-09T02:14:25.4255435Z [1m[92m  Downloaded[0m async-trait v0.1.89
2026-10-09T02:14:25.4294186Z [1m[92m  Downloaded[0m windows-threading v0.2.1
2026-10-09T02:14:25.4305678Z [1m[92m  Downloaded[0m strsim v0.11.1
2026-10-09T02:14:25.4319118Z [1m[92m  Downloaded[0m darling_core v0.23.0
2026-10-09T02:14:25.4375319Z [1m[92m  Downloaded[0m chrono v0.4.44
2026-10-09T02:14:25.4441743Z [1m[92m  Downloaded[0m schemars v1.2.1
2026-10-09T02:14:25.4615263Z [1m[92m  Downloaded[0m tokio v1.50.0
2026-10-09T02:14:25.5055163Z [1m[92m  Downloaded[0m smallvec v1.15.1
2026-10-09T02:14:25.5077589Z [1m[92m  Downloaded[0m pin-project-lite v0.2.17
2026-10-09T02:14:25.5137481Z [1m[92m  Downloaded[0m unicode-ident v1.0.24
2026-10-09T02:14:25.5166495Z [1m[92m  Downloaded[0m anstyle-wincon v3.0.11
2026-10-09T02:14:25.5180737Z [1m[92m  Downloaded[0m clap_lex v1.0.0
2026-10-09T02:14:25.5192712Z [1m[92m  Downloaded[0m http-body-util v0.1.5
2026-10-09T02:14:25.5213842Z [1m[92m  Downloaded[0m try-lock v0.2.5
2026-10-09T02:14:25.5224284Z [1m[92m  Downloaded[0m want v0.3.1
2026-10-09T02:14:25.5235306Z [1m[92m  Downloaded[0m hyper-util v0.1.21
2026-10-09T02:14:25.5299759Z [1m[92m  Downloaded[0m quinn-proto v0.11.18
2026-10-09T02:14:25.5368080Z [1m[92m  Downloaded[0m rustls v0.23.45
2026-10-09T02:14:25.5486674Z [1m[92m  Downloaded[0m url v2.5.8
2026-10-09T02:14:25.5512720Z [1m[92m  Downloaded[0m fallible-streaming-iterator v0.1.9
2026-10-09T02:14:25.5522483Z [1m[92m  Downloaded[0m allocator-api2 v0.2.21
2026-10-09T02:14:25.5548883Z [1m[92m  Downloaded[0m iana-time-zone-haiku v0.1.2
2026-10-09T02:14:25.5558642Z [1m[92m  Downloaded[0m id-arena v2.3.0
2026-10-09T02:14:25.5572514Z [1m[92m  Downloaded[0m windows_i686_gnullvm v0.52.6
2026-10-09T02:14:25.5654675Z [1m[92m  Downloaded[0m windows_x86_64_gnullvm v0.53.1
2026-10-09T02:14:25.5766081Z [1m[92m  Downloaded[0m windows-link v0.2.1
2026-10-09T02:14:25.5775120Z [1m[92m  Downloaded[0m regex-syntax v0.8.10
2026-10-09T02:14:25.5842580Z [1m[92m  Downloaded[0m rustc-hash v2.1.3
2026-10-09T02:14:25.5856278Z [1m[92m  Downloaded[0m cc v1.2.58
2026-10-09T02:14:25.5886751Z [1m[92m  Downloaded[0m autocfg v1.5.0
2026-10-09T02:14:25.5906951Z [1m[92m  Downloaded[0m tracing-subscriber v0.3.23
2026-10-09T02:14:25.5990134Z [1m[92m  Downloaded[0m sync_wrapper v1.0.2
2026-10-09T02:14:25.5999227Z [1m[92m  Downloaded[0m yoke-derive v0.8.4
2026-10-09T02:14:25.6011333Z [1m[92m  Downloaded[0m web-time v1.1.0
2026-10-09T02:14:25.6029281Z [1m[92m  Downloaded[0m futures-executor v0.3.32
2026-10-09T02:14:25.6044880Z [1m[92m  Downloaded[0m darling v0.23.0
2026-10-09T02:14:25.6101227Z [1m[92m  Downloaded[0m rmcp-macros v2.2.0
2026-10-09T02:14:25.6116137Z [1m[92m  Downloaded[0m windows-core v0.62.2
2026-10-09T02:14:25.6146958Z [1m[92m  Downloaded[0m futures-util v0.3.32
2026-10-09T02:14:25.6280092Z [1m[92m  Downloaded[0m semver v1.0.27
2026-10-09T02:14:25.6303323Z [1m[92m  Downloaded[0m wit-component v0.244.0
2026-10-09T02:14:25.6885661Z [1m[92m  Downloaded[0m wasm-bindgen-macro v0.2.116
2026-10-09T02:14:25.6895476Z [1m[92m  Downloaded[0m wasi v0.11.1+wasi-snapshot-preview1
2026-10-09T02:14:25.6912572Z [1m[92m  Downloaded[0m winnow v0.7.15
2026-10-09T02:14:25.7008863Z [1m[92m  Downloaded[0m syn v2.0.117
2026-10-09T02:14:25.7114987Z [1m[92m  Downloaded[0m tracing-attributes v0.1.31
2026-10-09T02:14:25.7143124Z [1m[92m  Downloaded[0m yoke v0.8.3
2026-10-09T02:14:25.7162467Z [1m[92m  Downloaded[0m tree-sitter-typescript v0.23.2
2026-10-09T02:14:25.7406179Z [1m[92m  Downloaded[0m windows-collections v0.3.2
2026-10-09T02:14:25.7419485Z [1m[92m  Downloaded[0m hashbrown v0.17.1
2026-10-09T02:14:25.7473478Z [1m[92m  Downloaded[0m hashlink v0.12.1
2026-10-09T02:14:25.7492917Z [1m[92m  Downloaded[0m windows v0.62.2
2026-10-09T02:14:25.9902905Z [1m[92m  Downloaded[0m rsqlite-vfs v0.1.1
2026-10-09T02:14:25.9912656Z [1m[92m  Downloaded[0m r-efi v5.3.0
2026-10-09T02:14:25.9963530Z [1m[92m  Downloaded[0m windows-sys v0.48.0
2026-10-09T02:14:26.0731376Z [1m[92m  Downloaded[0m wasm-encoder v0.244.0
2026-10-09T02:14:26.0768761Z [1m[92m  Downloaded[0m wasm-bindgen-macro-support v0.2.116
2026-10-09T02:14:26.0787360Z [1m[92m  Downloaded[0m mio v1.2.0
2026-10-09T02:14:26.0848862Z [1m[92m  Downloaded[0m serde v1.0.228
2026-10-09T02:14:26.0884349Z [1m[92m  Downloaded[0m iana-time-zone v0.1.65
2026-10-09T02:14:26.0914572Z [1m[92m  Downloaded[0m ref-cast-impl v1.0.25
2026-10-09T02:14:26.0924210Z [1m[92m  Downloaded[0m wasip2 v1.0.2+wasi-0.2.9
2026-10-09T02:14:26.0963628Z [1m[92m  Downloaded[0m percent-encoding v2.3.2
2026-10-09T02:14:26.0972746Z [1m[92m  Downloaded[0m pastey v0.2.1
2026-10-09T02:14:26.0983879Z [1m[92m  Downloaded[0m windows-numerics v0.3.1
2026-10-09T02:14:26.0996154Z [1m[92m  Downloaded[0m libsqlite3-sys v0.38.1
2026-10-09T02:14:26.1582875Z [1m[92m  Downloaded[0m ref-cast v1.0.25
2026-10-09T02:14:26.1612502Z [1m[92m  Downloaded[0m foldhash v0.1.5
2026-10-09T02:14:26.1624726Z [1m[92m  Downloaded[0m wit-bindgen v0.51.0
2026-10-09T02:14:26.1658080Z [1m[92m  Downloaded[0m thiserror v2.0.18
2026-10-09T02:14:26.1723408Z [1m[92m  Downloaded[0m zeroize v1.9.0
2026-10-09T02:14:26.1738963Z [1m[92m  Downloaded[0m futures-macro v0.3.32
2026-10-09T02:14:26.1749300Z [1m[92m  Downloaded[0m wasm-bindgen-shared v0.2.116
2026-10-09T02:14:26.1759220Z [1m[92m  Downloaded[0m cfg_aliases v0.2.1
2026-10-09T02:14:26.1768570Z [1m[92m  Downloaded[0m itoa v1.0.18
2026-10-09T02:14:26.1782530Z [1m[92m  Downloaded[0m digest v0.10.7
2026-10-09T02:14:26.1800496Z [1m[92m  Downloaded[0m redox_syscall v0.5.18
2026-10-09T02:14:26.1825477Z [1m[92m  Downloaded[0m errno v0.3.14
2026-10-09T02:14:26.1840580Z [1m[92m  Downloaded[0m nu-ansi-term v0.50.3
2026-10-09T02:14:26.1864235Z [1m[92m  Downloaded[0m idna_adapter v1.2.2
2026-10-09T02:14:26.1873431Z [1m[92m  Downloaded[0m wasm-bindgen-futures v0.4.66
2026-10-09T02:14:26.1882116Z [1m[92m  Downloaded[0m windows-implement v0.60.2
2026-10-09T02:14:26.1892581Z [1m[92m  Downloaded[0m serde_spanned v0.6.9
2026-10-09T02:14:26.1903070Z [1m[92m  Downloaded[0m proc-macro2 v1.0.106
2026-10-09T02:14:26.1932051Z [1m[92m  Downloaded[0m zerofrom-derive v0.1.8
2026-10-09T02:14:26.1942561Z [1m[92m  Downloaded[0m base64 v0.22.1
2026-10-09T02:14:26.1980661Z [1m[92m  Downloaded[0m windows-interface v0.59.3
2026-10-09T02:14:26.1989515Z [1m[92m  Downloaded[0m futures-io v0.3.32
2026-10-09T02:14:26.1998443Z [1m[92m  Downloaded[0m futures-task v0.3.32
2026-10-09T02:14:26.2010066Z [1m[92m  Downloaded[0m heck v0.5.0
2026-10-09T02:14:26.2022557Z [1m[92m  Downloaded[0m leb128fmt v0.1.0
2026-10-09T02:14:26.2031806Z [1m[92m  Downloaded[0m pkg-config v0.3.32
2026-10-09T02:14:26.2047388Z [1m[92m  Downloaded[0m zmij v1.0.21
2026-10-09T02:14:26.2065190Z [1m[92m  Downloaded[0m unicode-xid v0.2.6
2026-10-09T02:14:26.2077745Z [1m[92m  Downloaded[0m parking_lot v0.12.5
2026-10-09T02:14:26.2102081Z [1m[92m  Downloaded[0m socket2 v0.6.3
2026-10-09T02:14:26.2119865Z [1m[92m  Downloaded[0m toml_write v0.1.2
2026-10-09T02:14:26.2132904Z [1m[92m  Downloaded[0m regex-automata v0.4.14
2026-10-09T02:14:26.2271451Z [1m[92m  Downloaded[0m core-foundation-sys v0.8.7
2026-10-09T02:14:26.2302233Z [1m[92m  Downloaded[0m thiserror-impl v2.0.18
2026-10-09T02:14:26.2316783Z [1m[92m  Downloaded[0m toml_datetime v0.6.11
2026-10-09T02:14:26.2327396Z [1m[92m  Downloaded[0m zerotrie v0.2.5
2026-10-09T02:14:26.2366733Z [1m[92m  Downloaded[0m darling_macro v0.23.0
2026-10-09T02:14:26.2374079Z [1m[92m  Downloaded[0m fallible-iterator v0.3.0
2026-10-09T02:14:26.2386483Z [1m[92m  Downloaded[0m android_system_properties v0.1.5
2026-10-09T02:14:26.2396135Z [1m[92m  Downloaded[0m windows-result v0.4.1
2026-10-09T02:14:26.2409070Z [1m[92m  Downloaded[0m fastrand v2.3.0
2026-10-09T02:14:26.2421723Z [1m[92m  Downloaded[0m generic-array v0.14.7
2026-10-09T02:14:26.2435281Z [1m[92m  Downloaded[0m rustix v1.1.4
2026-10-09T02:14:26.2708216Z [1m[92m  Downloaded[0m hashbrown v0.16.1
2026-10-09T02:14:26.2758448Z [1m[92m  Downloaded[0m version_check v0.9.5
2026-10-09T02:14:26.2770818Z [1m[92m  Downloaded[0m hashbrown v0.15.5
2026-10-09T02:14:26.2819121Z [1m[92m  Downloaded[0m typenum v1.20.1
2026-10-09T02:14:26.2853107Z [1m[92m  Downloaded[0m wit-bindgen-rust v0.51.0
2026-10-09T02:14:26.2874300Z [1m[92m  Downloaded[0m tokio-macros v2.6.1
2026-10-09T02:14:26.2885231Z [1m[92m  Downloaded[0m serde_core v1.0.228
2026-10-09T02:14:26.2912683Z [1m[92m  Downloaded[0m toml_edit v0.22.27
2026-10-09T02:14:26.2956181Z [1m[92m  Downloaded[0m thread_local v1.1.9
2026-10-09T02:14:26.2971425Z [1m[92m  Downloaded[0m signal-hook-registry v1.4.8
2026-10-09T02:14:26.3774719Z ##[group]Run set -euo pipefail
2026-10-09T02:14:26.3775064Z [36;1mset -euo pipefail[0m
2026-10-09T02:14:26.3775340Z [36;1mmkdir -p "$RUNNER_TEMP/p8-lifecycle"[0m
2026-10-09T02:14:26.3775841Z [36;1mpython3 scripts/p7_stdio_build_receipt.py --package-kind default --offline --release \[0m
2026-10-09T02:14:26.3776376Z [36;1m  --output-dir "$RUNNER_TEMP/p8-lifecycle/product"[0m
2026-10-09T02:14:26.3835446Z shell: /usr/bin/bash --noprofile --norc -e -o pipefail {0}
2026-10-09T02:14:26.3835784Z env:
2026-10-09T02:14:26.3835977Z   CARGO_BUILD_JOBS: 2
2026-10-09T02:14:26.3836194Z   RUSTC_WRAPPER: 
2026-10-09T02:14:26.3836405Z   RUSTC_WORKSPACE_WRAPPER: 
2026-10-09T02:14:26.3836652Z   CARGO_HOME: /home/runner/.cargo
2026-10-09T02:14:26.3836896Z   CARGO_INCREMENTAL: 0
2026-10-09T02:14:26.3837111Z   CARGO_TERM_COLOR: always
2026-10-09T02:14:26.3837332Z ##[endgroup]
2026-10-09T02:18:17.1341319Z {"binary": "/home/runner/work/_temp/p8-lifecycle/product/codecortex", "receipt": "/home/runner/work/_temp/p8-lifecycle/product/build-receipt.json", "package_kind": "default", "features": [], "sha256": "7662083f4e948569e87867ba0010e9e9634a8a4c26fb976a26b2f4c5aa6972d4", "source_commit": "a23bb72d3c954f385b99fe81ce9189885c208557", "source_inputs": 1087, "profile": "release"}
2026-10-09T02:18:17.1439093Z ##[group]Run set -euo pipefail
2026-10-09T02:18:17.1439467Z [36;1mset -euo pipefail[0m
2026-10-09T02:18:17.1439880Z [36;1mcargo build --offline --locked --release -p cc-eval --bin p8-measurements \[0m
2026-10-09T02:18:17.1440454Z [36;1m  --target-dir "$RUNNER_TEMP/p8-lifecycle/product/cargo-target" \[0m
2026-10-09T02:18:17.1440892Z [36;1m  --message-format=json-render-diagnostics \[0m
2026-10-09T02:18:17.1441267Z [36;1m  > "$RUNNER_TEMP/p8-lifecycle/replay-build.jsonl" \[0m
2026-10-09T02:18:17.1441648Z [36;1m  2> "$RUNNER_TEMP/p8-lifecycle/replay-build.stderr"[0m
2026-10-09T02:18:17.1441972Z [36;1mpython3 - <<'PY'[0m
2026-10-09T02:18:17.1442236Z [36;1mimport json, os, pathlib, shutil, sys[0m
2026-10-09T02:18:17.1442543Z [36;1msys.path.insert(0, 'scripts')[0m
2026-10-09T02:18:17.1442998Z [36;1mfrom p7_build_identity import file_sha256, source_snapshot, verify_release_profile[0m
2026-10-09T02:18:17.1443588Z [36;1mroot = pathlib.Path(os.environ['RUNNER_TEMP']) / 'p8-lifecycle'[0m
2026-10-09T02:18:17.1444505Z [36;1mrows = [json.loads(line) for line in (root / 'replay-build.jsonl').read_text().splitlines()][0m
2026-10-09T02:18:17.1445149Z [36;1martifacts = [row for row in rows if row.get('reason') == 'compiler-artifact'[0m
2026-10-09T02:18:17.1445658Z [36;1m             and row.get('target', {}).get('name') == 'p8-measurements'[0m
2026-10-09T02:18:17.1446077Z [36;1m             and row.get('target', {}).get('kind') == ['bin']][0m
2026-10-09T02:18:17.1446529Z [36;1massert len(artifacts) == 1 and any(row.get('reason') == 'build-finished'[0m
2026-10-09T02:18:17.1446999Z [36;1m                                  and row.get('success') is True for row in rows)[0m
2026-10-09T02:18:17.1447361Z [36;1martifact = artifacts[0][0m
2026-10-09T02:18:17.1447667Z [36;1mverify_release_profile(artifact['profile'])[0m
2026-10-09T02:18:17.1448017Z [36;1mafter = source_snapshot(pathlib.Path.cwd())[0m
2026-10-09T02:18:17.1448446Z [36;1mproduct = json.loads((root / 'product/build-receipt.json').read_text())[0m
2026-10-09T02:18:17.1448982Z [36;1massert {k:v for k,v in after.items() if k != 'inputs'} == product['source_after'][0m
2026-10-09T02:18:17.1449699Z [36;1mproduced = pathlib.Path(artifact['executable']).resolve(strict=True)[0m
2026-10-09T02:18:17.1450206Z [36;1massert (root / 'product/cargo-target').resolve() in produced.parents[0m
2026-10-09T02:18:17.1450611Z [36;1msource_sha256 = file_sha256(produced)[0m
2026-10-09T02:18:17.1450919Z [36;1mbinary = root / 'p8-measurements'[0m
2026-10-09T02:18:17.1451212Z [36;1mshutil.copy2(produced, binary)[0m
2026-10-09T02:18:17.1451527Z [36;1massert file_sha256(binary) == source_sha256[0m
2026-10-09T02:18:17.1451959Z [36;1mcommand = ['cargo', 'build', '--offline', '--locked', '--release', '-p', 'cc-eval',[0m
2026-10-09T02:18:17.1452520Z [36;1m           '--bin', 'p8-measurements', '--target-dir', str(root / 'product/cargo-target'),[0m
2026-10-09T02:18:17.1453023Z [36;1m           '--message-format=json-render-diagnostics'][0m
2026-10-09T02:18:17.1453422Z [36;1mreceipt = {'schema_version': 1, 'build_exit_code': 0,[0m
2026-10-09T02:18:17.1453936Z [36;1m           'source_before': product['source_before'], 'source_after': product['source_after'],[0m
2026-10-09T02:18:17.1454785Z [36;1m           'artifact': artifact, 'build_command': command,[0m
2026-10-09T02:18:17.1455211Z [36;1m           'copy_source': {'path': str(produced), 'sha256': source_sha256},[0m
2026-10-09T02:18:17.1455615Z [36;1m           'binary_sha256': file_sha256(binary),[0m
2026-10-09T02:18:17.1456126Z [36;1m           'build_stdout': {'name': 'replay-build.jsonl', 'sha256': file_sha256(root / 'replay-build.jsonl')},[0m
2026-10-09T02:18:17.1456831Z [36;1m           'build_stderr': {'name': 'replay-build.stderr', 'sha256': file_sha256(root / 'replay-build.stderr')},[0m
2026-10-09T02:18:17.1457528Z [36;1m           'scope': 'actual release replay build and exact retained binary; not a performance gate'}[0m
2026-10-09T02:18:17.1458397Z [36;1m(root / 'replay-build-receipt.json').write_text(json.dumps(receipt, sort_keys=True, indent=2) + '\n')[0m
2026-10-09T02:18:17.1458897Z [36;1mPY[0m
2026-10-09T02:18:17.1518423Z shell: /usr/bin/bash --noprofile --norc -e -o pipefail {0}
2026-10-09T02:18:17.1518768Z env:
2026-10-09T02:18:17.1518959Z   CARGO_BUILD_JOBS: 2
2026-10-09T02:18:17.1519175Z   RUSTC_WRAPPER: 
2026-10-09T02:18:17.1519394Z   RUSTC_WORKSPACE_WRAPPER: 
2026-10-09T02:18:17.1519653Z   CARGO_HOME: /home/runner/.cargo
2026-10-09T02:18:17.1519910Z   CARGO_INCREMENTAL: 0
2026-10-09T02:18:17.1520126Z   CARGO_TERM_COLOR: always
2026-10-09T02:18:17.1520348Z ##[endgroup]
2026-10-09T02:20:31.3242240Z ##[group]Run set -euo pipefail
2026-10-09T02:20:31.3242588Z [36;1mset -euo pipefail[0m
2026-10-09T02:20:31.3242862Z [36;1mpython3 scripts/p8_lifecycle.py \[0m
2026-10-09T02:20:31.3243246Z [36;1m  --binary "$RUNNER_TEMP/p8-lifecycle/product/codecortex" \[0m
2026-10-09T02:20:31.3243747Z [36;1m  --build-receipt "$RUNNER_TEMP/p8-lifecycle/product/build-receipt.json" \[0m
2026-10-09T02:20:31.3244548Z [36;1m  --evaluator "$RUNNER_TEMP/p8-lifecycle/p8-measurements" \[0m
2026-10-09T02:20:31.3245117Z [36;1m  --evaluator-build-receipt "$RUNNER_TEMP/p8-lifecycle/replay-build-receipt.json" \[0m
2026-10-09T02:20:31.3245696Z [36;1m  --profile release --cold-samples 30 --query-samples 400 --files 32 \[0m
2026-10-09T02:20:31.3246203Z [36;1m  --run-timeout-seconds 3600 --artifact-budget-bytes 536870912 \[0m
2026-10-09T02:20:31.3246668Z [36;1m  --output-dir "$RUNNER_TEMP/p8-lifecycle/measurement"[0m
2026-10-09T02:20:31.3247240Z [36;1mpython3 scripts/p8_lifecycle.py verify --output-dir "$RUNNER_TEMP/p8-lifecycle/measurement"[0m
2026-10-09T02:20:31.3306729Z shell: /usr/bin/bash --noprofile --norc -e -o pipefail {0}
2026-10-09T02:20:31.3307083Z env:
2026-10-09T02:20:31.3307278Z   CARGO_BUILD_JOBS: 2
2026-10-09T02:20:31.3307497Z   RUSTC_WRAPPER: 
2026-10-09T02:20:31.3307710Z   RUSTC_WORKSPACE_WRAPPER: 
2026-10-09T02:20:31.3307961Z   CARGO_HOME: /home/runner/.cargo
2026-10-09T02:20:31.3308216Z   CARGO_INCREMENTAL: 0
2026-10-09T02:20:31.3308433Z   CARGO_TERM_COLOR: always
2026-10-09T02:20:31.3308828Z ##[endgroup]
2026-10-09T02:22:17.2129679Z {"status": "complete_observation", "exit_code": 0, "output": "/home/runner/work/_temp/p8-lifecycle/measurement"}
2026-10-09T02:22:17.8126316Z {"status": "sealed_raw_verified", "files": 2381, "receipt_sha256": "b1f1527d247036d2ec0faf7f270a79faf9bcda9f19f30b0f68527bd1bf9325d3"}
2026-10-09T02:22:17.8275292Z ##[group]Run actions/upload-artifact@v4
2026-10-09T02:22:17.8275597Z with:
2026-10-09T02:22:17.8275882Z   name: p8-lifecycle-a23bb72d3c954f385b99fe81ce9189885c208557
2026-10-09T02:22:17.8276474Z   path: /home/runner/work/_temp/p8-lifecycle
!/home/runner/work/_temp/p8-lifecycle/product/cargo-target/**

2026-10-09T02:22:17.8276983Z   include-hidden-files: true
2026-10-09T02:22:17.8277223Z   retention-days: 21
2026-10-09T02:22:17.8277440Z   if-no-files-found: error
2026-10-09T02:22:17.8277667Z   compression-level: 6
2026-10-09T02:22:17.8277878Z   overwrite: false
2026-10-09T02:22:17.8278067Z env:
2026-10-09T02:22:17.8278244Z   CARGO_BUILD_JOBS: 2
2026-10-09T02:22:17.8278461Z   RUSTC_WRAPPER: 
2026-10-09T02:22:17.8278664Z   RUSTC_WORKSPACE_WRAPPER: 
2026-10-09T02:22:17.8278899Z   CARGO_HOME: /home/runner/.cargo
2026-10-09T02:22:17.8279144Z   CARGO_INCREMENTAL: 0
2026-10-09T02:22:17.8279356Z   CARGO_TERM_COLOR: always
2026-10-09T02:22:17.8279574Z ##[endgroup]
2026-10-09T02:22:17.9880179Z (node:17694) [DEP0040] DeprecationWarning: The `punycode` module is deprecated. Please use a userland alternative instead.
2026-10-09T02:22:17.9881468Z (Use `node --trace-deprecation ...` to show where the warning was created)
2026-10-09T02:22:18.6481363Z With the provided path, there will be 2391 files uploaded
2026-10-09T02:22:18.6487500Z Artifact name is valid!
2026-10-09T02:22:18.6488182Z Root directory input is valid!
2026-10-09T02:22:19.0308124Z Beginning upload of artifact content to blob storage
2026-10-09T02:22:20.1884218Z (node:17694) [DEP0169] DeprecationWarning: `url.parse()` behavior is not standardized and prone to errors that have security implications. Use the WHATWG URL API instead. CVEs are not issued for `url.parse()` vulnerabilities.
2026-10-09T02:22:21.1172595Z Uploaded bytes 8388608
2026-10-09T02:22:21.5078163Z Uploaded bytes 16777216
2026-10-09T02:22:22.9573397Z Uploaded bytes 25165824
2026-10-09T02:22:24.2289913Z Uploaded bytes 33554432
2026-10-09T02:22:25.2864308Z Uploaded bytes 41943040
2026-10-09T02:22:25.8147822Z Uploaded bytes 49345173
2026-10-09T02:22:25.8940997Z Finished uploading artifact content to blob storage!
2026-10-09T02:22:25.8944966Z SHA256 digest of uploaded artifact zip is 63aadf94879ea86782e9759828e853c1a030d70014fdc3fbdc127a18ca2eb055
2026-10-09T02:22:25.8947020Z Finalizing artifact upload
2026-10-09T02:22:26.3061185Z Artifact p8-lifecycle-a23bb72d3c954f385b99fe81ce9189885c208557.zip successfully finalized. Artifact ID 11591607348
2026-10-09T02:22:26.3062700Z Artifact p8-lifecycle-a23bb72d3c954f385b99fe81ce9189885c208557 has been successfully uploaded! Final size is 49345173 bytes. Artifact ID is 11591607348
2026-10-09T02:22:26.3070541Z Artifact download URL: https://github.com/jyqj/codecortex/actions/runs/37871838975/artifacts/11591607348
2026-10-09T02:22:26.3461476Z Post job cleanup.
2026-10-09T02:22:26.4384956Z [command]/usr/bin/git version
2026-10-09T02:22:26.4426038Z git version 2.55.0
2026-10-09T02:22:26.4462557Z Temporarily overriding HOME='/home/runner/work/_temp/b80ff2f4-b229-4520-a14a-b15493374721' before making global git config changes
2026-10-09T02:22:26.4464233Z Adding repository directory to the temporary git global config as a safe directory
2026-10-09T02:22:26.4468135Z [command]/usr/bin/git config --global --add safe.directory /home/runner/work/codecortex/codecortex
2026-10-09T02:22:26.4506524Z [command]/usr/bin/git config --local --name-only --get-regexp core\.sshCommand
2026-10-09T02:22:26.4540341Z [command]/usr/bin/git submodule foreach --recursive sh -c "git config --local --name-only --get-regexp 'core\.sshCommand' && git config --local --unset-all 'core.sshCommand' || :"
2026-10-09T02:22:26.4801503Z [command]/usr/bin/git config --local --name-only --get-regexp http\.https\:\/\/github\.com\/\.extraheader
2026-10-09T02:22:26.4826148Z http.https://github.com/.extraheader
2026-10-09T02:22:26.4837675Z [command]/usr/bin/git config --local --unset-all http.https://github.com/.extraheader
2026-10-09T02:22:26.4872420Z [command]/usr/bin/git submodule foreach --recursive sh -c "git config --local --name-only --get-regexp 'http\.https\:\/\/github\.com\/\.extraheader' && git config --local --unset-all 'http.https://github.com/.extraheader' || :"
2026-10-09T02:22:26.5125119Z [command]/usr/bin/git config --local --name-only --get-regexp ^includeIf\.gitdir:
2026-10-09T02:22:26.5158449Z [command]/usr/bin/git submodule foreach --recursive git config --local --show-origin --name-only --get-regexp remote.origin.url
2026-10-09T02:22:26.5597337Z Cleaning up orphan processes
2026-10-09T02:22:26.5877826Z ##[warning]Node.js 20 is deprecated. The following actions target Node.js 20 but are being forced to run on Node.js 24: actions/checkout@v4, actions/upload-artifact@v4. For more information see: https://github.blog/changelog/2025-09-19-deprecation-of-node-20-on-github-actions-runners/
