2026-10-09T02:19:08.6968109Z Current runner version: '2.337.0'
2026-10-09T02:19:08.6986409Z ##[group]Runner Image Provisioner
2026-10-09T02:19:08.6987070Z Hosted Compute Agent
2026-10-09T02:19:08.6987492Z Version: 20261002.596
2026-10-09T02:19:08.6987869Z Commit: c3d12f3313a95f25162a1503be624f3b0617f8c0
2026-10-09T02:19:08.6988360Z Build Date: 2026-10-02T22:28:27Z
2026-10-09T02:19:08.6988911Z Worker ID: {a89a288f-1df5-450b-be56-7a02c583dfad}
2026-10-09T02:19:08.6989379Z Region: centralus
2026-10-09T02:19:08.6989770Z Cloud: Azure
2026-10-09T02:19:08.6990113Z ##[endgroup]
2026-10-09T02:19:08.6990981Z ##[group]Operating System
2026-10-09T02:19:08.6991355Z Ubuntu
2026-10-09T02:19:08.6991743Z 24.04.5
2026-10-09T02:19:08.6992108Z LTS
2026-10-09T02:19:08.6992431Z ##[endgroup]
2026-10-09T02:19:08.6992807Z ##[group]Runner Image
2026-10-09T02:19:08.6993187Z Image: ubuntu-24.04
2026-10-09T02:19:08.6993526Z Version: 20261004.327.1
2026-10-09T02:19:08.6994377Z Included Software: https://github.com/actions/runner-images/blob/ubuntu24/20261004.327/images/ubuntu/Ubuntu2404-Readme.md
2026-10-09T02:19:08.6995314Z Image Release: https://github.com/actions/runner-images/releases/tag/ubuntu24%2F20261004.327
2026-10-09T02:19:08.6995887Z ##[endgroup]
2026-10-09T02:19:08.6996629Z ##[group]GITHUB_TOKEN Permissions
2026-10-09T02:19:08.6997803Z Contents: read
2026-10-09T02:19:08.6998141Z Metadata: read
2026-10-09T02:19:08.6998789Z ##[endgroup]
2026-10-09T02:19:08.7000224Z Secret source: Actions
2026-10-09T02:19:08.7000892Z Cache mode: write
2026-10-09T02:19:08.7001318Z Prepare workflow directory
2026-10-09T02:19:08.7253338Z Prepare all required actions
2026-10-09T02:19:08.7286122Z Getting action download info
2026-10-09T02:19:08.9701562Z Download action repository 'actions/checkout@v4' (SHA:11d5960a326750d5838078e36cf38b85af677262)
2026-10-09T02:19:09.0618424Z Download action repository 'dtolnay/rust-toolchain@1.95.0' (SHA:1d64bbcee8ef0c191a54710c227fd268a0d5014b)
2026-10-09T02:19:09.2599135Z Download action repository 'actions/upload-artifact@v4' (SHA:ea165f8d65b6e75b540449e92b4886f43607fa02)
2026-10-09T02:19:09.4959918Z Complete job name: mixed (4)
2026-10-09T02:19:09.5449287Z ##[group]Run actions/checkout@v4
2026-10-09T02:19:09.5449755Z with:
2026-10-09T02:19:09.5450041Z   ref: a23bb72d3c954f385b99fe81ce9189885c208557
2026-10-09T02:19:09.5450408Z   repository: jyqj/codecortex
2026-10-09T02:19:09.5452686Z   token: ***
2026-10-09T02:19:09.5452940Z   ssh-strict: true
2026-10-09T02:19:09.5453202Z   ssh-user: git
2026-10-09T02:19:09.5453471Z   persist-credentials: true
2026-10-09T02:19:09.5453761Z   clean: true
2026-10-09T02:19:09.5454030Z   sparse-checkout-cone-mode: true
2026-10-09T02:19:09.5454344Z   fetch-depth: 1
2026-10-09T02:19:09.5454608Z   fetch-tags: false
2026-10-09T02:19:09.5454874Z   show-progress: true
2026-10-09T02:19:09.5455144Z   lfs: false
2026-10-09T02:19:09.5455409Z   submodules: false
2026-10-09T02:19:09.5455678Z   set-safe-directory: true
2026-10-09T02:19:09.5455988Z   allow-unsafe-pr-checkout: false
2026-10-09T02:19:09.5456363Z env:
2026-10-09T02:19:09.5456627Z   CARGO_TERM_COLOR: never
2026-10-09T02:19:09.5456945Z   CARGO_INCREMENTAL: 0
2026-10-09T02:19:09.5457217Z   CARGO_BUILD_JOBS: 2
2026-10-09T02:19:09.5457497Z   PYTHONDONTWRITEBYTECODE: 1
2026-10-09T02:19:09.5457793Z ##[endgroup]
2026-10-09T02:19:09.6119100Z Syncing repository: jyqj/codecortex
2026-10-09T02:19:09.6120369Z ##[group]Getting Git version info
2026-10-09T02:19:09.6120795Z Working directory is '/home/runner/work/codecortex/codecortex'
2026-10-09T02:19:09.6121457Z [command]/usr/bin/git version
2026-10-09T02:19:09.6181300Z git version 2.55.0
2026-10-09T02:19:09.6193608Z ##[endgroup]
2026-10-09T02:19:09.6202658Z Temporarily overriding HOME='/home/runner/work/_temp/ab2c1a3d-cad9-491b-b197-e404319f83ae' before making global git config changes
2026-10-09T02:19:09.6203866Z Adding repository directory to the temporary git global config as a safe directory
2026-10-09T02:19:09.6206354Z [command]/usr/bin/git config --global --add safe.directory /home/runner/work/codecortex/codecortex
2026-10-09T02:19:09.6246714Z Deleting the contents of '/home/runner/work/codecortex/codecortex'
2026-10-09T02:19:09.6249384Z ##[group]Initializing the repository
2026-10-09T02:19:09.6251605Z [command]/usr/bin/git init /home/runner/work/codecortex/codecortex
2026-10-09T02:19:09.6345930Z hint: Using 'master' as the name for the initial branch. This default branch name
2026-10-09T02:19:09.6346866Z hint: will change to "main" in Git 3.0. To configure the initial branch name
2026-10-09T02:19:09.6347430Z hint: to use in all of your new repositories, which will suppress this warning,
2026-10-09T02:19:09.6348161Z hint: call:
2026-10-09T02:19:09.6348772Z hint:
2026-10-09T02:19:09.6349276Z hint: 	git config --global init.defaultBranch <name>
2026-10-09T02:19:09.6349853Z hint:
2026-10-09T02:19:09.6350354Z hint: Names commonly chosen instead of 'master' are 'main', 'trunk' and
2026-10-09T02:19:09.6351274Z hint: 'development'. The just-created branch can be renamed via this command:
2026-10-09T02:19:09.6351967Z hint:
2026-10-09T02:19:09.6352252Z hint: 	git branch -m <name>
2026-10-09T02:19:09.6352536Z hint:
2026-10-09T02:19:09.6352927Z hint: Disable this message with "git config set advice.defaultBranchName false"
2026-10-09T02:19:09.6353551Z Initialized empty Git repository in /home/runner/work/codecortex/codecortex/.git/
2026-10-09T02:19:09.6355282Z [command]/usr/bin/git remote add origin https://github.com/jyqj/codecortex
2026-10-09T02:19:09.6395997Z ##[endgroup]
2026-10-09T02:19:09.6396484Z ##[group]Disabling automatic garbage collection
2026-10-09T02:19:09.6397982Z [command]/usr/bin/git config --local gc.auto 0
2026-10-09T02:19:09.6421039Z ##[endgroup]
2026-10-09T02:19:09.6421494Z ##[group]Setting up auth
2026-10-09T02:19:09.6424829Z [command]/usr/bin/git config --local --name-only --get-regexp core\.sshCommand
2026-10-09T02:19:09.6447713Z [command]/usr/bin/git submodule foreach --recursive sh -c "git config --local --name-only --get-regexp 'core\.sshCommand' && git config --local --unset-all 'core.sshCommand' || :"
2026-10-09T02:19:09.6742940Z [command]/usr/bin/git config --local --name-only --get-regexp http\.https\:\/\/github\.com\/\.extraheader
2026-10-09T02:19:09.6767698Z [command]/usr/bin/git submodule foreach --recursive sh -c "git config --local --name-only --get-regexp 'http\.https\:\/\/github\.com\/\.extraheader' && git config --local --unset-all 'http.https://github.com/.extraheader' || :"
2026-10-09T02:19:09.6961831Z [command]/usr/bin/git config --local --name-only --get-regexp ^includeIf\.gitdir:
2026-10-09T02:19:09.6986647Z [command]/usr/bin/git submodule foreach --recursive git config --local --show-origin --name-only --get-regexp remote.origin.url
2026-10-09T02:19:09.7202029Z [command]/usr/bin/git config --local http.https://github.com/.extraheader AUTHORIZATION: basic ***
2026-10-09T02:19:09.7230496Z ##[endgroup]
2026-10-09T02:19:09.7231005Z ##[group]Fetching the repository
2026-10-09T02:19:09.7235902Z [command]/usr/bin/git -c protocol.version=2 fetch --no-tags --prune --no-recurse-submodules --depth=1 origin a23bb72d3c954f385b99fe81ce9189885c208557
2026-10-09T02:19:25.2512401Z From https://github.com/jyqj/codecortex
2026-10-09T02:19:25.2512997Z  * branch            a23bb72d3c954f385b99fe81ce9189885c208557 -> FETCH_HEAD
2026-10-09T02:19:25.2514854Z ##[endgroup]
2026-10-09T02:19:25.2515354Z ##[group]Determining the checkout info
2026-10-09T02:19:25.2517341Z ##[endgroup]
2026-10-09T02:19:25.2521332Z [command]/usr/bin/git sparse-checkout disable
2026-10-09T02:19:25.2707809Z [command]/usr/bin/git config --local --unset-all extensions.worktreeConfig
2026-10-09T02:19:25.2732803Z ##[group]Checking out the ref
2026-10-09T02:19:25.2735123Z [command]/usr/bin/git checkout --progress --force a23bb72d3c954f385b99fe81ce9189885c208557
2026-10-09T02:19:26.2923855Z Updating files:  63% (14213/22303)
2026-10-09T02:19:26.2992867Z Updating files:  64% (14274/22303)
2026-10-09T02:19:26.3063149Z Updating files:  65% (14497/22303)
2026-10-09T02:19:26.3130065Z Updating files:  66% (14720/22303)
2026-10-09T02:19:26.3193572Z Updating files:  67% (14944/22303)
2026-10-09T02:19:26.3279936Z Updating files:  68% (15167/22303)
2026-10-09T02:19:26.3375070Z Updating files:  69% (15390/22303)
2026-10-09T02:19:26.3515471Z Updating files:  70% (15613/22303)
2026-10-09T02:19:26.3912267Z Updating files:  71% (15836/22303)
2026-10-09T02:19:26.4095741Z Updating files:  72% (16059/22303)
2026-10-09T02:19:26.4816330Z Updating files:  73% (16282/22303)
2026-10-09T02:19:26.4957697Z Updating files:  74% (16505/22303)
2026-10-09T02:19:26.5131788Z Updating files:  75% (16728/22303)
2026-10-09T02:19:26.5309120Z Updating files:  76% (16951/22303)
2026-10-09T02:19:26.5570326Z Updating files:  77% (17174/22303)
2026-10-09T02:19:26.5731322Z Updating files:  78% (17397/22303)
2026-10-09T02:19:26.5905088Z Updating files:  79% (17620/22303)
2026-10-09T02:19:26.6054154Z Updating files:  80% (17843/22303)
2026-10-09T02:19:26.6175382Z Updating files:  81% (18066/22303)
2026-10-09T02:19:26.6302808Z Updating files:  82% (18289/22303)
2026-10-09T02:19:26.7176955Z Updating files:  83% (18512/22303)
2026-10-09T02:19:26.7600572Z Updating files:  84% (18735/22303)
2026-10-09T02:19:26.8140576Z Updating files:  85% (18958/22303)
2026-10-09T02:19:26.9240586Z Updating files:  86% (19181/22303)
2026-10-09T02:19:26.9399840Z Updating files:  87% (19404/22303)
2026-10-09T02:19:26.9525510Z Updating files:  88% (19627/22303)
2026-10-09T02:19:26.9595547Z Updating files:  89% (19850/22303)
2026-10-09T02:19:26.9745697Z Updating files:  90% (20073/22303)
2026-10-09T02:19:27.0029720Z Updating files:  91% (20296/22303)
2026-10-09T02:19:27.3458359Z Updating files:  92% (20519/22303)
2026-10-09T02:19:27.4959283Z Updating files:  92% (20646/22303)
2026-10-09T02:19:27.5128112Z Updating files:  93% (20742/22303)
2026-10-09T02:19:27.5240818Z Updating files:  94% (20965/22303)
2026-10-09T02:19:27.5373786Z Updating files:  95% (21188/22303)
2026-10-09T02:19:27.5514998Z Updating files:  96% (21411/22303)
2026-10-09T02:19:27.5669794Z Updating files:  97% (21634/22303)
2026-10-09T02:19:27.5801282Z Updating files:  98% (21857/22303)
2026-10-09T02:19:27.5996619Z Updating files:  99% (22080/22303)
2026-10-09T02:19:27.5997162Z Updating files: 100% (22303/22303)
2026-10-09T02:19:27.5997408Z Updating files: 100% (22303/22303), done.
2026-10-09T02:19:27.6161088Z Note: switching to 'a23bb72d3c954f385b99fe81ce9189885c208557'.
2026-10-09T02:19:27.6161303Z 
2026-10-09T02:19:27.6161417Z You are in 'detached HEAD' state. You can look around, make experimental
2026-10-09T02:19:27.6161682Z changes and commit them, and you can discard any commits you make in this
2026-10-09T02:19:27.6162016Z state without impacting any branches by switching back to a branch.
2026-10-09T02:19:27.6169127Z 
2026-10-09T02:19:27.6169299Z If you want to create a new branch to retain commits you create, you may
2026-10-09T02:19:27.6169693Z do so (now or later) by using -c with the switch command. Example:
2026-10-09T02:19:27.6169942Z 
2026-10-09T02:19:27.6170152Z   git switch -c <new-branch-name>
2026-10-09T02:19:27.6170313Z 
2026-10-09T02:19:27.6170406Z Or undo this operation with:
2026-10-09T02:19:27.6170561Z 
2026-10-09T02:19:27.6170659Z   git switch -
2026-10-09T02:19:27.6170835Z 
2026-10-09T02:19:27.6171021Z Turn off this advice by setting config variable advice.detachedHead to false
2026-10-09T02:19:27.6171284Z 
2026-10-09T02:19:27.6171495Z HEAD is now at a23bb72 test(p8): bind combined source admission for original full execution
2026-10-09T02:19:27.6293139Z ##[endgroup]
2026-10-09T02:19:27.6332840Z [command]/usr/bin/git log -1 --format=%H
2026-10-09T02:19:27.6353120Z a23bb72d3c954f385b99fe81ce9189885c208557
2026-10-09T02:19:27.6591965Z ##[group]Run dtolnay/rust-toolchain@1.95.0
2026-10-09T02:19:27.6592138Z with:
2026-10-09T02:19:27.6592247Z env:
2026-10-09T02:19:27.6592362Z   CARGO_TERM_COLOR: never
2026-10-09T02:19:27.6592496Z   CARGO_INCREMENTAL: 0
2026-10-09T02:19:27.6592618Z   CARGO_BUILD_JOBS: 2
2026-10-09T02:19:27.6592751Z   PYTHONDONTWRITEBYTECODE: 1
2026-10-09T02:19:27.6592892Z ##[endgroup]
2026-10-09T02:19:27.6633366Z ##[start-action display=Parse toolchain version;id=__dtolnay_rust-toolchain.parse]
2026-10-09T02:19:27.6673152Z ##[group]Run if [[ -z $toolchain ]]; then
2026-10-09T02:19:27.6673381Z [36;1mif [[ -z $toolchain ]]; then[0m
2026-10-09T02:19:27.6673691Z [36;1m  # GitHub does not enforce `required: true` inputs itself. https://github.com/actions/runner/issues/1070[0m
2026-10-09T02:19:27.6673998Z [36;1m  echo "'toolchain' is a required input" >&2[0m
2026-10-09T02:19:27.6674164Z [36;1m  exit 1[0m
2026-10-09T02:19:27.6674385Z [36;1melif [[ $toolchain =~ ^stable' '[0-9]+' '(year|month|week|day)s?' 'ago$ ]]; then[0m
2026-10-09T02:19:27.6674616Z [36;1m  if [[ Linux == macOS ]]; then[0m
2026-10-09T02:19:27.6674918Z [36;1m    echo "toolchain=1.$((($(date -v-$(sed 's/stable \([0-9]*\) \(.\).*/\1\2/' <<< $toolchain) +%s)/60/60/24-16569)/7/6))" >> $GITHUB_OUTPUT[0m
2026-10-09T02:19:27.6675197Z [36;1m  else[0m
2026-10-09T02:19:27.6675420Z [36;1m    echo "toolchain=1.$((($(date --date "${toolchain#stable }" +%s)/60/60/24-16569)/7/6))" >> $GITHUB_OUTPUT[0m
2026-10-09T02:19:27.6675677Z [36;1m  fi[0m
2026-10-09T02:19:27.6675847Z [36;1melif [[ $toolchain =~ ^stable' 'minus' '[0-9]+' 'releases?$ ]]; then[0m
2026-10-09T02:19:27.6676142Z [36;1m  echo "toolchain=1.$((($(date +%s)/60/60/24-16569)/7/6-${toolchain//[^0-9]/}))" >> $GITHUB_OUTPUT[0m
2026-10-09T02:19:27.6676395Z [36;1melif [[ $toolchain =~ ^1\.[0-9]+$ ]]; then[0m
2026-10-09T02:19:27.6676685Z [36;1m  echo "toolchain=1.$((i=${toolchain#1.}, c=($(date +%s)/60/60/24-16569)/7/6, i+9*i*(10*i<=c)+90*i*(100*i<=c)))" >> $GITHUB_OUTPUT[0m
2026-10-09T02:19:27.6676957Z [36;1melse[0m
2026-10-09T02:19:27.6677076Z [36;1m  delimiter=EOF[0m
2026-10-09T02:19:27.6677251Z [36;1m  while [[ $toolchain == *$delimiter* ]]; do delimiter+=_; done[0m
2026-10-09T02:19:27.6677532Z [36;1m  printf 'toolchain<<%s\n%s\n%s\n' "$delimiter" "$toolchain" "$delimiter" >> $GITHUB_OUTPUT[0m
2026-10-09T02:19:27.6677759Z [36;1mfi[0m
2026-10-09T02:19:27.6901853Z shell: /usr/bin/bash --noprofile --norc -e -o pipefail {0}
2026-10-09T02:19:27.6902080Z env:
2026-10-09T02:19:27.6902211Z   CARGO_TERM_COLOR: never
2026-10-09T02:19:27.6902351Z   CARGO_INCREMENTAL: 0
2026-10-09T02:19:27.6902477Z   CARGO_BUILD_JOBS: 2
2026-10-09T02:19:27.6902610Z   PYTHONDONTWRITEBYTECODE: 1
2026-10-09T02:19:27.6902753Z   toolchain: 1.95.0
2026-10-09T02:19:27.6902872Z ##[endgroup]
2026-10-09T02:19:27.7019015Z ##[end-action id=__dtolnay_rust-toolchain.parse;outcome=success;conclusion=success;duration_ms=38]
2026-10-09T02:19:27.7022352Z ##[start-action display=Set $CARGO_HOME;id=__dtolnay_rust-toolchain.__run]
2026-10-09T02:19:27.7045959Z ##[group]Run echo CARGO_HOME=${CARGO_HOME:-"$HOME/.cargo"} >> $GITHUB_ENV
2026-10-09T02:19:27.7046246Z [36;1mecho CARGO_HOME=${CARGO_HOME:-"$HOME/.cargo"} >> $GITHUB_ENV[0m
2026-10-09T02:19:27.7097741Z shell: /usr/bin/bash --noprofile --norc -e -o pipefail {0}
2026-10-09T02:19:27.7097926Z env:
2026-10-09T02:19:27.7098045Z   CARGO_TERM_COLOR: never
2026-10-09T02:19:27.7098179Z   CARGO_INCREMENTAL: 0
2026-10-09T02:19:27.7098320Z   CARGO_BUILD_JOBS: 2
2026-10-09T02:19:27.7098452Z   PYTHONDONTWRITEBYTECODE: 1
2026-10-09T02:19:27.7098726Z ##[endgroup]
2026-10-09T02:19:27.7171880Z ##[end-action id=__dtolnay_rust-toolchain.__run;outcome=success;conclusion=success;duration_ms=14]
2026-10-09T02:19:27.7173336Z ##[start-action display=Install rustup if needed;id=__dtolnay_rust-toolchain.__run_2]
2026-10-09T02:19:27.7194195Z ##[group]Run if ! command -v rustup &>/dev/null; then
2026-10-09T02:19:27.7194415Z [36;1mif ! command -v rustup &>/dev/null; then[0m
2026-10-09T02:19:27.7195005Z [36;1m  curl --proto '=https' --tlsv1.2 --retry 10 --retry-connrefused --location --silent --show-error --fail https://sh.rustup.rs | sh -s -- --default-toolchain none -y[0m
2026-10-09T02:19:27.7195408Z [36;1m  echo "$CARGO_HOME/bin" >> $GITHUB_PATH[0m
2026-10-09T02:19:27.7195571Z [36;1mfi[0m
2026-10-09T02:19:27.7246194Z shell: /usr/bin/bash --noprofile --norc -e -o pipefail {0}
2026-10-09T02:19:27.7246387Z env:
2026-10-09T02:19:27.7246507Z   CARGO_TERM_COLOR: never
2026-10-09T02:19:27.7246761Z   CARGO_INCREMENTAL: 0
2026-10-09T02:19:27.7246888Z   CARGO_BUILD_JOBS: 2
2026-10-09T02:19:27.7247022Z   PYTHONDONTWRITEBYTECODE: 1
2026-10-09T02:19:27.7247168Z   CARGO_HOME: /home/runner/.cargo
2026-10-09T02:19:27.7247314Z ##[endgroup]
2026-10-09T02:19:27.7318717Z ##[end-action id=__dtolnay_rust-toolchain.__run_2;outcome=success;conclusion=success;duration_ms=14]
2026-10-09T02:19:27.7320254Z ##[start-action display=Install rustup if needed on windows;id=__dtolnay_rust-toolchain.__run_3]
2026-10-09T02:19:27.7324432Z ##[end-action id=__dtolnay_rust-toolchain.__run_3;outcome=skipped;conclusion=skipped;duration_ms=0]
2026-10-09T02:19:27.7332806Z ##[start-action display=rustup toolchain install 1.95.0;id=__dtolnay_rust-toolchain.__run_4]
2026-10-09T02:19:27.7348401Z ##[group]Run set -f  # split targets and components on commas and whitespace, without glob expansion
2026-10-09T02:19:27.7348967Z [36;1mset -f  # split targets and components on commas and whitespace, without glob expansion[0m
2026-10-09T02:19:27.7349219Z [36;1mflags=()[0m
2026-10-09T02:19:27.7349378Z [36;1mfor t in ${targets//,/ }; do flags+=(--target "$t"); done[0m
2026-10-09T02:19:27.7349608Z [36;1mfor c in ${components//,/ }; do flags+=(--component "$c"); done[0m
2026-10-09T02:19:27.7349890Z [36;1mif [[ $toolchain == nightly && -n $components ]]; then flags+=(--allow-downgrade); fi[0m
2026-10-09T02:19:27.7350127Z [36;1mlog=$(mktemp)[0m
2026-10-09T02:19:27.7350263Z [36;1mtrap 'rm -f "$log"' EXIT[0m
2026-10-09T02:19:27.7350417Z [36;1mfor attempt in 1 2 3 4 5; do[0m
2026-10-09T02:19:27.7350736Z [36;1m  if rustup toolchain install "$toolchain" "${flags[@]}" --profile minimal --no-self-update --force-non-host 2>&1 | tee "$log"; then[0m
2026-10-09T02:19:27.7351045Z [36;1m    break[0m
2026-10-09T02:19:27.7351162Z [36;1m  else[0m
2026-10-09T02:19:27.7351278Z [36;1m    status=$?[0m
2026-10-09T02:19:27.7351402Z [36;1m  fi[0m
2026-10-09T02:19:27.7351572Z [36;1m  if [[ $attempt == 5 ]] || ! grep -Fq 'checksum failed for ' "$log" \[0m
2026-10-09T02:19:27.7351886Z [36;1m      || ! grep -Fq 'this is likely due to an ongoing update of the official release server' "$log"; then[0m
2026-10-09T02:19:27.7352142Z [36;1m    exit "$status"[0m
2026-10-09T02:19:27.7352275Z [36;1m  fi[0m
2026-10-09T02:19:27.7352477Z [36;1m  echo "Retrying rustup toolchain install in 30 seconds (retry $attempt of 4)" >&2[0m
2026-10-09T02:19:27.7352709Z [36;1m  sleep 30[0m
2026-10-09T02:19:27.7352826Z [36;1mdone[0m
2026-10-09T02:19:27.7401867Z shell: /usr/bin/bash --noprofile --norc -e -o pipefail {0}
2026-10-09T02:19:27.7402054Z env:
2026-10-09T02:19:27.7402173Z   CARGO_TERM_COLOR: never
2026-10-09T02:19:27.7402308Z   CARGO_INCREMENTAL: 0
2026-10-09T02:19:27.7402434Z   CARGO_BUILD_JOBS: 2
2026-10-09T02:19:27.7402569Z   PYTHONDONTWRITEBYTECODE: 1
2026-10-09T02:19:27.7402716Z   CARGO_HOME: /home/runner/.cargo
2026-10-09T02:19:27.7402859Z   toolchain: 1.95.0
2026-10-09T02:19:27.7402975Z   targets: 
2026-10-09T02:19:27.7403089Z   components: 
2026-10-09T02:19:27.7403211Z   RUSTUP_PERMIT_COPY_RENAME: 1
2026-10-09T02:19:27.7403351Z ##[endgroup]
2026-10-09T02:19:27.7877679Z info: syncing channel updates for 1.95.0-x86_64-unknown-linux-gnu
2026-10-09T02:19:28.0537885Z info: latest update on 2026-04-16 for version 1.95.0 (59807616e 2026-04-14)
2026-10-09T02:19:28.0538225Z info: downloading 3 components
2026-10-09T02:19:34.1888759Z 
2026-10-09T02:19:34.1950518Z   1.95.0-x86_64-unknown-linux-gnu installed - rustc 1.95.0 (59807616e 2026-04-14)
2026-10-09T02:19:34.1950992Z 
2026-10-09T02:19:34.2024007Z ##[end-action id=__dtolnay_rust-toolchain.__run_4;outcome=success;conclusion=success;duration_ms=6469]
2026-10-09T02:19:34.2029608Z ##[start-action display=rustup default 1.95.0;id=__dtolnay_rust-toolchain.__run_5]
2026-10-09T02:19:34.2066749Z ##[group]Run rustup default "$toolchain" --force-non-host
2026-10-09T02:19:34.2067095Z [36;1mrustup default "$toolchain" --force-non-host[0m
2026-10-09T02:19:34.2119505Z shell: /usr/bin/bash --noprofile --norc -e -o pipefail {0}
2026-10-09T02:19:34.2119814Z env:
2026-10-09T02:19:34.2119935Z   CARGO_TERM_COLOR: never
2026-10-09T02:19:34.2120069Z   CARGO_INCREMENTAL: 0
2026-10-09T02:19:34.2120193Z   CARGO_BUILD_JOBS: 2
2026-10-09T02:19:34.2120323Z   PYTHONDONTWRITEBYTECODE: 1
2026-10-09T02:19:34.2120468Z   CARGO_HOME: /home/runner/.cargo
2026-10-09T02:19:34.2120608Z   toolchain: 1.95.0
2026-10-09T02:19:34.2120728Z ##[endgroup]
2026-10-09T02:19:34.2217731Z info: using existing install for 1.95.0-x86_64-unknown-linux-gnu
2026-10-09T02:19:34.2223244Z info: default toolchain set to 1.95.0-x86_64-unknown-linux-gnu
2026-10-09T02:19:34.2223396Z 
2026-10-09T02:19:34.2281386Z   1.95.0-x86_64-unknown-linux-gnu unchanged - rustc 1.95.0 (59807616e 2026-04-14)
2026-10-09T02:19:34.2281631Z 
2026-10-09T02:19:34.2296206Z ##[end-action id=__dtolnay_rust-toolchain.__run_5;outcome=success;conclusion=success;duration_ms=26]
2026-10-09T02:19:34.2299661Z ##[start-action display=Create cachekey;id=__dtolnay_rust-toolchain.rustc-version]
2026-10-09T02:19:34.2314069Z ##[group]Run DATE=$(rustc +"$toolchain" --version --verbose | sed -ne 's/^commit-date: \(20[0-9][0-9]\)-\([01][0-9]\)-\([0-3][0-9]\)$/\1\2\3/p')
2026-10-09T02:19:34.2314569Z [36;1mDATE=$(rustc +"$toolchain" --version --verbose | sed -ne 's/^commit-date: \(20[0-9][0-9]\)-\([01][0-9]\)-\([0-3][0-9]\)$/\1\2\3/p')[0m
2026-10-09T02:19:34.2314941Z [36;1mHASH=$(rustc +"$toolchain" --version --verbose | sed -ne 's/^commit-hash: //p')[0m
2026-10-09T02:19:34.2315234Z [36;1mecho "cachekey=$(echo $DATE$HASH | head -c12)" >> $GITHUB_OUTPUT[0m
2026-10-09T02:19:34.2364744Z shell: /usr/bin/bash --noprofile --norc -e -o pipefail {0}
2026-10-09T02:19:34.2364933Z env:
2026-10-09T02:19:34.2365052Z   CARGO_TERM_COLOR: never
2026-10-09T02:19:34.2365186Z   CARGO_INCREMENTAL: 0
2026-10-09T02:19:34.2365310Z   CARGO_BUILD_JOBS: 2
2026-10-09T02:19:34.2365441Z   PYTHONDONTWRITEBYTECODE: 1
2026-10-09T02:19:34.2365584Z   CARGO_HOME: /home/runner/.cargo
2026-10-09T02:19:34.2365732Z   toolchain: 1.95.0
2026-10-09T02:19:34.2365855Z ##[endgroup]
2026-10-09T02:19:34.2645075Z ##[end-action id=__dtolnay_rust-toolchain.rustc-version;outcome=success;conclusion=success;duration_ms=34]
2026-10-09T02:19:34.2647027Z ##[start-action display=Disable incremental compilation;id=__dtolnay_rust-toolchain.__run_6]
2026-10-09T02:19:34.2662253Z ##[group]Run if [ -z "${CARGO_INCREMENTAL+set}" ]; then
2026-10-09T02:19:34.2662478Z [36;1mif [ -z "${CARGO_INCREMENTAL+set}" ]; then[0m
2026-10-09T02:19:34.2662679Z [36;1m  echo CARGO_INCREMENTAL=0 >> $GITHUB_ENV[0m
2026-10-09T02:19:34.2662838Z [36;1mfi[0m
2026-10-09T02:19:34.2714664Z shell: /usr/bin/bash --noprofile --norc -e -o pipefail {0}
2026-10-09T02:19:34.2714854Z env:
2026-10-09T02:19:34.2714975Z   CARGO_TERM_COLOR: never
2026-10-09T02:19:34.2715110Z   CARGO_INCREMENTAL: 0
2026-10-09T02:19:34.2715234Z   CARGO_BUILD_JOBS: 2
2026-10-09T02:19:34.2715362Z   PYTHONDONTWRITEBYTECODE: 1
2026-10-09T02:19:34.2715511Z   CARGO_HOME: /home/runner/.cargo
2026-10-09T02:19:34.2715661Z ##[endgroup]
2026-10-09T02:19:34.2780740Z ##[end-action id=__dtolnay_rust-toolchain.__run_6;outcome=success;conclusion=success;duration_ms=13]
2026-10-09T02:19:34.2782094Z ##[start-action display=Enable colors in Cargo output;id=__dtolnay_rust-toolchain.__run_7]
2026-10-09T02:19:34.2795147Z ##[group]Run if [ -z "${CARGO_TERM_COLOR+set}" ]; then
2026-10-09T02:19:34.2795359Z [36;1mif [ -z "${CARGO_TERM_COLOR+set}" ]; then[0m
2026-10-09T02:19:34.2795547Z [36;1m  echo CARGO_TERM_COLOR=always >> $GITHUB_ENV[0m
2026-10-09T02:19:34.2795854Z [36;1mfi[0m
2026-10-09T02:19:34.2839565Z shell: /usr/bin/bash --noprofile --norc -e -o pipefail {0}
2026-10-09T02:19:34.2839750Z env:
2026-10-09T02:19:34.2839864Z   CARGO_TERM_COLOR: never
2026-10-09T02:19:34.2839995Z   CARGO_INCREMENTAL: 0
2026-10-09T02:19:34.2840118Z   CARGO_BUILD_JOBS: 2
2026-10-09T02:19:34.2840251Z   PYTHONDONTWRITEBYTECODE: 1
2026-10-09T02:19:34.2840397Z   CARGO_HOME: /home/runner/.cargo
2026-10-09T02:19:34.2840537Z ##[endgroup]
2026-10-09T02:19:34.2902246Z ##[end-action id=__dtolnay_rust-toolchain.__run_7;outcome=success;conclusion=success;duration_ms=11]
2026-10-09T02:19:34.2904404Z ##[start-action display=Enable Cargo sparse registry;id=__dtolnay_rust-toolchain.__run_8]
2026-10-09T02:19:34.2918298Z ##[group]Run # implemented in 1.66, stabilized in 1.68, made default in 1.70
2026-10-09T02:19:34.2918792Z [36;1m# implemented in 1.66, stabilized in 1.68, made default in 1.70[0m
2026-10-09T02:19:34.2919197Z [36;1mif [ -z "${CARGO_REGISTRIES_CRATES_IO_PROTOCOL+set}" -o -f "/home/runner/work/_temp"/.implicit_cargo_registries_crates_io_protocol ]; then[0m
2026-10-09T02:19:34.2919601Z [36;1m  if rustc +"$toolchain" --version --verbose | grep -q '^release: 1\.6[89]\.'; then[0m
2026-10-09T02:19:34.2919936Z [36;1m    touch "/home/runner/work/_temp"/.implicit_cargo_registries_crates_io_protocol || true[0m
2026-10-09T02:19:34.2920328Z [36;1m    echo CARGO_REGISTRIES_CRATES_IO_PROTOCOL=sparse >> $GITHUB_ENV[0m
2026-10-09T02:19:34.2920624Z [36;1m  elif rustc +"$toolchain" --version --verbose | grep -q '^release: 1\.6[67]\.'; then[0m
2026-10-09T02:19:34.2920940Z [36;1m    touch "/home/runner/work/_temp"/.implicit_cargo_registries_crates_io_protocol || true[0m
2026-10-09T02:19:34.2921222Z [36;1m    echo CARGO_REGISTRIES_CRATES_IO_PROTOCOL=git >> $GITHUB_ENV[0m
2026-10-09T02:19:34.2921412Z [36;1m  fi[0m
2026-10-09T02:19:34.2921523Z [36;1mfi[0m
2026-10-09T02:19:34.2966065Z shell: /usr/bin/bash --noprofile --norc -e -o pipefail {0}
2026-10-09T02:19:34.2966247Z env:
2026-10-09T02:19:34.2966367Z   CARGO_TERM_COLOR: never
2026-10-09T02:19:34.2966500Z   CARGO_INCREMENTAL: 0
2026-10-09T02:19:34.2966622Z   CARGO_BUILD_JOBS: 2
2026-10-09T02:19:34.2966754Z   PYTHONDONTWRITEBYTECODE: 1
2026-10-09T02:19:34.2966898Z   CARGO_HOME: /home/runner/.cargo
2026-10-09T02:19:34.2967039Z   toolchain: 1.95.0
2026-10-09T02:19:34.2967166Z ##[endgroup]
2026-10-09T02:19:34.3220392Z ##[end-action id=__dtolnay_rust-toolchain.__run_8;outcome=success;conclusion=success;duration_ms=31]
2026-10-09T02:19:34.3223749Z ##[start-action display=Work around spurious network errors in curl 8.0;id=__dtolnay_rust-toolchain.__run_9]
2026-10-09T02:19:34.3238033Z ##[group]Run # https://rust-lang.zulipchat.com/#narrow/stream/246057-t-cargo/topic/timeout.20investigation
2026-10-09T02:19:34.3238466Z [36;1m# https://rust-lang.zulipchat.com/#narrow/stream/246057-t-cargo/topic/timeout.20investigation[0m
2026-10-09T02:19:34.3239000Z [36;1mif rustc +"$toolchain" --version --verbose | grep -q '^release: 1\.7[01]\.'; then[0m
2026-10-09T02:19:34.3239273Z [36;1m  echo CARGO_HTTP_MULTIPLEXING=false >> $GITHUB_ENV[0m
2026-10-09T02:19:34.3239447Z [36;1mfi[0m
2026-10-09T02:19:34.3291015Z shell: /usr/bin/bash --noprofile --norc -e -o pipefail {0}
2026-10-09T02:19:34.3291200Z env:
2026-10-09T02:19:34.3291318Z   CARGO_TERM_COLOR: never
2026-10-09T02:19:34.3291451Z   CARGO_INCREMENTAL: 0
2026-10-09T02:19:34.3291573Z   CARGO_BUILD_JOBS: 2
2026-10-09T02:19:34.3291702Z   PYTHONDONTWRITEBYTECODE: 1
2026-10-09T02:19:34.3291853Z   CARGO_HOME: /home/runner/.cargo
2026-10-09T02:19:34.3291992Z   toolchain: 1.95.0
2026-10-09T02:19:34.3292116Z ##[endgroup]
2026-10-09T02:19:34.3450433Z ##[end-action id=__dtolnay_rust-toolchain.__run_9;outcome=success;conclusion=success;duration_ms=22]
2026-10-09T02:19:34.3454271Z ##[start-action display=rustc +1.95.0 --version --verbose;id=__dtolnay_rust-toolchain.__run_10]
2026-10-09T02:19:34.3468273Z ##[group]Run rustc +"$toolchain" --version --verbose
2026-10-09T02:19:34.3468826Z [36;1mrustc +"$toolchain" --version --verbose[0m
2026-10-09T02:19:34.3518980Z shell: /usr/bin/bash --noprofile --norc -e -o pipefail {0}
2026-10-09T02:19:34.3519168Z env:
2026-10-09T02:19:34.3519282Z   CARGO_TERM_COLOR: never
2026-10-09T02:19:34.3519420Z   CARGO_INCREMENTAL: 0
2026-10-09T02:19:34.3519548Z   CARGO_BUILD_JOBS: 2
2026-10-09T02:19:34.3519680Z   PYTHONDONTWRITEBYTECODE: 1
2026-10-09T02:19:34.3519825Z   CARGO_HOME: /home/runner/.cargo
2026-10-09T02:19:34.3519965Z   toolchain: 1.95.0
2026-10-09T02:19:34.3520218Z ##[endgroup]
2026-10-09T02:19:34.3666283Z rustc 1.95.0 (59807616e 2026-04-14)
2026-10-09T02:19:34.3666652Z binary: rustc
2026-10-09T02:19:34.3666889Z commit-hash: 59807616e1fa2540724bfbac14d7976d7e4a3860
2026-10-09T02:19:34.3667219Z commit-date: 2026-04-14
2026-10-09T02:19:34.3667473Z host: x86_64-unknown-linux-gnu
2026-10-09T02:19:34.3667747Z release: 1.95.0
2026-10-09T02:19:34.3667937Z LLVM version: 22.1.2
2026-10-09T02:19:34.3680983Z ##[end-action id=__dtolnay_rust-toolchain.__run_10;outcome=success;conclusion=success;duration_ms=22]
2026-10-09T02:19:34.3726163Z ##[group]Run cargo fetch --locked
2026-10-09T02:19:34.3726363Z [36;1mcargo fetch --locked[0m
2026-10-09T02:19:34.3776917Z shell: /usr/bin/bash -e {0}
2026-10-09T02:19:34.3777058Z env:
2026-10-09T02:19:34.3777171Z   CARGO_TERM_COLOR: never
2026-10-09T02:19:34.3777305Z   CARGO_INCREMENTAL: 0
2026-10-09T02:19:34.3777430Z   CARGO_BUILD_JOBS: 2
2026-10-09T02:19:34.3777561Z   PYTHONDONTWRITEBYTECODE: 1
2026-10-09T02:19:34.3777717Z   CARGO_HOME: /home/runner/.cargo
2026-10-09T02:19:34.3777861Z ##[endgroup]
2026-10-09T02:19:34.4009079Z     Updating crates.io index
2026-10-09T02:19:35.0489188Z  Downloading crates ...
2026-10-09T02:19:35.2399568Z   Downloaded wasm-bindgen-shared v0.2.116
2026-10-09T02:19:35.2427128Z   Downloaded crypto-common v0.1.7
2026-10-09T02:19:35.2440190Z   Downloaded errno v0.3.14
2026-10-09T02:19:35.2523266Z   Downloaded fastrand v2.3.0
2026-10-09T02:19:35.2540206Z   Downloaded windows-link v0.2.1
2026-10-09T02:19:35.2552519Z   Downloaded version_check v0.9.5
2026-10-09T02:19:35.2567858Z   Downloaded equivalent v1.0.2
2026-10-09T02:19:35.2588432Z   Downloaded wasi v0.11.1+wasi-snapshot-preview1
2026-10-09T02:19:35.2627346Z   Downloaded thiserror-impl v2.0.18
2026-10-09T02:19:35.2655449Z   Downloaded cpufeatures v0.2.17
2026-10-09T02:19:35.2672133Z   Downloaded block-buffer v0.10.4
2026-10-09T02:19:35.2744890Z   Downloaded lock_api v0.4.14
2026-10-09T02:19:35.2761189Z   Downloaded redox_syscall v0.5.18
2026-10-09T02:19:35.2807034Z   Downloaded wit-bindgen-core v0.51.0
2026-10-09T02:19:35.2825691Z   Downloaded socket2 v0.6.3
2026-10-09T02:19:35.2844592Z   Downloaded sharded-slab v0.1.7
2026-10-09T02:19:35.2877675Z   Downloaded r-efi v6.0.0
2026-10-09T02:19:35.2921340Z   Downloaded slab v0.4.12
2026-10-09T02:19:35.2935788Z   Downloaded wit-bindgen-rust v0.51.0
2026-10-09T02:19:35.2958025Z   Downloaded prettyplease v0.2.37
2026-10-09T02:19:35.2990429Z   Downloaded tower-service v0.3.3
2026-10-09T02:19:35.3001306Z   Downloaded tracing-core v0.1.36
2026-10-09T02:19:35.3029576Z   Downloaded yoke-derive v0.8.4
2026-10-09T02:19:35.3043227Z   Downloaded id-arena v2.3.0
2026-10-09T02:19:35.3058350Z   Downloaded windows-threading v0.2.1
2026-10-09T02:19:35.3070427Z   Downloaded serde_derive v1.0.228
2026-10-09T02:19:35.3100472Z   Downloaded serde_json v1.0.149
2026-10-09T02:19:35.3159456Z   Downloaded wit-parser v0.244.0
2026-10-09T02:19:35.3456372Z   Downloaded http v1.5.0
2026-10-09T02:19:35.3489180Z   Downloaded tower v0.5.3
2026-10-09T02:19:35.3570196Z   Downloaded zerofrom-derive v0.1.8
2026-10-09T02:19:35.3582810Z   Downloaded syn v2.0.117
2026-10-09T02:19:35.3665352Z   Downloaded quote v1.0.45
2026-10-09T02:19:35.3691874Z   Downloaded windows_i686_gnullvm v0.52.6
2026-10-09T02:19:35.3792649Z   Downloaded toml_write v0.1.2
2026-10-09T02:19:35.3808954Z   Downloaded windows_x86_64_gnullvm v0.52.6
2026-10-09T02:19:35.3911630Z   Downloaded windows_aarch64_msvc v0.52.6
2026-10-09T02:19:35.4211782Z   Downloaded android_system_properties v0.1.5
2026-10-09T02:19:35.4225852Z   Downloaded windows-implement v0.60.2
2026-10-09T02:19:35.4239728Z   Downloaded fallible-streaming-iterator v0.1.9
2026-10-09T02:19:35.4250844Z   Downloaded sha2 v0.10.9
2026-10-09T02:19:35.4273841Z   Downloaded generic-array v0.14.7
2026-10-09T02:19:35.4288643Z   Downloaded digest v0.10.7
2026-10-09T02:19:35.4305890Z   Downloaded ref-cast-impl v1.0.25
2026-10-09T02:19:35.4315884Z   Downloaded windows-result v0.4.1
2026-10-09T02:19:35.4342731Z   Downloaded stable_deref_trait v1.2.1
2026-10-09T02:19:35.4353715Z   Downloaded ref-cast v1.0.25
2026-10-09T02:19:35.4385283Z   Downloaded potential_utf v0.1.6
2026-10-09T02:19:35.4397864Z   Downloaded zerofrom v0.1.8
2026-10-09T02:19:35.4478707Z   Downloaded iana-time-zone-haiku v0.1.2
2026-10-09T02:19:35.4492416Z   Downloaded darling_macro v0.23.0
2026-10-09T02:19:35.4501857Z   Downloaded pastey v0.2.1
2026-10-09T02:19:35.4514564Z   Downloaded toml_datetime v0.6.11
2026-10-09T02:19:35.4529555Z   Downloaded cpufeatures v0.3.0
2026-10-09T02:19:35.4545016Z   Downloaded idna_adapter v1.2.2
2026-10-09T02:19:35.4555744Z   Downloaded wasm-bindgen-futures v0.4.66
2026-10-09T02:19:35.4566401Z   Downloaded cfg_aliases v0.2.1
2026-10-09T02:19:35.4627598Z   Downloaded utf8_iter v1.0.4
2026-10-09T02:19:35.4643765Z   Downloaded quinn-udp v0.5.15
2026-10-09T02:19:35.4661401Z   Downloaded ident_case v1.0.1
2026-10-09T02:19:35.4672509Z   Downloaded windows-collections v0.3.2
2026-10-09T02:19:35.4685486Z   Downloaded windows-numerics v0.3.1
2026-10-09T02:19:35.4697925Z   Downloaded wasm-bindgen-macro v0.2.116
2026-10-09T02:19:35.4708614Z   Downloaded matchers v0.2.0
2026-10-09T02:19:35.4720446Z   Downloaded cfg-if v1.0.4
2026-10-09T02:19:35.4746271Z   Downloaded strsim v0.11.1
2026-10-09T02:19:35.4762246Z   Downloaded tower-layer v0.3.3
2026-10-09T02:19:35.4774524Z   Downloaded windows-interface v0.59.3
2026-10-09T02:19:35.4786266Z   Downloaded http-body v1.1.0
2026-10-09T02:19:35.4797565Z   Downloaded windows-strings v0.5.1
2026-10-09T02:19:35.4813907Z   Downloaded serde_urlencoded v0.7.1
2026-10-09T02:19:35.4830853Z   Downloaded zerovec-derive v0.11.6
2026-10-09T02:19:35.4846924Z   Downloaded dyn-clone v1.0.20
2026-10-09T02:19:35.4862415Z   Downloaded subtle v2.6.1
2026-10-09T02:19:35.4883764Z   Downloaded autocfg v1.5.0
2026-10-09T02:19:35.4909025Z   Downloaded web-time v1.1.0
2026-10-09T02:19:35.4926687Z   Downloaded writeable v0.6.4
2026-10-09T02:19:35.4946055Z   Downloaded synstructure v0.14.0
2026-10-09T02:19:35.4957774Z   Downloaded percent-encoding v2.3.2
2026-10-09T02:19:35.4968106Z   Downloaded async-trait v0.1.89
2026-10-09T02:19:35.5002586Z   Downloaded heck v0.5.0
2026-10-09T02:19:35.5016094Z   Downloaded wasm-metadata v0.244.0
2026-10-09T02:19:35.5044203Z   Downloaded atomic-waker v1.1.2
2026-10-09T02:19:35.5060533Z   Downloaded litemap v0.8.3
2026-10-09T02:19:35.5083446Z   Downloaded futures v0.3.32
2026-10-09T02:19:35.5124610Z   Downloaded icu_provider v2.3.1
2026-10-09T02:19:35.5146756Z   Downloaded num-traits v0.2.19
2026-10-09T02:19:35.5175566Z   Downloaded tokio-rustls v0.26.5
2026-10-09T02:19:35.5197189Z   Downloaded clap_lex v1.0.0
2026-10-09T02:19:35.5208234Z   Downloaded allocator-api2 v0.2.21
2026-10-09T02:19:35.5234448Z   Downloaded sync_wrapper v1.0.2
2026-10-09T02:19:35.5242789Z   Downloaded futures-io v0.3.32
2026-10-09T02:19:35.5251313Z   Downloaded futures-sink v0.3.32
2026-10-09T02:19:35.5260986Z   Downloaded url v2.5.8
2026-10-09T02:19:35.5282590Z   Downloaded icu_locale_core v2.3.0
2026-10-09T02:19:35.5352270Z   Downloaded utf8parse v0.2.2
2026-10-09T02:19:35.5368904Z   Downloaded winapi-util v0.1.11
2026-10-09T02:19:35.5382388Z   Downloaded anstyle-wincon v3.0.11
2026-10-09T02:19:35.5394395Z   Downloaded anstyle v1.0.14
2026-10-09T02:19:35.5408279Z   Downloaded tokio-util v0.7.18
2026-10-09T02:19:35.5465582Z   Downloaded clap_derive v4.6.0
2026-10-09T02:19:35.5487758Z   Downloaded windows-targets v0.53.5
2026-10-09T02:19:35.5499777Z   Downloaded icu_properties_data v2.3.0
2026-10-09T02:19:35.5592606Z   Downloaded lru-slab v0.1.3
2026-10-09T02:19:35.5600865Z   Downloaded hyper-util v0.1.21
2026-10-09T02:19:35.5662380Z   Downloaded dirs-sys v0.4.1
2026-10-09T02:19:35.5683283Z   Downloaded notify-types v2.1.0
2026-10-09T02:19:35.5710610Z   Downloaded rustls v0.23.45
2026-10-09T02:19:35.5809425Z   Downloaded either v1.15.0
2026-10-09T02:19:35.5829460Z   Downloaded r2d2_sqlite v0.35.0
2026-10-09T02:19:35.5843085Z   Downloaded crossbeam-deque v0.8.6
2026-10-09T02:19:35.5854457Z   Downloaded ipnet v2.12.2
2026-10-09T02:19:35.5869555Z   Downloaded uuid v1.23.0
2026-10-09T02:19:35.5895118Z   Downloaded windows-targets v0.52.6
2026-10-09T02:19:35.5903935Z   Downloaded unicode-xid v0.2.6
2026-10-09T02:19:35.5917840Z   Downloaded streaming-iterator v0.1.9
2026-10-09T02:19:35.5929432Z   Downloaded thiserror-impl v1.0.69
2026-10-09T02:19:35.5945250Z   Downloaded globset v0.4.18
2026-10-09T02:19:35.5957189Z   Downloaded crossbeam-epoch v0.9.20
2026-10-09T02:19:35.5977810Z   Downloaded thiserror v1.0.69
2026-10-09T02:19:35.6028291Z   Downloaded inotify v0.11.5
2026-10-09T02:19:35.6046484Z   Downloaded tinyvec v1.13.3
2026-10-09T02:19:35.6074171Z   Downloaded leb128fmt v0.1.0
2026-10-09T02:19:35.6085492Z   Downloaded wasm-encoder v0.244.0
2026-10-09T02:19:35.6117059Z   Downloaded lru v0.18.2
2026-10-09T02:19:35.6126893Z   Downloaded foldhash v0.1.5
2026-10-09T02:19:35.6136867Z   Downloaded kqueue v1.1.1
2026-10-09T02:19:35.6153929Z   Downloaded redox_users v0.4.6
2026-10-09T02:19:35.6164312Z   Downloaded anstream v1.0.0
2026-10-09T02:19:35.6181270Z   Downloaded getrandom v0.4.2
2026-10-09T02:19:35.6220335Z   Downloaded libredox v0.1.15
2026-10-09T02:19:35.6232766Z   Downloaded tree-sitter-javascript v0.23.1
2026-10-09T02:19:35.6278608Z   Downloaded tree-sitter-java v0.23.5
2026-10-09T02:19:35.6317625Z   Downloaded r2d2 v0.8.10
2026-10-09T02:19:35.6328836Z   Downloaded arrayvec v0.7.6
2026-10-09T02:19:35.6344311Z   Downloaded bytes v1.11.1
2026-10-09T02:19:35.6375751Z   Downloaded signal-hook-registry v1.4.8
2026-10-09T02:19:35.6387587Z   Downloaded untrusted v0.9.0
2026-10-09T02:19:35.6400986Z   Downloaded thiserror v2.0.18
2026-10-09T02:19:35.6451826Z   Downloaded scheduled-thread-pool v0.2.7
2026-10-09T02:19:35.6461099Z   Downloaded zstd v0.13.3
2026-10-09T02:19:35.6486223Z   Downloaded arrayref v0.3.9
2026-10-09T02:19:35.6498885Z   Downloaded constant_time_eq v0.4.2
2026-10-09T02:19:35.6518595Z   Downloaded tree-sitter v0.24.7
2026-10-09T02:19:35.6570049Z   Downloaded blake3 v1.8.4
2026-10-09T02:19:35.6639677Z   Downloaded ignore v0.4.25
2026-10-09T02:19:35.6662471Z   Downloaded futures-macro v0.3.32
2026-10-09T02:19:35.6673888Z   Downloaded rayon v1.11.0
2026-10-09T02:19:35.6749412Z   Downloaded anstyle-query v1.1.5
2026-10-09T02:19:35.6764774Z   Downloaded js-sys v0.3.93
2026-10-09T02:19:35.6790120Z   Downloaded tree-sitter-rust v0.23.3
2026-10-09T02:19:35.6871564Z   Downloaded once_cell_polyfill v1.70.2
2026-10-09T02:19:35.6882759Z   Downloaded windows_aarch64_gnullvm v0.48.5
2026-10-09T02:19:35.6941930Z   Downloaded rand v0.10.3
2026-10-09T02:19:35.6972618Z   Downloaded tree-sitter-c v0.23.4
2026-10-09T02:19:35.7028623Z   Downloaded tokio-macros v2.6.1
2026-10-09T02:19:35.7040910Z   Downloaded tree-sitter-go v0.23.4
2026-10-09T02:19:35.7076430Z   Downloaded tracing-log v0.2.0
2026-10-09T02:19:35.7095035Z   Downloaded once_cell v1.21.4
2026-10-09T02:19:35.7119900Z   Downloaded bitflags v2.11.0
2026-10-09T02:19:35.7154600Z   Downloaded tree-sitter-python v0.23.6
2026-10-09T02:19:35.7203831Z   Downloaded crossbeam-utils v0.8.21
2026-10-09T02:19:35.7226403Z   Downloaded windows_x86_64_gnullvm v0.53.1
2026-10-09T02:19:35.7314175Z   Downloaded notify v8.2.0
2026-10-09T02:19:35.7329499Z   Downloaded foldhash v0.2.0
2026-10-09T02:19:35.7345298Z   Downloaded tracing-attributes v0.1.31
2026-10-09T02:19:35.7367804Z   Downloaded hashbrown v0.15.5
2026-10-09T02:19:35.7408881Z   Downloaded serde_core v1.0.228
2026-10-09T02:19:35.7431377Z   Downloaded serde_spanned v0.6.9
2026-10-09T02:19:35.7443054Z   Downloaded option-ext v0.2.0
2026-10-09T02:19:35.7452150Z   Downloaded unicode-ident v1.0.24
2026-10-09T02:19:35.7482104Z   Downloaded dirs v5.0.1
2026-10-09T02:19:35.7494022Z   Downloaded zstd-sys v2.0.16+zstd.1.5.7
2026-10-09T02:19:35.7615487Z   Downloaded windows_x86_64_msvc v0.48.5
2026-10-09T02:19:35.7701391Z   Downloaded windows_aarch64_msvc v0.48.5
2026-10-09T02:19:35.7792553Z   Downloaded windows_i686_gnu v0.48.5
2026-10-09T02:19:35.7940405Z   Downloaded futures-util v0.3.32
2026-10-09T02:19:35.8048818Z   Downloaded windows_aarch64_msvc v0.53.1
2026-10-09T02:19:35.8145032Z   Downloaded rayon-core v1.13.0
2026-10-09T02:19:35.8175596Z   Downloaded windows_i686_msvc v0.53.1
2026-10-09T02:19:35.8279434Z   Downloaded windows_i686_gnu v0.53.1
2026-10-09T02:19:35.8441802Z   Downloaded tree-sitter-language v0.1.7
2026-10-09T02:19:35.8457636Z   Downloaded tree-sitter-cpp v0.23.4
2026-10-09T02:19:35.8658086Z   Downloaded wasip3 v0.4.0+wasi-0.3.0-rc-2026-01-06
2026-10-09T02:19:35.8690510Z   Downloaded quinn v0.11.12
2026-10-09T02:19:35.8720919Z   Downloaded anyhow v1.0.103
2026-10-09T02:19:35.8752578Z   Downloaded rustc-hash v2.1.3
2026-10-09T02:19:35.8763103Z   Downloaded wit-component v0.244.0
2026-10-09T02:19:35.9203939Z   Downloaded mio v1.2.0
2026-10-09T02:19:35.9251544Z   Downloaded wasmparser v0.244.0
2026-10-09T02:19:35.9311850Z   Downloaded wasip2 v1.0.2+wasi-0.2.9
2026-10-09T02:19:35.9343880Z   Downloaded aho-corasick v1.1.4
2026-10-09T02:19:35.9385229Z   Downloaded quinn-proto v0.11.18
2026-10-09T02:19:35.9438232Z   Downloaded hashbrown v0.16.1
2026-10-09T02:19:35.9480010Z   Downloaded serde v1.0.228
2026-10-09T02:19:35.9510408Z   Downloaded tracing-subscriber v0.3.23
2026-10-09T02:19:35.9580421Z   Downloaded rustls-webpki v0.103.15
2026-10-09T02:19:35.9604926Z   Downloaded bumpalo v3.20.2
2026-10-09T02:19:35.9624857Z   Downloaded wasm-bindgen-macro-support v0.2.116
2026-10-09T02:19:35.9639210Z   Downloaded wasm-bindgen v0.2.116
2026-10-09T02:19:35.9658705Z   Downloaded parking_lot v0.12.5
2026-10-09T02:19:35.9677878Z   Downloaded winnow v0.7.15
2026-10-09T02:19:35.9749358Z   Downloaded toml_edit v0.22.27
2026-10-09T02:19:35.9782895Z   Downloaded thread_local v1.1.9
2026-10-09T02:19:35.9795683Z   Downloaded regex-syntax v0.8.10
2026-10-09T02:19:35.9853023Z   Downloaded getrandom v0.2.17
2026-10-09T02:19:35.9875425Z   Downloaded rustversion v1.0.22
2026-10-09T02:19:35.9897201Z   Downloaded memchr v2.8.0
2026-10-09T02:19:35.9938863Z   Downloaded valuable v0.1.1
2026-10-09T02:19:35.9954178Z   Downloaded chacha20 v0.10.2
2026-10-09T02:19:35.9972163Z   Downloaded windows_x86_64_gnu v0.53.1
2026-10-09T02:19:36.0116771Z   Downloaded clap_builder v4.6.0
2026-10-09T02:19:36.0165238Z   Downloaded wit-bindgen-rust-macro v0.51.0
2026-10-09T02:19:36.0173871Z   Downloaded futures-core v0.3.32
2026-10-09T02:19:36.0184332Z   Downloaded scopeguard v1.2.0
2026-10-09T02:19:36.0194341Z   Downloaded parking_lot_core v0.9.12
2026-10-09T02:19:36.0210579Z   Downloaded windows_i686_msvc v0.48.5
2026-10-09T02:19:36.0301150Z   Downloaded lazy_static v1.5.0
2026-10-09T02:19:36.0314921Z   Downloaded rand_core v0.10.0
2026-10-09T02:19:36.0332771Z   Downloaded bstr v1.12.1
2026-10-09T02:19:36.0391682Z   Downloaded itoa v1.0.18
2026-10-09T02:19:36.0402936Z   Downloaded wit-bindgen v0.51.0
2026-10-09T02:19:36.0428717Z   Downloaded indexmap v2.13.0
2026-10-09T02:19:36.0461740Z   Downloaded tracing v0.1.44
2026-10-09T02:19:36.0577069Z   Downloaded proc-macro2 v1.0.106
2026-10-09T02:19:36.0602290Z   Downloaded windows_i686_gnullvm v0.53.1
2026-10-09T02:19:36.0694428Z   Downloaded futures-channel v0.3.32
2026-10-09T02:19:36.0709460Z   Downloaded windows_aarch64_gnullvm v0.53.1
2026-10-09T02:19:36.0796240Z   Downloaded windows_x86_64_msvc v0.53.1
2026-10-09T02:19:36.0885450Z   Downloaded fsevent-sys v4.1.0
2026-10-09T02:19:36.0892275Z   Downloaded same-file v1.0.6
2026-10-09T02:19:36.0902692Z   Downloaded walkdir v2.5.0
2026-10-09T02:19:36.0916366Z   Downloaded nu-ansi-term v0.50.3
2026-10-09T02:19:36.0935452Z   Downloaded log v0.4.29
2026-10-09T02:19:36.0953750Z   Downloaded zstd-safe v7.2.4
2026-10-09T02:19:36.0965925Z   Downloaded windows_aarch64_gnullvm v0.52.6
2026-10-09T02:19:36.1032137Z   Downloaded windows_x86_64_gnullvm v0.48.5
2026-10-09T02:19:36.1088727Z   Downloaded rustix v1.1.4
2026-10-09T02:19:36.1294539Z   Downloaded regex-automata v0.4.14
2026-10-09T02:19:36.1398734Z   Downloaded windows-targets v0.48.5
2026-10-09T02:19:36.1405703Z   Downloaded inotify-sys v0.1.8
2026-10-09T02:19:36.1414624Z   Downloaded bitflags v1.3.2
2026-10-09T02:19:36.1439507Z   Downloaded colorchoice v1.0.5
2026-10-09T02:19:36.1446755Z   Downloaded web-sys v0.3.93
2026-10-09T02:19:36.2318066Z   Downloaded kqueue-sys v1.0.4
2026-10-09T02:19:36.2329693Z   Downloaded anstyle-parse v1.0.0
2026-10-09T02:19:36.2342875Z   Downloaded futures-task v0.3.32
2026-10-09T02:19:36.2352751Z   Downloaded smallvec v1.15.1
2026-10-09T02:19:36.2369585Z   Downloaded icu_normalizer v2.3.0
2026-10-09T02:19:36.2440335Z   Downloaded rand_pcg v0.10.2
2026-10-09T02:19:36.2459188Z   Downloaded nix v0.31.2
2026-10-09T02:19:36.2547004Z   Downloaded rmcp v2.2.0
2026-10-09T02:19:36.3073180Z   Downloaded regex v1.12.3
2026-10-09T02:19:36.3214414Z   Downloaded hyper v1.11.1
2026-10-09T02:19:36.3267606Z   Downloaded syn v3.0.6
2026-10-09T02:19:36.3372871Z   Downloaded zmij v1.0.21
2026-10-09T02:19:36.3387201Z   Downloaded tempfile v3.27.0
2026-10-09T02:19:36.3409107Z   Downloaded windows_x86_64_gnu v0.48.5
2026-10-09T02:19:36.3542242Z   Downloaded windows-sys v0.60.2
2026-10-09T02:19:36.4032197Z   Downloaded windows_i686_gnu v0.52.6
2026-10-09T02:19:36.4174353Z   Downloaded windows_i686_msvc v0.52.6
2026-10-09T02:19:36.4266393Z   Downloaded windows_x86_64_gnu v0.52.6
2026-10-09T02:19:36.4401748Z   Downloaded libc v0.2.183
2026-10-09T02:19:36.4705045Z   Downloaded toml v0.8.23
2026-10-09T02:19:36.4723714Z   Downloaded tree-sitter-typescript v0.23.2
2026-10-09T02:19:36.4916025Z   Downloaded windows_x86_64_msvc v0.52.6
2026-10-09T02:19:36.5002601Z   Downloaded pin-project-lite v0.2.17
2026-10-09T02:19:36.5047495Z   Downloaded tokio v1.50.0
2026-10-09T02:19:36.5383131Z   Downloaded vcpkg v0.2.15
2026-10-09T02:19:36.5818826Z   Downloaded chrono v0.4.44
2026-10-09T02:19:36.5870069Z   Downloaded form_urlencoded v1.2.2
2026-10-09T02:19:36.5876189Z   Downloaded webpki-roots v1.0.9
2026-10-09T02:19:36.5901431Z   Downloaded process-wrap v9.1.0
2026-10-09T02:19:36.5951461Z   Downloaded hashbrown v0.17.1
2026-10-09T02:19:36.5992419Z   Downloaded rusqlite v0.40.1
2026-10-09T02:19:36.6045773Z   Downloaded is_terminal_polyfill v1.70.2
2026-10-09T02:19:36.6053290Z   Downloaded base64 v0.23.1
2026-10-09T02:19:36.6083698Z   Downloaded tower-http v0.6.11
2026-10-09T02:19:36.6158451Z   Downloaded idna v1.1.0
2026-10-09T02:19:36.6185344Z   Downloaded reqwest v0.12.28
2026-10-09T02:19:36.6229990Z   Downloaded windows-sys v0.48.0
2026-10-09T02:19:36.6833286Z   Downloaded clap v4.6.0
2026-10-09T02:19:36.6905766Z   Downloaded icu_collections v2.3.0
2026-10-09T02:19:36.6952586Z   Downloaded zerotrie v0.2.5
2026-10-09T02:19:36.6982223Z   Downloaded zerovec v0.11.8
2026-10-09T02:19:36.7027779Z   Downloaded icu_properties v2.3.0
2026-10-09T02:19:36.7051535Z   Downloaded cc v1.2.58
2026-10-09T02:19:36.7074401Z   Downloaded schemars v1.2.1
2026-10-09T02:19:36.7207080Z   Downloaded typenum v1.20.1
2026-10-09T02:19:36.7233459Z   Downloaded http-body-util v0.1.5
2026-10-09T02:19:36.7248656Z   Downloaded hyper-rustls v0.27.10
2026-10-09T02:19:36.7259892Z   Downloaded httparse v1.10.1
2026-10-09T02:19:36.7278670Z   Downloaded ryu v1.0.23
2026-10-09T02:19:36.7302901Z   Downloaded ring v0.17.14
2026-10-09T02:19:36.7618768Z   Downloaded base64 v0.22.1
2026-10-09T02:19:36.7647595Z   Downloaded darling_core v0.23.0
2026-10-09T02:19:36.7689583Z   Downloaded try-lock v0.2.5
2026-10-09T02:19:36.7696794Z   Downloaded icu_normalizer_data v2.3.0
2026-10-09T02:19:36.7712515Z   Downloaded getrandom v0.3.4
2026-10-09T02:19:36.7738843Z   Downloaded semver v1.0.27
2026-10-09T02:19:36.7756053Z   Downloaded r-efi v5.3.0
2026-10-09T02:19:36.7793041Z   Downloaded tinystr v0.8.4
2026-10-09T02:19:36.7808985Z   Downloaded zeroize v1.9.0
2026-10-09T02:19:36.7820375Z   Downloaded rmcp-macros v2.2.0
2026-10-09T02:19:36.7831004Z   Downloaded tokio-stream v0.1.18
2026-10-09T02:19:36.7871279Z   Downloaded core-foundation-sys v0.8.7
2026-10-09T02:19:36.7894970Z   Downloaded windows-core v0.62.2
2026-10-09T02:19:36.7917073Z   Downloaded iana-time-zone v0.1.65
2026-10-09T02:19:36.7938255Z   Downloaded schemars_derive v1.2.1
2026-10-09T02:19:36.7952793Z   Downloaded want v0.3.1
2026-10-09T02:19:36.7960134Z   Downloaded displaydoc v0.2.7
2026-10-09T02:19:36.7976701Z   Downloaded yoke v0.8.3
2026-10-09T02:19:36.7990351Z   Downloaded rustls-pki-types v1.15.1
2026-10-09T02:19:36.8009733Z   Downloaded darling v0.23.0
2026-10-09T02:19:36.8050619Z   Downloaded hashlink v0.12.1
2026-10-09T02:19:36.8065070Z   Downloaded serde_derive_internals v0.29.1
2026-10-09T02:19:36.8076120Z   Downloaded fallible-iterator v0.3.0
2026-10-09T02:19:36.8086070Z   Downloaded pkg-config v0.3.32
2026-10-09T02:19:36.8099787Z   Downloaded find-msvc-tools v0.1.9
2026-10-09T02:19:36.8111956Z   Downloaded jobserver v0.1.34
2026-10-09T02:19:36.8131095Z   Downloaded futures-executor v0.3.32
2026-10-09T02:19:36.8142422Z   Downloaded windows-future v0.3.2
2026-10-09T02:19:36.8153799Z   Downloaded rsqlite-vfs v0.1.1
2026-10-09T02:19:36.8161360Z   Downloaded shlex v1.3.0
2026-10-09T02:19:36.8187319Z   Downloaded windows-sys v0.52.0
2026-10-09T02:19:36.8676238Z   Downloaded windows-sys v0.61.2
2026-10-09T02:19:36.9163723Z   Downloaded libsqlite3-sys v0.38.1
2026-10-09T02:19:36.9622915Z   Downloaded linux-raw-sys v0.12.1
2026-10-09T02:19:37.0093475Z   Downloaded sqlite-wasm-rs v0.5.5
2026-10-09T02:19:37.0655896Z   Downloaded windows v0.62.2
2026-10-09T02:19:37.5309429Z ##[group]Run python3 -m unittest discover -s scripts/tests -p 'test_p8_runtime*.py' -v
2026-10-09T02:19:37.5309794Z [36;1mpython3 -m unittest discover -s scripts/tests -p 'test_p8_runtime*.py' -v[0m
2026-10-09T02:19:37.5361439Z shell: /usr/bin/bash -e {0}
2026-10-09T02:19:37.5361582Z env:
2026-10-09T02:19:37.5361695Z   CARGO_TERM_COLOR: never
2026-10-09T02:19:37.5361827Z   CARGO_INCREMENTAL: 0
2026-10-09T02:19:37.5361948Z   CARGO_BUILD_JOBS: 2
2026-10-09T02:19:37.5362078Z   PYTHONDONTWRITEBYTECODE: 1
2026-10-09T02:19:37.5362224Z   CARGO_HOME: /home/runner/.cargo
2026-10-09T02:19:37.5362450Z ##[endgroup]
2026-10-09T02:19:38.9634674Z test_all_stopped_seal_contract (test_p8_runtime.OwnedWriterSealControls.test_all_stopped_seal_contract) ... ok
2026-10-09T02:19:40.1520982Z test_comparison_construction_failure_seal_contract (test_p8_runtime.OwnedWriterSealControls.test_comparison_construction_failure_seal_contract) ... ok
2026-10-09T02:19:41.9323891Z test_comparison_reader_alive_seal_contract (test_p8_runtime.OwnedWriterSealControls.test_comparison_reader_alive_seal_contract) ... ok
2026-10-09T02:19:42.1582274Z test_comparison_watcher_alive_seal_contract (test_p8_runtime.OwnedWriterSealControls.test_comparison_watcher_alive_seal_contract) ... ok
2026-10-09T02:19:42.2251771Z test_main_construction_failure_seal_contract (test_p8_runtime.OwnedWriterSealControls.test_main_construction_failure_seal_contract) ... ok
2026-10-09T02:19:42.5055152Z test_main_reader_alive_seal_contract (test_p8_runtime.OwnedWriterSealControls.test_main_reader_alive_seal_contract) ... ok
2026-10-09T02:19:42.7854679Z test_main_watcher_alive_seal_contract (test_p8_runtime.OwnedWriterSealControls.test_main_watcher_alive_seal_contract) ... ok
2026-10-09T02:19:42.9913194Z test_sampler_alive_seal_contract (test_p8_runtime.OwnedWriterSealControls.test_sampler_alive_seal_contract) ... ok
2026-10-09T02:19:43.2295377Z test_stopped_close_error_seal_contract (test_p8_runtime.OwnedWriterSealControls.test_stopped_close_error_seal_contract) ... ok
2026-10-09T02:19:49.4836166Z test_worker_unfinished_seal_contract (test_p8_runtime.OwnedWriterSealControls.test_worker_unfinished_seal_contract) ... ok
2026-10-09T02:19:49.7336853Z test_completed_unequal_oracle_preserves_gate_failure_and_all_statistics (test_p8_runtime.RuntimeDriverControls.test_completed_unequal_oracle_preserves_gate_failure_and_all_statistics) ... ok
2026-10-09T02:19:49.9826380Z test_equal_oracle_retains_successful_observation (test_p8_runtime.RuntimeDriverControls.test_equal_oracle_retains_successful_observation) ... ok
2026-10-09T02:19:50.5877105Z test_existing_drain_deadline_preserves_canceled_outcomes_and_bounds (test_p8_runtime.RuntimeDriverControls.test_existing_drain_deadline_preserves_canceled_outcomes_and_bounds) ... ok
2026-10-09T02:19:50.8297292Z test_keyboard_interrupt_records_failure_before_and_after_drain (test_p8_runtime.RuntimeDriverControls.test_keyboard_interrupt_records_failure_before_and_after_drain) ... ok
2026-10-09T02:19:51.0117359Z test_oracle_execution_error_remains_driver_failure (test_p8_runtime.RuntimeDriverControls.test_oracle_execution_error_remains_driver_failure) ... ok
2026-10-09T02:19:51.4569385Z test_raw_budget_failure_cancels_and_joins_before_sealing (test_p8_runtime.RuntimeDriverControls.test_raw_budget_failure_cancels_and_joins_before_sealing) ... ok
2026-10-09T02:19:51.5835756Z test_submit_failure_retains_offered_attempt_and_releases_slot (test_p8_runtime.RuntimeDriverControls.test_submit_failure_retains_offered_attempt_and_releases_slot) ... ok
2026-10-09T02:19:51.5875029Z test_clustered_rss_cannot_certify_an_hour (test_p8_runtime.RuntimeEvidenceTests.test_clustered_rss_cannot_certify_an_hour) ... ok
2026-10-09T02:19:51.5875873Z test_exact_public_hit_rejects_query_echo_and_wrong_path (test_p8_runtime.RuntimeEvidenceTests.test_exact_public_hit_rejects_query_echo_and_wrong_path) ... ok
2026-10-09T02:19:51.5876996Z test_existing_memory_threshold_is_preserved (test_p8_runtime.RuntimeEvidenceTests.test_existing_memory_threshold_is_preserved) ... ok
2026-10-09T02:19:51.5877518Z test_failed_outcomes_still_enter_latency_denominator (test_p8_runtime.RuntimeEvidenceTests.test_failed_outcomes_still_enter_latency_denominator) ... ok
2026-10-09T02:19:51.6346695Z test_mutations_use_real_git_and_do_not_grow_source (test_p8_runtime.RuntimeEvidenceTests.test_mutations_use_real_git_and_do_not_grow_source) ... ok
2026-10-09T02:19:51.6349027Z test_raw_is_exclusive_and_preserves_every_row (test_p8_runtime.RuntimeEvidenceTests.test_raw_is_exclusive_and_preserves_every_row) ... ok
2026-10-09T02:19:51.6350912Z test_unowned_git_mutation_is_refused (test_p8_runtime.RuntimeEvidenceTests.test_unowned_git_mutation_is_refused) ... ok
2026-10-09T02:19:51.6351535Z test_zero_or_missing_rss_cannot_pass (test_p8_runtime.RuntimeEvidenceTests.test_zero_or_missing_rss_cannot_pass) ... ok
2026-10-09T02:19:51.6928736Z test_equal_oracle_still_keeps_passing_statistics (test_p8_runtime.RuntimeFailureLifecycleTests.test_equal_oracle_still_keeps_passing_statistics) ... ok
2026-10-09T02:19:51.7505942Z test_oracle_difference_keeps_statistics_and_failure_exit_one (test_p8_runtime.RuntimeFailureLifecycleTests.test_oracle_difference_keeps_statistics_and_failure_exit_one) ... ok
2026-10-09T02:19:51.8066220Z test_oracle_infrastructure_failure_stays_exit_two (test_p8_runtime.RuntimeFailureLifecycleTests.test_oracle_infrastructure_failure_stays_exit_two) ... ok
2026-10-09T02:19:51.8670215Z test_original_drain_deadline_has_one_cleanup_wait_and_all_terminal_rows (test_p8_runtime.RuntimeFailureLifecycleTests.test_original_drain_deadline_has_one_cleanup_wait_and_all_terminal_rows) ... ok
2026-10-09T02:19:51.9289495Z test_raw_budget_abort_drains_actual_worker_before_sealing (test_p8_runtime.RuntimeFailureLifecycleTests.test_raw_budget_abort_drains_actual_worker_before_sealing) ... ok
2026-10-09T02:19:51.9843919Z test_unconfirmed_worker_shutdown_cannot_create_a_seal (test_p8_runtime.RuntimeFailureLifecycleTests.test_unconfirmed_worker_shutdown_cannot_create_a_seal) ... ok
2026-10-09T02:19:51.9845226Z test_exhausted_raw_sidecar_keeps_metadata_without_nested_response_bodies (test_p8_runtime_cache.CacheTerminalRetentionTests.test_exhausted_raw_sidecar_keeps_metadata_without_nested_response_bodies) ... ok
2026-10-09T02:19:51.9846475Z test_failed_request_prefix_and_non_cache_terminal_metadata_are_preserved (test_p8_runtime_cache.CacheTerminalRetentionTests.test_failed_request_prefix_and_non_cache_terminal_metadata_are_preserved) ... ok
2026-10-09T02:19:51.9872855Z test_cache_hit_cannot_hide_stale_source_or_wrong_entity (test_p8_runtime_cache.SoakCacheProtocolTests.test_cache_hit_cannot_hide_stale_source_or_wrong_entity) ... ok
2026-10-09T02:19:51.9960126Z test_clustered_cache_receipts_cannot_certify_temporal_reuse (test_p8_runtime_cache.SoakCacheProtocolTests.test_clustered_cache_receipts_cannot_certify_temporal_reuse) ... ok
2026-10-09T02:19:51.9968193Z test_cross_generation_or_server_cannot_be_cache_receipt (test_p8_runtime_cache.SoakCacheProtocolTests.test_cross_generation_or_server_cannot_be_cache_receipt) ... ok
2026-10-09T02:19:51.9973458Z test_each_failed_request_prefix_keeps_actual_counts_no_invented_attempts (test_p8_runtime_cache.SoakCacheProtocolTests.test_each_failed_request_prefix_keeps_actual_counts_no_invented_attempts) ... ok
2026-10-09T02:19:51.9983611Z test_missing_original_call_or_changed_request_is_rejected (test_p8_runtime_cache.SoakCacheProtocolTests.test_missing_original_call_or_changed_request_is_rejected) ... ok
2026-10-09T02:19:51.9987141Z test_observed_wire_status_has_outer_and_nested_matching_freshness (test_p8_runtime_cache.SoakCacheProtocolTests.test_observed_wire_status_has_outer_and_nested_matching_freshness) ... ok
2026-10-09T02:19:51.9996143Z test_real_generation_rule_includes_noop_hit_and_refill_then_hit (test_p8_runtime_cache.SoakCacheProtocolTests.test_real_generation_rule_includes_noop_hit_and_refill_then_hit) ... ok
2026-10-09T02:19:52.0006046Z test_shared_pool_counters_must_progress_without_reset_or_rejection (test_p8_runtime_cache.SoakCacheProtocolTests.test_shared_pool_counters_must_progress_without_reset_or_rejection) ... ok
2026-10-09T02:19:52.0149463Z test_spread_offers_with_clustered_actual_calls_do_not_cover_four_quarters (test_p8_runtime_cache.SoakCacheProtocolTests.test_spread_offers_with_clustered_actual_calls_do_not_cover_four_quarters) ... ok
2026-10-09T02:19:52.0233599Z test_summary_keeps_original_operation_N_and_explicit_rpc_totals_and_quarters (test_p8_runtime_cache.SoakCacheProtocolTests.test_summary_keeps_original_operation_N_and_explicit_rpc_totals_and_quarters) ... ok
2026-10-09T02:19:52.0599222Z test_summary_rejects_missing_raw_changed_receipt_or_preceding_mutation (test_p8_runtime_cache.SoakCacheProtocolTests.test_summary_rejects_missing_raw_changed_receipt_or_preceding_mutation) ... ok
2026-10-09T02:19:52.0606424Z test_wrong_hit_after_invalidation_and_wrong_miss_same_generation_fail (test_p8_runtime_cache.SoakCacheProtocolTests.test_wrong_hit_after_invalidation_and_wrong_miss_same_generation_fail) ... ok
2026-10-09T02:19:52.0611606Z test_zero_ambiguous_reset_missing_and_boolean_counters_rejected (test_p8_runtime_cache.SoakCacheProtocolTests.test_zero_ambiguous_reset_missing_and_boolean_counters_rejected) ... ok
2026-10-09T02:19:52.0793799Z test_every_decision_input_including_stderr_plan_rpc_and_sqlite_is_sealed (test_p8_runtime_evidence.RuntimeArtifactSealTests.test_every_decision_input_including_stderr_plan_rpc_and_sqlite_is_sealed) ... ok
2026-10-09T02:19:52.0803098Z test_missing_extra_and_symlink_artifacts_are_rejected (test_p8_runtime_evidence.RuntimeArtifactSealTests.test_missing_extra_and_symlink_artifacts_are_rejected) ... ok
2026-10-09T02:19:52.1573848Z test_complete_contract_checks_every_original_and_retained_artifact (test_p8_runtime_evidence.RuntimeBuildBindingTests.test_complete_contract_checks_every_original_and_retained_artifact) ... ok
2026-10-09T02:19:52.2623844Z test_deleted_original_target_does_not_gain_cross_job_build_approval (test_p8_runtime_evidence.RuntimeBuildBindingTests.test_deleted_original_target_does_not_gain_cross_job_build_approval) ... ok
2026-10-09T02:19:52.4087392Z test_different_compiler_or_rewritten_compiler_bytes_are_rejected (test_p8_runtime_evidence.RuntimeBuildBindingTests.test_different_compiler_or_rewritten_compiler_bytes_are_rejected) ... ok
2026-10-09T02:19:52.5318962Z test_foreign_checkout_with_identical_suffix_is_rejected (test_p8_runtime_evidence.RuntimeBuildBindingTests.test_foreign_checkout_with_identical_suffix_is_rejected) ... ok
2026-10-09T02:19:52.5876965Z test_loaded_foreign_module_cannot_borrow_a_committed_file_hash (test_p8_runtime_evidence.RuntimeBuildBindingTests.test_loaded_foreign_module_cannot_borrow_a_committed_file_hash) ... ok
2026-10-09T02:19:52.6962487Z test_missing_or_outside_target_original_executable_is_rejected (test_p8_runtime_evidence.RuntimeBuildBindingTests.test_missing_or_outside_target_original_executable_is_rejected) ... ok
2026-10-09T02:19:52.7703210Z test_original_log_mutation_is_detected_by_the_build_seal (test_p8_runtime_evidence.RuntimeBuildBindingTests.test_original_log_mutation_is_detected_by_the_build_seal) ... ok
2026-10-09T02:19:52.8154976Z test_private_environment_rejects_existing_target_and_overrides_build_configuration (test_p8_runtime_evidence.RuntimeBuildBindingTests.test_private_environment_rejects_existing_target_and_overrides_build_configuration) ... ok
2026-10-09T02:19:52.8909337Z test_replaced_binary_cannot_be_rebound_with_only_a_self_reported_hash (test_p8_runtime_evidence.RuntimeBuildBindingTests.test_replaced_binary_cannot_be_rebound_with_only_a_self_reported_hash) ... ok
2026-10-09T02:19:52.9990612Z test_rewritten_command_or_missing_statistics_artifact_is_rejected (test_p8_runtime_evidence.RuntimeBuildBindingTests.test_rewritten_command_or_missing_statistics_artifact_is_rejected) ... ok
2026-10-09T02:19:53.1040422Z test_second_check_rejects_original_executable_changed_after_admission (test_p8_runtime_evidence.RuntimeBuildBindingTests.test_second_check_rejects_original_executable_changed_after_admission) ... ok
2026-10-09T02:19:53.2087403Z test_shared_target_or_fresh_workspace_artifact_cannot_pass (test_p8_runtime_evidence.RuntimeBuildBindingTests.test_shared_target_or_fresh_workspace_artifact_cannot_pass) ... ok
2026-10-09T02:19:53.3305340Z test_source_and_observer_changes_are_rejected_after_initial_verification (test_p8_runtime_evidence.RuntimeBuildBindingTests.test_source_and_observer_changes_are_rejected_after_initial_verification) ... ok
2026-10-09T02:19:53.5743215Z test_failed_seal_fingerprint_error_does_not_block_final_failure_report (test_p8_runtime_finalization.FinalizationFailureControls.test_failed_seal_fingerprint_error_does_not_block_final_failure_report) ... ok
2026-10-09T02:19:53.8176360Z test_failed_stopped_observation_remains_exit_one_with_valid_failure_seal (test_p8_runtime_finalization.FinalizationFailureControls.test_failed_stopped_observation_remains_exit_one_with_valid_failure_seal) ... ok
2026-10-09T02:19:54.0436663Z test_inventory_enoent_before_seal_retains_final_failure_and_original_report (test_p8_runtime_finalization.FinalizationFailureControls.test_inventory_enoent_before_seal_retains_final_failure_and_original_report) ... ok
2026-10-09T02:19:54.2683095Z test_lost_output_keeps_cli_two_and_explicit_metadata_failure_stderr (test_p8_runtime_finalization.FinalizationFailureControls.test_lost_output_keeps_cli_two_and_explicit_metadata_failure_stderr) ... ok
2026-10-09T02:19:54.5075225Z test_occupied_backup_is_not_overwritten_or_retried (test_p8_runtime_finalization.FinalizationFailureControls.test_occupied_backup_is_not_overwritten_or_retried) ... ok
2026-10-09T02:19:54.7609535Z test_successful_stopped_observation_keeps_original_valid_seal (test_p8_runtime_finalization.FinalizationFailureControls.test_successful_stopped_observation_keeps_original_valid_seal) ... ok
2026-10-09T02:19:55.0099002Z test_verify_inventory_mismatch_preserves_original_failed_seal_bytes (test_p8_runtime_finalization.FinalizationFailureControls.test_verify_inventory_mismatch_preserves_original_failed_seal_bytes) ... ok
2026-10-09T02:19:55.0099836Z 
2026-10-09T02:19:55.0099996Z ----------------------------------------------------------------------
2026-10-09T02:19:55.0100314Z Ran 68 tests in 17.303s
2026-10-09T02:19:55.0100442Z 
2026-10-09T02:19:55.0100519Z OK
2026-10-09T02:19:55.0280954Z ##[group]Run python3 scripts/p8_runtime_build.py --output "$RUNNER_TEMP/p8-build"
2026-10-09T02:19:55.0281308Z [36;1mpython3 scripts/p8_runtime_build.py --output "$RUNNER_TEMP/p8-build"[0m
2026-10-09T02:19:55.0334393Z shell: /usr/bin/bash -e {0}
2026-10-09T02:19:55.0334544Z env:
2026-10-09T02:19:55.0334668Z   CARGO_TERM_COLOR: never
2026-10-09T02:19:55.0334803Z   CARGO_INCREMENTAL: 0
2026-10-09T02:19:55.0334929Z   CARGO_BUILD_JOBS: 2
2026-10-09T02:19:55.0335063Z   PYTHONDONTWRITEBYTECODE: 1
2026-10-09T02:19:55.0335214Z   CARGO_HOME: /home/runner/.cargo
2026-10-09T02:19:55.0335402Z   CARGO_TARGET_DIR: /home/runner/work/_temp/p8-runtime-target
2026-10-09T02:19:55.0335761Z ##[endgroup]
2026-10-09T02:23:11.9061883Z {
2026-10-09T02:23:11.9062116Z   "build_exit_code": 0,
2026-10-09T02:23:11.9062407Z   "cargo_log_sha256": "a7c315846e18670b717baca2873316e8f33b6c830e77f3908331070f81bea183",
2026-10-09T02:23:11.9063031Z   "stderr_sha256": "fbae51a2e80f76f212ed2bd9168f4c7554ae513b942ca1692edae34db1613494",
2026-10-09T02:23:11.9063522Z   "binary_sha256": "ed2cf258553e3235ab3ed8f4a1c485e6f3b67f85a474bacdcbf16e63b8f0c49b",
2026-10-09T02:23:11.9064021Z   "oracle_sha256": "b6c4a90c0746ddde2b4e0b5acbc2ff545b4990dae5f04fe064d4600c3009566e",
2026-10-09T02:23:11.9064333Z   "statistics_sha256": "11b5a94f4d9197258c5ea57489db9e488c0d25e5da7070e54a2bd2c08738699a"
2026-10-09T02:23:11.9064558Z }
2026-10-09T02:23:11.9145434Z ##[group]Run python3 scripts/p8_runtime.py \
2026-10-09T02:23:11.9145655Z [36;1mpython3 scripts/p8_runtime.py \[0m
2026-10-09T02:23:11.9145848Z [36;1m  --binary "$RUNNER_TEMP/p8-build/codecortex" \[0m
2026-10-09T02:23:11.9146058Z [36;1m  --oracle "$RUNNER_TEMP/p8-build/p8-oracle" \[0m
2026-10-09T02:23:11.9146297Z [36;1m  --statistics "$RUNNER_TEMP/p8-build/p8-runtime-statistics" \[0m
2026-10-09T02:23:11.9146556Z [36;1m  --build-receipt "$RUNNER_TEMP/p8-build/build-receipt.json" \[0m
2026-10-09T02:23:11.9146776Z [36;1m  --concurrency '4' --operations 900 \[0m
2026-10-09T02:23:11.9147000Z [36;1m  --files 1000 --interval-ms 500 --output "$RUNNER_TEMP/p8-runtime"[0m
2026-10-09T02:23:11.9197256Z shell: /usr/bin/bash -e {0}
2026-10-09T02:23:11.9197396Z env:
2026-10-09T02:23:11.9197512Z   CARGO_TERM_COLOR: never
2026-10-09T02:23:11.9197647Z   CARGO_INCREMENTAL: 0
2026-10-09T02:23:11.9197770Z   CARGO_BUILD_JOBS: 2
2026-10-09T02:23:11.9197900Z   PYTHONDONTWRITEBYTECODE: 1
2026-10-09T02:23:11.9198076Z   CARGO_HOME: /home/runner/.cargo
2026-10-09T02:23:11.9198219Z ##[endgroup]
2026-10-09T02:30:42.1305410Z {
2026-10-09T02:30:42.1305600Z   "schema_version": 1,
2026-10-09T02:30:42.1305780Z   "status": "passed_observation",
2026-10-09T02:30:42.1305937Z   "exit_code": 0,
2026-10-09T02:30:42.1306278Z   "task_complete": false,
2026-10-09T02:30:42.1306487Z   "profile": "mixed",
2026-10-09T02:30:42.1306676Z   "offered": 900,
2026-10-09T02:30:42.1306879Z   "outcomes": {
2026-10-09T02:30:42.1307076Z     "success": 900
2026-10-09T02:30:42.1307241Z   },
2026-10-09T02:30:42.1307417Z   "execution_environment": {
2026-10-09T02:30:42.1307592Z     "system": "Linux",
2026-10-09T02:30:42.1307786Z     "release": "6.17.0-1022-azure",
2026-10-09T02:30:42.1308001Z     "machine": "x86_64",
2026-10-09T02:30:42.1308240Z     "cpu_model": "AMD EPYC 9V45 96-Core Processor",
2026-10-09T02:30:42.1308429Z     "reported_logical_cpus": 4,
2026-10-09T02:30:42.1308799Z     "runner_affinity_cpus": 4,
2026-10-09T02:30:42.1309036Z     "cgroup_cpu_quota": null,
2026-10-09T02:30:42.1309399Z     "cgroup_cpu_quota_status": "not_observed; logical or affinity counts are not a quota claim"
2026-10-09T02:30:42.1309770Z   },
2026-10-09T02:30:42.1309947Z   "observed_work_ns": 448011230080,
2026-10-09T02:30:42.1310198Z   "actual_concurrency": {
2026-10-09T02:30:42.1310404Z     "read": 0,
2026-10-09T02:30:42.1310585Z     "build": 0,
2026-10-09T02:30:42.1310755Z     "maximum": 4,
2026-10-09T02:30:42.1310961Z     "read_build_overlap": true
2026-10-09T02:30:42.1311161Z   },
2026-10-09T02:30:42.1311330Z   "real_branch_switches": 50,
2026-10-09T02:30:42.1311560Z   "observed_catalog_compactions": 6,
2026-10-09T02:30:42.1311786Z   "rss": {
2026-10-09T02:30:42.1311954Z     "status": "observed",
2026-10-09T02:30:42.1312147Z     "observed": 448,
2026-10-09T02:30:42.1312344Z     "warmed_median_bytes": 104570880,
2026-10-09T02:30:42.1312573Z     "tail_median_bytes": 113586176,
2026-10-09T02:30:42.1312800Z     "allowed_bytes": 164268032,
2026-10-09T02:30:42.1313028Z     "sampled_peak_bytes": 114233344,
2026-10-09T02:30:42.1313247Z     "passed": true,
2026-10-09T02:30:42.1313484Z     "rule": "existing_soak_warmed_plus_25_percent_plus_32MiB"
2026-10-09T02:30:42.1313752Z   },
2026-10-09T02:30:42.1313918Z   "resource_time_coverage": {
2026-10-09T02:30:42.1314541Z     "passed": true,
2026-10-09T02:30:42.1314727Z     "observed_samples": 448,
2026-10-09T02:30:42.1314933Z     "first_ns": 582884091,
2026-10-09T02:30:42.1315198Z     "last_ns": 448146652093,
2026-10-09T02:30:42.1315399Z     "work_start_ns": 582944102,
2026-10-09T02:30:42.1315605Z     "work_end_ns": 448594175063,
2026-10-09T02:30:42.1315817Z     "maximum_gap_ns": 1016641056,
2026-10-09T02:30:42.1316045Z     "allowed_maximum_gap_ns": 5000000000,
2026-10-09T02:30:42.1316361Z     "method": "monotonic sample starts including work start and end gaps"
2026-10-09T02:30:42.1316664Z   },
2026-10-09T02:30:42.1317331Z   "observer_concurrency_scope": "one separate status RPC; excluded from workload C and latency",
2026-10-09T02:30:42.1317707Z   "latency": {
2026-10-09T02:30:42.1317872Z     "n": 900,
2026-10-09T02:30:42.1318058Z     "p50_ns": 2032171,
2026-10-09T02:30:42.1318205Z     "p95_ns": 54716415,
2026-10-09T02:30:42.1318325Z     "p99_ns": 65641199,
2026-10-09T02:30:42.1318446Z     "maximum_ns": 98193388,
2026-10-09T02:30:42.1318880Z     "scope": "all_offered_terminal_outcomes_including_rejections_and_failures",
2026-10-09T02:30:42.1319159Z     "tail_stability_claim": false
2026-10-09T02:30:42.1319388Z   },
2026-10-09T02:30:42.1319644Z   "latency_by_operation": {
2026-10-09T02:30:42.1319842Z     "read": {
2026-10-09T02:30:42.1320003Z       "n": 600,
2026-10-09T02:30:42.1320176Z       "p50_ns": 1785939,
2026-10-09T02:30:42.1320358Z       "p95_ns": 3446330,
2026-10-09T02:30:42.1320546Z       "p99_ns": 5539733,
2026-10-09T02:30:42.1320731Z       "maximum_ns": 6691493,
2026-10-09T02:30:42.1321029Z       "scope": "all_offered_terminal_outcomes_including_rejections_and_failures",
2026-10-09T02:30:42.1321378Z       "tail_stability_claim": false
2026-10-09T02:30:42.1321592Z     },
2026-10-09T02:30:42.1321759Z     "build": {
2026-10-09T02:30:42.1321928Z       "n": 300,
2026-10-09T02:30:42.1322102Z       "p50_ns": 24794593,
2026-10-09T02:30:42.1322290Z       "p95_ns": 63025531,
2026-10-09T02:30:42.1322520Z       "p99_ns": 86469428,
2026-10-09T02:30:42.1322706Z       "maximum_ns": 98193388,
2026-10-09T02:30:42.1322991Z       "scope": "all_offered_terminal_outcomes_including_rejections_and_failures",
2026-10-09T02:30:42.1323317Z       "tail_stability_claim": false
2026-10-09T02:30:42.1323525Z     }
2026-10-09T02:30:42.1323683Z   },
2026-10-09T02:30:42.1323844Z   "failures": [],
2026-10-09T02:30:42.1324019Z   "statistics": {
2026-10-09T02:30:42.1324210Z     "path": "statistics.json",
2026-10-09T02:30:42.1324541Z     "sha256": "4c4b03ac435020ac2e047ad226349b830980374ee5ab18fdba0111095eff4784",
2026-10-09T02:30:42.1324899Z     "replay_path": "statistics-replay.json",
2026-10-09T02:30:42.1325144Z     "replay_identical": true,
2026-10-09T02:30:42.1325354Z     "exit_code": 0,
2026-10-09T02:30:42.1325573Z     "status": "all_original_terminal_outcomes_successful"
2026-10-09T02:30:42.1325826Z   },
2026-10-09T02:30:42.1325978Z   "parity_exit_code": 0,
2026-10-09T02:30:42.1326301Z   "parity_sha256": "25bd0d49ce9681d2309f1f62b353f45daa9cb31ff0a8497313e902f19bc9f045",
2026-10-09T02:30:42.1326799Z   "product_sha256": "ed2cf258553e3235ab3ed8f4a1c485e6f3b67f85a474bacdcbf16e63b8f0c49b",
2026-10-09T02:30:42.1327300Z   "oracle_sha256": "b6c4a90c0746ddde2b4e0b5acbc2ff545b4990dae5f04fe064d4600c3009566e",
2026-10-09T02:30:42.1327718Z   "semantic_backfill": "not_run_in_default_product_profile",
2026-10-09T02:30:42.1327999Z   "release_approval": false,
2026-10-09T02:30:42.1328200Z   "owned_cleanup": {
2026-10-09T02:30:42.1328382Z     "unfinished_work": 0,
2026-10-09T02:30:42.1329325Z     "sampler_stopped": true,
2026-10-09T02:30:42.1329531Z     "product_stopped": true,
2026-10-09T02:30:42.1329746Z     "comparison_product_stopped": true,
2026-10-09T02:30:42.1329989Z     "product_construction_pending": false,
2026-10-09T02:30:42.1330253Z     "comparison_product_construction_pending": false
2026-10-09T02:30:42.1330497Z   },
2026-10-09T02:30:42.1330658Z   "final_build_verification": {
2026-10-09T02:30:42.1330853Z     "source": {
2026-10-09T02:30:42.1331388Z       "source_commit": "a23bb72d3c954f385b99fe81ce9189885c208557",
2026-10-09T02:30:42.1331708Z       "source_tree": "58147c952505c44da1f41eb4b9c31643f2303b96",
2026-10-09T02:30:42.1331966Z       "input_count": 1087,
2026-10-09T02:30:42.1332298Z       "manifest_sha256": "4e0aa6bbfd4d5bea00416bca2cd99318d865ffc526fdcb45897c4d300de3ac00",
2026-10-09T02:30:42.1332648Z       "inputs": {
2026-10-09T02:30:42.1332930Z         "Cargo.lock": "ea6b177872de3749702e2cd967f4504efff5bcc67cd2a2459205d182243d1000",
2026-10-09T02:30:42.1333384Z         "Cargo.toml": "53fdb9015f1e3c2c043db4016ece8f81b5760f3a9c4eee0a9c9ada428327d6fa",
2026-10-09T02:30:42.1334036Z         "crates/cc-db/Cargo.toml": "169278d054b2575aae1123650dfa2c8f8e9fe0aabe575fbb2d67e4d168a9b047",
2026-10-09T02:30:42.1334591Z         "crates/cc-db/src/capability_read.rs": "732e45a55b1ddbdb394f4a279eba051e58721ea6dd9286903c89e00d8a213ee9",
2026-10-09T02:30:42.1335177Z         "crates/cc-db/src/community_carry.rs": "56b22a4d24eb981e2c06d42ddfd53c8430f3bca7fa05debc76de1de083c2b624",
2026-10-09T02:30:42.1335759Z         "crates/cc-db/src/direct_writer.rs": "f503106e972535c273bcd1bebb34b844e0f1e3091ae33a9f39f6854590c292be",
2026-10-09T02:30:42.1336325Z         "crates/cc-db/src/document_store.rs": "affe3cfa66341a0f739d49b054c98492554c0dfdaca4703fd5c62ca16b6f3c77",
2026-10-09T02:30:42.1336893Z         "crates/cc-db/src/epoch_rules.rs": "e28c186cc75bdad9f2bd6f05d8c2e05ffe68a99f5f94777dd3d3338bde2c1498",
2026-10-09T02:30:42.1337460Z         "crates/cc-db/src/file_state_cache.rs": "48bd5f2e566f930cce6562cb5ca433f8b90d77685d324145e8b72c20f062670a",
2026-10-09T02:30:42.1338043Z         "crates/cc-db/src/framework_scan.rs": "1f1d04aa81dfc502fa569debd50766820a0929ad48bcc5a04d4d22bad8970fdb",
2026-10-09T02:30:42.1338719Z         "crates/cc-db/src/freshness_store.rs": "3057b87981457b51f07601df6414788cc0fbfe0439f23c5fb0a481e10d1a6efc",
2026-10-09T02:30:42.1339241Z         "crates/cc-db/src/fts.rs": "f8064f0120b316686371ebec308004612ac8835aa47b1333c7d5e3347ea8670f",
2026-10-09T02:30:42.1339751Z         "crates/cc-db/src/index_db.rs": "6202a556d78731b88757a08cdbc77f83112db17e3000fe2eaef9572a65915d4e",
2026-10-09T02:30:42.1340292Z         "crates/cc-db/src/index_db_arch.rs": "ce359cf824af4813eb80477fbfa58750f79f5275c3e485acdd5adbcf1d44fa65",
2026-10-09T02:30:42.1340853Z         "crates/cc-db/src/index_db_edges.rs": "d1dd3e4022b5d3e516c200d7cf5c0efd039e220f75b4adde39261aeab8936452",
2026-10-09T02:30:42.1341426Z         "crates/cc-db/src/index_db_frontier.rs": "f36216d3847fc110785d2062f7aae6a44798033eb026b1b8cfd27a73f02199ba",
2026-10-09T02:30:42.1342017Z         "crates/cc-db/src/index_db_graph.rs": "95962a7545c9e13bdbefc5294a60c7ca674db5674ac11a82912113d264655ea0",
2026-10-09T02:30:42.1342612Z         "crates/cc-db/src/index_db_graph_read.rs": "9ee40800c9200f693d9e73587f8e677411ddfefa7d681d7bca3400d5f48380ab",
2026-10-09T02:30:42.1343213Z         "crates/cc-db/src/index_db_multi_insert.rs": "9bcc38670163280c0b475474ac02d198b940ab2c621c29e9525e2968a12a3261",
2026-10-09T02:30:42.1343951Z         "crates/cc-db/src/index_db_query.rs": "d06dda09e00d3b4b02ed54d45e8fe7d38db4242ab592bab49d3e012522de70cd",
2026-10-09T02:30:42.1344542Z         "crates/cc-db/src/index_db_rebuild.rs": "5ba69e2dc037a57c72c83f8e43d029af34ff790b466eb9b1d54bdeb618e17f1b",
2026-10-09T02:30:42.1345157Z         "crates/cc-db/src/index_db_rebuild_fault_tests.rs": "31f4b60a574b14d2b29ca2a5aa71bb4641a96ea6d801d4de7e9990fee2841165",
2026-10-09T02:30:42.1345839Z         "crates/cc-db/src/index_db_retrieval.rs": "cb7363bd3a93a4e613c6eba6bce9129de6304e4a9cb7d98c9c67698e7b84aa19",
2026-10-09T02:30:42.1346421Z         "crates/cc-db/src/index_db_tests.rs": "b20e04ef98ab3a778e4ef909045a8934aa185a894a606ca0cbd5a1819c6684f3",
2026-10-09T02:30:42.1346996Z         "crates/cc-db/src/index_db_types.rs": "f1b1b499879d721e6024b40e28050f705b74b2d13afdda98f55b8bc2c6591d67",
2026-10-09T02:30:42.1347595Z         "crates/cc-db/src/index_db_write_batch.rs": "05a9f58d6433eee1be35a66fd08d8f6ac8c3ba9bf434faf99cdee41000ecb617",
2026-10-09T02:30:42.1348411Z         "crates/cc-db/src/index_migrate.rs": "db6c7377fa47f27c7c163a40bdf8d93ea4db90c72e5ea78e587186e5eb39dcd2",
2026-10-09T02:30:42.1349088Z         "crates/cc-db/src/lib.rs": "640dc126385015e2418f0776e0e68e882075d5548761cde7918bfc44e4df7d9f",
2026-10-09T02:30:42.1349657Z         "crates/cc-db/src/public_surface_store.rs": "35c5b03670b3a2ed7add767f66ea46b4a7cd265dfffa3a77f81f04a8ed8d4650",
2026-10-09T02:30:42.1350279Z         "crates/cc-db/src/read_generation.rs": "54d9b0834214f6e58fbe2fa7a5ec00df77e7aaba1a11eb533498e7a9798f563f",
2026-10-09T02:30:42.1350939Z         "crates/cc-db/src/resolution_dependency_store.rs": "7afc688e8b6314f2f5373db35b38deb84f23feec88bcfb11210041fa9cdd29e4",
2026-10-09T02:30:42.1351730Z         "crates/cc-db/src/rows.rs": "5c922df7efa572896cfc01e320f2ccbc8a29aa75840303bb13eca426f32f86c1",
2026-10-09T02:30:42.1352267Z         "crates/cc-db/src/seed_symbol_cache.rs": "667960f8c82df2a1009376bdd43778416b7f3587e50ecb15ca1f9460fce4af79",
2026-10-09T02:30:42.1352879Z         "crates/cc-db/src/semantic_coverage.rs": "ae4d09198d6ed7b605e43d55d2b80af05ba5a1d708963ac3a8bac56aef64947c",
2026-10-09T02:30:42.1353500Z         "crates/cc-db/src/semantic_gc_reads.rs": "0e3a01631be1670ed2bd2168b968f943f3cae6b0d8159877ad1e2731b0634f49",
2026-10-09T02:30:42.1354211Z         "crates/cc-db/src/semantic_manifest_reads.rs": "6649de97ea99c1b41d82f8a2fa781fb2836f538684a0f7c5b0512fa5389a6793",
2026-10-09T02:30:42.1354919Z         "crates/cc-db/src/semantic_outbox.rs": "67745644d49f9e5d281bf2b1abffb6075c8f2025a652d6bb979f02b109a08e97",
2026-10-09T02:30:42.1355528Z         "crates/cc-db/src/semantic_publish.rs": "3b7c6af1f94604eed757dd5ceaeb99da5ef2caf91eec98a3f0ec24cb83f53826",
2026-10-09T02:30:42.1356173Z         "crates/cc-db/src/semantic_queue.rs": "78452087441c24209358c7da0bd825e13344735425b151ee72035e9db20023ae",
2026-10-09T02:30:42.1356759Z         "crates/cc-db/src/semantic_rebuild.rs": "181733dc1e55e26964022f3f9b0b0d5096629707055bf75bdcec75fc02d97467",
2026-10-09T02:30:42.1357373Z         "crates/cc-db/src/semantic_recovery.rs": "979eeb707c123e0874a9018e40b84b0be517339ed798395c8f857a720ac0579e",
2026-10-09T02:30:42.1358021Z         "crates/cc-db/src/semantic_space_switch.rs": "d0e18001df11af72e59eb3ca2d4501f458a1f45040b76fbea9756df2676d64d4",
2026-10-09T02:30:42.1358769Z         "crates/cc-db/src/signature_agg.rs": "a931651405dace905001548167c05336e798fbcdcd6009a3db51d6a60ab275c0",
2026-10-09T02:30:42.1359399Z         "crates/cc-db/src/snapshot_write_txn.rs": "dfa574afde308fb5c80b7af31d759e63bbc7376e6e5e01b05dd2657fc4e96856",
2026-10-09T02:30:42.1360039Z         "crates/cc-db/src/sql/index_v1.sql": "6d7ee2193f388281aeef3dc98b914f0fa6f9478dda90833bf41f6bc12350cd06",
2026-10-09T02:30:42.1360645Z         "crates/cc-db/src/sql_util.rs": "762158a26d237b986b2b76a9bfd8edd895c5919e7e5c9ce491c003a9d62616c9",
2026-10-09T02:30:42.1361241Z         "crates/cc-db/src/statement_work.rs": "e32e6ce3e78cb78088b7aa126420d450db6cbbf37f624872c2663fa2ef2dbdfe",
2026-10-09T02:30:42.1361893Z         "crates/cc-db/src/symbol_identity_store.rs": "e4d9ae569cfe557c9b3ea11ba779be32b781d5383fd620072a069e7ce38ffb49",
2026-10-09T02:30:42.1362548Z         "crates/cc-db/src/unit_of_work.rs": "265a0c4cbddfd237e1cde1e199599389b10b87aa140ea72ecb7a85439aa39142",
2026-10-09T02:30:42.1363215Z         "crates/cc-db/tests/ci_schema_guard_contract.rs": "24850989991ef584c559fd0a5b73382ba0434181c6abd69cba80ede6acbe7e42",
2026-10-09T02:30:42.1363969Z         "crates/cc-db/tests/fixtures/p7-ci-schema-v21.sql": "00a7d1fc249c562160fc0cdc7978ba2198b4ee063f8c6cf77cc564dd3f27407f",
2026-10-09T02:30:42.1364706Z         "crates/cc-db/tests/fixtures/p7-ci-schema-v24.sql": "a6ffa4911557211897fb8aaf9b3a61bffd2355714b32d0ce1915cf109f5e8be2",
2026-10-09T02:30:42.1365438Z         "crates/cc-db/tests/fts_identifier_expansion.rs": "e6d96c9b95aad8edeff1e9596b6db71759a2c4e3667163ba008071a43c2cca36",
2026-10-09T02:30:42.1366121Z         "crates/cc-db/tests/incremental_write_bench.rs": "c44dd246f6a90ece521a2a831cb772bce59fa21f3240a0a44e13ea586a95810d",
2026-10-09T02:30:42.1366910Z         "crates/cc-db/tests/p2b_resolution_store.rs": "ac2f7d6ceed1130161d18ba22bb6c8ecf1d6982eb48a7ca15af5951721d80772",
2026-10-09T02:30:42.1367614Z         "crates/cc-db/tests/p2c_freshness_store.rs": "9db2be89e261c717bd80c2edfec73564f7012433b20990e3e7cee1a5ed4c8576",
2026-10-09T02:30:42.1368293Z         "crates/cc-db/tests/p2d_dependency_cost.rs": "054752b844459d4ccf6f420d28cfcfd1731feddeda784d04324d2201fa9a550b",
2026-10-09T02:30:42.1369156Z         "crates/cc-db/tests/p7_configured_space_transition.rs": "47b41d94e2820d980f59a65eff4624fbafaa02322689abb9998869b1c00ca8d7",
2026-10-09T02:30:42.1369948Z         "crates/cc-db/tests/public_surface_store.rs": "4091cfffecdbf1a55845e3dc25ac3feaa2c27f3a914d600d9af1977e682f2e72",
2026-10-09T02:30:42.1370642Z         "crates/cc-db/tests/resolver_bind_independent_review.rs": "d1413a76a6c4542e624d663d56121063b79f3f9bc9c095cb17eb10155e5de765",
2026-10-09T02:30:42.1371357Z         "crates/cc-db/tests/resolver_seed_large_exclusion.rs": "85de8f7b2b7146fdc288a05ec49a975ae7b8d36bdb01ee115d6f75510c1b1c2c",
2026-10-09T02:30:42.1372040Z         "crates/cc-db/tests/semantic_coverage.rs": "8d2e30608b8cefa42b408a07d866da28c0a33f89c016453a875f05d968b0d457",
2026-10-09T02:30:42.1372657Z         "crates/cc-db/tests/semantic_lease.rs": "0014e15216f7d7591378a414b75626816b793a59cef0a5ccc039118de32b7b85",
2026-10-09T02:30:42.1373287Z         "crates/cc-db/tests/semantic_outbox.rs": "0344000bd04c039d638b22a6f4c26c707e1ce551a110f15c54303501b9bfc957",
2026-10-09T02:30:42.1373901Z         "crates/cc-db/tests/semantic_publish.rs": "547a586460d6c5eec3db6806455678ebc1431a4064bc87600e2eec60a739eb90",
2026-10-09T02:30:42.1374530Z         "crates/cc-db/tests/semantic_queue.rs": "6c13d49c6c32f92b16ab3e382bcff23634a1b9f6c781302dad90fd27f938f132",
2026-10-09T02:30:42.1375163Z         "crates/cc-db/tests/semantic_rebuild.rs": "bd3feed3d05165847d6636a71fc68cc263cfdee9772bf508f8d584746a6bb379",
2026-10-09T02:30:42.1375804Z         "crates/cc-db/tests/semantic_recovery.rs": "2bbfa6a29602b2879f86263d54d35230052e02d2dabd7b8545afec391d2b00b6",
2026-10-09T02:30:42.1376423Z         "crates/cc-db/tests/semantic_schema.rs": "8ac5b270ad05232aa289d84b1c39b2b1771b9808033e5c72b1c4912a998513c1",
2026-10-09T02:30:42.1377069Z         "crates/cc-db/tests/semantic_space_switch.rs": "1e8ce5555f1695aecc90f32be9687e15df6fdb961c363964f9c29c4d1d8106b9",
2026-10-09T02:30:42.1377770Z         "crates/cc-db/tests/test_edge_empty_population.rs": "c50d155d48cb3b8302b7805977d3dce5114711f7963f87f670e50546c583d41c",
2026-10-09T02:30:42.1378399Z         "crates/cc-eval/Cargo.toml": "d79b3b1693130c199c8b803bf555ef94836230c00c28afd499bab1e4ffa99179",
2026-10-09T02:30:42.1379137Z         "crates/cc-eval/benchmarks/KNOWN-FAILURES.md": "b4df44b9d38093c6f3a897b0a90821df7b54de9ff23e95e28421c2a8b3bb4f67",
2026-10-09T02:30:42.1379793Z         "crates/cc-eval/benchmarks/README.md": "9c0c5d94f2bc404e361df5e7119205bb31a274965ed8194a0cb1a6137ca839a0",
2026-10-09T02:30:42.1380436Z         "crates/cc-eval/benchmarks/USAGE.md": "8385d586f6c7e9596835083c6069ae1c489dce2ce8729048e542767b8df206db",
2026-10-09T02:30:42.1381111Z         "crates/cc-eval/benchmarks/goldens/fnmatch.json": "480ee425cd0dec9f2bfecc57fe13e84d32c219a7f0f8ce7e811a2688f462a90f",
2026-10-09T02:30:42.1381882Z         "crates/cc-eval/benchmarks/manifests/comparison-policy.json": "772e80a15db0326627d2a9228263343ca52b57fb4e2fae83ff36a481495be77f",
2026-10-09T02:30:42.1382704Z         "crates/cc-eval/benchmarks/manifests/p0-codecortex-subset.json": "232f557a444db30e4f5050b6d4bdb0e5e012c010cb8659e4853491dea6444110",
2026-10-09T02:30:42.1383512Z         "crates/cc-eval/benchmarks/manifests/p0-python-api.json": "70548d4585e9e2def9539c8abe5160c3e58d920381aa807ff8fd7890bd64775d",
2026-10-09T02:30:42.1384304Z         "crates/cc-eval/benchmarks/manifests/p0-rust-api.json": "cf7fc8f8d246ea2316037d39c7bcb7eb7e81d2ce0ba4e08c7d671ac08e1e3d98",
2026-10-09T02:30:42.1385045Z         "crates/cc-eval/benchmarks/manifests/p0-smoke.json": "28f64a113a85b09a5506558bbbce4c31c0b52f097a93e4651f178b4769a50944",
2026-10-09T02:30:42.1385933Z         "crates/cc-eval/benchmarks/manifests/p1b-exact.json": "48f37902daf414b36584756ea71e0d6c3ccb5c5c72dc39fffea211e2972d5dbf",
2026-10-09T02:30:42.1386671Z         "crates/cc-eval/benchmarks/manifests/p1c-bm25.json": "0137c077a3fd3bcca3241cec920a69b0102448200573735291bf22f5ba6e58f1",
2026-10-09T02:30:42.1387415Z         "crates/cc-eval/benchmarks/manifests/p1c-intents.json": "ebba7ccdc318f8bce333fdd9fafa3efde3ff1676ae67fe2d1b9b1203d0ceae1e",
2026-10-09T02:30:42.1388170Z         "crates/cc-eval/benchmarks/manifests/p1c-softscope.json": "504c117bb70c560eedb12c97b4f76ed158909005f6b8396a5f88e77f13a30072",
2026-10-09T02:30:42.1389246Z         "crates/cc-eval/benchmarks/manifests/public-dev-20261008.dataset-index.json": "ce66ebb0d1d344150a0fbf5d451fad7c5ef0e707f621a0a879a660f66507828e",
2026-10-09T02:30:42.1390104Z         "crates/cc-eval/benchmarks/modules/p3c-fixtures.json": "c52e1fcef7b46e948a2f6b2404a456b604a9672ecdd191d324558ee931b373ca",
2026-10-09T02:30:42.1390898Z         "crates/cc-eval/benchmarks/mutations/p0-python-signature.json": "dbc80571342a870bc681dc8949dc6783ffba0fc01aaac9ec6575eb9bcc8e233d",
2026-10-09T02:30:42.1391702Z         "crates/cc-eval/benchmarks/mutations/p0-rust-signature.json": "32e3b6c4e9838eab5e09e5205afe4041f89baa42d447c2861b4fbb5ffa186652",
2026-10-09T02:30:42.1392520Z         "crates/cc-eval/benchmarks/mutations/p4d-document-identity.json": "8767f391b7b92a813d189fb0fb0b3d3b64290edfda834131138d768100b01d7b",
2026-10-09T02:30:42.1393350Z         "crates/cc-eval/benchmarks/native/p0-codecortex-subset.jsonl": "b728333d92ed930452f35c9de848df4c2df8e76dde315e40f390e80600e37c02",
2026-10-09T02:30:42.1394150Z         "crates/cc-eval/benchmarks/native/p0-python-api.jsonl": "c464e36ffd9948a333ed2f19a492c487390577c94cc4c634d7e3895cb490fb0a",
2026-10-09T02:30:42.1394878Z         "crates/cc-eval/benchmarks/native/p0-rust-api.jsonl": "4e721f4224f9093c29b2a947abe8cbd1710b2556dff7b37cabd9212fa7674735",
2026-10-09T02:30:42.1395596Z         "crates/cc-eval/benchmarks/native/p0-smoke.jsonl": "f2cb03747e2f6a42f474cd1120f2b012afdd1c506bce708e24b9f14cab49d872",
2026-10-09T02:30:42.1396310Z         "crates/cc-eval/benchmarks/native/p1b-exact.jsonl": "cdf1c77465950208eccf68818614e696f24e458c04be04815f0f1d1fa7b7ca59",
2026-10-09T02:30:42.1397012Z         "crates/cc-eval/benchmarks/native/p1c-bm25.jsonl": "557737a12e7d314de6a2b9202c98f939737c680da3ccb3fdb1cae8c202cf2323",
2026-10-09T02:30:42.1397736Z         "crates/cc-eval/benchmarks/native/p1c-intents.jsonl": "53ad86b131e7323ccdff15d5409295f921ca5a25c888453267ef0bd90cc7b977",
2026-10-09T02:30:42.1398461Z         "crates/cc-eval/benchmarks/native/p1c-softscope.jsonl": "a870f944d9462331a7425a5f0b1f003dbfa8ed8fe07fc66af6e8f9ce587adf8e",
2026-10-09T02:30:42.1399351Z         "crates/cc-eval/benchmarks/native/p4d-chunk-ablation.json": "0ccea3150b397824b74267768d71f270b9cbef319dd4fa83bead375e30046574",
2026-10-09T02:30:42.1400132Z         "crates/cc-eval/benchmarks/native/public-dev-20261008/README.md": "bf162d81d3ddfd5136a8cc7b3fb4a4c89facc98cc0df89523b1e152e42fab0cc",
2026-10-09T02:30:42.1400915Z         "crates/cc-eval/benchmarks/public-dev-20261008/README.md": "94863cc71f790600047ba7f993346b1306245460601cb1dd7170faa298550e5e",
2026-10-09T02:30:42.1401678Z         "crates/cc-eval/benchmarks/public-dev-20261008/index.json": "c41ef81b65934b1d84a5de751e305d3235c75bd923b018c635eec35b97e12bad",
2026-10-09T02:30:42.1402552Z         "crates/cc-eval/benchmarks/public-dev-20261008/serde/LICENSE-APACHE": "62c7a1e35f56406896d7aa7ca52d0cc0d272ac022b5d2796e7d6905db8a3636a",
2026-10-09T02:30:42.1403433Z         "crates/cc-eval/benchmarks/public-dev-20261008/serde/LICENSE-MIT": "23f18e03dc49df91622fe2a76176497404e46ced8a715d9d2b67a7446571cca3",
2026-10-09T02:30:42.1404209Z         "crates/cc-eval/benchmarks/public-dev-20261008/serde/README.md": "f310f319f33c0924a6c117b4f51efa426639abe5e24657ac7bd2fef46bff814f",
2026-10-09T02:30:42.1405056Z         "crates/cc-eval/benchmarks/public-dev-20261008/serde/author-mechanical-checks.json": "5f96e3c14bbc89607d4f79c0e56eba0f66cced30cf8547099cd40a8e6c589e98",
2026-10-09T02:30:42.1406071Z         "crates/cc-eval/benchmarks/public-dev-20261008/serde/author-receipt.json": "a7a553c0b6e4d3dbce4f31e6de2414f9d13bb69916424166f12c1f6922b1d698",
2026-10-09T02:30:42.1406959Z         "crates/cc-eval/benchmarks/public-dev-20261008/serde/queries.native.dev.jsonl": "4d5ac21c0b42a385ef348da069a1bcd3c9ae547b3ebb3c77b673bd749455f7ec",
2026-10-09T02:30:42.1407845Z         "crates/cc-eval/benchmarks/public-dev-20261008/serde/queries.oce-compat.dev.jsonl": "89f2e7786c2c806a3dfb1e49973c826f50c46ef51cf4a60090d0353432b91128",
2026-10-09T02:30:42.1409090Z         "crates/cc-eval/benchmarks/public-dev-20261008/serde/review/serde-first20-independent-review.json": "58ff3df213a1e72fe3acba368c91ed4c695c556278879f96b6bfbfecce93dc77",
2026-10-09T02:30:42.1410097Z         "crates/cc-eval/benchmarks/public-dev-20261008/serde/review/serde-full150-v2-independent-review.json": "2c4cd78aaf31dbe1b042a9100c81c915cad357548cbf7841e6676b6267104fb7",
2026-10-09T02:30:42.1411095Z         "crates/cc-eval/benchmarks/public-dev-20261008/serde/review/serde-full150-v2-mechanical-review.json": "c594b47913500854c0748be627398313bec5037da06bc95885945d400f02aebc",
2026-10-09T02:30:42.1411990Z         "crates/cc-eval/benchmarks/public-dev-20261008/serde/source-manifest.json": "b7e45236c36f09c16a1787fe1dc259d3bc75523fda3a2f7d491334d5a6462f44",
2026-10-09T02:30:42.1412798Z         "crates/cc-eval/benchmarks/public-dev-20261008/serde/suite.native.dev.json": "0834aa9d13d9335d5cefe9270726b75ae6735edc442650ef92269968c077f234",
2026-10-09T02:30:42.1413626Z         "crates/cc-eval/benchmarks/public-dev-20261008/serde/suite.oce-compat.dev.json": "8318cf25d924479ffa2fcc692c5ce1063b3fd3a3dcbd24fd29966d376cef9c5b",
2026-10-09T02:30:42.1414516Z         "crates/cc-eval/benchmarks/public-dev-20261008/serde/validation/freeze-validate-receipt.json": "9afae999a72793fc4999c7c174b193aa0b595457533d0b1a5cd5f899e890f269",
2026-10-09T02:30:42.1415436Z         "crates/cc-eval/benchmarks/public-dev-20261008/serde/validation/native.dev-freeze.log": "75fd11770b07b27763ee0676a3dfd353a63a2b88c011b26bcdfd8749f9d84cbb",
2026-10-09T02:30:42.1416324Z         "crates/cc-eval/benchmarks/public-dev-20261008/serde/validation/native.dev-validate.log": "1c39b01534da2e2a080171a61ece32d56128b785f2677a517bdc03e8453a101f",
2026-10-09T02:30:42.1417213Z         "crates/cc-eval/benchmarks/public-dev-20261008/serde/validation/oce-compat.dev-freeze.log": "7b59a95e98af3e8e029b7c7f81017488eaf804e97435c140b8cea9f70dca8e1c",
2026-10-09T02:30:42.1418112Z         "crates/cc-eval/benchmarks/public-dev-20261008/serde/validation/oce-compat.dev-validate.log": "e73e61ab05d22eb455101fedd6f255948878d655991cbd269ccab7ff2c8d64cc",
2026-10-09T02:30:42.1419117Z         "crates/cc-eval/benchmarks/public-dev-20261008/serde/validation/projection-check.json": "e0a62fb4af2fe8597171c00dcc29b15e79999fda5931764ac2af3489481f7e08",
2026-10-09T02:30:42.1419935Z         "crates/cc-eval/benchmarks/public-dev-20261008/vite/README.md": "8060d9c190ae1ff4e46046fc63940a39c0a604e28e9c278b81afa4b0e603583e",
2026-10-09T02:30:42.1420732Z         "crates/cc-eval/benchmarks/public-dev-20261008/vite/author-receipt.json": "85691ab3aa488e213962a7b0c942b59cd303017fbc1334df703fb6b3af723f0d",
2026-10-09T02:30:42.1421558Z         "crates/cc-eval/benchmarks/public-dev-20261008/vite/compat.dev.suite.json": "79641e9cde570ca1f9b87e52a45aaf2738bb7b1d8b76e9d8bf8fd21b30067ab0",
2026-10-09T02:30:42.1422372Z         "crates/cc-eval/benchmarks/public-dev-20261008/vite/native.dev.suite.json": "0d72bf3a6796d0e2e3b1d262f9b726c47dcb0e47f690a18d13b411d5c0d2a871",
2026-10-09T02:30:42.1423203Z         "crates/cc-eval/benchmarks/public-dev-20261008/vite/queries.compat.dev.jsonl": "83ff3a54f31a7f49092eec60d9c22c585b869d09322b22c11d53dbb58e35518b",
2026-10-09T02:30:42.1424095Z         "crates/cc-eval/benchmarks/public-dev-20261008/vite/queries.native.dev.jsonl": "8be93d5484b2f0f73b8d0afd73cc48bf6ac48d5ac69fdcff7ef5c5094b6f4f7a",
2026-10-09T02:30:42.1425013Z         "crates/cc-eval/benchmarks/public-dev-20261008/vite/review/author-identity-checks.json": "4231cb2ad73bbc3ef256aa6996e555630464ecc0af535ed241f19d61e60d4da2",
2026-10-09T02:30:42.1426057Z         "crates/cc-eval/benchmarks/public-dev-20261008/vite/review/correction-receipt.json": "895920023c920d587d9b170c9f028348460618d2e5a644be58ab341f4e1f983c",
2026-10-09T02:30:42.1427136Z         "crates/cc-eval/benchmarks/public-dev-20261008/vite/review/vite-first20-independent-review.json": "d099f830c59dbb8dd70c9fd36af1fdf144be536d48e583290ce4135e1c43cf5e",
2026-10-09T02:30:42.1428288Z         "crates/cc-eval/benchmarks/public-dev-20261008/vite/review/vite-full149-v2-independent-review.json": "a68887734d473bf8222a894b423851bb37d1986416cdfed1db3dc4eebdc0aa26",
2026-10-09T02:30:42.1429559Z         "crates/cc-eval/benchmarks/public-dev-20261008/vite/review/vite-license-correction-independent-review.json": "97c71f9a4ef4fc75c203a6ba5a7653de4fcbc2e802186e0059976403a31b2868",
2026-10-09T02:30:42.1430544Z         "crates/cc-eval/benchmarks/public-dev-20261008/vite/source-manifest.json": "4d0812b8d7124827d6231ef1d65e1dd3f725ac64df3b97f2aa1b883fb29f71f9",
2026-10-09T02:30:42.1431603Z         "crates/cc-eval/benchmarks/public-dev-20261008/vite/validation/compat-freeze.json": "acf5538b1634077a7914efbb69bc0d07444656a3e5618297a48033f625b5d172",
2026-10-09T02:30:42.1432704Z         "crates/cc-eval/benchmarks/public-dev-20261008/vite/validation/compat-freeze.log": "18cf337d96795b407cb4e4c753b6c5d738d6e07829e11daba2cb1af1b73b38a3",
2026-10-09T02:30:42.1433655Z         "crates/cc-eval/benchmarks/public-dev-20261008/vite/validation/frozen-binaries.json": "5c381582f71b63453118a7902a681a5eef4bdcaf78eae1a09a94b51a9e41f301",
2026-10-09T02:30:42.1434596Z         "crates/cc-eval/benchmarks/public-dev-20261008/vite/validation/native-compat-validate.json": "9b29807854231b7564e8ff63cccb553a52c4e641f5d61f7822f81be6371c2e10",
2026-10-09T02:30:42.1435568Z         "crates/cc-eval/benchmarks/public-dev-20261008/vite/validation/native-compat-validate.log": "1d3226b1e0da3cd9a5cd52be6181e42fa6a9137fb985310a3dd1d7d849ec31a5",
2026-10-09T02:30:42.1436515Z         "crates/cc-eval/benchmarks/public-dev-20261008/vite/validation/native-freeze.json": "ad2ae8fe029e23c39c0b361a8b70f230e782aef5857b461c94ecf4ba6fd261cb",
2026-10-09T02:30:42.1437382Z         "crates/cc-eval/benchmarks/public-dev-20261008/vite/validation/native-freeze.log": "652889bba8b5e618f7deb84c2079756e61df3b5fe34e52dcf71f8a7f09b2dd7b",
2026-10-09T02:30:42.1438049Z         "crates/cc-eval/benchmarks/public-dev-20261008/vite/validation/projection-check.json": "6ec781c5d9d9ccac8f6f2371c51dc25faff3b454c448d7fa5f52d75cfd30f08a",
2026-10-09T02:30:42.1438780Z         "crates/cc-eval/benchmarks/public-dev-20261008/vite/validation/validation-summary.json": "fa7cea822e85cd34f96e8e6f751551cb19567155eeaad91f9fa5edf29b13c131",
2026-10-09T02:30:42.1439344Z         "crates/cc-eval/benchmarks/public-v19/express/reviewed-dev-20261008/licenses/LICENSE": "95a5762890e5c1c9808921cef095661fc482c5e1f0bba31446ac85595df6237c",
2026-10-09T02:30:42.1439923Z         "crates/cc-eval/benchmarks/public-v19/express/reviewed-dev-20261008/queries.compat.dev.jsonl": "d6e94665ebc42b9327c7bdb022e458071c9dfe384d9ba87077571eba0f1a829d",
2026-10-09T02:30:42.1441038Z         "crates/cc-eval/benchmarks/public-v19/express/reviewed-dev-20261008/queries.native.dev.jsonl": "069170b352590378f06b768d55dd601151f0ac203156e53020cb3849ea48eda8",
2026-10-09T02:30:42.1442023Z         "crates/cc-eval/benchmarks/public-v19/express/reviewed-dev-20261008/source-manifest.json": "5a4b675dc16396cc7a8b8e4aaca86a184702baa3f75f2807f671410d6dc19db2",
2026-10-09T02:30:42.1442651Z         "crates/cc-eval/benchmarks/public-v19/express/reviewed-dev-20261008/source/index.js": "4d2f5afc192178c5b0dc418d2da5826d52a8b6998771b011aede7fdba9118140",
2026-10-09T02:30:42.1443234Z         "crates/cc-eval/benchmarks/public-v19/express/reviewed-dev-20261008/source/lib/application.js": "6d7e08355025786982d17042fc0355b6a5e9339545dc27e2782b3aaa28a7bc04",
2026-10-09T02:30:42.1443811Z         "crates/cc-eval/benchmarks/public-v19/express/reviewed-dev-20261008/source/lib/express.js": "4f35e8273a5e78c35e778d14e4a8c80a81ca3e1fc8047dc87d2077b860404572",
2026-10-09T02:30:42.1444497Z         "crates/cc-eval/benchmarks/public-v19/express/reviewed-dev-20261008/source/lib/request.js": "43f31d579af68cceab547849dad40726cbd570e16f4c3f447c238c3e8c7048c8",
2026-10-09T02:30:42.1445064Z         "crates/cc-eval/benchmarks/public-v19/express/reviewed-dev-20261008/source/lib/response.js": "6e14c3faaf8ad85c183646ba87b3e8e78677727304d7797a947062663ef9aa37",
2026-10-09T02:30:42.1445628Z         "crates/cc-eval/benchmarks/public-v19/express/reviewed-dev-20261008/source/lib/utils.js": "4bd3bf9c911e086d1911954708de7a6c384ed924360e3fd1d4a43c98bd68b112",
2026-10-09T02:30:42.1446279Z         "crates/cc-eval/benchmarks/public-v19/express/reviewed-dev-20261008/source/lib/view.js": "74f4171b66263e22481820bc5975708f7dd8a61484f570aac7c5b4ab77ecbd79",
2026-10-09T02:30:42.1446844Z         "crates/cc-eval/benchmarks/public-v19/express/reviewed-dev-20261008/suite.compat.dev.json": "4fcffa88c3aa3cd284ce205fa5c31f198af4bc17ade89182ca1d48b31e7205fc",
2026-10-09T02:30:42.1447423Z         "crates/cc-eval/benchmarks/public-v19/express/reviewed-dev-20261008/suite.native.dev.json": "206c585cc8b9e8ebaae1a4be9437a60e540339885855cd16844c454c450f01dd",
2026-10-09T02:30:42.1447979Z         "crates/cc-eval/benchmarks/public-v19/gin/reviewed-dev-20261008/licenses/LICENSE": "b104efb2c7700691650f27034e8541c5ae0ed9af54d884287f19a7467ca2fe7f",
2026-10-09T02:30:42.1448613Z         "crates/cc-eval/benchmarks/public-v19/gin/reviewed-dev-20261008/queries.compat.dev.jsonl": "572376746742adfc0b4a856d11febb8f117bfa70f94b67cf9241a55a34bcd5af",
2026-10-09T02:30:42.1449190Z         "crates/cc-eval/benchmarks/public-v19/gin/reviewed-dev-20261008/queries.native.dev.jsonl": "98f2c5f5e1824f80e67fea7370ff94fbe876ad0c30eec0a803e11f83e0a432c7",
2026-10-09T02:30:42.1449753Z         "crates/cc-eval/benchmarks/public-v19/gin/reviewed-dev-20261008/source-manifest.json": "0c14bd831d164c1899f978c8bb92695126d594771e65f040c23e7525a1ebf824",
2026-10-09T02:30:42.1450300Z         "crates/cc-eval/benchmarks/public-v19/gin/reviewed-dev-20261008/source/auth.go": "be38ef38614d2b9488d0e73ff2f8b432fc61cc90f4b7e071d0bbf78d898464c1",
2026-10-09T02:30:42.1450847Z         "crates/cc-eval/benchmarks/public-v19/gin/reviewed-dev-20261008/source/binding/binding.go": "176e200c0c0ae26eff015202787285d5205ff068d475dce9339fc5dd29008cd2",
2026-10-09T02:30:42.1451420Z         "crates/cc-eval/benchmarks/public-v19/gin/reviewed-dev-20261008/source/binding/binding_nomsgpack.go": "377c67672a5064ce30882377941939e1f81007742f5bbb37eda6031d7f6b3a3b",
2026-10-09T02:30:42.1451997Z         "crates/cc-eval/benchmarks/public-v19/gin/reviewed-dev-20261008/source/binding/bson.go": "9f3b944f8079a616f08197adfc00e9e623fffd572e6faba3975c70406f5e6c4f",
2026-10-09T02:30:42.1452577Z         "crates/cc-eval/benchmarks/public-v19/gin/reviewed-dev-20261008/source/binding/default_validator.go": "45a294cf13c81862f99e5930fce8be67e74c27ac17cd87249b4e161008a45e23",
2026-10-09T02:30:42.1453162Z         "crates/cc-eval/benchmarks/public-v19/gin/reviewed-dev-20261008/source/binding/form.go": "f0fd8f3de4ffd97ed820bc183256327e9feaae5e4aaddc9d60325be4eef78cb1",
2026-10-09T02:30:42.1453736Z         "crates/cc-eval/benchmarks/public-v19/gin/reviewed-dev-20261008/source/binding/form_mapping.go": "f4614e1a18dd51ee8cfa6030c4a62b55920675d74eca9b54c0891038bbf098dc",
2026-10-09T02:30:42.1454306Z         "crates/cc-eval/benchmarks/public-v19/gin/reviewed-dev-20261008/source/binding/header.go": "0f36662833235b1403ae1a4ba91319d70926564de4a7aace2a77c790987e1be3",
2026-10-09T02:30:42.1454857Z         "crates/cc-eval/benchmarks/public-v19/gin/reviewed-dev-20261008/source/binding/json.go": "d243c6e10cf15fb599b2251359c822604029af7d4e1cfa415a58d7b9939f9c44",
2026-10-09T02:30:42.1455414Z         "crates/cc-eval/benchmarks/public-v19/gin/reviewed-dev-20261008/source/binding/msgpack.go": "6467b18f19ae296551cfee362331b536726f6b1a030fcc61e8b4775a5f9d88b3",
2026-10-09T02:30:42.1456007Z         "crates/cc-eval/benchmarks/public-v19/gin/reviewed-dev-20261008/source/binding/multipart_form_mapping.go": "94e6763b541ff04d66388e0d3b07285da85e02ed154aea0842239c857b6db21a",
2026-10-09T02:30:42.1456690Z         "crates/cc-eval/benchmarks/public-v19/gin/reviewed-dev-20261008/source/binding/protobuf.go": "ecf334672b445c9344eee175a12fa222fbb7941153530772b28af6561fb8b828",
2026-10-09T02:30:42.1457246Z         "crates/cc-eval/benchmarks/public-v19/gin/reviewed-dev-20261008/source/binding/query.go": "65e8a3f81069398c364049951aae37e0316598b0601967a4f44efaeced9e26be",
2026-10-09T02:30:42.1457879Z         "crates/cc-eval/benchmarks/public-v19/gin/reviewed-dev-20261008/source/binding/toml.go": "ce9f395dd0c2d62da942cc9f9a8a576cb81b4cacc9934fa6f3d3f19881a82790",
2026-10-09T02:30:42.1458441Z         "crates/cc-eval/benchmarks/public-v19/gin/reviewed-dev-20261008/source/binding/uri.go": "ef9e498347257b91f2679af03c3b07a09794e2cff7d02e16475b9e6939daf87c",
2026-10-09T02:30:42.1459090Z         "crates/cc-eval/benchmarks/public-v19/gin/reviewed-dev-20261008/source/binding/xml.go": "02ada76ed4d142b4d3e1813c068c2c43e9e01c19276eda5c875039355947b18a",
2026-10-09T02:30:42.1459645Z         "crates/cc-eval/benchmarks/public-v19/gin/reviewed-dev-20261008/source/binding/yaml.go": "5da314ba640364ffed38940f5c922499a6b5966ac90f782666a32bf8fef3e592",
2026-10-09T02:30:42.1460203Z         "crates/cc-eval/benchmarks/public-v19/gin/reviewed-dev-20261008/source/codec/json/api.go": "8415df4e9bb8eeeebdfb9998c0c1c95bd2f0707d1c144b5293943a8d36033425",
2026-10-09T02:30:42.1460770Z         "crates/cc-eval/benchmarks/public-v19/gin/reviewed-dev-20261008/source/codec/json/go_json.go": "e97717cdc11968e29118767937309f4f5c1d4586b26ed975bc15a02ce47f9f20",
2026-10-09T02:30:42.1461341Z         "crates/cc-eval/benchmarks/public-v19/gin/reviewed-dev-20261008/source/codec/json/json.go": "e5f9ca595f98cd59a4dbf2e5a69a952ccfdee0a5fe14e106bfd207d23d9d89af",
2026-10-09T02:30:42.1461927Z         "crates/cc-eval/benchmarks/public-v19/gin/reviewed-dev-20261008/source/codec/json/jsoniter.go": "eb34e50d9c14ae6ec407a90ee5262b3950c4add20c7f24892e31f3420b9f29d9",
2026-10-09T02:30:42.1462510Z         "crates/cc-eval/benchmarks/public-v19/gin/reviewed-dev-20261008/source/codec/json/sonic.go": "3a80faca223df055f6a6bc0f00aeb21a5cf7860efee6c1b7f892151740a3ad4f",
2026-10-09T02:30:42.1463066Z         "crates/cc-eval/benchmarks/public-v19/gin/reviewed-dev-20261008/source/context.go": "b2336e5768f9175f2855c7df91bb48de0bbb533d74f6a6e7c3af5576491524ce",
2026-10-09T02:30:42.1463619Z         "crates/cc-eval/benchmarks/public-v19/gin/reviewed-dev-20261008/source/context_appengine.go": "1275ac566179e2453a9a4345949e8c4409e52d077ee6de07e198e0092b1194f5",
2026-10-09T02:30:42.1464175Z         "crates/cc-eval/benchmarks/public-v19/gin/reviewed-dev-20261008/source/debug.go": "b0d7cf5455f4a0f7969e39e65de131f72ad44018f51cbf9d70ede0eeecaa8737",
2026-10-09T02:30:42.1464720Z         "crates/cc-eval/benchmarks/public-v19/gin/reviewed-dev-20261008/source/deprecated.go": "72b6893e15bb053bedaee8292166f1430991f45aa11ae5614439b71c90cf448f",
2026-10-09T02:30:42.1465264Z         "crates/cc-eval/benchmarks/public-v19/gin/reviewed-dev-20261008/source/errors.go": "98e86f323c9bf2b960f631d85f080417394758d79d1a9bfd7a45dd0f51fb57ea",
2026-10-09T02:30:42.1465796Z         "crates/cc-eval/benchmarks/public-v19/gin/reviewed-dev-20261008/source/fs.go": "adc80ccabbe903cd7be2ae755ebc879629cb77e59a22c94957c679ddeab5a791",
2026-10-09T02:30:42.1466320Z         "crates/cc-eval/benchmarks/public-v19/gin/reviewed-dev-20261008/source/gin.go": "cf06a70af410c92214369dd0a87d8c82903af661d369b8840242c439838f40c8",
2026-10-09T02:30:42.1466855Z         "crates/cc-eval/benchmarks/public-v19/gin/reviewed-dev-20261008/source/ginS/gins.go": "26ce20c97b482c0f1a1bd6add639f03f4660f78b91a0c67c390a4b1ff5b70310",
2026-10-09T02:30:42.1467441Z         "crates/cc-eval/benchmarks/public-v19/gin/reviewed-dev-20261008/source/internal/bytesconv/bytesconv.go": "efca594b11389030979a5e90083f5d6d3119356b923195d3c31dcb65b162b3e2",
2026-10-09T02:30:42.1468019Z         "crates/cc-eval/benchmarks/public-v19/gin/reviewed-dev-20261008/source/logger.go": "ea27eff2d108922bfb0f4f669beefcfe44727b4a749dfff3e596980063a339c7",
2026-10-09T02:30:42.1468709Z         "crates/cc-eval/benchmarks/public-v19/gin/reviewed-dev-20261008/source/mode.go": "ce47afda3ca06f979b1689e1340c604f72639d2d8dfca5265bec56f7bb6dfb7e",
2026-10-09T02:30:42.1469247Z         "crates/cc-eval/benchmarks/public-v19/gin/reviewed-dev-20261008/source/recovery.go": "3b8c0e5f7f72a9bca669f031d880d201cb43044240767e7dc2fa5af17ec73f61",
2026-10-09T02:30:42.1469794Z         "crates/cc-eval/benchmarks/public-v19/gin/reviewed-dev-20261008/source/render/bson.go": "322a38dda80d538f01c782592f14aa2f124cd3cf5a6d5fd147718c98f9733bff",
2026-10-09T02:30:42.1470440Z         "crates/cc-eval/benchmarks/public-v19/gin/reviewed-dev-20261008/source/render/data.go": "125bc263ba1adaa1a9e8baf7768db0ba0ee6da88369b801bbf6f5b8cb8874a6b",
2026-10-09T02:30:42.1470995Z         "crates/cc-eval/benchmarks/public-v19/gin/reviewed-dev-20261008/source/render/html.go": "c3b7e81571be293b085690dc3362b89a11bb169d54c83d6ec377268a5b3e1109",
2026-10-09T02:30:42.1471549Z         "crates/cc-eval/benchmarks/public-v19/gin/reviewed-dev-20261008/source/render/json.go": "fa3d00b7dcbc6af8cfab53d99eb2adf21951230109376b06d6dce263fa41fd11",
2026-10-09T02:30:42.1472108Z         "crates/cc-eval/benchmarks/public-v19/gin/reviewed-dev-20261008/source/render/msgpack.go": "a68718ee772fb9c7ce07e571b78d4da9a43234b316134c1bb957e745c05ad264",
2026-10-09T02:30:42.1472669Z         "crates/cc-eval/benchmarks/public-v19/gin/reviewed-dev-20261008/source/render/pdf.go": "4384b4ea9aa3787c7991a872b34bc66b77aca1ee0c73e35e27b613da9d7e1afd",
2026-10-09T02:30:42.1473238Z         "crates/cc-eval/benchmarks/public-v19/gin/reviewed-dev-20261008/source/render/protobuf.go": "f602a8b82e658c19d075e44a3cdc3ef230905a44ba783afd13f3dd24e9e6491a",
2026-10-09T02:30:42.1473807Z         "crates/cc-eval/benchmarks/public-v19/gin/reviewed-dev-20261008/source/render/reader.go": "be509151872af8fbce922ad971843c2faa7cc5f7e49ad921bc290281f39b1786",
2026-10-09T02:30:42.1474367Z         "crates/cc-eval/benchmarks/public-v19/gin/reviewed-dev-20261008/source/render/redirect.go": "d00418bf3fc3918824f30dd80254415f15a34096263371dc1d8de841d3147757",
2026-10-09T02:30:42.1474923Z         "crates/cc-eval/benchmarks/public-v19/gin/reviewed-dev-20261008/source/render/render.go": "773add751994da7d8a7f1d69b585154f85ffb5746ab2f8f20f9f5bfd19d17fc7",
2026-10-09T02:30:42.1475468Z         "crates/cc-eval/benchmarks/public-v19/gin/reviewed-dev-20261008/source/render/text.go": "577425b4241128ad49c23799008966c731a1cc81392b2b5104857fbfdc311a1b",
2026-10-09T02:30:42.1476016Z         "crates/cc-eval/benchmarks/public-v19/gin/reviewed-dev-20261008/source/render/toml.go": "d5dcd2baaafb85ca5d25891179c45a0880ef2161f07ea5313d6386276fc4405f",
2026-10-09T02:30:42.1476569Z         "crates/cc-eval/benchmarks/public-v19/gin/reviewed-dev-20261008/source/render/xml.go": "6f39fd2b0fa715c31ab97a943f0e5885b0bbd117ebe45f8f8ee995baf3d62573",
2026-10-09T02:30:42.1477122Z         "crates/cc-eval/benchmarks/public-v19/gin/reviewed-dev-20261008/source/render/yaml.go": "c5af9504304e2e180a1a97dbc3ff61fe1fe801d6e0ae8bc8d00ce159524829e3",
2026-10-09T02:30:42.1477682Z         "crates/cc-eval/benchmarks/public-v19/gin/reviewed-dev-20261008/source/response_writer.go": "906e5673f82a077b04d443bacdbad041398e2c6eb4ba7fe8627b04be6321f5a6",
2026-10-09T02:30:42.1478242Z         "crates/cc-eval/benchmarks/public-v19/gin/reviewed-dev-20261008/source/routergroup.go": "4adc296c7e72368ed2d12bbe5f515523931dd0f11123fd43839da7aed0957d36",
2026-10-09T02:30:42.1478955Z         "crates/cc-eval/benchmarks/public-v19/gin/reviewed-dev-20261008/source/test_helpers.go": "b0b38aae98031d579d2c64d210acbeac27b1d7451c76df0b11382e212fda4d10",
2026-10-09T02:30:42.1479494Z         "crates/cc-eval/benchmarks/public-v19/gin/reviewed-dev-20261008/source/utils.go": "34e0ae01624f2853c641657a2457b11b8043a8d9475595c5d6a370194662495c",
2026-10-09T02:30:42.1480032Z         "crates/cc-eval/benchmarks/public-v19/gin/reviewed-dev-20261008/source/version.go": "64a9cd75a68233df9d82eae6d72df5aec5a468af253d437d078ca82f6409c501",
2026-10-09T02:30:42.1480673Z         "crates/cc-eval/benchmarks/public-v19/gin/reviewed-dev-20261008/suite.compat.dev.json": "8839c64b3a06e0f46b595901344d717b289331323e22c01e4b60fe1c94d56343",
2026-10-09T02:30:42.1481223Z         "crates/cc-eval/benchmarks/public-v19/gin/reviewed-dev-20261008/suite.native.dev.json": "a4686584161c11b24453e0d80f7d9ba91501a02e201dd69a9a54eee56c5f86a6",
2026-10-09T02:30:42.1481825Z         "crates/cc-eval/benchmarks/public-v19/protocol/global-dev-review/requests-type-dependency-fix/README.md": "981c9270f222177b2141baf87ba2bc1162a787de0b3ce15d6dfcac372823b049",
2026-10-09T02:30:42.1482574Z         "crates/cc-eval/benchmarks/public-v19/protocol/global-dev-review/requests-type-dependency-fix/artifact-manifest.json": "da973ea65ce7c52250e6a4f4c4f267831358623a19fdd084c98db4619929f90f",
2026-10-09T02:30:42.1483247Z         "crates/cc-eval/benchmarks/public-v19/protocol/global-dev-review/requests-type-dependency-fix/build.py": "fa2a1452651d2f59a7e95801a9eb6e5bdc8c4ea43cfcb267075f821607cb024a",
2026-10-09T02:30:42.1483942Z         "crates/cc-eval/benchmarks/public-v19/protocol/global-dev-review/requests-type-dependency-fix/evidence/build/build-receipt.json": "84129be229b9c1d061aa497bc2300676725edafeb8b9d5e6bbe70dec59630142",
2026-10-09T02:30:42.1484672Z         "crates/cc-eval/benchmarks/public-v19/protocol/global-dev-review/requests-type-dependency-fix/evidence/build/cargo-build.jsonl": "48edd6dd3baecfb16140ee038a23619ae0facb1c137a38261f66734add105bc1",
2026-10-09T02:30:42.1485402Z         "crates/cc-eval/benchmarks/public-v19/protocol/global-dev-review/requests-type-dependency-fix/evidence/build/cargo-build.stderr": "c026d7bd7041b54a783e1fecf79af00e2398903e2e4ca58e3b5a42c5facf26b9",
2026-10-09T02:30:42.1486104Z         "crates/cc-eval/benchmarks/public-v19/protocol/global-dev-review/requests-type-dependency-fix/evidence/clippy.log": "60e06143e960147153e1c1e4bfe4ab7313031092d072232378123237f98f7510",
2026-10-09T02:30:42.1486768Z         "crates/cc-eval/benchmarks/public-v19/protocol/global-dev-review/requests-type-dependency-fix/evidence/fmt.log": "e3b0c44298fc1c149afbf4c8996fb92427ae41e4649b934ca495991b7852b855",
2026-10-09T02:30:42.1487476Z         "crates/cc-eval/benchmarks/public-v19/protocol/global-dev-review/requests-type-dependency-fix/evidence/index/full_requests_source.json": "8f18d0a0e0b07a9fbaf35c67e366b2e9b2b1caf051fe8fbdf15280cd5db7694e",
2026-10-09T02:30:42.1488210Z         "crates/cc-eval/benchmarks/public-v19/protocol/global-dev-review/requests-type-dependency-fix/evidence/index/index-receipt.json": "b8860247a10e5542b54292cbfb2179a78067e60b07e7867784f613386757c87c",
2026-10-09T02:30:42.1489003Z         "crates/cc-eval/benchmarks/public-v19/protocol/global-dev-review/requests-type-dependency-fix/evidence/index/nonvariadic_control.json": "e7b93e599455712da86c4c11c2e1c6be5857ef6afb6b72218701da64dd3ba552",
2026-10-09T02:30:42.1489764Z         "crates/cc-eval/benchmarks/public-v19/protocol/global-dev-review/requests-type-dependency-fix/evidence/index/original_exceptions_only.json": "381629c5c6a9d6c3ae2d22d70d2a34b33c38f328469148a2bf2b9abb6b7f2074",
2026-10-09T02:30:42.1490522Z         "crates/cc-eval/benchmarks/public-v19/protocol/global-dev-review/requests-type-dependency-fix/evidence/index/variadic_named_type.json": "4fc3ddf2a38bdd7dd64fa1f40644925eee00c074f1e17cc5bea0711ac45a9334",
2026-10-09T02:30:42.1491271Z         "crates/cc-eval/benchmarks/public-v19/protocol/global-dev-review/requests-type-dependency-fix/evidence/index/variadic_tuple_min.json": "8b31ccb09216d73f046eb5bd7ff05df6c5dd00f8c09a5db761bdaa5da1845020",
2026-10-09T02:30:42.1492009Z         "crates/cc-eval/benchmarks/public-v19/protocol/global-dev-review/requests-type-dependency-fix/evidence/package-tests.log.gz": "ea6d9e04e112c0ecb7ca4784cffb5ac36e0a3fa853d53812537fdb6d4766660b",
2026-10-09T02:30:42.1492739Z         "crates/cc-eval/benchmarks/public-v19/protocol/global-dev-review/requests-type-dependency-fix/evidence/raw-test-log-sha256.json": "fd5f60a634ae151234b5cc5117b0d8773729e81bd9662c10b5f98dde61decc46",
2026-10-09T02:30:42.1493535Z         "crates/cc-eval/benchmarks/public-v19/protocol/global-dev-review/requests-type-dependency-fix/evidence/unit-tests.log.gz": "15db2cc63fae1e43aa5f891395f21c23baaadd5f864e93dcb212fe18b09d8cb7",
2026-10-09T02:30:42.1494254Z         "crates/cc-eval/benchmarks/public-v19/protocol/global-dev-review/requests-type-dependency-fix/license-retention-manifest.json": "b19afbfd78736b369cd772b775c609b853d5500a8e59ddd29876f0c748c0a511",
2026-10-09T02:30:42.1495025Z         "crates/cc-eval/benchmarks/public-v19/protocol/global-dev-review/requests-type-dependency-fix/mcp_probe.py": "58f81268cc5c1fa990cfd445d37e0eef2e347d9c74b6e150e3a9a44fefff3c58",
2026-10-09T02:30:42.1495697Z         "crates/cc-eval/benchmarks/public-v19/protocol/global-dev-review/requests-type-dependency-fix/pr99-diagnosis.tar.gz": "f09a1e4bca526a0d50a7b4fa330f013dc8ff683ef99ca613db203cc8086c9c92",
2026-10-09T02:30:42.1496407Z         "crates/cc-eval/benchmarks/public-v19/protocol/global-dev-review/requests-type-dependency-fix/retained-licenses.tar.gz": "0b0aeedb52d30261ce3f0adcdd23ce9290c28f3fb9bd52c016dac9d35e01f8bc",
2026-10-09T02:30:42.1497094Z         "crates/cc-eval/benchmarks/public-v19/protocol/global-dev-review/requests-type-dependency-fix/verify_evidence.py": "cd585b115ae90a559f69d2a32fdf740e3062d00de866d06e46eded1364a65a7a",
2026-10-09T02:30:42.1497765Z         "crates/cc-eval/benchmarks/public-v19/protocol/global-dev-review/requests-type-dependency-fix/verify_index.py": "e99ddd33fe1eb556fcc5bebcc21b7553933abe67c28737bc73026cfe2933dc5a",
2026-10-09T02:30:42.1498384Z         "crates/cc-eval/benchmarks/public-v19/requests/reviewed-dev-20261008/licenses/LICENSE": "09e8a9bcec8067104652c168685ab0931e7868f9c8284b66f5ae6edae5f1130b",
2026-10-09T02:30:42.1499043Z         "crates/cc-eval/benchmarks/public-v19/requests/reviewed-dev-20261008/licenses/THIRD-PARTY-NOTICES.md": "0bfb61b37372edf58659769caf299e1732dfeb01e6cb60f2a4f1bcdab93b333a",
2026-10-09T02:30:42.1499674Z         "crates/cc-eval/benchmarks/public-v19/requests/reviewed-dev-20261008/licenses/inclusion-review.json": "446edae7a0d9c8b735bcb5541936068c4b466e5e9e629e264b1a697ed00b983f",
2026-10-09T02:30:42.1500282Z         "crates/cc-eval/benchmarks/public-v19/requests/reviewed-dev-20261008/licenses/werkzeug-0.6.2/AUTHORS": "8d1f51f944a87fa9106154058e247b5c2213310ecf21037400985edaac49026b",
2026-10-09T02:30:42.1500884Z         "crates/cc-eval/benchmarks/public-v19/requests/reviewed-dev-20261008/licenses/werkzeug-0.6.2/LICENSE": "980bf1ecfc52b77a7ac2232583c2454a4a1db7e4b3b3559d1d136f88ca02cd65",
2026-10-09T02:30:42.1501537Z         "crates/cc-eval/benchmarks/public-v19/requests/reviewed-dev-20261008/licenses/werkzeug-0.6.2/requests-introduction-AUTHORS": "5e44a2f01d57356d2d8f40cc4672b6f437e873d65f848cf48f3eb128546c8188",
2026-10-09T02:30:42.1502235Z         "crates/cc-eval/benchmarks/public-v19/requests/reviewed-dev-20261008/licenses/werkzeug-0.6.2/requests-introduction-LICENSE": "ba2c94f39e99c3b40e6a2adf8ef267c07a3881d3d014fb8941e8738af362a892",
2026-10-09T02:30:42.1502938Z         "crates/cc-eval/benchmarks/public-v19/requests/reviewed-dev-20261008/licenses/werkzeug-0.6.2/requests-introduction-NOTICE": "839a553ca9a9fc756d1f91a08affe6b0ec30244150ab5bd8ec6bb1fe542b6999",
2026-10-09T02:30:42.1503641Z         "crates/cc-eval/benchmarks/public-v19/requests/reviewed-dev-20261008/licenses/werkzeug-0.6.2/requests-introduction-utils.py": "8a0dfd500b5821edcd2c54a14cf93fea62515d7a7587592bc3453f24fa44f0f7",
2026-10-09T02:30:42.1504316Z         "crates/cc-eval/benchmarks/public-v19/requests/reviewed-dev-20261008/licenses/werkzeug-0.6.2/werkzeug/http.py": "dc714938969bbb386dcdd23b5c42043ea8a25d8acbd62c714f4ee3d16d2d38bd",
2026-10-09T02:30:42.1504936Z         "crates/cc-eval/benchmarks/public-v19/requests/reviewed-dev-20261008/queries.compat.dev.jsonl": "91e773fca216e8f6ea962aabd80ee83fe565091a71ec5650c70d18d77c19209b",
2026-10-09T02:30:42.1505528Z         "crates/cc-eval/benchmarks/public-v19/requests/reviewed-dev-20261008/queries.native.dev.jsonl": "580fb4bc3806682aecd9c90f6b618d69d44e3045b56cbeeb77457d73d7406ec7",
2026-10-09T02:30:42.1506194Z         "crates/cc-eval/benchmarks/public-v19/requests/reviewed-dev-20261008/source-manifest.json": "d8f336a98a58aaf2fe0371a9c2d317d73d9ca73faa51979b95bbb3c49ffee4bb",
2026-10-09T02:30:42.1506767Z         "crates/cc-eval/benchmarks/public-v19/requests/reviewed-dev-20261008/source/pyproject.toml": "345f26b9f691435e39d0eb6f7f4150a390f43175b22f8d61ac95e7f2827f0a77",
2026-10-09T02:30:42.1507352Z         "crates/cc-eval/benchmarks/public-v19/requests/reviewed-dev-20261008/source/src/requests/__init__.py": "80534322a1a3167d8775829ee220a6acf4fe455f3f778c4b8e94bcf7fadfa0b5",
2026-10-09T02:30:42.1508039Z         "crates/cc-eval/benchmarks/public-v19/requests/reviewed-dev-20261008/source/src/requests/__version__.py": "abba90670b0370a3dc40d97c2dea46a35d4bec941ff10d7c3cf3098ef04a17f9",
2026-10-09T02:30:42.1508755Z         "crates/cc-eval/benchmarks/public-v19/requests/reviewed-dev-20261008/source/src/requests/_internal_utils.py": "4c7d8d132c9898fc7d715e473f3ac74785ddc4ab96d2c9240f87835dc6d981ff",
2026-10-09T02:30:42.1509374Z         "crates/cc-eval/benchmarks/public-v19/requests/reviewed-dev-20261008/source/src/requests/_types.py": "84dec9789a8e839807242448a9aa86acd12c440211921e32f43afcbc422a629c",
2026-10-09T02:30:42.1509979Z         "crates/cc-eval/benchmarks/public-v19/requests/reviewed-dev-20261008/source/src/requests/adapters.py": "cc9b1b02694fee0353481fbad84fe3ddbedec4441dba54df7914c63f2aa85937",
2026-10-09T02:30:42.1510579Z         "crates/cc-eval/benchmarks/public-v19/requests/reviewed-dev-20261008/source/src/requests/api.py": "4d15480ac046f089209798e8650476ef4a28ebe6f81b400758f8ef42ec6b5509",
2026-10-09T02:30:42.1511169Z         "crates/cc-eval/benchmarks/public-v19/requests/reviewed-dev-20261008/source/src/requests/auth.py": "fdc8bb34a8a5a088b169ca13277d107b0bc94ee63ed5e89dd4f5569d9b2bb04c",
2026-10-09T02:30:42.1511794Z         "crates/cc-eval/benchmarks/public-v19/requests/reviewed-dev-20261008/source/src/requests/certs.py": "fd9c6b83359cef90ff6c4eeeab8dcc2388da382ebca7d00a499b3c0b434a87e4",
2026-10-09T02:30:42.1512401Z         "crates/cc-eval/benchmarks/public-v19/requests/reviewed-dev-20261008/source/src/requests/compat.py": "4a51c5ab07b015c298d6ea69d71502979cd3ed6b935d88e4433ce5341dacf584",
2026-10-09T02:30:42.1513016Z         "crates/cc-eval/benchmarks/public-v19/requests/reviewed-dev-20261008/source/src/requests/cookies.py": "05d12b965c76f229803e17aef1c9969d712e4f4d0f6a06c05e0a47212fd5b417",
2026-10-09T02:30:42.1513626Z         "crates/cc-eval/benchmarks/public-v19/requests/reviewed-dev-20261008/source/src/requests/exceptions.py": "c5e18f3352454968e337bb3056f0867df2f37c0a0d2c1a77dc05e7e0b3c0411b",
2026-10-09T02:30:42.1514232Z         "crates/cc-eval/benchmarks/public-v19/requests/reviewed-dev-20261008/source/src/requests/help.py": "e5845e93980b2e25be418fb7fe0b8e6e999fef8f84afc5a43f4546efdc24691f",
2026-10-09T02:30:42.1514828Z         "crates/cc-eval/benchmarks/public-v19/requests/reviewed-dev-20261008/source/src/requests/hooks.py": "ebd8a02475d31a0e473a8f553e9501ff43645b9563885ad52844e7a63f0d76ab",
2026-10-09T02:30:42.1515425Z         "crates/cc-eval/benchmarks/public-v19/requests/reviewed-dev-20261008/source/src/requests/models.py": "a3351c3c12a86bf5ed211533875350bc4791e9327a685f8c19ba54343e471e26",
2026-10-09T02:30:42.1516027Z         "crates/cc-eval/benchmarks/public-v19/requests/reviewed-dev-20261008/source/src/requests/packages.py": "fe0d2067af355320252874631fa91a9db6a8c71d9e01beaacdc5e2383c932287",
2026-10-09T02:30:42.1516640Z         "crates/cc-eval/benchmarks/public-v19/requests/reviewed-dev-20261008/source/src/requests/sessions.py": "3d2089736ced93b2b405624a943f866d22652b17df06a85eb010f86272fc3e7d",
2026-10-09T02:30:42.1517246Z         "crates/cc-eval/benchmarks/public-v19/requests/reviewed-dev-20261008/source/src/requests/status_codes.py": "1950f47c89cf18019787e07d8ce48f66d6b38e622f7d94d70a90247fee6c040e",
2026-10-09T02:30:42.1517864Z         "crates/cc-eval/benchmarks/public-v19/requests/reviewed-dev-20261008/source/src/requests/structures.py": "ba9460c39078f25e6f1d2a24ac941ac6f8d2ee97197fa8c8d0c262d8a1e67a02",
2026-10-09T02:30:42.1518640Z         "crates/cc-eval/benchmarks/public-v19/requests/reviewed-dev-20261008/source/src/requests/utils.py": "b879cb3f671cf1c28e8ff9b2b02151bcdb8974b4820a514cfdd1f5a038443cd2",
2026-10-09T02:30:42.1519228Z         "crates/cc-eval/benchmarks/public-v19/requests/reviewed-dev-20261008/suite.compat.dev.json": "385b226b639cee5570b3caff61cce83e4d86651cf13807177f09ac4c1b40b5d6",
2026-10-09T02:30:42.1519877Z         "crates/cc-eval/benchmarks/public-v19/requests/reviewed-dev-20261008/suite.native.dev.json": "3b26685669a4a33864075356cb3fa38584a50aede00844e7f981f0776b4107ff",
2026-10-09T02:30:42.1531618Z         "crates/cc-eval/benchmarks/public-v19/serde/intake/recovery-authoring-20261008/author-packet.json": "18910acbb1b755051a683cd26c87dab5e8b21a3f852cf83ea3068a1eafbdd7a9",
2026-10-09T02:30:42.1532588Z         "crates/cc-eval/benchmarks/public-v19/serde/intake/recovery-authoring-20261008/licenses/LICENSE-APACHE": "62c7a1e35f56406896d7aa7ca52d0cc0d272ac022b5d2796e7d6905db8a3636a",
2026-10-09T02:30:42.1533530Z         "crates/cc-eval/benchmarks/public-v19/serde/intake/recovery-authoring-20261008/licenses/LICENSE-MIT": "23f18e03dc49df91622fe2a76176497404e46ced8a715d9d2b67a7446571cca3",
2026-10-09T02:30:42.1534227Z         "crates/cc-eval/benchmarks/public-v19/serde/intake/recovery-authoring-20261008/queries.compat.candidate.dev.jsonl": "5f073eebf4416b23c4b5f92fa49ace0e701c5e571d77315c00fc6a007c095fc8",
2026-10-09T02:30:42.1534912Z         "crates/cc-eval/benchmarks/public-v19/serde/intake/recovery-authoring-20261008/queries.native.candidate.dev.jsonl": "962557f23eb59438f2c706be9e30142d96427c9cf247d8d1269afcf22f524f45",
2026-10-09T02:30:42.1535583Z         "crates/cc-eval/benchmarks/public-v19/serde/intake/recovery-authoring-20261008/revision-2/author-packet.json": "8fae01aee7c1cca16fd42d4db2510fc3dfd252ef64ef34649b62b90fd0193d18",
2026-10-09T02:30:42.1536234Z         "crates/cc-eval/benchmarks/public-v19/serde/intake/recovery-authoring-20261008/revision-2/changes.json": "35f645a82486c1713f6a723e2b8c2bef2dfb5fbf4afb623aa28c551de6b6587d",
2026-10-09T02:30:42.1536892Z         "crates/cc-eval/benchmarks/public-v19/serde/intake/recovery-authoring-20261008/revision-2/independent-review.json": "b1c39414b705d660bf62711dc2283dabf43cd337ba4137a3fdf3694663272881",
2026-10-09T02:30:42.1537586Z         "crates/cc-eval/benchmarks/public-v19/serde/intake/recovery-authoring-20261008/revision-2/queries.compat.candidate.dev.jsonl": "c6f2cbc039fbb00de345155bb38a03e4d21233bfa199aed15136427902796401",
2026-10-09T02:30:42.1538295Z         "crates/cc-eval/benchmarks/public-v19/serde/intake/recovery-authoring-20261008/revision-2/queries.native.candidate.dev.jsonl": "66bee463e8c81c3e805156d76f37607d51bcc76863745ba659560598614d408b",
2026-10-09T02:30:42.1539093Z         "crates/cc-eval/benchmarks/public-v19/serde/intake/recovery-authoring-20261008/source-manifest.json": "4b59b02bead695c6ff8d78caad33bbd8dd515f3f013da3ed9a5d07347911651a",
2026-10-09T02:30:42.1539712Z         "crates/cc-eval/benchmarks/public-v19/serde/intake/recovery-authoring-20261008/source/Cargo.toml": "31b3f127c74eb7e16b43efae54fe4091d635f36295cad86246a2cd9ff2c36de3",
2026-10-09T02:30:42.1540326Z         "crates/cc-eval/benchmarks/public-v19/serde/intake/recovery-authoring-20261008/source/serde/Cargo.toml": "137d4b56580e6b18d0cad4a86aea12a8b83b8f985a931b089de553161c35af56",
2026-10-09T02:30:42.1540944Z         "crates/cc-eval/benchmarks/public-v19/serde/intake/recovery-authoring-20261008/source/serde/src/lib.rs": "a9bb976e6012a20443561e113b7ce37e9f3f0293f60a0dc157c5f973f7e80c55",
2026-10-09T02:30:42.1541581Z         "crates/cc-eval/benchmarks/public-v19/serde/intake/recovery-authoring-20261008/source/serde/src/private/de.rs": "68ee17774d3bbc693d9f19803747fa2c3afdb7046482e6d94ac6cf7db5a4fe20",
2026-10-09T02:30:42.1542248Z         "crates/cc-eval/benchmarks/public-v19/serde/intake/recovery-authoring-20261008/source/serde_core/src/de/ignored_any.rs": "6480f2b2a83dc4764d01b2eec7309729eef2492eede2e5ee98d23a60b05198eb",
2026-10-09T02:30:42.1543038Z         "crates/cc-eval/benchmarks/public-v19/serde/intake/recovery-authoring-20261008/source/serde_core/src/de/impls.rs": "2f8e2ef9d343875bb996319e69feae0dee2287e2548cedd8d3c752b64812331c",
2026-10-09T02:30:42.1543687Z         "crates/cc-eval/benchmarks/public-v19/serde/intake/recovery-authoring-20261008/source/serde_core/src/de/mod.rs": "5ec8602d593915e0cf480b0ce67b02f6ab066dac34725237d2c7b4a6ef12a845",
2026-10-09T02:30:42.1544414Z         "crates/cc-eval/benchmarks/public-v19/serde/intake/recovery-authoring-20261008/source/serde_core/src/de/value.rs": "fb6fef6d23d95d516c6e1d6b5cefd8b98ba3881214a82a8a7e0a8ffbb0a12083",
2026-10-09T02:30:42.1545077Z         "crates/cc-eval/benchmarks/public-v19/serde/intake/recovery-authoring-20261008/source/serde_core/src/private/seed.rs": "3f6e098c5bd314788370dcaf3ab0152fcd7feb6bcf36a9c51808938cd58071eb",
2026-10-09T02:30:42.1545745Z         "crates/cc-eval/benchmarks/public-v19/serde/intake/recovery-authoring-20261008/source/serde_core/src/ser/impls.rs": "5ee7efc439345e8665da0bd79bc06c02a0506e5fd0f3a4cf11af0c7197eaa643",
2026-10-09T02:30:42.1546396Z         "crates/cc-eval/benchmarks/public-v19/serde/intake/recovery-authoring-20261008/source/serde_core/src/ser/mod.rs": "ec097d92c8545356961e977a4c9650361cadd1d3a243d805ae7b0e0e589ae803",
2026-10-09T02:30:42.1547044Z         "crates/cc-eval/benchmarks/public-v19/serde/intake/recovery-authoring-20261008/source/serde_derive/src/de/enum_.rs": "5a099a25034e4f9364d421a53cfb4428ea8a94fd66515c66207bf8bfb7c4db4f",
2026-10-09T02:30:42.1547712Z         "crates/cc-eval/benchmarks/public-v19/serde/intake/recovery-authoring-20261008/source/serde_derive/src/de/enum_untagged.rs": "b66ad3cea36ee786d50270f6648f1075c1e615b5f04173b47f034a251df5220e",
2026-10-09T02:30:42.1548392Z         "crates/cc-eval/benchmarks/public-v19/serde/intake/recovery-authoring-20261008/source/serde_derive/src/internals/attr.rs": "7abe82fde303a3c31f967c13e0ee1afe49ea584d882b9d2c32b067888e1c8225",
2026-10-09T02:30:42.1549252Z         "crates/cc-eval/benchmarks/public-v19/serde/intake/recovery-authoring-20261008/source/serde_derive/src/internals/case.rs": "10c8dda2b32d8c6c6b63cf09cdc63d02375af7e95ecefe8fecb34f93b65191bb",
2026-10-09T02:30:42.1549884Z         "crates/cc-eval/benchmarks/public-v19/serde/reviewed-dev-20261008/licenses/LICENSE-APACHE": "62c7a1e35f56406896d7aa7ca52d0cc0d272ac022b5d2796e7d6905db8a3636a",
2026-10-09T02:30:42.1550457Z         "crates/cc-eval/benchmarks/public-v19/serde/reviewed-dev-20261008/licenses/LICENSE-MIT": "23f18e03dc49df91622fe2a76176497404e46ced8a715d9d2b67a7446571cca3",
2026-10-09T02:30:42.1551029Z         "crates/cc-eval/benchmarks/public-v19/serde/reviewed-dev-20261008/queries.compat.dev.jsonl": "93577f0bf000af2ebe517fba05104fa9a055b8a4a12475a5bd85d051079a538f",
2026-10-09T02:30:42.1551607Z         "crates/cc-eval/benchmarks/public-v19/serde/reviewed-dev-20261008/queries.native.dev.jsonl": "78d307822c1ebeda5c1f990829e7740767e9c3ff97e167daf0454e555fe62f6b",
2026-10-09T02:30:42.1552181Z         "crates/cc-eval/benchmarks/public-v19/serde/reviewed-dev-20261008/source-manifest.json": "1d051633ed60d8a7b73770b111f0af1f78e2bbe1c409dce19625aa81045152f6",
2026-10-09T02:30:42.1552738Z         "crates/cc-eval/benchmarks/public-v19/serde/reviewed-dev-20261008/source/Cargo.toml": "31b3f127c74eb7e16b43efae54fe4091d635f36295cad86246a2cd9ff2c36de3",
2026-10-09T02:30:42.1553297Z         "crates/cc-eval/benchmarks/public-v19/serde/reviewed-dev-20261008/source/serde/Cargo.toml": "137d4b56580e6b18d0cad4a86aea12a8b83b8f985a931b089de553161c35af56",
2026-10-09T02:30:42.1553859Z         "crates/cc-eval/benchmarks/public-v19/serde/reviewed-dev-20261008/source/serde/src/lib.rs": "a9bb976e6012a20443561e113b7ce37e9f3f0293f60a0dc157c5f973f7e80c55",
2026-10-09T02:30:42.1554432Z         "crates/cc-eval/benchmarks/public-v19/serde/reviewed-dev-20261008/source/serde/src/private/de.rs": "68ee17774d3bbc693d9f19803747fa2c3afdb7046482e6d94ac6cf7db5a4fe20",
2026-10-09T02:30:42.1555133Z         "crates/cc-eval/benchmarks/public-v19/serde/reviewed-dev-20261008/source/serde_core/src/de/ignored_any.rs": "6480f2b2a83dc4764d01b2eec7309729eef2492eede2e5ee98d23a60b05198eb",
2026-10-09T02:30:42.1555740Z         "crates/cc-eval/benchmarks/public-v19/serde/reviewed-dev-20261008/source/serde_core/src/de/impls.rs": "2f8e2ef9d343875bb996319e69feae0dee2287e2548cedd8d3c752b64812331c",
2026-10-09T02:30:42.1556332Z         "crates/cc-eval/benchmarks/public-v19/serde/reviewed-dev-20261008/source/serde_core/src/de/mod.rs": "5ec8602d593915e0cf480b0ce67b02f6ab066dac34725237d2c7b4a6ef12a845",
2026-10-09T02:30:42.1557008Z         "crates/cc-eval/benchmarks/public-v19/serde/reviewed-dev-20261008/source/serde_core/src/de/value.rs": "fb6fef6d23d95d516c6e1d6b5cefd8b98ba3881214a82a8a7e0a8ffbb0a12083",
2026-10-09T02:30:42.1557617Z         "crates/cc-eval/benchmarks/public-v19/serde/reviewed-dev-20261008/source/serde_core/src/private/seed.rs": "3f6e098c5bd314788370dcaf3ab0152fcd7feb6bcf36a9c51808938cd58071eb",
2026-10-09T02:30:42.1558230Z         "crates/cc-eval/benchmarks/public-v19/serde/reviewed-dev-20261008/source/serde_core/src/ser/impls.rs": "5ee7efc439345e8665da0bd79bc06c02a0506e5fd0f3a4cf11af0c7197eaa643",
2026-10-09T02:30:42.1558983Z         "crates/cc-eval/benchmarks/public-v19/serde/reviewed-dev-20261008/source/serde_core/src/ser/mod.rs": "ec097d92c8545356961e977a4c9650361cadd1d3a243d805ae7b0e0e589ae803",
2026-10-09T02:30:42.1559576Z         "crates/cc-eval/benchmarks/public-v19/serde/reviewed-dev-20261008/source/serde_derive/src/de/enum_.rs": "5a099a25034e4f9364d421a53cfb4428ea8a94fd66515c66207bf8bfb7c4db4f",
2026-10-09T02:30:42.1560194Z         "crates/cc-eval/benchmarks/public-v19/serde/reviewed-dev-20261008/source/serde_derive/src/de/enum_untagged.rs": "b66ad3cea36ee786d50270f6648f1075c1e615b5f04173b47f034a251df5220e",
2026-10-09T02:30:42.1560825Z         "crates/cc-eval/benchmarks/public-v19/serde/reviewed-dev-20261008/source/serde_derive/src/internals/attr.rs": "7abe82fde303a3c31f967c13e0ee1afe49ea584d882b9d2c32b067888e1c8225",
2026-10-09T02:30:42.1561459Z         "crates/cc-eval/benchmarks/public-v19/serde/reviewed-dev-20261008/source/serde_derive/src/internals/case.rs": "10c8dda2b32d8c6c6b63cf09cdc63d02375af7e95ecefe8fecb34f93b65191bb",
2026-10-09T02:30:42.1562056Z         "crates/cc-eval/benchmarks/public-v19/serde/reviewed-dev-20261008/suite.compat.dev.json": "578993e65fc255bb9c21e409c86d47e573ee8386febe0c2502de3b91d98380bc",
2026-10-09T02:30:42.1562618Z         "crates/cc-eval/benchmarks/public-v19/serde/reviewed-dev-20261008/suite.native.dev.json": "5ed63ba48f4067bb95159a652b39303ea1f8459d7c0d9b94527a48416267b2eb",
2026-10-09T02:30:42.1563194Z         "crates/cc-eval/benchmarks/public-v19/typescript/reviewed-dev-20261008/licenses/LICENSE.txt": "a7d00bfd54525bc694b6e32f64c7ebcf5e6b7ae3657be5cc12767bce74654a47",
2026-10-09T02:30:42.1563777Z         "crates/cc-eval/benchmarks/public-v19/typescript/reviewed-dev-20261008/licenses/NOTICE.txt": "317cd4d9d8a4de4971222bd232bc45c010424bf0dae61be830e49532e62e4d33",
2026-10-09T02:30:42.1564371Z         "crates/cc-eval/benchmarks/public-v19/typescript/reviewed-dev-20261008/licenses/vscode-uri-LICENSE.md": "c669138cb1eb01fbb745e8e460b291e4f2869c14a40061390b6095d845ed4c82",
2026-10-09T02:30:42.1564984Z         "crates/cc-eval/benchmarks/public-v19/typescript/reviewed-dev-20261008/queries.compat.dev.jsonl": "b34a8b9cbd7c037ba1d11d34dddab9d6f11bd34e55375b0ccd90b80470960887",
2026-10-09T02:30:42.1565583Z         "crates/cc-eval/benchmarks/public-v19/typescript/reviewed-dev-20261008/queries.native.dev.jsonl": "d3269e7439708e97ff21f28520949a628592be466276da98fb7550903b746638",
2026-10-09T02:30:42.1566171Z         "crates/cc-eval/benchmarks/public-v19/typescript/reviewed-dev-20261008/source-manifest.json": "795f2e4ede8c9c748ca9b52b2c7676062334cddeaf616fbcdc696f3eebccf837",
2026-10-09T02:30:42.1566816Z         "crates/cc-eval/benchmarks/public-v19/typescript/reviewed-dev-20261008/source/packages/typescript/src/api/async/client.ts": "b66caa3cbb016ea425f34acc3e31b1bc4d77e37a235a99800bb772f68e80b61f",
2026-10-09T02:30:42.1567620Z         "crates/cc-eval/benchmarks/public-v19/typescript/reviewed-dev-20261008/source/packages/typescript/src/api/diagnosticFormatter.ts": "967c080f681bf0979a8a2a9ae7e5d778701f62a0ac8a682ca33b3d29a69bf7c3",
2026-10-09T02:30:42.1568316Z         "crates/cc-eval/benchmarks/public-v19/typescript/reviewed-dev-20261008/source/packages/typescript/src/api/fs.ts": "de14c4374d4aba6e6996b9189fafc50aa8bcc159d79b273e76cc04dae17c7147",
2026-10-09T02:30:42.1569199Z         "crates/cc-eval/benchmarks/public-v19/typescript/reviewed-dev-20261008/source/packages/typescript/src/api/fsCallbacks.ts": "34e7f3da58c66e53676b320aa8ca3afff6518eb3a09e8fe01e9a89c26cbafdf3",
2026-10-09T02:30:42.1569895Z         "crates/cc-eval/benchmarks/public-v19/typescript/reviewed-dev-20261008/source/packages/typescript/src/api/node/encoder.ts": "e6765d0941d929f01697065676cd7b002d875f0fe5ec6ba53fcb7245bb3a2eb9",
2026-10-09T02:30:42.1570588Z         "crates/cc-eval/benchmarks/public-v19/typescript/reviewed-dev-20261008/source/packages/typescript/src/api/node/msgpack.ts": "00cbde4018687ad5faa894e5d53ec1c1d6fc8c854e74b38cd3f8c7e38b486ea7",
2026-10-09T02:30:42.1571311Z         "crates/cc-eval/benchmarks/public-v19/typescript/reviewed-dev-20261008/source/packages/typescript/src/api/node/node.infrastructure.ts": "5caf58922412f800756c91daf4d9dc31d14f7b87c6b7006a50190ac3c3b9a361",
2026-10-09T02:30:42.1572022Z         "crates/cc-eval/benchmarks/public-v19/typescript/reviewed-dev-20261008/source/packages/typescript/src/api/node/node.ts": "4a3cb5507d01cd5cc958e47977d85dd5d6a5c85480822868ab4474440cad16ca",
2026-10-09T02:30:42.1572706Z         "crates/cc-eval/benchmarks/public-v19/typescript/reviewed-dev-20261008/source/packages/typescript/src/api/node/wtf8.ts": "85da8aac7bd41fcff27bdc22e3f870b800060993a7853df90abcfad19f6a1d71",
2026-10-09T02:30:42.1573391Z         "crates/cc-eval/benchmarks/public-v19/typescript/reviewed-dev-20261008/source/packages/typescript/src/api/options.ts": "783fd3ed6078c17a1d53e7d25f4f8e7b2cf078926af161bf5b756a540d90005e",
2026-10-09T02:30:42.1574059Z         "crates/cc-eval/benchmarks/public-v19/typescript/reviewed-dev-20261008/source/packages/typescript/src/api/path.ts": "98d104aa3127697b77c8b898b8a880da9ede39f11f99c1d80fc140500d12b89a",
2026-10-09T02:30:42.1574721Z         "crates/cc-eval/benchmarks/public-v19/typescript/reviewed-dev-20261008/source/packages/typescript/src/api/proto.ts": "da24e44281d16558baf20f6bc47bfb77330a1e9bc371b7658fbe36e799ead9f3",
2026-10-09T02:30:42.1575411Z         "crates/cc-eval/benchmarks/public-v19/typescript/reviewed-dev-20261008/source/packages/typescript/src/api/sourceFileCache.ts": "acad2db9a36a8f23e78824dc413a7c7e1a171b29f5474f055ea9a227f62c8865",
2026-10-09T02:30:42.1576112Z         "crates/cc-eval/benchmarks/public-v19/typescript/reviewed-dev-20261008/source/packages/typescript/src/api/sync/client.ts": "dbc64974a92f3ccd44d248f9e2a61ae54a4c41b63d558e3027d26be05f87329b",
2026-10-09T02:30:42.1576802Z         "crates/cc-eval/benchmarks/public-v19/typescript/reviewed-dev-20261008/source/packages/typescript/src/api/syncChannel.ts": "dbcdd27b7c7b0120c0a4c46293e2f82c805ded957e84f67e006bd83959c0b535",
2026-10-09T02:30:42.1577489Z         "crates/cc-eval/benchmarks/public-v19/typescript/reviewed-dev-20261008/source/packages/typescript/src/api/timing.ts": "2aa21f55c253239626d42dc41aa09e9adc964256acaff2fb340a426e4be5210d",
2026-10-09T02:30:42.1578161Z         "crates/cc-eval/benchmarks/public-v19/typescript/reviewed-dev-20261008/source/packages/typescript/src/ast/clone.ts": "2e67d966bd94ab9a7c3f3e4403644940bd4acd6efa848cde2706e512609ab6dc",
2026-10-09T02:30:42.1578937Z         "crates/cc-eval/benchmarks/public-v19/typescript/reviewed-dev-20261008/source/packages/typescript/src/ast/is.ts": "0571926eba86e1c26e1711ed71b7ef7aa6e62e3ab9f5a4b7849a3d628bc5eba3",
2026-10-09T02:30:42.1579601Z         "crates/cc-eval/benchmarks/public-v19/typescript/reviewed-dev-20261008/source/packages/typescript/src/ast/modifiers.ts": "b3ab17e5d757b064b09a9f5f8a75f2ff05663bc35b2a70fc43c472c817477951",
2026-10-09T02:30:42.1580359Z         "crates/cc-eval/benchmarks/public-v19/typescript/reviewed-dev-20261008/source/packages/typescript/src/ast/visitor.ts": "b12d5790f964e73568ccba8be58d396ce7183cc4258a0fbfb00971a5e9200992",
2026-10-09T02:30:42.1580981Z         "crates/cc-eval/benchmarks/public-v19/typescript/reviewed-dev-20261008/suite.compat.dev.json": "18c2f54141525554d918607702027e04ab9ce8347a61c05621e41f80a80a66e9",
2026-10-09T02:30:42.1581554Z         "crates/cc-eval/benchmarks/public-v19/typescript/reviewed-dev-20261008/suite.native.dev.json": "4a170c3c0efd0269e176649182d98a292bdc318c499d170735c28c94bae35888",
2026-10-09T02:30:42.1582233Z         "crates/cc-eval/benchmarks/public-v19/vite/intake/recovery-authoring-20261008/author-packet.json": "bb7e80f384f12de73f6cbfb89044b5dbeb26ca3236c29482faed09edb2a5249f",
2026-10-09T02:30:42.1582843Z         "crates/cc-eval/benchmarks/public-v19/vite/intake/recovery-authoring-20261008/licenses/LICENSE": "692057af3d664cbb79ac38293eb50aa3c4987f8182e2a440136e59e08f1b4a54",
2026-10-09T02:30:42.1583481Z         "crates/cc-eval/benchmarks/public-v19/vite/intake/recovery-authoring-20261008/licenses/packages/create-vite/LICENSE": "40eacd0fc5e5af7ca0be0c226b94bd838537a496db95e508722de2cf9f2112d2",
2026-10-09T02:30:42.1584154Z         "crates/cc-eval/benchmarks/public-v19/vite/intake/recovery-authoring-20261008/licenses/packages/vite/LICENSE.md": "a47172e44a86a7e2cd1c16282341f7726ec60caafe3a6166fe3e0602005b6fa6",
2026-10-09T02:30:42.1584820Z         "crates/cc-eval/benchmarks/public-v19/vite/intake/recovery-authoring-20261008/queries.compat.candidate.dev.jsonl": "d0d88bd839cb1b1fb9596177c1995ee6416d8dc9a579cd4f41c3b85528453810",
2026-10-09T02:30:42.1585499Z         "crates/cc-eval/benchmarks/public-v19/vite/intake/recovery-authoring-20261008/queries.native.candidate.dev.jsonl": "068f6f059c3dca2d40985a45f67eb010e2a13fc3d38a7e7ca898f172a8ee5f50",
2026-10-09T02:30:42.1586155Z         "crates/cc-eval/benchmarks/public-v19/vite/intake/recovery-authoring-20261008/revision-2/author-packet.json": "053d3fb900e5ff30195d046c8c92f0b5be207cf54e202bb766bf8fb79eb97a1e",
2026-10-09T02:30:42.1586820Z         "crates/cc-eval/benchmarks/public-v19/vite/intake/recovery-authoring-20261008/revision-2/independent-review.json": "8938fdc4e3ad87e26418ffb411c2b608a6ace1d2dee3907810d1cd18e5b81d0a",
2026-10-09T02:30:42.1587507Z         "crates/cc-eval/benchmarks/public-v19/vite/intake/recovery-authoring-20261008/revision-2/queries.compat.candidate.dev.jsonl": "86903dc383ff6f66a45b084d3475680dda0eeedef9f37d883b52b19ea7ebca59",
2026-10-09T02:30:42.1588212Z         "crates/cc-eval/benchmarks/public-v19/vite/intake/recovery-authoring-20261008/revision-2/queries.native.candidate.dev.jsonl": "c405329c344727d031dbd92b9a5d4428167350aa601326d81a9414ee22cff2f3",
2026-10-09T02:30:42.1588983Z         "crates/cc-eval/benchmarks/public-v19/vite/intake/recovery-authoring-20261008/source-manifest.json": "9077e9268a10c72c07eacb7273dea91e75289e192646dd9b2dd1acf142ae1eac",
2026-10-09T02:30:42.1589599Z         "crates/cc-eval/benchmarks/public-v19/vite/intake/recovery-authoring-20261008/source/package.json": "2885edaffaae7d00e4b694886877cf2f1c6adcaa5676b68a81c345507bff7188",
2026-10-09T02:30:42.1590244Z         "crates/cc-eval/benchmarks/public-v19/vite/intake/recovery-authoring-20261008/source/packages/create-vite/index.js": "69362351fdf4a07c10cc7caf6c5cd3c2b337401e4fac066b0542fb09810b46c3",
2026-10-09T02:30:42.1590924Z         "crates/cc-eval/benchmarks/public-v19/vite/intake/recovery-authoring-20261008/source/packages/create-vite/package.json": "80f1cc690ac8631cf9560ec9f9ae401a9902b744ed9067e14541fbc3656ef8f7",
2026-10-09T02:30:42.1591602Z         "crates/cc-eval/benchmarks/public-v19/vite/intake/recovery-authoring-20261008/source/packages/create-vite/src/index.ts": "819995175a62f0b54d147b662706249902ae9ac13d0706a8d263407cfb4a3a4d",
2026-10-09T02:30:42.1592262Z         "crates/cc-eval/benchmarks/public-v19/vite/intake/recovery-authoring-20261008/source/packages/vite/bin/vite.js": "de5833362e640673962f16e255bf8738d4380a68601b9af26217eee4e1bac36d",
2026-10-09T02:30:42.1592999Z         "crates/cc-eval/benchmarks/public-v19/vite/intake/recovery-authoring-20261008/source/packages/vite/package.json": "8b262df6af46ce190e2156dba0ef61496f7e39d8fe892e192686083345c35e8d",
2026-10-09T02:30:42.1593673Z         "crates/cc-eval/benchmarks/public-v19/vite/intake/recovery-authoring-20261008/source/packages/vite/rolldown.config.ts": "0fbd702ccef724c3771105cdfe302b8dc413223b93eec06179926b2e3a35817a",
2026-10-09T02:30:42.1594352Z         "crates/cc-eval/benchmarks/public-v19/vite/intake/recovery-authoring-20261008/source/packages/vite/src/node/cli.ts": "b6f0d4b8c5f529a2cac341b6940b4c74e3d1bfcf099d4c2fd3709aaf85ec3080",
2026-10-09T02:30:42.1595110Z         "crates/cc-eval/benchmarks/public-v19/vite/intake/recovery-authoring-20261008/source/packages/vite/src/node/config.ts": "9ac58d93a88ec983e41366906e961a6a154cd1884cb3f89a4bc7251fe24d9e5f",
2026-10-09T02:30:42.1595784Z         "crates/cc-eval/benchmarks/public-v19/vite/intake/recovery-authoring-20261008/source/packages/vite/src/node/env.ts": "c34fe179f16534f2e50d0efa5466c44a6c910c51786af8708ad4e3302dab77fd",
2026-10-09T02:30:42.1596493Z         "crates/cc-eval/benchmarks/public-v19/vite/intake/recovery-authoring-20261008/source/packages/vite/src/node/plugins/importAnalysis.ts": "0a478faa2184d2b27181e1c9d873428ba4097e37ff153f3282caf8adf052d851",
2026-10-09T02:30:42.1597203Z         "crates/cc-eval/benchmarks/public-v19/vite/intake/recovery-authoring-20261008/source/packages/vite/src/node/preview.ts": "93fc78287057ceffd30f39ea3618665c54d73211487a2c4467bb3e44d23e9ee6",
2026-10-09T02:30:42.1597890Z         "crates/cc-eval/benchmarks/public-v19/vite/intake/recovery-authoring-20261008/source/packages/vite/src/node/server/index.ts": "52095d310a3d89379b5da13769e8e844c0e5eccf6072a1c3a47ecc26ea3cf1e0",
2026-10-09T02:30:42.1598759Z         "crates/cc-eval/benchmarks/public-v19/vite/intake/recovery-authoring-20261008/source/packages/vite/src/node/server/middlewares/base.ts": "fc9544e0ecfa895f24cb68faa7682b5db1dac87dca1cb91e6bab60735f2ee981",
2026-10-09T02:30:42.1599538Z         "crates/cc-eval/benchmarks/public-v19/vite/intake/recovery-authoring-20261008/source/packages/vite/src/node/server/middlewares/htmlFallback.ts": "4d3b31feb8fb6d534f8b8b4c043696a51c08c33e196404daa7d9be0b499a3f0c",
2026-10-09T02:30:42.1600310Z         "crates/cc-eval/benchmarks/public-v19/vite/intake/recovery-authoring-20261008/source/packages/vite/src/node/server/middlewares/static.ts": "fc51e47db6e427c7fc6a7f76ce5022ca306dd3882d3a0d9cc9d4d343f36a163e",
2026-10-09T02:30:42.1601016Z         "crates/cc-eval/benchmarks/public-v19/vite/intake/recovery-authoring-20261008/source/pnpm-workspace.yaml": "3ca83595162c5255ab9a768273c9f0e600ed2d29f6ce87439e3f9aa3e4edeb8c",
2026-10-09T02:30:42.1601608Z         "crates/cc-eval/benchmarks/public-v19/vite/reviewed-dev-20261008/licenses/LICENSE": "692057af3d664cbb79ac38293eb50aa3c4987f8182e2a440136e59e08f1b4a54",
2026-10-09T02:30:42.1602200Z         "crates/cc-eval/benchmarks/public-v19/vite/reviewed-dev-20261008/licenses/packages/create-vite/LICENSE": "40eacd0fc5e5af7ca0be0c226b94bd838537a496db95e508722de2cf9f2112d2",
2026-10-09T02:30:42.1602819Z         "crates/cc-eval/benchmarks/public-v19/vite/reviewed-dev-20261008/licenses/packages/vite/LICENSE.md": "a47172e44a86a7e2cd1c16282341f7726ec60caafe3a6166fe3e0602005b6fa6",
2026-10-09T02:30:42.1603409Z         "crates/cc-eval/benchmarks/public-v19/vite/reviewed-dev-20261008/queries.compat.dev.jsonl": "4464bb05ba54a8190261485e942f1acb9e3e1b46df4c126f6dc600e02f9dec93",
2026-10-09T02:30:42.1603983Z         "crates/cc-eval/benchmarks/public-v19/vite/reviewed-dev-20261008/queries.native.dev.jsonl": "1d14da4b2e904b93c896de5031dd84ee80080cf112e6f828d33cf701dc7024b0",
2026-10-09T02:30:42.1604551Z         "crates/cc-eval/benchmarks/public-v19/vite/reviewed-dev-20261008/source-manifest.json": "2bbde54b11b685eeb9d1786d697d6036c6a1c578b68fa992d45bb97b0e78a466",
2026-10-09T02:30:42.1605117Z         "crates/cc-eval/benchmarks/public-v19/vite/reviewed-dev-20261008/source/package.json": "2885edaffaae7d00e4b694886877cf2f1c6adcaa5676b68a81c345507bff7188",
2026-10-09T02:30:42.1605796Z         "crates/cc-eval/benchmarks/public-v19/vite/reviewed-dev-20261008/source/packages/create-vite/index.js": "69362351fdf4a07c10cc7caf6c5cd3c2b337401e4fac066b0542fb09810b46c3",
2026-10-09T02:30:42.1606427Z         "crates/cc-eval/benchmarks/public-v19/vite/reviewed-dev-20261008/source/packages/create-vite/package.json": "80f1cc690ac8631cf9560ec9f9ae401a9902b744ed9067e14541fbc3656ef8f7",
2026-10-09T02:30:42.1607134Z         "crates/cc-eval/benchmarks/public-v19/vite/reviewed-dev-20261008/source/packages/create-vite/src/index.ts": "819995175a62f0b54d147b662706249902ae9ac13d0706a8d263407cfb4a3a4d",
2026-10-09T02:30:42.1607740Z         "crates/cc-eval/benchmarks/public-v19/vite/reviewed-dev-20261008/source/packages/vite/bin/vite.js": "de5833362e640673962f16e255bf8738d4380a68601b9af26217eee4e1bac36d",
2026-10-09T02:30:42.1608343Z         "crates/cc-eval/benchmarks/public-v19/vite/reviewed-dev-20261008/source/packages/vite/package.json": "8b262df6af46ce190e2156dba0ef61496f7e39d8fe892e192686083345c35e8d",
2026-10-09T02:30:42.1609075Z         "crates/cc-eval/benchmarks/public-v19/vite/reviewed-dev-20261008/source/packages/vite/rolldown.config.ts": "0fbd702ccef724c3771105cdfe302b8dc413223b93eec06179926b2e3a35817a",
2026-10-09T02:30:42.1609701Z         "crates/cc-eval/benchmarks/public-v19/vite/reviewed-dev-20261008/source/packages/vite/src/node/cli.ts": "b6f0d4b8c5f529a2cac341b6940b4c74e3d1bfcf099d4c2fd3709aaf85ec3080",
2026-10-09T02:30:42.1610329Z         "crates/cc-eval/benchmarks/public-v19/vite/reviewed-dev-20261008/source/packages/vite/src/node/config.ts": "9ac58d93a88ec983e41366906e961a6a154cd1884cb3f89a4bc7251fe24d9e5f",
2026-10-09T02:30:42.1610949Z         "crates/cc-eval/benchmarks/public-v19/vite/reviewed-dev-20261008/source/packages/vite/src/node/env.ts": "c34fe179f16534f2e50d0efa5466c44a6c910c51786af8708ad4e3302dab77fd",
2026-10-09T02:30:42.1611607Z         "crates/cc-eval/benchmarks/public-v19/vite/reviewed-dev-20261008/source/packages/vite/src/node/plugins/importAnalysis.ts": "0a478faa2184d2b27181e1c9d873428ba4097e37ff153f3282caf8adf052d851",
2026-10-09T02:30:42.1612284Z         "crates/cc-eval/benchmarks/public-v19/vite/reviewed-dev-20261008/source/packages/vite/src/node/preview.ts": "93fc78287057ceffd30f39ea3618665c54d73211487a2c4467bb3e44d23e9ee6",
2026-10-09T02:30:42.1612921Z         "crates/cc-eval/benchmarks/public-v19/vite/reviewed-dev-20261008/source/packages/vite/src/node/server/index.ts": "52095d310a3d89379b5da13769e8e844c0e5eccf6072a1c3a47ecc26ea3cf1e0",
2026-10-09T02:30:42.1613598Z         "crates/cc-eval/benchmarks/public-v19/vite/reviewed-dev-20261008/source/packages/vite/src/node/server/middlewares/base.ts": "fc9544e0ecfa895f24cb68faa7682b5db1dac87dca1cb91e6bab60735f2ee981",
2026-10-09T02:30:42.1614315Z         "crates/cc-eval/benchmarks/public-v19/vite/reviewed-dev-20261008/source/packages/vite/src/node/server/middlewares/htmlFallback.ts": "4d3b31feb8fb6d534f8b8b4c043696a51c08c33e196404daa7d9be0b499a3f0c",
2026-10-09T02:30:42.1615040Z         "crates/cc-eval/benchmarks/public-v19/vite/reviewed-dev-20261008/source/packages/vite/src/node/server/middlewares/static.ts": "fc51e47db6e427c7fc6a7f76ce5022ca306dd3882d3a0d9cc9d4d343f36a163e",
2026-10-09T02:30:42.1615688Z         "crates/cc-eval/benchmarks/public-v19/vite/reviewed-dev-20261008/source/pnpm-workspace.yaml": "3ca83595162c5255ab9a768273c9f0e600ed2d29f6ce87439e3f9aa3e4edeb8c",
2026-10-09T02:30:42.1616269Z         "crates/cc-eval/benchmarks/public-v19/vite/reviewed-dev-20261008/suite.compat.dev.json": "7dc9277fc1a12c67cf00df71d0c413ec0d10eadd8e91d05bbfb80d2c1bd70773",
2026-10-09T02:30:42.1616839Z         "crates/cc-eval/benchmarks/public-v19/vite/reviewed-dev-20261008/suite.native.dev.json": "29fccba2ed1f6644445d1660f99e88d969b021306536ed307d00df6736425c66",
2026-10-09T02:30:42.1617348Z         "crates/cc-eval/benchmarks/schema/query.schema.json": "d71aa4f8cde53c1e09b465be857c402dd4c8411c3b08d23b0e61286f0a5782d0",
2026-10-09T02:30:42.1617878Z         "crates/cc-eval/benchmarks/schema/result.schema.json": "0acb16176f7603fb229d5ac90c6a4a4deea2fe22d687a98fa315831356da8d4e",
2026-10-09T02:30:42.1618321Z         "crates/cc-eval/benchmarks/schema/suite.schema.json": "afa55315e4825fb7a04d7826bbfcb027c219eee8fd5e8e50ff164b8f8ab9fade",
2026-10-09T02:30:42.1618958Z         "crates/cc-eval/corpus/adr_list.toml": "f9724b3d7c97ee4aa717a12560d1d9371a4b10ee33576b799035f9d14e9ca6a0",
2026-10-09T02:30:42.1619363Z         "crates/cc-eval/corpus/architecture_env.toml": "edf1e165872c366dc2b84eb6f96e80cc0fef95729fe1fec6ecefabde52266c78",
2026-10-09T02:30:42.1619906Z         "crates/cc-eval/corpus/architecture_frameworks.toml": "8f863667fa656ce6c79cb1120e0b586b3426cf746c66173dfe7215569dbdaae8",
2026-10-09T02:30:42.1620338Z         "crates/cc-eval/corpus/architecture_overview.toml": "f580bfdb758dc1b971bfc5f0118d995466388f2739862fc00fd0ce13829ce6ec",
2026-10-09T02:30:42.1620769Z         "crates/cc-eval/corpus/architecture_routes.toml": "58cdba0f92645d19785dfd381a8e87aff7d7e2f29c3d95bdbcdef7a805e7abb3",
2026-10-09T02:30:42.1621207Z         "crates/cc-eval/corpus/architecture_routes_express.toml": "7de2ebe64998e2da2380b50202b4bd0074045f829733f43743191f7f09750368",
2026-10-09T02:30:42.1621646Z         "crates/cc-eval/corpus/architecture_services.toml": "943155bcc9d26e684e5ed94eaf7208db68e05fcece226d2fe2a6fb1245ce38a0",
2026-10-09T02:30:42.1622072Z         "crates/cc-eval/corpus/context_flask_routes.toml": "975fe1888049787dd9bfb85c851315e3a8a2ad8cf4101010b3905774f1cad968",
2026-10-09T02:30:42.1622500Z         "crates/cc-eval/corpus/context_golden_bank_transfer.toml": "29247252436b222c18244091e137724c999d3ff27cbd8ea581899df51f8c99f9",
2026-10-09T02:30:42.1622942Z         "crates/cc-eval/corpus/context_golden_format_user.toml": "a7637cd26613fe2d29d63e466f42ff90598f50cea9852bdeb6c9f25718cd0bc0",
2026-10-09T02:30:42.1623378Z         "crates/cc-eval/corpus/context_golden_order_total.toml": "067b5292a88cc8f85b4d8707681f98a456f99df8bc5a350b60d15c518c3afca7",
2026-10-09T02:30:42.1623811Z         "crates/cc-eval/corpus/context_golden_refactor.toml": "8b8dbd6844d9c5d082c83687c80121ab785e8bc10de0011628f8bb66a1de8052",
2026-10-09T02:30:42.1624236Z         "crates/cc-eval/corpus/context_graph_enriched.toml": "25968d17458189eb9f743941efb4c7244d4c3348154734cf023b51777813c503",
2026-10-09T02:30:42.1624644Z         "crates/cc-eval/corpus/context_task.toml": "a3e2c7d7f1024a492ca1ec5668f345a6d23a4cbc96a89964983bd616bf0159e3",
2026-10-09T02:30:42.1625054Z         "crates/cc-eval/corpus/context_with_intent.toml": "7c92aa457303e5b63a4ff0dd28f907f766be1d54788bfb5bd7d944ec109659cc",
2026-10-09T02:30:42.1625487Z         "crates/cc-eval/corpus/error_files_invalid_action.toml": "20dfc28ba74eaa6922ab2babb644437ed656cf1f68e500a493625b161727f239",
2026-10-09T02:30:42.1625925Z         "crates/cc-eval/corpus/error_impact_no_index.toml": "fcfdd76ce2e54bf18af083cf5fed438349aba1eb203bb58c16f7bfe82a286d36",
2026-10-09T02:30:42.1626360Z         "crates/cc-eval/corpus/error_invalid_cypher.toml": "3eef318f660aa479bdd4bfc43f43af96b33d4dc2bb38016ebf4c79365615716f",
2026-10-09T02:30:42.1626787Z         "crates/cc-eval/corpus/error_node_missing.toml": "2f88fdb679d1989bd575cf59b49061dba7064259b15e4308b2c0d7b16668f599",
2026-10-09T02:30:42.1627206Z         "crates/cc-eval/corpus/error_search_empty_query.toml": "141e039850c554fd79252102a643d39f35a79c645b6ee3680d09ceba42b6fe1d",
2026-10-09T02:30:42.1627640Z         "crates/cc-eval/corpus/error_trace_missing_symbol.toml": "e805a03f3604fee65fea34a09d240dd1f0af3e387ff42d2a35499b49b328a86a",
2026-10-09T02:30:42.1628063Z         "crates/cc-eval/corpus/explore_flow_js.toml": "fea966cb07a1a924f83e5477fd3fc4200a8318f3e1537160b63a681ea228bcd8",
2026-10-09T02:30:42.1628474Z         "crates/cc-eval/corpus/explore_flow_mode.toml": "1937cfbf5fc82f8700cb7d6fadf9aec3db40795b79673b3ee20836f3044cc294",
2026-10-09T02:30:42.1629101Z         "crates/cc-eval/corpus/explore_golden_flow_route_chain.toml": "17f144b32b190310a2b3dab1f0b58b3fcf7a22d52db84e6943d29b2f2829d320",
2026-10-09T02:30:42.1629646Z         "crates/cc-eval/corpus/explore_models_hierarchy.toml": "c2aa5fa6b37fffbabe2158d3d801ee24c29c335aa3be2474192de781d6245cc9",
2026-10-09T02:30:42.1630070Z         "crates/cc-eval/corpus/explore_symbols.toml": "bc82327302647defc3a29dd0d55c802d306ea9a50912e55421c2241cc075882c",
2026-10-09T02:30:42.1630468Z         "crates/cc-eval/corpus/files_list.toml": "b112c69e03aca1d51f47a93a0f9f1d7cf6fb928f0ee34cbe86fafd2ee5820d89",
2026-10-09T02:30:42.1630883Z         "crates/cc-eval/corpus/graph_query_aggregation.toml": "630e872b5ee84e75ac1109b550fc09b15541eb7fb3d2e533b1ed4feda1d2e3fc",
2026-10-09T02:30:42.1631389Z         "crates/cc-eval/corpus/graph_query_basic.toml": "b2bdbffe8184c89cca169df1856c73ab1b081336e1e2de6fa9b1f1ac2d69389a",
2026-10-09T02:30:42.1631808Z         "crates/cc-eval/corpus/graph_query_callers.toml": "31994f5752d0aefba5998927c38b3d7e653d66bcb4d590a6e229e0d100eee2bb",
2026-10-09T02:30:42.1632256Z         "crates/cc-eval/corpus/graph_query_golden_multiply_callers.toml": "fd266fc7d8cde1c0a7252b2e86820586c5b9e36231b8a8efb2ee98ee439a0c7b",
2026-10-09T02:30:42.1632727Z         "crates/cc-eval/corpus/graph_query_optional_match.toml": "9a1dbb6bb7355336dbf897aba42a8a4026053735fe90077275a79f7829ca262f",
2026-10-09T02:30:42.1633168Z         "crates/cc-eval/corpus/graph_query_regex_regexp.toml": "a5b8fcd8b42b48752d450c5eac01e68bcb5c135af28a507f7c8ced96753d6b74",
2026-10-09T02:30:42.1633594Z         "crates/cc-eval/corpus/graph_query_union.toml": "e0510ce56c3f7a1a5e79529bdece5a9d03e0d4b71489099ba632b0ce09eea5bf",
2026-10-09T02:30:42.1634037Z         "crates/cc-eval/corpus/graph_query_variable_length_calls.toml": "7ca1cedff2361e10512e2081b5d7bc41f9bc3d80515a9898bcccff7774b07012",
2026-10-09T02:30:42.1634478Z         "crates/cc-eval/corpus/impact_circular.toml": "f59f35182966c63c828842cbf85dafac96f0d465906e6e54d05218802a54be33",
2026-10-09T02:30:42.1634878Z         "crates/cc-eval/corpus/impact_dead_code.toml": "c4841089bc3cc1288100b51e44a9afe25d0ea947081d33d63041e4116d48866b",
2026-10-09T02:30:42.1635294Z         "crates/cc-eval/corpus/impact_dependents_utils.toml": "2ae981cdc2178615573de132a0631a427c8a0b491623f498f4434226821c5ca9",
2026-10-09T02:30:42.1635732Z         "crates/cc-eval/corpus/impact_golden_dead_code_known.toml": "9d275a478ada6f1c3865f15dae4bf1baa0bfa2485deb10bc816130c04e24070d",
2026-10-09T02:30:42.1636190Z         "crates/cc-eval/corpus/impact_golden_geometry_callers.toml": "1ccfb0c24770aebfba19ed4e72acdc5ea20e121f735ef88b46c402ab859b1b6e",
2026-10-09T02:30:42.1636654Z         "crates/cc-eval/corpus/impact_golden_utils_blast_radius.toml": "7ebea215b3b0e53a285c7ca5e05e78413f2c67e55a50a8d3cb5dde0be97b4212",
2026-10-09T02:30:42.1637088Z         "crates/cc-eval/corpus/index_build.toml": "ed394d7d2e1e0e6cf682cd1c47d83427b9d57c5902a0cd5f6bda4728e0acc05b",
2026-10-09T02:30:42.1637495Z         "crates/cc-eval/corpus/ingest_traces_basic.toml": "c1a12da9dc7461e855efc5bf47e99831d7fdbc24c9a143c8c3687f9cca588538",
2026-10-09T02:30:42.1637932Z         "crates/cc-eval/corpus/node_golden_trail_process_user.toml": "25b18c1829fb1a2d0d6466c73d3fcd8bc3371d0f4c5c93be10e9c96d643e48fc",
2026-10-09T02:30:42.1638356Z         "crates/cc-eval/corpus/node_outline.toml": "cf0fd36390b654f4993454ee23e9e6b39822a09927ed69c087d676a7fe257848",
2026-10-09T02:30:42.1638856Z         "crates/cc-eval/corpus/node_outline_typescript.toml": "6b7788beeb9032b118b078472532a9cca7fe321f03ed950275eae0d8a3c61a38",
2026-10-09T02:30:42.1639268Z         "crates/cc-eval/corpus/node_source_rust.toml": "9df587ee3da92530154159854ae44e21895116d87ca11ba86358fdf3976a78bd",
2026-10-09T02:30:42.1639662Z         "crates/cc-eval/corpus/node_trail.toml": "5a64db8007b03e056cca3cbccbeb46a4b4819b0aca549098aace0aed9a1b11d3",
2026-10-09T02:30:42.1640078Z         "crates/cc-eval/corpus/relations_callees_cpp.toml": "9107b6c3a6f3850b80fd4bea42eac46bdf467d41dc78eeed73bd3a89ed48b757",
2026-10-09T02:30:42.1640519Z         "crates/cc-eval/corpus/relations_callees_process.toml": "a8b2a08c683931fcc5021de0a2e8c423097063dcd09d901f8260c2e997d39bf6",
2026-10-09T02:30:42.1641032Z         "crates/cc-eval/corpus/relations_callers.toml": "0d3eb0778113ef3b89a5414ff1f12abd649d4eb58cbd916735539884cc287b7f",
2026-10-09T02:30:42.1641444Z         "crates/cc-eval/corpus/relations_callers_c.toml": "3315200ca0dc481e308b05037e81a450e7c4d93f90d8421ca814ab3dd658a2c8",
2026-10-09T02:30:42.1641872Z         "crates/cc-eval/corpus/relations_cross_file_python.toml": "9ff64716aebe0db616dd2ae99efe13330fe03b43b7644f043703e142c5e1f7fa",
2026-10-09T02:30:42.1642324Z         "crates/cc-eval/corpus/relations_golden_hierarchy_user.toml": "be6600fcb6220af8735af27382c4c55fd8dc9d885da0286611a5bf3a4ca29f5d",
2026-10-09T02:30:42.1642876Z         "crates/cc-eval/corpus/relations_golden_py_get_user_callers.toml": "bc47df04da1f570257947658f11f2c4fdccef147e0315a8404bb87ecaba58317",
2026-10-09T02:30:42.1643320Z         "crates/cc-eval/corpus/relations_hierarchy.toml": "0fd4319794829ee7886d0de03419050e7394d4a43187c5d553354e36c42989ae",
2026-10-09T02:30:42.1643729Z         "crates/cc-eval/corpus/search_c_function.toml": "a0b331200e6da528b370ea3295ee6e2fa2696329e7a4f6d493461e3bab8600c9",
2026-10-09T02:30:42.1644141Z         "crates/cc-eval/corpus/search_cpp_method.toml": "c3df981acc9816c06a68e47e0972aa7bb4771372d78c5c67cab973f3025b73ae",
2026-10-09T02:30:42.1644561Z         "crates/cc-eval/corpus/search_exact_symbol_name.toml": "df34cb62362626252b818860f72f4442a69b5d1a9ee89eb48c7ed8e85c264f83",
2026-10-09T02:30:42.1644984Z         "crates/cc-eval/corpus/search_go_function.toml": "bad55c287bdde477f919ede8261e585202dfd579e29e1ff792f78097d5a12c1a",
2026-10-09T02:30:42.1645411Z         "crates/cc-eval/corpus/search_golden_c_compute_area.toml": "755401ff05097385d2d2e92d5ae6452772e5c0fe56cda40150702302193e5871",
2026-10-09T02:30:42.1645854Z         "crates/cc-eval/corpus/search_golden_cpp_transfer.toml": "1b95dd8a67f060bf34128ab8aed5983a4c72fad4422034d844b5465c64652d5e",
2026-10-09T02:30:42.1646296Z         "crates/cc-eval/corpus/search_golden_fuzzy_calculate.toml": "c35775e4a7b4104559ca237928f08386dc51c75ebdf26998af316a24b5fa0553",
2026-10-09T02:30:42.1646744Z         "crates/cc-eval/corpus/search_golden_fuzzy_create_user.toml": "c7d8f101d26b96dd36f6934cb78c984b6f7523f3b92c990304d857876b8d9753",
2026-10-09T02:30:42.1647188Z         "crates/cc-eval/corpus/search_golden_go_handler.toml": "60fe1fafce0bc5ded867263ccb8e9dcc6de34c7d537542371287c628f5f4a194",
2026-10-09T02:30:42.1647631Z         "crates/cc-eval/corpus/search_golden_hybrid_geometry.toml": "d0190fb6b99ffd3f227c1e24d32ac50c57e6c683fa8e1c9a2ba6a36a3d2f823e",
2026-10-09T02:30:42.1648088Z         "crates/cc-eval/corpus/search_golden_hybrid_graph_caller.toml": "3bcc01407d066cd9424e1e96f4a684836ad46ed1ed2bf00dba3d262766e96fdf",
2026-10-09T02:30:42.1648617Z         "crates/cc-eval/corpus/search_golden_hybrid_logging.toml": "55af743094edbb5d1b9c1e3a76aeea1819b2cc9bcc1cee001600b5db62a5fda5",
2026-10-09T02:30:42.1649068Z         "crates/cc-eval/corpus/search_golden_hybrid_order.toml": "ee95d9cebe0f7f941dbe5509a800bf41a90b9cd1c7892f3da07124c5ad678a28",
2026-10-09T02:30:42.1649528Z         "crates/cc-eval/corpus/search_golden_hybrid_validate_email.toml": "aa8023e20dbdd3a95081d8b3131a3cec12d0d0a154946b1930f6bdf4755128bc",
2026-10-09T02:30:42.1649987Z         "crates/cc-eval/corpus/search_golden_hybrid_withdraw.toml": "c9855f5bbb8a7c81622a3a373bc1942ff2c60c27a386283f15cb3b9130f04123",
2026-10-09T02:30:42.1650430Z         "crates/cc-eval/corpus/search_golden_java_list_users.toml": "5858b049b789eac261d9af9d66cc0fbe8751d24bfc1a55007231be1c0b301ca8",
2026-10-09T02:30:42.1650852Z         "crates/cc-eval/corpus/search_golden_js.toml": "27baee6f63ba179b48b40b4172ae46f746c00d7755079f4a6bb8e4e79207dc35",
2026-10-09T02:30:42.1651278Z         "crates/cc-eval/corpus/search_golden_js_middleware.toml": "cece65e05784c484e55be1b590ff1fc7fe59c46499cd0e254331a5e6955b340a",
2026-10-09T02:30:42.1651723Z         "crates/cc-eval/corpus/search_golden_py_class_view.toml": "4db1625f6f141ca4dee545eeea3e5bdeb13b6496fd38cdec05e8707dfbde4af3",
2026-10-09T02:30:42.1652155Z         "crates/cc-eval/corpus/search_golden_python.toml": "f80e8c68440647733d879bc9c91af1cdcda549aeb185dd9308adbe91358cbb25",
2026-10-09T02:30:42.1652676Z         "crates/cc-eval/corpus/search_golden_rust_process_order.toml": "5e1866ac689ade1762e12d3150c8044198796a3815525c05262abb02e5910b93",
2026-10-09T02:30:42.1653129Z         "crates/cc-eval/corpus/search_golden_ts_items_service.toml": "0a75ef33addeb9c81507da30b1dd9dac6b155a4329c2bd0c170da90fa477c678",
2026-10-09T02:30:42.1653560Z         "crates/cc-eval/corpus/search_hybrid.toml": "b0e3faf956caae35c65452c9c3c526dd8f4e0a578e0cf76c8c6ea75485351068",
2026-10-09T02:30:42.1653976Z         "crates/cc-eval/corpus/search_java_controller.toml": "4e8a8cb4da99b9e763b0592dabb6058e4ba0d16a90dd995a7269854549ee4ef1",
2026-10-09T02:30:42.1654481Z         "crates/cc-eval/corpus/search_rust_function.toml": "6c11c1d8a6146fe981c0b78c1f583dd1ffc989bca25c019fdb5a13288988df09",
2026-10-09T02:30:42.1654891Z         "crates/cc-eval/corpus/search_symbol.toml": "dd63bf4448b8b710418278b4b9b84de2cafe902766c40b320756ed88b46449e3",
2026-10-09T02:30:42.1655306Z         "crates/cc-eval/corpus/search_typescript_class.toml": "4c0534c8062a387b700f7cd978b8477cc130f82179f6ede98dcf9cc5b02e47fa",
2026-10-09T02:30:42.1655715Z         "crates/cc-eval/corpus/status_basic.toml": "8e2e8b4802d45079a47fee10fce8f5a88ab73757e74e4b949fe5b3f11ba3eafa",
2026-10-09T02:30:42.1656107Z         "crates/cc-eval/corpus/trace_c_intra.toml": "218a185861ed8d7e092bb7836ad1652b69df7304bb7ba942aeec4584441b6b9c",
2026-10-09T02:30:42.1656507Z         "crates/cc-eval/corpus/trace_cpp_method.toml": "5a57ffd5527cf7afd0a5a2dbd4409a0d0e0a0435ad18171b24b135b59a16e5de",
2026-10-09T02:30:42.1656925Z         "crates/cc-eval/corpus/trace_cross_file_js.toml": "bafb58f4e36d022c4b7e63f4ef45a6a643419d98b4fbaa198bf966ed492a114d",
2026-10-09T02:30:42.1657364Z         "crates/cc-eval/corpus/trace_golden_c_perimeter_multiply.toml": "a97b2486240184850e077da64e4f19fb97005ac9118e90836df1c59234656200",
2026-10-09T02:30:42.1657829Z         "crates/cc-eval/corpus/trace_golden_cpp_transfer_deposit.toml": "aa0f47bae3707dca0c01439cdf83fd3cf0a4c82b5ed5435175e06fb860b1698f",
2026-10-09T02:30:42.1658292Z         "crates/cc-eval/corpus/trace_golden_js_route_chain.toml": "d7f2fac9a7d2649be4a04f32be6e536eeec061772bc19553d0251bddb272971a",
2026-10-09T02:30:42.1658801Z         "crates/cc-eval/corpus/trace_golden_rust_order_total.toml": "017f57545541ff1f1de8550f6e313ec754ba5a0aeca8c4004f683c34eb5a7739",
2026-10-09T02:30:42.1659219Z         "crates/cc-eval/corpus/trace_path.toml": "b7afe3424ac3a0a3fa8faa2457860dc8659611fe61919b1f5c3e61927abd339c",
2026-10-09T02:30:42.1659619Z         "crates/cc-eval/corpus/trace_rust_intra.toml": "8e2c99d0b96686d1ae40b68a06b4528ee4a4a0ce8d8a22191db659593bb2d667",
2026-10-09T02:30:42.1660031Z         "crates/cc-eval/corpus/trace_same_symbol.toml": "32be593be354a026a4cbbd8321ce0299c45f3f26ff80facc1d189d1522b5a1c9",
2026-10-09T02:30:42.1660475Z         "crates/cc-eval/fixtures/index-v2/p1b-exact/pkg/api/target.py": "068592c1d82573efd5f888c1d661ac681881e53aeaa8af9b2f340a71bbea0183",
2026-10-09T02:30:42.1660950Z         "crates/cc-eval/fixtures/index-v2/p1b-exact/pkg/apix/decoy.py": "87acee3b5111e1d167d494a90b279c4d0ea72a8cc9b8f5cedaa3cf0f90501aff",
2026-10-09T02:30:42.1661405Z         "crates/cc-eval/fixtures/index-v2/p1b-exact/src/codec.py": "d9b29d282122e033f241600be19c3a38957e1685622a6a2b02d56d1361a00e8a",
2026-10-09T02:30:42.1661840Z         "crates/cc-eval/fixtures/index-v2/p1b-exact/src/noise.py": "45136207ad3cb027172e0f96fe46940a35c168792f2d4e6879d2e3d32e1c8094",
2026-10-09T02:30:42.1662286Z         "crates/cc-eval/fixtures/index-v2/p1c-controls/noise.py": "d8ca0bef355529169dfc4d85cf992dde47904a63e33529e6d85cdfbd38db1cae",
2026-10-09T02:30:42.1662755Z         "crates/cc-eval/fixtures/index-v2/p1c-controls/src/alpha/alpha/a.py": "32945f1af983e18f36d2a15b37cac19ae4228ae8476031ff270778eaa96889d0",
2026-10-09T02:30:42.1663238Z         "crates/cc-eval/fixtures/index-v2/p1c-controls/src/alpha/noise/b.py": "32945f1af983e18f36d2a15b37cac19ae4228ae8476031ff270778eaa96889d0",
2026-10-09T02:30:42.1663790Z         "crates/cc-eval/fixtures/index-v2/p1c-controls/src/target.py": "1e4bba9c58afb9f069374953ec0ff77a49b54717e59b38eb362265d8fc498d47",
2026-10-09T02:30:42.1664248Z         "crates/cc-eval/fixtures/index-v2/p1c-intents/decoder.py": "b4ddf69abd03a7d93e76b748fdac9a86fdab9fd7a6c529e3f629613a890da570",
2026-10-09T02:30:42.1664706Z         "crates/cc-eval/fixtures/index-v2/p1c-intents/dispatcher.py": "5af9aa157c01658560ceb4edcfc2aadbf1d117b2560686ec30d62dd9414b0f2f",
2026-10-09T02:30:42.1665165Z         "crates/cc-eval/fixtures/index-v2/p1c-intents/display.py": "52d66bca760693d8e1ac00cea2f0a4f44f71ddb8a2c57f104eca7e4cbd18e503",
2026-10-09T02:30:42.1665690Z         "crates/cc-eval/fixtures/index-v2/p1c-intents/errors.py": "cba2455ba1384560ebfa9a4c31df5849030ab0463fecc8521d723e83eb4aace8",
2026-10-09T02:30:42.1666130Z         "crates/cc-eval/fixtures/index-v2/p1c-intents/example.py": "111d2ce68062af595cc1c467710340b56733474213041afd59b804bc9b89f1d8",
2026-10-09T02:30:42.1666575Z         "crates/cc-eval/fixtures/index-v2/p1c-intents/settings.py": "b82f287335ece72684249ce571ac0f1e2ec86fd8d6edac6791c3bcc065ab6f33",
2026-10-09T02:30:42.1667022Z         "crates/cc-eval/fixtures/index-v2/python-api/consumer.py": "ac01edd9986d03054270b3543ebc2e32ab60e3b58b7f58d40872b8051b684b12",
2026-10-09T02:30:42.1667467Z         "crates/cc-eval/fixtures/index-v2/python-api/provider.py": "2a735ea156be472b165d7a9273d0542f09ba5a8a93a118be388cc5c3b82112b5",
2026-10-09T02:30:42.1667907Z         "crates/cc-eval/fixtures/index-v2/retrieval/billing.py": "b739514b20e3a627c788553ae65472bea785b407867ebc187305aac120d84750",
2026-10-09T02:30:42.1668343Z         "crates/cc-eval/fixtures/index-v2/retrieval/routes.ts": "08d50dfa77926e01926999c0d195f9dbcc4dcb137a995b65b1005e37e33c4caf",
2026-10-09T02:30:42.1668846Z         "crates/cc-eval/fixtures/index-v2/retrieval/session.py": "55fdfe6c5dfbbbed4694cc69a958a87be3853765ae3d18a148fe8406973dc61f",
2026-10-09T02:30:42.1669289Z         "crates/cc-eval/fixtures/index-v2/rust-api/lib.rs": "a8fa5af6c0dbca3d45ebe5b094ba8f5e269a6fda8df33c99645bebefbd7d9c01",
2026-10-09T02:30:42.1669725Z         "crates/cc-eval/fixtures/index-v2/rust-api/provider.rs": "a85af2a200a838df5452074b610af616e9cd5d67649b77169e030fd1c48f11d5",
2026-10-09T02:30:42.1670181Z         "crates/cc-eval/fixtures/sample-project/UserController.java": "c2d6090ea2ff940b01be7a7d6e3b711f0ceefbb928b000eaa6537e970a3c1e6e",
2026-10-09T02:30:42.1670639Z         "crates/cc-eval/fixtures/sample-project/account.cpp": "6927b46853c969e63963a02df49c04efb36effaf01cbe4820d6f04bb8493fba4",
2026-10-09T02:30:42.1671076Z         "crates/cc-eval/fixtures/sample-project/api_handler.rs": "bfe319ae988011a247789025bd673080cdf972850c22407f9c7c292a5be54aa0",
2026-10-09T02:30:42.1671509Z         "crates/cc-eval/fixtures/sample-project/api_views.py": "91c2a872d46f7a3003670577ca4db893c38ca49483ea5142705b3f65a52d9181",
2026-10-09T02:30:42.1671933Z         "crates/cc-eval/fixtures/sample-project/app.py": "2fe1d4da7230691cf1f882451dbb809426b2f9162b2ba0d01500537753e8841a",
2026-10-09T02:30:42.1672365Z         "crates/cc-eval/fixtures/sample-project/app_controller.ts": "a636af2029ef0912a487ba46395df7018269660703887f2fac349e2615006bb4",
2026-10-09T02:30:42.1672803Z         "crates/cc-eval/fixtures/sample-project/config.py": "9caf7722cbdbb3b3ee471b4355617b904eb1cdbd60ddcff89a444b87adf62690",
2026-10-09T02:30:42.1673234Z         "crates/cc-eval/fixtures/sample-project/geometry.c": "2ccc50c97b125595f2227e5ac7c3812291aa71f0000734668c6b4f62e4234e3f",
2026-10-09T02:30:42.1673661Z         "crates/cc-eval/fixtures/sample-project/geometry.h": "2db8c41986c08308e5f72cde28f7ef0a9205758e53d0db45aa4cd7bdd948285a",
2026-10-09T02:30:42.1674091Z         "crates/cc-eval/fixtures/sample-project/handler.js": "512b33279835a7728fbbdc0c5a60d86546446d5d493c38c389b306b78b717784",
2026-10-09T02:30:42.1674508Z         "crates/cc-eval/fixtures/sample-project/lib.rs": "7aa461799d2ab0a693516d67ac35e1d0a3e6aff05f9e975e2f71c49080becc23",
2026-10-09T02:30:42.1674929Z         "crates/cc-eval/fixtures/sample-project/main.go": "18fcc1e699d55f3bbdbea7e2e325985f4ef7c7c9a2c3c5c80ad3d9ea6c7310d4",
2026-10-09T02:30:42.1675449Z         "crates/cc-eval/fixtures/sample-project/middleware.js": "00d533036547e4b3e379b1e74d44bc71a241b3fc3e8515fe7e28c3e1e90285e8",
2026-10-09T02:30:42.1675890Z         "crates/cc-eval/fixtures/sample-project/models.py": "5e5deecfe5233dded24038cc39d0d4206c2c5ec89ed3814c0909ad6680f12fa0",
2026-10-09T02:30:42.1676321Z         "crates/cc-eval/fixtures/sample-project/routes.js": "740bff7621521fcc60ef07c57be3c785a8addcc49e65b93b654b505fcf470e07",
2026-10-09T02:30:42.1676754Z         "crates/cc-eval/fixtures/sample-project/server.py": "cd40a484fdfeeb18e1ce91dcb1891998d992af7b7d9578e7483320a8f745d29b",
2026-10-09T02:30:42.1677255Z         "crates/cc-eval/fixtures/sample-project/types.ts": "b874934a6844e736af5d861d7794ab41f2e57087dd8b435fcfff2cd1203ac70a",
2026-10-09T02:30:42.1677677Z         "crates/cc-eval/fixtures/sample-project/utils.js": "5f86c331876d3c8f698ededd9340b3bcd7eae92b6b9dd107f5930f004c4786db",
2026-10-09T02:30:42.1678073Z         "crates/cc-eval/src/bench.rs": "26b82c6a6a21934374e59c23fbfc3583b8e21db0373bd8d7a2905213eda24756",
2026-10-09T02:30:42.1678454Z         "crates/cc-eval/src/benchmark/ablation.rs": "cc57dff94bb4f826f01aff6b29fa2287e367f7d47b5696c8a495dc6320587fab",
2026-10-09T02:30:42.1678950Z         "crates/cc-eval/src/benchmark/ablation/mechanism.rs": "0ce2429913df6223fd060098e184319f653c2ba4f2d250ec208607df4312c42c",
2026-10-09T02:30:42.1679400Z         "crates/cc-eval/src/benchmark/ablation/mechanism_controls.json": "f24ae9777ce7c4c042624bb7144eb5ed3d100ca5f342184095ba54f76228b94b",
2026-10-09T02:30:42.1679850Z         "crates/cc-eval/src/benchmark/ablation/strategy.rs": "b5deb5569218b3d2e7511a8f682452f6da302810169a8648004a28da96414c0c",
2026-10-09T02:30:42.1680298Z         "crates/cc-eval/src/benchmark/ablation/strategy/reporting.rs": "a0fbbc5ea5e3948d3a0748b09e0acb5ab0a28332ae722a1aec3e879331388b23",
2026-10-09T02:30:42.1680744Z         "crates/cc-eval/src/benchmark/ablation_tests.rs": "44b9e9892b843f04dac346e4a807e89db49f0afed482d8aa66f3661d1ce3b341",
2026-10-09T02:30:42.1681168Z         "crates/cc-eval/src/benchmark/adapters/mcp_stdio.rs": "649f6ae03f1c06acf96f5095578c8a2366ccb511061516b49719e1408a24bd6f",
2026-10-09T02:30:42.1681589Z         "crates/cc-eval/src/benchmark/adapters/mod.rs": "9a7c9e1bdebf474dc42f9ecf8529183169e1e1730b2555c83dcaec8e1edb934d",
2026-10-09T02:30:42.1682010Z         "crates/cc-eval/src/benchmark/adapters/oce_http.rs": "893ca7ebad61511a9c9f59b0f112cea49f783a9f6e4d1fd11982e0c291f8ce5f",
2026-10-09T02:30:42.1682425Z         "crates/cc-eval/src/benchmark/adapters/rg.rs": "462bb97d357274d08d7c8a3ef71b878d34f69525eb17ef7ee13893ec1ec07d9b",
2026-10-09T02:30:42.1682839Z         "crates/cc-eval/src/benchmark/comparison.rs": "40aa2be7ec22aea1092d5cc9a8d18e2fd819cfe47fe97c8172fdeeb26bc0df8c",
2026-10-09T02:30:42.1683265Z         "crates/cc-eval/src/benchmark/coverage_diagnostics.rs": "23613a025a5c68c86d78da15ee0bf977e023823bbedb0f22536cad49b1950206",
2026-10-09T02:30:42.1683687Z         "crates/cc-eval/src/benchmark/fnmatch.rs": "b8357b1b8cb1dc06f3ca17b57ea6129ea9c719458312569a17ce5d8ed8288ec7",
2026-10-09T02:30:42.1684073Z         "crates/cc-eval/src/benchmark/gate.rs": "d4ae114e21e6b54798716bc941dd59bc6c579672dc1b8191d596406acff9ac4d",
2026-10-09T02:30:42.1684467Z         "crates/cc-eval/src/benchmark/importer_oce.rs": "c434e12d575537b7162342dc6d82f5e8ccfda7eaaac6b524f480e9d29354d383",
2026-10-09T02:30:42.1684870Z         "crates/cc-eval/src/benchmark/manifest.rs": "8a67fab83b00a05727a00db97527de72b596aed497c32aa53c5e9ebaa8742001",
2026-10-09T02:30:42.1685264Z         "crates/cc-eval/src/benchmark/metrics.rs": "b44093ea835e42643ce141e7a3c8c5d7a64c39f11bb299fb4b952259ffbc8516",
2026-10-09T02:30:42.1685650Z         "crates/cc-eval/src/benchmark/mod.rs": "68ce4bce4a3dd39129ddc0d9f258079c0d1cab0025e08ec23bafd2b277dc55fd",
2026-10-09T02:30:42.1686046Z         "crates/cc-eval/src/benchmark/mutation_case.rs": "d57c5e804d90e085c1b01a3371bb8e1f811f8d653eaa0ad0e76c245afc9f5a7a",
2026-10-09T02:30:42.1686540Z         "crates/cc-eval/src/benchmark/mutations.rs": "c01a05b198bd96165e59bca597f3a10e96d3c7ac38f8f2bb8a04a5590da5936d",
2026-10-09T02:30:42.1686940Z         "crates/cc-eval/src/benchmark/normalizer.rs": "ce9708b670da3291daf731a4bbc4934a4762c872d35f74c43389826a3ab48092",
2026-10-09T02:30:42.1687336Z         "crates/cc-eval/src/benchmark/oracle.rs": "adccf4f437e637aaee6bd368109d0b41af1855f3e50c84c48f7cc8b5cf3dc711",
2026-10-09T02:30:42.1687744Z         "crates/cc-eval/src/benchmark/oracle/streaming.rs": "5a51a72e8cb49c033754f860a3f5dc6366748ffe45a440da55cf7776cde7da0c",
2026-10-09T02:30:42.1688231Z         "crates/cc-eval/src/benchmark/p8_load.rs": "79058e65744a0e953d84c95ba58287feae0491c5fda8d3441fa65b1d9bb6ce31",
2026-10-09T02:30:42.1688685Z         "crates/cc-eval/src/benchmark/p8_scale.rs": "fede948c535ca8b91a6b30d3752cd28204abc310423debfd169ff53541f3afbc",
2026-10-09T02:30:42.1689084Z         "crates/cc-eval/src/benchmark/readiness.rs": "3c2f327a99f5798d5ee57410fadb381b3fb056b1b98213ffb885e0f4851a3871",
2026-10-09T02:30:42.1689477Z         "crates/cc-eval/src/benchmark/report.rs": "8836e4b7112390628b3441ef94f3e660a58bf79f5dacfa748615c570480d995d",
2026-10-09T02:30:42.1689859Z         "crates/cc-eval/src/benchmark/runner.rs": "c5ee07890319d0e6ab31cd74fe0578cf0201e6cbd3b668cff89ded9846c5895a",
2026-10-09T02:30:42.1690247Z         "crates/cc-eval/src/benchmark/sampler.rs": "1460c2cc3e866ca951d4da2b84e9084f2e3b47dd4db61475413b36c8d9a67317",
2026-10-09T02:30:42.1690631Z         "crates/cc-eval/src/benchmark/schema.rs": "a17c78b23f507c732f0a0c4454cf0443ed182554988474cdc527a965bfbf5765",
2026-10-09T02:30:42.1691024Z         "crates/cc-eval/src/benchmark/span_metrics.rs": "b6b4d8ee613087641c5845ca6c27f35df96cc4a6e3b90d10aab5578a4381d459",
2026-10-09T02:30:42.1691432Z         "crates/cc-eval/src/benchmark/statistics.rs": "3eb2da83662bab96dbb3625a0a6998a7586ce300df4766b4ab7f22409143d4e2",
2026-10-09T02:30:42.1691835Z         "crates/cc-eval/src/benchmark/validation.rs": "ed3eda61174c98a56c314fcf9e9b6b8f7f2776f1703eea75dc122d68ed6658af",
2026-10-09T02:30:42.1692241Z         "crates/cc-eval/src/bin/cc-eval-p8-load.rs": "ee04f5a67c28ba54a97bb307fe9f20927c290cbf68a9d114d2740cb620437f73",
2026-10-09T02:30:42.1692621Z         "crates/cc-eval/src/bin/cc-eval.rs": "99de08c18fa7b0172693763c9e14c3be2778cb2109f15ed5e474b20238350578",
2026-10-09T02:30:42.1693001Z         "crates/cc-eval/src/bin/p8-measurements.rs": "b2d937ee0d3e88febe0c497422d073e3f9a42a9640faa31bed265d4ac5787882",
2026-10-09T02:30:42.1693387Z         "crates/cc-eval/src/bin/p8-oracle.rs": "135962540116e01d47db3a34daa9bfebe2117d25773a888b6b36fde85dabdd8e",
2026-10-09T02:30:42.1693783Z         "crates/cc-eval/src/bin/p8-runtime-statistics.rs": "c32527a5d64dd9580fa642ac546d3536202291c5900967b1876b7283c1d364f5",
2026-10-09T02:30:42.1694177Z         "crates/cc-eval/src/bin/p8-scale.rs": "fa4773bd400d1c0fe143926264517b6bdd77a819bc456629fa7d873233cd7d90",
2026-10-09T02:30:42.1694542Z         "crates/cc-eval/src/corpus.rs": "6be7ebdc33fee95cbae3f08cfb5ba337c375d79b6329cca9e77b1d2da6b5e8b2",
2026-10-09T02:30:42.1694899Z         "crates/cc-eval/src/lib.rs": "3c83ddc270a7199908333801ce6f5de68048df128310143d63e74e0e6984896b",
2026-10-09T02:30:42.1695243Z         "crates/cc-eval/src/report.rs": "dfa0351549941afe25c38f503e3d00e6cdf5945edb1341cbdbd3f89b62280aa0",
2026-10-09T02:30:42.1695594Z         "crates/cc-eval/src/runner.rs": "ea7cc22064dcc1b5b7f27c7544791ec7d0e5000b45a2b61458f85b3c5aea5b8f",
2026-10-09T02:30:42.1695942Z         "crates/cc-eval/src/synth.rs": "7af80327ba392c3e067300b4ae090d2dbb779e98e581309b0048103727a4ed86",
2026-10-09T02:30:42.1696289Z         "crates/cc-eval/src/types.rs": "193759cd04ab0e2b91bd865e4264c7ad19e0bbef6772da026e42a28bd09d63d9",
2026-10-09T02:30:42.1696675Z         "crates/cc-eval/tests/benchmark_adapters.rs": "b26cdce5faa8d2e8a35c2b62062e9fd161754b8b639bb1e7344edb219bf1d9c2",
2026-10-09T02:30:42.1697073Z         "crates/cc-eval/tests/benchmark_cli.rs": "ac7dcd8e7024735414779e76b2b15613ff885e4c99ddabb2e3846f7065e2f9be",
2026-10-09T02:30:42.1697576Z         "crates/cc-eval/tests/benchmark_coverage_diagnostics.rs": "d2c1f60a3eacdeb0058a999f33a4f652ff19ed2cbacaee8b575f3ec9fbf83e67",
2026-10-09T02:30:42.1698006Z         "crates/cc-eval/tests/benchmark_defects.rs": "11280eacbf0899a55641ce37c53d20c53dd606e586d685cbe4a57ed25901a6b0",
2026-10-09T02:30:42.1698397Z         "crates/cc-eval/tests/benchmark_lock.rs": "e0ff219106549cf57566a190cd118ce5ebf12d6e780ca2dbff4b5479f3d6ad2b",
2026-10-09T02:30:42.1698871Z         "crates/cc-eval/tests/benchmark_oracle_streaming.rs": "0102afe7ab68810531b3bff6df57484c5c69e8f680972f0cc23f263a2b00f8b6",
2026-10-09T02:30:42.1699360Z         "crates/cc-eval/tests/benchmark_reports.rs": "798473968028aab5ac6c8584094e27f8a52be252f236b5744e1332cb56ca0733",
2026-10-09T02:30:42.1699750Z         "crates/cc-eval/tests/benchmark_scoring.rs": "9e352913982f0f8ab8a1b1614798e2c922d6e9632c30c247b53a217c95b2da0f",
2026-10-09T02:30:42.1700163Z         "crates/cc-eval/tests/ci_generation_guard_contract.rs": "b10723d514d227747d036bdf0f4ea7a533af0ac7d829fa1c7ed789ac494dd40d",
2026-10-09T02:30:42.1700586Z         "crates/cc-eval/tests/common/p3d_fixture.rs": "ccc065fd38dbec3e2103138a36aea4b4ea924887a40a33aa2c83d69e3c0dfc51",
2026-10-09T02:30:42.1701016Z         "crates/cc-eval/tests/diag_p5e_fix_review_boundary_20261003.rs": "552066132a2ab67ba1e9d260fa8a483085756749e57623513bac366c38382942",
2026-10-09T02:30:42.1701460Z         "crates/cc-eval/tests/diag_p5e_fix_review_stage_20261003.rs": "7a5ce9855106cb7f10f713ea64127db5a609006e329979dab0db5abd2b3a4aea",
2026-10-09T02:30:42.1701900Z         "crates/cc-eval/tests/diag_p5e_stage_receipts_20261003.rs": "7a5ce9855106cb7f10f713ea64127db5a609006e329979dab0db5abd2b3a4aea",
2026-10-09T02:30:42.1702316Z         "crates/cc-eval/tests/document_identity.rs": "c3dbe2987e19141e6c977b9ad961ca916da8cd03590b77937368c5013e8ef154",
2026-10-09T02:30:42.1702711Z         "crates/cc-eval/tests/mcp_dispatch_seam.rs": "0925563198b710d183b5b52e74edcbcf20a1aced34b955b14366f7eaa0caf620",
2026-10-09T02:30:42.1703098Z         "crates/cc-eval/tests/p1a_retrieval.rs": "81c496667c01362b0133be6a2d16324060c09d5a2e3cb254e3ecfc8deced5e2d",
2026-10-09T02:30:42.1703479Z         "crates/cc-eval/tests/p1b_retrieval.rs": "618a913ae74da0c5194bfff5e3f34c3f17a16c56fbd839e135125c7fbd3d08e4",
2026-10-09T02:30:42.1703868Z         "crates/cc-eval/tests/p1b_scan_accounting.rs": "2d178385d02e3719d5fb93d716c016aa9e36c7c93d55e8ce84325d3266579fa4",
2026-10-09T02:30:42.1704256Z         "crates/cc-eval/tests/p1c_contract.rs": "7adf1703d8094ff58da704b3a5ed2fe420ec45c33bbeb19967015b59c6f8620c",
2026-10-09T02:30:42.1704636Z         "crates/cc-eval/tests/p1c_retrieval.rs": "0f52dc99b3d5453082ff075e5d530879a9104fa4010915329e6860001e43341b",
2026-10-09T02:30:42.1705013Z         "crates/cc-eval/tests/p1d_concurrency.rs": "d71890a88b2e5d64806e2656e0a700d9b7641ba72aab87210385c6c18ff576ef",
2026-10-09T02:30:42.1705385Z         "crates/cc-eval/tests/p1d_cost.rs": "46852fd15b4a1226d96e46ebca9d4bbd4794247924159fc95cfbb4a3958172a8",
2026-10-09T02:30:42.1705768Z         "crates/cc-eval/tests/p1d_cost_probe.rs": "fcd08fce0c5d1fdfa1bccb721ccf5bbf48fa538dd267b93e5e5e914b05145c54",
2026-10-09T02:30:42.1706152Z         "crates/cc-eval/tests/p1d_docs.rs": "3d8e9ad53abdf280da2905f58c9967b40b79ef8ce6ccd4f26eabfca3350550e5",
2026-10-09T02:30:42.1706527Z         "crates/cc-eval/tests/p2a_incremental.rs": "baf66542243bb8996125567d358e193706413117cd7f5c5f5bff1ceb099d36af",
2026-10-09T02:30:42.1706914Z         "crates/cc-eval/tests/p2b_incremental.rs": "50852d19210e0824a77f6edad2e47e2a5f6efd7b0480bebdcddb09d20583e250",
2026-10-09T02:30:42.1707295Z         "crates/cc-eval/tests/p2c_reconcile.rs": "cb79a141dbe703c4e25056f13c5a934a8797fb61ad7254b711af45c030136a85",
2026-10-09T02:30:42.1707670Z         "crates/cc-eval/tests/p2d_cost.rs": "b4ee75e642118e5bf5cb2f94bdf726b344d1274b593a37990ade259db898af71",
2026-10-09T02:30:42.1708040Z         "crates/cc-eval/tests/p2d_mutations.rs": "b61e9daceee2e5a09884cbe759304494224420f8f347be954937b7f4b315737d",
2026-10-09T02:30:42.1708563Z         "crates/cc-eval/tests/p3a_cost.rs": "0a114c70d495feaf5e046fb4277017c965648950ebcb80f3f3d327130cc87e42",
2026-10-09T02:30:42.1708940Z         "crates/cc-eval/tests/p3a_project_model.rs": "170478ee9b3f5e7ea8b370eaa11cd73c8e04bd079437ca62cb759cb120e0d815",
2026-10-09T02:30:42.1709321Z         "crates/cc-eval/tests/p3b_cost.rs": "6b0c2e2bc6e1fb20d7467043e5880fa1afe8b024fab5282b2654036c095e07eb",
2026-10-09T02:30:42.1709690Z         "crates/cc-eval/tests/p3b_modules.rs": "8bab4f9b240a263e177e5e2efda34b02549e5f23475d649069469a17e362f9f4",
2026-10-09T02:30:42.1710058Z         "crates/cc-eval/tests/p3c_cost.rs": "bec6e9e03dedc30e66df1d5fe5956cd0504b7d451b3f12a0ebe46665ab020f1b",
2026-10-09T02:30:42.1710535Z         "crates/cc-eval/tests/p3c_modules.rs": "b15a1d65e93242862ff6328b4050741da05c9756860e92bb61dad7b939509e76",
2026-10-09T02:30:42.1710894Z         "crates/cc-eval/tests/p3d_cost.rs": "0804d7eb9f1aa6224b20c14714f559d5da70d26358960b58142c89f3da7ee492",
2026-10-09T02:30:42.1711256Z         "crates/cc-eval/tests/p3d_modules.rs": "f97c7f3409416b41a38e60539450f56738009e817b867cfc3c4ae10c2808670d",
2026-10-09T02:30:42.1711618Z         "crates/cc-eval/tests/p4a_cost.rs": "d4ab9196cfda920130e14a25b288296a2aa4476eef80e23a4df85dd94aa65303",
2026-10-09T02:30:42.1712006Z         "crates/cc-eval/tests/p4a_source.rs": "6dfb2bc6ba1437f5e200b8383d59c2ed5e7b5996e08a71721cbededb75be4f1b",
2026-10-09T02:30:42.1712376Z         "crates/cc-eval/tests/p4b_chunks.rs": "cc724b5c9ec012e28780e7d873af0dd63f2ed70c3263a4245ccdb5cc9f8eaf36",
2026-10-09T02:30:42.1712741Z         "crates/cc-eval/tests/p4b_cost.rs": "27f5b8d0a6e4da1448331e38fcc034f4a97502719a3fc04dd131060d991c1c19",
2026-10-09T02:30:42.1713105Z         "crates/cc-eval/tests/p4c_cost.rs": "2ad8a430370af9d62b99df2baef27181b7ceec8bc93a8e2ec99ff46f3e97c691",
2026-10-09T02:30:42.1713480Z         "crates/cc-eval/tests/p4c_documents.rs": "961dc005a741efa4841eb14bb066dd107d120f20e6fa6b9c8326548f976928a1",
2026-10-09T02:30:42.1713847Z         "crates/cc-eval/tests/p4d_cost.rs": "4182a5ec5a790d6da88d4099d439a56620d9c72d22b316a3e36060cc255e8c8a",
2026-10-09T02:30:42.1714213Z         "crates/cc-eval/tests/p4d_quality.rs": "6487ae0b18410ad9d4b04f1c7675af737c9ddcdd75649d464c02a7f40da27519",
2026-10-09T02:30:42.1714594Z         "crates/cc-eval/tests/p5a_boundaries.rs": "8bdf1027ab3e770d21f13668a9513edc87cbdcf9b0974066885bffe164986b30",
2026-10-09T02:30:42.1714972Z         "crates/cc-eval/tests/p5a_cost.rs": "a20dfd0d1ecef4e92cfed400c52a2a14268ed009e3c9b7b67c8c70c5d2f832b3",
2026-10-09T02:30:42.1715350Z         "crates/cc-eval/tests/p5a_retrieval.rs": "31ea350abd81b08f0b7d11482d99bff711ca81c13256de9a5a0f54bf79c08f9f",
2026-10-09T02:30:42.1715722Z         "crates/cc-eval/tests/p5b_cost.rs": "eb90748b7b459b4c3df48c83c027736c5a374313db5acc347e02320af9137d9d",
2026-10-09T02:30:42.1716097Z         "crates/cc-eval/tests/p5b_execution.rs": "8e5bcdaf84cf38db0bc442d15fd99ff51c77f35a1ab9b622d4c97eba7de0effb",
2026-10-09T02:30:42.1716479Z         "crates/cc-eval/tests/p5c_budget.rs": "2dd547cdd5c292705e3e0a5baad669eb20cfd9138a96031d108dd0c44cffde48",
2026-10-09T02:30:42.1716850Z         "crates/cc-eval/tests/p5c_cost.rs": "6a98c4cce75264a65cff86ba348e2f09120f517aa9d49044fbec7e9b33fded50",
2026-10-09T02:30:42.1717219Z         "crates/cc-eval/tests/p5c_hydration.rs": "7f7669e26379799365cecf750af9d659fad4868ea9052dc80f539b905c765bf3",
2026-10-09T02:30:42.1717592Z         "crates/cc-eval/tests/p5c_selection.rs": "7bd38949799833ad68665cd52be8cf959c7a5414b7bb64932837da2f8a170c18",
2026-10-09T02:30:42.1717961Z         "crates/cc-eval/tests/p5d_contract.rs": "4f541f7164f760840181af949832ee6c46292798880770f81fca685743e41c94",
2026-10-09T02:30:42.1718328Z         "crates/cc-eval/tests/p5d_cost.rs": "b7ddba4bb1cf367f295c61f3976d768c31031d85dbdcf901066d5c37f0f5336f",
2026-10-09T02:30:42.1718786Z         "crates/cc-eval/tests/p5d_runtime.rs": "ae5abab4d38dca4bced11e3379d3a7b298279945520e292eca70f34e47b2c007",
2026-10-09T02:30:42.1719162Z         "crates/cc-eval/tests/p5e_ablation.rs": "cf1b9b6b27e9c6a48422042b09828c95352f5d4404aa86c332ca69dc5bebbdbd",
2026-10-09T02:30:42.1719644Z         "crates/cc-eval/tests/p5e_context_facets.rs": "aafd5343ea137fc74f007a0ed1132c74e236e8e18c218be9e181eb041ae3bf8b",
2026-10-09T02:30:42.1720043Z         "crates/cc-eval/tests/p5e_graph_anchor.rs": "c526cd8b28b005a4d0844bb3da728ae6304dc9e1ecc84aee278b3963f8d487f2",
2026-10-09T02:30:42.1720434Z         "crates/cc-eval/tests/p5e_identifier.rs": "fdf0ada47ef642ad95da383372bf9b4870810d44b183997895958c7fb4e00e29",
2026-10-09T02:30:42.1720819Z         "crates/cc-eval/tests/p5e_path_domain.rs": "711109d681b129e17ef1fb79d518747ed4d5300c3da764e59b2cab7aa54cf0c3",
2026-10-09T02:30:42.1721291Z         "crates/cc-eval/tests/p5e_priority_pressure.rs": "33b1b67d09c054ff1c22a1099d653d9258b96c142a2777e2e35f47556439d0e3",
2026-10-09T02:30:42.1721690Z         "crates/cc-eval/tests/p7_mechanism_stdio.rs": "090563e72e8aa00e2846532b83c26d848a336f409c3baa29646a90082fbeb635",
2026-10-09T02:30:42.1722089Z         "crates/cc-eval/tests/p7_partial_budget.rs": "910a261fe306f6f5eff5da2e12dd5a3ab4f76fbcb99df54832f2e56705bddf0c",
2026-10-09T02:30:42.1722498Z         "crates/cc-eval/tests/p7_strategy_ablation.rs": "1a5371c3a6ad5b0802c4bf7ec3638ac8febc34db2c6641ce0b15633944312227",
2026-10-09T02:30:42.1722900Z         "crates/cc-eval/tests/p7_strategy_stdio.rs": "a2b6886b03fc65fcc7da4b7178ea01ff410b2222c1771e8942106341eb11aecb",
2026-10-09T02:30:42.1723296Z         "crates/cc-eval/tests/p7_validation_work.rs": "f2ac5c1bcdac5a77052c09564f6e71c4f03cc147ff761721586a58a829f830d4",
2026-10-09T02:30:42.1723699Z         "crates/cc-eval/tests/p7_worker_contention.rs": "e010748008b954fab03530f9907ba72be9ccbe74abfeb5a5ee6eace17e9be612",
2026-10-09T02:30:42.1724109Z         "crates/cc-eval/tests/p8_lifecycle_replay.rs": "f191a19df4900650ed62f4f43ceab059ee18bb3ebc4e72b8857f992122f72fd8",
2026-10-09T02:30:42.1724492Z         "crates/cc-eval/tests/p8_load.rs": "dddc44d752f5209776112a33665280416a52dd1d7145f31da7258b25b160598c",
2026-10-09T02:30:42.1724860Z         "crates/cc-eval/tests/p8_mcp_readiness.rs": "26617d1e771007c0e2a040b29d34604e755b9b25bb334d6d225fa054528c6ce8",
2026-10-09T02:30:42.1725254Z         "crates/cc-eval/tests/p8_measurements.rs": "5e3fe0b9f3dcd7fc94755ef7e4f8ec51d8af747a8d8a6797dbddd771ab5408e0",
2026-10-09T02:30:42.1725651Z         "crates/cc-eval/tests/p8_route_reload.rs": "a9aad4f5ee073f6aab3a263789c9268bb9524bca9e0a8af60eb5d9a80e38e007",
2026-10-09T02:30:42.1726025Z         "crates/cc-eval/tests/p8_scale.rs": "e178777707b978b04918b8de38ce1beaca76f2bf0fb342928fca0f97657e0c6d",
2026-10-09T02:30:42.1726400Z         "crates/cc-eval/tests/packing_scope_v1.rs": "0bd6b374d91c8f8d97090fc8b383337c0761daf756d06498e85f50734c58fade",
2026-10-09T02:30:42.1726812Z         "crates/cc-eval/tests/packing_validation_work.rs": "4a1bda75447d74a1ff5bcee502c92f1103cb34ca83bd2b0801d056bc59c2abb1",
2026-10-09T02:30:42.1727215Z         "crates/cc-eval/tests/scale_bench.rs": "c95b012dc8441d439c25e82ab6574eaff73a241498e0668aa72db933130691b7",
2026-10-09T02:30:42.1727603Z         "crates/cc-eval/tests/semantic_lifecycle.rs": "0d2700a82ad12e24a7b4436bdb50e5e537b234c4cbd89cea6ccc89f1aad0e8b9",
2026-10-09T02:30:42.1727982Z         "crates/cc-eval/tests/soak.rs": "1e4b7308ad127af85721e7e1db194814ed87ec173802bfeda6e7f663e406f6c0",
2026-10-09T02:30:42.1728363Z         "crates/cc-eval/tests/support/p7_fake_endpoint.rs": "9574330fa56d49136b6a6a8830696d81444016381c8b5e481d153c0b13dcbf44",
2026-10-09T02:30:42.1728835Z         "crates/cc-eval/tests/support/p7_procfs.rs": "079a89bde83858fe287fbc7ee2d36d181e3a0322a941436f2693a0bc10e35331",
2026-10-09T02:30:42.1729237Z         "crates/cc-eval/tests/v16_cache_read_soak.rs": "f1ec70cfb91a5b41eb9a748104734bffecb8c0fb61c33c7d1595c7dc25e8465e",
2026-10-09T02:30:42.1729644Z         "crates/cc-eval/tests/v16_resource_bounds.rs": "fd353631d0e37d8e7361352d9de70164a4aeead7898f1057dddc8963c3dec771",
2026-10-09T02:30:42.1731336Z         "crates/cc-index/Cargo.toml": "05d8a3cd1c1ef69085901643acc771130d70f0df679189d8b6befdaecfcf4f48",
2026-10-09T02:30:42.1731790Z         "crates/cc-index/src/build_plan.rs": "fdfa0ea0404ebefe8d8d45c4e52d684c1b87d9e7125f4702c7578d2d16bb469c",
2026-10-09T02:30:42.1732167Z         "crates/cc-index/src/community.rs": "e753eaef193cca8dbb57378df07591afdba34ac7907a693b5b214e5cc48e678a",
2026-10-09T02:30:42.1732546Z         "crates/cc-index/src/config_linker.rs": "9a6e56304087a92dc9bbec804e354dc3df6f7b1e863d2276c552ac3b61294e74",
2026-10-09T02:30:42.1732925Z         "crates/cc-index/src/dirty_closure.rs": "d26072bd26bb5baa2db25500508b66e79730f3afba796036a5253301210048f2",
2026-10-09T02:30:42.1733309Z         "crates/cc-index/src/dirty_reload_policy.rs": "08e4045d3bcb8406832fa7553de73c3b49f3bb30d2ae36976fda394323a1f2ca",
2026-10-09T02:30:42.1733812Z         "crates/cc-index/src/dispatch_synthesis/event_emitter.rs": "07849000e45811b875a4678e5b4a4bcf724faa4609555f7075fcd45ae379c851",
2026-10-09T02:30:42.1734256Z         "crates/cc-index/src/dispatch_synthesis/field_observer.rs": "0af46e9cb7680cd6407fc74fdc163929fb1407d559aa9968e0120563e74618ae",
2026-10-09T02:30:42.1734715Z         "crates/cc-index/src/dispatch_synthesis/interface_dispatch.rs": "6ffc3db9b08993cf4a82923da5488360b8a8ad78a35591d4849fe287226667ec",
2026-10-09T02:30:42.1735156Z         "crates/cc-index/src/dispatch_synthesis/jsx.rs": "f40187c1c41fd5e1bcfe10e9e0e389bd3d2d90d0efb1f646ac68b7369f576d07",
2026-10-09T02:30:42.1735570Z         "crates/cc-index/src/dispatch_synthesis/mod.rs": "6c3dc3e98e5d366ceeb370f3346006647ff57b99c35feba7358022452536c91b",
2026-10-09T02:30:42.1735992Z         "crates/cc-index/src/dispatch_synthesis/rerender.rs": "d4ee0bcaa67f2a9e13333056fc70df6496a2faa9d2661b8043ffe9314e9312ae",
2026-10-09T02:30:42.1736431Z         "crates/cc-index/src/dispatch_synthesis/state_setter.rs": "1f00c2bd24f62c09058f1b863fcda291905c55acace368e0f7172d3a8e2218b2",
2026-10-09T02:30:42.1736860Z         "crates/cc-index/src/dispatch_synthesis/vue.rs": "b8bbf40925c25b40888dccfaf4bb4dfeced74de3541384de8efb659ef966fa97",
2026-10-09T02:30:42.1737264Z         "crates/cc-index/src/documents/delta.rs": "34e502aca98e46cf12000bbc9554287d09ac0dbddf091f98c8597f57b71eb39d",
2026-10-09T02:30:42.1737644Z         "crates/cc-index/src/documents/mod.rs": "e44258730b528c01f677d63868a6af37ca58429ce359b5825205fc6722733fad",
2026-10-09T02:30:42.1738024Z         "crates/cc-index/src/documents/render.rs": "08a39b77d13650a04b83cbe09f3ba88d5179cad3c24de98016df3ea17925913b",
2026-10-09T02:30:42.1738431Z         "crates/cc-index/src/documents/symbol_identity.rs": "c7a0dd947412e3c3beca90c67218ba3730b47e686fe58286b6eff67a94d9c320",
2026-10-09T02:30:42.1738930Z         "crates/cc-index/src/framework_registry/activation.rs": "0d4ca35152a9dc5b80745e423e0115f8880fb87ac4714c35a0556c10c1e399e9",
2026-10-09T02:30:42.1739364Z         "crates/cc-index/src/framework_registry/file_path.rs": "034fff9f5444ced7a00c93ca65a2ddef46282e6e4b3911339871dd2597d4334d",
2026-10-09T02:30:42.1739804Z         "crates/cc-index/src/framework_registry/import_marker.rs": "bf1786cd03fed5cb98f3810825cd81bdda06ea762091ab279ec4d27c8eca5551",
2026-10-09T02:30:42.1740231Z         "crates/cc-index/src/framework_registry/mod.rs": "3a42c49e736881a5554e7b53ad57e26bb0a1171277cbb27b51252c10a4af3f41",
2026-10-09T02:30:42.1740663Z         "crates/cc-index/src/framework_registry/package_manifest.rs": "8dfbc79a179adcaa67ccd7949be245ff8b2ed0e1d976b045932b6f8436590493",
2026-10-09T02:30:42.1741122Z         "crates/cc-index/src/framework_registry/route_framework.rs": "075273d748ee22329dd2dfa3d27afa09ca25076ef6fbbfa0cea37d82ce4b5879",
2026-10-09T02:30:42.1741576Z         "crates/cc-index/src/framework_registry/symbol_pattern.rs": "db2f4cd64758a46a7235b0300bb7a93d19cb75091d34261ee7b413b937631e94",
2026-10-09T02:30:42.1742007Z         "crates/cc-index/src/framework_resolvers/actix.rs": "d4eeb96350338bbb3f9152cf7424e2401f071b6ccc02c3c6364d4a9009f1fd0f",
2026-10-09T02:30:42.1742431Z         "crates/cc-index/src/framework_resolvers/aspnet.rs": "bab9466c9537d7935e8230b8f6f9d7051aa33cb1a2b48fb404d986c7e54c3397",
2026-10-09T02:30:42.1742854Z         "crates/cc-index/src/framework_resolvers/axum.rs": "3cb85fdac0a7909c5d2103c5ede24d9f3e008aae7300c3224df1cc2ae7eca42f",
2026-10-09T02:30:42.1743373Z         "crates/cc-index/src/framework_resolvers/django.rs": "4e0e3d0dcc608afd7e8c30c7b82e02ba51ac1dab4199bd8f019c77b57147e034",
2026-10-09T02:30:42.1743806Z         "crates/cc-index/src/framework_resolvers/express.rs": "29ac3a186c6d8939ef8f4fb1e9fe5e4a8e8ebcd69fac22e5bbfb6df654594aab",
2026-10-09T02:30:42.1744238Z         "crates/cc-index/src/framework_resolvers/fastapi.rs": "efa64c8a36279f7aab476cea5248839b299d892527d0c4b80710f5aeb94beaae",
2026-10-09T02:30:42.1744664Z         "crates/cc-index/src/framework_resolvers/flask.rs": "9e0ac9e5902b67aef1650d9850eb23fe41e59d3f06dda9c309cdd0ddc4fd22b0",
2026-10-09T02:30:42.1745173Z         "crates/cc-index/src/framework_resolvers/go_router.rs": "05e03a457a713a14d2b1c81650c64cac77c0e355a265ef52784afcb1f8b50cd5",
2026-10-09T02:30:42.1745599Z         "crates/cc-index/src/framework_resolvers/hono.rs": "9cecb4ff4e103d0969d2efb516963f87ba43f30425a5df30b5e1b84460c90485",
2026-10-09T02:30:42.1746020Z         "crates/cc-index/src/framework_resolvers/laravel.rs": "7a69c748582f740e95434800845aab93783eb4cbf51ce6fc46f8bd8149350bc2",
2026-10-09T02:30:42.1746442Z         "crates/cc-index/src/framework_resolvers/mod.rs": "ef6efaeda351baceeb0319dc15bc7b4cfd6cc01376f248699ea789b725a8ebf4",
2026-10-09T02:30:42.1746885Z         "crates/cc-index/src/framework_resolvers/mount_resolution.rs": "4d6854c7ef43455f377daca82bc3da506c6028b7e60acf32c3eebb8a96dd0581",
2026-10-09T02:30:42.1747329Z         "crates/cc-index/src/framework_resolvers/nestjs.rs": "48ce96da4c4021127c40f3b13c53b08702b5dd12d0b03e4f012e68c27f6bcd72",
2026-10-09T02:30:42.1747773Z         "crates/cc-index/src/framework_resolvers/python_patterns.rs": "da6ad6b9fb966c3720e3c73ea0f5f7c03ec644eaeaf35da56aeceb92237b28b0",
2026-10-09T02:30:42.1748217Z         "crates/cc-index/src/framework_resolvers/rails.rs": "7248cfc88daebd9bdb7131a05b93b2701fe613a328b38cb999e9b16f53dbfb8a",
2026-10-09T02:30:42.1748700Z         "crates/cc-index/src/framework_resolvers/react.rs": "0962d46aca0b5a2d4d5fb3adc64976100404af7427aa490d4f0ac0f475c80da9",
2026-10-09T02:30:42.1749124Z         "crates/cc-index/src/framework_resolvers/spring.rs": "6f5c0ff9445230c92e2dfe286f1f3c59b1367b90fca47dd32c0a26834622a813",
2026-10-09T02:30:42.1749546Z         "crates/cc-index/src/framework_resolvers/svelte.rs": "7c56cb5dee74f1a40e50d23326f7cc4b10247d68a5aa0c404f6c1e9d965e9028",
2026-10-09T02:30:42.1749968Z         "crates/cc-index/src/framework_resolvers/vue.rs": "fa260c9735dd6ee166de277a84be07fcabff444f73cb22fc05f5e0f6fc252267",
2026-10-09T02:30:42.1750370Z         "crates/cc-index/src/git_cochange.rs": "8c5a2725bd472f64e94b3ca15847a4f8bab2c7242d59327cee5b6a6123ab3eeb",
2026-10-09T02:30:42.1750746Z         "crates/cc-index/src/hierarchy.rs": "f6f613b91cfeb85a227f633f7f6dd57eea7867eb0dafc87162f7ab308688b728",
2026-10-09T02:30:42.1751116Z         "crates/cc-index/src/indexer.rs": "dace7ecc9a63c4b2c69b90182e140c9227455569df9546bde5e2d2bfdee8d093",
2026-10-09T02:30:42.1751511Z         "crates/cc-index/src/indexer_phases/analysis.rs": "239b49e3170bdc9a360fcdaaf406bb80e64d442f1df1c50e31b1fb648d0f363d",
2026-10-09T02:30:42.1751931Z         "crates/cc-index/src/indexer_phases/config_link.rs": "cc8086f8f4b894c645da222b53df194b22b5516e1a6d9002bea04d40ff00a7ff",
2026-10-09T02:30:42.1752364Z         "crates/cc-index/src/indexer_phases/dependencies.rs": "7cfa2acca47bf1aa3d3ff9f6ca6e0ccdde64d1341c2ccd70dd64270138c85653",
2026-10-09T02:30:42.1752791Z         "crates/cc-index/src/indexer_phases/dirty.rs": "20821b6045e42e16ab0cc53c8bf3d21befae74929b6afb7bd97aab8882daf484",
2026-10-09T02:30:42.1753224Z         "crates/cc-index/src/indexer_phases/forwarding_budget_tests.rs": "7f1dc101374924f563f80a281b33c440927ea23ec1ab698acc373c4051b6616c",
2026-10-09T02:30:42.1753653Z         "crates/cc-index/src/indexer_phases/mod.rs": "5cc7765d277afdb23e1f40c2e44e6d6ae621c1bbd9ba96f8a1ef88b248133a33",
2026-10-09T02:30:42.1754060Z         "crates/cc-index/src/indexer_phases/postprocess.rs": "f634dad99a1330276e4096867b5101c725e79f45e6471896d8c6c8deac5fb097",
2026-10-09T02:30:42.1754558Z         "crates/cc-index/src/indexer_phases/reconcile.rs": "0027e96cc8bc1a782644f585a94891feb8f73198a537ed14089148d84d708818",
2026-10-09T02:30:42.1754973Z         "crates/cc-index/src/indexer_phases/resolve.rs": "862c042a7e1066bff4ccf9ae3766b2dca7109690eaa0ef67dc71bd200acd98dd",
2026-10-09T02:30:42.1755393Z         "crates/cc-index/src/indexer_phases/snapshot.rs": "d52e1fd86dfcb3234944fc9ed1bc72b6d2b39da3255805db945fc7ef1af0a847",
2026-10-09T02:30:42.1755806Z         "crates/cc-index/src/indexer_phases/write.rs": "caa2ba07dd907158299a0cbf00f3264dd370f23c9900fb57750bfd5de42a685b",
2026-10-09T02:30:42.1756272Z         "crates/cc-index/src/infra_docker.rs": "fd1959e68ac71c87eb4359f80e573453a9078f53d29a56b60e75b2c47251d374",
2026-10-09T02:30:42.1756643Z         "crates/cc-index/src/infra_k8s.rs": "ffa65b589df021521c7b5cb9c3be6a45415912c4cb487c45bdba5801733b6a8f",
2026-10-09T02:30:42.1757005Z         "crates/cc-index/src/infra_pass.rs": "ed3975c39279915d114b07d6163a3f5773f129a98782efc8fa00e23a57bea5cf",
2026-10-09T02:30:42.1757378Z         "crates/cc-index/src/infra_terraform.rs": "679ae7fd7a4c81c394134f76eff286482c51aac826d641ee119fb229defa0db7",
2026-10-09T02:30:42.1757750Z         "crates/cc-index/src/lib.rs": "1a6d8e4af4a745bf39dcc03b39c8aad805a620f6e70e96ef0a067354cc79035c",
2026-10-09T02:30:42.1758113Z         "crates/cc-index/src/memory_budget.rs": "7cdd4af829f2578a486c0acf4aa7d4912db597a6b7e41dc2d042531911cc0541",
2026-10-09T02:30:42.1758588Z         "crates/cc-index/src/module_resolution/go.rs": "6261aa68dffbd707bc7aee291e01c25605df01c50a4b2d13176b7c3ca6b570ae",
2026-10-09T02:30:42.1758998Z         "crates/cc-index/src/module_resolution/mod.rs": "78b3da84a27880a85c61d7ed2f91ccb71e503dd4f92e84dac7a5f4b291147633",
2026-10-09T02:30:42.1759412Z         "crates/cc-index/src/module_resolution/package.rs": "7711c006d1dfcafb20dd32c175338bda0d2c3c825cf38752723ce5848334e794",
2026-10-09T02:30:42.1759833Z         "crates/cc-index/src/module_resolution/python.rs": "b5668fb9a472c5c7f1364366a03a016e695b4286bd5de2e51856bc93f998a328",
2026-10-09T02:30:42.1760250Z         "crates/cc-index/src/module_resolution/rust.rs": "1cd0b9ddc73e5d2de450480d4e1865628939e24fa76ab6eb1f6013f3a896cd12",
2026-10-09T02:30:42.1760676Z         "crates/cc-index/src/module_resolution/typescript.rs": "298dcc4d1f7cf8efd799bfa3aa07f5b81311db3941e30c0685c30bc7a4f8d726",
2026-10-09T02:30:42.1761080Z         "crates/cc-index/src/pass_gate.rs": "bda40da72a768e4b09ee1a431856dbe93b6ea8541f8de07a8241bb253b6005c6",
2026-10-09T02:30:42.1761474Z         "crates/cc-index/src/project_model/config_cache.rs": "05f52ec059d907bf685c9fd19dad07b3e69130b70a4049b372106005ac3234b0",
2026-10-09T02:30:42.1761878Z         "crates/cc-index/src/project_model/go.rs": "b7e7be381ad5355c8dc5d5d2319779511c3e439b990bf1aa764e2674448fa26c",
2026-10-09T02:30:42.1762277Z         "crates/cc-index/src/project_model/go_capture.rs": "343362ad42110bf3387ce7ba0be82a66fbbaa4a4cfa93a619fd547e7ee14c00e",
2026-10-09T02:30:42.1762687Z         "crates/cc-index/src/project_model/jsonc.rs": "3dc03031707055a9babe086dadc16e00a989d1b9c711d8c883c0f379e560df15",
2026-10-09T02:30:42.1763081Z         "crates/cc-index/src/project_model/mod.rs": "8d75c6e2d7dc5bd1ce41931b3d96b3d4c227f2722b1b82e93cb2f6abba83d923",
2026-10-09T02:30:42.1763479Z         "crates/cc-index/src/project_model/package.rs": "95e948c62234743cad5d9b979e565f595b5eaad800f3043af2c8734c91d1a8d8",
2026-10-09T02:30:42.1763882Z         "crates/cc-index/src/project_model/python.rs": "5be0519f6c052581434de0fafd199d99ca35d10020922fa2876af242daa4ce9f",
2026-10-09T02:30:42.1764307Z         "crates/cc-index/src/project_model/python_inventory.rs": "2d215cdbef2d68354c6c4617f54c8d6bc2e5e1fbba976dec666e4eabb465d4a2",
2026-10-09T02:30:42.1764761Z         "crates/cc-index/src/project_model/python_inventory/native.rs": "7ab82bd3c6b3c23e21fa4e4eb0d445c645c638e427ba823bc14337ebbf3c67e8",
2026-10-09T02:30:42.1765237Z         "crates/cc-index/src/project_model/python_inventory/revalidation.rs": "b69bcdccb65038625d9c4303a0e3c87f0d70c3b964f027b8e3d99fce3a2f6dec",
2026-10-09T02:30:42.1765797Z         "crates/cc-index/src/project_model/python_inventory/tests.rs": "fe805d7b2ee2624afbe8e2142ea0072805b44f64543c429cb322ee654ea1cdbb",
2026-10-09T02:30:42.1766256Z         "crates/cc-index/src/project_model/python_provenance_tests.rs": "e5fabf9023a1ef5d61b03e53f8f057434e82368d8bbb823996d1dceb281e49ea",
2026-10-09T02:30:42.1766679Z         "crates/cc-index/src/project_model/rust.rs": "df9e944646a0019e3f530e116d4f5718762526ea811e252e5e956511d1e15587",
2026-10-09T02:30:42.1767080Z         "crates/cc-index/src/project_model/rust_capture.rs": "cc55682d713e798b4a389caad3946eaf776699c240c877a1447911e246b7b1e9",
2026-10-09T02:30:42.1767588Z         "crates/cc-index/src/project_model/source_capture.rs": "9bfe28898deb745a5e2c9cd79aec3ec2daab46d4ffe3408ce633e9572888ba65",
2026-10-09T02:30:42.1768017Z         "crates/cc-index/src/project_model/typescript.rs": "c9665e4ce54499c65a4ad95b85dcad9df3d8ccd744926441891c19110346e22d",
2026-10-09T02:30:42.1768441Z         "crates/cc-index/src/resolver/cargo_workspace.rs": "cdf32bfc920e38fd1a5c6452c60e00c8777573d3279f9ce40b6c45d54002d9e6",
2026-10-09T02:30:42.1768910Z         "crates/cc-index/src/resolver/catalog.rs": "e377d824a40a648338477a16d47eaabebfc61a5d8c68d8c8ab86f5a5622854a1",
2026-10-09T02:30:42.1769306Z         "crates/cc-index/src/resolver/catalog_cache.rs": "7497a0f4233635a4813996930bcf15b1c2439a798a6607bba7b5d1ce9856734a",
2026-10-09T02:30:42.1769711Z         "crates/cc-index/src/resolver/evidence.rs": "82054a03841eaac2c1a989eacc0d8b9c07f0d2bdb9f0d1c0a2e0c4d3f746d739",
2026-10-09T02:30:42.1770108Z         "crates/cc-index/src/resolver/helpers.rs": "48423f474abd90ad11c6e943036793ff5b01faf710cd412037e77a686ff7f2a0",
2026-10-09T02:30:42.1770489Z         "crates/cc-index/src/resolver/mod.rs": "0e58207ee8c625512dec67cceea1b56761f6d9f9390060fef0357be4fde8f5c2",
2026-10-09T02:30:42.1770876Z         "crates/cc-index/src/resolver/p2b_tests.rs": "3c86027c83e9b5f28aac8f9e20aa6031421d52dcafd9b97ae726a97924dc9dd8",
2026-10-09T02:30:42.1771281Z         "crates/cc-index/src/resolver/resolve_core.rs": "eeb9676cddf1d9159511811106c61bd5c4ae5a8d7af0fc2d355243c19a5a09a8",
2026-10-09T02:30:42.1771695Z         "crates/cc-index/src/resolver/resolve_outcome.rs": "f835ebc92b8951e2e055782258484c51bfc4b172f15ebab2f6fa8224b618c38d",
2026-10-09T02:30:42.1772111Z         "crates/cc-index/src/resolver/route_resolve.rs": "0da6032a161c8c5b6d0963592ffc1cde1d8478572adcf7daea924c7fc27708b9",
2026-10-09T02:30:42.1772546Z         "crates/cc-index/src/resolver/type_atom_identifier_tests.rs": "938b0e07051ade24280bee3350eba2bcf16887a21c7b6cce63e16086e28ca090",
2026-10-09T02:30:42.1772977Z         "crates/cc-index/src/resolver/type_edges.rs": "06fe2f226e02a2bcaddba5756abda73c81fb43e6ba023666597d5156815deb47",
2026-10-09T02:30:42.1773373Z         "crates/cc-index/src/resolver/types.rs": "cca7dc406dc7083844429dd514e45c3cc617d5882149c74d5a3143fc21e752a0",
2026-10-09T02:30:42.1773765Z         "crates/cc-index/src/resource_accounting.rs": "c4189f5a72f8fdd150492a3d24351fe59aa2a921adda9c865eade27eeb46ed33",
2026-10-09T02:30:42.1774149Z         "crates/cc-index/src/scanner.rs": "e8c1791c6c0ff98dd55e94cda3f6168a5208d1d755702f904189327b99c92bc2",
2026-10-09T02:30:42.1774532Z         "crates/cc-index/src/source_snapshot_tests.rs": "310135cdd38e4d31ec3b3ad64f8a5b446a101c2ea9ce72c8d434aee2791d25c3",
2026-10-09T02:30:42.1774941Z         "crates/cc-index/src/synthesis_pipeline.rs": "d765e32dde7bbe2008a7c2db9bdb451a9ffb57098a30691e5a7a1ea9d2e5980f",
2026-10-09T02:30:42.1775353Z         "crates/cc-index/src/synthesis_symbol_resolver.rs": "4df709e972070ee466431216b561dbc3f698bc5047d9545f7238ad8f8672e8e9",
2026-10-09T02:30:42.1775749Z         "crates/cc-index/src/type_catalog.rs": "45f3f84b1f9f1b67b29aeed4439b07b7431042e0fc6725aab3357e45233959a8",
2026-10-09T02:30:42.1776151Z         "crates/cc-index/tests/explicit_text_admission.rs": "80ca251309311736c7f1a58de9a6b51ee715c943bc17680fedf5dd29f28d46ce",
2026-10-09T02:30:42.1776676Z         "crates/cc-index/tests/independent_qname_parser_public.rs": "fd0132f644bc4709dafc39a3c09d992fdbae78ecea317a4dd93aa0e9d68d753b",
2026-10-09T02:30:42.1777133Z         "crates/cc-index/tests/independent_qname_repair_guard.rs": "4ce0a5e8b559e427a7dfce42a15b87eae918345dd0d7d2671c138f5b51b2ce39",
2026-10-09T02:30:42.1777558Z         "crates/cc-index/tests/p3a_project_model.rs": "420a9f42f80365db07f2a6f273b9e1fadf8df2abc304f9544e91fd47bbe74eef",
2026-10-09T02:30:42.1777944Z         "crates/cc-index/tests/p3b_modules.rs": "3f848df58c5f933209100317c227e8e89866e0ad9a8813b32a8ea9727e907e6e",
2026-10-09T02:30:42.1778398Z         "crates/cc-index/tests/p3c_modules.rs": "92d8a34ad9ee26ca98a5f8007b4fa41b782a584cd976a0200ee198d04952a6e0",
2026-10-09T02:30:42.1778848Z         "crates/cc-index/tests/p3d_boundaries.rs": "d3611a58fe4183b542414029d9bc2a5bb6e7b735bebb3e682b0f21522f04badf",
2026-10-09T02:30:42.1779225Z         "crates/cc-index/tests/p4b_render.rs": "61d9121fc9d3a9968d71dc8380d63f057cb7a27b4b0c9e164ab2967752d25f23",
2026-10-09T02:30:42.1779606Z         "crates/cc-index/tests/p4c_identity.rs": "ec7f1fe5a161783dbda164a1f83a9035f0e92d5d82f76f1dc85ac7fc06474b01",
2026-10-09T02:30:42.1780022Z         "crates/cc-index/tests/provenance_review_support/legacy.rs": "99da70218f512846241c3c2eb3d74597380bfe720e5d25a283d96c6bd1096fbe",
2026-10-09T02:30:42.1780511Z         "crates/cc-index/tests/provenance_review_support/prototype_compatibility.rs": "5191e62dc082bfcd2e6e594e7adb10a8ef84ac3e4421bed2e8ade42b57d0376c",
2026-10-09T02:30:42.1780994Z         "crates/cc-index/tests/python_declaration_identity.rs": "2297b9cf3b98b09ebb10582c70a1795e95eb936090bb63ae2c8992d6b34aa42b",
2026-10-09T02:30:42.1781445Z         "crates/cc-index/tests/python_identity_resource_integration.rs": "61060951a781e59fa1c344aac00cc6f9e254838e6389e7226dcce00fe65de918",
2026-10-09T02:30:42.1781894Z         "crates/cc-index/tests/python_inventory_capture.rs": "444bdc2efff82c114f6a44f0be9d78dee8a523d3ac44852b59fb6fc43f2ac514",
2026-10-09T02:30:42.1782407Z         "crates/cc-index/tests/python_inventory_resource_integration.rs": "250872d49612dc02137f4738fc2e296fdf8d955bd52f7a0cec439cecf5e554ab",
2026-10-09T02:30:42.1782857Z         "crates/cc-index/tests/python_inventory_revalidation.rs": "861957fd48104794760c190dce289403c2633c864d9c3fb5642501b2ff9f757a",
2026-10-09T02:30:42.1783304Z         "crates/cc-index/tests/python_provenance_independent_review.rs": "05175e5a48763cc3203bfeb44bde3a8c72c82cd19dc93c049926f1d3e49d7004",
2026-10-09T02:30:42.1783754Z         "crates/cc-index/tests/qname_db_independent_review.rs": "8c5854eea614df414a154539cc05eaee6e5c8974678a65df00d167e95289216b",
2026-10-09T02:30:42.1784177Z         "crates/cc-index/tests/qname_identity_proof.rs": "72aefadc7ebb5212591a5141089964b373244d2cb800addc8b1795211587af0e",
2026-10-09T02:30:42.1784598Z         "crates/cc-index/tests/qname_identity_transaction.rs": "85a7f32cdeb44165f4056ecfa82bc7bc737d44ab15bff6f5604a6501953bc15b",
2026-10-09T02:30:42.1785018Z         "crates/cc-index/tests/qname_owner_diagnostic.rs": "6a52d6b384de312e77614915b354c8179ebb4be3c8866671015bab9db3d26f34",
2026-10-09T02:30:42.1785426Z         "crates/cc-index/tests/type_catalog_bench.rs": "0a2f67593006e339789b9d85bf609c35574edf32e145d28cc8cc88e188aabcfe",
2026-10-09T02:30:42.1785800Z         "crates/cc-model/Cargo.toml": "cb4038984b42ea564bef8789c1fca76520d89baac199479c9bd04ed2ce80099a",
2026-10-09T02:30:42.1786165Z         "crates/cc-model/src/architecture.rs": "703efa0e5e4c6d04c8cea6751ad9c3b18725d86d000d089304167484f134e7b2",
2026-10-09T02:30:42.1786540Z         "crates/cc-model/src/build_explain.rs": "47263e256bd5b8ef469f3da72c9221b985ab1762848e06461dea6a1461e4e9c4",
2026-10-09T02:30:42.1786904Z         "crates/cc-model/src/chunk.rs": "4c34677b1919fe2d6fa829bb823f49f9c3f66b5755bc1ecc0cfd8291e4ae90fb",
2026-10-09T02:30:42.1787265Z         "crates/cc-model/src/chunk_policy.rs": "1ae740ad356adf42d4f1ce7d09a3dee4855b9cd822617375d9003dad63426e31",
2026-10-09T02:30:42.1787634Z         "crates/cc-model/src/config.rs": "8cc67bb9b7cb3c08efa90c1e0a16acf9d45608e062d525bf6767914f38f5508c",
2026-10-09T02:30:42.1788078Z         "crates/cc-model/src/context.rs": "1cb4e8e117b5e44ae7562c84844926bf706f62495028cb67fd74ef8bad71f42e",
2026-10-09T02:30:42.1788456Z         "crates/cc-model/src/declaration_identity.rs": "b402a26e50087a591970f046641e2b9bce38b12b5de2988be295515825d33dcc",
2026-10-09T02:30:42.1788913Z         "crates/cc-model/src/diagnostic.rs": "d9a13a80077509905703a436c1eaf564081902a8b2d897173bd9f2656815755f",
2026-10-09T02:30:42.1789282Z         "crates/cc-model/src/dispatch_site.rs": "400d881caf4915efb080a1826161c258b931306c1c42eaa8ce8999c920a3b5c0",
2026-10-09T02:30:42.1789722Z         "crates/cc-model/src/edge.rs": "5e086a620f6668cab3a0cc25935d4aa4b84f7c8d80f632f28fbb88399ae954fe",
2026-10-09T02:30:42.1790073Z         "crates/cc-model/src/error.rs": "f3719a5b43c6fe89163054ee1e2fef0bc85ca76df1c68f4c34e7b0e89326e7e1",
2026-10-09T02:30:42.1790447Z         "crates/cc-model/src/framework_taxonomy.rs": "48a25f34360b24147838953b3f79ae0deeee753ef9e8f130d6cfc1a3817d167d",
2026-10-09T02:30:42.1790828Z         "crates/cc-model/src/freshness.rs": "d932cfcf4d33a93554a624718265dbf0e308b1f84ebb1c9c43c828a4db289daf",
2026-10-09T02:30:42.1791190Z         "crates/cc-model/src/generation.rs": "5e12058692bdf23304b85c9623d187c07503a0f51dcb1bba68f418a6299b6afd",
2026-10-09T02:30:42.1791557Z         "crates/cc-model/src/go_project.rs": "664a4f10b1e12d7d1e29b240be43e6276ceb1bd01932fff13fef384ca30d59c7",
2026-10-09T02:30:42.1791928Z         "crates/cc-model/src/graph_catalog.rs": "3b200b70ab3e235f90940f86b472cb13c32cdd18dad30fd72ff31016007648ad",
2026-10-09T02:30:42.1792304Z         "crates/cc-model/src/graph_explain.rs": "1cdd8e49a5ed44e91266198e4c04928f76320afd5c8454d21f0b0e8c95c9b439",
2026-10-09T02:30:42.1792670Z         "crates/cc-model/src/id.rs": "bc1431f2c004ebabff2960dac1ecdaf55e67169d90dfd141e26b84d2b7f152b0",
2026-10-09T02:30:42.1793025Z         "crates/cc-model/src/identity.rs": "f33d59b543ba3ea946822d2538d40d5eb4ada7affa0385fb039bd653d5413c3c",
2026-10-09T02:30:42.1793388Z         "crates/cc-model/src/impact.rs": "a9c9ed03ab4225542d7f10776205f9f6f438beabf4529af88ec3345fc4026b91",
2026-10-09T02:30:42.1793741Z         "crates/cc-model/src/infra.rs": "ab7fbcd45d145091c1f5899f45ff2259ae1cec72397776350482888e7aad3179",
2026-10-09T02:30:42.1794098Z         "crates/cc-model/src/input_file.rs": "00fe8ef033cf6a12ff21171fe4030201922701bab3063479bbe93ba156c44bf2",
2026-10-09T02:30:42.1794464Z         "crates/cc-model/src/lane_receipt.rs": "42a1b57e84fe31f0559a9405e202e8412f99a56be9cb22bc5340ee2eb45ed6c9",
2026-10-09T02:30:42.1794817Z         "crates/cc-model/src/lib.rs": "0a8305a6d14541479786e49e8f3ed3a99938a207cb263c1a3c86ff0c3d166925",
2026-10-09T02:30:42.1795176Z         "crates/cc-model/src/module_inputs.rs": "4e1fcc2d8e6e5b842594c0d6f2fdadb3cad89b05f869489896470a115eea9801",
2026-10-09T02:30:42.1795560Z         "crates/cc-model/src/package_surface.rs": "c48831dd15d621be9c6dc921340a6dc5996419e9f59ba9c34d50dcdf5ccfeaac",
2026-10-09T02:30:42.1795928Z         "crates/cc-model/src/parse.rs": "13611ef9a0f71f92f7f0ba2914dd8343f9b723a201edb935352d6d4150e240cf",
2026-10-09T02:30:42.1796298Z         "crates/cc-model/src/project_model.rs": "8f9ddd589746f072ef3e7c87ac78188fa8f94ca2d57b0dda1e834851498b36ce",
2026-10-09T02:30:42.1796681Z         "crates/cc-model/src/public_surface.rs": "24ce031b84ab2a399c940b9ed23cdd402715ce18d84cf7b33e7815d2fd9bd177",
2026-10-09T02:30:42.1797045Z         "crates/cc-model/src/query.rs": "157e0f1f750287f16c2622297d1d08d9b7921a6ce54c1e1bcf3aa1842bfa13aa",
2026-10-09T02:30:42.1797400Z         "crates/cc-model/src/repo_path.rs": "7b9a550bff9ea9b61f9d1a0f7b67e02cbf885be7020e9b7507d29df3630223c7",
2026-10-09T02:30:42.1797776Z         "crates/cc-model/src/resolution.rs": "0d13d8ad4434abc5b348eff9aab7e373733ca069129faea000fac9fbbdf67029",
2026-10-09T02:30:42.1798143Z         "crates/cc-model/src/retrieval.rs": "bb228628e1e63edd74c5314dde157209da2279d3064198ea256f6a54bece20e0",
2026-10-09T02:30:42.1798596Z         "crates/cc-model/src/retrieval_cost.rs": "e5f9517faf57546c1fef524657ba10f29be1c7b5667a3c309f6edd3fbb384d2f",
2026-10-09T02:30:42.1799100Z         "crates/cc-model/src/route_normalize.rs": "7c94e6203f288cf51a04d2009b7bfd604ef7416756dcdd169266c220dff75576",
2026-10-09T02:30:42.1799465Z         "crates/cc-model/src/scope.rs": "03f4851509af9ca3864f2b774fef8b375e021afeed83add1cb62ab841d8f2439",
2026-10-09T02:30:42.1799820Z         "crates/cc-model/src/search.rs": "d28cbb8768f986cf45bcdc5c034a08d0b3337edd75f641736d12135faf63af29",
2026-10-09T02:30:42.1800185Z         "crates/cc-model/src/semantic.rs": "bf60304e8cb3f8965d052b800accfc40ce554223460bacdc7eaeaed3c7bd9d60",
2026-10-09T02:30:42.1800625Z         "crates/cc-model/src/source.rs": "24e0de0ffa09d3c2d355b0ca703d115a672073f55ac4b86eeb1f32904864c463",
2026-10-09T02:30:42.1800977Z         "crates/cc-model/src/symbol.rs": "1c12612a8d189df10c99bd590c6c385c7a489c22d1f8b838d660bfab893216c9",
2026-10-09T02:30:42.1801345Z         "crates/cc-model/src/symbol_identity.rs": "4ac6baccb3df6d63472b8c5378e967ef6567a23d4d30ad9b222be5fd12d28a73",
2026-10-09T02:30:42.1801726Z         "crates/cc-model/src/type_assign.rs": "1f06c384fae1c6d53b471bc2b71c67bb782d1d3f1735b43ee67d57a061fc3181",
2026-10-09T02:30:42.1802151Z         "crates/cc-model/tests/declaration_identity_independent_review.rs": "3eafc7b7609cd66b504889b6c050f48a04221cb5ef72a9c6595a60ace4ab2fc9",
2026-10-09T02:30:42.1802612Z         "crates/cc-model/tests/declaration_identity_resources.rs": "b80d665abaa8b4054dbd584862eb1118437b7a09fd65ff449a5a21e0e2d391f7",
2026-10-09T02:30:42.1803052Z         "crates/cc-model/tests/declaration_identity_v1.rs": "224912ba60bcddeb2c2467badf2aad14dc66139feda8ac70e41d9146da003870",
2026-10-09T02:30:42.1803491Z         "crates/cc-model/tests/declaration_resource_independent.rs": "0dad875f840925f7806c0697d64dc7a27c6e715799600a285ebb2cd9fe323bbc",
2026-10-09T02:30:42.1803907Z         "crates/cc-model/tests/p2b_resolution.rs": "8fd26aac65023c9850d5655745b374c636786449af6df20231bad33de10c8f47",
2026-10-09T02:30:42.1804285Z         "crates/cc-model/tests/p4a_source.rs": "5f95c2c95a7db646c2748b60e3d143eb9eef7891627bac967b7597fea388ba79",
2026-10-09T02:30:42.1804694Z         "crates/cc-model/tests/provenance_compatibility.rs": "5191e62dc082bfcd2e6e594e7adb10a8ef84ac3e4421bed2e8ade42b57d0376c",
2026-10-09T02:30:42.1805119Z         "crates/cc-model/tests/public_surface_encoding.rs": "bb55bb3827425b9499567a88c2d541087b80e41c367d1c59b20245106451624f",
2026-10-09T02:30:42.1805564Z         "crates/cc-model/tests/support/declaration_resource_baseline.rs": "8a0c341ead3511bc8b5e56e62f64f09455fdf9fc787c1ca649ea646d955560de",
2026-10-09T02:30:42.1806052Z         "crates/cc-model/tests/support/resource_api_probes/borrowed_mutation.rs": "c7083157015b655b8d5816cc10b2783e5fab8a943ae4b2b0e0bfb7a99ae89016",
2026-10-09T02:30:42.1806597Z         "crates/cc-model/tests/support/resource_api_probes/check.py": "be41e87d796eb28f53b863bf8e99c6e08018e82b41c5092941bfb8e04a414ecd",
2026-10-09T02:30:42.1807071Z         "crates/cc-model/tests/support/resource_api_probes/custom_provider.rs": "617f276613bce8b4a74c37984e362949173569e07bbb9a4fad66e52cbd423550",
2026-10-09T02:30:42.1807556Z         "crates/cc-model/tests/support/resource_api_probes/mutable_ref.rs": "e0d992727574ab3037b113c5950c8bf213fcedff3697f1c020a53a65504bc739",
2026-10-09T02:30:42.1808036Z         "crates/cc-model/tests/support/resource_api_probes/owned_shared.rs": "d402ef4ee85bd74fb79ac31ebe0b9e35c009ba70bc0b5c9ceffbb4c32e7957b3",
2026-10-09T02:30:42.1808466Z         "crates/cc-parsers/Cargo.toml": "82c7f13c0df476ebcb11bfe26ea9ce80245aee8fff15dd015462e6130c11c740",
2026-10-09T02:30:42.1808918Z         "crates/cc-parsers/src/broker_patterns.rs": "4e86226cafb5dcf4229225671102eaeb34e21f7582b2180e412f1e4f4d894d29",
2026-10-09T02:30:42.1809301Z         "crates/cc-parsers/src/c_cpp.rs": "c98f2b994a69cd18f5371fc074e706011dc3cadeffe80fee9d0b03570deece35",
2026-10-09T02:30:42.1809670Z         "crates/cc-parsers/src/chunker.rs": "ea81138fe6473cfca6aa9b17b176126c7d1d179a4ae1a157204f86483e4335a5",
2026-10-09T02:30:42.1810150Z         "crates/cc-parsers/src/chunker/boundaries.rs": "caa9cdf92910aa39e9a9ec60e9be2a325b8f59295e20926a240e58a6577e4a3c",
2026-10-09T02:30:42.1810556Z         "crates/cc-parsers/src/chunker/budget.rs": "b98e5fbe98f7835c38981af9b1dd18527ac8d6bb534b74341c9d77a0d2dc8e8c",
2026-10-09T02:30:42.1810957Z         "crates/cc-parsers/src/chunker/fallback.rs": "7bce6429e7831a48ab749a74a23da4cb0c703339369bfb2342c59ed247e1e893",
2026-10-09T02:30:42.1811355Z         "crates/cc-parsers/src/chunker/merge.rs": "ddd7764df6dd4539f137efb6fa89fe3e36dad8060435e302ad6accc02e453f3f",
2026-10-09T02:30:42.1811762Z         "crates/cc-parsers/src/chunker/split.rs": "321250c8c04badb33050435cea9f436eaeefd67fd0562e59b6270547d78bfba6",
2026-10-09T02:30:42.1812239Z         "crates/cc-parsers/src/dataflow_common.rs": "c5ddb0abce0f3bf9e3823939b360f473f5d1f075a21e7cb5e46b6c52ff90123d",
2026-10-09T02:30:42.1812658Z         "crates/cc-parsers/src/exports/conservative.rs": "d7d2f8bee040b0ce2547f531c96148618e653f6bb75d5b129191073f60dbf640",
2026-10-09T02:30:42.1813058Z         "crates/cc-parsers/src/exports/go.rs": "762910531b1e62da859f795355833d0957d5d7552cbc2c72ef8639c2bbb3bd3a",
2026-10-09T02:30:42.1813441Z         "crates/cc-parsers/src/exports/jsts.rs": "a8ee0b8d1b9a013d1d1aaeb298ded4159c3b1b047fa5ba3e2a5af5efd93377d8",
2026-10-09T02:30:42.1813828Z         "crates/cc-parsers/src/exports/mod.rs": "5a0d276739b33b4ab3b9ce4b8ca3a25165209387b9073c4cd502d6a0f79a009e",
2026-10-09T02:30:42.1814218Z         "crates/cc-parsers/src/exports/python.rs": "01ac60763bd7d6473331c2ee5fd412d4a5713c8ecb7daf4cad0bd31c91b04c78",
2026-10-09T02:30:42.1814602Z         "crates/cc-parsers/src/exports/rust.rs": "43947a4c10a42222f32894880158a826e4a91c9d95253cf6011ab3f542327415",
2026-10-09T02:30:42.1814977Z         "crates/cc-parsers/src/generic.rs": "b4529e85222d0b1ad42e48ddbb2a7c951c67d88cc4b09d1786d7d2921af04360",
2026-10-09T02:30:42.1815342Z         "crates/cc-parsers/src/go.rs": "13e0acf41328a20b4f6f19e6a64e8c8af8f9639cb0b6cad6c52212cd93d56d23",
2026-10-09T02:30:42.1815707Z         "crates/cc-parsers/src/go_modules.rs": "d7f0c1d35a5354d95b09d670840e986e622fc9ed720a1e4faad8aa776a20b1ef",
2026-10-09T02:30:42.1816099Z         "crates/cc-parsers/src/http_call_helpers.rs": "67425e023a89e5438eeaccc87ad15f669637ec307fb3ffa52455158d8082b08b",
2026-10-09T02:30:42.1816497Z         "crates/cc-parsers/src/import_common.rs": "8f16b8ae814b183be1ba1bb9e685ef0c895ac121c13cbb5ec91270bec4563645",
2026-10-09T02:30:42.1816870Z         "crates/cc-parsers/src/java.rs": "3a42998ef19a26b82238aea620ac55fee1139f487953c665d82e78e8f41cf47c",
2026-10-09T02:30:42.1817241Z         "crates/cc-parsers/src/jsts/calls.rs": "b3dbec4d83000b198f3dd202baac52d3ad9b5f9585b09ec9b8dc5c7f7d9f421a",
2026-10-09T02:30:42.1817632Z         "crates/cc-parsers/src/jsts/extras.rs": "e00befb5b9bc07f9053c94190688f9960c0efcad92afde91333482eeff56dd65",
2026-10-09T02:30:42.1818039Z         "crates/cc-parsers/src/jsts/imports_exports.rs": "6bf4e6a8a08df99c636ab37a93a2bd6615ef4e46f10bbd7f2ad52b3aac6199b7",
2026-10-09T02:30:42.1818443Z         "crates/cc-parsers/src/jsts/mod.rs": "ac1ac6ecbe957d2dc6010544a1d22b0e85ba3cf69df6e18096ac73cf4c51dd6b",
2026-10-09T02:30:42.1818897Z         "crates/cc-parsers/src/jsts/references.rs": "6be98803b635216d801e133c881b3d83d1a0a6297adbfc0d407ede93382028a6",
2026-10-09T02:30:42.1819288Z         "crates/cc-parsers/src/jsts/routes.rs": "d33fb15c0de2f69535bc1b5cf971437c29c9139dfb03218351eec2afa8e358ae",
2026-10-09T02:30:42.1819673Z         "crates/cc-parsers/src/jsts/symbols.rs": "a64d2d065984c112dc7e4dccce559a4778b2758f7541775babda78c7b07c6bcb",
2026-10-09T02:30:42.1820056Z         "crates/cc-parsers/src/jsts/tests.rs": "16b5dcf4a54ff35878071b28af25c69dfe287b610ac4b20016be8d0abe1f3678",
2026-10-09T02:30:42.1820437Z         "crates/cc-parsers/src/jsts/visitor.rs": "3e59c3b023f343a59f0c195088f5202188306edeaeeaedc5c51b66bbc1075080",
2026-10-09T02:30:42.1820816Z         "crates/cc-parsers/src/lang_spec.rs": "0663a1adccd02cbc525bbe56209380bbd67c65b62d2996fefa0aa408089c0584",
2026-10-09T02:30:42.1821274Z         "crates/cc-parsers/src/lib.rs": "ea116cc51543524e6f0107385ef2a8e926d801defb7af5bfc6b6ed784dabeda3",
2026-10-09T02:30:42.1821646Z         "crates/cc-parsers/src/parse_common.rs": "44e87a205bdeebba3438939e1c9b36147da954085362fb9ab6b8be93c6d20422",
2026-10-09T02:30:42.1822036Z         "crates/cc-parsers/src/python/extras.rs": "2e932ae255a7684b539a80c06bca7ffc72681d8acd61cab72baec6d43710445c",
2026-10-09T02:30:42.1822421Z         "crates/cc-parsers/src/python/mod.rs": "fa4e243c73f76897016d9c9e7b60ab18f24946ab6493d4b372b0b76a5c722789",
2026-10-09T02:30:42.1822817Z         "crates/cc-parsers/src/python/references.rs": "c6f583d5e9aecf2d1b56df1122662338802b7bfd4b35b12e43d8dc422e5739c4",
2026-10-09T02:30:42.1823298Z         "crates/cc-parsers/src/python/routes.rs": "de38313f7bc4e4a6e6d64feb9e9e76861df49eeab0fcd2b4ed6bf9c40c23e472",
2026-10-09T02:30:42.1823704Z         "crates/cc-parsers/src/python_identity.rs": "b49c34b594c9ccda3c81d1c18435bfede1b62bd083242e7ab98f47b2f9d2ebb2",
2026-10-09T02:30:42.1824087Z         "crates/cc-parsers/src/rust.rs": "303076c3263f1360952da6570ec717eb3fc50a017f3467a09b647335f24b907e",
2026-10-09T02:30:42.1824464Z         "crates/cc-parsers/src/rust_modules.rs": "2dfd6ea4ebbed1afc84245d371f1cddbdc1a35918ea4c4f5db071e2a92f7cee3",
2026-10-09T02:30:42.1824842Z         "crates/cc-parsers/src/sfc.rs": "4695fa5f6d9f1ab5f9dba350212159e5f9b1aed2747a3495f6be5e15dbcaa9ce",
2026-10-09T02:30:42.1825214Z         "crates/cc-parsers/src/spec_driven.rs": "75397d38bc680b5484ddc74a7e22ceea14cb9e55990355a3c42818a8a5c709f7",
2026-10-09T02:30:42.1825589Z         "crates/cc-parsers/src/traits.rs": "28624e3ce6e5c8b36baee8b3d4b07d3e55e8416f59d7bae55ec90f96d4c64c9f",
2026-10-09T02:30:42.1826002Z         "crates/cc-parsers/tests/c_cpp_declarator_boundaries.rs": "ffcf0aa4dd50068478aa14aa5a35954f0e8182e78eac8d24a8f9e2004f4678a6",
2026-10-09T02:30:42.1826451Z         "crates/cc-parsers/tests/declaration_boundary_hints.rs": "c6c6064b1ef8acbde6f7c3a7276cdf6da8940675550383a7f8d458b5d3f18faf",
2026-10-09T02:30:42.1826918Z         "crates/cc-parsers/tests/fixtures/python_identity/WITNESSES.md": "5be300b1d420bfa9d319397df12d5961d54b91e98074a0a840799df39679fad7",
2026-10-09T02:30:42.1827386Z         "crates/cc-parsers/tests/fixtures/python_identity/witness.py": "504e98be49bdbcff8099906aa4e2c35f594fc5969635a24097c318039d3870c3",
2026-10-09T02:30:42.1827927Z         "crates/cc-parsers/tests/fixtures/python_identity_independent/.gitattributes": "70ea878a6dddf6d02f97a0c02781ad5f7b7b285482df78c7bac3d402bdc271b4",
2026-10-09T02:30:42.1828565Z         "crates/cc-parsers/tests/fixtures/python_identity_independent/nested.py": "74972edcd6d03fce2413ef90e92a40e0ad8df9c885b57b5608fc971f8bd93e6a",
2026-10-09T02:30:42.1829319Z         "crates/cc-parsers/tests/fixtures/python_identity_r1/WITNESSES.md": "f83a30e2ed2a8b7320fac35883b0e89377770ce041e2772d76a39c1d8a71a0d3",
2026-10-09T02:30:42.1829875Z         "crates/cc-parsers/tests/independent_cpp_final_declarators.rs": "d6635b172f3508e6388125bc26fc1beeb61a5d95da60e53cd23907ff0ddbd76b",
2026-10-09T02:30:42.1830458Z         "crates/cc-parsers/tests/jsts_call_truth.rs": "f444158fca2c0e62f7a9976670316495ad0e63df77be6db922fdf925204ef520",
2026-10-09T02:30:42.1830942Z         "crates/cc-parsers/tests/p2b_go_surface.rs": "0ec61ee56ea9d26dbceae23202318334b1a94e1e9c354c663d108528a712f919",
2026-10-09T02:30:42.1831400Z         "crates/cc-parsers/tests/p4a_source.rs": "1c59f3cd8db95f6e666dd1f002386f9363aa7fe718b01710aa6b9c473ac2a28d",
2026-10-09T02:30:42.1831909Z         "crates/cc-parsers/tests/p4b_chunks.rs": "f12901f0354bee61c5d63cbd12e713d47f3ad6717ace3c8b2ec9270eb92436d9",
2026-10-09T02:30:42.1832439Z         "crates/cc-parsers/tests/public_surface.rs": "e8261c2f62b9471d84482671932e17957ef323cab13c1b62c8c382b08ae42912",
2026-10-09T02:30:42.1832961Z         "crates/cc-parsers/tests/public_surface_edges.rs": "e88671de8a9ea527d043220a831a7bc5d61711dd4a222fa5e4e3c23f49c12f26",
2026-10-09T02:30:42.1833454Z         "crates/cc-parsers/tests/python_call_truth.rs": "000194f546b81a199de73a90dc4466a3f9fb20961c3382dbacb7c964c33b6783",
2026-10-09T02:30:42.1834031Z         "crates/cc-parsers/tests/python_identity_adapter.rs": "d5d77b320ada81fe815a3b460547f7d4cc2f10538d1dea3f57732a663cd58692",
2026-10-09T02:30:42.1834595Z         "crates/cc-parsers/tests/python_identity_independent.rs": "7a9a5cc76d22b9a352d2cb3bf18c7a0e54f3e7b67309beedd5c53ea31948ea6a",
2026-10-09T02:30:42.1835194Z         "crates/cc-parsers/tests/python_identity_r1_independent_delta.rs": "1ac9927159e5dfb202dbef7773d749dd22e75972aa4862c799be020b5f154788",
2026-10-09T02:30:42.1843044Z         "crates/cc-parsers/tests/python_identity_trivia_r1.rs": "bf5a4771f9e8ef6a7b5bc7b33099d54933e5c745b78124c33cab107eda940572",
2026-10-09T02:30:42.1843328Z         "crates/cc-search/Cargo.toml": "18ac45c67734419cb0b3e386663bed5640ee0996958e13e245b0746a1cd11b01",
2026-10-09T02:30:42.1843493Z         "crates/cc-search/src/cypher/ast.rs": "727f28c194e86421104de1529b71788b02fc08336eaef83d45f27cac9a919e93",
2026-10-09T02:30:42.1843679Z         "crates/cc-search/src/cypher/executor.rs": "a4cbf5fc7dce6cba8cd0e2ae4a5677feaeef521c0b896d44d60f4503520ac7d4",
2026-10-09T02:30:42.1843865Z         "crates/cc-search/src/cypher/fast_path.rs": "ae5bef90be1ef0028f4624673652c74e8752ee5be480e21c2f53ad41760df3b2",
2026-10-09T02:30:42.1844033Z         "crates/cc-search/src/cypher/lexer.rs": "8defd6448184cec22ae49991aede7a605449e0542edb65095376149d298f808f",
2026-10-09T02:30:42.1844200Z         "crates/cc-search/src/cypher/mod.rs": "d4b5a5c8c096fdb718c8076f38facf7dec1a5163711492ceb79ed32ac40c5b67",
2026-10-09T02:30:42.1844375Z         "crates/cc-search/src/cypher/parser.rs": "6f645ec33dbce9b16e62f4a7a1b726b6d9c31d3b0d36dde1d6ea46d95d3362bd",
2026-10-09T02:30:42.1844585Z         "crates/cc-search/src/cypher/traversal_semantics.rs": "ce1ea81b469d2d1aed54ab95e94ceff90f1edd72fe3d200271bdc403068f8fa6",
2026-10-09T02:30:42.1844738Z         "crates/cc-search/src/dsl.rs": "a5603861ee3bdc32222423eb0690ece781481368014f31d026ba192afcd02a47",
2026-10-09T02:30:42.1844899Z         "crates/cc-search/src/engine.rs": "fff6c92ca746854e55bdcb381a6ee84e5049ee8cb3ddd244b382b91a7f3fdd68",
2026-10-09T02:30:42.1845072Z         "crates/cc-search/src/engine_cache.rs": "e72b75eb04936f8abe8f4dae65e4b4c5531ac614c5dfa47d2e6d033ec9a2a103",
2026-10-09T02:30:42.1845238Z         "crates/cc-search/src/engine_graph.rs": "a22fc81356b9a43e3d2ff90bdc4660cca95dced7646d50ecc88772677b7939f2",
2026-10-09T02:30:42.1845414Z         "crates/cc-search/src/engine_lane_tests.rs": "f6313e0a098f04be0692c9791927f0190d5cf6c3f3ae11a089372e584eb0e0a8",
2026-10-09T02:30:42.1845594Z         "crates/cc-search/src/engine_test_support.rs": "379d31a0879c4b455189758c7ecb9c7c496dae0806b7b88f35d3681309bfe75f",
2026-10-09T02:30:42.1845753Z         "crates/cc-search/src/enrich.rs": "b7654a9dd31319979ec99fc8ad9556926ba8a62be6eacb28175c52c49189dfff",
2026-10-09T02:30:42.1845912Z         "crates/cc-search/src/evidence.rs": "3f56410a564e3829df88bb73e19098ed716d95a116b8f86315b374bcb95e08ce",
2026-10-09T02:30:42.1846095Z         "crates/cc-search/src/evidence_hydrator.rs": "cc81b6f7be13cbbab8e339cb693c4ad16baca20b1f6b6dd49dd3e574b5997a2d",
2026-10-09T02:30:42.1846273Z         "crates/cc-search/src/evidence_path.rs": "e4d8f57c6c3bbb50882bc3fc22626d3b0c0f8e1bdd6ce6e5729cefa9d61bdd5f",
2026-10-09T02:30:42.1846442Z         "crates/cc-search/src/execution.rs": "8c1f42b3aeccfd174631b57fe5e0e4aca3546c6d954ecce6324e55dd6536fa4b",
2026-10-09T02:30:42.1846598Z         "crates/cc-search/src/fusion.rs": "70f8a9037e52c78f243fdf1282535f9b634aff29b3dfdc04e1f543d5c7cf7770",
2026-10-09T02:30:42.1846754Z         "crates/cc-search/src/grep.rs": "f0ca50a24af6ab3337f8a6da64161577a49d738a27d33d7145e9a8bc9d22144c",
2026-10-09T02:30:42.1846916Z         "crates/cc-search/src/lanes.rs": "58cb26a7ae4cfaf6a6f5f387454df5d5cc9137d1d044a0cf6eb40854a1440744",
2026-10-09T02:30:42.1847099Z         "crates/cc-search/src/lanes/exact_symbol.rs": "876190ddbb0514b129997b5d3aef6f5bfa1b84dcb0c32ee69fbf42c74ff7b10d",
2026-10-09T02:30:42.1847259Z         "crates/cc-search/src/lanes/path.rs": "c291891884c04a9f86474f5ab80806df45b140a0ca95574a8229d76246676589",
2026-10-09T02:30:42.1847544Z         "crates/cc-search/src/lanes/semantic_adapter.rs": "9c416289a2e4823ff6bbdf3abaa6c16a80daae67aff4e14d173adf178b5df182",
2026-10-09T02:30:42.1847695Z         "crates/cc-search/src/lib.rs": "274c15f6f5f8a09087fa18844c837dd5a512bcc81c1c303f2783e445877b1583",
2026-10-09T02:30:42.1847847Z         "crates/cc-search/src/plan.rs": "98e9380818a6d4a9fbaec0077ed635335d852fc027a783ce32b20a394e88c9cc",
2026-10-09T02:30:42.1848011Z         "crates/cc-search/src/preselect.rs": "11741090fd395c97ca01db3b63754f3d18de289595e24aac8a3416d26981f639",
2026-10-09T02:30:42.1848234Z         "crates/cc-search/src/query_policy.rs": "7934394278307dec06ffaa683cb3fc33619e3d5516fcc49811d4ec4711ebc612",
2026-10-09T02:30:42.1848403Z         "crates/cc-search/src/query_target.rs": "da97c1de15dd24acf1b863db4b06d1c2a82fd362d05b5e193f7211df186b9a6a",
2026-10-09T02:30:42.1848633Z         "crates/cc-search/src/rrf.rs": "ac35aa954f548f8354b5f2facd952c8bd1fb4c3c7317af5fe76746350c192be1",
2026-10-09T02:30:42.1848791Z         "crates/cc-search/src/scope.rs": "01b4e01f95d8328eaba08477f48bc30dd1f6019afbbdc883ae45429a1b8bf646",
2026-10-09T02:30:42.1848950Z         "crates/cc-search/src/score_trace.rs": "216b4a36a077c43c227f7482978290d3368bd37389ec98e22b37164987973967",
2026-10-09T02:30:42.1849128Z         "crates/cc-search/src/selection/budget.rs": "8c1af78988c351a48e6cd76022dd89f79d2b2d11d7bf4b28ea3484921a36e048",
2026-10-09T02:30:42.1849311Z         "crates/cc-search/src/selection/coverage.rs": "722aeca72aaec51e8c171cc15b1f4230b01336bf0ad3912dfa3d65c06a8f6509",
2026-10-09T02:30:42.1849482Z         "crates/cc-search/src/selection/mod.rs": "95744bd1249554ce295d14d9afcffd340fdea9703f347747f9b5a4902b6b6755",
2026-10-09T02:30:42.1849654Z         "crates/cc-search/src/selection/overlap.rs": "895c95b86194877519df650d78af5dd1491589813fbd793c0d555992e127adcc",
2026-10-09T02:30:42.1849839Z         "crates/cc-search/src/semantic_hydrate_guard.rs": "1f43370be7d99ca5f185694c865e3d7331fdf3c9d53c974fb10062221e21bf42",
2026-10-09T02:30:42.1850001Z         "crates/cc-semantic/Cargo.toml": "7ac7a01de71385321f8cd6d6920c965c6a781e1955bfcc1b6fbac28e77ac6951",
2026-10-09T02:30:42.1850182Z         "crates/cc-semantic/docs/ENCODING-SPACE.md": "00374ecb09152f2859d2eee44dc46c93009c806a7f98af055c97bf612e399b44",
2026-10-09T02:30:42.1850347Z         "crates/cc-semantic/src/admission.rs": "37076aa35fb846495d63d24ba83541746ed43e3a8d138df34b5e22abb0fa4c1c",
2026-10-09T02:30:42.1850506Z         "crates/cc-semantic/src/cache.rs": "747ba3e209bad6383c2141fd2e0eeacedc2913db68186f5137a83069ec34614c",
2026-10-09T02:30:42.1850697Z         "crates/cc-semantic/src/cache_read_bounds_tests.rs": "77ad298925e3ba90e5df0500cb980a84d329128b95917c5aebfd3dab82ae84e9",
2026-10-09T02:30:42.1850871Z         "crates/cc-semantic/src/capability.rs": "5ff9bfd14a04aaafa3bf99e0231fc9329e492580c15d8376ef7ebcc2d5414f84",
2026-10-09T02:30:42.1851025Z         "crates/cc-semantic/src/degrade.rs": "c772a920901349589b7509034d54e61ad24f3c263617d0852047b6b54d1c0779",
2026-10-09T02:30:42.1851181Z         "crates/cc-semantic/src/error.rs": "9081b19876d427cb038b9048c48fbbe62367f29973f832e8b85724d74973cc6c",
2026-10-09T02:30:42.1851333Z         "crates/cc-semantic/src/gc.rs": "1e730ee2884bd2b02b71e32eba5986faf3e14278705ae5ff66f6edf17c8e1c98",
2026-10-09T02:30:42.1851520Z         "crates/cc-semantic/src/gc_concurrency_tests.rs": "cd04e17fd75c7cfe43176033b527dd48fbd76906c3c8d829b161b744a0bf619f",
2026-10-09T02:30:42.1851674Z         "crates/cc-semantic/src/lib.rs": "e7658e819b39bc6d18532f832f299515f2749ecf4e77c4f9e0890d13bae20f45",
2026-10-09T02:30:42.1851832Z         "crates/cc-semantic/src/policy.rs": "722c6dec8b9a90e1c6ffab14c78997311404b95b09640b0b8136ce21bb89733d",
2026-10-09T02:30:42.1851993Z         "crates/cc-semantic/src/ports.rs": "15e68fc276068f48f43cdf9634211bdbfa5c9a7f207fbe34e33eb3a150348925",
2026-10-09T02:30:42.1852157Z         "crates/cc-semantic/src/providers.rs": "39fb17f766d44c7093f0b4ca7d844a4874f5c4db5b9bb90f12b020f1474a5805",
2026-10-09T02:30:42.1852410Z         "crates/cc-semantic/src/providers/fake.rs": "263520b629db0f53ff099d282f42f174d2a64b013e75c302d3f59b38f55a12e8",
2026-10-09T02:30:42.1852611Z         "crates/cc-semantic/src/providers/openai_compatible.rs": "7e65627e2a29fc40436cc8460e93a9a9cc715f8c83b31c7a24d929752acdbca3",
2026-10-09T02:30:42.1852772Z         "crates/cc-semantic/src/publish.rs": "a9b71bf109a09c3bd509d453676400ce45d3ea8d3051feff76d3283904061629",
2026-10-09T02:30:42.1852929Z         "crates/cc-semantic/src/queue.rs": "3ef3d0b90260bfb4f3fed94703ed37e6e02324299996a60a64eb560fc9e9a349",
2026-10-09T02:30:42.1853094Z         "crates/cc-semantic/src/reconcile.rs": "16d66527f6e96d95fcd0f64219ab75e06fd5be5e26e4c777dc09b8fbe54d049c",
2026-10-09T02:30:42.1853339Z         "crates/cc-semantic/src/recovery.rs": "21ea2a9f10ab76111439d60fa450f2a90e3eb9e365c78418cb089bb44fbc4708",
2026-10-09T02:30:42.1853518Z         "crates/cc-semantic/src/space_switch.rs": "f09dde979b3aa1c6aefded96e0cfe5629c9835b88ea344979c69015375d5fb9b",
2026-10-09T02:30:42.1853675Z         "crates/cc-semantic/src/spec.rs": "05c669e51643c9201c231012c8da5df4976ebf8ddb858ecce5d6e8d75c1e9b8e",
2026-10-09T02:30:42.1853831Z         "crates/cc-semantic/src/types.rs": "4fc2f9868474b4e4b664cf63c6958f5bb916360a9c37ca8529d9b8074aaa8b95",
2026-10-09T02:30:42.1853993Z         "crates/cc-semantic/src/vector.rs": "f5b634a1f25bd9206df06eaeb50ba3f31efd589930dbbf8fb96b72866e299bcb",
2026-10-09T02:30:42.1854157Z         "crates/cc-semantic/src/vector/exact.rs": "521e5860410d799212f3c6bec226c51221998666ad596718cd00c58ef051ec5d",
2026-10-09T02:30:42.1854345Z         "crates/cc-semantic/tests/artifact_cache.rs": "ee5de645dafd486ba5be8fe3cf0ce9621fae81afc056cd0000f6fe19e9c50518",
2026-10-09T02:30:42.1854536Z         "crates/cc-semantic/tests/attempt_lease_contract.rs": "58730a414bc5724879fab272ee2d59279e21830692bbda4b35d88d9f2ef5b121",
2026-10-09T02:30:42.1854722Z         "crates/cc-semantic/tests/bounded_parallel.rs": "a8a64072dd4328c0f061c2f2465c29465ca57a6bb6ebc1c831cd6939de928a7e",
2026-10-09T02:30:42.1854924Z         "crates/cc-semantic/tests/crash_independent_review.rs": "fdc5291977db6bc05e1d380e9b24a4b1da92ce3afd5c9a042fabc38fc79d8aeb",
2026-10-09T02:30:42.1855123Z         "crates/cc-semantic/tests/gc_concurrent_replacement.rs": "89419449ee27dd0373a8b14403dace732aeb2246a36dafba1c96793a03e6fc93",
2026-10-09T02:30:42.1855313Z         "crates/cc-semantic/tests/gc_unlink_accounting.rs": "8c5f84cd741349158d861f86d361e2ccdb019eb7fc54833921ffbb29fa567cf3",
2026-10-09T02:30:42.1855506Z         "crates/cc-semantic/tests/manifest_exact_integration.rs": "225965736937a01b54d464be0044247d74de2f2eb7ef009c4f61232b3dd92137",
2026-10-09T02:30:42.1855700Z         "crates/cc-semantic/tests/opportunistic_reclaim.rs": "0718d3a869c0ad17ff486e5f363cc0f2fb980752161934337b7459548d9d5999",
2026-10-09T02:30:42.1855923Z         "crates/cc-semantic/tests/p7_cache_allocation_independent_review.rs": "39b631321fde931c9ecd979beaf56e06fd41ee1b4a18b169171ce2cb14634751",
2026-10-09T02:30:42.1856110Z         "crates/cc-semantic/tests/p7_crash_preparation.rs": "d11a135d77ad04ea14c316303d4592477d4ce2e0713da176d43ff56c658bd780",
2026-10-09T02:30:42.1856311Z         "crates/cc-semantic/tests/p7_staging_gc_preparation.rs": "d2eaa166e0ff68fe4d293c8b8f354458d97b9d2e558de9ff8c8caeb753dd01e9",
2026-10-09T02:30:42.1856483Z         "crates/cc-semantic/tests/publish_cas.rs": "fccce17e7abff855413047f99f835c06ca21029506c696634648d3253200eaa7",
2026-10-09T02:30:42.1856653Z         "crates/cc-semantic/tests/query_cache.rs": "ed28883982e1e2493715b26502f35dc7cb91a057363b206b82bb9d8c8025b9cf",
2026-10-09T02:30:42.1856822Z         "crates/cc-semantic/tests/queue_worker.rs": "04d3d073d1e35c389582e2823c17cd3112545ea4313258b921ed21d93c0e00b0",
2026-10-09T02:30:42.1857010Z         "crates/cc-semantic/tests/reconcile_rebuild.rs": "602dd79bcfb74e94379a9ca086270f4afb76033fa3de0b06b0d2f22fec1e8a88",
2026-10-09T02:30:42.1857196Z         "crates/cc-semantic/tests/retry_worker_layering.rs": "74e3839f91c3af48081c70204a060908eac06d9e659ac18eab196a468f632581",
2026-10-09T02:30:42.1857437Z         "crates/cc-semantic/tests/semantic_degrade.rs": "9912705e9d067d1a320a1df946c865ae40948cfff9c10bfa85cd60175d84b518",
2026-10-09T02:30:42.1857606Z         "crates/cc-semantic/tests/semantic_gc.rs": "86b26a5e3096720238cc62338fb42b86fb182048e6cd9e4c69882d281c79411d",
2026-10-09T02:30:42.1857795Z         "crates/cc-semantic/tests/semantic_recovery.rs": "f320536aeafacb327c3ab62191e5a183d2daa9048b7ae4e717d2d6a0c0e2d798",
2026-10-09T02:30:42.1857960Z         "crates/cc-semantic/tests/space_switch.rs": "a01b746187a6055842e416679137799fd81450d2623ff212c52ec82223d70e67",
2026-10-09T02:30:42.1858220Z         "crates/cc-semantic/tests/staging_gc_independent_review.rs": "15b59ce764289a34d63952b125a0fb35c1fd2d7fe8e3d27007956efdf36c69c8",
2026-10-09T02:30:42.1858373Z         "crates/cc-server/Cargo.toml": "867140f1a44758e9486f0453fdb671dca69811c5ae3afea4e831f1d420d38949",
2026-10-09T02:30:42.1858617Z         "crates/cc-server/src/capability_status.rs": "0a57e96cb0b72d53463f1388b8a4b80632f01573750e33e02dfb7f8f19938c59",
2026-10-09T02:30:42.1858773Z         "crates/cc-server/src/cli.rs": "68d242cb5ef9ef1fb82ab87f019d2860a1dfb3f653c48f75a7bc4973f52518f9",
2026-10-09T02:30:42.1858933Z         "crates/cc-server/src/engine.rs": "b323ee1c6c469cb0f0abe42d6f23ff4a7045df124735af09dcafbc8f4e2ac8b1",
2026-10-09T02:30:42.1859099Z         "crates/cc-server/src/engine_query.rs": "3d7dc84fba4230b2ef59a738f037968863078dbb5697c8d584b0f769bf10c398",
2026-10-09T02:30:42.1859266Z         "crates/cc-server/src/graph_cycles.rs": "2ce366286464d66aaabf6402ca07fab03c0e0b89d2b821a9b8accda0ab80d96d",
2026-10-09T02:30:42.1859430Z         "crates/cc-server/src/graph_flow.rs": "72a542dd8eb3229a7ef346f2e283cc494ec7b9b01a6fe25be816a2350b40bc0e",
2026-10-09T02:30:42.1859628Z         "crates/cc-server/src/graph_read_model/bridge_spec.rs": "f1e5ec03b585c4f74869546776e9ce35bbf4c465d19ecbabe49e53cf57a37620",
2026-10-09T02:30:42.1859816Z         "crates/cc-server/src/graph_read_model/bridges.rs": "671e4c7914602f8675f652f1ae7d6ed83e5db4203bd1d1dcbb3c9553c5f19b8e",
2026-10-09T02:30:42.1860007Z         "crates/cc-server/src/graph_read_model/cache.rs": "b3ded40e31347dc36cf3e534a1acb72974dbbc16ae401cb25eb6cdad95fc6b79",
2026-10-09T02:30:42.1860181Z         "crates/cc-server/src/graph_read_model/mod.rs": "23968f2ff9018526e800a3189f5d7f6c2e01113c093e6aa3947f6ec746ab2c2b",
2026-10-09T02:30:42.1860382Z         "crates/cc-server/src/graph_read_model/projections.rs": "9635c2beffc8b80002527d48baea9c6e8cb3daf3580a9ae6056fbbe07fa45a1b",
2026-10-09T02:30:42.1860551Z         "crates/cc-server/src/graph_trace.rs": "a2c7c218a05ceee29db86b7a32d1b496cdddc54e7ec94fdb976fe5bd81a0ce67",
2026-10-09T02:30:42.1860735Z         "crates/cc-server/src/graph_type_hierarchy.rs": "55d0afdca1bcd4e5931d6f3a305740f37707f7f076eabb03c667f3e33b875410",
2026-10-09T02:30:42.1860899Z         "crates/cc-server/src/graph_types.rs": "dfcc9660328cd680554efb655d181890792298a9ec377a930ad9dd3f8018bb99",
2026-10-09T02:30:42.1861057Z         "crates/cc-server/src/graph_walk.rs": "405cf5efbd9e129f453305763ba84a14984bd1825fc4284ca788d6837480c200",
2026-10-09T02:30:42.1861233Z         "crates/cc-server/src/handlers/context.rs": "74a018c909969a1bbf97007613a99a98d15d801b7deadb8e9c5e581cd9266262",
2026-10-09T02:30:42.1861401Z         "crates/cc-server/src/handlers/core.rs": "624fd729b259d55ff6ac643d6e39afb71997d06dd5156115e0f270a61fb63f8c",
2026-10-09T02:30:42.1861572Z         "crates/cc-server/src/handlers/facade.rs": "2045e98cf957edf5fb6e2345aa41686dd6364ac36aedb1869d39663e6f12af1b",
2026-10-09T02:30:42.1861748Z         "crates/cc-server/src/handlers/freshness.rs": "56dfea6c360202685d90d2953e6d48a94ec1868f88656c73d899bd406b8e32b6",
2026-10-09T02:30:42.1861924Z         "crates/cc-server/src/handlers/graph.rs": "fb1ac5e53f0a4e4c514954ebe1e91dc944db6debb81a6ea383cbe7446876daf2",
2026-10-09T02:30:42.1862092Z         "crates/cc-server/src/handlers/mod.rs": "791448e3f47f0d76fcef059a98e0fcbb427372bab5fdfb29936abf3cef548b85",
2026-10-09T02:30:42.1862281Z         "crates/cc-server/src/handlers/output_budget.rs": "d747ce8f881464debda9bc7005b89a0f9a27cc75d32b96321eb4310f511c2964",
2026-10-09T02:30:42.1862519Z         "crates/cc-server/src/impact.rs": "1eb3f855ff84925b3892e4c9cde64294713eb1aaa8209062946d50091bddd4da",
2026-10-09T02:30:42.1862697Z         "crates/cc-server/src/installer/helpers.rs": "6dc0b55bd118064374289e82a52bc50387bf266b272ef5698f762a8d21a2ec5e",
2026-10-09T02:30:42.1862863Z         "crates/cc-server/src/installer/mod.rs": "3855d218c90d93dbe0b3acd99692a50e94ee44974d22747fe90433ecb0554ac0",
2026-10-09T02:30:42.1863046Z         "crates/cc-server/src/installer/registry.rs": "127efa08a1864ddc35c6e35f17930fe8d6efb7f6480fe09bb3595b44a1b51155",
2026-10-09T02:30:42.1863324Z         "crates/cc-server/src/installer/targets/claude_code.rs": "1d0f800e21d4be36c3412b55cb8ead03dcfbf6f4b42a96524916c71b5f55a7c7",
2026-10-09T02:30:42.1863521Z         "crates/cc-server/src/installer/targets/codex_cli.rs": "f8d148b85d5f071ed3baf01ab5974b75007c98f9cd25263a937f9da5d607e108",
2026-10-09T02:30:42.1863712Z         "crates/cc-server/src/installer/targets/cursor.rs": "17873a918ef59e58180a9b89c720cda94a30c384a82f99a14be134f4987065c4",
2026-10-09T02:30:42.1863908Z         "crates/cc-server/src/installer/targets/gemini_cli.rs": "a19115b9ecc3645e1add9caa9480935ddc8e335b1c8612f710fc4b7c1c789827",
2026-10-09T02:30:42.1864096Z         "crates/cc-server/src/installer/targets/mod.rs": "0e0d9aebd4bc461f26108691bbb7a9fcadcee966bf29ee9471079f293d0ede6c",
2026-10-09T02:30:42.1864291Z         "crates/cc-server/src/installer/targets/opencode.rs": "6b0337c2fab37a4703176c2939aba22062c192ea79ecc1ebf50aef4f660c9d38",
2026-10-09T02:30:42.1864481Z         "crates/cc-server/src/installer/targets/vscode.rs": "c8eae232923f31c8c604c88913ad168e72f3608e4f49ce97d78dc251ae63c650",
2026-10-09T02:30:42.1864662Z         "crates/cc-server/src/installer/targets/zed.rs": "c701e0470ad6795433ae32da38b4d3729f9a34083b71a351355801ea30d09716",
2026-10-09T02:30:42.1864816Z         "crates/cc-server/src/lib.rs": "c5cd1fde310fc6c82a726639bd5a5779cd9a95f57b303b1f5f519b1ac5c88976",
2026-10-09T02:30:42.1864976Z         "crates/cc-server/src/main.rs": "6a11befd0f4cc6dbb77f2f8e88a79c195ee958edfa217ea37d8aea7225c9877b",
2026-10-09T02:30:42.1865126Z         "crates/cc-server/src/mcp.rs": "555e9ec55d433566ef7388bf1c0eac413550fe5cf4cc579a8a49367308034e4c",
2026-10-09T02:30:42.1865302Z         "crates/cc-server/src/mcp_query_tests.rs": "721253dad5d7ae7f46ed7e8d78d8467875fb01afe8addbdecbedd08717f20826",
2026-10-09T02:30:42.1865464Z         "crates/cc-server/src/path_guard.rs": "880abe15db5e11f8f4660802162889ab43bb336b531a8bf2659fe530038afc4f",
2026-10-09T02:30:42.1865643Z         "crates/cc-server/src/project_session.rs": "9d185cddc82b5f16dc6f6e3d9c4b8aef7ed244d1868a3f096a8efc63682b1314",
2026-10-09T02:30:42.1865826Z         "crates/cc-server/src/project_startup_tests.rs": "56824a3425bff561bd0b1859ca1e7e6f3b6ea9dad491f7c201704f816c15a65a",
2026-10-09T02:30:42.1865990Z         "crates/cc-server/src/query_handle.rs": "7b331043093f243e8ad23516098d008216cda0cecb3c3fa63a7947a5f226b420",
2026-10-09T02:30:42.1866180Z         "crates/cc-server/src/semantic_http_transport.rs": "9f6e18a0ed03d49be22681eb7a2662465d2b225679fa18abddce958d81c86d67",
2026-10-09T02:30:42.1866367Z         "crates/cc-server/src/semantic_provider_factory.rs": "e2204649f53a72091486c2ff3b76229c84eaf4d6a688a10f00d372127503dc03",
2026-10-09T02:30:42.1866556Z         "crates/cc-server/src/semantic_query_encoding.rs": "e038f59ebf2794dfc74f552ffca158a29ba7066f6d2bf1f96e3cd9bf3adb416e",
2026-10-09T02:30:42.1866728Z         "crates/cc-server/src/semantic_runtime.rs": "44d1671247408d7b4b99c55cca8d07d4073cb2ce38d16728bdafe828ae77d6e2",
2026-10-09T02:30:42.1866939Z         "crates/cc-server/src/semantic_runtime_maintenance_tests.rs": "b9bb307261340bfc6ad39a5fbeef44f87850e8f3edfa388027ac473a1ba5378d",
2026-10-09T02:30:42.1867114Z         "crates/cc-server/src/semantic_scope_guard.rs": "4016012c4ea7489015df3cd2e2c91dc4a226e0841e388d1747731533e49c14f3",
2026-10-09T02:30:42.1867286Z         "crates/cc-server/src/semantic_wiring.rs": "b63b23981c35a9f53664aaa0b29552642fcdcb206353dcd5a7093f92c665b8ee",
2026-10-09T02:30:42.1867515Z         "crates/cc-server/src/service_factory.rs": "c05a251999bb92fb273958566cfcdc7a8121ee5a5e2bc9f42e6ce0fc25388836",
2026-10-09T02:30:42.1867684Z         "crates/cc-server/src/session_tasks.rs": "b46818202d3e41d2211e4baedd9e25fea55a6b94902aa3dcc904b3f4716c823e",
2026-10-09T02:30:42.1867875Z         "crates/cc-server/src/shared_provider_gate_tests.rs": "eb29f040b5e91bc52eae9e07993814f7440fbf6eeb5680254a89deee36eb0dfc",
2026-10-09T02:30:42.1868042Z         "crates/cc-server/src/symbol_extract.rs": "b2472177e1d50a4d7a65eb5dbe87d1bfb46064e2d813464a160cb0c2a25467dd",
2026-10-09T02:30:42.1868273Z         "crates/cc-server/src/symbol_resolution.rs": "7d68153c3c5d84bcc4138531788a2d33ea2bd7aefb53f7d2fccce87cd137e7f9",
2026-10-09T02:30:42.1868431Z         "crates/cc-server/src/tools.rs": "71c52394168a5704ee53abdef4f10038e5fdfa71032004ddadc94c62d56cb029",
2026-10-09T02:30:42.1868685Z         "crates/cc-server/src/watcher.rs": "d37240b3e0a1becd114c7a386d371509091222e5a216abf3e22cd89b8037a7dd",
2026-10-09T02:30:42.1868885Z         "crates/cc-server/tests/cache_key_review_behavior.rs": "b8a2f73a24ded3d278d1bf95cdd26a54f24560ac80a0ed19a7405ba0942d5846",
2026-10-09T02:30:42.1869071Z         "crates/cc-server/tests/graph_traversal_bench.rs": "c2071df347eef45ddc6709298fb3896a977d866b5cfc52e0bae40b026515f3ea",
2026-10-09T02:30:42.1869275Z         "crates/cc-server/tests/independent_qname_repair_public.rs": "c25a160b77d2c94820dfeea4b613791387da385ca4ce30c13ec7da765625f80f",
2026-10-09T02:30:42.1869462Z         "crates/cc-server/tests/index_fix_pinned_handle.rs": "a4ad3e654a6fe0c174f8f273409740a4368d45e5544da12f82be6d869eaa98af",
2026-10-09T02:30:42.1869635Z         "crates/cc-server/tests/mcp_startup.rs": "c28c0b27305a0db25f9e9d9df76d170eeebc149bde6c5f26c42b4b20d9314a24",
2026-10-09T02:30:42.1869801Z         "crates/cc-server/tests/mcp_stdio.rs": "0c232833a33ad18cbcaaa3baea8145182d5dd893c5fb4a5c635496e2c93f99a2",
2026-10-09T02:30:42.1869987Z         "crates/cc-server/tests/p7_acceptance_matrix.rs": "60b12f03513bc1a847ceafa8c7591fa8028ec959275a6db8245d8ae248a96830",
2026-10-09T02:30:42.1870185Z         "crates/cc-server/tests/p7_dense_artifact_coverage.rs": "5715687b55fefecadd6f6be2d5644ef5c38dccfb9687323a5c7a53aa997b5056",
2026-10-09T02:30:42.1870367Z         "crates/cc-server/tests/p7_gc_retention_config.rs": "b5883874a06dee62834c0553321b63036b876109524838d25b230c38c6cb5667",
2026-10-09T02:30:42.1870581Z         "crates/cc-server/tests/p7_production_fairness_model_review.rs": "e912aacf1b69f6ecf18dae4151924736da5f0fe2d1f45a38fbcd4f130a2baac1",
2026-10-09T02:30:42.1870775Z         "crates/cc-server/tests/p7_query_deadline_public.rs": "a040a860c5992d9b2ce09f978efc3c3ec2d1198b39b5f08ecdabb9f28bcc8c62",
2026-10-09T02:30:42.1870955Z         "crates/cc-server/tests/p7_query_production.rs": "67ef451936fbd37e11b9f812cd6c6fe94768f4f8f77fe7043154dd5e741773f3",
2026-10-09T02:30:42.1871153Z         "crates/cc-server/tests/p7_runtime_independent_review.rs": "7a8548f0717e525d29edfbd143b560049c1f51abba91b13e979658c496d0ae1b",
2026-10-09T02:30:42.1871364Z         "crates/cc-server/tests/p7_status_snapshot_independent_review.rs": "08d8928328f9fc469de448d5b4571899b36a44f70c451e5f37b22609e7489f43",
2026-10-09T02:30:42.1871547Z         "crates/cc-server/tests/p7_v05_all_lane_scope.rs": "f448d6e59c38fb5ae57dfba09c37e3147ba235c070f8770799d99500f1a826f5",
2026-10-09T02:30:42.1871731Z         "crates/cc-server/tests/p7_v05_scope_public.rs": "d7a1fae95ba3d796b06c0c3d365b81f7c3da67ce294434480be7059e29dcef75",
2026-10-09T02:30:42.1871925Z         "crates/cc-server/tests/p7_v05_v11_independent_review.rs": "5408b09c0723181a4f3d325376a2410f4acbcdb5a65085f83a457a995bf7df9e",
2026-10-09T02:30:42.1872115Z         "crates/cc-server/tests/p7_v11_cache_consumption.rs": "f5a8afc1eccb52ff0f1b08dc314134da022403af988744659068dd30da63eaf8",
2026-10-09T02:30:42.1872298Z         "crates/cc-server/tests/p7_v11_cache_key_matrix.rs": "fd9abd1034ceb1dc11548145a8a31468b79105f9958e16a30328463c5a9eba98",
2026-10-09T02:30:42.1872568Z         "crates/cc-server/tests/p7_v11_generation_public.rs": "8d27f02d770e7e5573317cf1ece2e4da92616d56150de871327dc2bdc61bd8ef",
2026-10-09T02:30:42.1872776Z         "crates/cc-server/tests/p7_v11_ready_epoch_independent_review.rs": "15a70b5b5522533a532d85b77ce6b6066fa034676741543e848b49d49b1423df",
2026-10-09T02:30:42.1872960Z         "crates/cc-server/tests/p7_v16_exact_oracle.rs": "806e000aebc0c697f09e8082ceae7ae90d4fa51a1ce0fadee177bb6a09055dc9",
2026-10-09T02:30:42.1873157Z         "crates/cc-server/tests/p7_v16_oracle_independent_review.rs": "662879baab9b8e129845e12362d0d867883f87794627a3744cc16ef3e37a54a9",
2026-10-09T02:30:42.1873419Z         "crates/cc-server/tests/p7_v18_fault_contract.rs": "94b1b8b6f7f0624b0d03ecdc6856800f93f22e4badc3d48a984e7148495cefd3",
2026-10-09T02:30:42.1873613Z         "crates/cc-server/tests/p7_v18_parameter_contract.rs": "48ca0e43e6a1b673f4e4ec3e7bb8fab2710e387b8d2fe4a21f216db83b277361",
2026-10-09T02:30:42.1873805Z         "crates/cc-server/tests/python_declaration_public.rs": "dfb9867c27f8632e33d2a024e48b0694e94346ad542baa87874352c60f19eaed",
2026-10-09T02:30:42.1874005Z         "crates/cc-server/tests/qname_db_independent_review.rs": "1a18e87d408f697fcea5810d2e0deb81cf254075fc7b1394a0b10b1bf8d66e38",
2026-10-09T02:30:42.1874201Z         "crates/cc-server/tests/qname_identity_lifecycle.rs": "fead4a36acaa8fef9bcf0460c36d7ff3b1cdb2b230762adbfd5e0c34af6b9a16",
2026-10-09T02:30:42.1874389Z         "crates/cc-server/tests/qname_public_diagnostic.rs": "ee196bfa255fe829aa4066dfe04e496f5b3b9316767891f64f2cff1d29917553",
2026-10-09T02:30:42.1874592Z         "crates/cc-server/tests/support/p7_status_review/legacy.rs": "273e5b4c9709257f568f825db46aee0f0e990131ff5a7d7cf0d0509d35e488b9",
2026-10-09T02:30:42.1874798Z         "crates/cc-server/tests/v11_consumption_independent_review.rs": "42e13a105eb8b03e96454eb2bd58b0224b8a86798dc50b9fc6926a031937bece"
2026-10-09T02:30:42.1874846Z       }
2026-10-09T02:30:42.1874888Z     },
2026-10-09T02:30:42.1874939Z     "observer": {
2026-10-09T02:30:42.1875031Z       "source_commit": "a23bb72d3c954f385b99fe81ce9189885c208557",
2026-10-09T02:30:42.1875080Z       "files": {
2026-10-09T02:30:42.1875140Z         "scripts/p8_runtime.py": {
2026-10-09T02:30:42.1875226Z           "git_blob": "3fe09616768cf35ecc3b76f348ef9eca88d98cd8",
2026-10-09T02:30:42.1875279Z           "git_mode": "100644",
2026-10-09T02:30:42.1875329Z           "bytes": 58896,
2026-10-09T02:30:42.1875450Z           "sha256": "0656766656ad73b69e6e28db742115ec9b3dd0440c515f694b7568d3cf87c79d"
2026-10-09T02:30:42.1875493Z         },
2026-10-09T02:30:42.1875555Z         "scripts/p8_runtime_build.py": {
2026-10-09T02:30:42.1875638Z           "git_blob": "95da67c6a270cf4fd96f318cc4ffd494bbad5512",
2026-10-09T02:30:42.1875690Z           "git_mode": "100644",
2026-10-09T02:30:42.1875739Z           "bytes": 18068,
2026-10-09T02:30:42.1875859Z           "sha256": "cf453e1f4312b95dde0cc0338cecab3abf0467c8c3c1428c354824d01c1d20db"
2026-10-09T02:30:42.1875904Z         },
2026-10-09T02:30:42.1875962Z         "scripts/p7_build_identity.py": {
2026-10-09T02:30:42.1876041Z           "git_blob": "4f2213705984effd6aa3cdb75a99cbb03a08c39e",
2026-10-09T02:30:42.1876088Z           "git_mode": "100644",
2026-10-09T02:30:42.1876137Z           "bytes": 5940,
2026-10-09T02:30:42.1876249Z           "sha256": "5003305105464936edf8f444fc0b93cd14a5d5f074dc650f16de2259e86f1cc5"
2026-10-09T02:30:42.1876293Z         },
2026-10-09T02:30:42.1876350Z         "scripts/p8_cold_build.py": {
2026-10-09T02:30:42.1876427Z           "git_blob": "ed454b6d29e727c87b0b26e4a975a840d0dec310",
2026-10-09T02:30:42.1876475Z           "git_mode": "100644",
2026-10-09T02:30:42.1876521Z           "bytes": 52649,
2026-10-09T02:30:42.1876634Z           "sha256": "f910326658b5539c539d1c02cd29a1236e11911b581f1beaf2495a42b53319fa"
2026-10-09T02:30:42.1876676Z         },
2026-10-09T02:30:42.1876733Z         "scripts/p8_rollback.py": {
2026-10-09T02:30:42.1876813Z           "git_blob": "61ff1d61c0fc9f14b92daf522faa0d9d5e04be56",
2026-10-09T02:30:42.1876951Z           "git_mode": "100644",
2026-10-09T02:30:42.1876999Z           "bytes": 38818,
2026-10-09T02:30:42.1877116Z           "sha256": "4aa129fb9f2cd72b591d5c26a3b5e87aae0e2c3c6d03717c199fa612a322de50"
2026-10-09T02:30:42.1877160Z         },
2026-10-09T02:30:42.1877224Z         "scripts/p7_stdio_build_receipt.py": {
2026-10-09T02:30:42.1877303Z           "git_blob": "2b031eb8fc71b0e64ee4bc41f835a49f7c01e45e",
2026-10-09T02:30:42.1877352Z           "git_mode": "100644",
2026-10-09T02:30:42.1877398Z           "bytes": 9147,
2026-10-09T02:30:42.1877509Z           "sha256": "e3fd3015d52765f4b61a3ef1f7381b3037b8254c36f1bd26f548d28053e85da2"
2026-10-09T02:30:42.1877606Z         },
2026-10-09T02:30:42.1877664Z         "scripts/p8_backfill.py": {
2026-10-09T02:30:42.1877740Z           "git_blob": "380b775c0de6141ed8b4f63d2fb4a223bba54221",
2026-10-09T02:30:42.1877788Z           "git_mode": "100644",
2026-10-09T02:30:42.1877833Z           "bytes": 8799,
2026-10-09T02:30:42.1877951Z           "sha256": "c6f75ab31b226b7fea6ef7f14adc66d823015d909f57b0bd47a8e7f10b47a4dd"
2026-10-09T02:30:42.1877994Z         },
2026-10-09T02:30:42.1878059Z         "scripts/resource_harness/__init__.py": {
2026-10-09T02:30:42.1878134Z           "git_blob": "2371ef6525a9815cf327d95d7f8aca1455257e8d",
2026-10-09T02:30:42.1878180Z           "git_mode": "100644",
2026-10-09T02:30:42.1878226Z           "bytes": 74,
2026-10-09T02:30:42.1878339Z           "sha256": "3193f3cffa59c2c6613b3ec007343207598b3cbb0d7c4c7fbcf4513cb9ca3a36"
2026-10-09T02:30:42.1878382Z         },
2026-10-09T02:30:42.1878446Z         "scripts/resource_harness/runtime.py": {
2026-10-09T02:30:42.1878626Z           "git_blob": "d39eb4ba95f3c3431d1a424c3f6d7f4563664b5c",
2026-10-09T02:30:42.1878674Z           "git_mode": "100644",
2026-10-09T02:30:42.1878721Z           "bytes": 11117,
2026-10-09T02:30:42.1878831Z           "sha256": "5876d2b0102f6e3a38189b2337c1783500393acde0dc04666d7f97ff34d92cc5"
2026-10-09T02:30:42.1878876Z         }
2026-10-09T02:30:42.1878918Z       },
2026-10-09T02:30:42.1879054Z       "manifest_sha256": "ca48939e0647dba2f12e9f26ab0bc88860219ddb304574b6386e5d47b8945064"
2026-10-09T02:30:42.1879097Z     },
2026-10-09T02:30:42.1879145Z     "artifacts": {
2026-10-09T02:30:42.1879191Z       "codecortex": {
2026-10-09T02:30:42.1879286Z         "binary_path": "/home/runner/work/_temp/p8-build/codecortex",
2026-10-09T02:30:42.1879420Z         "binary_sha256": "ed2cf258553e3235ab3ed8f4a1c485e6f3b67f85a474bacdcbf16e63b8f0c49b",
2026-10-09T02:30:42.1879474Z         "binary_bytes": 27068696,
2026-10-09T02:30:42.1879524Z         "copy_source": {
2026-10-09T02:30:42.1879636Z           "path": "/home/runner/work/_temp/p8-runtime-target/release/codecortex",
2026-10-09T02:30:42.1879687Z           "bytes": 27068696,
2026-10-09T02:30:42.1879804Z           "sha256": "ed2cf258553e3235ab3ed8f4a1c485e6f3b67f85a474bacdcbf16e63b8f0c49b"
2026-10-09T02:30:42.1879846Z         },
2026-10-09T02:30:42.1879895Z         "cargo_artifact": {
2026-10-09T02:30:42.1879957Z           "reason": "compiler-artifact",
2026-10-09T02:30:42.1880107Z           "package_id": "path+file:///home/runner/work/codecortex/codecortex/crates/cc-server#1.0.0",
2026-10-09T02:30:42.1880243Z           "manifest_path": "/home/runner/work/codecortex/codecortex/crates/cc-server/Cargo.toml",
2026-10-09T02:30:42.1880290Z           "target": {
2026-10-09T02:30:42.1880334Z             "kind": [
2026-10-09T02:30:42.1880378Z               "bin"
2026-10-09T02:30:42.1880420Z             ],
2026-10-09T02:30:42.1880472Z             "crate_types": [
2026-10-09T02:30:42.1880515Z               "bin"
2026-10-09T02:30:42.1880561Z             ],
2026-10-09T02:30:42.1880615Z             "name": "codecortex",
2026-10-09T02:30:42.1880744Z             "src_path": "/home/runner/work/codecortex/codecortex/crates/cc-server/src/main.rs",
2026-10-09T02:30:42.1880794Z             "edition": "2021",
2026-10-09T02:30:42.1880840Z             "doc": true,
2026-10-09T02:30:42.1880888Z             "doctest": false,
2026-10-09T02:30:42.1881026Z             "test": true
2026-10-09T02:30:42.1881067Z           },
2026-10-09T02:30:42.1881114Z           "profile": {
2026-10-09T02:30:42.1881163Z             "opt_level": "3",
2026-10-09T02:30:42.1881210Z             "debuginfo": 0,
2026-10-09T02:30:42.1881266Z             "debug_assertions": false,
2026-10-09T02:30:42.1881320Z             "overflow_checks": false,
2026-10-09T02:30:42.1881367Z             "test": false
2026-10-09T02:30:42.1881407Z           },
2026-10-09T02:30:42.1881455Z           "features": [],
2026-10-09T02:30:42.1881501Z           "filenames": [
2026-10-09T02:30:42.1881598Z             "/home/runner/work/_temp/p8-runtime-target/release/codecortex"
2026-10-09T02:30:42.1881719Z           ],
2026-10-09T02:30:42.1881835Z           "executable": "/home/runner/work/_temp/p8-runtime-target/release/codecortex",
2026-10-09T02:30:42.1881882Z           "fresh": false
2026-10-09T02:30:42.1881923Z         }
2026-10-09T02:30:42.1881965Z       },
2026-10-09T02:30:42.1882015Z       "p8-oracle": {
2026-10-09T02:30:42.1882105Z         "binary_path": "/home/runner/work/_temp/p8-build/p8-oracle",
2026-10-09T02:30:42.1882240Z         "binary_sha256": "b6c4a90c0746ddde2b4e0b5acbc2ff545b4990dae5f04fe064d4600c3009566e",
2026-10-09T02:30:42.1882290Z         "binary_bytes": 2964184,
2026-10-09T02:30:42.1882338Z         "copy_source": {
2026-10-09T02:30:42.1882441Z           "path": "/home/runner/work/_temp/p8-runtime-target/release/p8-oracle",
2026-10-09T02:30:42.1882489Z           "bytes": 2964184,
2026-10-09T02:30:42.1882604Z           "sha256": "b6c4a90c0746ddde2b4e0b5acbc2ff545b4990dae5f04fe064d4600c3009566e"
2026-10-09T02:30:42.1882646Z         },
2026-10-09T02:30:42.1882697Z         "cargo_artifact": {
2026-10-09T02:30:42.1882753Z           "reason": "compiler-artifact",
2026-10-09T02:30:42.1882890Z           "package_id": "path+file:///home/runner/work/codecortex/codecortex/crates/cc-eval#1.0.0",
2026-10-09T02:30:42.1883018Z           "manifest_path": "/home/runner/work/codecortex/codecortex/crates/cc-eval/Cargo.toml",
2026-10-09T02:30:42.1883065Z           "target": {
2026-10-09T02:30:42.1883108Z             "kind": [
2026-10-09T02:30:42.1883151Z               "bin"
2026-10-09T02:30:42.1883191Z             ],
2026-10-09T02:30:42.1883241Z             "crate_types": [
2026-10-09T02:30:42.1883284Z               "bin"
2026-10-09T02:30:42.1883324Z             ],
2026-10-09T02:30:42.1883375Z             "name": "p8-oracle",
2026-10-09T02:30:42.1883514Z             "src_path": "/home/runner/work/codecortex/codecortex/crates/cc-eval/src/bin/p8-oracle.rs",
2026-10-09T02:30:42.1883564Z             "edition": "2021",
2026-10-09T02:30:42.1883608Z             "doc": true,
2026-10-09T02:30:42.1883660Z             "doctest": false,
2026-10-09T02:30:42.1883706Z             "test": true
2026-10-09T02:30:42.1883746Z           },
2026-10-09T02:30:42.1883792Z           "profile": {
2026-10-09T02:30:42.1883840Z             "opt_level": "3",
2026-10-09T02:30:42.1883887Z             "debuginfo": 0,
2026-10-09T02:30:42.1883942Z             "debug_assertions": false,
2026-10-09T02:30:42.1883995Z             "overflow_checks": false,
2026-10-09T02:30:42.1884041Z             "test": false
2026-10-09T02:30:42.1884083Z           },
2026-10-09T02:30:42.1884129Z           "features": [],
2026-10-09T02:30:42.1884174Z           "filenames": [
2026-10-09T02:30:42.1884269Z             "/home/runner/work/_temp/p8-runtime-target/release/p8-oracle"
2026-10-09T02:30:42.1884309Z           ],
2026-10-09T02:30:42.1884419Z           "executable": "/home/runner/work/_temp/p8-runtime-target/release/p8-oracle",
2026-10-09T02:30:42.1884464Z           "fresh": false
2026-10-09T02:30:42.1884505Z         }
2026-10-09T02:30:42.1884546Z       },
2026-10-09T02:30:42.1884602Z       "p8-runtime-statistics": {
2026-10-09T02:30:42.1884707Z         "binary_path": "/home/runner/work/_temp/p8-build/p8-runtime-statistics",
2026-10-09T02:30:42.1884834Z         "binary_sha256": "11b5a94f4d9197258c5ea57489db9e488c0d25e5da7070e54a2bd2c08738699a",
2026-10-09T02:30:42.1884965Z         "binary_bytes": 974880,
2026-10-09T02:30:42.1885011Z         "copy_source": {
2026-10-09T02:30:42.1885135Z           "path": "/home/runner/work/_temp/p8-runtime-target/release/p8-runtime-statistics",
2026-10-09T02:30:42.1885181Z           "bytes": 974880,
2026-10-09T02:30:42.1885294Z           "sha256": "11b5a94f4d9197258c5ea57489db9e488c0d25e5da7070e54a2bd2c08738699a"
2026-10-09T02:30:42.1885335Z         },
2026-10-09T02:30:42.1885382Z         "cargo_artifact": {
2026-10-09T02:30:42.1885438Z           "reason": "compiler-artifact",
2026-10-09T02:30:42.1885570Z           "package_id": "path+file:///home/runner/work/codecortex/codecortex/crates/cc-eval#1.0.0",
2026-10-09T02:30:42.1885757Z           "manifest_path": "/home/runner/work/codecortex/codecortex/crates/cc-eval/Cargo.toml",
2026-10-09T02:30:42.1885802Z           "target": {
2026-10-09T02:30:42.1885846Z             "kind": [
2026-10-09T02:30:42.1885888Z               "bin"
2026-10-09T02:30:42.1885929Z             ],
2026-10-09T02:30:42.1885982Z             "crate_types": [
2026-10-09T02:30:42.1886023Z               "bin"
2026-10-09T02:30:42.1886065Z             ],
2026-10-09T02:30:42.1886126Z             "name": "p8-runtime-statistics",
2026-10-09T02:30:42.1886294Z             "src_path": "/home/runner/work/codecortex/codecortex/crates/cc-eval/src/bin/p8-runtime-statistics.rs",
2026-10-09T02:30:42.1886343Z             "edition": "2021",
2026-10-09T02:30:42.1886387Z             "doc": true,
2026-10-09T02:30:42.1886435Z             "doctest": false,
2026-10-09T02:30:42.1886479Z             "test": true
2026-10-09T02:30:42.1886520Z           },
2026-10-09T02:30:42.1886565Z           "profile": {
2026-10-09T02:30:42.1886618Z             "opt_level": "3",
2026-10-09T02:30:42.1886664Z             "debuginfo": 0,
2026-10-09T02:30:42.1886717Z             "debug_assertions": false,
2026-10-09T02:30:42.1886771Z             "overflow_checks": false,
2026-10-09T02:30:42.1886816Z             "test": false
2026-10-09T02:30:42.1886859Z           },
2026-10-09T02:30:42.1886905Z           "features": [],
2026-10-09T02:30:42.1886951Z           "filenames": [
2026-10-09T02:30:42.1887065Z             "/home/runner/work/_temp/p8-runtime-target/release/p8-runtime-statistics"
2026-10-09T02:30:42.1887107Z           ],
2026-10-09T02:30:42.1887242Z           "executable": "/home/runner/work/_temp/p8-runtime-target/release/p8-runtime-statistics",
2026-10-09T02:30:42.1887287Z           "fresh": false
2026-10-09T02:30:42.1887328Z         }
2026-10-09T02:30:42.1887368Z       }
2026-10-09T02:30:42.1887411Z     },
2026-10-09T02:30:42.1887455Z     "toolchain": {
2026-10-09T02:30:42.1887499Z       "cargo": {
2026-10-09T02:30:42.1887542Z         "command": [
2026-10-09T02:30:42.1887600Z           "/home/runner/.cargo/bin/cargo",
2026-10-09T02:30:42.1887645Z           "--version",
2026-10-09T02:30:42.1887690Z           "--verbose"
2026-10-09T02:30:42.1887732Z         ],
2026-10-09T02:30:42.1887804Z         "executable": "/home/runner/.cargo/bin/rustup",
2026-10-09T02:30:42.1887946Z         "executable_sha256": "dda7234360b7f578ca8b0ddcb80145646fa61a67c1720a5abc7051b35c9fcb71",
2026-10-09T02:30:42.1888014Z         "invocation": "/home/runner/.cargo/bin/cargo",
2026-10-09T02:30:42.1888677Z         "version": "cargo 1.95.0 (f2d3ce0bd 2026-03-21)\nrelease: 1.95.0\ncommit-hash: f2d3ce0bd7f24a49f8f72d9000448f8838c4e850\ncommit-date: 2026-03-21\nhost: x86_64-unknown-linux-gnu\nlibgit2: 1.9.2 (sys:0.20.4 vendored)\nlibcurl: 8.15.0-DEV (sys:0.4.83+curl-8.15.0 vendored ssl:OpenSSL/3.5.4)\nssl: OpenSSL 3.5.4 30 Sep 2025\nos: Ubuntu 24.4.0 (noble) [64-bit]"
2026-10-09T02:30:42.1888721Z       },
2026-10-09T02:30:42.1888763Z       "rustc": {
2026-10-09T02:30:42.1888809Z         "command": [
2026-10-09T02:30:42.1888864Z           "/home/runner/.cargo/bin/rustc",
2026-10-09T02:30:42.1888910Z           "--version",
2026-10-09T02:30:42.1888952Z           "--verbose"
2026-10-09T02:30:42.1888994Z         ],
2026-10-09T02:30:42.1889065Z         "executable": "/home/runner/.cargo/bin/rustup",
2026-10-09T02:30:42.1889295Z         "executable_sha256": "dda7234360b7f578ca8b0ddcb80145646fa61a67c1720a5abc7051b35c9fcb71",
2026-10-09T02:30:42.1889363Z         "invocation": "/home/runner/.cargo/bin/rustc",
2026-10-09T02:30:42.1889707Z         "version": "rustc 1.95.0 (59807616e 2026-04-14)\nbinary: rustc\ncommit-hash: 59807616e1fa2540724bfbac14d7976d7e4a3860\ncommit-date: 2026-04-14\nhost: x86_64-unknown-linux-gnu\nrelease: 1.95.0\nLLVM version: 22.1.2"
2026-10-09T02:30:42.1889750Z       }
2026-10-09T02:30:42.1889791Z     },
2026-10-09T02:30:42.1889896Z     "receipt_path": "/home/runner/work/_temp/p8-build/build-receipt.json",
2026-10-09T02:30:42.1890113Z     "receipt_sha256": "ee50f2a4f7380b68fb5c52dfb7456cdfad61573c77f919c7b1f9fc1ae024ed36",
2026-10-09T02:30:42.1890247Z     "build_seal_sha256": "3624fcb7ff752dde8da8442e639ce45fb5e8245060369e5e0a1d2c5695876dfb",
2026-10-09T02:30:42.1890418Z     "verification_scope": "original Cargo target, copied artifacts and committed observer available in this job"
2026-10-09T02:30:42.1890462Z   },
2026-10-09T02:30:42.1890587Z   "raw_sha256": "e7abf3eb9127113a4fc47b432defab5ca058124742b4c470173fee9905a3f19f",
2026-10-09T02:30:42.1890712Z   "plan_sha256": "cb43d6e6b9e196cc3e90bacbd53a00a23a9896189928d0714bf9f1889dfba62c",
2026-10-09T02:30:42.1890766Z   "artifact_seal": "seal.json",
2026-10-09T02:30:42.1890822Z   "artifact_seal_status": "sealed",
2026-10-09T02:30:42.1890872Z   "elapsed_ns": 449574111834
2026-10-09T02:30:42.1890921Z }
2026-10-09T02:30:42.1915223Z ##[group]Run python3 scripts/p8_runtime.py verify --output "$RUNNER_TEMP/p8-runtime" \
2026-10-09T02:30:42.1915388Z [36;1mpython3 scripts/p8_runtime.py verify --output "$RUNNER_TEMP/p8-runtime" \[0m
2026-10-09T02:30:42.1915458Z [36;1m  --build-output "$RUNNER_TEMP/p8-build"[0m
2026-10-09T02:30:42.1965331Z shell: /usr/bin/bash -e {0}
2026-10-09T02:30:42.1965375Z env:
2026-10-09T02:30:42.1965430Z   CARGO_TERM_COLOR: never
2026-10-09T02:30:42.1965479Z   CARGO_INCREMENTAL: 0
2026-10-09T02:30:42.1965532Z   CARGO_BUILD_JOBS: 2
2026-10-09T02:30:42.1965589Z   PYTHONDONTWRITEBYTECODE: 1
2026-10-09T02:30:42.1965646Z   CARGO_HOME: /home/runner/.cargo
2026-10-09T02:30:42.1965695Z ##[endgroup]
2026-10-09T02:30:42.3982590Z {"status": "sealed_artifacts_verified", "files": 2110, "observation_status": "passed_observation", "observation_exit_code": 0}
2026-10-09T02:30:42.4096043Z ##[group]Run actions/upload-artifact@v4
2026-10-09T02:30:42.4096104Z with:
2026-10-09T02:30:42.4096204Z   name: p8-mixed-c4-a23bb72d3c954f385b99fe81ce9189885c208557
2026-10-09T02:30:42.4096319Z   path: /home/runner/work/_temp/p8-build
/home/runner/work/_temp/p8-runtime

2026-10-09T02:30:42.4096380Z   include-hidden-files: true
2026-10-09T02:30:42.4096435Z   if-no-files-found: error
2026-10-09T02:30:42.4096484Z   compression-level: 6
2026-10-09T02:30:42.4096531Z   overwrite: false
2026-10-09T02:30:42.4096574Z env:
2026-10-09T02:30:42.4096627Z   CARGO_TERM_COLOR: never
2026-10-09T02:30:42.4096673Z   CARGO_INCREMENTAL: 0
2026-10-09T02:30:42.4096729Z   CARGO_BUILD_JOBS: 2
2026-10-09T02:30:42.4096783Z   PYTHONDONTWRITEBYTECODE: 1
2026-10-09T02:30:42.4096839Z   CARGO_HOME: /home/runner/.cargo
2026-10-09T02:30:42.4096888Z ##[endgroup]
2026-10-09T02:30:42.5183773Z (node:10494) [DEP0040] DeprecationWarning: The `punycode` module is deprecated. Please use a userland alternative instead.
2026-10-09T02:30:42.5184524Z (Use `node --trace-deprecation ...` to show where the warning was created)
2026-10-09T02:30:42.6666982Z Multiple search paths detected. Calculating the least common ancestor of all paths
2026-10-09T02:30:42.6668708Z The least common ancestor is /home/runner/work/_temp. This will be the root directory of the artifact
2026-10-09T02:30:42.6669268Z With the provided path, there will be 2129 files uploaded
2026-10-09T02:30:42.6673060Z Artifact name is valid!
2026-10-09T02:30:42.6673453Z Root directory input is valid!
2026-10-09T02:30:42.9478372Z Beginning upload of artifact content to blob storage
2026-10-09T02:30:43.4765239Z (node:10494) [DEP0169] DeprecationWarning: `url.parse()` behavior is not standardized and prone to errors that have security implications. Use the WHATWG URL API instead. CVEs are not issued for `url.parse()` vulnerabilities.
2026-10-09T02:30:44.0451070Z Uploaded bytes 8388608
2026-10-09T02:30:44.5323971Z Uploaded bytes 16777216
2026-10-09T02:30:44.5902043Z Uploaded bytes 16987501
2026-10-09T02:30:44.6351153Z Finished uploading artifact content to blob storage!
2026-10-09T02:30:44.6353687Z SHA256 digest of uploaded artifact zip is 727ab17068655b9ee5cd5677fb3f1a9fb4460c87266dfb0e6628d9a75678502c
2026-10-09T02:30:44.6354802Z Finalizing artifact upload
2026-10-09T02:30:44.8766536Z Artifact p8-mixed-c4-a23bb72d3c954f385b99fe81ce9189885c208557.zip successfully finalized. Artifact ID 11591493782
2026-10-09T02:30:44.8767247Z Artifact p8-mixed-c4-a23bb72d3c954f385b99fe81ce9189885c208557 has been successfully uploaded! Final size is 16987501 bytes. Artifact ID is 11591493782
2026-10-09T02:30:44.8771786Z Artifact download URL: https://github.com/jyqj/codecortex/actions/runs/37871838957/artifacts/11591493782
2026-10-09T02:30:44.9008805Z Post job cleanup.
2026-10-09T02:30:44.9520054Z [command]/usr/bin/git version
2026-10-09T02:30:44.9546638Z git version 2.55.0
2026-10-09T02:30:44.9567798Z Temporarily overriding HOME='/home/runner/work/_temp/1fc00c05-9166-4003-9973-c32857bc0155' before making global git config changes
2026-10-09T02:30:44.9568333Z Adding repository directory to the temporary git global config as a safe directory
2026-10-09T02:30:44.9571270Z [command]/usr/bin/git config --global --add safe.directory /home/runner/work/codecortex/codecortex
2026-10-09T02:30:44.9597515Z [command]/usr/bin/git config --local --name-only --get-regexp core\.sshCommand
2026-10-09T02:30:44.9621512Z [command]/usr/bin/git submodule foreach --recursive sh -c "git config --local --name-only --get-regexp 'core\.sshCommand' && git config --local --unset-all 'core.sshCommand' || :"
2026-10-09T02:30:44.9804369Z [command]/usr/bin/git config --local --name-only --get-regexp http\.https\:\/\/github\.com\/\.extraheader
2026-10-09T02:30:44.9822242Z http.https://github.com/.extraheader
2026-10-09T02:30:44.9828757Z [command]/usr/bin/git config --local --unset-all http.https://github.com/.extraheader
2026-10-09T02:30:44.9853109Z [command]/usr/bin/git submodule foreach --recursive sh -c "git config --local --name-only --get-regexp 'http\.https\:\/\/github\.com\/\.extraheader' && git config --local --unset-all 'http.https://github.com/.extraheader' || :"
2026-10-09T02:30:45.0032985Z [command]/usr/bin/git config --local --name-only --get-regexp ^includeIf\.gitdir:
2026-10-09T02:30:45.0056715Z [command]/usr/bin/git submodule foreach --recursive git config --local --show-origin --name-only --get-regexp remote.origin.url
2026-10-09T02:30:45.0339733Z Cleaning up orphan processes
2026-10-09T02:30:45.0553792Z ##[warning]Node.js 20 is deprecated. The following actions target Node.js 20 but are being forced to run on Node.js 24: actions/checkout@v4, actions/upload-artifact@v4. For more information see: https://github.blog/changelog/2025-09-19-deprecation-of-node-20-on-github-actions-runners/
