   Compiling cc-server v1.0.0 (/home/runner/work/codecortex/codecortex/crates/cc-server)
    Finished `test` profile [unoptimized] target(s) in 9.35s
     Running tests/mcp_stdio.rs (/home/runner/work/_temp/p7-closeout-target/debug/deps/mcp_stdio-b2d33fc58c41fb62)

running 9 tests
[2m2026-10-08T03:53:01.153919Z[0m [32m INFO[0m [2mcc_db::index_migrate[0m[2m:[0m initializing index schema [3mversion[0m[2m=[0m25
[2m2026-10-08T03:53:01.155239Z[0m [32m INFO[0m [2mcc_db::index_migrate[0m[2m:[0m initializing index schema [3mversion[0m[2m=[0m25
[2m2026-10-08T03:53:01.155240Z[0m [32m INFO[0m [2mcc_db::index_migrate[0m[2m:[0m initializing index schema [3mversion[0m[2m=[0m25
[2m2026-10-08T03:53:01.155271Z[0m [32m INFO[0m [2mcc_db::index_migrate[0m[2m:[0m initializing index schema [3mversion[0m[2m=[0m25
[2m2026-10-08T03:53:01.177133Z[0m [32m INFO[0m [2mcc_index::memory_budget[0m[2m:[0m memory budget initialized [3mtotal_ram_mb[0m[2m=[0m15989 [3mbudget_mb[0m[2m=[0m7994 [3mfraction[0m[2m=[0m0.5
[2m2026-10-08T03:53:01.178914Z[0m [32m INFO[0m [2mcc_index::memory_budget[0m[2m:[0m memory budget initialized [3mtotal_ram_mb[0m[2m=[0m15989 [3mbudget_mb[0m[2m=[0m7994 [3mfraction[0m[2m=[0m0.5
[2m2026-10-08T03:53:01.181292Z[0m [32m INFO[0m [2mcc_server::watcher[0m[2m:[0m watcher: counted project files for adaptive debounce [3mfile_count[0m[2m=[0m3
[2m2026-10-08T03:53:01.181313Z[0m [32m INFO[0m [2mcc_server::watcher[0m[2m:[0m watcher: adaptive debounce interval computed [3mdebounce_ms[0m[2m=[0m500
[2m2026-10-08T03:53:01.182550Z[0m [32m INFO[0m [1mserve_inner[0m[2m:[0m [2mrmcp::service[0m[2m:[0m Service initialized as server [3mpeer_info[0m[2m=[0mSome(InitializeRequestParams { meta: None, protocol_version: ProtocolVersion("2025-11-25"), capabilities: ClientCapabilities { experimental: None, extensions: None, roots: None, sampling: None, elicitation: None, tasks: None }, client_info: Implementation { name: "rmcp", title: None, version: "2.2.0", description: None, icons: None, website_url: None } })
[2m2026-10-08T03:53:01.182555Z[0m [32m INFO[0m [1mserve_inner[0m[2m:[0m [2mrmcp::service[0m[2m:[0m Service initialized as server [3mpeer_info[0m[2m=[0mSome(InitializeRequestParams { meta: None, protocol_version: ProtocolVersion("2025-11-25"), capabilities: ClientCapabilities { experimental: None, extensions: None, roots: None, sampling: None, elicitation: None, tasks: None }, client_info: Implementation { name: "rmcp", title: None, version: "2.2.0", description: None, icons: None, website_url: None } })
[2m2026-10-08T03:53:01.182618Z[0m [32m INFO[0m [2mcc_server::mcp[0m[2m:[0m MCP server started on stdio
[2m2026-10-08T03:53:01.182622Z[0m [32m INFO[0m [2mcc_server::mcp[0m[2m:[0m MCP server started on stdio
[2m2026-10-08T03:53:01.182907Z[0m [32m INFO[0m [2mcc_index::memory_budget[0m[2m:[0m memory budget initialized [3mtotal_ram_mb[0m[2m=[0m15989 [3mbudget_mb[0m[2m=[0m7994 [3mfraction[0m[2m=[0m0.5
[2m2026-10-08T03:53:01.182928Z[0m [32m INFO[0m [1mserve_inner[0m[2m:[0m [2mrmcp::service[0m[2m:[0m Service initialized as server [3mpeer_info[0m[2m=[0mSome(InitializeRequestParams { meta: None, protocol_version: ProtocolVersion("2025-11-25"), capabilities: ClientCapabilities { experimental: None, extensions: None, roots: None, sampling: None, elicitation: None, tasks: None }, client_info: Implementation { name: "rmcp", title: None, version: "2.2.0", description: None, icons: None, website_url: None } })
[2m2026-10-08T03:53:01.182986Z[0m [32m INFO[0m [2mcc_server::mcp[0m[2m:[0m MCP server started on stdio
[2m2026-10-08T03:53:01.183231Z[0m [32m INFO[0m [2mcc_index::memory_budget[0m[2m:[0m memory budget initialized [3mtotal_ram_mb[0m[2m=[0m15989 [3mbudget_mb[0m[2m=[0m7994 [3mfraction[0m[2m=[0m0.5
[2m2026-10-08T03:53:01.183760Z[0m [32m INFO[0m [1mserve_inner[0m[2m:[0m [2mrmcp::service[0m[2m:[0m received notification [3mnotification[0m[2m=[0mInitializedNotification(NotificationNoParam { method: InitializedNotificationMethod, extensions: Extensions })
[2m2026-10-08T03:53:01.183832Z[0m [32m INFO[0m [1mserve_inner[0m[2m:[0m [2mrmcp::handler::server[0m[2m:[0m client initialized
[2m2026-10-08T03:53:01.184597Z[0m [32m INFO[0m [1mserve_inner[0m[2m:[0m [2mrmcp::service[0m[2m:[0m received notification [3mnotification[0m[2m=[0mInitializedNotification(NotificationNoParam { method: InitializedNotificationMethod, extensions: Extensions })
[2m2026-10-08T03:53:01.185725Z[0m [32m INFO[0m [1mserve_inner[0m[2m:[0m [2mrmcp::handler::server[0m[2m:[0m client initialized
[2m2026-10-08T03:53:01.186718Z[0m [32m INFO[0m [2mcc_server::watcher[0m[2m:[0m watcher: counted project files for adaptive debounce [3mfile_count[0m[2m=[0m3
[2m2026-10-08T03:53:01.186755Z[0m [32m INFO[0m [2mcc_server::watcher[0m[2m:[0m watcher: adaptive debounce interval computed [3mdebounce_ms[0m[2m=[0m500
[2m2026-10-08T03:53:01.187378Z[0m [32m INFO[0m [2mcc_server::watcher[0m[2m:[0m watcher: counted project files for adaptive debounce [3mfile_count[0m[2m=[0m3
[2m2026-10-08T03:53:01.187561Z[0m [32m INFO[0m [1mserve_inner[0m[2m:[0m [2mrmcp::service[0m[2m:[0m received notification [3mnotification[0m[2m=[0mInitializedNotification(NotificationNoParam { method: InitializedNotificationMethod, extensions: Extensions })
[2m2026-10-08T03:53:01.187635Z[0m [32m INFO[0m [1mserve_inner[0m[2m:[0m [2mrmcp::handler::server[0m[2m:[0m client initialized
[2m2026-10-08T03:53:01.187682Z[0m [32m INFO[0m [2mcc_server::project_session[0m[2m:[0m watcher native subscription ready [3mnative_start_ms[0m[2m=[0m4
[2m2026-10-08T03:53:01.187783Z[0m [32m INFO[0m [2mcc_server::watcher[0m[2m:[0m watcher: counted project files for adaptive debounce [3mfile_count[0m[2m=[0m3
[2m2026-10-08T03:53:01.187808Z[0m [32m INFO[0m [2mcc_server::watcher[0m[2m:[0m watcher: adaptive debounce interval computed [3mdebounce_ms[0m[2m=[0m500
[2m2026-10-08T03:53:01.190429Z[0m [32m INFO[0m [2mcc_server::watcher[0m[2m:[0m watcher: adaptive debounce interval computed [3mdebounce_ms[0m[2m=[0m500
[2m2026-10-08T03:53:01.192910Z[0m [32m INFO[0m [2mcc_server::watcher[0m[2m:[0m watcher: counted project files for adaptive debounce [3mfile_count[0m[2m=[0m3
[2m2026-10-08T03:53:01.193107Z[0m [32m INFO[0m [2mcc_server::watcher[0m[2m:[0m watcher: counted project files for adaptive debounce [3mfile_count[0m[2m=[0m3
[2m2026-10-08T03:53:01.193198Z[0m [32m INFO[0m [2mcc_server::watcher[0m[2m:[0m watcher: adaptive debounce interval computed [3mdebounce_ms[0m[2m=[0m500
[2m2026-10-08T03:53:01.193370Z[0m [32m INFO[0m [2mcc_server::project_session[0m[2m:[0m watcher native subscription ready [3mnative_start_ms[0m[2m=[0m14
[2m2026-10-08T03:53:01.193519Z[0m [32m INFO[0m [2mcc_server::watcher[0m[2m:[0m watcher: adaptive debounce interval computed [3mdebounce_ms[0m[2m=[0m500
[2m2026-10-08T03:53:01.193594Z[0m [32m INFO[0m [1mserve_inner[0m[2m:[0m [2mrmcp::service[0m[2m:[0m Service initialized as server [3mpeer_info[0m[2m=[0mSome(InitializeRequestParams { meta: None, protocol_version: ProtocolVersion("2025-11-25"), capabilities: ClientCapabilities { experimental: None, extensions: None, roots: None, sampling: None, elicitation: None, tasks: None }, client_info: Implementation { name: "rmcp", title: None, version: "2.2.0", description: None, icons: None, website_url: None } })
[2m2026-10-08T03:53:01.193658Z[0m [32m INFO[0m [2mcc_server::mcp[0m[2m:[0m MCP server started on stdio
[2m2026-10-08T03:53:01.196025Z[0m [32m INFO[0m [1mserve_inner[0m[2m:[0m [2mrmcp::service[0m[2m:[0m received notification [3mnotification[0m[2m=[0mInitializedNotification(NotificationNoParam { method: InitializedNotificationMethod, extensions: Extensions })
[2m2026-10-08T03:53:01.196096Z[0m [32m INFO[0m [1mserve_inner[0m[2m:[0m [2mrmcp::handler::server[0m[2m:[0m client initialized
[2m2026-10-08T03:53:01.197071Z[0m [32m INFO[0m [2mcc_server::project_session[0m[2m:[0m watcher native subscription ready [3mnative_start_ms[0m[2m=[0m6
[2m2026-10-08T03:53:01.197203Z[0m [32m INFO[0m [2mcc_server::project_session[0m[2m:[0m watcher native subscription ready [3mnative_start_ms[0m[2m=[0m5
[2m2026-10-08T03:53:01.199261Z[0m [32m INFO[0m [2mcc_server::watcher[0m[2m:[0m watcher: counted project files for adaptive debounce [3mfile_count[0m[2m=[0m3
[2m2026-10-08T03:53:01.199284Z[0m [32m INFO[0m [2mcc_server::watcher[0m[2m:[0m watcher: adaptive debounce interval computed [3mdebounce_ms[0m[2m=[0m500
[2m2026-10-08T03:53:01.200667Z[0m [32m INFO[0m [2mcc_server::project_session[0m[2m:[0m watcher native subscription ready [3mnative_start_ms[0m[2m=[0m3
[2m2026-10-08T03:53:01.202463Z[0m [32m INFO[0m [2mcc_server::watcher[0m[2m:[0m watcher: counted project files for adaptive debounce [3mfile_count[0m[2m=[0m3
[2m2026-10-08T03:53:01.202540Z[0m [32m INFO[0m [2mcc_server::watcher[0m[2m:[0m watcher: adaptive debounce interval computed [3mdebounce_ms[0m[2m=[0m500
[2m2026-10-08T03:53:01.203199Z[0m [32m INFO[0m [2mcc_server::project_session[0m[2m:[0m watcher native subscription ready [3mnative_start_ms[0m[2m=[0m2
[2m2026-10-08T03:53:01.245236Z[0m [32m INFO[0m [2mcc_index::indexer[0m[2m:[0m pre-resolve framework enrichment active [3mresolvers[0m[2m=[0m["flask"] [3mhas_go_router[0m[2m=[0mfalse
[2m2026-10-08T03:53:01.253621Z[0m [32m INFO[0m [2mcc_index::indexer[0m[2m:[0m pre-resolve framework enrichment active [3mresolvers[0m[2m=[0m["flask"] [3mhas_go_router[0m[2m=[0mfalse
[2m2026-10-08T03:53:01.253729Z[0m [32m INFO[0m [2mcc_index::indexer[0m[2m:[0m pre-resolve framework enrichment active [3mresolvers[0m[2m=[0m["flask"] [3mhas_go_router[0m[2m=[0mfalse
[2m2026-10-08T03:53:01.260990Z[0m [32m INFO[0m [2mcc_index::indexer[0m[2m:[0m pre-resolve framework enrichment active [3mresolvers[0m[2m=[0m["flask"] [3mhas_go_router[0m[2m=[0mfalse
[2m2026-10-08T03:53:01.285470Z[0m [32m INFO[0m [2mcc_index::memory_budget[0m[2m:[0m memory budget initialized [3mtotal_ram_mb[0m[2m=[0m15989 [3mbudget_mb[0m[2m=[0m7994 [3mfraction[0m[2m=[0m0.5
[2m2026-10-08T03:53:01.293683Z[0m [32m INFO[0m [2mcc_index::memory_budget[0m[2m:[0m memory budget initialized [3mtotal_ram_mb[0m[2m=[0m15989 [3mbudget_mb[0m[2m=[0m7994 [3mfraction[0m[2m=[0m0.5
[2m2026-10-08T03:53:01.294377Z[0m [32m INFO[0m [2mcc_index::memory_budget[0m[2m:[0m memory budget initialized [3mtotal_ram_mb[0m[2m=[0m15989 [3mbudget_mb[0m[2m=[0m7994 [3mfraction[0m[2m=[0m0.5
[2m2026-10-08T03:53:01.299870Z[0m [32m INFO[0m [2mcc_index::indexer_phases::write[0m[2m:[0m generated hierarchy edges [3mcount[0m[2m=[0m10
[2m2026-10-08T03:53:01.302152Z[0m [32m INFO[0m [2mcc_index::memory_budget[0m[2m:[0m memory budget initialized [3mtotal_ram_mb[0m[2m=[0m15989 [3mbudget_mb[0m[2m=[0m7994 [3mfraction[0m[2m=[0m0.5
[2m2026-10-08T03:53:01.302490Z[0m [32m INFO[0m [2mcc_index::memory_budget[0m[2m:[0m memory budget initialized [3mtotal_ram_mb[0m[2m=[0m15989 [3mbudget_mb[0m[2m=[0m7994 [3mfraction[0m[2m=[0m0.5
[2m2026-10-08T03:53:01.307800Z[0m [32m INFO[0m [2mcc_index::memory_budget[0m[2m:[0m memory budget initialized [3mtotal_ram_mb[0m[2m=[0m15989 [3mbudget_mb[0m[2m=[0m7994 [3mfraction[0m[2m=[0m0.5
[2m2026-10-08T03:53:01.310664Z[0m [32m INFO[0m [2mcc_index::indexer_phases::write[0m[2m:[0m generated hierarchy edges [3mcount[0m[2m=[0m10
[2m2026-10-08T03:53:01.310981Z[0m [32m INFO[0m [2mcc_index::memory_budget[0m[2m:[0m memory budget initialized [3mtotal_ram_mb[0m[2m=[0m15989 [3mbudget_mb[0m[2m=[0m7994 [3mfraction[0m[2m=[0m0.5
[2m2026-10-08T03:53:01.311527Z[0m [32m INFO[0m [2mcc_index::indexer_phases::write[0m[2m:[0m generated hierarchy edges [3mcount[0m[2m=[0m10
[2m2026-10-08T03:53:01.312924Z[0m [32m INFO[0m [2mcc_index::memory_budget[0m[2m:[0m memory budget initialized [3mtotal_ram_mb[0m[2m=[0m15989 [3mbudget_mb[0m[2m=[0m7994 [3mfraction[0m[2m=[0m0.5
[2m2026-10-08T03:53:01.313741Z[0m [32m INFO[0m [2mcc_index::memory_budget[0m[2m:[0m memory budget initialized [3mtotal_ram_mb[0m[2m=[0m15989 [3mbudget_mb[0m[2m=[0m7994 [3mfraction[0m[2m=[0m0.5
[2m2026-10-08T03:53:01.316257Z[0m [32m INFO[0m [2mcc_index::indexer_phases::write[0m[2m:[0m generated hierarchy edges [3mcount[0m[2m=[0m10
[2m2026-10-08T03:53:01.318516Z[0m [32m INFO[0m [2mcc_index::memory_budget[0m[2m:[0m memory budget initialized [3mtotal_ram_mb[0m[2m=[0m15989 [3mbudget_mb[0m[2m=[0m7994 [3mfraction[0m[2m=[0m0.5
[2m2026-10-08T03:53:01.319687Z[0m [32m INFO[0m [2mcc_index::memory_budget[0m[2m:[0m memory budget initialized [3mtotal_ram_mb[0m[2m=[0m15989 [3mbudget_mb[0m[2m=[0m7994 [3mfraction[0m[2m=[0m0.5
[2m2026-10-08T03:53:01.321798Z[0m [32m INFO[0m [2mcc_index::memory_budget[0m[2m:[0m memory budget initialized [3mtotal_ram_mb[0m[2m=[0m15989 [3mbudget_mb[0m[2m=[0m7994 [3mfraction[0m[2m=[0m0.5
[2m2026-10-08T03:53:01.322640Z[0m [32m INFO[0m [2mcc_index::memory_budget[0m[2m:[0m memory budget initialized [3mtotal_ram_mb[0m[2m=[0m15989 [3mbudget_mb[0m[2m=[0m7994 [3mfraction[0m[2m=[0m0.5
[2m2026-10-08T03:53:01.323654Z[0m [32m INFO[0m [2mcc_index::memory_budget[0m[2m:[0m memory budget initialized [3mtotal_ram_mb[0m[2m=[0m15989 [3mbudget_mb[0m[2m=[0m7994 [3mfraction[0m[2m=[0m0.5
[2m2026-10-08T03:53:01.325513Z[0m [32m INFO[0m [2mcc_index::memory_budget[0m[2m:[0m memory budget initialized [3mtotal_ram_mb[0m[2m=[0m15989 [3mbudget_mb[0m[2m=[0m7994 [3mfraction[0m[2m=[0m0.5
[2m2026-10-08T03:53:01.328501Z[0m [32m INFO[0m [2mcc_index::memory_budget[0m[2m:[0m memory budget initialized [3mtotal_ram_mb[0m[2m=[0m15989 [3mbudget_mb[0m[2m=[0m7994 [3mfraction[0m[2m=[0m0.5
[2m2026-10-08T03:53:01.330162Z[0m [32m INFO[0m [2mcc_index::indexer[0m[2m:[0m pre-resolve framework enrichment active [3mresolvers[0m[2m=[0m["flask"] [3mhas_go_router[0m[2m=[0mfalse
[2m2026-10-08T03:53:01.337727Z[0m [32m INFO[0m [2mcc_index::indexer[0m[2m:[0m pre-resolve framework enrichment active [3mresolvers[0m[2m=[0m["flask"] [3mhas_go_router[0m[2m=[0mfalse
[2m2026-10-08T03:53:01.339197Z[0m [32m INFO[0m [2mcc_db::index_db_rebuild[0m[2m:[0m full rebuild: creating temp database [3mtmp[0m[2m=[0m/tmp/.tmpQlr90v/.codecortex/index.sqlite3.tmp
[2m2026-10-08T03:53:01.339506Z[0m [32m INFO[0m [2mcc_index::indexer[0m[2m:[0m pre-resolve framework enrichment active [3mresolvers[0m[2m=[0m["flask"] [3mhas_go_router[0m[2m=[0mfalse
[2m2026-10-08T03:53:01.343646Z[0m [32m INFO[0m [2mcc_index::indexer[0m[2m:[0m pre-resolve framework enrichment active [3mresolvers[0m[2m=[0m["flask"] [3mhas_go_router[0m[2m=[0mfalse
[2m2026-10-08T03:53:01.347791Z[0m [32m INFO[0m [2mcc_db::index_db_rebuild[0m[2m:[0m full rebuild: creating temp database [3mtmp[0m[2m=[0m/tmp/.tmpBc07qN/.codecortex/index.sqlite3.tmp
[2m2026-10-08T03:53:01.349029Z[0m [32m INFO[0m [2mcc_db::index_db_rebuild[0m[2m:[0m full rebuild: creating temp database [3mtmp[0m[2m=[0m/tmp/.tmpCyB3Ko/.codecortex/index.sqlite3.tmp
[2m2026-10-08T03:53:01.350809Z[0m [32m INFO[0m [2mcc_db::index_db_rebuild[0m[2m:[0m full rebuild: creating temp database [3mtmp[0m[2m=[0m/tmp/.tmpZrG7uF/.codecortex/index.sqlite3.tmp
[2m2026-10-08T03:53:01.478321Z[0m [32m INFO[0m [2mcc_db::index_db_rebuild[0m[2m:[0m full rebuild: writing data to temp database
[2m2026-10-08T03:53:01.479015Z[0m [32m INFO[0m [2mcc_db::index_db_rebuild[0m[2m:[0m full rebuild: writing data to temp database
[2m2026-10-08T03:53:01.483836Z[0m [32m INFO[0m [2mcc_db::index_db_rebuild[0m[2m:[0m full rebuild: writing data to temp database
[2m2026-10-08T03:53:01.489525Z[0m [32m INFO[0m [2mcc_db::index_db_rebuild[0m[2m:[0m full rebuild: recreating indexes
[2m2026-10-08T03:53:01.489789Z[0m [32m INFO[0m [2mcc_db::index_db_rebuild[0m[2m:[0m full rebuild: recreating indexes
[2m2026-10-08T03:53:01.492264Z[0m [32m INFO[0m [2mcc_db::index_db_rebuild[0m[2m:[0m full rebuild: writing data to temp database
[2m2026-10-08T03:53:01.502963Z[0m [32m INFO[0m [2mcc_db::index_db_rebuild[0m[2m:[0m full rebuild: recreating indexes
[2m2026-10-08T03:53:01.503415Z[0m [32m INFO[0m [2mcc_db::index_db_rebuild[0m[2m:[0m full rebuild: recreating indexes
[2m2026-10-08T03:53:01.556286Z[0m [32m INFO[0m [2mcc_db::index_db_rebuild[0m[2m:[0m full rebuild: temp database ready for swap
[2m2026-10-08T03:53:01.556651Z[0m [32m INFO[0m [2mcc_index::memory_budget[0m[2m:[0m memory budget initialized [3mtotal_ram_mb[0m[2m=[0m15989 [3mbudget_mb[0m[2m=[0m7994 [3mfraction[0m[2m=[0m0.5
[2m2026-10-08T03:53:01.568078Z[0m [32m INFO[0m [2mcc_db::index_db_rebuild[0m[2m:[0m full rebuild: temp database ready for swap
[2m2026-10-08T03:53:01.568417Z[0m [32m INFO[0m [2mcc_index::memory_budget[0m[2m:[0m memory budget initialized [3mtotal_ram_mb[0m[2m=[0m15989 [3mbudget_mb[0m[2m=[0m7994 [3mfraction[0m[2m=[0m0.5
[2m2026-10-08T03:53:01.569268Z[0m [32m INFO[0m [2mcc_db::index_db_rebuild[0m[2m:[0m full rebuild: temp database ready for swap
[2m2026-10-08T03:53:01.569321Z[0m [32m INFO[0m [2mcc_db::index_db_rebuild[0m[2m:[0m full rebuild: temp database ready for swap
[2m2026-10-08T03:53:01.569597Z[0m [32m INFO[0m [2mcc_index::memory_budget[0m[2m:[0m memory budget initialized [3mtotal_ram_mb[0m[2m=[0m15989 [3mbudget_mb[0m[2m=[0m7994 [3mfraction[0m[2m=[0m0.5
[2m2026-10-08T03:53:01.569614Z[0m [32m INFO[0m [2mcc_index::memory_budget[0m[2m:[0m memory budget initialized [3mtotal_ram_mb[0m[2m=[0m15989 [3mbudget_mb[0m[2m=[0m7994 [3mfraction[0m[2m=[0m0.5
[2m2026-10-08T03:53:01.621204Z[0m [32m INFO[0m [2mcc_index::memory_budget[0m[2m:[0m memory budget initialized [3mtotal_ram_mb[0m[2m=[0m15989 [3mbudget_mb[0m[2m=[0m7994 [3mfraction[0m[2m=[0m0.5
[2m2026-10-08T03:53:01.627111Z[0m [32m INFO[0m [2mcc_index::memory_budget[0m[2m:[0m memory budget initialized [3mtotal_ram_mb[0m[2m=[0m15989 [3mbudget_mb[0m[2m=[0m7994 [3mfraction[0m[2m=[0m0.5
[2m2026-10-08T03:53:01.633586Z[0m [32m INFO[0m [2mcc_index::memory_budget[0m[2m:[0m memory budget initialized [3mtotal_ram_mb[0m[2m=[0m15989 [3mbudget_mb[0m[2m=[0m7994 [3mfraction[0m[2m=[0m0.5
[2m2026-10-08T03:53:01.634723Z[0m [32m INFO[0m [2mcc_index::memory_budget[0m[2m:[0m memory budget initialized [3mtotal_ram_mb[0m[2m=[0m15989 [3mbudget_mb[0m[2m=[0m7994 [3mfraction[0m[2m=[0m0.5
[2m2026-10-08T03:53:01.635366Z[0m [32m INFO[0m [2mcc_index::memory_budget[0m[2m:[0m memory budget initialized [3mtotal_ram_mb[0m[2m=[0m15989 [3mbudget_mb[0m[2m=[0m7994 [3mfraction[0m[2m=[0m0.5
[2m2026-10-08T03:53:01.637823Z[0m [32m INFO[0m [2mcc_index::memory_budget[0m[2m:[0m memory budget initialized [3mtotal_ram_mb[0m[2m=[0m15989 [3mbudget_mb[0m[2m=[0m7994 [3mfraction[0m[2m=[0m0.5
[2m2026-10-08T03:53:01.639609Z[0m [32m INFO[0m [2mcc_index::memory_budget[0m[2m:[0m memory budget initialized [3mtotal_ram_mb[0m[2m=[0m15989 [3mbudget_mb[0m[2m=[0m7994 [3mfraction[0m[2m=[0m0.5
[2m2026-10-08T03:53:01.641067Z[0m [32m INFO[0m [2mcc_index::memory_budget[0m[2m:[0m memory budget initialized [3mtotal_ram_mb[0m[2m=[0m15989 [3mbudget_mb[0m[2m=[0m7994 [3mfraction[0m[2m=[0m0.5
[2m2026-10-08T03:53:01.666702Z[0m [32m INFO[0m [1mserve_inner[0m[2m:[0m [2mrmcp::service[0m[2m:[0m input stream terminated
[2m2026-10-08T03:53:01.667951Z[0m [32m INFO[0m [1mserve_inner[0m[2m:[0m [2mrmcp::service[0m[2m:[0m serve finished [3mquit_reason[0m[2m=[0mClosed
[2m2026-10-08T03:53:01.669773Z[0m [32m INFO[0m [1mserve_inner[0m[2m:[0m [2mrmcp::service[0m[2m:[0m input stream terminated
[2m2026-10-08T03:53:01.669931Z[0m [32m INFO[0m [1mserve_inner[0m[2m:[0m [2mrmcp::service[0m[2m:[0m serve finished [3mquit_reason[0m[2m=[0mClosed
[2m2026-10-08T03:53:01.704721Z[0m [32m INFO[0m [1mserve_inner[0m[2m:[0m [2mrmcp::service[0m[2m:[0m input stream terminated
[2m2026-10-08T03:53:01.704789Z[0m [32m INFO[0m [1mserve_inner[0m[2m:[0m [2mrmcp::service[0m[2m:[0m serve finished [3mquit_reason[0m[2m=[0mClosed
[2m2026-10-08T03:53:01.713975Z[0m [32m INFO[0m [1mserve_inner[0m[2m:[0m [2mrmcp::service[0m[2m:[0m input stream terminated
[2m2026-10-08T03:53:01.714034Z[0m [32m INFO[0m [1mserve_inner[0m[2m:[0m [2mrmcp::service[0m[2m:[0m serve finished [3mquit_reason[0m[2m=[0mClosed
[2m2026-10-08T03:53:02.196126Z[0m [32m INFO[0m [2mcc_server::mcp[0m[2m:[0m MCP server shut down gracefully
[2m2026-10-08T03:53:02.197506Z[0m [32m INFO[0m [2mcc_server::mcp[0m[2m:[0m MCP server shut down gracefully
[2m2026-10-08T03:53:02.201670Z[0m [32m INFO[0m [2mcc_server::mcp[0m[2m:[0m MCP server shut down gracefully
test stdio_architecture_files_node_and_relations_views ... ok
[2m2026-10-08T03:53:02.203514Z[0m [32m INFO[0m [2mcc_server::mcp[0m[2m:[0m MCP server shut down gracefully
test stdio_analysis_tools_smoke ... ok
test stdio_graph_tools_smoke ... ok
[2m2026-10-08T03:53:02.214406Z[0m [32m INFO[0m [2mcc_db::index_migrate[0m[2m:[0m initializing index schema [3mversion[0m[2m=[0m25
[2m2026-10-08T03:53:02.214404Z[0m [32m INFO[0m [2mcc_db::index_migrate[0m[2m:[0m initializing index schema [3mversion[0m[2m=[0m25
test stdio_hybrid_search_context_envelope_and_impact_blast_radius ... ok
[2m2026-10-08T03:53:02.220159Z[0m [32m INFO[0m [2mcc_db::index_migrate[0m[2m:[0m initializing index schema [3mversion[0m[2m=[0m25
[2m2026-10-08T03:53:02.225515Z[0m [32m INFO[0m [2mcc_db::index_migrate[0m[2m:[0m initializing index schema [3mversion[0m[2m=[0m25
[2m2026-10-08T03:53:02.238537Z[0m [32m INFO[0m [2mcc_index::memory_budget[0m[2m:[0m memory budget initialized [3mtotal_ram_mb[0m[2m=[0m15989 [3mbudget_mb[0m[2m=[0m7994 [3mfraction[0m[2m=[0m0.5
[2m2026-10-08T03:53:02.240053Z[0m [32m INFO[0m [2mcc_index::memory_budget[0m[2m:[0m memory budget initialized [3mtotal_ram_mb[0m[2m=[0m15989 [3mbudget_mb[0m[2m=[0m7994 [3mfraction[0m[2m=[0m0.5
[2m2026-10-08T03:53:02.242107Z[0m [32m INFO[0m [1mserve_inner[0m[2m:[0m [2mrmcp::service[0m[2m:[0m Service initialized as server [3mpeer_info[0m[2m=[0mSome(InitializeRequestParams { meta: None, protocol_version: ProtocolVersion("2025-11-25"), capabilities: ClientCapabilities { experimental: None, extensions: None, roots: None, sampling: None, elicitation: None, tasks: None }, client_info: Implementation { name: "rmcp", title: None, version: "2.2.0", description: None, icons: None, website_url: None } })
[2m2026-10-08T03:53:02.242187Z[0m [32m INFO[0m [2mcc_server::mcp[0m[2m:[0m MCP server started on stdio
[2m2026-10-08T03:53:02.242464Z[0m [32m INFO[0m [2mcc_server::watcher[0m[2m:[0m watcher: counted project files for adaptive debounce [3mfile_count[0m[2m=[0m3
[2m2026-10-08T03:53:02.242492Z[0m [32m INFO[0m [2mcc_server::watcher[0m[2m:[0m watcher: adaptive debounce interval computed [3mdebounce_ms[0m[2m=[0m500
[2m2026-10-08T03:53:02.243214Z[0m [32m INFO[0m [2mcc_server::watcher[0m[2m:[0m watcher: counted project files for adaptive debounce [3mfile_count[0m[2m=[0m3
[2m2026-10-08T03:53:02.243250Z[0m [32m INFO[0m [2mcc_server::watcher[0m[2m:[0m watcher: adaptive debounce interval computed [3mdebounce_ms[0m[2m=[0m500
[2m2026-10-08T03:53:02.243662Z[0m [32m INFO[0m [2mcc_server::project_session[0m[2m:[0m watcher native subscription ready [3mnative_start_ms[0m[2m=[0m5
[2m2026-10-08T03:53:02.244130Z[0m [32m INFO[0m [1mserve_inner[0m[2m:[0m [2mrmcp::service[0m[2m:[0m Service initialized as server [3mpeer_info[0m[2m=[0mSome(InitializeRequestParams { meta: None, protocol_version: ProtocolVersion("2025-11-25"), capabilities: ClientCapabilities { experimental: None, extensions: None, roots: None, sampling: None, elicitation: None, tasks: None }, client_info: Implementation { name: "rmcp", title: None, version: "2.2.0", description: None, icons: None, website_url: None } })
[2m2026-10-08T03:53:02.244195Z[0m [32m INFO[0m [2mcc_server::mcp[0m[2m:[0m MCP server started on stdio
[2m2026-10-08T03:53:02.246596Z[0m [32m INFO[0m [1mserve_inner[0m[2m:[0m [2mrmcp::service[0m[2m:[0m received notification [3mnotification[0m[2m=[0mInitializedNotification(NotificationNoParam { method: InitializedNotificationMethod, extensions: Extensions })
[2m2026-10-08T03:53:02.246686Z[0m [32m INFO[0m [1mserve_inner[0m[2m:[0m [2mrmcp::handler::server[0m[2m:[0m client initialized
[2m2026-10-08T03:53:02.246777Z[0m [32m INFO[0m [1mserve_inner[0m[2m:[0m [2mrmcp::service[0m[2m:[0m received notification [3mnotification[0m[2m=[0mInitializedNotification(NotificationNoParam { method: InitializedNotificationMethod, extensions: Extensions })
[2m2026-10-08T03:53:02.246852Z[0m [32m INFO[0m [1mserve_inner[0m[2m:[0m [2mrmcp::handler::server[0m[2m:[0m client initialized
[2m2026-10-08T03:53:02.246957Z[0m [32m INFO[0m [2mcc_index::memory_budget[0m[2m:[0m memory budget initialized [3mtotal_ram_mb[0m[2m=[0m15989 [3mbudget_mb[0m[2m=[0m7994 [3mfraction[0m[2m=[0m0.5
[2m2026-10-08T03:53:02.249926Z[0m [32m INFO[0m [2mcc_server::project_session[0m[2m:[0m watcher native subscription ready [3mnative_start_ms[0m[2m=[0m10
[2m2026-10-08T03:53:02.251427Z[0m [33m WARN[0m [1mserve_inner[0m[2m:[0m [2mrmcp::service[0m[2m:[0m response error [3mid[0m[2m=[0m1 [3merror[0m[2m=[0mErrorData { code: ErrorCode(-32602), message: "invalid kind: 'sideways' (valid: callers, callees, both, refs, hierarchy)", data: None }
[2m2026-10-08T03:53:02.252189Z[0m [32m INFO[0m [1mserve_inner[0m[2m:[0m [2mrmcp::service[0m[2m:[0m Service initialized as server [3mpeer_info[0m[2m=[0mSome(InitializeRequestParams { meta: None, protocol_version: ProtocolVersion("2025-11-25"), capabilities: ClientCapabilities { experimental: None, extensions: None, roots: None, sampling: None, elicitation: None, tasks: None }, client_info: Implementation { name: "rmcp", title: None, version: "2.2.0", description: None, icons: None, website_url: None } })
[2m2026-10-08T03:53:02.252259Z[0m [32m INFO[0m [2mcc_server::mcp[0m[2m:[0m MCP server started on stdio
[2m2026-10-08T03:53:02.252978Z[0m [33m WARN[0m [1mserve_inner[0m[2m:[0m [2mrmcp::service[0m[2m:[0m response error [3mid[0m[2m=[0m2 [3merror[0m[2m=[0mErrorData { code: ErrorCode(-32602), message: "invalid aspect: 'bogus' (valid: overview, communities, frameworks, routes, services, async, boundaries, env, unresolved)", data: None }
[2m2026-10-08T03:53:02.253069Z[0m [32m INFO[0m [2mcc_server::watcher[0m[2m:[0m watcher: counted project files for adaptive debounce [3mfile_count[0m[2m=[0m2
[2m2026-10-08T03:53:02.253223Z[0m [32m INFO[0m [1mserve_inner[0m[2m:[0m [2mrmcp::service[0m[2m:[0m Service initialized as server [3mpeer_info[0m[2m=[0mSome(InitializeRequestParams { meta: None, protocol_version: ProtocolVersion("2025-11-25"), capabilities: ClientCapabilities { experimental: None, extensions: None, roots: None, sampling: None, elicitation: None, tasks: None }, client_info: Implementation { name: "rmcp", title: None, version: "2.2.0", description: None, icons: None, website_url: None } })
[2m2026-10-08T03:53:02.253289Z[0m [32m INFO[0m [2mcc_server::mcp[0m[2m:[0m MCP server started on stdio
[2m2026-10-08T03:53:02.252909Z[0m [32m INFO[0m [2mcc_server::watcher[0m[2m:[0m watcher: counted project files for adaptive debounce [3mfile_count[0m[2m=[0m3
[2m2026-10-08T03:53:02.253454Z[0m [32m INFO[0m [2mcc_server::watcher[0m[2m:[0m watcher: adaptive debounce interval computed [3mdebounce_ms[0m[2m=[0m500
[2m2026-10-08T03:53:02.253875Z[0m [32m INFO[0m [2mcc_server::watcher[0m[2m:[0m watcher: counted project files for adaptive debounce [3mfile_count[0m[2m=[0m3
[2m2026-10-08T03:53:02.253893Z[0m [32m INFO[0m [2mcc_server::watcher[0m[2m:[0m watcher: adaptive debounce interval computed [3mdebounce_ms[0m[2m=[0m500
[2m2026-10-08T03:53:02.255136Z[0m [32m INFO[0m [1mserve_inner[0m[2m:[0m [2mrmcp::service[0m[2m:[0m input stream terminated
[2m2026-10-08T03:53:02.255252Z[0m [32m INFO[0m [1mserve_inner[0m[2m:[0m [2mrmcp::service[0m[2m:[0m serve finished [3mquit_reason[0m[2m=[0mClosed
[2m2026-10-08T03:53:02.255590Z[0m [32m INFO[0m [2mcc_server::project_session[0m[2m:[0m watcher native subscription ready [3mnative_start_ms[0m[2m=[0m4
[2m2026-10-08T03:53:02.255650Z[0m [32m INFO[0m [2mcc_server::watcher[0m[2m:[0m watcher: adaptive debounce interval computed [3mdebounce_ms[0m[2m=[0m500
[2m2026-10-08T03:53:02.255645Z[0m [32m INFO[0m [1mserve_inner[0m[2m:[0m [2mrmcp::service[0m[2m:[0m received notification [3mnotification[0m[2m=[0mInitializedNotification(NotificationNoParam { method: InitializedNotificationMethod, extensions: Extensions })
[2m2026-10-08T03:53:02.255716Z[0m [32m INFO[0m [2mcc_index::memory_budget[0m[2m:[0m memory budget initialized [3mtotal_ram_mb[0m[2m=[0m15989 [3mbudget_mb[0m[2m=[0m7994 [3mfraction[0m[2m=[0m0.5
[2m2026-10-08T03:53:02.256002Z[0m [32m INFO[0m [1mserve_inner[0m[2m:[0m [2mrmcp::handler::server[0m[2m:[0m client initialized
[2m2026-10-08T03:53:02.254765Z[0m [32m INFO[0m [1mserve_inner[0m[2m:[0m [2mrmcp::service[0m[2m:[0m received notification [3mnotification[0m[2m=[0mInitializedNotification(NotificationNoParam { method: InitializedNotificationMethod, extensions: Extensions })
[2m2026-10-08T03:53:02.257477Z[0m [32m INFO[0m [1mserve_inner[0m[2m:[0m [2mrmcp::handler::server[0m[2m:[0m client initialized
[2m2026-10-08T03:53:02.263470Z[0m [32m INFO[0m [2mcc_server::watcher[0m[2m:[0m watcher: counted project files for adaptive debounce [3mfile_count[0m[2m=[0m2
[2m2026-10-08T03:53:02.263526Z[0m [32m INFO[0m [2mcc_server::watcher[0m[2m:[0m watcher: adaptive debounce interval computed [3mdebounce_ms[0m[2m=[0m500
[2m2026-10-08T03:53:02.263959Z[0m [32m INFO[0m [2mcc_server::project_session[0m[2m:[0m watcher native subscription ready [3mnative_start_ms[0m[2m=[0m2
[2m2026-10-08T03:53:02.265652Z[0m [32m INFO[0m [2mcc_server::watcher[0m[2m:[0m watcher: counted project files for adaptive debounce [3mfile_count[0m[2m=[0m3
[2m2026-10-08T03:53:02.265674Z[0m [32m INFO[0m [2mcc_server::watcher[0m[2m:[0m watcher: adaptive debounce interval computed [3mdebounce_ms[0m[2m=[0m500
[2m2026-10-08T03:53:02.266762Z[0m [32m INFO[0m [2mcc_server::project_session[0m[2m:[0m watcher native subscription ready [3mnative_start_ms[0m[2m=[0m10
[2m2026-10-08T03:53:02.289794Z[0m [32m INFO[0m [2mcc_index::memory_budget[0m[2m:[0m memory budget initialized [3mtotal_ram_mb[0m[2m=[0m15989 [3mbudget_mb[0m[2m=[0m7994 [3mfraction[0m[2m=[0m0.5
[2m2026-10-08T03:53:02.300137Z[0m [32m INFO[0m [2mcc_index::indexer_phases::write[0m[2m:[0m generated hierarchy edges [3mcount[0m[2m=[0m4
[2m2026-10-08T03:53:02.301462Z[0m [32m INFO[0m [2mcc_index::memory_budget[0m[2m:[0m memory budget initialized [3mtotal_ram_mb[0m[2m=[0m15989 [3mbudget_mb[0m[2m=[0m7994 [3mfraction[0m[2m=[0m0.5
[2m2026-10-08T03:53:02.306243Z[0m [32m INFO[0m [2mcc_index::memory_budget[0m[2m:[0m memory budget initialized [3mtotal_ram_mb[0m[2m=[0m15989 [3mbudget_mb[0m[2m=[0m7994 [3mfraction[0m[2m=[0m0.5
[2m2026-10-08T03:53:02.306766Z[0m [32m INFO[0m [2mcc_index::indexer[0m[2m:[0m pre-resolve framework enrichment active [3mresolvers[0m[2m=[0m["flask"] [3mhas_go_router[0m[2m=[0mfalse
[2m2026-10-08T03:53:02.308086Z[0m [32m INFO[0m [2mcc_index::memory_budget[0m[2m:[0m memory budget initialized [3mtotal_ram_mb[0m[2m=[0m15989 [3mbudget_mb[0m[2m=[0m7994 [3mfraction[0m[2m=[0m0.5
[2m2026-10-08T03:53:02.316957Z[0m [32m INFO[0m [2mcc_index::indexer[0m[2m:[0m pre-resolve framework enrichment active [3mresolvers[0m[2m=[0m["flask"] [3mhas_go_router[0m[2m=[0mfalse
[2m2026-10-08T03:53:02.322115Z[0m [32m INFO[0m [2mcc_db::index_db_rebuild[0m[2m:[0m full rebuild: creating temp database [3mtmp[0m[2m=[0m/tmp/.tmpguXVCe/.codecortex/index.sqlite3.tmp
[2m2026-10-08T03:53:02.325020Z[0m [32m INFO[0m [2mcc_index::indexer[0m[2m:[0m pre-resolve framework enrichment active [3mresolvers[0m[2m=[0m["flask"] [3mhas_go_router[0m[2m=[0mfalse
[2m2026-10-08T03:53:02.351677Z[0m [32m INFO[0m [2mcc_index::memory_budget[0m[2m:[0m memory budget initialized [3mtotal_ram_mb[0m[2m=[0m15989 [3mbudget_mb[0m[2m=[0m7994 [3mfraction[0m[2m=[0m0.5
[2m2026-10-08T03:53:02.356552Z[0m [32m INFO[0m [2mcc_index::memory_budget[0m[2m:[0m memory budget initialized [3mtotal_ram_mb[0m[2m=[0m15989 [3mbudget_mb[0m[2m=[0m7994 [3mfraction[0m[2m=[0m0.5
[2m2026-10-08T03:53:02.362138Z[0m [32m INFO[0m [2mcc_index::memory_budget[0m[2m:[0m memory budget initialized [3mtotal_ram_mb[0m[2m=[0m15989 [3mbudget_mb[0m[2m=[0m7994 [3mfraction[0m[2m=[0m0.5
[2m2026-10-08T03:53:02.365284Z[0m [32m INFO[0m [2mcc_index::indexer_phases::write[0m[2m:[0m generated hierarchy edges [3mcount[0m[2m=[0m10
[2m2026-10-08T03:53:02.367355Z[0m [32m INFO[0m [2mcc_index::memory_budget[0m[2m:[0m memory budget initialized [3mtotal_ram_mb[0m[2m=[0m15989 [3mbudget_mb[0m[2m=[0m7994 [3mfraction[0m[2m=[0m0.5
[2m2026-10-08T03:53:02.372490Z[0m [32m INFO[0m [2mcc_index::memory_budget[0m[2m:[0m memory budget initialized [3mtotal_ram_mb[0m[2m=[0m15989 [3mbudget_mb[0m[2m=[0m7994 [3mfraction[0m[2m=[0m0.5
[2m2026-10-08T03:53:02.374360Z[0m [32m INFO[0m [2mcc_index::indexer_phases::write[0m[2m:[0m generated hierarchy edges [3mcount[0m[2m=[0m10
[2m2026-10-08T03:53:02.376024Z[0m [32m INFO[0m [2mcc_index::indexer_phases::write[0m[2m:[0m generated hierarchy edges [3mcount[0m[2m=[0m10
[2m2026-10-08T03:53:02.376582Z[0m [32m INFO[0m [2mcc_index::memory_budget[0m[2m:[0m memory budget initialized [3mtotal_ram_mb[0m[2m=[0m15989 [3mbudget_mb[0m[2m=[0m7994 [3mfraction[0m[2m=[0m0.5
[2m2026-10-08T03:53:02.378406Z[0m [32m INFO[0m [2mcc_index::memory_budget[0m[2m:[0m memory budget initialized [3mtotal_ram_mb[0m[2m=[0m15989 [3mbudget_mb[0m[2m=[0m7994 [3mfraction[0m[2m=[0m0.5
[2m2026-10-08T03:53:02.380261Z[0m [32m INFO[0m [2mcc_index::memory_budget[0m[2m:[0m memory budget initialized [3mtotal_ram_mb[0m[2m=[0m15989 [3mbudget_mb[0m[2m=[0m7994 [3mfraction[0m[2m=[0m0.5
[2m2026-10-08T03:53:02.382102Z[0m [32m INFO[0m [2mcc_index::memory_budget[0m[2m:[0m memory budget initialized [3mtotal_ram_mb[0m[2m=[0m15989 [3mbudget_mb[0m[2m=[0m7994 [3mfraction[0m[2m=[0m0.5
[2m2026-10-08T03:53:02.384159Z[0m [32m INFO[0m [2mcc_index::memory_budget[0m[2m:[0m memory budget initialized [3mtotal_ram_mb[0m[2m=[0m15989 [3mbudget_mb[0m[2m=[0m7994 [3mfraction[0m[2m=[0m0.5
[2m2026-10-08T03:53:02.386414Z[0m [32m INFO[0m [2mcc_index::memory_budget[0m[2m:[0m memory budget initialized [3mtotal_ram_mb[0m[2m=[0m15989 [3mbudget_mb[0m[2m=[0m7994 [3mfraction[0m[2m=[0m0.5
[2m2026-10-08T03:53:02.394352Z[0m [32m INFO[0m [2mcc_db::index_db_rebuild[0m[2m:[0m full rebuild: writing data to temp database
[2m2026-10-08T03:53:02.397981Z[0m [32m INFO[0m [2mcc_index::indexer[0m[2m:[0m pre-resolve framework enrichment active [3mresolvers[0m[2m=[0m["flask"] [3mhas_go_router[0m[2m=[0mfalse
[2m2026-10-08T03:53:02.398254Z[0m [32m INFO[0m [2mcc_index::indexer[0m[2m:[0m pre-resolve framework enrichment active [3mresolvers[0m[2m=[0m["flask"] [3mhas_go_router[0m[2m=[0mfalse
[2m2026-10-08T03:53:02.399960Z[0m [32m INFO[0m [2mcc_db::index_db_rebuild[0m[2m:[0m full rebuild: recreating indexes
[2m2026-10-08T03:53:02.405925Z[0m [32m INFO[0m [2mcc_db::index_db_rebuild[0m[2m:[0m full rebuild: creating temp database [3mtmp[0m[2m=[0m/tmp/.tmpRmVq7W/.codecortex/index.sqlite3.tmp
[2m2026-10-08T03:53:02.408547Z[0m [32m INFO[0m [2mcc_db::index_db_rebuild[0m[2m:[0m full rebuild: creating temp database [3mtmp[0m[2m=[0m/tmp/.tmpORa6fT/.codecortex/index.sqlite3.tmp
[2m2026-10-08T03:53:02.426145Z[0m [32m INFO[0m [2mcc_db::index_db_rebuild[0m[2m:[0m full rebuild: temp database ready for swap
[2m2026-10-08T03:53:02.426549Z[0m [32m INFO[0m [2mcc_index::memory_budget[0m[2m:[0m memory budget initialized [3mtotal_ram_mb[0m[2m=[0m15989 [3mbudget_mb[0m[2m=[0m7994 [3mfraction[0m[2m=[0m0.5
[2m2026-10-08T03:53:02.453711Z[0m [32m INFO[0m [2mcc_index::memory_budget[0m[2m:[0m memory budget initialized [3mtotal_ram_mb[0m[2m=[0m15989 [3mbudget_mb[0m[2m=[0m7994 [3mfraction[0m[2m=[0m0.5
[2m2026-10-08T03:53:02.458103Z[0m [32m INFO[0m [2mcc_index::memory_budget[0m[2m:[0m memory budget initialized [3mtotal_ram_mb[0m[2m=[0m15989 [3mbudget_mb[0m[2m=[0m7994 [3mfraction[0m[2m=[0m0.5
[2m2026-10-08T03:53:02.466493Z[0m [32m INFO[0m [1mserve_inner[0m[2m:[0m [2mrmcp::service[0m[2m:[0m input stream terminated
[2m2026-10-08T03:53:02.466599Z[0m [32m INFO[0m [1mserve_inner[0m[2m:[0m [2mrmcp::service[0m[2m:[0m serve finished [3mquit_reason[0m[2m=[0mClosed
[2m2026-10-08T03:53:02.488137Z[0m [32m INFO[0m [2mcc_db::index_db_rebuild[0m[2m:[0m full rebuild: writing data to temp database
[2m2026-10-08T03:53:02.498730Z[0m [32m INFO[0m [2mcc_db::index_db_rebuild[0m[2m:[0m full rebuild: writing data to temp database
[2m2026-10-08T03:53:02.499167Z[0m [32m INFO[0m [2mcc_db::index_db_rebuild[0m[2m:[0m full rebuild: recreating indexes
[2m2026-10-08T03:53:02.509375Z[0m [32m INFO[0m [2mcc_db::index_db_rebuild[0m[2m:[0m full rebuild: recreating indexes
[2m2026-10-08T03:53:02.566413Z[0m [32m INFO[0m [2mcc_db::index_db_rebuild[0m[2m:[0m full rebuild: temp database ready for swap
[2m2026-10-08T03:53:02.566743Z[0m [32m INFO[0m [2mcc_index::memory_budget[0m[2m:[0m memory budget initialized [3mtotal_ram_mb[0m[2m=[0m15989 [3mbudget_mb[0m[2m=[0m7994 [3mfraction[0m[2m=[0m0.5
[2m2026-10-08T03:53:02.567937Z[0m [32m INFO[0m [2mcc_db::index_db_rebuild[0m[2m:[0m full rebuild: temp database ready for swap
[2m2026-10-08T03:53:02.568252Z[0m [32m INFO[0m [2mcc_index::memory_budget[0m[2m:[0m memory budget initialized [3mtotal_ram_mb[0m[2m=[0m15989 [3mbudget_mb[0m[2m=[0m7994 [3mfraction[0m[2m=[0m0.5
[2m2026-10-08T03:53:02.603812Z[0m [32m INFO[0m [2mcc_index::memory_budget[0m[2m:[0m memory budget initialized [3mtotal_ram_mb[0m[2m=[0m15989 [3mbudget_mb[0m[2m=[0m7994 [3mfraction[0m[2m=[0m0.5
[2m2026-10-08T03:53:02.604522Z[0m [32m INFO[0m [2mcc_index::memory_budget[0m[2m:[0m memory budget initialized [3mtotal_ram_mb[0m[2m=[0m15989 [3mbudget_mb[0m[2m=[0m7994 [3mfraction[0m[2m=[0m0.5
[2m2026-10-08T03:53:02.607882Z[0m [32m INFO[0m [2mcc_index::memory_budget[0m[2m:[0m memory budget initialized [3mtotal_ram_mb[0m[2m=[0m15989 [3mbudget_mb[0m[2m=[0m7994 [3mfraction[0m[2m=[0m0.5
[2m2026-10-08T03:53:02.608184Z[0m [32m INFO[0m [2mcc_index::memory_budget[0m[2m:[0m memory budget initialized [3mtotal_ram_mb[0m[2m=[0m15989 [3mbudget_mb[0m[2m=[0m7994 [3mfraction[0m[2m=[0m0.5
[2m2026-10-08T03:53:02.613406Z[0m [32m INFO[0m [2mcc_db::index_migrate[0m[2m:[0m initializing index schema [3mversion[0m[2m=[0m25
[2m2026-10-08T03:53:02.618127Z[0m [32m INFO[0m [1mserve_inner[0m[2m:[0m [2mrmcp::service[0m[2m:[0m input stream terminated
[2m2026-10-08T03:53:02.618193Z[0m [32m INFO[0m [1mserve_inner[0m[2m:[0m [2mrmcp::service[0m[2m:[0m serve finished [3mquit_reason[0m[2m=[0mClosed
[2m2026-10-08T03:53:02.628887Z[0m [32m INFO[0m [2mcc_index::memory_budget[0m[2m:[0m memory budget initialized [3mtotal_ram_mb[0m[2m=[0m15989 [3mbudget_mb[0m[2m=[0m7994 [3mfraction[0m[2m=[0m0.5
[2m2026-10-08T03:53:02.630521Z[0m [32m INFO[0m [2mcc_server::watcher[0m[2m:[0m watcher: counted project files for adaptive debounce [3mfile_count[0m[2m=[0m2
[2m2026-10-08T03:53:02.630546Z[0m [32m INFO[0m [2mcc_server::watcher[0m[2m:[0m watcher: adaptive debounce interval computed [3mdebounce_ms[0m[2m=[0m500
[2m2026-10-08T03:53:02.630942Z[0m [32m INFO[0m [2mcc_server::project_session[0m[2m:[0m watcher native subscription ready [3mnative_start_ms[0m[2m=[0m2
[2m2026-10-08T03:53:02.635105Z[0m [32m INFO[0m [2mcc_db::index_db_rebuild[0m[2m:[0m full rebuild: creating temp database [3mtmp[0m[2m=[0m/tmp/.tmp8SeZHo/.codecortex/index.sqlite3.tmp
[2m2026-10-08T03:53:02.683318Z[0m [32m INFO[0m [2mcc_db::index_db_rebuild[0m[2m:[0m full rebuild: writing data to temp database
[2m2026-10-08T03:53:02.685763Z[0m [32m INFO[0m [2mcc_db::index_db_rebuild[0m[2m:[0m full rebuild: recreating indexes
[2m2026-10-08T03:53:02.707607Z[0m [32m INFO[0m [2mcc_db::index_db_rebuild[0m[2m:[0m full rebuild: temp database ready for swap
[2m2026-10-08T03:53:02.707811Z[0m [32m INFO[0m [2mcc_index::memory_budget[0m[2m:[0m memory budget initialized [3mtotal_ram_mb[0m[2m=[0m15989 [3mbudget_mb[0m[2m=[0m7994 [3mfraction[0m[2m=[0m0.5
[2m2026-10-08T03:53:02.728151Z[0m [32m INFO[0m [2mcc_index::memory_budget[0m[2m:[0m memory budget initialized [3mtotal_ram_mb[0m[2m=[0m15989 [3mbudget_mb[0m[2m=[0m7994 [3mfraction[0m[2m=[0m0.5
[2m2026-10-08T03:53:02.731767Z[0m [32m INFO[0m [2mcc_index::memory_budget[0m[2m:[0m memory budget initialized [3mtotal_ram_mb[0m[2m=[0m15989 [3mbudget_mb[0m[2m=[0m7994 [3mfraction[0m[2m=[0m0.5
[2m2026-10-08T03:53:02.737137Z[0m [32m INFO[0m [1mserve_inner[0m[2m:[0m [2mrmcp::service[0m[2m:[0m input stream terminated
[2m2026-10-08T03:53:02.737188Z[0m [32m INFO[0m [1mserve_inner[0m[2m:[0m [2mrmcp::service[0m[2m:[0m serve finished [3mquit_reason[0m[2m=[0mClosed
[2m2026-10-08T03:53:03.250153Z[0m [32m INFO[0m [2mcc_server::mcp[0m[2m:[0m MCP server shut down gracefully
[2m2026-10-08T03:53:03.255006Z[0m [32m INFO[0m [2mcc_server::mcp[0m[2m:[0m MCP server shut down gracefully
[2m2026-10-08T03:53:03.264186Z[0m [32m INFO[0m [2mcc_server::mcp[0m[2m:[0m MCP server shut down gracefully
test stdio_ingest_traces_and_adr_delete ... ok
test stdio_invalid_enum_value_maps_to_invalid_params ... ok
test stdio_mcp_lists_tools_and_calls_core_tools ... ok
[2m2026-10-08T03:53:03.273211Z[0m [32m INFO[0m [2mcc_db::index_migrate[0m[2m:[0m initializing index schema [3mversion[0m[2m=[0m25
[2m2026-10-08T03:53:03.288512Z[0m [32m INFO[0m [2mcc_index::memory_budget[0m[2m:[0m memory budget initialized [3mtotal_ram_mb[0m[2m=[0m15989 [3mbudget_mb[0m[2m=[0m7994 [3mfraction[0m[2m=[0m0.5
[2m2026-10-08T03:53:03.289490Z[0m [32m INFO[0m [1mserve_inner[0m[2m:[0m [2mrmcp::service[0m[2m:[0m Service initialized as server [3mpeer_info[0m[2m=[0mSome(InitializeRequestParams { meta: None, protocol_version: ProtocolVersion("2025-11-25"), capabilities: ClientCapabilities { experimental: None, extensions: None, roots: None, sampling: None, elicitation: None, tasks: None }, client_info: Implementation { name: "rmcp", title: None, version: "2.2.0", description: None, icons: None, website_url: None } })
[2m2026-10-08T03:53:03.289647Z[0m [32m INFO[0m [2mcc_server::mcp[0m[2m:[0m MCP server started on stdio
[2m2026-10-08T03:53:03.289745Z[0m [32m INFO[0m [1mserve_inner[0m[2m:[0m [2mrmcp::service[0m[2m:[0m received notification [3mnotification[0m[2m=[0mInitializedNotification(NotificationNoParam { method: InitializedNotificationMethod, extensions: Extensions })
[2m2026-10-08T03:53:03.289946Z[0m [32m INFO[0m [1mserve_inner[0m[2m:[0m [2mrmcp::handler::server[0m[2m:[0m client initialized
[2m2026-10-08T03:53:03.291806Z[0m [32m INFO[0m [2mcc_server::watcher[0m[2m:[0m watcher: counted project files for adaptive debounce [3mfile_count[0m[2m=[0m3
[2m2026-10-08T03:53:03.291829Z[0m [32m INFO[0m [2mcc_server::watcher[0m[2m:[0m watcher: adaptive debounce interval computed [3mdebounce_ms[0m[2m=[0m500
[2m2026-10-08T03:53:03.292244Z[0m [32m INFO[0m [2mcc_server::watcher[0m[2m:[0m watcher: counted project files for adaptive debounce [3mfile_count[0m[2m=[0m3
[2m2026-10-08T03:53:03.292268Z[0m [32m INFO[0m [2mcc_server::watcher[0m[2m:[0m watcher: adaptive debounce interval computed [3mdebounce_ms[0m[2m=[0m500
[2m2026-10-08T03:53:03.292913Z[0m [32m INFO[0m [2mcc_server::project_session[0m[2m:[0m watcher native subscription ready [3mnative_start_ms[0m[2m=[0m2
[2m2026-10-08T03:53:03.330871Z[0m [32m INFO[0m [2mcc_index::indexer[0m[2m:[0m pre-resolve framework enrichment active [3mresolvers[0m[2m=[0m["flask"] [3mhas_go_router[0m[2m=[0mfalse
[2m2026-10-08T03:53:03.357470Z[0m [32m INFO[0m [2mcc_index::memory_budget[0m[2m:[0m memory budget initialized [3mtotal_ram_mb[0m[2m=[0m15989 [3mbudget_mb[0m[2m=[0m7994 [3mfraction[0m[2m=[0m0.5
[2m2026-10-08T03:53:03.366478Z[0m [32m INFO[0m [2mcc_index::indexer_phases::write[0m[2m:[0m generated hierarchy edges [3mcount[0m[2m=[0m10
[2m2026-10-08T03:53:03.367953Z[0m [32m INFO[0m [2mcc_index::memory_budget[0m[2m:[0m memory budget initialized [3mtotal_ram_mb[0m[2m=[0m15989 [3mbudget_mb[0m[2m=[0m7994 [3mfraction[0m[2m=[0m0.5
[2m2026-10-08T03:53:03.371740Z[0m [32m INFO[0m [2mcc_index::memory_budget[0m[2m:[0m memory budget initialized [3mtotal_ram_mb[0m[2m=[0m15989 [3mbudget_mb[0m[2m=[0m7994 [3mfraction[0m[2m=[0m0.5
[2m2026-10-08T03:53:03.373351Z[0m [32m INFO[0m [2mcc_index::memory_budget[0m[2m:[0m memory budget initialized [3mtotal_ram_mb[0m[2m=[0m15989 [3mbudget_mb[0m[2m=[0m7994 [3mfraction[0m[2m=[0m0.5
[2m2026-10-08T03:53:03.383481Z[0m [32m INFO[0m [2mcc_index::indexer[0m[2m:[0m pre-resolve framework enrichment active [3mresolvers[0m[2m=[0m["flask"] [3mhas_go_router[0m[2m=[0mfalse
[2m2026-10-08T03:53:03.390102Z[0m [32m INFO[0m [2mcc_db::index_db_rebuild[0m[2m:[0m full rebuild: creating temp database [3mtmp[0m[2m=[0m/tmp/.tmpuvGma7/.codecortex/index.sqlite3.tmp
[2m2026-10-08T03:53:03.562726Z[0m [32m INFO[0m [2mcc_db::index_db_rebuild[0m[2m:[0m full rebuild: writing data to temp database
[2m2026-10-08T03:53:03.569729Z[0m [32m INFO[0m [2mcc_db::index_db_rebuild[0m[2m:[0m full rebuild: recreating indexes
[2m2026-10-08T03:53:03.593925Z[0m [32m INFO[0m [2mcc_db::index_db_rebuild[0m[2m:[0m full rebuild: temp database ready for swap
[2m2026-10-08T03:53:03.594204Z[0m [32m INFO[0m [2mcc_index::memory_budget[0m[2m:[0m memory budget initialized [3mtotal_ram_mb[0m[2m=[0m15989 [3mbudget_mb[0m[2m=[0m7994 [3mfraction[0m[2m=[0m0.5
[2m2026-10-08T03:53:03.618036Z[0m [32m INFO[0m [2mcc_index::memory_budget[0m[2m:[0m memory budget initialized [3mtotal_ram_mb[0m[2m=[0m15989 [3mbudget_mb[0m[2m=[0m7994 [3mfraction[0m[2m=[0m0.5
[2m2026-10-08T03:53:03.621852Z[0m [32m INFO[0m [2mcc_index::memory_budget[0m[2m:[0m memory budget initialized [3mtotal_ram_mb[0m[2m=[0m15989 [3mbudget_mb[0m[2m=[0m7994 [3mfraction[0m[2m=[0m0.5
[2m2026-10-08T03:53:03.631209Z[0m [32m INFO[0m [2mcc_server::mcp[0m[2m:[0m MCP server shut down gracefully
[2m2026-10-08T03:53:03.631205Z[0m [32m INFO[0m [1mserve_inner[0m[2m:[0m [2mrmcp::service[0m[2m:[0m input stream terminated
[2m2026-10-08T03:53:03.631264Z[0m [32m INFO[0m [1mserve_inner[0m[2m:[0m [2mrmcp::service[0m[2m:[0m serve finished [3mquit_reason[0m[2m=[0mClosed
test stdio_project_switch_isolates_cache ... ok
[2m2026-10-08T03:53:04.293363Z[0m [32m INFO[0m [2mcc_server::mcp[0m[2m:[0m MCP server shut down gracefully
test stdio_status_capabilities_and_schema ... ok

test result: ok. 9 passed; 0 failed; 0 ignored; 0 measured; 0 filtered out; finished in 3.18s

     Running tests/p7_gc_retention_config.rs (/home/runner/work/_temp/p7-closeout-target/debug/deps/p7_gc_retention_config-52c83d8f14b09c51)

running 4 tests
test zero_gc_grace_is_still_rejected_before_cache_root_resolution ... ok
test overflowing_gc_grace_is_rejected_before_cache_root_resolution ... ok
test disabled_semantic_config_remains_inert_even_for_unusable_gc_graces ... ok
test representable_grace_keeps_fresh_objects_and_expires_at_its_exact_boundary ... ok

test result: ok. 4 passed; 0 failed; 0 ignored; 0 measured; 0 filtered out; finished in 0.19s

     Running tests/p7_runtime_independent_review.rs (/home/runner/work/_temp/p7-closeout-target/debug/deps/p7_runtime_independent_review-2e2e9b54c5d91f64)

running 3 tests
test close_after_response_before_publish_still_fences_old_worker ... ok
test retired_worker_cannot_clear_reopened_degradation_projection ... ok
test closing_one_inflight_call_does_not_charge_unstarted_documents ... ok

test result: ok. 3 passed; 0 failed; 0 ignored; 0 measured; 0 filtered out; finished in 0.47s

     Running tests/p7_v18_fault_contract.rs (/home/runner/work/_temp/p7-closeout-target/debug/deps/p7_v18_fault_contract-d7a3b2a4fbce0b30)

running 2 tests
test unconfigured_auto_stays_local_and_explicit_semantic_is_a_public_error ... ok
test provider_server_transport_timeout_faults_and_recovery_keep_honest_public_results ... ok

test result: ok. 2 passed; 0 failed; 0 ignored; 0 measured; 0 filtered out; finished in 32.30s

     Running tests/p7_v18_parameter_contract.rs (/home/runner/work/_temp/p7-closeout-target/debug/deps/p7_v18_parameter_contract-72ce0c268a0466f9)

running 12 tests
[2m2026-10-08T03:53:37.282402Z[0m [32m INFO[0m [2mcc_db::index_migrate[0m[2m:[0m initializing index schema [3mversion[0m[2m=[0m25
[2m2026-10-08T03:53:37.282425Z[0m [32m INFO[0m [2mcc_db::index_migrate[0m[2m:[0m initializing index schema [3mversion[0m[2m=[0m25
[2m2026-10-08T03:53:37.282426Z[0m [32m INFO[0m [2mcc_db::index_migrate[0m[2m:[0m initializing index schema [3mversion[0m[2m=[0m25
[2m2026-10-08T03:53:37.282844Z[0m [32m INFO[0m [2mcc_db::index_migrate[0m[2m:[0m initializing index schema [3mversion[0m[2m=[0m25
[2m2026-10-08T03:53:37.303507Z[0m [32m INFO[0m [1mserve_inner[0m[2m:[0m [2mrmcp::service[0m[2m:[0m Service initialized as server [3mpeer_info[0m[2m=[0mSome(InitializeRequestParams { meta: None, protocol_version: ProtocolVersion("2025-11-25"), capabilities: ClientCapabilities { experimental: None, extensions: None, roots: None, sampling: None, elicitation: None, tasks: None }, client_info: Implementation { name: "rmcp", title: None, version: "2.2.0", description: None, icons: None, website_url: None } })
[2m2026-10-08T03:53:37.303608Z[0m [32m INFO[0m [2mcc_server::mcp[0m[2m:[0m MCP server started on stdio
[2m2026-10-08T03:53:37.303844Z[0m [32m INFO[0m [1mserve_inner[0m[2m:[0m [2mrmcp::service[0m[2m:[0m received notification [3mnotification[0m[2m=[0mInitializedNotification(NotificationNoParam { method: InitializedNotificationMethod, extensions: Extensions })
[2m2026-10-08T03:53:37.304139Z[0m [32m INFO[0m [1mserve_inner[0m[2m:[0m [2mrmcp::handler::server[0m[2m:[0m client initialized
V18_JSON {"args":{"aspect":"capabilities"},"result":{"capabilities":{"graph":true,"impact":true,"search":true},"has_index":true,"has_project":true,"indexed_files":0,"indexed_symbols":0,"resolution_freshness":{"basis_epoch":null,"complete":true,"completed_files":0,"index_epoch":0,"reason":null,"retry":null,"root_count":0,"scope":"observed_resolution_invalidations","status":"ready"},"retrieval":{"consistency":"point_in_time","default_effective_strategy":"local","default_query_state":"available_with_per_query_checks","default_strategy":"local","dense_reason":"provider_and_vector_publication_not_implemented","dense_state":"disabled","diagnostic_sources":{"build":"BuildExplain on index response","graph":"GraphExplain on query response","lanes":"evidence_summary.retrieval.lanes or lane_receipts","packing":"evidence_summary.packing","selection":"evidence_summary.selection","semantic":"evidence_summary.retrieval.semantic (dense lane receipt projection)","source":"evidence_summary.source_freshness"},"execution":{"async_admitted":0,"async_in_flight":0,"async_limit":8,"completed":0,"cpu_admitted":0,"cpu_in_flight":0,"cpu_limit":4,"queue_limit":32,"rejected":0},"execution_scope":"process_shared_not_project_local","generation":{"evidence_epoch":0,"incarnation":[234,226,163,90,218,23,121,219,11,12,87,53,81,131,90,191],"index_epoch":0,"semantic_epoch":null},"generation_scope":"observed_database_snapshot","identity_validation":"checked_at_observation_boundary","index_state":"empty","local_state":"available","pin_scope":"owned_query_views_including_inflight_clones_not_request_count","query_coverage":{"scope":"per_query_not_global","state":"not_measured"},"query_encoding":{"configured_opt_in":false,"network_authorized":false,"reason":"semantic_disabled","request_scope":"nonlocal_nonempty_only"},"query_pins":0,"resolution_freshness":{"basis_epoch":null,"complete":true,"completed_files":0,"index_epoch":0,"reason":null,"retry":null,"root_count":0,"scope":"observed_resolution_invalidations","status":"ready"},"semantic_active_space":null,"semantic_state":"not_configured","service_state_scope":"process_observed_separately","spec":"retrieval-capabilities-v2"}},"tool":"status"}
[2m2026-10-08T03:53:37.306411Z[0m [33m WARN[0m [1mserve_inner[0m[2m:[0m [2mrmcp::service[0m[2m:[0m response error [3mid[0m[2m=[0m2 [3merror[0m[2m=[0mErrorData { code: ErrorCode(-32602), message: "retrieval_strategy must be local, auto, or semantic", data: None }
V18_JSON {"args":{"query":"needle","retrieval_strategy":"dense"},"error_code":-32602,"message":"retrieval_strategy must be local, auto, or semantic","tool":"search"}
[2m2026-10-08T03:53:37.307821Z[0m [33m WARN[0m [1mserve_inner[0m[2m:[0m [2mrmcp::service[0m[2m:[0m response error [3mid[0m[2m=[0m3 [3merror[0m[2m=[0mErrorData { code: ErrorCode(-32602), message: "retrieval_strategy must be local, auto, or semantic", data: None }
V18_JSON {"args":{"query":"needle","retrieval_strategy":"AUTO"},"error_code":-32602,"message":"retrieval_strategy must be local, auto, or semantic","tool":"search"}
[2m2026-10-08T03:53:37.308770Z[0m [33m WARN[0m [1mserve_inner[0m[2m:[0m [2mrmcp::service[0m[2m:[0m response error [3mid[0m[2m=[0m4 [3merror[0m[2m=[0mErrorData { code: ErrorCode(-32602), message: "retrieval_strategy must be local, auto, or semantic", data: None }
V18_JSON {"args":{"query":"needle","retrieval_strategy":""},"error_code":-32602,"message":"retrieval_strategy must be local, auto, or semantic","tool":"search"}
V18_JSON {"args":{"query":"needle","retrieval_strategy":1},"content":[{"text":"failed to deserialize parameters: invalid type: integer `1`, expected a string","type":"text"}],"is_error":true,"tool":"search"}
V18_JSON {"args":{"query":"needle","retrieval_strategy":{}},"content":[{"text":"failed to deserialize parameters: invalid type: map, expected a string","type":"text"}],"is_error":true,"tool":"search"}
[2m2026-10-08T03:53:37.310490Z[0m [32m INFO[0m [1mserve_inner[0m[2m:[0m [2mrmcp::service[0m[2m:[0m Service initialized as server [3mpeer_info[0m[2m=[0mSome(InitializeRequestParams { meta: None, protocol_version: ProtocolVersion("2025-11-25"), capabilities: ClientCapabilities { experimental: None, extensions: None, roots: None, sampling: None, elicitation: None, tasks: None }, client_info: Implementation { name: "rmcp", title: None, version: "2.2.0", description: None, icons: None, website_url: None } })
[2m2026-10-08T03:53:37.310554Z[0m [32m INFO[0m [2mcc_server::mcp[0m[2m:[0m MCP server started on stdio
V18_JSON {"args":{"query":"needle","retrieval_strategy":[]},"content":[{"text":"failed to deserialize parameters: invalid type: sequence, expected a string","type":"text"}],"is_error":true,"tool":"search"}
V18_JSON {"args":{"query":"needle","retrieval_stratgey":"auto"},"content":[{"text":"failed to deserialize parameters: unknown field `retrieval_stratgey`, expected one of `query`, `retrieval_strategy`, `mode`, `top_k`, `intent`, `exact`, `boost_files`, `recent_files`, `pinned_files`, `conversation_queries`, `overlay_files`, `file_preselect_limit`, `path_prefix`, `project_path`","type":"text"}],"is_error":true,"tool":"search"}
[2m2026-10-08T03:53:37.311944Z[0m [32m INFO[0m [1mserve_inner[0m[2m:[0m [2mrmcp::service[0m[2m:[0m received notification [3mnotification[0m[2m=[0mInitializedNotification(NotificationNoParam { method: InitializedNotificationMethod, extensions: Extensions })
V18_JSON {"args":{"endpoint":"https://provider.invalid","query":"needle"},"content":[{"text":"failed to deserialize parameters: unknown field `endpoint`, expected one of `query`, `retrieval_strategy`, `mode`, `top_k`, `intent`, `exact`, `boost_files`, `recent_files`, `pinned_files`, `conversation_queries`, `overlay_files`, `file_preselect_limit`, `path_prefix`, `project_path`","type":"text"}],"is_error":true,"tool":"search"}
[2m2026-10-08T03:53:37.312160Z[0m [32m INFO[0m [1mserve_inner[0m[2m:[0m [2mrmcp::handler::server[0m[2m:[0m client initialized
[2m2026-10-08T03:53:37.312578Z[0m [33m WARN[0m [1mserve_inner[0m[2m:[0m [2mrmcp::service[0m[2m:[0m response error [3mid[0m[2m=[0m10 [3merror[0m[2m=[0mErrorData { code: ErrorCode(-32602), message: "retrieval_strategy must be local, auto, or semantic", data: None }
V18_JSON {"args":{"retrieval_strategy":"dense","task":"needle"},"error_code":-32602,"message":"retrieval_strategy must be local, auto, or semantic","tool":"context"}
[2m2026-10-08T03:53:37.313181Z[0m [33m WARN[0m [1mserve_inner[0m[2m:[0m [2mrmcp::service[0m[2m:[0m response error [3mid[0m[2m=[0m11 [3merror[0m[2m=[0mErrorData { code: ErrorCode(-32602), message: "retrieval_strategy must be local, auto, or semantic", data: None }
V18_JSON {"args":{"retrieval_strategy":"AUTO","task":"needle"},"error_code":-32602,"message":"retrieval_strategy must be local, auto, or semantic","tool":"context"}
[2m2026-10-08T03:53:37.313802Z[0m [33m WARN[0m [1mserve_inner[0m[2m:[0m [2mrmcp::service[0m[2m:[0m response error [3mid[0m[2m=[0m12 [3merror[0m[2m=[0mErrorData { code: ErrorCode(-32602), message: "retrieval_strategy must be local, auto, or semantic", data: None }
V18_JSON {"args":{"retrieval_strategy":"","task":"needle"},"error_code":-32602,"message":"retrieval_strategy must be local, auto, or semantic","tool":"context"}
V18_JSON {"args":{"retrieval_strategy":1,"task":"needle"},"content":[{"text":"failed to deserialize parameters: invalid type: integer `1`, expected a string","type":"text"}],"is_error":true,"tool":"context"}
[2m2026-10-08T03:53:37.314964Z[0m [32m INFO[0m [2mcc_index::memory_budget[0m[2m:[0m memory budget initialized [3mtotal_ram_mb[0m[2m=[0m15989 [3mbudget_mb[0m[2m=[0m7994 [3mfraction[0m[2m=[0m0.5
V18_JSON {"args":{"retrieval_strategy":{},"task":"needle"},"content":[{"text":"failed to deserialize parameters: invalid type: map, expected a string","type":"text"}],"is_error":true,"tool":"context"}
V18_JSON {"args":{"retrieval_strategy":[],"task":"needle"},"content":[{"text":"failed to deserialize parameters: invalid type: sequence, expected a string","type":"text"}],"is_error":true,"tool":"context"}
V18_JSON {"args":{"retrieval_stratgey":"auto","task":"needle"},"content":[{"text":"failed to deserialize parameters: unknown field `retrieval_stratgey`, expected one of `task`, `retrieval_strategy`, `max_symbols`, `include_source`, `intent`, `project_path`","type":"text"}],"is_error":true,"tool":"context"}
V18_JSON {"args":{"endpoint":"https://provider.invalid","task":"needle"},"content":[{"text":"failed to deserialize parameters: unknown field `endpoint`, expected one of `task`, `retrieval_strategy`, `max_symbols`, `include_source`, `intent`, `project_path`","type":"text"}],"is_error":true,"tool":"context"}
[2m2026-10-08T03:53:37.321176Z[0m [32m INFO[0m [1mserve_inner[0m[2m:[0m [2mrmcp::service[0m[2m:[0m Service initialized as server [3mpeer_info[0m[2m=[0mSome(InitializeRequestParams { meta: None, protocol_version: ProtocolVersion("2025-11-25"), capabilities: ClientCapabilities { experimental: None, extensions: None, roots: None, sampling: None, elicitation: None, tasks: None }, client_info: Implementation { name: "rmcp", title: None, version: "2.2.0", description: None, icons: None, website_url: None } })
[2m2026-10-08T03:53:37.321257Z[0m [32m INFO[0m [2mcc_server::mcp[0m[2m:[0m MCP server started on stdio
[2m2026-10-08T03:53:37.322026Z[0m [32m INFO[0m [1mserve_inner[0m[2m:[0m [2mrmcp::service[0m[2m:[0m received notification [3mnotification[0m[2m=[0mInitializedNotification(NotificationNoParam { method: InitializedNotificationMethod, extensions: Extensions })
[2m2026-10-08T03:53:37.323704Z[0m [32m INFO[0m [1mserve_inner[0m[2m:[0m [2mrmcp::handler::server[0m[2m:[0m client initialized
[2m2026-10-08T03:53:37.324645Z[0m [33m WARN[0m [1mserve_inner[0m[2m:[0m [2mrmcp::service[0m[2m:[0m response error [3mid[0m[2m=[0m18 [3merror[0m[2m=[0mErrorData { code: ErrorCode(-32602), message: "invalid mode: 'semantic' (valid: hybrid, symbol)", data: None }
V18_JSON {"args":{"mode":"semantic","query":"needle"},"error_code":-32602,"message":"invalid mode: 'semantic' (valid: hybrid, symbol)","tool":"search"}
V18_JSON {"args":{"query":"needle","top_k":"10"},"content":[{"text":"failed to deserialize parameters: invalid type: string \"10\", expected usize","type":"text"}],"is_error":true,"tool":"search"}
[2m2026-10-08T03:53:37.326062Z[0m [33m WARN[0m [1mserve_inner[0m[2m:[0m [2mrmcp::service[0m[2m:[0m response error [3mid[0m[2m=[0m20 [3merror[0m[2m=[0mErrorData { code: ErrorCode(-32602), message: "symbol mode supports only local retrieval_strategy", data: None }
V18_JSON {"args":{"mode":"symbol","query":"needle","retrieval_strategy":"auto"},"error_code":-32602,"message":"symbol mode supports only local retrieval_strategy","tool":"search"}
V18_JSON {"schema":{"$schema":"https://json-schema.org/draft/2020-12/schema","additionalProperties":false,"properties":{"boost_files":{"default":null,"description":"File paths the agent is currently focused on. These files receive a\nranking boost in search results (they are not used as an exclusive filter).","items":{"type":"string"},"type":["array","null"]},"conversation_queries":{"default":null,"description":"Prior conversational queries that bias lexical / semantic retrieval\ntoward the ongoing discussion.","items":{"type":"string"},"type":["array","null"]},"exact":{"default":false,"description":"When `true`, require an exact symbol-name match instead of fuzzy.","type":"boolean"},"file_preselect_limit":{"default":null,"description":"Maximum number of candidate files to consider during the preselection\nstage. Higher values trade latency for recall on large repos. Default\nis auto-tuned based on `top_k`.","format":"uint","minimum":0,"type":["integer","null"]},"intent":{"default":null,"description":"Optional intent hint to guide ranking (e.g. \"find error handling logic\").","type":["string","null"]},"mode":{"default":"hybrid","description":"Search strategy.\n- `\"hybrid\"` – combines text and graph signals (default)\n- `\"symbol\"` – exact / fuzzy symbol-name lookup only","type":"string"},"overlay_files":{"default":null,"description":"In-memory / unsaved file paths (editor overlays) that should be treated\nas part of the working set when ranking results.","items":{"type":"string"},"type":["array","null"]},"path_prefix":{"default":null,"description":"Restrict results to files whose path begins with this prefix\n(e.g. `\"src/api/\"`). Applied as an exclusive filter.","type":["string","null"]},"pinned_files":{"default":null,"description":"Pinned / bookmarked file paths that should always rank highly when they\nmatch the query.","items":{"type":"string"},"type":["array","null"]},"project_path":{"default":null,"description":"Optional project root override.","type":["string","null"]},"query":{"description[2m2026-10-08T03:53:37.326717Z[0m [33m WARN[0m [1mserve_inner[0m[2m:[0m [2mrmcp::service[0m[2m:[0m response error [3mid[0m[2m=[0m21 [3merror[0m[2m=[0mErrorData { code: ErrorCode(-32602), message: "symbol mode supports only local retrieval_strategy", data: None }
":"The search query string (natural language or symbol name).","type":"string"},"recent_files":{"default":null,"description":"Recently viewed / edited file paths. Receives a smaller ranking boost\nthan `boost_files`.","items":{"type":"string"},"type":["array","null"]},"retrieval_strategy":{"default":null,"description":"Retrieval policy for hybrid mode: local, auto, or semantic. Omitted uses\nproject configuration; auto without a semantic port stays local. An\nunconfigured explicit semantic request fails instead of pretending ready.","type":["string","null"]},"top_k":{"default":10,"description":"Maximum number of results to return. Default 10.","format":"uint","minimum":0,"type":"integer"}},"required":["query"],"type":"object"},"tool":"search"}
V18_JSON {"schema":{"$schema":"https://json-schema.org/draft/2020-12/schema","additionalProperties":false,"properties":{"include_source":{"default":true,"description":"Whether to include source code for each symbol. Default `true`.","type":"boolean"},"intent":{"default":null,"description":"Optional intent hint to steer retrieval (e.g. \"refactor\", \"debug\").","type":["string","null"]},"max_symbols":{"default":null,"description":"Maximum number of symbols to include in the context window.","format":"uint","minimum":0,"type":["integer","null"]},"project_path":{"default":null,"description":"Optional project root override.","type":["string","null"]},"retrieval_strategy":{"default":null,"description":"Optional local/auto/semantic policy. An explicit policy uses the unified\nretrieval path rather than the legacy direct-symbol shortcut.","type":["string","null"]},"task":{"description":"Natural-language description of the task or question.","type":"string"}},"required":["task"],"type":"object"},"tool":"context"}
V18_JSON {"args":{"mode":"symbol","query":"needle","retrieval_strategy":"semantic"},"error_code":-32602,"message":"symbol mode supports only local retrieval_strategy","tool":"search"}
[2m2026-10-08T03:53:37.327321Z[0m [33m WARN[0m [1mserve_inner[0m[2m:[0m [2mrmcp::service[0m[2m:[0m response error [3mid[0m[2m=[0m22 [3merror[0m[2m=[0mErrorData { code: ErrorCode(-32602), message: "invalid aspect: 'semantic' (valid: index, capabilities, schema, all)", data: None }
[2m2026-10-08T03:53:37.327509Z[0m [32m INFO[0m [1mserve_inner[0m[2m:[0m [2mrmcp::service[0m[2m:[0m Service initialized as server [3mpeer_info[0m[2m=[0mSome(InitializeRequestParams { meta: None, protocol_version: ProtocolVersion("2025-11-25"), capabilities: ClientCapabilities { experimental: None, extensions: None, roots: None, sampling: None, elicitation: None, tasks: None }, client_info: Implementation { name: "rmcp", title: None, version: "2.2.0", description: None, icons: None, website_url: None } })
[2m2026-10-08T03:53:37.327560Z[0m [32m INFO[0m [2mcc_server::mcp[0m[2m:[0m MCP server started on stdio
V18_JSON {"args":{"aspect":"semantic"},"error_code":-32602,"message":"invalid aspect: 'semantic' (valid: index, capabilities, schema, all)","tool":"status"}
[2m2026-10-08T03:53:37.327757Z[0m [32m INFO[0m [1mserve_inner[0m[2m:[0m [2mrmcp::service[0m[2m:[0m received notification [3mnotification[0m[2m=[0mInitializedNotification(NotificationNoParam { method: InitializedNotificationMethod, extensions: Extensions })
[2m2026-10-08T03:53:37.327929Z[0m [32m INFO[0m [1mserve_inner[0m[2m:[0m [2mrmcp::handler::server[0m[2m:[0m client initialized
[2m2026-10-08T03:53:37.328016Z[0m [32m INFO[0m [2mcc_index::memory_budget[0m[2m:[0m memory budget initialized [3mtotal_ram_mb[0m[2m=[0m15989 [3mbudget_mb[0m[2m=[0m7994 [3mfraction[0m[2m=[0m0.5
V18_JSON {"args":{"aspect":1},"content":[{"text":"failed to deserialize parameters: invalid type: integer `1`, expected a string","type":"text"}],"is_error":true,"tool":"status"}
[2m2026-10-08T03:53:37.329835Z[0m [32m INFO[0m [2mcc_index::memory_budget[0m[2m:[0m memory budget initialized [3mtotal_ram_mb[0m[2m=[0m15989 [3mbudget_mb[0m[2m=[0m7994 [3mfraction[0m[2m=[0m0.5
V18_JSON {"args":{"aspect":"capabilities"},"result":{"capabilities":{"graph":true,"impact":true,"search":true},"has_index":true,"has_project":true,"indexed_files":0,"indexed_symbols":0,"resolution_freshness":{"basis_epoch":null,"complete":true,"completed_files":0,"index_epoch":0,"reason":null,"retry":null,"root_count":0,"scope":"observed_resolution_invalidations","status":"ready"},"retrieval":{"consistency":"point_in_time","default_effective_strategy":"local","default_query_state":"available_with_per_query_checks","default_strategy":"local","dense_reason":"provider_and_vector_publication_not_implemented","dense_state":"disabled","diagnostic_sources":{"build":"BuildExplain on index response","graph":"GraphExplain on query response","lanes":"evidence_summary.retrieval.lanes or lane_receipts","packing":"evidence_summary.packing","selection":"evidence_summary.selection","semantic":"evidence_summary.retrieval.semantic (dense lane receipt projection)","source":"evidence_summary.source_freshness"},"execution":{"async_admitted":0,"async_in_flight":0,"async_limit":8,"completed":0,"cpu_admitted":0,"cpu_in_flight":0,"cpu_limit":4,"queue_limit":32,"rejected":0},"execution_scope":"process_shared_not_project_local","generation":{"evidence_epoch":0,"incarnation":[234,226,163,90,218,23,121,219,11,12,87,53,81,131,90,191],"index_epoch":0,"semantic_epoch":null},"generation_scope":"observed_database_snapshot","identity_validation":"checked_at_observation_boundary","index_state":"empty","local_state":"available","pin_scope":"owned_query_views_including_inflight_clones_not_request_count","query_coverage":{"scope":"per_query_not_global","state":"not_measured"},"query_encoding":{"configured_opt_in":false,"network_authorized":false,"reason":"semantic_disabled","request_scope":"nonlocal_nonempty_only"},"query_pins":0,"resolution_freshness":{"basis_epoch":null,"complete":true,"completed_files":0,"index_epoch":0,"reason":null,"retry":null,"root_count":0,"scope":"observed_resolution_invalidations","status":"ready"},"semantic_active_space":null,"semantic_state":"not_configured","service_state_scope":"process_observed_separately","spec":"retrieval-capabilities-v2"}},"tool":"status"}
[2m2026-10-08T03:53:37.333011Z[0m [32m INFO[0m [1mserve_inner[0m[2m:[0m [2mrmcp::service[0m[2m:[0m input stream terminated
[2m2026-10-08T03:53:37.333267Z[0m [32m INFO[0m [1mserve_inner[0m[2m:[0m [2mrmcp::service[0m[2m:[0m serve finished [3mquit_reason[0m[2m=[0mClosed
[2m2026-10-08T03:53:37.334005Z[0m [32m INFO[0m [2mcc_server::mcp[0m[2m:[0m MCP server shut down gracefully
[2m2026-10-08T03:53:37.347052Z[0m [32m INFO[0m [2mcc_db::index_db_rebuild[0m[2m:[0m full rebuild: creating temp database [3mtmp[0m[2m=[0m/tmp/.tmpHIcfBD/project/.codecortex/index.sqlite3.tmp
test malformed_strategy_and_symbol_incompatibility_are_public_parameter_errors ... ok
[2m2026-10-08T03:53:37.359187Z[0m [32m INFO[0m [2mcc_db::index_migrate[0m[2m:[0m initializing index schema [3mversion[0m[2m=[0m25
[2m2026-10-08T03:53:37.369561Z[0m [32m INFO[0m [2mcc_db::index_db_rebuild[0m[2m:[0m full rebuild: creating temp database [3mtmp[0m[2m=[0m/tmp/.tmpXVBPv4/project/.codecortex/index.sqlite3.tmp
[2m2026-10-08T03:53:37.372255Z[0m [32m INFO[0m [2mcc_db::index_db_rebuild[0m[2m:[0m full rebuild: creating temp database [3mtmp[0m[2m=[0m/tmp/.tmpJYtb6g/project/.codecortex/index.sqlite3.tmp
[2m2026-10-08T03:53:37.559384Z[0m [32m INFO[0m [1mserve_inner[0m[2m:[0m [2mrmcp::service[0m[2m:[0m Service initialized as server [3mpeer_info[0m[2m=[0mSome(InitializeRequestParams { meta: None, protocol_version: ProtocolVersion("2025-11-25"), capabilities: ClientCapabilities { experimental: None, extensions: None, roots: None, sampling: None, elicitation: None, tasks: None }, client_info: Implementation { name: "rmcp", title: None, version: "2.2.0", description: None, icons: None, website_url: None } })
[2m2026-10-08T03:53:37.559525Z[0m [32m INFO[0m [2mcc_server::mcp[0m[2m:[0m MCP server started on stdio
[2m2026-10-08T03:53:37.559758Z[0m [32m INFO[0m [1mserve_inner[0m[2m:[0m [2mrmcp::service[0m[2m:[0m received notification [3mnotification[0m[2m=[0mInitializedNotification(NotificationNoParam { method: InitializedNotificationMethod, extensions: Extensions })
[2m2026-10-08T03:53:37.559983Z[0m [32m INFO[0m [1mserve_inner[0m[2m:[0m [2mrmcp::handler::server[0m[2m:[0m client initialized
[2m2026-10-08T03:53:37.560598Z[0m [32m INFO[0m [2mcc_index::memory_budget[0m[2m:[0m memory budget initialized [3mtotal_ram_mb[0m[2m=[0m15989 [3mbudget_mb[0m[2m=[0m7994 [3mfraction[0m[2m=[0m0.5
[2m2026-10-08T03:53:37.592367Z[0m [32m INFO[0m [2mcc_db::index_db_rebuild[0m[2m:[0m full rebuild: creating temp database [3mtmp[0m[2m=[0m/tmp/.tmp5qFCGf/project/.codecortex/index.sqlite3.tmp
[2m2026-10-08T03:53:37.596404Z[0m [32m INFO[0m [2mcc_db::index_db_rebuild[0m[2m:[0m full rebuild: writing data to temp database
[2m2026-10-08T03:53:37.599774Z[0m [32m INFO[0m [2mcc_db::index_db_rebuild[0m[2m:[0m full rebuild: recreating indexes
[2m2026-10-08T03:53:37.777439Z[0m [32m INFO[0m [2mcc_db::index_db_rebuild[0m[2m:[0m full rebuild: temp database ready for swap
[2m2026-10-08T03:53:37.777702Z[0m [32m INFO[0m [2mcc_index::memory_budget[0m[2m:[0m memory budget initialized [3mtotal_ram_mb[0m[2m=[0m15989 [3mbudget_mb[0m[2m=[0m7994 [3mfraction[0m[2m=[0m0.5
[2m2026-10-08T03:53:37.795028Z[0m [32m INFO[0m [2mcc_db::index_db_rebuild[0m[2m:[0m full rebuild: writing data to temp database
[2m2026-10-08T03:53:37.798531Z[0m [32m INFO[0m [2mcc_db::index_db_rebuild[0m[2m:[0m full rebuild: recreating indexes
[2m2026-10-08T03:53:37.805268Z[0m [32m INFO[0m [2mcc_db::index_db_rebuild[0m[2m:[0m full rebuild: writing data to temp database
[2m2026-10-08T03:53:37.807043Z[0m [32m INFO[0m [2mcc_index::memory_budget[0m[2m:[0m memory budget initialized [3mtotal_ram_mb[0m[2m=[0m15989 [3mbudget_mb[0m[2m=[0m7994 [3mfraction[0m[2m=[0m0.5
[2m2026-10-08T03:53:37.808131Z[0m [32m INFO[0m [2mcc_db::index_db_rebuild[0m[2m:[0m full rebuild: recreating indexes
[2m2026-10-08T03:53:37.811367Z[0m [32m INFO[0m [2mcc_index::memory_budget[0m[2m:[0m memory budget initialized [3mtotal_ram_mb[0m[2m=[0m15989 [3mbudget_mb[0m[2m=[0m7994 [3mfraction[0m[2m=[0m0.5
V18_JSON {"args":{"full":true,"path":"/tmp/.tmpHIcfBD/project"},"result":{"build_explain":{"gate_decisions":[{"pass":"synthesis_round","reason":"both signatures changed","run":true},{"pass":"community","reason":"full rebuild","run":true},{"pass":"git_cochange","reason":"cache key unavailable","run":true},{"pass":"infra","reason":"signature algorithm changed","run":true},{"pass":"adr","reason":"no recorded signature","run":true}]},"chunk_policy":{"bytes":16384,"chars":16384,"estimated_tokens":4096,"lines":80,"merge_min_bytes":256},"chunks_total":2,"dirty_plan":{"dependency_sql":{"fullscan_steps":0,"rows":0,"sorts":0,"statements":0,"vm_steps":0},"file_budget":0,"parsed_files":1,"reasons":[],"rebased":false,"resumed":false,"selected_dependents":0},"document_changes":{"files_projected":1,"removed":0,"render_failed":0,"reusable_inputs":0,"unchanged":0,"upserted":2},"elapsed_ms":501,"files_added":1,"files_parsed":1,"files_removed":0,"files_scanned":1,"files_skipped":0,"files_updated":0,"parse_errors":[],"phase_timing":{"analysis_ms":3,"parse_ms":24,"postprocess_ms":5,"resolve_ms":0,"scan_diff_ms":6,"write_ms":29},"project_model":{"catalog_files":1,"changed_configs":[],"config_inputs":0,"config_parse_cache_hits":0,"config_reads":0,"config_root_probes":5,"config_roots":0,"diagnostics":[],"go_fact_cache_hits":0,"go_source_reads":0,"input_digest":"6608a5a5cd33639a82b1be8d943f3148241d6520b8e0d9930909feaaf0ec5b8c","inventory_source":"shared_walk","modes":[],"rust_fact_cache_hits":0,"rust_source_reads":0,"version":3},"public_surface_coverage":{"known":1,"known_empty":0,"parsed_files":1,"unknown":0,"unknown_reasons":{}},"resolution_coverage":{"ambiguous":0,"incomplete_files":0,"modules_ambiguous":0,"modules_external":0,"modules_resolved":0,"modules_unknown":0,"modules_unresolved":0,"modules_unsupported":0,"omitted_records":0,"packages_resolved":0,"processed_files":1,"resolved":2,"unresolved":0,"unsupported":0},"resolution_freshness":{"basis_epoch":null,"complete":true,"completed_files":0,"index_epoch":5,"reason":null,"retry":null,"root_count":0,"scope":"observed_resolution_invalidations","status":"ready"},"symbols_total":2,"used_parallel_parse":false},"tool":"index"}
V18_JSON {"args":{"aspect":"capabilities"},"result":{"capabilities":{"graph":true,"impact":true,"search":true},"has_index":true,"has_project":true,"indexed_files":1,"indexed_symbols":2,"resolution_freshness":{"basis_epoch":null,"complete":true,"completed_files":0,"index_epoch":5,"reason":null,"retry":null,"root_count":0,"scope":"observed_resolution_invalidations","status":"ready"},"retrieval":{"consistency":"point_in_time","default_effective_strategy":"semantic","default_query_state":"available_with_per_query_checks","default_strategy":"semantic","dense_reason":"semantic_no_active_space","dense_state":"disabled","diagnostic_sources":{"build":"BuildExplain on index response","graph":"GraphExplain on query response","lanes":"evidence_summary.retrieval.lanes or lane_receipts","packing":"evidence_summary.packing","selection":"evidence_summary.selection","semantic":"evidence_summary.retrieval.semantic (dense lane receipt projection)","source":"evidence_summary.source_freshness"},"execution":{"async_admitted":0,"async_in_flight":0,"async_limit":8,"completed":0,"cpu_admitted":0,"cpu_in_flight":0,"cpu_limit":4,"queue_limit":32,"rejected":0},"execution_scope":"process_shared_not_project_local","generation":{"evidence_epoch":1,"incarnation":[8,9,171,148,50,68,161,185,174,107,143,92,228,42,92,214],"index_epoch":5,"semantic_epoch":null},"generation_scope":"observed_database_snapshot","identity_validation":"checked_at_observation_boundary","index_state":"available","local_state":"available","pin_scope":"owned_query_views_including_inflight_clones_not_request_count","query_coverage":{"scope":"per_query_not_global","state":"not_measured"},"query_encoding":{"configured_opt_in":false,"network_authorized":false,"reason":"network_opt_in_required","request_scope":"nonlocal_nonempty_only"},"query_pins":0,"resolution_freshness":{"basis_epoch":null,"complete":true,"completed_files":0,"index_epoch":5,"reason":null,"retry":null,"root_count":0,"scope":"observed_resolution_invalidations","status":"ready"},"semantic_active_space":null,"semantic_state":"port_attached_unverified","service_state_scope":"process_observed_separately","spec":"retrieval-capabilities-v2"}},"tool":"status"}
[2m2026-10-08T03:53:37.838815Z[0m [32m INFO[0m [2mcc_db::index_db_rebuild[0m[2m:[0m full rebuild: temp database ready for swap
[2m2026-10-08T03:53:37.838999Z[0m [32m INFO[0m [2mcc_index::memory_budget[0m[2m:[0m memory budget initialized [3mtotal_ram_mb[0m[2m=[0m15989 [3mbudget_mb[0m[2m=[0m7994 [3mfraction[0m[2m=[0m0.5
[2m2026-10-08T03:53:37.840742Z[0m [32m INFO[0m [2mcc_db::index_db_rebuild[0m[2m:[0m full rebuild: temp database ready for swap
[2m2026-10-08T03:53:37.840934Z[0m [32m INFO[0m [2mcc_index::memory_budget[0m[2m:[0m memory budget initialized [3mtotal_ram_mb[0m[2m=[0m15989 [3mbudget_mb[0m[2m=[0m7994 [3mfraction[0m[2m=[0m0.5
V18_JSON {"args":{"query":"needle"},"result":{"evidence_summary":{"files":["needle.py"],"graph_enrichment":{"callees_added":1,"callers_added":1,"symbols_resolved":2,"tests_found":0},"packing":{"compacted":true,"configured_max_bytes":18000,"continuation":"Use files region/expand on retained references; recheck source version.","limit_bytes":16000,"omitted_hits":0,"omitted_nodes":0,"original_hits":2,"original_nodes":4,"partial":false,"spec":"whole-json-intent-facets-source-support-before-incidental-v5","token_estimate_method":"ceil(serialized_utf8_bytes/4); not a tokenizer","used_bytes":12839},"retrieval":{"cost":{"coverage":"originating_work; full scope: retrieval-cost schema v1","fused_candidates":2,"hydrate_requested":2,"hydration":{"sql":{"fullscan_steps":0,"rows":10,"sorts":0,"statements":9,"vm_steps":386},"text":{"cache_hits":2,"legacy_auto_reads":0,"storage_reads":0,"utf8_bytes":66,"zstd_decodes":0}},"lane_candidates":{"exact_symbol":1,"graph":2,"grep":2,"lexical":2,"path":1,"semantic":0},"lexical_sql":{"fullscan_steps":0,"rows":2,"sorts":1,"statements":1,"vm_steps":59},"schema_version":1},"grep":{"fallback_scanned":0,"prefilter_failed":false,"prefilter_scanned":0,"reason":null,"scan_cap":20000,"scanned":2,"skipped_duplicates":4,"soft_scanned":2,"stages":[{"stage":"soft","work":{"sql":{"fullscan_steps":0,"rows":2,"sorts":0,"statements":1,"vm_steps":29},"text":{"cache_hits":0,"legacy_auto_reads":0,"storage_reads":2,"utf8_bytes":66,"zstd_decodes":0}}},{"stage":"prefilter","work":{"sql":{"fullscan_steps":0,"rows":2,"sorts":1,"statements":1,"vm_steps":58},"text":{"cache_hits":0,"legacy_auto_reads":0,"storage_reads":0,"utf8_bytes":0,"zstd_decodes":0}}},{"stage":"fallback","work":{"sql":{"fullscan_steps":1,"rows":2,"sorts":0,"statements":1,"vm_steps":23},"text":{"cache_hits":0,"legacy_auto_reads":0,"storage_reads":0,"utf8_bytes":0,"zstd_decodes":0}}}],"status":"complete"},"lane_receipts":[{"candidate_count":1,"candidate_details_omitted":true,"coverage":{"complete":true,"examined":null,"scope":"hard_scope","total_lower_bound":1},"elapsed_us":451,"lane_id":"exact_symbol","schema_version":1,"status":"complete","truncation_reason":null,"weight":1.1},{"candidate_count":1,"candidate_details_omitted":true,"coverage":{"complete":true,"examined":null,"scope":"hard_scope","total_lower_bound":1},"elapsed_us":636,"lane_id":"path","schema_version":1,"status":"complete","truncation_reason":null,"weight":1.0},{"candidate_count":2,"candidate_details_omitted":true,"coverage":{"complete":true,"examined":null,"scope":"hard_scope","total_lower_bound":2},"elapsed_us":473,"lane_id":"lexical","schema_version":1,"status":"complete","truncation_reason":null,"weight":1.1},{"candidate_count":2,"candidate_details_omitted":true,"coverage":{"complete":true,"examined":2,"scope":"hard_scope","total_lower_bound":2},"elapsed_us":1900,"lane_id":"grep","schema_version":1,"status":"complete","truncation_reason":null,"weight":0.8},{"candidate_count":2,"candidate_details_omitted":true,"coverage":{"complete":true,"examined":null,"scope":"hard_scope","total_lower_bound":2},"elapsed_us":1544,"lane_id":"graph","schema_version":1,"status":"complete","truncation_reason":null,"weight":0.6},{"candidate_count":0,"candidate_details_omitted":true,"coverage":{"complete":false,"examined":null,"scope":"hard_scope","total_lower_bound":0},"elapsed_us":196,"lane_id":"semantic","schema_version":1,"status":"unavailable","truncation_reason":"query_vector_not_encoded","weight":1.0}],"policy":{"deadline_ms":30000,"details_omitted":true,"effective":"semantic","graph_source_mapping":"uid_byte_decl_docs;not_whole_body:v2","intent":"locate","lane_timeout_ms":20000,"path_source_domain":"canonical_scoped_exact_else_bounded_tokens;not_whole_body:v3","requested":"semantic","semantic_state":"configured","semantic_timeout_ms":5000,"semantic_top_k":24,"version":"query-policy-local-semantic-canonical-path-domain-v4"},"scope":{"budget":{"exact_symbol_candidates":24,"grep_candidates":12,"grep_enabled":true,"grep_scan_cap":20000,"lexical_candidates":24,"path_candidates":24,"rerank_window":40,"top_k":10,"units":"chunks; grep_scan_cap=decompressions; scope_receipt_v1; not_total_cost"},"details_omitted":true,"hard":{"empty":false,"explicit_file_count":null,"languages":null,"path_prefix":null,"path_prefix_truncated":false,"semantics":"conjunctive_case_sensitive_repo_paths; explicit_empty_denies"},"ordering":["exact_identity_first","rerank_score_desc","chunk_id_asc"],"policy":"canonical-scoped-exact-path-domain-compact-context-budget-v22","schema_version":1,"soft":{"contributions":"score_trace=additive; stage_a_already_included; raw_hint_paths_omitted","hint_entries":{"overlay":0,"pinned":0,"recent":0,"working":0},"preselected_count":1,"role":"ranking_and_scan_priority_only"}}},"search_hits":2,"selection":{"facets":{"implementation":2},"input_candidates":2,"intent":"locate","intent_facet_anchors":{},"limit_omitted":0,"original_ranks":[1,2],"overlap":{"fully_covered_candidates":0,"input_bytes":66,"redundant_bytes":0,"unique_bytes":66},"requested_limit":10,"selected":2,"selected_overlap":{"fully_covered_candidates":0,"input_bytes":66,"redundant_bytes":0,"unique_bytes":66},"source_covered_omissions":0,"source_support_anchors":[],"source_support_scope":"cue_window:v1","spec":"anchored-facets-distinctive-source-union-v2","unmet_facets":[]},"source_freshness":{"budget_exhausted":false,"checked_files":1,"dense_manifest_fence":{"checked":0,"skip_disposition":"stale_publication_skipped","skipped":0},"generation":{"evidence_epoch":1,"incarnation":[8,9,171,148,50,68,161,185,174,107,143,92,228,42,92,214],"index_epoch":5,"semantic_epoch":null},"hydrator":"current-document-scope-source-generation-v1","omitted_files":{},"partial":false,"read_budget_charged":66,"scope":"disk_generation:v1","validation_work":{"candidate_projection_sql":{"fullscan_steps":0,"rows":2,"sorts":0,"statements":1,"vm_steps":76},"coverage":"current final-assembly attempt SELECTs for manifest, symbol identity and candidate projection; excludes prior attempts, transaction control, originating retrieval, generation, dense fence, graph and disk work; not total cost","schema_version":1,"source_records_sql":{"fullscan_steps":0,"rows":10,"sorts":0,"statements":9,"vm_steps":292}},"verified_hits":2}},"intent":"locate","invalidations":[],"machine_pack":{"hits":[{"breadcrumb":"needle","chunk_id":"chunk:needle.py:0","end_line":2,"file_path":"needle.py","fused_score":0.08989441930618403,"graph_score":0.07931471805599452,"grep_score":0.5,"lane":null,"language":"python","lexical_score":1.0,"metadata":{"details_omitted":true,"document":{"doc_key":"29b2fa88c6d6c8741c47ad873ba80a25c628b882a28ea3cfaa7fcc69e6982938","doc_version":"9ba68969fd43b00f97a9fade36d3cd19b8f57a4b7c6dffacb8c050c2e9b29f62","encoding_key":"78fc8c83484a6639e37e832f30a8eb8310c8ad26eada3a4ec3d936c1f152fede","entity_key":"16a369932cc2a7589f395b34b3b8def8bbad6a04e00672428487964152c26486"},"qname":"needle","source_evidence":{"boundary":"symbol","owner":{"end":28,"start":0},"signature":{"end":18,"start":0},"slice_digest":"c748e325d98b5f174763b313c05ece587900d99690eedbce11f75639788c6b8b","source":{"byte_len":66,"content_digest":"bdb975ad92107a0524d6a7c217816cd1e50bb1d97a36ef892318fbe837bf8857","encoding":"utf8","snapshot_id":"735799399424072b1b6cc95488ff63f55c094da4b32573a4555bf731c014f141"},"span":{"end":28,"start":0}},"source_freshness":{"disk_checked":true,"hydrator":"current-document-scope-source-generation-v1","status":"current_verified"}},"reasons":["exact-target","exact_symbol@1","path@1","lexical@1","grep@2","symbol-exact","fts-summary","path-token:needle","symbol:needle","preselect:fts-summary:+1.40","preselect:token-search:+3.00"],"rerank_score":0.8196888975800265,"score_trace":[["rrf:exact_symbol",0.021568627450980395],["rrf:path",0.0196078431372549],["rrf:lexical",0.021568627450980395],["rrf:grep",0.015384615384615385],["rrf:graph",0.011764705882352941],["overlap",0.35],["boost:symbol-exact",0.18],["boost:stage-a",0.17600006285704412],["boost:graph-rerank",0.023794415416798356]],"source":"index","start_line":1,"symbol_kind":"function","symbol_name":"needle","text":"def needle():\n    return 731"},{"breadcrumb":"neighbor","chunk_id":"chunk:needle.py:1","end_line":5,"file_path":"needle.py","fused_score":0.048378582202111615,"graph_score":0.06931471805599453,"grep_score":1.0,"lane":null,"language":"python","lexical_score":0.5,"metadata":{"details_omitted":true,"document":{"doc_key":"3fd56c438273f4e97d76268fc1e74f7bccba6b16d9f0ef414ca67b0829003e65","doc_version":"09f385ca69393d6173161facbcb1551167f9785fcdd2ccc650f1c531bc0259ed","encoding_key":"02118b2a2349b99c9efe9684d529683cd659e52f1e28e19c864bc915175c7693","entity_key":"f8d3da2a91268bb9b93e59ca9b06d751804a9221f3d218b5a8798fab2dc8e40d"},"qname":"neighbor","source_evidence":{"boundary":"symbol","owner":{"end":65,"start":30},"signature":{"end":50,"start":30},"slice_digest":"dec7813dc4d5e300de152b45e0cb2a89c688f0a75f1501c57aa7eb68130081dd","source":{"byte_len":66,"content_digest":"bdb975ad92107a0524d6a7c217816cd1e50bb1d97a36ef892318fbe837bf8857","encoding":"utf8","snapshot_id":"735799399424072b1b6cc95488ff63f55c094da4b32573a4555bf731c014f141"},"span":{"end":66,"start":28}},"source_freshness":{"disk_checked":true,"hydrator":"current-document-scope-source-generation-v1","status":"current_verified"}},"reasons":["lexical@2","grep@1","fts-summary","path-token:needle","symbol:needle","preselect:fts-summary:+1.40","preselect:token-search:+3.00"],"rerank_score":0.5951730604759541,"score_trace":[["rrf:lexical",0.021153846153846155],["rrf:grep",0.01568627450980392],["rrf:graph",0.011538461538461537],["overlap",0.35],["boost:stage-a",0.17600006285704412],["boost:graph-rerank",0.020794415416798356]],"source":"index","start_line":2,"symbol_kind":"function","symbol_name":"neighbor","text":"\n\ndef neighbor():\n    return needle()\n"}],"kind":"code_index_context","query":"needle","repo_size_tier":"Tiny","token_budget":4000,"top_k":10},"nodes":[{"backing_file_path":"needle.py","backing_source":null,"confidence":0.8,"depends_on":[],"end_line":2,"file_path":"needle.py","freshness":null,"invalidation_keys":[],"metadata":{"representation":"machine_hit_reference"},"node_id":"search:chunk:needle.py:0","node_type":"SEARCH_HIT","rank_explanation":null,"reasons":[],"relation":null,"role":"primary","score":0.8196888975800265,"source":"index","source_end_line":2,"source_start_line":1,"span_kind":"reference","start_line":1,"text":"","title":"needle.py needle:1-2","token_estimate":0},{"backing_file_path":"needle.py","backing_source":null,"confidence":0.8,"depends_on":[],"end_line":5,"file_path":"needle.py","freshness":null,"invalidation_keys":[],"metadata":{"representation":"machine_hit_reference"},"node_id":"search:chunk:needle.py:1","node_type":"SEARCH_HIT","rank_explanation":null,"reasons":[],"relation":null,"role":"primary","score":0.5951730604759541,"source":"index","source_end_line":5,"source_start_line":2,"span_kind":"reference","start_line":2,"text":"","title":"needle.py neighbor:2-5","token_estimate":0},{"backing_file_path":null,"backing_source":null,"confidence":1.0,"depends_on":[],"end_line":null,"file_path":"needle.py","freshness":null,"invalidation_keys":[],"metadata":null,"node_id":"graph:caller:uid:ed8e61924345e59a924de3bf","node_type":"CALL_EDGE","rank_explanation":null,"reasons":[],"relation":null,"role":"neighbor","score":0.0,"source":"graph","source_end_line":null,"source_start_line":null,"span_kind":null,"start_line":5,"text":"caller: neighbor → needle (needle.py:5)","title":"Caller: neighbor","token_estimate":10},{"backing_file_path":null,"backing_source":null,"confidence":1.0,"depends_on":[],"end_line":null,"file_path":"needle.py","freshness":null,"invalidation_keys":[],"metadata":null,"node_id":"graph:callee:uid:3732066f97516c2c2f8efb6e","node_type":"CALL_EDGE","rank_explanation":null,"reasons":[],"relation":null,"role":"neighbor","score":0.0,"source":"graph","source_end_line":null,"source_start_line":null,"span_kind":null,"start_line":5,"text":"callee: neighbor → needle (needle.py:5)","title":"Callee: needle","token_estimate":10}],"query":"needle","reasons":["hybrid search over code index","graph-enriched"],"rendered_prompt":"Complete source is in machine_pack.hits; references have no source body.","resolution_freshness":{"basis_epoch":null,"complete":true,"completed_files":0,"index_epoch":5,"reason":null,"retry":null,"root_count":0,"scope":"observed_resolution_invalidations","status":"ready"},"revision":0,"spans":[{"end_line":2,"file_path":"needle.py","label":"needle","node_id":"search:chunk:needle.py:0","start_line":1},{"end_line":5,"file_path":"needle.py","label":"neighbor","node_id":"search:chunk:needle.py:1","start_line":2}],"summary":"Found 2 indexed code result(s) across 1 file(s) for `needle`.","task":"needle","token_budget":4000,"token_estimate":3210},"tool":"search"}
V18_JSON {"args":{"query":"needle","retrieval_strategy":null},"result":{"evidence_summary":{"files":["needle.py"],"graph_enrichment":{"callees_added":1,"callers_added":1,"symbols_resolved":2,"tests_found":0},"packing":{"compacted":true,"configured_max_bytes":18000,"continuation":"Use files region/expand on retained references; recheck source version.","limit_bytes":16000,"omitted_hits":0,"omitted_nodes":0,"original_hits":2,"original_nodes":4,"partial":false,"spec":"whole-json-intent-facets-source-support-before-incidental-v5","token_estimate_method":"ceil(serialized_utf8_bytes/4); not a tokenizer","used_bytes":12841},"retrieval":{"cost":{"coverage":"originating_work; full scope: retrieval-cost schema v1","fused_candidates":2,"hydrate_requested":2,"hydration":{"sql":{"fullscan_steps":0,"rows":10,"sorts":0,"statements":9,"vm_steps":386},"text":{"cache_hits":2,"legacy_auto_reads":0,"storage_reads":0,"utf8_bytes":66,"zstd_decodes":0}},"lane_candidates":{"exact_symbol":1,"graph":2,"grep":2,"lexical":2,"path":1,"semantic":0},"lexical_sql":{"fullscan_steps":0,"rows":2,"sorts":1,"statements":1,"vm_steps":59},"schema_version":1},"grep":{"fallback_scanned":0,"prefilter_failed":false,"prefilter_scanned":0,"reason":null,"scan_cap":20000,"scanned":2,"skipped_duplicates":4,"soft_scanned":2,"stages":[{"stage":"soft","work":{"sql":{"fullscan_steps":0,"rows":2,"sorts":0,"statements":1,"vm_steps":29},"text":{"cache_hits":0,"legacy_auto_reads":0,"storage_reads":2,"utf8_bytes":66,"zstd_decodes":0}}},{"stage":"prefilter","work":{"sql":{"fullscan_steps":0,"rows":2,"sorts":1,"statements":1,"vm_steps":58},"text":{"cache_hits":0,"legacy_auto_reads":0,"storage_reads":0,"utf8_bytes":0,"zstd_decodes":0}}},{"stage":"fallback","work":{"sql":{"fullscan_steps":1,"rows":2,"sorts":0,"statements":1,"vm_steps":23},"text":{"cache_hits":0,"legacy_auto_reads":0,"storage_reads":0,"utf8_bytes":0,"zstd_decodes":0}}}],"status":"complete"},"lane_receipts":[{"candidate_count":1,"candidate_details_omitted":true,"coverage":{"complete":true,"examined":null,"scope":"hard_scope","total_lower_bound":1},"elapsed_us":1308,"lane_id":"exact_symbol","schema_version":1,"status":"complete","truncation_reason":null,"weight":1.1},{"candidate_count":1,"candidate_details_omitted":true,"coverage":{"complete":true,"examined":null,"scope":"hard_scope","total_lower_bound":1},"elapsed_us":433,"lane_id":"path","schema_version":1,"status":"complete","truncation_reason":null,"weight":1.0},{"candidate_count":2,"candidate_details_omitted":true,"coverage":{"complete":true,"examined":null,"scope":"hard_scope","total_lower_bound":2},"elapsed_us":1260,"lane_id":"lexical","schema_version":1,"status":"complete","truncation_reason":null,"weight":1.1},{"candidate_count":2,"candidate_details_omitted":true,"coverage":{"complete":true,"examined":2,"scope":"hard_scope","total_lower_bound":2},"elapsed_us":2134,"lane_id":"grep","schema_version":1,"status":"complete","truncation_reason":null,"weight":0.8},{"candidate_count":2,"candidate_details_omitted":true,"coverage":{"complete":true,"examined":null,"scope":"hard_scope","total_lower_bound":2},"elapsed_us":1840,"lane_id":"graph","schema_version":1,"status":"complete","truncation_reason":null,"weight":0.6},{"candidate_count":0,"candidate_details_omitted":true,"coverage":{"complete":false,"examined":null,"scope":"hard_scope","total_lower_bound":0},"elapsed_us":222,"lane_id":"semantic","schema_version":1,"status":"unavailable","truncation_reason":"query_vector_not_encoded","weight":1.0}],"policy":{"deadline_ms":30000,"details_omitted":true,"effective":"semantic","graph_source_mapping":"uid_byte_decl_docs;not_whole_body:v2","intent":"locate","lane_timeout_ms":20000,"path_source_domain":"canonical_scoped_exact_else_bounded_tokens;not_whole_body:v3","requested":"semantic","semantic_state":"configured","semantic_timeout_ms":5000,"semantic_top_k":24,"version":"query-policy-local-semantic-canonical-path-domain-v4"},"scope":{"budget":{"exact_symbol_candidates":24,"grep_candidates":12,"grep_enabled":true,"grep_scan_cap":20000,"lexical_candidates":24,"path_candidates":24,"rerank_window":40,"top_k":10,"units":"chunks; grep_scan_cap=decompressions; scope_receipt_v1; not_total_cost"},"details_omitted":true,"hard":{"empty":false,"explicit_file_count":null,"languages":null,"path_prefix":null,"path_prefix_truncated":false,"semantics":"conjunctive_case_sensitive_repo_paths; explicit_empty_denies"},"ordering":["exact_identity_first","rerank_score_desc","chunk_id_asc"],"policy":"canonical-scoped-exact-path-domain-compact-context-budget-v22","schema_version":1,"soft":{"contributions":"score_trace=additive; stage_a_already_included; raw_hint_paths_omitted","hint_entries":{"overlay":0,"pinned":0,"recent":0,"working":0},"preselected_count":1,"role":"ranking_and_scan_priority_only"}}},"search_hits":2,"selection":{"facets":{"implementation":2},"input_candidates":2,"intent":"locate","intent_facet_anchors":{},"limit_omitted":0,"original_ranks":[1,2],"overlap":{"fully_covered_candidates":0,"input_bytes":66,"redundant_bytes":0,"unique_bytes":66},"requested_limit":10,"selected":2,"selected_overlap":{"fully_covered_candidates":0,"input_bytes":66,"redundant_bytes":0,"unique_bytes":66},"source_covered_omissions":0,"source_support_anchors":[],"source_support_scope":"cue_window:v1","spec":"anchored-facets-distinctive-source-union-v2","unmet_facets":[]},"source_freshness":{"budget_exhausted":false,"checked_files":1,"dense_manifest_fence":{"checked":0,"skip_disposition":"stale_publication_skipped","skipped":0},"generation":{"evidence_epoch":1,"incarnation":[8,9,171,148,50,68,161,185,174,107,143,92,228,42,92,214],"index_epoch":5,"semantic_epoch":null},"hydrator":"current-document-scope-source-generation-v1","omitted_files":{},"partial":false,"read_budget_charged":66,"scope":"disk_generation:v1","validation_work":{"candidate_projection_sql":{"fullscan_steps":0,"rows":2,"sorts":0,"statements":1,"vm_steps":76},"coverage":"current final-assembly attempt SELECTs for manifest, symbol identity and candidate projection; excludes prior attempts, transaction control, originating retrieval, generation, dense fence, graph and disk work; not total cost","schema_version":1,"source_records_sql":{"fullscan_steps":0,"rows":10,"sorts":0,"statements":9,"vm_steps":292}},"verified_hits":2}},"intent":"locate","invalidations":[],"machine_pack":{"hits":[{"breadcrumb":"needle","chunk_id":"chunk:needle.py:0","end_line":2,"file_path":"needle.py","fused_score":0.08989441930618403,"graph_score":0.07931471805599452,"grep_score":0.5,"lane":null,"language":"python","lexical_score":1.0,"metadata":{"details_omitted":true,"document":{"doc_key":"29b2fa88c6d6c8741c47ad873ba80a25c628b882a28ea3cfaa7fcc69e6982938","doc_version":"9ba68969fd43b00f97a9fade36d3cd19b8f57a4b7c6dffacb8c050c2e9b29f62","encoding_key":"78fc8c83484a6639e37e832f30a8eb8310c8ad26eada3a4ec3d936c1f152fede","entity_key":"16a369932cc2a7589f395b34b3b8def8bbad6a04e00672428487964152c26486"},"qname":"needle","source_evidence":{"boundary":"symbol","owner":{"end":28,"start":0},"signature":{"end":18,"start":0},"slice_digest":"c748e325d98b5f174763b313c05ece587900d99690eedbce11f75639788c6b8b","source":{"byte_len":66,"content_digest":"bdb975ad92107a0524d6a7c217816cd1e50bb1d97a36ef892318fbe837bf8857","encoding":"utf8","snapshot_id":"735799399424072b1b6cc95488ff63f55c094da4b32573a4555bf731c014f141"},"span":{"end":28,"start":0}},"source_freshness":{"disk_checked":true,"hydrator":"current-document-scope-source-generation-v1","status":"current_verified"}},"reasons":["exact-target","exact_symbol@1","path@1","lexical@1","grep@2","symbol-exact","fts-summary","path-token:needle","symbol:needle","preselect:fts-summary:+1.40","preselect:token-search:+3.00"],"rerank_score":0.8196888975800265,"score_trace":[["rrf:exact_symbol",0.021568627450980395],["rrf:path",0.0196078431372549],["rrf:lexical",0.021568627450980395],["rrf:grep",0.015384615384615385],["rrf:graph",0.011764705882352941],["overlap",0.35],["boost:symbol-exact",0.18],["boost:stage-a",0.17600006285704412],["boost:graph-rerank",0.023794415416798356]],"source":"index","start_line":1,"symbol_kind":"function","symbol_name":"needle","text":"def needle():\n    return 731"},{"breadcrumb":"neighbor","chunk_id":"chunk:needle.py:1","end_line":5,"file_path":"needle.py","fused_score":0.048378582202111615,"graph_score":0.06931471805599453,"grep_score":1.0,"lane":null,"language":"python","lexical_score":0.5,"metadata":{"details_omitted":true,"document":{"doc_key":"3fd56c438273f4e97d76268fc1e74f7bccba6b16d9f0ef414ca67b0829003e65","doc_version":"09f385ca69393d6173161facbcb1551167f9785fcdd2ccc650f1c531bc0259ed","encoding_key":"02118b2a2349b99c9efe9684d529683cd659e52f1e28e19c864bc915175c7693","entity_key":"f8d3da2a91268bb9b93e59ca9b06d751804a9221f3d218b5a8798fab2dc8e40d"},"qname":"neighbor","source_evidence":{"boundary":"symbol","owner":{"end":65,"start":30},"signature":{"end":50,"start":30},"slice_digest":"dec7813dc4d5e300de152b45e0cb2a89c688f0a75f1501c57aa7eb68130081dd","source":{"byte_len":66,"content_digest":"bdb975ad92107a0524d6a7c217816cd1e50bb1d97a36ef892318fbe837bf8857","encoding":"utf8","snapshot_id":"735799399424072b1b6cc95488ff63f55c094da4b32573a4555bf731c014f141"},"span":{"end":66,"start":28}},"source_freshness":{"disk_checked":true,"hydrator":"current-document-scope-source-generation-v1","status":"current_verified"}},"reasons":["lexical@2","grep@1","fts-summary","path-token:needle","symbol:needle","preselect:fts-summary:+1.40","preselect:token-search:+3.00"],"rerank_score":0.5951730604759541,"score_trace":[["rrf:lexical",0.021153846153846155],["rrf:grep",0.01568627450980392],["rrf:graph",0.011538461538461537],["overlap",0.35],["boost:stage-a",0.17600006285704412],["boost:graph-rerank",0.020794415416798356]],"source":"index","start_line":2,"symbol_kind":"function","symbol_name":"neighbor","text":"\n\ndef neighbor():\n    return needle()\n"}],"kind":"code_index_context","query":"needle","repo_size_tier":"Tiny","token_budget":4000,"top_k":10},"nodes":[{"backing_file_path":"needle.py","backing_source":null,"confidence":0.8,"depends_on":[],"end_line":2,"file_path":"needle.py","freshness":null,"invalidation_keys":[],"metadata":{"representation":"machine_hit_reference"},"node_id":"search:chunk:needle.py:0","node_type":"SEARCH_HIT","rank_explanation":null,"reasons":[],"relation":null,"role":"primary","score":0.8196888975800265,"source":"index","source_end_line":2,"source_start_line":1,"span_kind":"reference","start_line":1,"text":"","title":"needle.py needle:1-2","token_estimate":0},{"backing_file_path":"needle.py","backing_source":null,"confidence":0.8,"depends_on":[],"end_line":5,"file_path":"needle.py","freshness":null,"invalidation_keys":[],"metadata":{"representation":"machine_hit_reference"},"node_id":"search:chunk:needle.py:1","node_type":"SEARCH_HIT","rank_explanation":null,"reasons":[],"relation":null,"role":"primary","score":0.5951730604759541,"source":"index","source_end_line":5,"source_start_line":2,"span_kind":"reference","start_line":2,"text":"","title":"needle.py neighbor:2-5","token_estimate":0},{"backing_file_path":null,"backing_source":null,"confidence":1.0,"depends_on":[],"end_line":null,"file_path":"needle.py","freshness":null,"invalidation_keys":[],"metadata":null,"node_id":"graph:caller:uid:ed8e61924345e59a924de3bf","node_type":"CALL_EDGE","rank_explanation":null,"reasons":[],"relation":null,"role":"neighbor","score":0.0,"source":"graph","source_end_line":null,"source_start_line":null,"span_kind":null,"start_line":5,"text":"caller: neighbor → needle (needle.py:5)","title":"Caller: neighbor","token_estimate":10},{"backing_file_path":null,"backing_source":null,"confidence":1.0,"depends_on":[],"end_line":null,"file_path":"needle.py","freshness":null,"invalidation_keys":[],"metadata":null,"node_id":"graph:callee:uid:3732066f97516c2c2f8efb6e","node_type":"CALL_EDGE","rank_explanation":null,"reasons":[],"relation":null,"role":"neighbor","score":0.0,"source":"graph","source_end_line":null,"source_start_line":null,"span_kind":null,"start_line":5,"text":"callee: neighbor → needle (needle.py:5)","title":"Callee: needle","token_estimate":10}],"query":"needle","reasons":["hybrid search over code index","graph-enriched"],"rendered_prompt":"Complete source is in machine_pack.hits; references have no source body.","resolution_freshness":{"basis_epoch":null,"complete":true,"completed_files":0,"index_epoch":5,"reason":null,"retry":null,"root_count":0,"scope":"observed_resolution_invalidations","status":"ready"},"revision":0,"spans":[{"end_line":2,"file_path":"needle.py","label":"needle","node_id":"search:chunk:needle.py:0","start_line":1},{"end_line":5,"file_path":"needle.py","label":"neighbor","node_id":"search:chunk:needle.py:1","start_line":2}],"summary":"Found 2 indexed code result(s) across 1 file(s) for `needle`.","task":"needle","token_budget":4000,"token_estimate":3211},"tool":"search"}
V18_JSON {"args":{"query":"needle","retrieval_strategy":"semantic"},"result":{"evidence_summary":{"files":["needle.py"],"graph_enrichment":{"callees_added":1,"callers_added":1,"symbols_resolved":2,"tests_found":0},"packing":{"compacted":true,"configured_max_bytes":18000,"continuation":"Use files region/expand on retained references; recheck source version.","limit_bytes":16000,"omitted_hits":0,"omitted_nodes":0,"original_hits":2,"original_nodes":4,"partial":false,"spec":"whole-json-intent-facets-source-support-before-incidental-v5","token_estimate_method":"ceil(serialized_utf8_bytes/4); not a tokenizer","used_bytes":12840},"retrieval":{"cost":{"coverage":"originating_work; full scope: retrieval-cost schema v1","fused_candidates":2,"hydrate_requested":2,"hydration":{"sql":{"fullscan_steps":0,"rows":10,"sorts":0,"statements":9,"vm_steps":386},"text":{"cache_hits":2,"legacy_auto_reads":0,"storage_reads":0,"utf8_bytes":66,"zstd_decodes":0}},"lane_candidates":{"exact_symbol":1,"graph":2,"grep":2,"lexical":2,"path":1,"semantic":0},"lexical_sql":{"fullscan_steps":0,"rows":2,"sorts":1,"statements":1,"vm_steps":59},"schema_version":1},"grep":{"fallback_scanned":0,"prefilter_failed":false,"prefilter_scanned":0,"reason":null,"scan_cap":20000,"scanned":2,"skipped_duplicates":4,"soft_scanned":2,"stages":[{"stage":"soft","work":{"sql":{"fullscan_steps":0,"rows":2,"sorts":0,"statements":1,"vm_steps":29},"text":{"cache_hits":0,"legacy_auto_reads":0,"storage_reads":2,"utf8_bytes":66,"zstd_decodes":0}}},{"stage":"prefilter","work":{"sql":{"fullscan_steps":0,"rows":2,"sorts":1,"statements":1,"vm_steps":58},"text":{"cache_hits":0,"legacy_auto_reads":0,"storage_reads":0,"utf8_bytes":0,"zstd_decodes":0}}},{"stage":"fallback","work":{"sql":{"fullscan_steps":1,"rows":2,"sorts":0,"statements":1,"vm_steps":23},"text":{"cache_hits":0,"legacy_auto_reads":0,"storage_reads":0,"utf8_bytes":0,"zstd_decodes":0}}}],"status":"complete"},"lane_receipts":[{"candidate_count":1,"candidate_details_omitted":true,"coverage":{"complete":true,"examined":null,"scope":"hard_scope","total_lower_bound":1},"elapsed_us":1421,"lane_id":"exact_symbol","schema_version":1,"status":"complete","truncation_reason":null,"weight":1.1},{"candidate_count":1,"candidate_details_omitted":true,"coverage":{"complete":true,"examined":null,"scope":"hard_scope","total_lower_bound":1},"elapsed_us":311,"lane_id":"path","schema_version":1,"status":"complete","truncation_reason":null,"weight":1.0},{"candidate_count":2,"candidate_details_omitted":true,"coverage":{"complete":true,"examined":null,"scope":"hard_scope","total_lower_bound":2},"elapsed_us":197,"lane_id":"lexical","schema_version":1,"status":"complete","truncation_reason":null,"weight":1.1},{"candidate_count":2,"candidate_details_omitted":true,"coverage":{"complete":true,"examined":2,"scope":"hard_scope","total_lower_bound":2},"elapsed_us":1666,"lane_id":"grep","schema_version":1,"status":"complete","truncation_reason":null,"weight":0.8},{"candidate_count":2,"candidate_details_omitted":true,"coverage":{"complete":true,"examined":null,"scope":"hard_scope","total_lower_bound":2},"elapsed_us":1336,"lane_id":"graph","schema_version":1,"status":"complete","truncation_reason":null,"weight":0.6},{"candidate_count":0,"candidate_details_omitted":true,"coverage":{"complete":false,"examined":null,"scope":"hard_scope","total_lower_bound":0},"elapsed_us":129,"lane_id":"semantic","schema_version":1,"status":"unavailable","truncation_reason":"query_vector_not_encoded","weight":1.0}],"policy":{"deadline_ms":30000,"details_omitted":true,"effective":"semantic","graph_source_mapping":"uid_byte_decl_docs;not_whole_body:v2","intent":"locate","lane_timeout_ms":20000,"path_source_domain":"canonical_scoped_exact_else_bounded_tokens;not_whole_body:v3","requested":"semantic","semantic_state":"configured","semantic_timeout_ms":5000,"semantic_top_k":24,"version":"query-policy-local-semantic-canonical-path-domain-v4"},"scope":{"budget":{"exact_symbol_candidates":24,"grep_candidates":12,"grep_enabled":true,"grep_scan_cap":20000,"lexical_candidates":24,"path_candidates":24,"rerank_window":40,"top_k":10,"units":"chunks; grep_scan_cap=decompressions; scope_receipt_v1; not_total_cost"},"details_omitted":true,"hard":{"empty":false,"explicit_file_count":null,"languages":null,"path_prefix":null,"path_prefix_truncated":false,"semantics":"conjunctive_case_sensitive_repo_paths; explicit_empty_denies"},"ordering":["exact_identity_first","rerank_score_desc","chunk_id_asc"],"policy":"canonical-scoped-exact-path-domain-compact-context-budget-v22","schema_version":1,"soft":{"contributions":"score_trace=additive; stage_a_already_included; raw_hint_paths_omitted","hint_entries":{"overlay":0,"pinned":0,"recent":0,"working":0},"preselected_count":1,"role":"ranking_and_scan_priority_only"}}},"search_hits":2,"selection":{"facets":{"implementation":2},"input_candidates":2,"intent":"locate","intent_facet_anchors":{},"limit_omitted":0,"original_ranks":[1,2],"overlap":{"fully_covered_candidates":0,"input_bytes":66,"redundant_bytes":0,"unique_bytes":66},"requested_limit":10,"selected":2,"selected_overlap":{"fully_covered_candidates":0,"input_bytes":66,"redundant_bytes":0,"unique_bytes":66},"source_covered_omissions":0,"source_support_anchors":[],"source_support_scope":"cue_window:v1","spec":"anchored-facets-distinctive-source-union-v2","unmet_facets":[]},"source_freshness":{"budget_exhausted":false,"checked_files":1,"dense_manifest_fence":{"checked":0,"skip_disposition":"stale_publication_skipped","skipped":0},"generation":{"evidence_epoch":1,"incarnation":[8,9,171,148,50,68,161,185,174,107,143,92,228,42,92,214],"index_epoch":5,"semantic_epoch":null},"hydrator":"current-document-scope-source-generation-v1","omitted_files":{},"partial":false,"read_budget_charged":66,"scope":"disk_generation:v1","validation_work":{"candidate_projection_sql":{"fullscan_steps":0,"rows":2,"sorts":0,"statements":1,"vm_steps":76},"coverage":"current final-assembly attempt SELECTs for manifest, symbol identity and candidate projection; excludes prior attempts, transaction control, originating retrieval, generation, dense fence, graph and disk work; not total cost","schema_version":1,"source_records_sql":{"fullscan_steps":0,"rows":10,"sorts":0,"statements":9,"vm_steps":292}},"verified_hits":2}},"intent":"locate","invalidations":[],"machine_pack":{"hits":[{"breadcrumb":"needle","chunk_id":"chunk:needle.py:0","end_line":2,"file_path":"needle.py","fused_score":0.08989441930618403,"graph_score":0.07931471805599452,"grep_score":0.5,"lane":null,"language":"python","lexical_score":1.0,"metadata":{"details_omitted":true,"document":{"doc_key":"29b2fa88c6d6c8741c47ad873ba80a25c628b882a28ea3cfaa7fcc69e6982938","doc_version":"9ba68969fd43b00f97a9fade36d3cd19b8f57a4b7c6dffacb8c050c2e9b29f62","encoding_key":"78fc8c83484a6639e37e832f30a8eb8310c8ad26eada3a4ec3d936c1f152fede","entity_key":"16a369932cc2a7589f395b34b3b8def8bbad6a04e00672428487964152c26486"},"qname":"needle","source_evidence":{"boundary":"symbol","owner":{"end":28,"start":0},"signature":{"end":18,"start":0},"slice_digest":"c748e325d98b5f174763b313c05ece587900d99690eedbce11f75639788c6b8b","source":{"byte_len":66,"content_digest":"bdb975ad92107a0524d6a7c217816cd1e50bb1d97a36ef892318fbe837bf8857","encoding":"utf8","snapshot_id":"735799399424072b1b6cc95488ff63f55c094da4b32573a4555bf731c014f141"},"span":{"end":28,"start":0}},"source_freshness":{"disk_checked":true,"hydrator":"current-document-scope-source-generation-v1","status":"current_verified"}},"reasons":["exact-target","exact_symbol@1","path@1","lexical@1","grep@2","symbol-exact","fts-summary","path-token:needle","symbol:needle","preselect:fts-summary:+1.40","preselect:token-search:+3.00"],"rerank_score":0.8196888975800265,"score_trace":[["rrf:exact_symbol",0.021568627450980395],["rrf:path",0.0196078431372549],["rrf:lexical",0.021568627450980395],["rrf:grep",0.015384615384615385],["rrf:graph",0.011764705882352941],["overlap",0.35],["boost:symbol-exact",0.18],["boost:stage-a",0.17600006285704412],["boost:graph-rerank",0.023794415416798356]],"source":"index","start_line":1,"symbol_kind":"function","symbol_name":"needle","text":"def needle():\n    return 731"},{"breadcrumb":"neighbor","chunk_id":"chunk:needle.py:1","end_line":5,"file_path":"needle.py","fused_score":0.048378582202111615,"graph_score":0.06931471805599453,"grep_score":1.0,"lane":null,"language":"python","lexical_score":0.5,"metadata":{"details_omitted":true,"document":{"doc_key":"3fd56c438273f4e97d76268fc1e74f7bccba6b16d9f0ef414ca67b0829003e65","doc_version":"09f385ca69393d6173161facbcb1551167f9785fcdd2ccc650f1c531bc0259ed","encoding_key":"02118b2a2349b99c9efe9684d529683cd659e52f1e28e19c864bc915175c7693","entity_key":"f8d3da2a91268bb9b93e59ca9b06d751804a9221f3d218b5a8798fab2dc8e40d"},"qname":"neighbor","source_evidence":{"boundary":"symbol","owner":{"end":65,"start":30},"signature":{"end":50,"start":30},"slice_digest":"dec7813dc4d5e300de152b45e0cb2a89c688f0a75f1501c57aa7eb68130081dd","source":{"byte_len":66,"content_digest":"bdb975ad92107a0524d6a7c217816cd1e50bb1d97a36ef892318fbe837bf8857","encoding":"utf8","snapshot_id":"735799399424072b1b6cc95488ff63f55c094da4b32573a4555bf731c014f141"},"span":{"end":66,"start":28}},"source_freshness":{"disk_checked":true,"hydrator":"current-document-scope-source-generation-v1","status":"current_verified"}},"reasons":["lexical@2","grep@1","fts-summary","path-token:needle","symbol:needle","preselect:fts-summary:+1.40","preselect:token-search:+3.00"],"rerank_score":0.5951730604759541,"score_trace":[["rrf:lexical",0.021153846153846155],["rrf:grep",0.01568627450980392],["rrf:graph",0.011538461538461537],["overlap",0.35],["boost:stage-a",0.17600006285704412],["boost:graph-rerank",0.020794415416798356]],"source":"index","start_line":2,"symbol_kind":"function","symbol_name":"neighbor","text":"\n\ndef neighbor():\n    return needle()\n"}],"kind":"code_index_context","query":"needle","repo_size_tier":"Tiny","token_budget":4000,"top_k":10},"nodes":[{"backing_file_path":"needle.py","backing_source":null,"confidence":0.8,"depends_on":[],"end_line":2,"file_path":"needle.py","freshness":null,"invalidation_keys":[],"metadata":{"representation":"machine_hit_reference"},"node_id":"search:chunk:needle.py:0","node_type":"SEARCH_HIT","rank_explanation":null,"reasons":[],"relation":null,"role":"primary","score":0.8196888975800265,"source":"index","source_end_line":2,"source_start_line":1,"span_kind":"reference","start_line":1,"text":"","title":"needle.py needle:1-2","token_estimate":0},{"backing_file_path":"needle.py","backing_source":null,"confidence":0.8,"depends_on":[],"end_line":5,"file_path":"needle.py","freshness":null,"invalidation_keys":[],"metadata":{"representation":"machine_hit_reference"},"node_id":"search:chunk:needle.py:1","node_type":"SEARCH_HIT","rank_explanation":null,"reasons":[],"relation":null,"role":"primary","score":0.5951730604759541,"source":"index","source_end_line":5,"source_start_line":2,"span_kind":"reference","start_line":2,"text":"","title":"needle.py neighbor:2-5","token_estimate":0},{"backing_file_path":null,"backing_source":null,"confidence":1.0,"depends_on":[],"end_line":null,"file_path":"needle.py","freshness":null,"invalidation_keys":[],"metadata":null,"node_id":"graph:caller:uid:ed8e61924345e59a924de3bf","node_type":"CALL_EDGE","rank_explanation":null,"reasons":[],"relation":null,"role":"neighbor","score":0.0,"source":"graph","source_end_line":null,"source_start_line":null,"span_kind":null,"start_line":5,"text":"caller: neighbor → needle (needle.py:5)","title":"Caller: neighbor","token_estimate":10},{"backing_file_path":null,"backing_source":null,"confidence":1.0,"depends_on":[],"end_line":null,"file_path":"needle.py","freshness":null,"invalidation_keys":[],"metadata":null,"node_id":"graph:callee:uid:3732066f97516c2c2f8efb6e","node_type":"CALL_EDGE","rank_explanation":null,"reasons":[],"relation":null,"role":"neighbor","score":0.0,"source":"graph","source_end_line":null,"source_start_line":null,"span_kind":null,"start_line":5,"text":"callee: neighbor → needle (needle.py:5)","title":"Callee: needle","token_estimate":10}],"query":"needle","reasons":["hybrid search over code index","graph-enriched"],"rendered_prompt":"Complete source is in machine_pack.hits; references have no source body.","resolution_freshness":{"basis_epoch":null,"complete":true,"completed_files":0,"index_epoch":5,"reason":null,"retry":null,"root_count":0,"scope":"observed_resolution_invalidations","status":"ready"},"revision":0,"spans":[{"end_line":2,"file_path":"needle.py","label":"needle","node_id":"search:chunk:needle.py:0","start_line":1},{"end_line":5,"file_path":"needle.py","label":"neighbor","node_id":"search:chunk:needle.py:1","start_line":2}],"summary":"Found 2 indexed code result(s) across 1 file(s) for `needle`.","task":"needle","token_budget":4000,"token_estimate":3210},"tool":"search"}
V18_JSON {"args":{"query":"needle","retrieval_strategy":"auto"},"result":{"evidence_summary":{"files":["needle.py"],"graph_enrichment":{"callees_added":1,"callers_added":1,"symbols_resolved":2,"tests_found":0},"packing":{"compacted":true,"configured_max_bytes":18000,"continuation":"Use files region/expand on retained references; recheck source version.","limit_bytes":16000,"omitted_hits":0,"omitted_nodes":0,"original_hits":2,"original_nodes":4,"partial":false,"spec":"whole-json-intent-facets-source-support-before-incidental-v5","token_estimate_method":"ceil(serialized_utf8_bytes/4); not a tokenizer","used_bytes":12831},"retrieval":{"cost":{"coverage":"originating_work; full scope: retrieval-cost schema v1","fused_candidates":2,"hydrate_requested":2,"hydration":{"sql":{"fullscan_steps":0,"rows":10,"sorts":0,"statements":9,"vm_steps":386},"text":{"cache_hits":2,"legacy_auto_reads":0,"storage_reads":0,"utf8_bytes":66,"zstd_decodes":0}},"lane_candidates":{"exact_symbol":1,"graph":2,"grep":2,"lexical":2,"path":1,"semantic":0},"lexical_sql":{"fullscan_steps":0,"rows":2,"sorts":1,"statements":1,"vm_steps":59},"schema_version":1},"grep":{"fallback_scanned":0,"prefilter_failed":false,"prefilter_scanned":0,"reason":null,"scan_cap":20000,"scanned":2,"skipped_duplicates":4,"soft_scanned":2,"stages":[{"stage":"soft","work":{"sql":{"fullscan_steps":0,"rows":2,"sorts":0,"statements":1,"vm_steps":29},"text":{"cache_hits":0,"legacy_auto_reads":0,"storage_reads":2,"utf8_bytes":66,"zstd_decodes":0}}},{"stage":"prefilter","work":{"sql":{"fullscan_steps":0,"rows":2,"sorts":1,"statements":1,"vm_steps":58},"text":{"cache_hits":0,"legacy_auto_reads":0,"storage_reads":0,"utf8_bytes":0,"zstd_decodes":0}}},{"stage":"fallback","work":{"sql":{"fullscan_steps":1,"rows":2,"sorts":0,"statements":1,"vm_steps":23},"text":{"cache_hits":0,"legacy_auto_reads":0,"storage_reads":0,"utf8_bytes":0,"zstd_decodes":0}}}],"status":"complete"},"lane_receipts":[{"candidate_count":1,"candidate_details_omitted":true,"coverage":{"complete":true,"examined":null,"scope":"hard_scope","total_lower_bound":1},"elapsed_us":274,"lane_id":"exact_symbol","schema_version":1,"status":"complete","truncation_reason":null,"weight":1.1},{"candidate_count":1,"candidate_details_omitted":true,"coverage":{"complete":true,"examined":null,"scope":"hard_scope","total_lower_bound":1},"elapsed_us":264,"lane_id":"path","schema_version":1,"status":"complete","truncation_reason":null,"weight":1.0},{"candidate_count":2,"candidate_details_omitted":true,"coverage":{"complete":true,"examined":null,"scope":"hard_scope","total_lower_bound":2},"elapsed_us":161,"lane_id":"lexical","schema_version":1,"status":"complete","truncation_reason":null,"weight":1.1},{"candidate_count":2,"candidate_details_omitted":true,"coverage":{"complete":true,"examined":2,"scope":"hard_scope","total_lower_bound":2},"elapsed_us":1554,"lane_id":"grep","schema_version":1,"status":"complete","truncation_reason":null,"weight":0.8},{"candidate_count":2,"candidate_details_omitted":true,"coverage":{"complete":true,"examined":null,"scope":"hard_scope","total_lower_bound":2},"elapsed_us":1226,"lane_id":"graph","schema_version":1,"status":"complete","truncation_reason":null,"weight":0.6},{"candidate_count":0,"candidate_details_omitted":true,"coverage":{"complete":false,"examined":null,"scope":"hard_scope","total_lower_bound":0},"elapsed_us":142,"lane_id":"semantic","schema_version":1,"status":"unavailable","truncation_reason":"query_vector_not_encoded","weight":1.0}],"policy":{"deadline_ms":30000,"details_omitted":true,"effective":"auto","graph_source_mapping":"uid_byte_decl_docs;not_whole_body:v2","intent":"locate","lane_timeout_ms":20000,"path_source_domain":"canonical_scoped_exact_else_bounded_tokens;not_whole_body:v3","requested":"auto","semantic_state":"configured","semantic_timeout_ms":5000,"semantic_top_k":24,"version":"query-policy-local-semantic-canonical-path-domain-v4"},"scope":{"budget":{"exact_symbol_candidates":24,"grep_candidates":12,"grep_enabled":true,"grep_scan_cap":20000,"lexical_candidates":24,"path_candidates":24,"rerank_window":40,"top_k":10,"units":"chunks; grep_scan_cap=decompressions; scope_receipt_v1; not_total_cost"},"details_omitted":true,"hard":{"empty":false,"explicit_file_count":null,"languages":null,"path_prefix":null,"path_prefix_truncated":false,"semantics":"conjunctive_case_sensitive_repo_paths; explicit_empty_denies"},"ordering":["exact_identity_first","rerank_score_desc","chunk_id_asc"],"policy":"canonical-scoped-exact-path-domain-compact-context-budget-v22","schema_version":1,"soft":{"contributions":"score_trace=additive; stage_a_already_included; raw_hint_paths_omitted","hint_entries":{"overlay":0,"pinned":0,"recent":0,"working":0},"preselected_count":1,"role":"ranking_and_scan_priority_only"}}},"search_hits":2,"selection":{"facets":{"implementation":2},"input_candidates":2,"intent":"locate","intent_facet_anchors":{},"limit_omitted":0,"original_ranks":[1,2],"overlap":{"fully_covered_candidates":0,"input_bytes":66,"redundant_bytes":0,"unique_bytes":66},"requested_limit":10,"selected":2,"selected_overlap":{"fully_covered_candidates":0,"input_bytes":66,"redundant_bytes":0,"unique_bytes":66},"source_covered_omissions":0,"source_support_anchors":[],"source_support_scope":"cue_window:v1","spec":"anchored-facets-distinctive-source-union-v2","unmet_facets":[]},"source_freshness":{"budget_exhausted":false,"checked_files":1,"dense_manifest_fence":{"checked":0,"skip_disposition":"stale_publication_skipped","skipped":0},"generation":{"evidence_epoch":1,"incarnation":[8,9,171,148,50,68,161,185,174,107,143,92,228,42,92,214],"index_epoch":5,"semantic_epoch":null},"hydrator":"current-document-scope-source-generation-v1","omitted_files":{},"partial":false,"read_budget_charged":66,"scope":"disk_generation:v1","validation_work":{"candidate_projection_sql":{"fullscan_steps":0,"rows":2,"sorts":0,"statements":1,"vm_steps":76},"coverage":"current final-assembly attempt SELECTs for manifest, symbol identity and candidate projection; excludes prior attempts, transaction control, originating retrieval, generation, dense fence, graph and disk work; not total cost","schema_version":1,"source_records_sql":{"fullscan_steps":0,"rows":10,"sorts":0,"statements":9,"vm_steps":292}},"verified_hits":2}},"intent":"locate","invalidations":[],"machine_pack":{"hits":[{"breadcrumb":"needle","chunk_id":"chunk:needle.py:0","end_line":2,"file_path":"needle.py","fused_score":0.08989441930618403,"graph_score":0.07931471805599452,"grep_score":0.5,"lane":null,"language":"python","lexical_score":1.0,"metadata":{"details_omitted":true,"document":{"doc_key":"29b2fa88c6d6c8741c47ad873ba80a25c628b882a28ea3cfaa7fcc69e6982938","doc_version":"9ba68969fd43b00f97a9fade36d3cd19b8f57a4b7c6dffacb8c050c2e9b29f62","encoding_key":"78fc8c83484a6639e37e832f30a8eb8310c8ad26eada3a4ec3d936c1f152fede","entity_key":"16a369932cc2a7589f395b34b3b8def8bbad6a04e00672428487964152c26486"},"qname":"needle","source_evidence":{"boundary":"symbol","owner":{"end":28,"start":0},"signature":{"end":18,"start":0},"slice_digest":"c748e325d98b5f174763b313c05ece587900d99690eedbce11f75639788c6b8b","source":{"byte_len":66,"content_digest":"bdb975ad92107a0524d6a7c217816cd1e50bb1d97a36ef892318fbe837bf8857","encoding":"utf8","snapshot_id":"735799399424072b1b6cc95488ff63f55c094da4b32573a4555bf731c014f141"},"span":{"end":28,"start":0}},"source_freshness":{"disk_checked":true,"hydrator":"current-document-scope-source-generation-v1","status":"current_verified"}},"reasons":["exact-target","exact_symbol@1","path@1","lexical@1","grep@2","symbol-exact","fts-summary","path-token:needle","symbol:needle","preselect:fts-summary:+1.40","preselect:token-search:+3.00"],"rerank_score":0.8196888975800265,"score_trace":[["rrf:exact_symbol",0.021568627450980395],["rrf:path",0.0196078431372549],["rrf:lexical",0.021568627450980395],["rrf:grep",0.015384615384615385],["rrf:graph",0.011764705882352941],["overlap",0.35],["boost:symbol-exact",0.18],["boost:stage-a",0.17600006285704412],["boost:graph-rerank",0.023794415416798356]],"source":"index","start_line":1,"symbol_kind":"function","symbol_name":"needle","text":"def needle():\n    return 731"},{"breadcrumb":"neighbor","chunk_id":"chunk:needle.py:1","end_line":5,"file_path":"needle.py","fused_score":0.048378582202111615,"graph_score":0.06931471805599453,"grep_score":1.0,"lane":null,"language":"python","lexical_score":0.5,"metadata":{"details_omitted":true,"document":{"doc_key":"3fd56c438273f4e97d76268fc1e74f7bccba6b16d9f0ef414ca67b0829003e65","doc_version":"09f385ca69393d6173161facbcb1551167f9785fcdd2ccc650f1c531bc0259ed","encoding_key":"02118b2a2349b99c9efe9684d529683cd659e52f1e28e19c864bc915175c7693","entity_key":"f8d3da2a91268bb9b93e59ca9b06d751804a9221f3d218b5a8798fab2dc8e40d"},"qname":"neighbor","source_evidence":{"boundary":"symbol","owner":{"end":65,"start":30},"signature":{"end":50,"start":30},"slice_digest":"dec7813dc4d5e300de152b45e0cb2a89c688f0a75f1501c57aa7eb68130081dd","source":{"byte_len":66,"content_digest":"bdb975ad92107a0524d6a7c217816cd1e50bb1d97a36ef892318fbe837bf8857","encoding":"utf8","snapshot_id":"735799399424072b1b6cc95488ff63f55c094da4b32573a4555bf731c014f141"},"span":{"end":66,"start":28}},"source_freshness":{"disk_checked":true,"hydrator":"current-document-scope-source-generation-v1","status":"current_verified"}},"reasons":["lexical@2","grep@1","fts-summary","path-token:needle","symbol:needle","preselect:fts-summary:+1.40","preselect:token-search:+3.00"],"rerank_score":0.5951730604759541,"score_trace":[["rrf:lexical",0.021153846153846155],["rrf:grep",0.01568627450980392],["rrf:graph",0.011538461538461537],["overlap",0.35],["boost:stage-a",0.17600006285704412],["boost:graph-rerank",0.020794415416798356]],"source":"index","start_line":2,"symbol_kind":"function","symbol_name":"neighbor","text":"\n\ndef neighbor():\n    return needle()\n"}],"kind":"code_index_context","query":"needle","repo_size_tier":"Tiny","token_budget":4000,"top_k":10},"nodes":[{"backing_file_path":"needle.py","backing_source":null,"confidence":0.8,"depends_on":[],"end_line":2,"file_path":"needle.py","freshness":null,"invalidation_keys":[],"metadata":{"representation":"machine_hit_reference"},"node_id":"search:chunk:needle.py:0","node_type":"SEARCH_HIT","rank_explanation":null,"reasons":[],"relation":null,"role":"primary","score":0.8196888975800265,"source":"index","source_end_line":2,"source_start_line":1,"span_kind":"reference","start_line":1,"text":"","title":"needle.py needle:1-2","token_estimate":0},{"backing_file_path":"needle.py","backing_source":null,"confidence":0.8,"depends_on":[],"end_line":5,"file_path":"needle.py","freshness":null,"invalidation_keys":[],"metadata":{"representation":"machine_hit_reference"},"node_id":"search:chunk:needle.py:1","node_type":"SEARCH_HIT","rank_explanation":null,"reasons":[],"relation":null,"role":"primary","score":0.5951730604759541,"source":"index","source_end_line":5,"source_start_line":2,"span_kind":"reference","start_line":2,"text":"","title":"needle.py neighbor:2-5","token_estimate":0},{"backing_file_path":null,"backing_source":null,"confidence":1.0,"depends_on":[],"end_line":null,"file_path":"needle.py","freshness":null,"invalidation_keys":[],"metadata":null,"node_id":"graph:caller:uid:ed8e61924345e59a924de3bf","node_type":"CALL_EDGE","rank_explanation":null,"reasons":[],"relation":null,"role":"neighbor","score":0.0,"source":"graph","source_end_line":null,"source_start_line":null,"span_kind":null,"start_line":5,"text":"caller: neighbor → needle (needle.py:5)","title":"Caller: neighbor","token_estimate":10},{"backing_file_path":null,"backing_source":null,"confidence":1.0,"depends_on":[],"end_line":null,"file_path":"needle.py","freshness":null,"invalidation_keys":[],"metadata":null,"node_id":"graph:callee:uid:3732066f97516c2c2f8efb6e","node_type":"CALL_EDGE","rank_explanation":null,"reasons":[],"relation":null,"role":"neighbor","score":0.0,"source":"graph","source_end_line":null,"source_start_line":null,"span_kind":null,"start_line":5,"text":"callee: neighbor → needle (needle.py:5)","title":"Callee: needle","token_estimate":10}],"query":"needle","reasons":["hybrid search over code index","graph-enriched"],"rendered_prompt":"Complete source is in machine_pack.hits; references have no source body.","resolution_freshness":{"basis_epoch":null,"complete":true,"completed_files":0,"index_epoch":5,"reason":null,"retry":null,"root_count":0,"scope":"observed_resolution_invalidations","status":"ready"},"revision":0,"spans":[{"end_line":2,"file_path":"needle.py","label":"needle","node_id":"search:chunk:needle.py:0","start_line":1},{"end_line":5,"file_path":"needle.py","label":"neighbor","node_id":"search:chunk:needle.py:1","start_line":2}],"summary":"Found 2 indexed code result(s) across 1 file(s) for `needle`.","task":"needle","token_budget":4000,"token_estimate":3208},"tool":"search"}
V18_JSON {"args":{"query":"needle","retrieval_strategy":"local"},"result":{"evidence_summary":{"files":["needle.py"],"graph_enrichment":{"callees_added":1,"callers_added":1,"symbols_resolved":2,"tests_found":0},"packing":{"compacted":true,"configured_max_bytes":18000,"continuation":"Use files region/expand on retained references; recheck source version.","limit_bytes":16000,"omitted_hits":0,"omitted_nodes":0,"original_hits":2,"original_nodes":4,"partial":false,"spec":"whole-json-intent-facets-source-support-before-incidental-v5","token_estimate_method":"ceil(serialized_utf8_bytes/4); not a tokenizer","used_bytes":12535},"retrieval":{"cost":{"coverage":"originating_work; full scope: retrieval-cost schema v1","fused_candidates":2,"hydrate_requested":2,"hydration":{"sql":{"fullscan_steps":0,"rows":10,"sorts":0,"statements":9,"vm_steps":386},"text":{"cache_hits":2,"legacy_auto_reads":0,"storage_reads":0,"utf8_bytes":66,"zstd_decodes":0}},"lane_candidates":{"exact_symbol":1,"graph":2,"grep":2,"lexical":2,"path":1},"lexical_sql":{"fullscan_steps":0,"rows":2,"sorts":1,"statements":1,"vm_steps":59},"schema_version":1},"grep":{"fallback_scanned":0,"prefilter_failed":false,"prefilter_scanned":0,"reason":null,"scan_cap":20000,"scanned":2,"skipped_duplicates":4,"soft_scanned":2,"stages":[{"stage":"soft","work":{"sql":{"fullscan_steps":0,"rows":2,"sorts":0,"statements":1,"vm_steps":29},"text":{"cache_hits":0,"legacy_auto_reads":0,"storage_reads":2,"utf8_bytes":66,"zstd_decodes":0}}},{"stage":"prefilter","work":{"sql":{"fullscan_steps":0,"rows":2,"sorts":1,"statements":1,"vm_steps":58},"text":{"cache_hits":0,"legacy_auto_reads":0,"storage_reads":0,"utf8_bytes":0,"zstd_decodes":0}}},{"stage":"fallback","work":{"sql":{"fullscan_steps":1,"rows":2,"sorts":0,"statements":1,"vm_steps":23},"text":{"cache_hits":0,"legacy_auto_reads":0,"storage_reads":0,"utf8_bytes":0,"zstd_decodes":0}}}],"status":"complete"},"lane_receipts":[{"candidate_count":1,"candidate_details_omitted":true,"coverage":{"complete":true,"examined":null,"scope":"hard_scope","total_lower_bound":1},"elapsed_us":2168,"lane_id":"exact_symbol","schema_version":1,"status":"complete","truncation_reason":null,"weight":1.1},{"candidate_count":1,"candidate_details_omitted":true,"coverage":{"complete":true,"examined":null,"scope":"hard_scope","total_lower_bound":1},"elapsed_us":308,"lane_id":"path","schema_version":1,"status":"complete","truncation_reason":null,"weight":1.0},{"candidate_count":2,"candidate_details_omitted":true,"coverage":{"complete":true,"examined":null,"scope":"hard_scope","total_lower_bound":2},"elapsed_us":256,"lane_id":"lexical","schema_version":1,"status":"complete","truncation_reason":null,"weight":1.1},{"candidate_count":2,"candidate_details_omitted":true,"coverage":{"complete":true,"examined":2,"scope":"hard_scope","total_lower_bound":2},"elapsed_us":1879,"lane_id":"grep","schema_version":1,"status":"complete","truncation_reason":null,"weight":0.8},{"candidate_count":2,"candidate_details_omitted":true,"coverage":{"complete":true,"examined":null,"scope":"hard_scope","total_lower_bound":2},"elapsed_us":1283,"lane_id":"graph","schema_version":1,"status":"complete","truncation_reason":null,"weight":0.6}],"policy":{"deadline_ms":30000,"details_omitted":true,"effective":"local","graph_source_mapping":"uid_byte_decl_docs;not_whole_body:v2","intent":"locate","lane_timeout_ms":20000,"path_source_domain":"canonical_scoped_exact_else_bounded_tokens;not_whole_body:v3","requested":"local","semantic_state":"disabled","semantic_timeout_ms":5000,"semantic_top_k":24,"version":"query-policy-local-semantic-canonical-path-domain-v4"},"scope":{"budget":{"exact_symbol_candidates":24,"grep_candidates":12,"grep_enabled":true,"grep_scan_cap":20000,"lexical_candidates":24,"path_candidates":24,"rerank_window":40,"top_k":10,"units":"chunks; grep_scan_cap=decompressions; scope_receipt_v1; not_total_cost"},"details_omitted":true,"hard":{"empty":false,"explicit_file_count":null,"languages":null,"path_prefix":null,"path_prefix_truncated":false,"semantics":"conjunctive_case_sensitive_repo_paths; explicit_empty_denies"},"ordering":["exact_identity_first","rerank_score_desc","chunk_id_asc"],"policy":"canonical-scoped-exact-path-domain-compact-context-budget-v22","schema_version":1,"soft":{"contributions":"score_trace=additive; stage_a_already_included; raw_hint_paths_omitted","hint_entries":{"overlay":0,"pinned":0,"recent":0,"working":0},"preselected_count":1,"role":"ranking_and_scan_priority_only"}}},"search_hits":2,"selection":{"facets":{"implementation":2},"input_candidates":2,"intent":"locate","intent_facet_anchors":{},"limit_omitted":0,"original_ranks":[1,2],"overlap":{"fully_covered_candidates":0,"input_bytes":66,"redundant_bytes":0,"unique_bytes":66},"requested_limit":10,"selected":2,"selected_overlap":{"fully_covered_candidates":0,"input_bytes":66,"redundant_bytes":0,"unique_bytes":66},"source_covered_omissions":0,"source_support_anchors":[],"source_support_scope":"cue_window:v1","spec":"anchored-facets-distinctive-source-union-v2","unmet_facets":[]},"source_freshness":{"budget_exhausted":false,"checked_files":1,"dense_manifest_fence":{"checked":0,"skip_disposition":"stale_publication_skipped","skipped":0},"generation":{"evidence_epoch":1,"incarnation":[8,9,171,148,50,68,161,185,174,107,143,92,228,42,92,214],"index_epoch":5,"semantic_epoch":null},"hydrator":"current-document-scope-source-generation-v1","omitted_files":{},"partial":false,"read_budget_charged":66,"scope":"disk_generation:v1","validation_work":{"candidate_projection_sql":{"fullscan_steps":0,"rows":2,"sorts":0,"statements":1,"vm_steps":76},"coverage":"current final-assembly attempt SELECTs for manifest, symbol identity and candidate projection; excludes prior attempts, transaction control, originating retrieval, generation, dense fence, graph and disk work; not total cost","schema_version":1,"source_records_sql":{"fullscan_steps":0,"rows":10,"sorts":0,"statements":9,"vm_steps":292}},"verified_hits":2}},"intent":"locate","invalidations":[],"machine_pack":{"hits":[{"breadcrumb":"needle","chunk_id":"chunk:needle.py:0","end_line":2,"file_path":"needle.py","fused_score":0.08989441930618403,"graph_score":0.07931471805599452,"grep_score":0.5,"lane":null,"language":"python","lexical_score":1.0,"metadata":{"details_omitted":true,"document":{"doc_key":"29b2fa88c6d6c8741c47ad873ba80a25c628b882a28ea3cfaa7fcc69e6982938","doc_version":"9ba68969fd43b00f97a9fade36d3cd19b8f57a4b7c6dffacb8c050c2e9b29f62","encoding_key":"78fc8c83484a6639e37e832f30a8eb8310c8ad26eada3a4ec3d936c1f152fede","entity_key":"16a369932cc2a7589f395b34b3b8def8bbad6a04e00672428487964152c26486"},"qname":"needle","source_evidence":{"boundary":"symbol","owner":{"end":28,"start":0},"signature":{"end":18,"start":0},"slice_digest":"c748e325d98b5f174763b313c05ece587900d99690eedbce11f75639788c6b8b","source":{"byte_len":66,"content_digest":"bdb975ad92107a0524d6a7c217816cd1e50bb1d97a36ef892318fbe837bf8857","encoding":"utf8","snapshot_id":"735799399424072b1b6cc95488ff63f55c094da4b32573a4555bf731c014f141"},"span":{"end":28,"start":0}},"source_freshness":{"disk_checked":true,"hydrator":"current-document-scope-source-generation-v1","status":"current_verified"}},"reasons":["exact-target","exact_symbol@1","path@1","lexical@1","grep@2","symbol-exact","fts-summary","path-token:needle","symbol:needle","preselect:fts-summary:+1.40","preselect:token-search:+3.00"],"rerank_score":0.8196888975800265,"score_trace":[["rrf:exact_symbol",0.021568627450980395],["rrf:path",0.0196078431372549],["rrf:lexical",0.021568627450980395],["rrf:grep",0.015384615384615385],["rrf:graph",0.011764705882352941],["overlap",0.35],["boost:symbol-exact",0.18],["boost:stage-a",0.17600006285704412],["boost:graph-rerank",0.023794415416798356]],"source":"index","start_line":1,"symbol_kind":"function","symbol_name":"needle","text":"def needle():\n    return 731"},{"breadcrumb":"neighbor","chunk_id":"chunk:needle.py:1","end_line":5,"file_path":"needle.py","fused_score":0.048378582202111615,"graph_score":0.06931471805599453,"grep_score":1.0,"lane":null,"language":"python","lexical_score":0.5,"metadata":{"details_omitted":true,"document":{"doc_key":"3fd56c438273f4e97d76268fc1e74f7bccba6b16d9f0ef414ca67b0829003e65","doc_version":"09f385ca69393d6173161facbcb1551167f9785fcdd2ccc650f1c531bc0259ed","encoding_key":"02118b2a2349b99c9efe9684d529683cd659e52f1e28e19c864bc915175c7693","entity_key":"f8d3da2a91268bb9b93e59ca9b06d751804a9221f3d218b5a8798fab2dc8e40d"},"qname":"neighbor","source_evidence":{"boundary":"symbol","owner":{"end":65,"start":30},"signature":{"end":50,"start":30},"slice_digest":"dec7813dc4d5e300de152b45e0cb2a89c688f0a75f1501c57aa7eb68130081dd","source":{"byte_len":66,"content_digest":"bdb975ad92107a0524d6a7c217816cd1e50bb1d97a36ef892318fbe837bf8857","encoding":"utf8","snapshot_id":"735799399424072b1b6cc95488ff63f55c094da4b32573a4555bf731c014f141"},"span":{"end":66,"start":28}},"source_freshness":{"disk_checked":true,"hydrator":"current-document-scope-source-generation-v1","status":"current_verified"}},"reasons":["lexical@2","grep@1","fts-summary","path-token:needle","symbol:needle","preselect:fts-summary:+1.40","preselect:token-search:+3.00"],"rerank_score":0.5951730604759541,"score_trace":[["rrf:lexical",0.021153846153846155],["rrf:grep",0.01568627450980392],["rrf:graph",0.011538461538461537],["overlap",0.35],["boost:stage-a",0.17600006285704412],["boost:graph-rerank",0.020794415416798356]],"source":"index","start_line":2,"symbol_kind":"function","symbol_name":"neighbor","text":"\n\ndef neighbor():\n    return needle()\n"}],"kind":"code_index_context","query":"needle","repo_size_tier":"Tiny","token_budget":4000,"top_k":10},"nodes":[{"backing_file_path":"needle.py","backing_source":null,"confidence":0.8,"depends_on":[],"end_line":2,"file_path":"needle.py","freshness":null,"invalidation_keys":[],"metadata":{"representation":"machine_hit_reference"},"node_id":"search:chunk:needle.py:0","node_type":"SEARCH_HIT","rank_explanation":null,"reasons":[],"relation":null,"role":"primary","score":0.8196888975800265,"source":"index","source_end_line":2,"source_start_line":1,"span_kind":"reference","start_line":1,"text":"","title":"needle.py needle:1-2","token_estimate":0},{"backing_file_path":"needle.py","backing_source":null,"confidence":0.8,"depends_on":[],"end_line":5,"file_path":"needle.py","freshness":null,"invalidation_keys":[],"metadata":{"representation":"machine_hit_reference"},"node_id":"search:chunk:needle.py:1","node_type":"SEARCH_HIT","rank_explanation":null,"reasons":[],"relation":null,"role":"primary","score":0.5951730604759541,"source":"index","source_end_line":5,"source_start_line":2,"span_kind":"reference","start_line":2,"text":"","title":"needle.py neighbor:2-5","token_estimate":0},{"backing_file_path":null,"backing_source":null,"confidence":1.0,"depends_on":[],"end_line":null,"file_path":"needle.py","freshness":null,"invalidation_keys":[],"metadata":null,"node_id":"graph:caller:uid:ed8e61924345e59a924de3bf","node_type":"CALL_EDGE","rank_explanation":null,"reasons":[],"relation":null,"role":"neighbor","score":0.0,"source":"graph","source_end_line":null,"source_start_line":null,"span_kind":null,"start_line":5,"text":"caller: neighbor → needle (needle.py:5)","title":"Caller: neighbor","token_estimate":10},{"backing_file_path":null,"backing_source":null,"confidence":1.0,"depends_on":[],"end_line":null,"file_path":"needle.py","freshness":null,"invalidation_keys":[],"metadata":null,"node_id":"graph:callee:uid:3732066f97516c2c2f8efb6e","node_type":"CALL_EDGE","rank_explanation":null,"reasons":[],"relation":null,"role":"neighbor","score":0.0,"source":"graph","source_end_line":null,"source_start_line":null,"span_kind":null,"start_line":5,"text":"callee: neighbor → needle (needle.py:5)","title":"Callee: needle","token_estimate":10}],"query":"needle","reasons":["hybrid search over code index","graph-enriched"],"rendered_prompt":"Complete source is in machine_pack.hits; references have no source body.","resolution_freshness":{"basis_epoch":null,"complete":true,"completed_files":0,"index_epoch":5,"reason":null,"retry":null,"root_count":0,"scope":"observed_resolution_invalidations","status":"ready"},"revision":0,"spans":[{"end_line":2,"file_path":"needle.py","label":"needle","node_id":"search:chunk:needle.py:0","start_line":1},{"end_line":5,"file_path":"needle.py","label":"neighbor","node_id":"search:chunk:needle.py:1","start_line":2}],"summary":"Found 2 indexed code result(s) across 1 file(s) for `needle`.","task":"needle","token_budget":4000,"token_estimate":3134},"tool":"search"}
V18_JSON {"args":{"task":"needle"},"result":{"evidence_summary":{"files":["needle.py"],"graph_enrichment":{"callees_added":1,"callers_added":1,"symbols_resolved":2,"tests_found":0},"packing":{"compacted":true,"configured_max_bytes":18000,"continuation":"Use files region/expand on retained references; recheck source version.","limit_bytes":16000,"omitted_hits":0,"omitted_nodes":0,"original_hits":2,"original_nodes":4,"partial":false,"spec":"whole-json-intent-facets-source-support-before-incidental-v5","token_estimate_method":"ceil(serialized_utf8_bytes/4); not a tokenizer","used_bytes":12840},"retrieval":{"cost":{"coverage":"originating_work; full scope: retrieval-cost schema v1","fused_candidates":2,"hydrate_requested":2,"hydration":{"sql":{"fullscan_steps":0,"rows":10,"sorts":0,"statements":9,"vm_steps":386},"text":{"cache_hits":2,"legacy_auto_reads":0,"storage_reads":0,"utf8_bytes":66,"zstd_decodes":0}},"lane_candidates":{"exact_symbol":1,"graph":2,"grep":2,"lexical":2,"path":1,"semantic":0},"lexical_sql":{"fullscan_steps":0,"rows":2,"sorts":1,"statements":1,"vm_steps":59},"schema_version":1},"grep":{"fallback_scanned":0,"prefilter_failed":false,"prefilter_scanned":0,"reason":null,"scan_cap":20000,"scanned":2,"skipped_duplicates":4,"soft_scanned":2,"stages":[{"stage":"soft","work":{"sql":{"fullscan_steps":0,"rows":2,"sorts":0,"statements":1,"vm_steps":29},"text":{"cache_hits":0,"legacy_auto_reads":0,"storage_reads":2,"utf8_bytes":66,"zstd_decodes":0}}},{"stage":"prefilter","work":{"sql":{"fullscan_steps":0,"rows":2,"sorts":1,"statements":1,"vm_steps":58},"text":{"cache_hits":0,"legacy_auto_reads":0,"storage_reads":0,"utf8_bytes":0,"zstd_decodes":0}}},{"stage":"fallback","work":{"sql":{"fullscan_steps":1,"rows":2,"sorts":0,"statements":1,"vm_steps":23},"text":{"cache_hits":0,"legacy_auto_reads":0,"storage_reads":0,"utf8_bytes":0,"zstd_decodes":0}}}],"status":"complete"},"lane_receipts":[{"candidate_count":1,"candidate_details_omitted":true,"coverage":{"complete":true,"examined":null,"scope":"hard_scope","total_lower_bound":1},"elapsed_us":2112,"lane_id":"exact_symbol","schema_version":1,"status":"complete","truncation_reason":null,"weight":1.1},{"candidate_count":1,"candidate_details_omitted":true,"coverage":{"complete":true,"examined":null,"scope":"hard_scope","total_lower_bound":1},"elapsed_us":262,"lane_id":"path","schema_version":1,"status":"complete","truncation_reason":null,"weight":1.0},{"candidate_count":2,"candidate_details_omitted":true,"coverage":{"complete":true,"examined":null,"scope":"hard_scope","total_lower_bound":2},"elapsed_us":162,"lane_id":"lexical","schema_version":1,"status":"complete","truncation_reason":null,"weight":1.1},{"candidate_count":2,"candidate_details_omitted":true,"coverage":{"complete":true,"examined":2,"scope":"hard_scope","total_lower_bound":2},"elapsed_us":1874,"lane_id":"grep","schema_version":1,"status":"complete","truncation_reason":null,"weight":0.8},{"candidate_count":2,"candidate_details_omitted":true,"coverage":{"complete":true,"examined":null,"scope":"hard_scope","total_lower_bound":2},"elapsed_us":1278,"lane_id":"graph","schema_version":1,"status":"complete","truncation_reason":null,"weight":0.6},{"candidate_count":0,"candidate_details_omitted":true,"coverage":{"complete":false,"examined":null,"scope":"hard_scope","total_lower_bound":0},"elapsed_us":145,"lane_id":"semantic","schema_version":1,"status":"unavailable","truncation_reason":"query_vector_not_encoded","weight":1.0}],"policy":{"deadline_ms":30000,"details_omitted":true,"effective":"semantic","graph_source_mapping":"uid_byte_decl_docs;not_whole_body:v2","intent":"locate","lane_timeout_ms":20000,"path_source_domain":"canonical_scoped_exact_else_bounded_tokens;not_whole_body:v3","requested":"semantic","semantic_state":"configured","semantic_timeout_ms":5000,"semantic_top_k":24,"version":"query-policy-local-semantic-canonical-path-domain-v4"},"scope":{"budget":{"exact_symbol_candidates":24,"grep_candidates":12,"grep_enabled":true,"grep_scan_cap":20000,"lexical_candidates":24,"path_candidates":24,"rerank_window":40,"top_k":10,"units":"chunks; grep_scan_cap=decompressions; scope_receipt_v1; not_total_cost"},"details_omitted":true,"hard":{"empty":false,"explicit_file_count":null,"languages":null,"path_prefix":null,"path_prefix_truncated":false,"semantics":"conjunctive_case_sensitive_repo_paths; explicit_empty_denies"},"ordering":["exact_identity_first","rerank_score_desc","chunk_id_asc"],"policy":"canonical-scoped-exact-path-domain-compact-context-budget-v22","schema_version":1,"soft":{"contributions":"score_trace=additive; stage_a_already_included; raw_hint_paths_omitted","hint_entries":{"overlay":0,"pinned":0,"recent":0,"working":0},"preselected_count":1,"role":"ranking_and_scan_priority_only"}}},"search_hits":2,"selection":{"facets":{"implementation":2},"input_candidates":2,"intent":"locate","intent_facet_anchors":{},"limit_omitted":0,"original_ranks":[1,2],"overlap":{"fully_covered_candidates":0,"input_bytes":66,"redundant_bytes":0,"unique_bytes":66},"requested_limit":10,"selected":2,"selected_overlap":{"fully_covered_candidates":0,"input_bytes":66,"redundant_bytes":0,"unique_bytes":66},"source_covered_omissions":0,"source_support_anchors":[],"source_support_scope":"cue_window:v1","spec":"anchored-facets-distinctive-source-union-v2","unmet_facets":[]},"source_freshness":{"budget_exhausted":false,"checked_files":1,"dense_manifest_fence":{"checked":0,"skip_disposition":"stale_publication_skipped","skipped":0},"generation":{"evidence_epoch":1,"incarnation":[8,9,171,148,50,68,161,185,174,107,143,92,228,42,92,214],"index_epoch":5,"semantic_epoch":null},"hydrator":"current-document-scope-source-generation-v1","omitted_files":{},"partial":false,"read_budget_charged":66,"scope":"disk_generation:v1","validation_work":{"candidate_projection_sql":{"fullscan_steps":0,"rows":2,"sorts":0,"statements":1,"vm_steps":76},"coverage":"current final-assembly attempt SELECTs for manifest, symbol identity and candidate projection; excludes prior attempts, transaction control, originating retrieval, generation, dense fence, graph and disk work; not total cost","schema_version":1,"source_records_sql":{"fullscan_steps":0,"rows":10,"sorts":0,"statements":9,"vm_steps":292}},"verified_hits":2}},"intent":"locate","invalidations":[],"machine_pack":{"hits":[{"breadcrumb":"needle","chunk_id":"chunk:needle.py:0","end_line":2,"file_path":"needle.py","fused_score":0.08989441930618403,"graph_score":0.07931471805599452,"grep_score":0.5,"lane":null,"language":"python","lexical_score":1.0,"metadata":{"details_omitted":true,"document":{"doc_key":"29b2fa88c6d6c8741c47ad873ba80a25c628b882a28ea3cfaa7fcc69e6982938","doc_version":"9ba68969fd43b00f97a9fade36d3cd19b8f57a4b7c6dffacb8c050c2e9b29f62","encoding_key":"78fc8c83484a6639e37e832f30a8eb8310c8ad26eada3a4ec3d936c1f152fede","entity_key":"16a369932cc2a7589f395b34b3b8def8bbad6a04e00672428487964152c26486"},"qname":"needle","source_evidence":{"boundary":"symbol","owner":{"end":28,"start":0},"signature":{"end":18,"start":0},"slice_digest":"c748e325d98b5f174763b313c05ece587900d99690eedbce11f75639788c6b8b","source":{"byte_len":66,"content_digest":"bdb975ad92107a0524d6a7c217816cd1e50bb1d97a36ef892318fbe837bf8857","encoding":"utf8","snapshot_id":"735799399424072b1b6cc95488ff63f55c094da4b32573a4555bf731c014f141"},"span":{"end":28,"start":0}},"source_freshness":{"disk_checked":true,"hydrator":"current-document-scope-source-generation-v1","status":"current_verified"}},"reasons":["exact-target","exact_symbol@1","path@1","lexical@1","grep@2","symbol-exact","fts-summary","path-token:needle","symbol:needle","preselect:fts-summary:+1.40","preselect:token-search:+3.00"],"rerank_score":0.8196888975800265,"score_trace":[["rrf:exact_symbol",0.021568627450980395],["rrf:path",0.0196078431372549],["rrf:lexical",0.021568627450980395],["rrf:grep",0.015384615384615385],["rrf:graph",0.011764705882352941],["overlap",0.35],["boost:symbol-exact",0.18],["boost:stage-a",0.17600006285704412],["boost:graph-rerank",0.023794415416798356]],"source":"index","start_line":1,"symbol_kind":"function","symbol_name":"needle","text":"def needle():\n    return 731"},{"breadcrumb":"neighbor","chunk_id":"chunk:needle.py:1","end_line":5,"file_path":"needle.py","fused_score":0.048378582202111615,"graph_score":0.06931471805599453,"grep_score":1.0,"lane":null,"language":"python","lexical_score":0.5,"metadata":{"details_omitted":true,"document":{"doc_key":"3fd56c438273f4e97d76268fc1e74f7bccba6b16d9f0ef414ca67b0829003e65","doc_version":"09f385ca69393d6173161facbcb1551167f9785fcdd2ccc650f1c531bc0259ed","encoding_key":"02118b2a2349b99c9efe9684d529683cd659e52f1e28e19c864bc915175c7693","entity_key":"f8d3da2a91268bb9b93e59ca9b06d751804a9221f3d218b5a8798fab2dc8e40d"},"qname":"neighbor","source_evidence":{"boundary":"symbol","owner":{"end":65,"start":30},"signature":{"end":50,"start":30},"slice_digest":"dec7813dc4d5e300de152b45e0cb2a89c688f0a75f1501c57aa7eb68130081dd","source":{"byte_len":66,"content_digest":"bdb975ad92107a0524d6a7c217816cd1e50bb1d97a36ef892318fbe837bf8857","encoding":"utf8","snapshot_id":"735799399424072b1b6cc95488ff63f55c094da4b32573a4555bf731c014f141"},"span":{"end":66,"start":28}},"source_freshness":{"disk_checked":true,"hydrator":"current-document-scope-source-generation-v1","status":"current_verified"}},"reasons":["lexical@2","grep@1","fts-summary","path-token:needle","symbol:needle","preselect:fts-summary:+1.40","preselect:token-search:+3.00"],"rerank_score":0.5951730604759541,"score_trace":[["rrf:lexical",0.021153846153846155],["rrf:grep",0.01568627450980392],["rrf:graph",0.011538461538461537],["overlap",0.35],["boost:stage-a",0.17600006285704412],["boost:graph-rerank",0.020794415416798356]],"source":"index","start_line":2,"symbol_kind":"function","symbol_name":"neighbor","text":"\n\ndef neighbor():\n    return needle()\n"}],"kind":"code_index_context","query":"needle","repo_size_tier":"Tiny","token_budget":4000,"top_k":10},"nodes":[{"backing_file_path":"needle.py","backing_source":null,"confidence":0.8,"depends_on":[],"end_line":2,"file_path":"needle.py","freshness":null,"invalidation_keys":[],"metadata":{"representation":"machine_hit_reference"},"node_id":"search:chunk:needle.py:0","node_type":"SEARCH_HIT","rank_explanation":null,"reasons":[],"relation":null,"role":"primary","score":0.8196888975800265,"source":"index","source_end_line":2,"source_start_line":1,"span_kind":"reference","start_line":1,"text":"","title":"needle.py needle:1-2","token_estimate":0},{"backing_file_path":"needle.py","backing_source":null,"confidence":0.8,"depends_on":[],"end_line":5,"file_path":"needle.py","freshness":null,"invalidation_keys":[],"metadata":{"representation":"machine_hit_reference"},"node_id":"search:chunk:needle.py:1","node_type":"SEARCH_HIT","rank_explanation":null,"reasons":[],"relation":null,"role":"primary","score":0.5951730604759541,"source":"index","source_end_line":5,"source_start_line":2,"span_kind":"reference","start_line":2,"text":"","title":"needle.py neighbor:2-5","token_estimate":0},{"backing_file_path":null,"backing_source":null,"confidence":1.0,"depends_on":[],"end_line":null,"file_path":"needle.py","freshness":null,"invalidation_keys":[],"metadata":null,"node_id":"graph:caller:uid:ed8e61924345e59a924de3bf","node_type":"CALL_EDGE","rank_explanation":null,"reasons":[],"relation":null,"role":"neighbor","score":0.0,"source":"graph","source_end_line":null,"source_start_line":null,"span_kind":null,"start_line":5,"text":"caller: neighbor → needle (needle.py:5)","title":"Caller: neighbor","token_estimate":10},{"backing_file_path":null,"backing_source":null,"confidence":1.0,"depends_on":[],"end_line":null,"file_path":"needle.py","freshness":null,"invalidation_keys":[],"metadata":null,"node_id":"graph:callee:uid:3732066f97516c2c2f8efb6e","node_type":"CALL_EDGE","rank_explanation":null,"reasons":[],"relation":null,"role":"neighbor","score":0.0,"source":"graph","source_end_line":null,"source_start_line":null,"span_kind":null,"start_line":5,"text":"callee: neighbor → needle (needle.py:5)","title":"Callee: needle","token_estimate":10}],"query":"needle","reasons":["hybrid search over code index","graph-enriched"],"rendered_prompt":"Complete source is in machine_pack.hits; references have no source body.","resolution_freshness":{"basis_epoch":null,"complete":true,"completed_files":0,"index_epoch":5,"reason":null,"retry":null,"root_count":0,"scope":"observed_resolution_invalidations","status":"ready"},"revision":0,"spans":[{"end_line":2,"file_path":"needle.py","label":"needle","node_id":"search:chunk:needle.py:0","start_line":1},{"end_line":5,"file_path":"needle.py","label":"neighbor","node_id":"search:chunk:needle.py:1","start_line":2}],"summary":"Found 2 indexed code result(s) across 1 file(s) for `needle`.","task":"needle","token_budget":4000,"token_estimate":3210},"tool":"context"}
V18_JSON {"args":{"retrieval_strategy":null,"task":"needle"},"result":{"evidence_summary":{"files":["needle.py"],"graph_enrichment":{"callees_added":1,"callers_added":1,"symbols_resolved":2,"tests_found":0},"packing":{"compacted":true,"configured_max_bytes":18000,"continuation":"Use files region/expand on retained references; recheck source version.","limit_bytes":16000,"omitted_hits":0,"omitted_nodes":0,"original_hits":2,"original_nodes":4,"partial":false,"spec":"whole-json-intent-facets-source-support-before-incidental-v5","token_estimate_method":"ceil(serialized_utf8_bytes/4); not a tokenizer","used_bytes":12839},"retrieval":{"cost":{"coverage":"originating_work; full scope: retrieval-cost schema v1","fused_candidates":2,"hydrate_requested":2,"hydration":{"sql":{"fullscan_steps":0,"rows":10,"sorts":0,"statements":9,"vm_steps":386},"text":{"cache_hits":2,"legacy_auto_reads":0,"storage_reads":0,"utf8_bytes":66,"zstd_decodes":0}},"lane_candidates":{"exact_symbol":1,"graph":2,"grep":2,"lexical":2,"path":1,"semantic":0},"lexical_sql":{"fullscan_steps":0,"rows":2,"sorts":1,"statements":1,"vm_steps":59},"schema_version":1},"grep":{"fallback_scanned":0,"prefilter_failed":false,"prefilter_scanned":0,"reason":null,"scan_cap":20000,"scanned":2,"skipped_duplicates":4,"soft_scanned":2,"stages":[{"stage":"soft","work":{"sql":{"fullscan_steps":0,"rows":2,"sorts":0,"statements":1,"vm_steps":29},"text":{"cache_hits":0,"legacy_auto_reads":0,"storage_reads":2,"utf8_bytes":66,"zstd_decodes":0}}},{"stage":"prefilter","work":{"sql":{"fullscan_steps":0,"rows":2,"sorts":1,"statements":1,"vm_steps":58},"text":{"cache_hits":0,"legacy_auto_reads":0,"storage_reads":0,"utf8_bytes":0,"zstd_decodes":0}}},{"stage":"fallback","work":{"sql":{"fullscan_steps":1,"rows":2,"sorts":0,"statements":1,"vm_steps":23},"text":{"cache_hits":0,"legacy_auto_reads":0,"storage_reads":0,"utf8_bytes":0,"zstd_decodes":0}}}],"status":"complete"},"lane_receipts":[{"candidate_count":1,"candidate_details_omitted":true,"coverage":{"complete":true,"examined":null,"scope":"hard_scope","total_lower_bound":1},"elapsed_us":629,"lane_id":"exact_symbol","schema_version":1,"status":"complete","truncation_reason":null,"weight":1.1},{"candidate_count":1,"candidate_details_omitted":true,"coverage":{"complete":true,"examined":null,"scope":"hard_scope","total_lower_bound":1},"elapsed_us":286,"lane_id":"path","schema_version":1,"status":"complete","truncation_reason":null,"weight":1.0},{"candidate_count":2,"candidate_details_omitted":true,"coverage":{"complete":true,"examined":null,"scope":"hard_scope","total_lower_bound":2},"elapsed_us":176,"lane_id":"lexical","schema_version":1,"status":"complete","truncation_reason":null,"weight":1.1},{"candidate_count":2,"candidate_details_omitted":true,"coverage":{"complete":true,"examined":2,"scope":"hard_scope","total_lower_bound":2},"elapsed_us":1597,"lane_id":"grep","schema_version":1,"status":"complete","truncation_reason":null,"weight":0.8},{"candidate_count":2,"candidate_details_omitted":true,"coverage":{"complete":true,"examined":null,"scope":"hard_scope","total_lower_bound":2},"elapsed_us":1194,"lane_id":"graph","schema_version":1,"status":"complete","truncation_reason":null,"weight":0.6},{"candidate_count":0,"candidate_details_omitted":true,"coverage":{"complete":false,"examined":null,"scope":"hard_scope","total_lower_bound":0},"elapsed_us":141,"lane_id":"semantic","schema_version":1,"status":"unavailable","truncation_reason":"query_vector_not_encoded","weight":1.0}],"policy":{"deadline_ms":30000,"details_omitted":true,"effective":"semantic","graph_source_mapping":"uid_byte_decl_docs;not_whole_body:v2","intent":"locate","lane_timeout_ms":20000,"path_source_domain":"canonical_scoped_exact_else_bounded_tokens;not_whole_body:v3","requested":"semantic","semantic_state":"configured","semantic_timeout_ms":5000,"semantic_top_k":24,"version":"query-policy-local-semantic-canonical-path-domain-v4"},"scope":{"budget":{"exact_symbol_candidates":24,"grep_candidates":12,"grep_enabled":true,"grep_scan_cap":20000,"lexical_candidates":24,"path_candidates":24,"rerank_window":40,"top_k":10,"units":"chunks; grep_scan_cap=decompressions; scope_receipt_v1; not_total_cost"},"details_omitted":true,"hard":{"empty":false,"explicit_file_count":null,"languages":null,"path_prefix":null,"path_prefix_truncated":false,"semantics":"conjunctive_case_sensitive_repo_paths; explicit_empty_denies"},"ordering":["exact_identity_first","rerank_score_desc","chunk_id_asc"],"policy":"canonical-scoped-exact-path-domain-compact-context-budget-v22","schema_version":1,"soft":{"contributions":"score_trace=additive; stage_a_already_included; raw_hint_paths_omitted","hint_entries":{"overlay":0,"pinned":0,"recent":0,"working":0},"preselected_count":1,"role":"ranking_and_scan_priority_only"}}},"search_hits":2,"selection":{"facets":{"implementation":2},"input_candidates":2,"intent":"locate","intent_facet_anchors":{},"limit_omitted":0,"original_ranks":[1,2],"overlap":{"fully_covered_candidates":0,"input_bytes":66,"redundant_bytes":0,"unique_bytes":66},"requested_limit":10,"selected":2,"selected_overlap":{"fully_covered_candidates":0,"input_bytes":66,"redundant_bytes":0,"unique_bytes":66},"source_covered_omissions":0,"source_support_anchors":[],"source_support_scope":"cue_window:v1","spec":"anchored-facets-distinctive-source-union-v2","unmet_facets":[]},"source_freshness":{"budget_exhausted":false,"checked_files":1,"dense_manifest_fence":{"checked":0,"skip_disposition":"stale_publication_skipped","skipped":0},"generation":{"evidence_epoch":1,"incarnation":[8,9,171,148,50,68,161,185,174,107,143,92,228,42,92,214],"index_epoch":5,"semantic_epoch":null},"hydrator":"current-document-scope-source-generation-v1","omitted_files":{},"partial":false,"read_budget_charged":66,"scope":"disk_generation:v1","validation_work":{"candidate_projection_sql":{"fullscan_steps":0,"rows":2,"sorts":0,"statements":1,"vm_steps":76},"coverage":"current final-assembly attempt SELECTs for manifest, symbol identity and candidate projection; excludes prior attempts, transaction control, originating retrieval, generation, dense fence, graph and disk work; not total cost","schema_version":1,"source_records_sql":{"fullscan_steps":0,"rows":10,"sorts":0,"statements":9,"vm_steps":292}},"verified_hits":2}},"intent":"locate","invalidations":[],"machine_pack":{"hits":[{"breadcrumb":"needle","chunk_id":"chunk:needle.py:0","end_line":2,"file_path":"needle.py","fused_score":0.08989441930618403,"graph_score":0.07931471805599452,"grep_score":0.5,"lane":null,"language":"python","lexical_score":1.0,"metadata":{"details_omitted":true,"document":{"doc_key":"29b2fa88c6d6c8741c47ad873ba80a25c628b882a28ea3cfaa7fcc69e6982938","doc_version":"9ba68969fd43b00f97a9fade36d3cd19b8f57a4b7c6dffacb8c050c2e9b29f62","encoding_key":"78fc8c83484a6639e37e832f30a8eb8310c8ad26eada3a4ec3d936c1f152fede","entity_key":"16a369932cc2a7589f395b34b3b8def8bbad6a04e00672428487964152c26486"},"qname":"needle","source_evidence":{"boundary":"symbol","owner":{"end":28,"start":0},"signature":{"end":18,"start":0},"slice_digest":"c748e325d98b5f174763b313c05ece587900d99690eedbce11f75639788c6b8b","source":{"byte_len":66,"content_digest":"bdb975ad92107a0524d6a7c217816cd1e50bb1d97a36ef892318fbe837bf8857","encoding":"utf8","snapshot_id":"735799399424072b1b6cc95488ff63f55c094da4b32573a4555bf731c014f141"},"span":{"end":28,"start":0}},"source_freshness":{"disk_checked":true,"hydrator":"current-document-scope-source-generation-v1","status":"current_verified"}},"reasons":["exact-target","exact_symbol@1","path@1","lexical@1","grep@2","symbol-exact","fts-summary","path-token:needle","symbol:needle","preselect:fts-summary:+1.40","preselect:token-search:+3.00"],"rerank_score":0.8196888975800265,"score_trace":[["rrf:exact_symbol",0.021568627450980395],["rrf:path",0.0196078431372549],["rrf:lexical",0.021568627450980395],["rrf:grep",0.015384615384615385],["rrf:graph",0.011764705882352941],["overlap",0.35],["boost:symbol-exact",0.18],["boost:stage-a",0.17600006285704412],["boost:graph-rerank",0.023794415416798356]],"source":"index","start_line":1,"symbol_kind":"function","symbol_name":"needle","text":"def needle():\n    return 731"},{"breadcrumb":"neighbor","chunk_id":"chunk:needle.py:1","end_line":5,"file_path":"needle.py","fused_score":0.048378582202111615,"graph_score":0.06931471805599453,"grep_score":1.0,"lane":null,"language":"python","lexical_score":0.5,"metadata":{"details_omitted":true,"document":{"doc_key":"3fd56c438273f4e97d76268fc1e74f7bccba6b16d9f0ef414ca67b0829003e65","doc_version":"09f385ca69393d6173161facbcb1551167f9785fcdd2ccc650f1c531bc0259ed","encoding_key":"02118b2a2349b99c9efe9684d529683cd659e52f1e28e19c864bc915175c7693","entity_key":"f8d3da2a91268bb9b93e59ca9b06d751804a9221f3d218b5a8798fab2dc8e40d"},"qname":"neighbor","source_evidence":{"boundary":"symbol","owner":{"end":65,"start":30},"signature":{"end":50,"start":30},"slice_digest":"dec7813dc4d5e300de152b45e0cb2a89c688f0a75f1501c57aa7eb68130081dd","source":{"byte_len":66,"content_digest":"bdb975ad92107a0524d6a7c217816cd1e50bb1d97a36ef892318fbe837bf8857","encoding":"utf8","snapshot_id":"735799399424072b1b6cc95488ff63f55c094da4b32573a4555bf731c014f141"},"span":{"end":66,"start":28}},"source_freshness":{"disk_checked":true,"hydrator":"current-document-scope-source-generation-v1","status":"current_verified"}},"reasons":["lexical@2","grep@1","fts-summary","path-token:needle","symbol:needle","preselect:fts-summary:+1.40","preselect:token-search:+3.00"],"rerank_score":0.5951730604759541,"score_trace":[["rrf:lexical",0.021153846153846155],["rrf:grep",0.01568627450980392],["rrf:graph",0.011538461538461537],["overlap",0.35],["boost:stage-a",0.17600006285704412],["boost:graph-rerank",0.020794415416798356]],"source":"index","start_line":2,"symbol_kind":"function","symbol_name":"neighbor","text":"\n\ndef neighbor():\n    return needle()\n"}],"kind":"code_index_context","query":"needle","repo_size_tier":"Tiny","token_budget":4000,"top_k":10},"nodes":[{"backing_file_path":"needle.py","backing_source":null,"confidence":0.8,"depends_on":[],"end_line":2,"file_path":"needle.py","freshness":null,"invalidation_keys":[],"metadata":{"representation":"machine_hit_reference"},"node_id":"search:chunk:needle.py:0","node_type":"SEARCH_HIT","rank_explanation":null,"reasons":[],"relation":null,"role":"primary","score":0.8196888975800265,"source":"index","source_end_line":2,"source_start_line":1,"span_kind":"reference","start_line":1,"text":"","title":"needle.py needle:1-2","token_estimate":0},{"backing_file_path":"needle.py","backing_source":null,"confidence":0.8,"depends_on":[],"end_line":5,"file_path":"needle.py","freshness":null,"invalidation_keys":[],"metadata":{"representation":"machine_hit_reference"},"node_id":"search:chunk:needle.py:1","node_type":"SEARCH_HIT","rank_explanation":null,"reasons":[],"relation":null,"role":"primary","score":0.5951730604759541,"source":"index","source_end_line":5,"source_start_line":2,"span_kind":"reference","start_line":2,"text":"","title":"needle.py neighbor:2-5","token_estimate":0},{"backing_file_path":null,"backing_source":null,"confidence":1.0,"depends_on":[],"end_line":null,"file_path":"needle.py","freshness":null,"invalidation_keys":[],"metadata":null,"node_id":"graph:caller:uid:ed8e61924345e59a924de3bf","node_type":"CALL_EDGE","rank_explanation":null,"reasons":[],"relation":null,"role":"neighbor","score":0.0,"source":"graph","source_end_line":null,"source_start_line":null,"span_kind":null,"start_line":5,"text":"caller: neighbor → needle (needle.py:5)","title":"Caller: neighbor","token_estimate":10},{"backing_file_path":null,"backing_source":null,"confidence":1.0,"depends_on":[],"end_line":null,"file_path":"needle.py","freshness":null,"invalidation_keys":[],"metadata":null,"node_id":"graph:callee:uid:3732066f97516c2c2f8efb6e","node_type":"CALL_EDGE","rank_explanation":null,"reasons":[],"relation":null,"role":"neighbor","score":0.0,"source":"graph","source_end_line":null,"source_start_line":null,"span_kind":null,"start_line":5,"text":"callee: neighbor → needle (needle.py:5)","title":"Callee: needle","token_estimate":10}],"query":"needle","reasons":["hybrid search over code index","graph-enriched"],"rendered_prompt":"Complete source is in machine_pack.hits; references have no source body.","resolution_freshness":{"basis_epoch":null,"complete":true,"completed_files":0,"index_epoch":5,"reason":null,"retry":null,"root_count":0,"scope":"observed_resolution_invalidations","status":"ready"},"revision":0,"spans":[{"end_line":2,"file_path":"needle.py","label":"needle","node_id":"search:chunk:needle.py:0","start_line":1},{"end_line":5,"file_path":"needle.py","label":"neighbor","node_id":"search:chunk:needle.py:1","start_line":2}],"summary":"Found 2 indexed code result(s) across 1 file(s) for `needle`.","task":"needle","token_budget":4000,"token_estimate":3210},"tool":"context"}
V18_JSON {"args":{"retrieval_strategy":"semantic","task":"needle"},"result":{"evidence_summary":{"files":["needle.py"],"graph_enrichment":{"callees_added":1,"callers_added":1,"symbols_resolved":2,"tests_found":0},"packing":{"compacted":true,"configured_max_bytes":18000,"continuation":"Use files region/expand on retained references; recheck source version.","limit_bytes":16000,"omitted_hits":0,"omitted_nodes":0,"original_hits":2,"original_nodes":4,"partial":false,"spec":"whole-json-intent-facets-source-support-before-incidental-v5","token_estimate_method":"ceil(serialized_utf8_bytes/4); not a tokenizer","used_bytes":12840},"retrieval":{"cost":{"coverage":"originating_work; full scope: retrieval-cost schema v1","fused_candidates":2,"hydrate_requested":2,"hydration":{"sql":{"fullscan_steps":0,"rows":10,"sorts":0,"statements":9,"vm_steps":386},"text":{"cache_hits":2,"legacy_auto_reads":0,"storage_reads":0,"utf8_bytes":66,"zstd_decodes":0}},"lane_candidates":{"exact_symbol":1,"graph":2,"grep":2,"lexical":2,"path":1,"semantic":0},"lexical_sql":{"fullscan_steps":0,"rows":2,"sorts":1,"statements":1,"vm_steps":59},"schema_version":1},"grep":{"fallback_scanned":0,"prefilter_failed":false,"prefilter_scanned":0,"reason":null,"scan_cap":20000,"scanned":2,"skipped_duplicates":4,"soft_scanned":2,"stages":[{"stage":"soft","work":{"sql":{"fullscan_steps":0,"rows":2,"sorts":0,"statements":1,"vm_steps":29},"text":{"cache_hits":0,"legacy_auto_reads":0,"storage_reads":2,"utf8_bytes":66,"zstd_decodes":0}}},{"stage":"prefilter","work":{"sql":{"fullscan_steps":0,"rows":2,"sorts":1,"statements":1,"vm_steps":58},"text":{"cache_hits":0,"legacy_auto_reads":0,"storage_reads":0,"utf8_bytes":0,"zstd_decodes":0}}},{"stage":"fallback","work":{"sql":{"fullscan_steps":1,"rows":2,"sorts":0,"statements":1,"vm_steps":23},"text":{"cache_hits":0,"legacy_auto_reads":0,"storage_reads":0,"utf8_bytes":0,"zstd_decodes":0}}}],"status":"complete"},"lane_receipts":[{"candidate_count":1,"candidate_details_omitted":true,"coverage":{"complete":true,"examined":null,"scope":"hard_scope","total_lower_bound":1},"elapsed_us":2110,"lane_id":"exact_symbol","schema_version":1,"status":"complete","truncation_reason":null,"weight":1.1},{"candidate_count":1,"candidate_details_omitted":true,"coverage":{"complete":true,"examined":null,"scope":"hard_scope","total_lower_bound":1},"elapsed_us":291,"lane_id":"path","schema_version":1,"status":"complete","truncation_reason":null,"weight":1.0},{"candidate_count":2,"candidate_details_omitted":true,"coverage":{"complete":true,"examined":null,"scope":"hard_scope","total_lower_bound":2},"elapsed_us":182,"lane_id":"lexical","schema_version":1,"status":"complete","truncation_reason":null,"weight":1.1},{"candidate_count":2,"candidate_details_omitted":true,"coverage":{"complete":true,"examined":2,"scope":"hard_scope","total_lower_bound":2},"elapsed_us":1856,"lane_id":"grep","schema_version":1,"status":"complete","truncation_reason":null,"weight":0.8},{"candidate_count":2,"candidate_details_omitted":true,"coverage":{"complete":true,"examined":null,"scope":"hard_scope","total_lower_bound":2},"elapsed_us":1271,"lane_id":"graph","schema_version":1,"status":"complete","truncation_reason":null,"weight":0.6},{"candidate_count":0,"candidate_details_omitted":true,"coverage":{"complete":false,"examined":null,"scope":"hard_scope","total_lower_bound":0},"elapsed_us":149,"lane_id":"semantic","schema_version":1,"status":"unavailable","truncation_reason":"query_vector_not_encoded","weight":1.0}],"policy":{"deadline_ms":30000,"details_omitted":true,"effective":"semantic","graph_source_mapping":"uid_byte_decl_docs;not_whole_body:v2","intent":"locate","lane_timeout_ms":20000,"path_source_domain":"canonical_scoped_exact_else_bounded_tokens;not_whole_body:v3","requested":"semantic","semantic_state":"configured","semantic_timeout_ms":5000,"semantic_top_k":24,"version":"query-policy-local-semantic-canonical-path-domain-v4"},"scope":{"budget":{"exact_symbol_candidates":24,"grep_candidates":12,"grep_enabled":true,"grep_scan_cap":20000,"lexical_candidates":24,"path_candidates":24,"rerank_window":40,"top_k":10,"units":"chunks; grep_scan_cap=decompressions; scope_receipt_v1; not_total_cost"},"details_omitted":true,"hard":{"empty":false,"explicit_file_count":null,"languages":null,"path_prefix":null,"path_prefix_truncated":false,"semantics":"conjunctive_case_sensitive_repo_paths; explicit_empty_denies"},"ordering":["exact_identity_first","rerank_score_desc","chunk_id_asc"],"policy":"canonical-scoped-exact-path-domain-compact-context-budget-v22","schema_version":1,"soft":{"contributions":"score_trace=additive; stage_a_already_included; raw_hint_paths_omitted","hint_entries":{"overlay":0,"pinned":0,"recent":0,"working":0},"preselected_count":1,"role":"ranking_and_scan_priority_only"}}},"search_hits":2,"selection":{"facets":{"implementation":2},"input_candidates":2,"intent":"locate","intent_facet_anchors":{},"limit_omitted":0,"original_ranks":[1,2],"overlap":{"fully_covered_candidates":0,"input_bytes":66,"redundant_bytes":0,"unique_bytes":66},"requested_limit":10,"selected":2,"selected_overlap":{"fully_covered_candidates":0,"input_bytes":66,"redundant_bytes":0,"unique_bytes":66},"source_covered_omissions":0,"source_support_anchors":[],"source_support_scope":"cue_window:v1","spec":"anchored-facets-distinctive-source-union-v2","unmet_facets":[]},"source_freshness":{"budget_exhausted":false,"checked_files":1,"dense_manifest_fence":{"checked":0,"skip_disposition":"stale_publication_skipped","skipped":0},"generation":{"evidence_epoch":1,"incarnation":[8,9,171,148,50,68,161,185,174,107,143,92,228,42,92,214],"index_epoch":5,"semantic_epoch":null},"hydrator":"current-document-scope-source-generation-v1","omitted_files":{},"partial":false,"read_budget_charged":66,"scope":"disk_generation:v1","validation_work":{"candidate_projection_sql":{"fullscan_steps":0,"rows":2,"sorts":0,"statements":1,"vm_steps":76},"coverage":"current final-assembly attempt SELECTs for manifest, symbol identity and candidate projection; excludes prior attempts, transaction control, originating retrieval, generation, dense fence, graph and disk work; not total cost","schema_version":1,"source_records_sql":{"fullscan_steps":0,"rows":10,"sorts":0,"statements":9,"vm_steps":292}},"verified_hits":2}},"intent":"locate","invalidations":[],"machine_pack":{"hits":[{"breadcrumb":"needle","chunk_id":"chunk:needle.py:0","end_line":2,"file_path":"needle.py","fused_score":0.08989441930618403,"graph_score":0.07931471805599452,"grep_score":0.5,"lane":null,"language":"python","lexical_score":1.0,"metadata":{"details_omitted":true,"document":{"doc_key":"29b2fa88c6d6c8741c47ad873ba80a25c628b882a28ea3cfaa7fcc69e6982938","doc_version":"9ba68969fd43b00f97a9fade36d3cd19b8f57a4b7c6dffacb8c050c2e9b29f62","encoding_key":"78fc8c83484a6639e37e832f30a8eb8310c8ad26eada3a4ec3d936c1f152fede","entity_key":"16a369932cc2a7589f395b34b3b8def8bbad6a04e00672428487964152c26486"},"qname":"needle","source_evidence":{"boundary":"symbol","owner":{"end":28,"start":0},"signature":{"end":18,"start":0},"slice_digest":"c748e325d98b5f174763b313c05ece587900d99690eedbce11f75639788c6b8b","source":{"byte_len":66,"content_digest":"bdb975ad92107a0524d6a7c217816cd1e50bb1d97a36ef892318fbe837bf8857","encoding":"utf8","snapshot_id":"735799399424072b1b6cc95488ff63f55c094da4b32573a4555bf731c014f141"},"span":{"end":28,"start":0}},"source_freshness":{"disk_checked":true,"hydrator":"current-document-scope-source-generation-v1","status":"current_verified"}},"reasons":["exact-target","exact_symbol@1","path@1","lexical@1","grep@2","symbol-exact","fts-summary","path-token:needle","symbol:needle","preselect:fts-summary:+1.40","preselect:token-search:+3.00"],"rerank_score":0.8196888975800265,"score_trace":[["rrf:exact_symbol",0.021568627450980395],["rrf:path",0.0196078431372549],["rrf:lexical",0.021568627450980395],["rrf:grep",0.015384615384615385],["rrf:graph",0.011764705882352941],["overlap",0.35],["boost:symbol-exact",0.18],["boost:stage-a",0.17600006285704412],["boost:graph-rerank",0.023794415416798356]],"source":"index","start_line":1,"symbol_kind":"function","symbol_name":"needle","text":"def needle():\n    return 731"},{"breadcrumb":"neighbor","chunk_id":"chunk:needle.py:1","end_line":5,"file_path":"needle.py","fused_score":0.048378582202111615,"graph_score":0.06931471805599453,"grep_score":1.0,"lane":null,"language":"python","lexical_score":0.5,"metadata":{"details_omitted":true,"document":{"doc_key":"3fd56c438273f4e97d76268fc1e74f7bccba6b16d9f0ef414ca67b0829003e65","doc_version":"09f385ca69393d6173161facbcb1551167f9785fcdd2ccc650f1c531bc0259ed","encoding_key":"02118b2a2349b99c9efe9684d529683cd659e52f1e28e19c864bc915175c7693","entity_key":"f8d3da2a91268bb9b93e59ca9b06d751804a9221f3d218b5a8798fab2dc8e40d"},"qname":"neighbor","source_evidence":{"boundary":"symbol","owner":{"end":65,"start":30},"signature":{"end":50,"start":30},"slice_digest":"dec7813dc4d5e300de152b45e0cb2a89c688f0a75f1501c57aa7eb68130081dd","source":{"byte_len":66,"content_digest":"bdb975ad92107a0524d6a7c217816cd1e50bb1d97a36ef892318fbe837bf8857","encoding":"utf8","snapshot_id":"735799399424072b1b6cc95488ff63f55c094da4b32573a4555bf731c014f141"},"span":{"end":66,"start":28}},"source_freshness":{"disk_checked":true,"hydrator":"current-document-scope-source-generation-v1","status":"current_verified"}},"reasons":["lexical@2","grep@1","fts-summary","path-token:needle","symbol:needle","preselect:fts-summary:+1.40","preselect:token-search:+3.00"],"rerank_score":0.5951730604759541,"score_trace":[["rrf:lexical",0.021153846153846155],["rrf:grep",0.01568627450980392],["rrf:graph",0.011538461538461537],["overlap",0.35],["boost:stage-a",0.17600006285704412],["boost:graph-rerank",0.020794415416798356]],"source":"index","start_line":2,"symbol_kind":"function","symbol_name":"neighbor","text":"\n\ndef neighbor():\n    return needle()\n"}],"kind":"code_index_context","query":"needle","repo_size_tier":"Tiny","token_budget":4000,"top_k":10},"nodes":[{"backing_file_path":"needle.py","backing_source":null,"confidence":0.8,"depends_on":[],"end_line":2,"file_path":"needle.py","freshness":null,"invalidation_keys":[],"metadata":{"representation":"machine_hit_reference"},"node_id":"search:chunk:needle.py:0","node_type":"SEARCH_HIT","rank_explanation":null,"reasons":[],"relation":null,"role":"primary","score":0.8196888975800265,"source":"index","source_end_line":2,"source_start_line":1,"span_kind":"reference","start_line":1,"text":"","title":"needle.py needle:1-2","token_estimate":0},{"backing_file_path":"needle.py","backing_source":null,"confidence":0.8,"depends_on":[],"end_line":5,"file_path":"needle.py","freshness":null,"invalidation_keys":[],"metadata":{"representation":"machine_hit_reference"},"node_id":"search:chunk:needle.py:1","node_type":"SEARCH_HIT","rank_explanation":null,"reasons":[],"relation":null,"role":"primary","score":0.5951730604759541,"source":"index","source_end_line":5,"source_start_line":2,"span_kind":"reference","start_line":2,"text":"","title":"needle.py neighbor:2-5","token_estimate":0},{"backing_file_path":null,"backing_source":null,"confidence":1.0,"depends_on":[],"end_line":null,"file_path":"needle.py","freshness":null,"invalidation_keys":[],"metadata":null,"node_id":"graph:caller:uid:ed8e61924345e59a924de3bf","node_type":"CALL_EDGE","rank_explanation":null,"reasons":[],"relation":null,"role":"neighbor","score":0.0,"source":"graph","source_end_line":null,"source_start_line":null,"span_kind":null,"start_line":5,"text":"caller: neighbor → needle (needle.py:5)","title":"Caller: neighbor","token_estimate":10},{"backing_file_path":null,"backing_source":null,"confidence":1.0,"depends_on":[],"end_line":null,"file_path":"needle.py","freshness":null,"invalidation_keys":[],"metadata":null,"node_id":"graph:callee:uid:3732066f97516c2c2f8efb6e","node_type":"CALL_EDGE","rank_explanation":null,"reasons":[],"relation":null,"role":"neighbor","score":0.0,"source":"graph","source_end_line":null,"source_start_line":null,"span_kind":null,"start_line":5,"text":"callee: neighbor → needle (needle.py:5)","title":"Callee: needle","token_estimate":10}],"query":"needle","reasons":["hybrid search over code index","graph-enriched"],"rendered_prompt":"Complete source is in machine_pack.hits; references have no source body.","resolution_freshness":{"basis_epoch":null,"complete":true,"completed_files":0,"index_epoch":5,"reason":null,"retry":null,"root_count":0,"scope":"observed_resolution_invalidations","status":"ready"},"revision":0,"spans":[{"end_line":2,"file_path":"needle.py","label":"needle","node_id":"search:chunk:needle.py:0","start_line":1},{"end_line":5,"file_path":"needle.py","label":"neighbor","node_id":"search:chunk:needle.py:1","start_line":2}],"summary":"Found 2 indexed code result(s) across 1 file(s) for `needle`.","task":"needle","token_budget":4000,"token_estimate":3210},"tool":"context"}
[2m2026-10-08T03:53:38.002243Z[0m [32m INFO[0m [2mcc_index::memory_budget[0m[2m:[0m memory budget initialized [3mtotal_ram_mb[0m[2m=[0m15989 [3mbudget_mb[0m[2m=[0m7994 [3mfraction[0m[2m=[0m0.5
[2m2026-10-08T03:53:38.003431Z[0m [32m INFO[0m [2mcc_index::memory_budget[0m[2m:[0m memory budget initialized [3mtotal_ram_mb[0m[2m=[0m15989 [3mbudget_mb[0m[2m=[0m7994 [3mfraction[0m[2m=[0m0.5
[2m2026-10-08T03:53:38.007731Z[0m [32m INFO[0m [2mcc_index::memory_budget[0m[2m:[0m memory budget initialized [3mtotal_ram_mb[0m[2m=[0m15989 [3mbudget_mb[0m[2m=[0m7994 [3mfraction[0m[2m=[0m0.5
[2m2026-10-08T03:53:38.011300Z[0m [32m INFO[0m [2mcc_index::memory_budget[0m[2m:[0m memory budget initialized [3mtotal_ram_mb[0m[2m=[0m15989 [3mbudget_mb[0m[2m=[0m7994 [3mfraction[0m[2m=[0m0.5
V18_JSON {"args":{"full":true,"path":"/tmp/.tmpJYtb6g/project"},"result":{"build_explain":{"gate_decisions":[{"pass":"synthesis_round","reason":"both signatures changed","run":true},{"pass":"community","reason":"full rebuild","run":true},{"pass":"git_cochange","reason":"cache key unavailable","run":true},{"pass":"infra","reason":"signature algorithm changed","run":true},{"pass":"adr","reason":"no recorded signature","run":true}]},"chunk_policy":{"bytes":16384,"chars":16384,"estimated_tokens":4096,"lines":80,"merge_min_bytes":256},"chunks_total":2,"dirty_plan":{"dependency_sql":{"fullscan_steps":0,"rows":0,"sorts":0,"statements":0,"vm_steps":0},"file_budget":0,"parsed_files":1,"reasons":[],"rebased":false,"resumed":false,"selected_dependents":0},"document_changes":{"files_projected":1,"removed":0,"render_failed":0,"reusable_inputs":0,"unchanged":0,"upserted":2},"elapsed_ms":679,"files_added":1,"files_parsed":1,"files_removed":0,"files_scanned":1,"files_skipped":0,"files_updated":0,"parse_errors":[],"phase_timing":{"analysis_ms":3,"parse_ms":32,"postprocess_ms":0,"resolve_ms":0,"scan_diff_ms":9,"write_ms":162},"project_model":{"catalog_files":1,"changed_configs":[],"config_inputs":0,"config_parse_cache_hits":0,"config_reads":0,"config_root_probes":5,"config_roots":0,"diagnostics":[],"go_fact_cache_hits":0,"go_source_reads":0,"input_digest":"6608a5a5cd33639a82b1be8d943f3148241d6520b8e0d9930909feaaf0ec5b8c","inventory_source":"shared_walk","modes":[],"rust_fact_cache_hits":0,"rust_source_reads":0,"version":3},"public_surface_coverage":{"known":1,"known_empty":0,"parsed_files":1,"unknown":0,"unknown_reasons":{}},"resolution_coverage":{"ambiguous":0,"incomplete_files":0,"modules_ambiguous":0,"modules_external":0,"modules_resolved":0,"modules_unknown":0,"modules_unresolved":0,"modules_unsupported":0,"omitted_records":0,"packages_resolved":0,"processed_files":1,"resolved":2,"unresolved":0,"unsupported":0},"resolution_freshness":{"basis_epoch":null,"complete":true,"completed_files":0,"index_epoch":5,"reason":null,"retry":null,"root_count":0,"scope":"observed_resolution_invalidations","status":"ready"},"symbols_total":2,"used_parallel_parse":false},"tool":"index"}
V18_JSON {"args":{"retrieval_strategy":"auto","task":"needle"},"result":{"evidence_summary":{"files":["needle.py"],"graph_enrichment":{"callees_added":1,"callers_added":1,"symbols_resolved":2,"tests_found":0},"packing":{"compacted":true,"configured_max_bytes":18000,"continuation":"Use files region/expand on retained references; recheck source version.","limit_bytes":16000,"omitted_hits":0,"omitted_nodes":0,"original_hits":2,"original_nodes":4,"partial":false,"spec":"whole-json-intent-facets-source-support-before-incidental-v5","token_estimate_method":"ceil(serialized_utf8_bytes/4); not a tokenizer","used_bytes":12832},"retrieval":{"cost":{"coverage":"originating_work; full scope: retrieval-cost schema v1","fused_candidates":2,"hydrate_requested":2,"hydration":{"sql":{"fullscan_steps":0,"rows":10,"sorts":0,"statements":9,"vm_steps":386},"text":{"cache_hits":2,"legacy_auto_reads":0,"storage_reads":0,"utf8_bytes":66,"zstd_decodes":0}},"lane_candidates":{"exact_symbol":1,"graph":2,"grep":2,"lexical":2,"path":1,"semantic":0},"lexical_sql":{"fullscan_steps":0,"rows":2,"sorts":1,"statements":1,"vm_steps":59},"schema_version":1},"grep":{"fallback_scanned":0,"prefilter_failed":false,"prefilter_scanned":0,"reason":null,"scan_cap":20000,"scanned":2,"skipped_duplicates":4,"soft_scanned":2,"stages":[{"stage":"soft","work":{"sql":{"fullscan_steps":0,"rows":2,"sorts":0,"statements":1,"vm_steps":29},"text":{"cache_hits":0,"legacy_auto_reads":0,"storage_reads":2,"utf8_bytes":66,"zstd_decodes":0}}},{"stage":"prefilter","work":{"sql":{"fullscan_steps":0,"rows":2,"sorts":1,"statements":1,"vm_steps":58},"text":{"cache_hits":0,"legacy_auto_reads":0,"storage_reads":0,"utf8_bytes":0,"zstd_decodes":0}}},{"stage":"fallback","work":{"sql":{"fullscan_steps":1,"rows":2,"sorts":0,"statements":1,"vm_steps":23},"text":{"cache_hits":0,"legacy_auto_reads":0,"storage_reads":0,"utf8_bytes":0,"zstd_decodes":0}}}],"status":"complete"},"lane_receipts":[{"candidate_count":1,"candidate_details_omitted":true,"coverage":{"complete":true,"examined":null,"scope":"hard_scope","total_lower_bound":1},"elapsed_us":2164,"lane_id":"exact_symbol","schema_version":1,"status":"complete","truncation_reason":null,"weight":1.1},{"candidate_count":1,"candidate_details_omitted":true,"coverage":{"complete":true,"examined":null,"scope":"hard_scope","total_lower_bound":1},"elapsed_us":277,"lane_id":"path","schema_version":1,"status":"complete","truncation_reason":null,"weight":1.0},{"candidate_count":2,"candidate_details_omitted":true,"coverage":{"complete":true,"examined":null,"scope":"hard_scope","total_lower_bound":2},"elapsed_us":172,"lane_id":"lexical","schema_version":1,"status":"complete","truncation_reason":null,"weight":1.1},{"candidate_count":2,"candidate_details_omitted":true,"coverage":{"complete":true,"examined":2,"scope":"hard_scope","total_lower_bound":2},"elapsed_us":1877,"lane_id":"grep","schema_version":1,"status":"complete","truncation_reason":null,"weight":0.8},{"candidate_count":2,"candidate_details_omitted":true,"coverage":{"complete":true,"examined":null,"scope":"hard_scope","total_lower_bound":2},"elapsed_us":1278,"lane_id":"graph","schema_version":1,"status":"complete","truncation_reason":null,"weight":0.6},{"candidate_count":0,"candidate_details_omitted":true,"coverage":{"complete":false,"examined":null,"scope":"hard_scope","total_lower_bound":0},"elapsed_us":119,"lane_id":"semantic","schema_version":1,"status":"unavailable","truncation_reason":"query_vector_not_encoded","weight":1.0}],"policy":{"deadline_ms":30000,"details_omitted":true,"effective":"auto","graph_source_mapping":"uid_byte_decl_docs;not_whole_body:v2","intent":"locate","lane_timeout_ms":20000,"path_source_domain":"canonical_scoped_exact_else_bounded_tokens;not_whole_body:v3","requested":"auto","semantic_state":"configured","semantic_timeout_ms":5000,"semantic_top_k":24,"version":"query-policy-local-semantic-canonical-path-domain-v4"},"scope":{"budget":{"exact_symbol_candidates":24,"grep_candidates":12,"grep_enabled":true,"grep_scan_cap":20000,"lexical_candidates":24,"path_candidates":24,"rerank_window":40,"top_k":10,"units":"chunks; grep_scan_cap=decompressions; scope_receipt_v1; not_total_cost"},"details_omitted":true,"hard":{"empty":false,"explicit_file_count":null,"languages":null,"path_prefix":null,"path_prefix_truncated":false,"semantics":"conjunctive_case_sensitive_repo_paths; explicit_empty_denies"},"ordering":["exact_identity_first","rerank_score_desc","chunk_id_asc"],"policy":"canonical-scoped-exact-path-domain-compact-context-budget-v22","schema_version":1,"soft":{"contributions":"score_trace=additive; stage_a_already_included; raw_hint_paths_omitted","hint_entries":{"overlay":0,"pinned":0,"recent":0,"working":0},"preselected_count":1,"role":"ranking_and_scan_priority_only"}}},"search_hits":2,"selection":{"facets":{"implementation":2},"input_candidates":2,"intent":"locate","intent_facet_anchors":{},"limit_omitted":0,"original_ranks":[1,2],"overlap":{"fully_covered_candidates":0,"input_bytes":66,"redundant_bytes":0,"unique_bytes":66},"requested_limit":10,"selected":2,"selected_overlap":{"fully_covered_candidates":0,"input_bytes":66,"redundant_bytes":0,"unique_bytes":66},"source_covered_omissions":0,"source_support_anchors":[],"source_support_scope":"cue_window:v1","spec":"anchored-facets-distinctive-source-union-v2","unmet_facets":[]},"source_freshness":{"budget_exhausted":false,"checked_files":1,"dense_manifest_fence":{"checked":0,"skip_disposition":"stale_publication_skipped","skipped":0},"generation":{"evidence_epoch":1,"incarnation":[8,9,171,148,50,68,161,185,174,107,143,92,228,42,92,214],"index_epoch":5,"semantic_epoch":null},"hydrator":"current-document-scope-source-generation-v1","omitted_files":{},"partial":false,"read_budget_charged":66,"scope":"disk_generation:v1","validation_work":{"candidate_projection_sql":{"fullscan_steps":0,"rows":2,"sorts":0,"statements":1,"vm_steps":76},"coverage":"current final-assembly attempt SELECTs for manifest, symbol identity and candidate projection; excludes prior attempts, transaction control, originating retrieval, generation, dense fence, graph and disk work; not total cost","schema_version":1,"source_records_sql":{"fullscan_steps":0,"rows":10,"sorts":0,"statements":9,"vm_steps":292}},"verified_hits":2}},"intent":"locate","invalidations":[],"machine_pack":{"hits":[{"breadcrumb":"needle","chunk_id":"chunk:needle.py:0","end_line":2,"file_path":"needle.py","fused_score":0.08989441930618403,"graph_score":0.07931471805599452,"grep_score":0.5,"lane":null,"language":"python","lexical_score":1.0,"metadata":{"details_omitted":true,"document":{"doc_key":"29b2fa88c6d6c8741c47ad873ba80a25c628b882a28ea3cfaa7fcc69e6982938","doc_version":"9ba68969fd43b00f97a9fade36d3cd19b8f57a4b7c6dffacb8c050c2e9b29f62","encoding_key":"78fc8c83484a6639e37e832f30a8eb8310c8ad26eada3a4ec3d936c1f152fede","entity_key":"16a369932cc2a7589f395b34b3b8def8bbad6a04e00672428487964152c26486"},"qname":"needle","source_evidence":{"boundary":"symbol","owner":{"end":28,"start":0},"signature":{"end":18,"start":0},"slice_digest":"c748e325d98b5f174763b313c05ece587900d99690eedbce11f75639788c6b8b","source":{"byte_len":66,"content_digest":"bdb975ad92107a0524d6a7c217816cd1e50bb1d97a36ef892318fbe837bf8857","encoding":"utf8","snapshot_id":"735799399424072b1b6cc95488ff63f55c094da4b32573a4555bf731c014f141"},"span":{"end":28,"start":0}},"source_freshness":{"disk_checked":true,"hydrator":"current-document-scope-source-generation-v1","status":"current_verified"}},"reasons":["exact-target","exact_symbol@1","path@1","lexical@1","grep@2","symbol-exact","fts-summary","path-token:needle","symbol:needle","preselect:fts-summary:+1.40","preselect:token-search:+3.00"],"rerank_score":0.8196888975800265,"score_trace":[["rrf:exact_symbol",0.021568627450980395],["rrf:path",0.0196078431372549],["rrf:lexical",0.021568627450980395],["rrf:grep",0.015384615384615385],["rrf:graph",0.011764705882352941],["overlap",0.35],["boost:symbol-exact",0.18],["boost:stage-a",0.17600006285704412],["boost:graph-rerank",0.023794415416798356]],"source":"index","start_line":1,"symbol_kind":"function","symbol_name":"needle","text":"def needle():\n    return 731"},{"breadcrumb":"neighbor","chunk_id":"chunk:needle.py:1","end_line":5,"file_path":"needle.py","fused_score":0.048378582202111615,"graph_score":0.06931471805599453,"grep_score":1.0,"lane":null,"language":"python","lexical_score":0.5,"metadata":{"details_omitted":true,"document":{"doc_key":"3fd56c438273f4e97d76268fc1e74f7bccba6b16d9f0ef414ca67b0829003e65","doc_version":"09f385ca69393d6173161facbcb1551167f9785fcdd2ccc650f1c531bc0259ed","encoding_key":"02118b2a2349b99c9efe9684d529683cd659e52f1e28e19c864bc915175c7693","entity_key":"f8d3da2a91268bb9b93e59ca9b06d751804a9221f3d218b5a8798fab2dc8e40d"},"qname":"neighbor","source_evidence":{"boundary":"symbol","owner":{"end":65,"start":30},"signature":{"end":50,"start":30},"slice_digest":"dec7813dc4d5e300de152b45e0cb2a89c688f0a75f1501c57aa7eb68130081dd","source":{"byte_len":66,"content_digest":"bdb975ad92107a0524d6a7c217816cd1e50bb1d97a36ef892318fbe837bf8857","encoding":"utf8","snapshot_id":"735799399424072b1b6cc95488ff63f55c094da4b32573a4555bf731c014f141"},"span":{"end":66,"start":28}},"source_freshness":{"disk_checked":true,"hydrator":"current-document-scope-source-generation-v1","status":"current_verified"}},"reasons":["lexical@2","grep@1","fts-summary","path-token:needle","symbol:needle","preselect:fts-summary:+1.40","preselect:token-search:+3.00"],"rerank_score":0.5951730604759541,"score_trace":[["rrf:lexical",0.021153846153846155],["rrf:grep",0.01568627450980392],["rrf:graph",0.011538461538461537],["overlap",0.35],["boost:stage-a",0.17600006285704412],["boost:graph-rerank",0.020794415416798356]],"source":"index","start_line":2,"symbol_kind":"function","symbol_name":"neighbor","text":"\n\ndef neighbor():\n    return needle()\n"}],"kind":"code_index_context","query":"needle","repo_size_tier":"Tiny","token_budget":4000,"top_k":10},"nodes":[{"backing_file_path":"needle.py","backing_source":null,"confidence":0.8,"depends_on":[],"end_line":2,"file_path":"needle.py","freshness":null,"invalidation_keys":[],"metadata":{"representation":"machine_hit_reference"},"node_id":"search:chunk:needle.py:0","node_type":"SEARCH_HIT","rank_explanation":null,"reasons":[],"relation":null,"role":"primary","score":0.8196888975800265,"source":"index","source_end_line":2,"source_start_line":1,"span_kind":"reference","start_line":1,"text":"","title":"needle.py needle:1-2","token_estimate":0},{"backing_file_path":"needle.py","backing_source":null,"confidence":0.8,"depends_on":[],"end_line":5,"file_path":"needle.py","freshness":null,"invalidation_keys":[],"metadata":{"representation":"machine_hit_reference"},"node_id":"search:chunk:needle.py:1","node_type":"SEARCH_HIT","rank_explanation":null,"reasons":[],"relation":null,"role":"primary","score":0.5951730604759541,"source":"index","source_end_line":5,"source_start_line":2,"span_kind":"reference","start_line":2,"text":"","title":"needle.py neighbor:2-5","token_estimate":0},{"backing_file_path":null,"backing_source":null,"confidence":1.0,"depends_on":[],"end_line":null,"file_path":"needle.py","freshness":null,"invalidation_keys":[],"metadata":null,"node_id":"graph:caller:uid:ed8e61924345e59a924de3bf","node_type":"CALL_EDGE","rank_explanation":null,"reasons":[],"relation":null,"role":"neighbor","score":0.0,"source":"graph","source_end_line":null,"source_start_line":null,"span_kind":null,"start_line":5,"text":"caller: neighbor → needle (needle.py:5)","title":"Caller: neighbor","token_estimate":10},{"backing_file_path":null,"backing_source":null,"confidence":1.0,"depends_on":[],"end_line":null,"file_path":"needle.py","freshness":null,"invalidation_keys":[],"metadata":null,"node_id":"graph:callee:uid:3732066f97516c2c2f8efb6e","node_type":"CALL_EDGE","rank_explanation":null,"reasons":[],"relation":null,"role":"neighbor","score":0.0,"source":"graph","source_end_line":null,"source_start_line":null,"span_kind":null,"start_line":5,"text":"callee: neighbor → needle (needle.py:5)","title":"Callee: needle","token_estimate":10}],"query":"needle","reasons":["hybrid search over code index","graph-enriched"],"rendered_prompt":"Complete source is in machine_pack.hits; references have no source body.","resolution_freshness":{"basis_epoch":null,"complete":true,"completed_files":0,"index_epoch":5,"reason":null,"retry":null,"root_count":0,"scope":"observed_resolution_invalidations","status":"ready"},"revision":0,"spans":[{"end_line":2,"file_path":"needle.py","label":"needle","node_id":"search:chunk:needle.py:0","start_line":1},{"end_line":5,"file_path":"needle.py","label":"neighbor","node_id":"search:chunk:needle.py:1","start_line":2}],"summary":"Found 2 indexed code result(s) across 1 file(s) for `needle`.","task":"needle","token_budget":4000,"token_estimate":3208},"tool":"context"}
V18_JSON {"args":{"full":true,"path":"/tmp/.tmpXVBPv4/project"},"result":{"build_explain":{"gate_decisions":[{"pass":"synthesis_round","reason":"both signatures changed","run":true},{"pass":"community","reason":"full rebuild","run":true},{"pass":"git_cochange","reason":"cache key unavailable","run":true},{"pass":"infra","reason":"signature algorithm changed","run":true},{"pass":"adr","reason":"no recorded signature","run":true}]},"chunk_policy":{"bytes":16384,"chars":16384,"estimated_tokens":4096,"lines":80,"merge_min_bytes":256},"chunks_total":2,"dirty_plan":{"dependency_sql":{"fullscan_steps":0,"rows":0,"sorts":0,"statements":0,"vm_steps":0},"file_budget":0,"parsed_files":1,"reasons":[],"rebased":false,"resumed":false,"selected_dependents":0},"document_changes":{"files_projected":1,"removed":0,"render_failed":0,"reusable_inputs":0,"unchanged":0,"upserted":2},"elapsed_ms":684,"files_added":1,"files_parsed":1,"files_removed":0,"files_scanned":1,"files_skipped":0,"files_updated":0,"parse_errors":[],"phase_timing":{"analysis_ms":7,"parse_ms":34,"postprocess_ms":2,"resolve_ms":0,"scan_diff_ms":5,"write_ms":162},"project_model":{"catalog_files":1,"changed_configs":[],"config_inputs":0,"config_parse_cache_hits":0,"config_reads":0,"config_root_probes":5,"config_roots":0,"diagnostics":[],"go_fact_cache_hits":0,"go_source_reads":0,"input_digest":"6608a5a5cd33639a82b1be8d943f3148241d6520b8e0d9930909feaaf0ec5b8c","inventory_source":"shared_walk","modes":[],"rust_fact_cache_hits":0,"rust_source_reads":0,"version":3},"public_surface_coverage":{"known":1,"known_empty":0,"parsed_files":1,"unknown":0,"unknown_reasons":{}},"resolution_coverage":{"ambiguous":0,"incomplete_files":0,"modules_ambiguous":0,"modules_external":0,"modules_resolved":0,"modules_unknown":0,"modules_unresolved":0,"modules_unsupported":0,"omitted_records":0,"packages_resolved":0,"processed_files":1,"resolved":2,"unresolved":0,"unsupported":0},"resolution_freshness":{"basis_epoch":null,"complete":true,"completed_files":0,"index_epoch":5,"reason":null,"retry":null,"root_count":0,"scope":"observed_resolution_invalidations","status":"ready"},"symbols_total":2,"used_parallel_parse":false},"tool":"index"}
V18_JSON {"args":{"aspect":"capabilities"},"result":{"capabilities":{"graph":true,"impact":true,"search":true},"has_index":true,"has_project":true,"indexed_files":1,"indexed_symbols":2,"resolution_freshness":{"basis_epoch":null,"complete":true,"completed_files":0,"index_epoch":5,"reason":null,"retry":null,"root_count":0,"scope":"observed_resolution_invalidations","status":"ready"},"retrieval":{"consistency":"point_in_time","default_effective_strategy":"auto","default_query_state":"available_with_per_query_checks","default_strategy":"auto","dense_desired":2,"dense_published":0,"dense_reason":"semantic_coverage_uncovered","dense_state":"partial","diagnostic_sources":{"build":"BuildExplain on index response","graph":"GraphExplain on query response","lanes":"evidence_summary.retrieval.lanes or lane_receipts","packing":"evidence_summary.packing","selection":"evidence_summary.selection","semantic":"evidence_summary.retrieval.semantic (dense lane receipt projection)","source":"evidence_summary.source_freshness"},"execution":{"async_admitted":0,"async_in_flight":0,"async_limit":8,"completed":0,"cpu_admitted":0,"cpu_in_flight":0,"cpu_limit":4,"queue_limit":32,"rejected":0},"execution_scope":"process_shared_not_project_local","generation":{"evidence_epoch":1,"incarnation":[119,90,153,27,70,84,111,130,198,217,146,220,220,120,137,90],"index_epoch":5,"semantic_epoch":null},"generation_scope":"observed_database_snapshot","identity_validation":"checked_at_observation_boundary","index_state":"available","local_state":"available","pin_scope":"owned_query_views_including_inflight_clones_not_request_count","query_coverage":{"scope":"per_query_not_global","state":"not_measured"},"query_encoding":{"configured_opt_in":false,"network_authorized":false,"reason":"query_network_opt_in_required","request_scope":"nonlocal_nonempty_only"},"query_pins":1,"resolution_freshness":{"basis_epoch":null,"complete":true,"completed_files":0,"index_epoch":5,"reason":null,"retry":null,"root_count":0,"scope":"observed_resolution_invalidations","status":"ready"},"semantic_active_space":"2eac300964ae66ba95651ecaa7c7c6aafb0c9aecbd8a130cfc50c030cd8688d4","semantic_failed":0,"semantic_pending":0,"semantic_state":"backfilling","service_state_scope":"process_observed_separately","spec":"retrieval-capabilities-v2"}},"tool":"status"}
[2m2026-10-08T03:53:38.023851Z[0m [32m INFO[0m [2mcc_db::index_db_rebuild[0m[2m:[0m full rebuild: writing data to temp database
[2m2026-10-08T03:53:38.026517Z[0m [32m INFO[0m [2mcc_db::index_db_rebuild[0m[2m:[0m full rebuild: recreating indexes
V18_JSON {"args":{"aspect":"capabilities"},"result":{"capabilities":{"graph":true,"impact":true,"search":true},"has_index":true,"has_project":true,"indexed_files":1,"indexed_symbols":2,"resolution_freshness":{"basis_epoch":null,"complete":true,"completed_files":0,"index_epoch":5,"reason":null,"retry":null,"root_count":0,"scope":"observed_resolution_invalidations","status":"ready"},"retrieval":{"consistency":"point_in_time","default_effective_strategy":"auto","default_query_state":"available_with_per_query_checks","default_strategy":"auto","dense_desired":2,"dense_published":0,"dense_reason":"semantic_coverage_uncovered","dense_state":"partial","diagnostic_sources":{"build":"BuildExplain on index response","graph":"GraphExplain on query response","lanes":"evidence_summary.retrieval.lanes or lane_receipts","packing":"evidence_summary.packing","selection":"evidence_summary.selection","semantic":"evidence_summary.retrieval.semantic (dense lane receipt projection)","source":"evidence_summary.source_freshness"},"execution":{"async_admitted":0,"async_in_flight":0,"async_limit":8,"completed":0,"cpu_admitted":0,"cpu_in_flight":0,"cpu_limit":4,"queue_limit":32,"rejected":0},"execution_scope":"process_shared_not_project_local","generation":{"evidence_epoch":1,"incarnation":[119,90,153,27,70,84,111,130,198,217,146,220,220,120,137,90],"index_epoch":5,"semantic_epoch":1},"generation_scope":"observed_database_snapshot","identity_validation":"checked_at_observation_boundary","index_state":"available","local_state":"available","pin_scope":"owned_query_views_including_inflight_clones_not_request_count","query_coverage":{"scope":"per_query_not_global","state":"not_measured"},"query_encoding":{"configured_opt_in":false,"network_authorized":false,"reason":"query_network_opt_in_required","request_scope":"nonlocal_nonempty_only"},"query_pins":1,"resolution_freshness":{"basis_epoch":null,"complete":true,"completed_files":0,"index_epoch":5,"reason":null,"retry":null,"root_count":0,"scope":"observed_resolution_invalidations","status":"ready"},"semantic_active_space":"2eac300964ae66ba95651ecaa7c7c6aafb0c9aecbd8a130cfc50c030cd8688d4","semantic_failed":0,"semantic_pending":2,"semantic_state":"backfilling","service_state_scope":"process_observed_separately","spec":"retrieval-capabilities-v2"}},"tool":"status"}
V18_JSON {"args":{"aspect":"capabilities"},"result":{"capabilities":{"graph":true,"impact":true,"search":true},"has_index":true,"has_project":true,"indexed_files":1,"indexed_symbols":2,"resolution_freshness":{"basis_epoch":null,"complete":true,"completed_files":0,"index_epoch":5,"reason":null,"retry":null,"root_count":0,"scope":"observed_resolution_invalidations","status":"ready"},"retrieval":{"consistency":"point_in_time","default_effective_strategy":"auto","default_query_state":"available_with_per_query_checks","default_strategy":"auto","dense_desired":2,"dense_published":0,"dense_reason":"semantic_coverage_uncovered","dense_state":"partial","diagnostic_sources":{"build":"BuildExplain on index response","graph":"GraphExplain on query response","lanes":"evidence_summary.retrieval.lanes or lane_receipts","packing":"evidence_summary.packing","selection":"evidence_summary.selection","semantic":"evidence_summary.retrieval.semantic (dense lane receipt projection)","source":"evidence_summary.source_freshness"},"execution":{"async_admitted":0,"async_in_flight":0,"async_limit":8,"completed":0,"cpu_admitted":0,"cpu_in_flight":0,"cpu_limit":4,"queue_limit":32,"rejected":0},"execution_scope":"process_shared_not_project_local","generation":{"evidence_epoch":1,"incarnation":[119,90,153,27,70,84,111,130,198,217,146,220,220,120,137,90],"index_epoch":5,"semantic_epoch":1},"generation_scope":"observed_database_snapshot","identity_validation":"checked_at_observation_boundary","index_state":"available","local_state":"available","pin_scope":"owned_query_views_including_inflight_clones_not_request_count","query_coverage":{"scope":"per_query_not_global","state":"not_measured"},"query_encoding":{"configured_opt_in":false,"network_authorized":false,"reason":"query_network_opt_in_required","request_scope":"nonlocal_nonempty_only"},"query_pins":1,"resolution_freshness":{"basis_epoch":null,"complete":true,"completed_files":0,"index_epoch":5,"reason":null,"retry":null,"root_count":0,"scope":"observed_resolution_invalidations","status":"ready"},"semantic_active_space":"2eac300964ae66ba95651ecaa7c7c6aafb0c9aecbd8a130cfc50c030cd8688d4","semantic_failed":0,"semantic_pending":2,"semantic_state":"backfilling","service_state_scope":"process_observed_separately","spec":"retrieval-capabilities-v2"}},"tool":"status"}
V18_JSON {"args":{"aspect":"capabilities"},"result":{"capabilities":{"graph":true,"impact":true,"search":true},"has_index":true,"has_project":true,"indexed_files":1,"indexed_symbols":2,"resolution_freshness":{"basis_epoch":null,"complete":true,"completed_files":0,"index_epoch":5,"reason":null,"retry":null,"root_count":0,"scope":"observed_resolution_invalidations","status":"ready"},"retrieval":{"consistency":"point_in_time","default_effective_strategy":"auto","default_query_state":"available_with_per_query_checks","default_strategy":"auto","dense_desired":2,"dense_published":0,"dense_reason":"semantic_coverage_uncovered","dense_state":"partial","diagnostic_sources":{"build":"BuildExplain on index response","graph":"GraphExplain on query response","lanes":"evidence_summary.retrieval.lanes or lane_receipts","packing":"evidence_summary.packing","selection":"evidence_summary.selection","semantic":"evidence_summary.retrieval.semantic (dense lane receipt projection)","source":"evidence_summary.source_freshness"},"execution":{"async_admitted":0,"async_in_flight":0,"async_limit":8,"completed":0,"cpu_admitted":0,"cpu_in_flight":0,"cpu_limit":4,"queue_limit":32,"rejected":0},"execution_scope":"process_shared_not_project_local","generation":{"evidence_epoch":1,"incarnation":[119,90,153,27,70,84,111,130,198,217,146,220,220,120,137,90],"index_epoch":5,"semantic_epoch":1},"generation_scope":"observed_database_snapshot","identity_validation":"checked_at_observation_boundary","index_state":"available","local_state":"available","pin_scope":"owned_query_views_including_inflight_clones_not_request_count","query_coverage":{"scope":"per_query_not_global","state":"not_measured"},"query_encoding":{"configured_opt_in":false,"network_authorized":false,"reason":"query_network_opt_in_required","request_scope":"nonlocal_nonempty_only"},"query_pins":1,"resolution_freshness":{"basis_epoch":null,"complete":true,"completed_files":0,"index_epoch":5,"reason":null,"retry":null,"root_count":0,"scope":"observed_resolution_invalidations","status":"ready"},"semantic_active_space":"2eac300964ae66ba95651ecaa7c7c6aafb0c9aecbd8a130cfc50c030cd8688d4","semantic_failed":0,"semantic_pending":2,"semantic_state":"backfilling","service_state_scope":"process_observed_separately","spec":"retrieval-capabilities-v2"}},"tool":"status"}
V18_JSON {"args":{"retrieval_strategy":"local","task":"needle"},"result":{"evidence_summary":{"files":["needle.py"],"graph_enrichment":{"callees_added":1,"callers_added":1,"symbols_resolved":2,"tests_found":0},"packing":{"compacted":true,"configured_max_bytes":18000,"continuation":"Use files region/expand on retained references; recheck source version.","limit_bytes":16000,"omitted_hits":0,"omitted_nodes":0,"original_hits":2,"original_nodes":4,"partial":false,"spec":"whole-json-intent-facets-source-support-before-incidental-v5","token_estimate_method":"ceil(serialized_utf8_bytes/4); not a tokenizer","used_bytes":12535},"retrieval":{"cost":{"coverage":"originating_work; full scope: retrieval-cost schema v1","fused_candidates":2,"hydrate_requested":2,"hydration":{"sql":{"fullscan_steps":0,"rows":10,"sorts":0,"statements":9,"vm_steps":386},"text":{"cache_hits":2,"legacy_auto_reads":0,"storage_reads":0,"utf8_bytes":66,"zstd_decodes":0}},"lane_candidates":{"exact_symbol":1,"graph":2,"grep":2,"lexical":2,"path":1},"lexical_sql":{"fullscan_steps":0,"rows":2,"sorts":1,"statements":1,"vm_steps":59},"schema_version":1},"grep":{"fallback_scanned":0,"prefilter_failed":false,"prefilter_scanned":0,"reason":null,"scan_cap":20000,"scanned":2,"skipped_duplicates":4,"soft_scanned":2,"stages":[{"stage":"soft","work":{"sql":{"fullscan_steps":0,"rows":2,"sorts":0,"statements":1,"vm_steps":29},"text":{"cache_hits":0,"legacy_auto_reads":0,"storage_reads":2,"utf8_bytes":66,"zstd_decodes":0}}},{"stage":"prefilter","work":{"sql":{"fullscan_steps":0,"rows":2,"sorts":1,"statements":1,"vm_steps":58},"text":{"cache_hits":0,"legacy_auto_reads":0,"storage_reads":0,"utf8_bytes":0,"zstd_decodes":0}}},{"stage":"fallback","work":{"sql":{"fullscan_steps":1,"rows":2,"sorts":0,"statements":1,"vm_steps":23},"text":{"cache_hits":0,"legacy_auto_reads":0,"storage_reads":0,"utf8_bytes":0,"zstd_decodes":0}}}],"status":"complete"},"lane_receipts":[{"candidate_count":1,"candidate_details_omitted":true,"coverage":{"complete":true,"examined":null,"scope":"hard_scope","total_lower_bound":1},"elapsed_us":2168,"lane_id":"exact_symbol","schema_version":1,"status":"complete","truncation_reason":null,"weight":1.1},{"candidate_count":1,"candidate_details_omitted":true,"coverage":{"complete":true,"examined":null,"scope":"hard_scope","total_lower_bound":1},"elapsed_us":308,"lane_id":"path","schema_version":1,"status":"complete","truncation_reason":null,"weight":1.0},{"candidate_count":2,"candidate_details_omitted":true,"coverage":{"complete":true,"examined":null,"scope":"hard_scope","total_lower_bound":2},"elapsed_us":256,"lane_id":"lexical","schema_version":1,"status":"complete","truncation_reason":null,"weight":1.1},{"candidate_count":2,"candidate_details_omitted":true,"coverage":{"complete":true,"examined":2,"scope":"hard_scope","total_lower_bound":2},"elapsed_us":1879,"lane_id":"grep","schema_version":1,"status":"complete","truncation_reason":null,"weight":0.8},{"candidate_count":2,"candidate_details_omitted":true,"coverage":{"complete":true,"examined":null,"scope":"hard_scope","total_lower_bound":2},"elapsed_us":1283,"lane_id":"graph","schema_version":1,"status":"complete","truncation_reason":null,"weight":0.6}],"policy":{"deadline_ms":30000,"details_omitted":true,"effective":"local","graph_source_mapping":"uid_byte_decl_docs;not_whole_body:v2","intent":"locate","lane_timeout_ms":20000,"path_source_domain":"canonical_scoped_exact_else_bounded_tokens;not_whole_body:v3","requested":"local","semantic_state":"disabled","semantic_timeout_ms":5000,"semantic_top_k":24,"version":"query-policy-local-semantic-canonical-path-domain-v4"},"scope":{"budget":{"exact_symbol_candidates":24,"grep_candidates":12,"grep_enabled":true,"grep_scan_cap":20000,"lexical_candidates":24,"path_candidates":24,"rerank_window":40,"top_k":10,"units":"chunks; grep_scan_cap=decompressions; scope_receipt_v1; not_total_cost"},"details_omitted":true,"hard":{"empty":false,"explicit_file_count":null,"languages":null,"path_prefix":null,"path_prefix_truncated":false,"semantics":"conjunctive_case_sensitive_repo_paths; explicit_empty_denies"},"ordering":["exact_identity_first","rerank_score_desc","chunk_id_asc"],"policy":"canonical-scoped-exact-path-domain-compact-context-budget-v22","schema_version":1,"soft":{"contributions":"score_trace=additive; stage_a_already_included; raw_hint_paths_omitted","hint_entries":{"overlay":0,"pinned":0,"recent":0,"working":0},"preselected_count":1,"role":"ranking_and_scan_priority_only"}}},"search_hits":2,"selection":{"facets":{"implementation":2},"input_candidates":2,"intent":"locate","intent_facet_anchors":{},"limit_omitted":0,"original_ranks":[1,2],"overlap":{"fully_covered_candidates":0,"input_bytes":66,"redundant_bytes":0,"unique_bytes":66},"requested_limit":10,"selected":2,"selected_overlap":{"fully_covered_candidates":0,"input_bytes":66,"redundant_bytes":0,"unique_bytes":66},"source_covered_omissions":0,"source_support_anchors":[],"source_support_scope":"cue_window:v1","spec":"anchored-facets-distinctive-source-union-v2","unmet_facets":[]},"source_freshness":{"budget_exhausted":false,"checked_files":1,"dense_manifest_fence":{"checked":0,"skip_disposition":"stale_publication_skipped","skipped":0},"generation":{"evidence_epoch":1,"incarnation":[8,9,171,148,50,68,161,185,174,107,143,92,228,42,92,214],"index_epoch":5,"semantic_epoch":null},"hydrator":"current-document-scope-source-generation-v1","omitted_files":{},"partial":false,"read_budget_charged":66,"scope":"disk_generation:v1","validation_work":{"candidate_projection_sql":{"fullscan_steps":0,"rows":2,"sorts":0,"statements":1,"vm_steps":76},"coverage":"current final-assembly attempt SELECTs for manifest, symbol identity and candidate projection; excludes prior attempts, transaction control, originating retrieval, generation, dense fence, graph and disk work; not total cost","schema_version":1,"source_records_sql":{"fullscan_steps":0,"rows":10,"sorts":0,"statements":9,"vm_steps":292}},"verified_hits":2}},"intent":"locate","invalidations":[],"machine_pack":{"hits":[{"breadcrumb":"needle","chunk_id":"chunk:needle.py:0","end_line":2,"file_path":"needle.py","fused_score":0.08989441930618403,"graph_score":0.07931471805599452,"grep_score":0.5,"lane":null,"language":"python","lexical_score":1.0,"metadata":{"details_omitted":true,"document":{"doc_key":"29b2fa88c6d6c8741c47ad873ba80a25c628b882a28ea3cfaa7fcc69e6982938","doc_version":"9ba68969fd43b00f97a9fade36d3cd19b8f57a4b7c6dffacb8c050c2e9b29f62","encoding_key":"78fc8c83484a6639e37e832f30a8eb8310c8ad26eada3a4ec3d936c1f152fede","entity_key":"16a369932cc2a7589f395b34b3b8def8bbad6a04e00672428487964152c26486"},"qname":"needle","source_evidence":{"boundary":"symbol","owner":{"end":28,"start":0},"signature":{"end":18,"start":0},"slice_digest":"c748e325d98b5f174763b313c05ece587900d99690eedbce11f75639788c6b8b","source":{"byte_len":66,"content_digest":"bdb975ad92107a0524d6a7c217816cd1e50bb1d97a36ef892318fbe837bf8857","encoding":"utf8","snapshot_id":"735799399424072b1b6cc95488ff63f55c094da4b32573a4555bf731c014f141"},"span":{"end":28,"start":0}},"source_freshness":{"disk_checked":true,"hydrator":"current-document-scope-source-generation-v1","status":"current_verified"}},"reasons":["exact-target","exact_symbol@1","path@1","lexical@1","grep@2","symbol-exact","fts-summary","path-token:needle","symbol:needle","preselect:fts-summary:+1.40","preselect:token-search:+3.00"],"rerank_score":0.8196888975800265,"score_trace":[["rrf:exact_symbol",0.021568627450980395],["rrf:path",0.0196078431372549],["rrf:lexical",0.021568627450980395],["rrf:grep",0.015384615384615385],["rrf:graph",0.011764705882352941],["overlap",0.35],["boost:symbol-exact",0.18],["boost:stage-a",0.17600006285704412],["boost:graph-rerank",0.023794415416798356]],"source":"index","start_line":1,"symbol_kind":"function","symbol_name":"needle","text":"def needle():\n    return 731"},{"breadcrumb":"neighbor","chunk_id":"chunk:needle.py:1","end_line":5,"file_path":"needle.py","fused_score":0.048378582202111615,"graph_score":0.06931471805599453,"grep_score":1.0,"lane":null,"language":"python","lexical_score":0.5,"metadata":{"details_omitted":true,"document":{"doc_key":"3fd56c438273f4e97d76268fc1e74f7bccba6b16d9f0ef414ca67b0829003e65","doc_version":"09f385ca69393d6173161facbcb1551167f9785fcdd2ccc650f1c531bc0259ed","encoding_key":"02118b2a2349b99c9efe9684d529683cd659e52f1e28e19c864bc915175c7693","entity_key":"f8d3da2a91268bb9b93e59ca9b06d751804a9221f3d218b5a8798fab2dc8e40d"},"qname":"neighbor","source_evidence":{"boundary":"symbol","owner":{"end":65,"start":30},"signature":{"end":50,"start":30},"slice_digest":"dec7813dc4d5e300de152b45e0cb2a89c688f0a75f1501c57aa7eb68130081dd","source":{"byte_len":66,"content_digest":"bdb975ad92107a0524d6a7c217816cd1e50bb1d97a36ef892318fbe837bf8857","encoding":"utf8","snapshot_id":"735799399424072b1b6cc95488ff63f55c094da4b32573a4555bf731c014f141"},"span":{"end":66,"start":28}},"source_freshness":{"disk_checked":true,"hydrator":"current-document-scope-source-generation-v1","status":"current_verified"}},"reasons":["lexical@2","grep@1","fts-summary","path-token:needle","symbol:needle","preselect:fts-summary:+1.40","preselect:token-search:+3.00"],"rerank_score":0.5951730604759541,"score_trace":[["rrf:lexical",0.021153846153846155],["rrf:grep",0.01568627450980392],["rrf:graph",0.011538461538461537],["overlap",0.35],["boost:stage-a",0.17600006285704412],["boost:graph-rerank",0.020794415416798356]],"source":"index","start_line":2,"symbol_kind":"function","symbol_name":"neighbor","text":"\n\ndef neighbor():\n    return needle()\n"}],"kind":"code_index_context","query":"needle","repo_size_tier":"Tiny","token_budget":4000,"top_k":10},"nodes":[{"backing_file_path":"needle.py","backing_source":null,"confidence":0.8,"depends_on":[],"end_line":2,"file_path":"needle.py","freshness":null,"invalidation_keys":[],"metadata":{"representation":"machine_hit_reference"},"node_id":"search:chunk:needle.py:0","node_type":"SEARCH_HIT","rank_explanation":null,"reasons":[],"relation":null,"role":"primary","score":0.8196888975800265,"source":"index","source_end_line":2,"source_start_line":1,"span_kind[2m2026-10-08T03:53:38.049694Z[0m [32m INFO[0m [2mcc_db::index_db_rebuild[0m[2m:[0m full rebuild: temp database ready for swap
":"reference","start_line":1,"text":"","title":"needle.py needle:1-2","token_estimate":0},{"backing_file_path":"needle.py","backing_source":null,"confidence":0.8,"depends_on":[],"end_line":5,"file_path":"needle.py","freshness":null,"invalidation_keys":[],"metadata":{"representation":"machine_hit_reference"},"node_id":"search:chunk:needle.py:1","node_type":"SEARCH_HIT","rank_explanation":null,"reasons":[],"relation":null,"role":"primary","score":0.5951730604759541,"source":"index","source_end_line":5,"source_start_line":2,"span_kind":"reference","start_line":2,"text":"","title":"needle.py neighbor:2-5","token_estimate":0},{"backing_file_path":null,"backing_source":null,"confidence":1.0,"depends_on":[],"end_line":null,"file_path":"needle.py","freshness":null,"invalidation_keys":[],"metadata":null,"node_id":"graph:caller:uid:ed8e61924345e59a924de3bf","node_type":"CALL_EDGE","rank_explanation":null,"reasons":[],"relation":null,"role":"neighbor","score":0.0,"source":"graph","source_end_line":null,"source_start_line":null,"span_kind":null,"start_line":5,"text":"caller: neighbor → needle (needle.py:5)","title":"Caller: neighbor","token_estimate":10},{"backing_file_path":null,"backing_source":null,"confidence":1.0,"depends_on":[],"end_line":null,"file_path":"needle.py","freshness":null,"invalidation_keys":[],"metadata":null,"node_id":"graph:callee:uid:3732066f97516c2c2f8efb6e","node_type":"CALL_EDGE","rank_explanation":null,"reasons":[],"relation":null,"role":"neighbor","score":0.0,"source":"graph","source_end_line":null,"source_start_line":null,"span_kind":null,"start_line":5,"text":"callee: neighbor → needle (needle.py:5)","title":"Callee: needle","token_estimate":10}],"query":"needle","reasons":["hybrid search over code index","graph-enriched"],"rendered_prompt":"Complete source is in machine_pack.hits; references have no source body.","resolution_freshness":{"basis_epoch":null,"complete":true,"completed_files":0,"index_epoch":5,"reason":null,"retry":null,"root_count":0,"scope":"observed_resolution_invalidations","status":"ready"},"revision":0,"spans":[{"end_line":2,"file_path":"needle.py","label":"needle","node_id":"search:chunk:needle.py:0","start_line":1},{"end_line":5,"file_path":"needle.py","label":"neighbor","node_id":"search:chunk:needle.py:1","start_line":2}],"summary":"Found 2 indexed code result(s) across 1 file(s) for `needle`.","task":"needle","token_budget":4000,"token_estimate":3134},"tool":"context"}
[2m2026-10-08T03:53:38.049853Z[0m [32m INFO[0m [2mcc_index::memory_budget[0m[2m:[0m memory budget initialized [3mtotal_ram_mb[0m[2m=[0m15989 [3mbudget_mb[0m[2m=[0m7994 [3mfraction[0m[2m=[0m0.5
V18_JSON {"args":{"aspect":"capabilities"},"result":{"capabilities":{"graph":true,"impact":true,"search":true},"has_index":true,"has_project":true,"indexed_files":1,"indexed_symbols":2,"resolution_freshness":{"basis_epoch":null,"complete":true,"completed_files":0,"index_epoch":5,"reason":null,"retry":null,"root_count":0,"scope":"observed_resolution_invalidations","status":"ready"},"retrieval":{"consistency":"point_in_time","default_effective_strategy":"semantic","default_query_state":"available_with_per_query_checks","default_strategy":"semantic","dense_reason":"semantic_no_active_space","dense_state":"disabled","diagnostic_sources":{"build":"BuildExplain on index response","graph":"GraphExplain on query response","lanes":"evidence_summary.retrieval.lanes or lane_receipts","packing":"evidence_summary.packing","selection":"evidence_summary.selection","semantic":"evidence_summary.retrieval.semantic (dense lane receipt projection)","source":"evidence_summary.source_freshness"},"execution":{"async_admitted":0,"async_in_flight":0,"async_limit":8,"completed":66,"cpu_admitted":0,"cpu_in_flight":0,"cpu_limit":4,"queue_limit":32,"rejected":0},"execution_scope":"process_shared_not_project_local","generation":{"evidence_epoch":1,"incarnation":[8,9,171,148,50,68,161,185,174,107,143,92,228,42,92,214],"index_epoch":5,"semantic_epoch":null},"generation_scope":"observed_database_snapshot","identity_validation":"checked_at_observation_boundary","index_state":"available","local_state":"available","pin_scope":"owned_query_views_including_inflight_clones_not_request_count","query_coverage":{"scope":"per_query_not_global","state":"not_measured"},"query_encoding":{"configured_opt_in":false,"network_authorized":false,"reason":"network_opt_in_required","request_scope":"nonlocal_nonempty_only"},"query_pins":0,"resolution_freshness":{"basis_epoch":null,"complete":true,"completed_files":0,"index_epoch":5,"reason":null,"retry":null,"root_count":0,"scope":"observed_resolution_invalidations","status":"ready"},"semantic_active_space":null,"semantic_state":"port_attached_unverified","service_state_scope":"process_observed_separately","spec":"retrieval-capabilities-v2"}},"tool":"status"}
[2m2026-10-08T03:53:38.052568Z[0m [32m INFO[0m [1mserve_inner[0m[2m:[0m [2mrmcp::service[0m[2m:[0m input stream terminated
[2m2026-10-08T03:53:38.052641Z[0m [32m INFO[0m [1mserve_inner[0m[2m:[0m [2mrmcp::service[0m[2m:[0m serve finished [3mquit_reason[0m[2m=[0mClosed
V18_JSON {"args":{"query":"needle"},"result":{"evidence_summary":{"files":["needle.py"],"graph_enrichment":{"callees_added":1,"callers_added":1,"symbols_resolved":2,"tests_found":0},"packing":{"compacted":true,"configured_max_bytes":18000,"continuation":"Use files region/expand on retained references; recheck source version.","limit_bytes":16000,"omitted_hits":0,"omitted_nodes":0,"original_hits":2,"original_nodes":4,"partial":false,"spec":"whole-json-intent-facets-source-support-before-incidental-v5","token_estimate_method":"ceil(serialized_utf8_bytes/4); not a tokenizer","used_bytes":12539},"retrieval":{"cost":{"coverage":"originating_work; full scope: retrieval-cost schema v1","fused_candidates":2,"hydrate_requested":2,"hydration":{"sql":{"fullscan_steps":0,"rows":10,"sorts":0,"statements":9,"vm_steps":386},"text":{"cache_hits":2,"legacy_auto_reads":0,"storage_reads":0,"utf8_bytes":66,"zstd_decodes":0}},"lane_candidates":{"exact_symbol":1,"graph":2,"grep":2,"lexical":2,"path":1},"lexical_sql":{"fullscan_steps":0,"rows":2,"sorts":1,"statements":1,"vm_steps":59},"schema_version":1},"grep":{"fallback_scanned":0,"prefilter_failed":false,"prefilter_scanned":0,"reason":null,"scan_cap":20000,"scanned":2,"skipped_duplicates":4,"soft_scanned":2,"stages":[{"stage":"soft","work":{"sql":{"fullscan_steps":0,"rows":2,"sorts":0,"statements":1,"vm_steps":29},"text":{"cache_hits":0,"legacy_auto_reads":0,"storage_reads":2,"utf8_bytes":66,"zstd_decodes":0}}},{"stage":"prefilter","work":{"sql":{"fullscan_steps":0,"rows":2,"sorts":1,"statements":1,"vm_steps":58},"text":{"cache_hits":0,"legacy_auto_reads":0,"storage_reads":0,"utf8_bytes":0,"zstd_decodes":0}}},{"stage":"fallback","work":{"sql":{"fullscan_steps":1,"rows":2,"sorts":0,"statements":1,"vm_steps":23},"text":{"cache_hits":0,"legacy_auto_reads":0,"storage_reads":0,"utf8_bytes":0,"zstd_decodes":0}}}],"status":"complete"},"lane_receipts":[{"candidate_count":1,"candidate_details_omitted":true,"coverage":{"complete":true,"examined":null,"scope":"hard_scope","total_lower_bound":1},"elapsed_us":317,"lane_id":"exact_symbol","schema_version":1,"status":"complete","truncation_reason":null,"weight":1.1},{"candidate_count":1,"candidate_details_omitted":true,"coverage":{"complete":true,"examined":null,"scope":"hard_scope","total_lower_bound":1},"elapsed_us":357,"lane_id":"path","schema_version":1,"status":"complete","truncation_reason":null,"weight":1.0},{"candidate_count":2,"candidate_details_omitted":true,"coverage":{"complete":true,"examined":null,"scope":"hard_scope","total_lower_bound":2},"elapsed_us":339,"lane_id":"lexical","schema_version":1,"status":"complete","truncation_reason":null,"weight":1.1},{"candidate_count":2,"candidate_details_omitted":true,"coverage":{"complete":true,"examined":2,"scope":"hard_scope","total_lower_bound":2},"elapsed_us":3551,"lane_id":"grep","schema_version":1,"status":"complete","truncation_reason":null,"weight":0.8},{"candidate_count":2,"candidate_details_omitted":true,"coverage":{"complete":true,"examined":null,"scope":"hard_scope","total_lower_bound":2},"elapsed_us":1419,"lane_id":"graph","schema_version":1,"status":"complete","truncation_reason":null,"weight":0.6}],"policy":{"deadline_ms":30000,"details_omitted":true,"effective":"local","graph_source_mapping":"uid_byte_decl_docs;not_whole_body:v2","intent":"locate","lane_timeout_ms":20000,"path_source_domain":"canonical_scoped_exact_else_bounded_tokens;not_whole_body:v3","requested":"local","semantic_state":"disabled","semantic_timeout_ms":5000,"semantic_top_k":24,"version":"query-policy-local-semantic-canonical-path-domain-v4"},"scope":{"budget":{"exact_symbol_candidates":24,"grep_candidates":12,"grep_enabled":true,"grep_scan_cap":20000,"lexical_candidates":24,"path_candidates":24,"rerank_window":40,"top_k":10,"units":"chunks; grep_scan_cap=decompressions; scope_receipt_v1; not_total_cost"},"details_omitted":true,"hard":{"empty":false,"explicit_file_count":null,"languages":null,"path_prefix":null,"path_prefix_truncated":false,"semantics":"conjunctive_case_sensitive_repo_paths; explicit_empty_denies"},"ordering":["exact_identity_first","rerank_score_desc","chunk_id_asc"],"policy":"canonical-scoped-exact-path-domain-compact-context-budget-v22","schema_version":1,"soft":{"contributions":"score_trace=additive; stage_a_already_included; raw_hint_paths_omitted","hint_entries":{"overlay":0,"pinned":0,"recent":0,"working":0},"preselected_count":1,"role":"ranking_and_scan_priority_only"}}},"search_hits":2,"selection":{"facets":{"implementation":2},"input_candidates":2,"intent":"locate","intent_facet_anchors":{},"limit_omitted":0,"original_ranks":[1,2],"overlap":{"fully_covered_candidates":0,"input_bytes":66,"redundant_bytes":0,"unique_bytes":66},"requested_limit":10,"selected":2,"selected_overlap":{"fully_covered_candidates":0,"input_bytes":66,"redundant_bytes":0,"unique_bytes":66},"source_covered_omissions":0,"source_support_anchors":[],"source_support_scope":"cue_window:v1","spec":"anchored-facets-distinctive-source-union-v2","unmet_facets":[]},"source_freshness":{"budget_exhausted":false,"checked_files":1,"dense_manifest_fence":{"checked":0,"skip_disposition":"stale_publication_skipped","skipped":0},"generation":{"evidence_epoch":1,"incarnation":[62,135,250,113,200,235,104,135,241,92,50,191,181,30,156,111],"index_epoch":5,"semantic_epoch":null},"hydrator":"current-document-scope-source-generation-v1","omitted_files":{},"partial":false,"read_budget_charged":66,"scope":"disk_generation:v1","validation_work":{"candidate_projection_sql":{"fullscan_steps":0,"rows":2,"sorts":0,"statements":1,"vm_steps":76},"coverage":"current final-assembly attempt SELECTs for manifest, symbol identity and candidate projection; excludes prior attempts, transaction control, originating retrieval, generation, dense fence, graph and disk work; not total cost","schema_version":1,"source_records_sql":{"fullscan_steps":0,"rows":10,"sorts":0,"statements":9,"vm_steps":292}},"verified_hits":2}},"intent":"locate","invalidations":[],"machine_pack":{"hits":[{"breadcrumb":"needle","chunk_id":"chunk:needle.py:0","end_line":2,"file_path":"needle.py","fused_score":0.08989441930618403,"graph_score":0.07931471805599452,"grep_score":0.5,"lane":null,"language":"python","lexical_score":1.0,"metadata":{"details_omitted":true,"document":{"doc_key":"29b2fa88c6d6c8741c47ad873ba80a25c628b882a28ea3cfaa7fcc69e6982938","doc_version":"9ba68969fd43b00f97a9fade36d3cd19b8f57a4b7c6dffacb8c050c2e9b29f62","encoding_key":"78fc8c83484a6639e37e832f30a8eb8310c8ad26eada3a4ec3d936c1f152fede","entity_key":"16a369932cc2a7589f395b34b3b8def8bbad6a04e00672428487964152c26486"},"qname":"needle","source_evidence":{"boundary":"symbol","owner":{"end":28,"start":0},"signature":{"end":18,"start":0},"slice_digest":"c748e325d98b5f174763b313c05ece587900d99690eedbce11f75639788c6b8b","source":{"byte_len":66,"content_digest":"bdb975ad92107a0524d6a7c217816cd1e50bb1d97a36ef892318fbe837bf8857","encoding":"utf8","snapshot_id":"735799399424072b1b6cc95488ff63f55c094da4b32573a4555bf731c014f141"},"span":{"end":28,"start":0}},"source_freshness":{"disk_checked":true,"hydrator":"current-document-scope-source-generation-v1","status":"current_verified"}},"reasons":["exact-target","exact_symbol@1","path@1","lexical@1","grep@2","symbol-exact","fts-summary","path-token:needle","symbol:needle","preselect:fts-summary:+1.40","preselect:token-search:+3.00"],"rerank_score":0.8196888975800265,"score_trace":[["rrf:exact_symbol",0.021568627450980395],["rrf:path",0.0196078431372549],["rrf:lexical",0.021568627450980395],["rrf:grep",0.015384615384615385],["rrf:graph",0.011764705882352941],["overlap",0.35],["boost:symbol-exact",0.18],["boost:stage-a",0.17600006285704412],["boost:graph-rerank",0.023794415416798356]],"source":"index","start_line":1,"symbol_kind":"function","symbol_name":"needle","text":"def needle():\n    return 731"},{"breadcrumb":"neighbor","chunk_id":"chunk:needle.py:1","end_line":5,"file_path":"needle.py","fused_score":0.048378582202111615,"graph_score":0.06931471805599453,"grep_score":1.0,"lane":null,"language":"python","lexical_score":0.5,"metadata":{"details_omitted":true,"document":{"doc_key":"3fd56c438273f4e97d76268fc1e74f7bccba6b16d9f0ef414ca67b0829003e65","doc_version":"09f385ca69393d6173161facbcb1551167f9785fcdd2ccc650f1c531bc0259ed","encoding_key":"02118b2a2349b99c9efe9684d529683cd659e52f1e28e19c864bc915175c7693","entity_key":"f8d3da2a91268bb9b93e59ca9b06d751804a9221f3d218b5a8798fab2dc8e40d"},"qname":"neighbor","source_evidence":{"boundary":"symbol","owner":{"end":65,"start":30},"signature":{"end":50,"start":30},"slice_digest":"dec7813dc4d5e300de152b45e0cb2a89c688f0a75f1501c57aa7eb68130081dd","source":{"byte_len":66,"content_digest":"bdb975ad92107a0524d6a7c217816cd1e50bb1d97a36ef892318fbe837bf8857","encoding":"utf8","snapshot_id":"735799399424072b1b6cc95488ff63f55c094da4b32573a4555bf731c014f141"},"span":{"end":66,"start":28}},"source_freshness":{"disk_checked":true,"hydrator":"current-document-scope-source-generation-v1","status":"current_verified"}},"reasons":["lexical@2","grep@1","fts-summary","path-token:needle","symbol:needle","preselect:fts-summary:+1.40","preselect:token-search:+3.00"],"rerank_score":0.5951730604759541,"score_trace":[["rrf:lexical",0.021153846153846155],["rrf:grep",0.01568627450980392],["rrf:graph",0.011538461538461537],["overlap",0.35],["boost:stage-a",0.17600006285704412],["boost:graph-rerank",0.020794415416798356]],"source":"index","start_line":2,"symbol_kind":"function","symbol_name":"neighbor","text":"\n\ndef neighbor():\n    return needle()\n"}],"kind":"code_index_context","query":"needle","repo_size_tier":"Tiny","token_budget":4000,"top_k":10},"nodes":[{"backing_file_path":"needle.py","backing_source":null,"confidence":0.8,"depends_on":[],"end_line":2,"file_path":"needle.py","freshness":null,"invalidation_keys":[],"metadata":{"representation":"machine_hit_reference"},"node_id":"search:chunk:needle.py:0","node_type":"SEARCH_HIT","rank_explanation":null,"reasons":[],"relation":null,"role":"primary","score":0.8196888975800265,"source":"index","source_end_line":2,"source_start_line":1,"span_kind":"reference","start_line":1,"text":"","title":"needle.py needle:1-2","token_estimate":0},{"backing_file_path":"needle.py","backing_source":null,"confidence":0.8,"depends_on":[],"end_line":5,"file_path":"needle.py","freshness":null,"invalidation_keys":[],"metadata":{"representation":"machine_hit_reference"},"node_id":"search:chunk:needle.py:1","node_type":"SEARCH_HIT","rank_explanation":null,"reasons":[],"relation":null,"role":"primary","score":0.5951730604759541,"source":"index","source_end_line":5,"source_start_line":2,"span_kind":"reference","start_line":2,"text":"","title":"needle.py neighbor:2-5","token_estimate":0},{"backing_file_path":null,"backing_source":null,"confidence":1.0,"depends_on":[],"end_line":null,"file_path":"needle.py","freshness":null,"invalidation_keys":[],"metadata":null,"node_id":"graph:caller:uid:ed8e61924345e59a924de3bf","node_type":"CALL_EDGE","rank_explanation":null,"reasons":[],"relation":null,"role":"neighbor","score":0.0,"source":"graph","source_end_line":null,"source_start_line":null,"span_kind":null,"start_line":5,"text":"caller: neighbor → needle (needle.py:5)","title":"Caller: neighbor","token_estimate":10},{"backing_file_path":null,"backing_source":null,"confidence":1.0,"depends_on":[],"end_line":null,"file_path":"needle.py","freshness":null,"invalidation_keys":[],"metadata":null,"node_id":"graph:callee:uid:3732066f97516c2c2f8efb6e","node_type":"CALL_EDGE","rank_explanation":null,"reasons":[],"relation":null,"role":"neighbor","score":0.0,"source":"graph","source_end_line":null,"source_start_line":null,"span_kind":null,"start_line":5,"text":"callee: neighbor → needle (needle.py:5)","title":"Callee: needle","token_estimate":10}],"query":"needle","reasons":["hybrid search over code index","graph-enriched"],"rendered_prompt":"Complete source is in machine_pack.hits; references have no source body.","resolution_freshness":{"basis_epoch":null,"complete":true,"completed_files":0,"index_epoch":5,"reason":null,"retry":null,"root_count":0,"scope":"observed_resolution_invalidations","status":"ready"},"revision":0,"spans":[{"end_line":2,"file_path":"needle.py","label":"needle","node_id":"search:chunk:needle.py:0","start_line":1},{"end_line":5,"file_path":"needle.py","label":"neighbor","node_id":"search:chunk:needle.py:1","start_line":2}],"summary":"Found 2 indexed code result(s) across 1 file(s) for `needle`.","task":"needle","token_budget":4000,"token_estimate":3135},"tool":"search"}
[2m2026-10-08T03:53:38.055486Z[0m [32m INFO[0m [2mcc_server::mcp[0m[2m:[0m MCP server shut down gracefully
V18_JSON {"args":{"aspect":"capabilities"},"result":{"capabilities":{"graph":true,"impact":true,"search":true},"has_index":true,"has_project":true,"indexed_files":1,"indexed_symbols":2,"resolution_freshness":{"basis_epoch":null,"complete":true,"completed_files":0,"index_epoch":5,"reason":null,"retry":null,"root_count":0,"scope":"observed_resolution_invalidations","status":"ready"},"retrieval":{"consistency":"point_in_time","default_effective_strategy":"auto","default_query_state":"available_with_per_query_checks","default_strategy":"auto","dense_desired":2,"dense_published":2,"dense_reason":null,"dense_state":"ready","diagnostic_sources":{"build":"BuildExplain on index response","graph":"GraphExplain on query response","lanes":"evidence_summary.retrieval.lanes or lane_receipts","packing":"evidence_summary.packing","selection":"evidence_summary.selection","semantic":"evidence_summary.retrieval.semantic (dense lane receipt projection)","source":"evidence_summary.source_freshness"},"execution":{"async_admitted":0,"async_in_flight":0,"async_limit":8,"completed":0,"cpu_admitted":0,"cpu_in_flight":0,"cpu_limit":4,"queue_limit":32,"rejected":0},"execution_scope":"process_shared_not_project_local","generation":{"evidence_epoch":1,"incarnation":[119,90,153,27,70,84,111,130,198,217,146,220,220,120,137,90],"index_epoch":5,"semantic_epoch":3},"generation_scope":"observed_database_snapshot","identity_validation":"checked_at_observation_boundary","index_state":"available","local_state":"available","pin_scope":"owned_query_views_including_inflight_clones_not_request_count","query_coverage":{"scope":"per_query_not_global","state":"not_measured"},"query_encoding":{"configured_opt_in":false,"network_authorized":false,"reason":"query_network_opt_in_required","request_scope":"nonlocal_nonempty_only"},"query_pins":1,"resolution_freshness":{"basis_epoch":null,"complete":true,"completed_files":0,"index_epoch":5,"reason":null,"retry":null,"root_count":0,"scope":"observed_resolution_invalidations","status":"ready"},"semantic_active_space":"2eac300964ae66ba95651ecaa7c7c6aafb0c9aecbd8a130cfc50c030cd8688d4","semantic_failed":0,"semantic_pending":0,"semantic_state":"ready","service_state_scope":"process_observed_separately","spec":"retrieval-capabilities-v2"}},"tool":"status"}
V18_JSON {"args":{"aspect":"capabilities"},"result":{"capabilities":{"graph":true,"impact":true,"search":true},"has_index":true,"has_project":true,"indexed_files":1,"indexed_symbols":2,"resolution_freshness":{"basis_epoch":null,"complete":true,"completed_files":0,"index_epoch":5,"reason":null,"retry":null,"root_count":0,"scope":"observed_resolution_invalidations","status":"ready"},"retrieval":{"consistency":"point_in_time","default_effective_strategy":"local","default_query_state":"available_with_per_query_checks","default_strategy":"local","dense_reason":"provider_and_vector_publication_not_implemented","dense_state":"disabled","diagnostic_sources":{"build":"BuildExplain on index response","graph":"GraphExplain on query response","lanes":"evidence_summary.retrieval.lanes or lane_receipts","packing":"evidence_summary.packing","selection":"evidence_summary.selection","semantic":"evidence_summary.retrieval.semantic (dense lane receipt projection)","source":"evidence_summary.source_freshness"},"execution":{"async_admitted":0,"async_in_flight":0,"async_limit":8,"completed":4,"cpu_admitted":0,"cpu_in_flight":0,"cpu_limit":4,"queue_limit":32,"rejected":0},"execution_scope":"process_shared_not_project_local","generation":{"evidence_epoch":1,"incarnation":[62,135,250,113,200,235,104,135,241,92,50,191,181,30,156,111],"index_epoch":5,"semantic_epoch":null},"generation_scope":"observed_database_snapshot","identity_validation":"checked_at_observation_boundary","index_state":"available","local_state":"available","pin_scope":"owned_query_views_including_inflight_clones_not_request_count","query_coverage":{"scope":"per_query_not_global","state":"not_measured"},"query_encoding":{"configured_opt_in":false,"network_authorized":false,"reason":"semantic_disabled","request_scope":"nonlocal_nonempty_only"},"query_pins":0,"resolution_freshness":{"basis_epoch":null,"complete":true,"completed_files":0,"index_epoch":5,"reason":null,"retry":null,"root_count":0,"scope":"observed_resolution_invalidations","status":"ready"},"semantic_active_space":null,"semantic_state":"not_configured","service_state_scope":"process_observed_separately","spec":"retrieval-capabilities-v2"}},"tool":"status"}
[2m2026-10-08T03:53:38.058402Z[0m [32m INFO[0m [2mcc_server::semantic_runtime[0m[2m:[0m semantic worker GC page completed [3mkept_fresh[0m[2m=[0m0 [3mkept_referenced[0m[2m=[0m2 [3mkept_live_task[0m[2m=[0m0 [3mdeleted_objects[0m[2m=[0m0 [3mdeleted_halves[0m[2m=[0m0 [3mdeleted_temps[0m[2m=[0m0 [3mpruned_dirs[0m[2m=[0m0 [3mexhausted[0m[2m=[0mtrue
[2m2026-10-08T03:53:38.058554Z[0m [32m INFO[0m [1mserve_inner[0m[2m:[0m [2mrmcp::service[0m[2m:[0m input stream terminated
[2m2026-10-08T03:53:38.058815Z[0m [32m INFO[0m [1mserve_inner[0m[2m:[0m [2mrmcp::service[0m[2m:[0m serve finished [3mquit_reason[0m[2m=[0mClosed
[2m2026-10-08T03:53:38.059041Z[0m [32m INFO[0m [2mcc_server::mcp[0m[2m:[0m MCP server shut down gracefully
test advertised_schema_keeps_fourteen_tools_and_optional_strategy_defaults ... ok
test enabled_semantic_strategy_reaches_real_wired_query_and_read_only_status ... ok
test query_network_contract::config_bool_is_default_false_and_rejects_non_boolean_values ... ok
[2m2026-10-08T03:53:38.076283Z[0m [32m INFO[0m [2mcc_index::memory_budget[0m[2m:[0m memory budget initialized [3mtotal_ram_mb[0m[2m=[0m15989 [3mbudget_mb[0m[2m=[0m7994 [3mfraction[0m[2m=[0m0.5
[2m2026-10-08T03:53:38.079897Z[0m [32m INFO[0m [2mcc_db::index_migrate[0m[2m:[0m initializing index schema [3mversion[0m[2m=[0m25
[2m2026-10-08T03:53:38.079980Z[0m [32m INFO[0m [2mcc_db::index_migrate[0m[2m:[0m initializing index schema [3mversion[0m[2m=[0m25
[2m2026-10-08T03:53:38.084550Z[0m [32m INFO[0m [2mcc_index::memory_budget[0m[2m:[0m memory budget initialized [3mtotal_ram_mb[0m[2m=[0m15989 [3mbudget_mb[0m[2m=[0m7994 [3mfraction[0m[2m=[0m0.5
V18_JSON {"args":{"full":true,"path":"/tmp/.tmp5qFCGf/project"},"result":{"build_explain":{"gate_decisions":[{"pass":"synthesis_round","reason":"both signatures changed","run":true},{"pass":"community","reason":"full rebuild","run":true},{"pass":"git_cochange","reason":"cache key unavailable","run":true},{"pass":"infra","reason":"signature algorithm changed","run":true},{"pass":"adr","reason":"no recorded signature","run":true}]},"chunk_policy":{"bytes":16384,"chars":16384,"estimated_tokens":4096,"lines":80,"merge_min_bytes":256},"chunks_total":2,"dirty_plan":{"dependency_sql":{"fullscan_steps":0,"rows":0,"sorts":0,"statements":0,"vm_steps":0},"file_budget":0,"parsed_files":1,"reasons":[],"rebased":false,"resumed":false,"selected_dependents":0},"document_changes":{"files_projected":1,"removed":0,"render_failed":0,"reusable_inputs":0,"unchanged":0,"upserted":2},"elapsed_ms":525,"files_added":1,"files_parsed":1,"files_removed":0,"files_scanned":1,"files_skipped":0,"files_updated":0,"parse_errors":[],"phase_timing":{"analysis_ms":5,"parse_ms":26,"postprocess_ms":2,"resolve_ms":0,"scan_diff_ms":4,"write_ms":26},"project_model":{"catalog_files":1,"changed_configs":[],"config_inputs":0,"config_parse_cache_hits":0,"config_reads":0,"config_root_probes":5,"config_roots":0,"diagnostics":[],"go_fact_cache_hits":0,"go_source_reads":0,"input_digest":"6608a5a5cd33639a82b1be8d943f3148241d6520b8e0d9930909feaaf0ec5b8c","inventory_source":"shared_walk","modes":[],"rust_fact_cache_hits":0,"rust_source_reads":0,"version":3},"public_surface_coverage":{"known":1,"known_empty":0,"parsed_files":1,"unknown":0,"unknown_reasons":{}},"resolution_coverage":{"ambiguous":0,"incomplete_files":0,"modules_ambiguous":0,"modules_external":0,"modules_resolved":0,"modules_unknown":0,"modules_unresolved":0,"modules_unsupported":0,"omitted_records":0,"packages_resolved":0,"processed_files":1,"resolved":2,"unresolved":0,"unsupported":0},"resolution_freshness":{"basis_epoch":null,"complete":true,"completed_files":0,"index_epoch":5,"reason":null,"retry":null,"root_count":0,"scope":"observed_resolution_invalidations","status":"ready"},"symbols_total":2,"used_parallel_parse":false},"tool":"index"}
V18_JSON {"args":{"aspect":"capabilities"},"result":{"capabilities":{"graph":true,"impact":true,"search":true},"has_index":true,"has_project":true,"indexed_files":1,"indexed_symbols":2,"resolution_freshness":{"basis_epoch":null,"complete":true,"completed_files":0,"index_epoch":5,"reason":null,"retry":null,"root_count":0,"scope":"observed_resolution_invalidations","status":"ready"},"retrieval":{"consistency":"point_in_time","default_effective_strategy":"local","default_query_state":"available_with_per_query_checks","default_strategy":"auto","dense_reason":"provider_and_vector_publication_not_implemented","dense_state":"disabled","diagnostic_sources":{"build":"BuildExplain on index response","graph":"GraphExplain on query response","lanes":"evidence_summary.retrieval.lanes or lane_receipts","packing":"evidence_summary.packing","selection":"evidence_summary.selection","semantic":"evidence_summary.retrieval.semantic (dense lane receipt projection)","source":"evidence_summary.source_freshness"},"execution":{"async_admitted":0,"async_in_flight":0,"async_limit":8,"completed":0,"cpu_admitted":0,"cpu_in_flight":0,"cpu_limit":4,"queue_limit":32,"rejected":0},"execution_scope":"process_shared_not_project_local","generation":{"evidence_epoch":1,"incarnation":[10,185,78,123,44,206,73,121,16,159,128,121,87,131,81,184],"index_epoch":5,"semantic_epoch":null},"generation_scope":"observed_database_snapshot","identity_validation":"checked_at_observation_boundary","index_state":"available","local_state":"available","pin_scope":"owned_query_views_including_inflight_clones_not_request_count","query_coverage":{"scope":"per_query_not_global","state":"not_measured"},"query_encoding":{"configured_opt_in":false,"network_authorized":false,"reason":"semantic_disabled","request_scope":"nonlocal_nonempty_only"},"query_pins":0,"resolution_freshness":{"basis_epoch":null,"complete":true,"completed_files":0,"index_epoch":5,"reason":null,"retry":null,"root_count":0,"scope":"observed_resolution_invalidations","status":"ready"},"semantic_active_space":null,"semantic_state":"not_configured","service_state_scope":"process_observed_separately","spec":"retrieval-capabilities-v2"}},"tool":"status"}
V18_JSON {"args":{"query":"needle","retrieval_strategy":"local"},"result":{"evidence_summary":{"files":["needle.py"],"graph_enrichment":{"callees_added":1,"callers_added":1,"symbols_resolved":2,"tests_found":0},"packing":{"compacted":true,"configured_max_bytes":18000,"continuation":"Use files region/expand on retained references; recheck source version.","limit_bytes":16000,"omitted_hits":0,"omitted_nodes":0,"original_hits":2,"original_nodes":4,"partial":false,"spec":"whole-json-intent-facets-source-support-before-incidental-v5","token_estimate_method":"ceil(serialized_utf8_bytes/4); not a tokenizer","used_bytes":12536},"retrieval":{"cost":{"coverage":"originating_work; full scope: retrieval-cost schema v1","fused_candidates":2,"hydrate_requested":2,"hydration":{"sql":{"fullscan_steps":0,"rows":10,"sorts":0,"statements":9,"vm_steps":386},"text":{"cache_hits":2,"legacy_auto_reads":0,"storage_reads":0,"utf8_bytes":66,"zstd_decodes":0}},"lane_candidates":{"exact_symbol":1,"graph":2,"grep":2,"lexical":2,"path":1},"lexical_sql":{"fullscan_steps":0,"rows":2,"sorts":1,"statements":1,"vm_steps":59},"schema_version":1},"grep":{"fallback_scanned":0,"prefilter_failed":false,"prefilter_scanned":0,"reason":null,"scan_cap":20000,"scanned":2,"skipped_duplicates":4,"soft_scanned":2,"stages":[{"stage":"soft","work":{"sql":{"fullscan_steps":0,"rows":2,"sorts":0,"statements":1,"vm_steps":29},"text":{"cache_hits":0,"legacy_auto_reads":0,"storage_reads":2,"utf8_bytes":66,"zstd_decodes":0}}},{"stage":"prefilter","work":{"sql":{"fullscan_steps":0,"rows":2,"sorts":1,"statements":1,"vm_steps":58},"text":{"cache_hits":0,"legacy_auto_reads":0,"storage_reads":0,"utf8_bytes":0,"zstd_decodes":0}}},{"stage":"fallback","work":{"sql":{"fullscan_steps":1,"rows":2,"sorts":0,"statements":1,"vm_steps":23},"text":{"cache_hits":0,"legacy_auto_reads":0,"storage_reads":0,"utf8_bytes":0,"zstd_decodes":0}}}],"status":"complete"},"lane_receipts":[{"candidate_count":1,"candidate_details_omitted":true,"coverage":{"complete":true,"examined":null,"scope":"hard_scope","total_lower_bound":1},"elapsed_us":2126,"lane_id":"exact_symbol","schema_version":1,"status":"complete","truncation_reason":null,"weight":1.1},{"candidate_count":1,"candidate_details_omitted":true,"coverage":{"complete":true,"examined":null,"scope":"hard_scope","total_lower_bound":1},"elapsed_us":432,"lane_id":"path","schema_version":1,"status":"complete","truncation_reason":null,"weight":1.0},{"candidate_count":2,"candidate_details_omitted":true,"coverage":{"complete":true,"examined":null,"scope":"hard_scope","total_lower_bound":2},"elapsed_us":353,"lane_id":"lexical","schema_version":1,"status":"complete","truncation_reason":null,"weight":1.1},{"candidate_count":2,"candidate_details_omitted":true,"coverage":{"complete":true,"examined":2,"scope":"hard_scope","total_lower_bound":2},"elapsed_us":2598,"lane_id":"grep","schema_version":1,"status":"complete","truncation_reason":null,"weight":0.8},{"candidate_count":2,"candidate_details_omitted":true,"coverage":{"complete":true,"examined":null,"scope":"hard_scope","total_lower_bound":2},"elapsed_us":2423,"lane_id":"graph","schema_version":1,"status":"complete","truncation_reason":null,"weight":0.6}],"policy":{"deadline_ms":30000,"details_omitted":true,"effective":"local","graph_source_mapping":"uid_byte_decl_docs;not_whole_body:v2","intent":"locate","lane_timeout_ms":20000,"path_source_domain":"canonical_scoped_exact_else_bounded_tokens;not_whole_body:v3","requested":"local","semantic_state":"disabled","semantic_timeout_ms":5000,"semantic_top_k":24,"version":"query-policy-local-semantic-canonical-path-domain-v4"},"scope":{"budget":{"exact_symbol_candidates":24,"grep_candidates":12,"grep_enabled":true,"grep_scan_cap":20000,"lexical_candidates":24,"path_candidates":24,"rerank_window":40,"top_k":10,"units":"chunks; grep_scan_cap=decompressions; scope_receipt_v1; not_total_cost"},"details_omitted":true,"hard":{"empty":false,"explicit_file_count":null,"languages":null,"path_prefix":null,"path_prefix_truncated":false,"semantics":"conjunctive_case_sensitive_repo_paths; explicit_empty_denies"},"ordering":["exact_identity_first","rerank_score_desc","chunk_id_asc"],"policy":"canonical-scoped-exact-path-domain-compact-context-budget-v22","schema_version":1,"soft":{"contributions":"score_trace=additive; stage_a_already_included; raw_hint_paths_omitted","hint_entries":{"overlay":0,"pinned":0,"recent":0,"working":0},"preselected_count":1,"role":"ranking_and_scan_priority_only"}}},"search_hits":2,"selection":{"facets":{"implementation":2},"input_candidates":2,"intent":"locate","intent_facet_anchors":{},"limit_omitted":0,"original_ranks":[1,2],"overlap":{"fully_covered_candidates":0,"input_bytes":66,"redundant_bytes":0,"unique_bytes":66},"requested_limit":10,"selected":2,"selected_overlap":{"fully_covered_candidates":0,"input_bytes":66,"redundant_bytes":0,"unique_bytes":66},"source_covered_omissions":0,"source_support_anchors":[],"source_support_scope":"cue_window:v1","spec":"anchored-facets-distinctive-source-union-v2","unmet_facets":[]},"source_freshness":{"budget_exhausted":false,"checked_files":1,"dense_manifest_fence":{"checked":0,"skip_disposition":"stale_publication_skipped","skipped":0},"generation":{"evidence_epoch":1,"incarnation":[119,90,153,27,70,84,111,130,198,217,146,220,220,120,137,90],"index_epoch":5,"semantic_epoch":3},"hydrator":"current-document-scope-source-generation-v1","omitted_files":{},"partial":false,"read_budget_charged":66,"scope":"disk_generation:v1","validation_work":{"candidate_projection_sql":{"fullscan_steps":0,"rows":2,"sorts":0,"statements":1,"vm_steps":76},"coverage":"current final-assembly attempt SELECTs for manifest, symbol identity and candidate projection; excludes prior attempts, transaction control, originating retrieval, generation, dense fence, graph and disk work; not total cost","schema_version":1,"source_records_sql":{"fullscan_steps":0,"rows":10,"sorts":0,"statements":9,"vm_steps":292}},"verified_hits":2}},"intent":"locate","invalidations":[],"machine_pack":{"hits":[{"breadcrumb":"needle","chunk_id":"chunk:needle.py:0","end_line":2,"file_path":"needle.py","fused_score":0.08989441930618403,"graph_score":0.07931471805599452,"grep_score":0.5,"lane":null,"language":"python","lexical_score":1.0,"metadata":{"details_omitted":true,"document":{"doc_key":"29b2fa88c6d6c8741c47ad873ba80a25c628b882a28ea3cfaa7fcc69e6982938","doc_version":"9ba68969fd43b00f97a9fade36d3cd19b8f57a4b7c6dffacb8c050c2e9b29f62","encoding_key":"78fc8c83484a6639e37e832f30a8eb8310c8ad26eada3a4ec3d936c1f152fede","entity_key":"16a369932cc2a7589f395b34b3b8def8bbad6a04e00672428487964152c26486"},"qname":"needle","source_evidence":{"boundary":"symbol","owner":{"end":28,"start":0},"signature":{"end":18,"start":0},"slice_digest":"c748e325d98b5f174763b313c05ece587900d99690eedbce11f75639788c6b8b","source":{"byte_len":66,"content_digest":"bdb975ad92107a0524d6a7c217816cd1e50bb1d97a36ef892318fbe837bf8857","encoding":"utf8","snapshot_id":"735799399424072b1b6cc95488ff63f55c094da4b32573a4555bf731c014f141"},"span":{"end":28,"start":0}},"source_freshness":{"disk_checked":true,"hydrator":"current-document-scope-source-generation-v1","status":"current_verified"}},"reasons":["exact-target","exact_symbol@1","path@1","lexical@1","grep@2","symbol-exact","fts-summary","path-token:needle","symbol:needle","preselect:fts-summary:+1.40","preselect:token-search:+3.00"],"rerank_score":0.8196888975800265,"score_trace":[["rrf:exact_symbol",0.021568627450980395],["rrf:path",0.0196078431372549],["rrf:lexical",0.021568627450980395],["rrf:grep",0.015384615384615385],["rrf:graph",0.011764705882352941],["overlap",0.35],["boost:symbol-exact",0.18],["boost:stage-a",0.17600006285704412],["boost:graph-rerank",0.023794415416798356]],"source":"index","start_line":1,"symbol_kind":"function","symbol_name":"needle","text":"def needle():\n    return 731"},{"breadcrumb":"neighbor","chunk_id":"chunk:needle.py:1","end_line":5,"file_path":"needle.py","fused_score":0.048378582202111615,"graph_score":0.06931471805599453,"grep_score":1.0,"lane":null,"language":"python","lexical_score":0.5,"metadata":{"details_omitted":true,"document":{"doc_key":"3fd56c438273f4e97d76268fc1e74f7bccba6b16d9f0ef414ca67b0829003e65","doc_version":"09f385ca69393d6173161facbcb1551167f9785fcdd2ccc650f1c531bc0259ed","encoding_key":"02118b2a2349b99c9efe9684d529683cd659e52f1e28e19c864bc915175c7693","entity_key":"f8d3da2a91268bb9b93e59ca9b06d751804a9221f3d218b5a8798fab2dc8e40d"},"qname":"neighbor","source_evidence":{"boundary":"symbol","owner":{"end":65,"start":30},"signature":{"end":50,"start":30},"slice_digest":"dec7813dc4d5e300de152b45e0cb2a89c688f0a75f1501c57aa7eb68130081dd","source":{"byte_len":66,"content_digest":"bdb975ad92107a0524d6a7c217816cd1e50bb1d97a36ef892318fbe837bf8857","encoding":"utf8","snapshot_id":"735799399424072b1b6cc95488ff63f55c094da4b32573a4555bf731c014f141"},"span":{"end":66,"start":28}},"source_freshness":{"disk_checked":true,"hydrator":"current-document-scope-source-generation-v1","status":"current_verified"}},"reasons":["lexical@2","grep@1","fts-summary","path-token:needle","symbol:needle","preselect:fts-summary:+1.40","preselect:token-search:+3.00"],"rerank_score":0.5951730604759541,"score_trace":[["rrf:lexical",0.021153846153846155],["rrf:grep",0.01568627450980392],["rrf:graph",0.011538461538461537],["overlap",0.35],["boost:stage-a",0.17600006285704412],["boost:graph-rerank",0.020794415416798356]],"source":"index","start_line":2,"symbol_kind":"function","symbol_name":"neighbor","text":"\n\ndef neighbor():\n    return needle()\n"}],"kind":"code_index_context","query":"needle","repo_size_tier":"Tiny","token_budget":4000,"top_k":10},"nodes":[{"backing_file_path":"needle.py","backing_source":null,"confidence":0.8,"depends_on":[],"end_line":2,"file_path":"needle.py","freshness":null,"invalidation_keys":[],"metadata":{"representation":"machine_hit_reference"},"node_id":"search:chunk:needle.py:0","node_type":"SEARCH_HIT","rank_explanation":null,"reasons":[],"relation":null,"role":"primary","score":0.8196888975800265,"source":"index","source_end_line":2,"source_start_line":1,"span_kind":"reference","start_line":1,"text":"","title":"needle.py needle:1-2","token_estimate":0},{"backing_file_path":"needle.py","backing_source":null,"confidence":0.8,"depends_on":[],"end_line":5,"file_path":"needle.py","freshness":null,"invalidation_keys":[],"metadata":{"representation":"machine_hit_reference"},"node_id":"search:chunk:needle.py:1","node_type":"SEARCH_HIT","rank_explanation":null,"reasons":[],"relation":null,"role":"primary","score":0.5951730604759541,"source":"index","source_end_line":5,"source_start_line":2,"span_kind":"reference","start_line":2,"text":"","title":"needle.py neighbor:2-5","token_estimate":0},{"backing_file_path":null,"backing_source":null,"confidence":1.0,"depends_on":[],"end_line":null,"file_path":"needle.py","freshness":null,"invalidation_keys":[],"metadata":null,"node_id":"graph:caller:uid:ed8e61924345e59a924de3bf","node_type":"CALL_EDGE","rank_explanation":null,"reasons":[],"relation":null,"role":"neighbor","score":0.0,"source":"graph","source_end_line":null,"source_start_line":null,"span_kind":null,"start_line":5,"text":"caller: neighbor → needle (needle.py:5)","title":"Caller: neighbor","token_estimate":10},{"backing_file_path":null,"backing_source":null,"confidence":1.0,"depends_on":[],"end_line":null,"file_path":"needle.py","freshness":null,"invalidation_keys":[],"metadata":null,"node_id":"graph:callee:uid:3732066f97516c2c2f8efb6e","node_type":"CALL_EDGE","rank_explanation":null,"reasons":[],"relation":null,"role":"neighbor","score":0.0,"source":"graph","source_end_line":null,"source_start_line":null,"span_kind":null,"start_line":5,"text":"callee: neighbor → needle (needle.py:5)","title":"Callee: needle","token_estimate":10}],"query":"needle","reasons":["hybrid search over code index","graph-enriched"],"rendered_prompt":"Complete source is in machine_pack.hits; references have no source body.","resolution_freshness":{"basis_epoch":null,"complete":true,"completed_files":0,"index_epoch":5,"reason":null,"retry":null,"root_count":0,"scope":"observed_resolution_invalidations","status":"ready"},"revision":0,"spans":[{"end_line":2,"file_path":"needle.py","label":"needle","node_id":"search:chunk:needle.py:0","start_line":1},{"end_line":5,"file_path":"needle.py","label":"neighbor","node_id":"search:chunk:needle.py:1","start_line":2}],"summary":"Found 2 indexed code result(s) across 1 file(s) for `needle`.","task":"needle","token_budget":4000,"token_estimate":3134},"tool":"search"}
[2m2026-10-08T03:53:38.098905Z[0m [32m INFO[0m [1mserve_inner[0m[2m:[0m [2mrmcp::service[0m[2m:[0m Service initialized as server [3mpeer_info[0m[2m=[0mSome(InitializeRequestParams { meta: None, protocol_version: ProtocolVersion("2025-11-25"), capabilities: ClientCapabilities { experimental: None, extensions: None, roots: None, sampling: None, elicitation: None, tasks: None }, client_info: Implementation { name: "rmcp", title: None, version: "2.2.0", description: None, icons: None, website_url: None } })
[2m2026-10-08T03:53:38.098955Z[0m [32m INFO[0m [2mcc_server::mcp[0m[2m:[0m MCP server started on stdio
[2m2026-10-08T03:53:38.101914Z[0m [32m INFO[0m [1mserve_inner[0m[2m:[0m [2mrmcp::service[0m[2m:[0m received notification [3mnotification[0m[2m=[0mInitializedNotification(NotificationNoParam { method: InitializedNotificationMethod, extensions: Extensions })
[2m2026-10-08T03:53:38.102278Z[0m [32m INFO[0m [1mserve_inner[0m[2m:[0m [2mrmcp::handler::server[0m[2m:[0m client initialized
[2m2026-10-08T03:53:38.103345Z[0m [32m INFO[0m [2mcc_index::memory_budget[0m[2m:[0m memory budget initialized [3mtotal_ram_mb[0m[2m=[0m15989 [3mbudget_mb[0m[2m=[0m7994 [3mfraction[0m[2m=[0m0.5
[2m2026-10-08T03:53:38.118528Z[0m [32m INFO[0m [1mserve_inner[0m[2m:[0m [2mrmcp::service[0m[2m:[0m Service initialized as server [3mpeer_info[0m[2m=[0mSome(InitializeRequestParams { meta: None, protocol_version: ProtocolVersion("2025-11-25"), capabilities: ClientCapabilities { experimental: None, extensions: None, roots: None, sampling: None, elicitation: None, tasks: None }, client_info: Implementation { name: "rmcp", title: None, version: "2.2.0", description: None, icons: None, website_url: None } })
[2m2026-10-08T03:53:38.118593Z[0m [32m INFO[0m [2mcc_server::mcp[0m[2m:[0m MCP server started on stdio
[2m2026-10-08T03:53:38.118761Z[0m [32m INFO[0m [1mserve_inner[0m[2m:[0m [2mrmcp::service[0m[2m:[0m received notification [3mnotification[0m[2m=[0mInitializedNotification(NotificationNoParam { method: InitializedNotificationMethod, extensions: Extensions })
[2m2026-10-08T03:53:38.118963Z[0m [32m INFO[0m [1mserve_inner[0m[2m:[0m [2mrmcp::handler::server[0m[2m:[0m client initialized
[2m2026-10-08T03:53:38.119544Z[0m [32m INFO[0m [2mcc_index::memory_budget[0m[2m:[0m memory budget initialized [3mtotal_ram_mb[0m[2m=[0m15989 [3mbudget_mb[0m[2m=[0m7994 [3mfraction[0m[2m=[0m0.5
V18_JSON {"args":{"query":"needle","retrieval_strategy":"auto"},"result":{"evidence_summary":{"files":["needle.py"],"graph_enrichment":{"callees_added":1,"callers_added":1,"symbols_resolved":2,"tests_found":0},"packing":{"compacted":true,"configured_max_bytes":18000,"continuation":"Use files region/expand on retained references; recheck source version.","limit_bytes":16000,"omitted_hits":0,"omitted_nodes":0,"original_hits":2,"original_nodes":4,"partial":false,"spec":"whole-json-intent-facets-source-support-before-incidental-v5","token_estimate_method":"ceil(serialized_utf8_bytes/4); not a tokenizer","used_bytes":12832},"retrieval":{"cost":{"coverage":"originating_work; full scope: retrieval-cost schema v1","fused_candidates":2,"hydrate_requested":2,"hydration":{"sql":{"fullscan_steps":0,"rows":10,"sorts":0,"statements":9,"vm_steps":386},"text":{"cache_hits":2,"legacy_auto_reads":0,"storage_reads":0,"utf8_bytes":66,"zstd_decodes":0}},"lane_candidates":{"exact_symbol":1,"graph":2,"grep":2,"lexical":2,"path":1,"semantic":0},"lexical_sql":{"fullscan_steps":0,"rows":2,"sorts":1,"statements":1,"vm_steps":59},"schema_version":1},"grep":{"fallback_scanned":0,"prefilter_failed":false,"prefilter_scanned":0,"reason":null,"scan_cap":20000,"scanned":2,"skipped_duplicates":4,"soft_scanned":2,"stages":[{"stage":"soft","work":{"sql":{"fullscan_steps":0,"rows":2,"sorts":0,"statements":1,"vm_steps":29},"text":{"cache_hits":0,"legacy_auto_reads":0,"storage_reads":2,"utf8_bytes":66,"zstd_decodes":0}}},{"stage":"prefilter","work":{"sql":{"fullscan_steps":0,"rows":2,"sorts":1,"statements":1,"vm_steps":58},"text":{"cache_hits":0,"legacy_auto_reads":0,"storage_reads":0,"utf8_bytes":0,"zstd_decodes":0}}},{"stage":"fallback","work":{"sql":{"fullscan_steps":1,"rows":2,"sorts":0,"statements":1,"vm_steps":23},"text":{"cache_hits":0,"legacy_auto_reads":0,"storage_reads":0,"utf8_bytes":0,"zstd_decodes":0}}}],"status":"complete"},"lane_receipts":[{"candidate_count":1,"candidate_details_omitted":true,"coverage":{"complete":true,"examined":null,"scope":"hard_scope","total_lower_bound":1},"elapsed_us":275,"lane_id":"exact_symbol","schema_version":1,"status":"complete","truncation_reason":null,"weight":1.1},{"candidate_count":1,"candidate_details_omitted":true,"coverage":{"complete":true,"examined":null,"scope":"hard_scope","total_lower_bound":1},"elapsed_us":286,"lane_id":"path","schema_version":1,"status":"complete","truncation_reason":null,"weight":1.0},{"candidate_count":2,"candidate_details_omitted":true,"coverage":{"complete":true,"examined":null,"scope":"hard_scope","total_lower_bound":2},"elapsed_us":153,"lane_id":"lexical","schema_version":1,"status":"complete","truncation_reason":null,"weight":1.1},{"candidate_count":2,"candidate_details_omitted":true,"coverage":{"complete":true,"examined":2,"scope":"hard_scope","total_lower_bound":2},"elapsed_us":2644,"lane_id":"grep","schema_version":1,"status":"complete","truncation_reason":null,"weight":0.8},{"candidate_count":2,"candidate_details_omitted":true,"coverage":{"complete":true,"examined":null,"scope":"hard_scope","total_lower_bound":2},"elapsed_us":1393,"lane_id":"graph","schema_version":1,"status":"complete","truncation_reason":null,"weight":0.6},{"candidate_count":0,"candidate_details_omitted":true,"coverage":{"complete":false,"examined":null,"scope":"hard_scope","total_lower_bound":0},"elapsed_us":273,"lane_id":"semantic","schema_version":1,"status":"unavailable","truncation_reason":"query_vector_not_encoded","weight":1.0}],"policy":{"deadline_ms":30000,"details_omitted":true,"effective":"auto","graph_source_mapping":"uid_byte_decl_docs;not_whole_body:v2","intent":"locate","lane_timeout_ms":20000,"path_source_domain":"canonical_scoped_exact_else_bounded_tokens;not_whole_body:v3","requested":"auto","semantic_state":"configured","semantic_timeout_ms":5000,"semantic_top_k":24,"version":"query-policy-local-semantic-canonical-path-domain-v4"},"scope":{"budget":{"exact_symbol_candidates":24,"grep_candidates":12,"grep_enabled":true,"grep_scan_cap":20000,"lexical_candidates":24,"path_candidates":24,"rerank_window":40,"top_k":10,"units":"chunks; grep_scan_cap=decompressions; scope_receipt_v1; not_total_cost"},"details_omitted":true,"hard":{"empty":false,"explicit_file_count":null,"languages":null,"path_prefix":null,"path_prefix_truncated":false,"semantics":"conjunctive_case_sensitive_repo_paths; explicit_empty_denies"},"ordering":["exact_identity_first","rerank_score_desc","chunk_id_asc"],"policy":"canonical-scoped-exact-path-domain-compact-context-budget-v22","schema_version":1,"soft":{"contributions":"score_trace=additive; stage_a_already_included; raw_hint_paths_omitted","hint_entries":{"overlay":0,"pinned":0,"recent":0,"working":0},"preselected_count":1,"role":"ranking_and_scan_priority_only"}}},"search_hits":2,"selection":{"facets":{"implementation":2},"input_candidates":2,"intent":"locate","intent_facet_anchors":{},"limit_omitted":0,"original_ranks":[1,2],"overlap":{"fully_covered_candidates":0,"input_bytes":66,"redundant_bytes":0,"unique_bytes":66},"requested_limit":10,"selected":2,"selected_overlap":{"fully_covered_candidates":0,"input_bytes":66,"redundant_bytes":0,"unique_bytes":66},"source_covered_omissions":0,"source_support_anchors":[],"source_support_scope":"cue_window:v1","spec":"anchored-facets-distinctive-source-union-v2","unmet_facets":[]},"source_freshness":{"budget_exhausted":false,"checked_files":1,"dense_manifest_fence":{"checked":0,"skip_disposition":"stale_publication_skipped","skipped":0},"generation":{"evidence_epoch":1,"incarnation":[119,90,153,27,70,84,111,130,198,217,146,220,220,120,137,90],"index_epoch":5,"semantic_epoch":3},"hydrator":"current-document-scope-source-generation-v1","omitted_files":{},"partial":false,"read_budget_charged":66,"scope":"disk_generation:v1","validation_work":{"candidate_projection_sql":{"fullscan_steps":0,"rows":2,"sorts":0,"statements":1,"vm_steps":76},"coverage":"current final-assembly attempt SELECTs for manifest, symbol identity and candidate projection; excludes prior attempts, transaction control, originating retrieval, generation, dense fence, graph and disk work; not total cost","schema_version":1,"source_records_sql":{"fullscan_steps":0,"rows":10,"sorts":0,"statements":9,"vm_steps":292}},"verified_hits":2}},"intent":"locate","invalidations":[],"machine_pack":{"hits":[{"breadcrumb":"needle","chunk_id":"chunk:needle.py:0","end_line":2,"file_path":"needle.py","fused_score":0.08989441930618403,"graph_score":0.07931471805599452,"grep_score":0.5,"lane":null,"language":"python","lexical_score":1.0,"metadata":{"details_omitted":true,"document":{"doc_key":"29b2fa88c6d6c8741c47ad873ba80a25c628b882a28ea3cfaa7fcc69e6982938","doc_version":"9ba68969fd43b00f97a9fade36d3cd19b8f57a4b7c6dffacb8c050c2e9b29f62","encoding_key":"78fc8c83484a6639e37e832f30a8eb8310c8ad26eada3a4ec3d936c1f152fede","entity_key":"16a369932cc2a7589f395b34b3b8def8bbad6a04e00672428487964152c26486"},"qname":"needle","source_evidence":{"boundary":"symbol","owner":{"end":28,"start":0},"signature":{"end":18,"start":0},"slice_digest":"c748e325d98b5f174763b313c05ece587900d99690eedbce11f75639788c6b8b","source":{"byte_len":66,"content_digest":"bdb975ad92107a0524d6a7c217816cd1e50bb1d97a36ef892318fbe837bf8857","encoding":"utf8","snapshot_id":"735799399424072b1b6cc95488ff63f55c094da4b32573a4555bf731c014f141"},"span":{"end":28,"start":0}},"source_freshness":{"disk_checked":true,"hydrator":"current-document-scope-source-generation-v1","status":"current_verified"}},"reasons":["exact-target","exact_symbol@1","path@1","lexical@1","grep@2","symbol-exact","fts-summary","path-token:needle","symbol:needle","preselect:fts-summary:+1.40","preselect:token-search:+3.00"],"rerank_score":0.8196888975800265,"score_trace":[["rrf:exact_symbol",0.021568627450980395],["rrf:path",0.0196078431372549],["rrf:lexical",0.021568627450980395],["rrf:grep",0.015384615384615385],["rrf:graph",0.011764705882352941],["overlap",0.35],["boost:symbol-exact",0.18],["boost:stage-a",0.17600006285704412],["boost:graph-rerank",0.023794415416798356]],"source":"index","start_line":1,"symbol_kind":"function","symbol_name":"needle","text":"def needle():\n    return 731"},{"breadcrumb":"neighbor","chunk_id":"chunk:needle.py:1","end_line":5,"file_path":"needle.py","fused_score":0.048378582202111615,"graph_score":0.06931471805599453,"grep_score":1.0,"lane":null,"language":"python","lexical_score":0.5,"metadata":{"details_omitted":true,"document":{"doc_key":"3fd56c438273f4e97d76268fc1e74f7bccba6b16d9f0ef414ca67b0829003e65","doc_version":"09f385ca69393d6173161facbcb1551167f9785fcdd2ccc650f1c531bc0259ed","encoding_key":"02118b2a2349b99c9efe9684d529683cd659e52f1e28e19c864bc915175c7693","entity_key":"f8d3da2a91268bb9b93e59ca9b06d751804a9221f3d218b5a8798fab2dc8e40d"},"qname":"neighbor","source_evidence":{"boundary":"symbol","owner":{"end":65,"start":30},"signature":{"end":50,"start":30},"slice_digest":"dec7813dc4d5e300de152b45e0cb2a89c688f0a75f1501c57aa7eb68130081dd","source":{"byte_len":66,"content_digest":"bdb975ad92107a0524d6a7c217816cd1e50bb1d97a36ef892318fbe837bf8857","encoding":"utf8","snapshot_id":"735799399424072b1b6cc95488ff63f55c094da4b32573a4555bf731c014f141"},"span":{"end":66,"start":28}},"source_freshness":{"disk_checked":true,"hydrator":"current-document-scope-source-generation-v1","status":"current_verified"}},"reasons":["lexical@2","grep@1","fts-summary","path-token:needle","symbol:needle","preselect:fts-summary:+1.40","preselect:token-search:+3.00"],"rerank_score":0.5951730604759541,"score_trace":[["rrf:lexical",0.021153846153846155],["rrf:grep",0.01568627450980392],["rrf:graph",0.011538461538461537],["overlap",0.35],["boost:stage-a",0.17600006285704412],["boost:graph-rerank",0.020794415416798356]],"source":"index","start_line":2,"symbol_kind":"function","symbol_name":"neighbor","text":"\n\ndef neighbor():\n    return needle()\n"}],"kind":"code_index_context","query":"needle","repo_size_tier":"Tiny","token_budget":4000,"top_k":10},"nodes":[{"backing_file_path":"needle.py","backing_source":null,"confidence":0.8,"depends_on":[],"end_line":2,"file_path":"needle.py","freshness":null,"invalidation_keys":[],"metadata":{"representation":"machine_hit_reference"},"node_id":"search:chunk:needle.py:0","node_type":"SEARCH_HIT","rank_explanation":null,"reasons":[],"relation":null,"role":"primary","score":0.8196888975800265,"source":"index","source_end_line":2,"source_start_line":1,"span_kind":"reference","start_line":1,"text":"","title":"needle.py needle:1-2","token_estimate":0},{"backing_file_path":"needle.py","backing_source":null,"confidence":0.8,"depends_on":[],"end_line":5,"file_path":"needle.py","freshness":null,"invalidation_keys":[],"metadata":{"representation":"machine_hit_reference"},"node_id":"search:chunk:needle.py:1","node_type":"SEARCH_HIT","rank_explanation":null,"reasons":[],"relation":null,"role":"primary","score":0.5951730604759541,"source":"index","source_end_line":5,"source_start_line":2,"span_kind":"reference","start_line":2,"text":"","title":"needle.py neighbor:2-5","token_estimate":0},{"backing_file_path":null,"backing_source":null,"confidence":1.0,"depends_on":[],"end_line":null,"file_path":"needle.py","freshness":null,"invalidation_keys":[],"metadata":null,"node_id":"graph:caller:uid:ed8e61924345e59a924de3bf","node_type":"CALL_EDGE","rank_explanation":null,"reasons":[],"relation":null,"role":"neighbor","score":0.0,"source":"graph","source_end_line":null,"source_start_line":null,"span_kind":null,"start_line":5,"text":"caller: neighbor → needle (needle.py:5)","title":"Caller: neighbor","token_estimate":10},{"backing_file_path":null,"backing_source":null,"confidence":1.0,"depends_on":[],"end_line":null,"file_path":"needle.py","freshness":null,"invalidation_keys":[],"metadata":null,"node_id":"graph:callee:uid:3732066f97516c2c2f8efb6e","node_type":"CALL_EDGE","rank_explanation":null,"reasons":[],"relation":null,"role":"neighbor","score":0.0,"source":"graph","source_end_line":null,"source_start_line":null,"span_kind":null,"start_line":5,"text":"callee: neighbor → needle (needle.py:5)","title":"Callee: needle","token_estimate":10}],"query":"needle","reasons":["hybrid search over code index","graph-enriched"],"rendered_prompt":"Complete source is in machine_pack.hits; references have no source body.","resolution_freshness":{"basis_epoch":null,"complete":true,"completed_files":0,"index_epoch":5,"reason":null,"retry":null,"root_count":0,"scope":"observed_resolution_invalidations","status":"ready"},"revision":0,"spans":[{"end_line":2,"file_path":"needle.py","label":"needle","node_id":"search:chunk:needle.py:0","start_line":1},{"end_line":5,"file_path":"needle.py","label":"neighbor","node_id":"search:chunk:needle.py:1","start_line":2}],"summary":"Found 2 indexed code result(s) across 1 file(s) for `needle`.","task":"needle","token_budget":4000,"token_estimate":3208},"tool":"search"}
V18_JSON {"args":{"query":"needle"},"result":{"evidence_summary":{"files":["needle.py"],"graph_enrichment":{"callees_added":1,"callers_added":1,"symbols_resolved":2,"tests_found":0},"packing":{"compacted":true,"configured_max_bytes":18000,"continuation":"Use files region/expand on retained references; recheck source version.","limit_bytes":16000,"omitted_hits":0,"omitted_nodes":0,"original_hits":2,"original_nodes":4,"partial":false,"spec":"whole-json-intent-facets-source-support-before-incidental-v5","token_estimate_method":"ceil(serialized_utf8_bytes/4); not a tokenizer","used_bytes":12542},"retrieval":{"cost":{"coverage":"originating_work; full scope: retrieval-cost schema v1","fused_candidates":2,"hydrate_requested":2,"hydration":{"sql":{"fullscan_steps":0,"rows":10,"sorts":0,"statements":9,"vm_steps":386},"text":{"cache_hits":2,"legacy_auto_reads":0,"storage_reads":0,"utf8_bytes":66,"zstd_decodes":0}},"lane_candidates":{"exact_symbol":1,"graph":2,"grep":2,"lexical":2,"path":1},"lexical_sql":{"fullscan_steps":0,"rows":2,"sorts":1,"statements":1,"vm_steps":59},"schema_version":1},"grep":{"fallback_scanned":0,"prefilter_failed":false,"prefilter_scanned":0,"reason":null,"scan_cap":20000,"scanned":2,"skipped_duplicates":4,"soft_scanned":2,"stages":[{"stage":"soft","work":{"sql":{"fullscan_steps":0,"rows":2,"sorts":0,"statements":1,"vm_steps":29},"text":{"cache_hits":0,"legacy_auto_reads":0,"storage_reads":2,"utf8_bytes":66,"zstd_decodes":0}}},{"stage":"prefilter","work":{"sql":{"fullscan_steps":0,"rows":2,"sorts":1,"statements":1,"vm_steps":58},"text":{"cache_hits":0,"legacy_auto_reads":0,"storage_reads":0,"utf8_bytes":0,"zstd_decodes":0}}},{"stage":"fallback","work":{"sql":{"fullscan_steps":1,"rows":2,"sorts":0,"statements":1,"vm_steps":23},"text":{"cache_hits":0,"legacy_auto_reads":0,"storage_reads":0,"utf8_bytes":0,"zstd_decodes":0}}}],"status":"complete"},"lane_receipts":[{"candidate_count":1,"candidate_details_omitted":true,"coverage":{"complete":true,"examined":null,"scope":"hard_scope","total_lower_bound":1},"elapsed_us":323,"lane_id":"exact_symbol","schema_version":1,"status":"complete","truncation_reason":null,"weight":1.1},{"candidate_count":1,"candidate_details_omitted":true,"coverage":{"complete":true,"examined":null,"scope":"hard_scope","total_lower_bound":1},"elapsed_us":4071,"lane_id":"path","schema_version":1,"status":"complete","truncation_reason":null,"weight":1.0},{"candidate_count":2,"candidate_details_omitted":true,"coverage":{"complete":true,"examined":null,"scope":"hard_scope","total_lower_bound":2},"elapsed_us":355,"lane_id":"lexical","schema_version":1,"status":"complete","truncation_reason":null,"weight":1.1},{"candidate_count":2,"candidate_details_omitted":true,"coverage":{"complete":true,"examined":2,"scope":"hard_scope","total_lower_bound":2},"elapsed_us":6331,"lane_id":"grep","schema_version":1,"status":"complete","truncation_reason":null,"weight":0.8},{"candidate_count":2,"candidate_details_omitted":true,"coverage":{"complete":true,"examined":null,"scope":"hard_scope","total_lower_bound":2},"elapsed_us":1311,"lane_id":"graph","schema_version":1,"status":"complete","truncation_reason":null,"weight":0.6}],"policy":{"deadline_ms":30000,"details_omitted":true,"effective":"local","graph_source_mapping":"uid_byte_decl_docs;not_whole_body:v2","intent":"locate","lane_timeout_ms":20000,"path_source_domain":"canonical_scoped_exact_else_bounded_tokens;not_whole_body:v3","requested":"auto","semantic_state":"not_configured","semantic_timeout_ms":5000,"semantic_top_k":24,"version":"query-policy-local-semantic-canonical-path-domain-v4"},"scope":{"budget":{"exact_symbol_candidates":24,"grep_candidates":12,"grep_enabled":true,"grep_scan_cap":20000,"lexical_candidates":24,"path_candidates":24,"rerank_window":40,"top_k":10,"units":"chunks; grep_scan_cap=decompressions; scope_receipt_v1; not_total_cost"},"details_omitted":true,"hard":{"empty":false,"explicit_file_count":null,"languages":null,"path_prefix":null,"path_prefix_truncated":false,"semantics":"conjunctive_case_sensitive_repo_paths; explicit_empty_denies"},"ordering":["exact_identity_first","rerank_score_desc","chunk_id_asc"],"policy":"canonical-scoped-exact-path-domain-compact-context-budget-v22","schema_version":1,"soft":{"contributions":"score_trace=additive; stage_a_already_included; raw_hint_paths_omitted","hint_entries":{"overlay":0,"pinned":0,"recent":0,"working":0},"preselected_count":1,"role":"ranking_and_scan_priority_only"}}},"search_hits":2,"selection":{"facets":{"implementation":2},"input_candidates":2,"intent":"locate","intent_facet_anchors":{},"limit_omitted":0,"original_ranks":[1,2],"overlap":{"fully_covered_candidates":0,"input_bytes":66,"redundant_bytes":0,"unique_bytes":66},"requested_limit":10,"selected":2,"selected_overlap":{"fully_covered_candidates":0,"input_bytes":66,"redundant_bytes":0,"unique_bytes":66},"source_covered_omissions":0,"source_support_anchors":[],"source_support_scope":"cue_window:v1","spec":"anchored-facets-distinctive-source-union-v2","unmet_facets":[]},"source_freshness":{"budget_exhausted":false,"checked_files":1,"dense_manifest_fence":{"checked":0,"skip_disposition":"stale_publication_skipped","skipped":0},"generation":{"evidence_epoch":1,"incarnation":[10,185,78,123,44,206,73,121,16,159,128,121,87,131,81,184],"index_epoch":5,"semantic_epoch":null},"hydrator":"current-document-scope-source-generation-v1","omitted_files":{},"partial":false,"read_budget_charged":66,"scope":"disk_generation:v1","validation_work":{"candidate_projection_sql":{"fullscan_steps":0,"rows":2,"sorts":0,"statements":1,"vm_steps":76},"coverage":"current final-assembly attempt SELECTs for manifest, symbol identity and candidate projection; excludes prior attempts, transaction control, originating retrieval, generation, dense fence, graph and disk work; not total cost","schema_version":1,"source_records_sql":{"fullscan_steps":0,"rows":10,"sorts":0,"statements":9,"vm_steps":292}},"verified_hits":2}},"intent":"locate","invalidations":[],"machine_pack":{"hits":[{"breadcrumb":"needle","chunk_id":"chunk:needle.py:0","end_line":2,"file_path":"needle.py","fused_score":0.08989441930618403,"graph_score":0.07931471805599452,"grep_score":0.5,"lane":null,"language":"python","lexical_score":1.0,"metadata":{"details_omitted":true,"document":{"doc_key":"29b2fa88c6d6c8741c47ad873ba80a25c628b882a28ea3cfaa7fcc69e6982938","doc_version":"9ba68969fd43b00f97a9fade36d3cd19b8f57a4b7c6dffacb8c050c2e9b29f62","encoding_key":"78fc8c83484a6639e37e832f30a8eb8310c8ad26eada3a4ec3d936c1f152fede","entity_key":"16a369932cc2a7589f395b34b3b8def8bbad6a04e00672428487964152c26486"},"qname":"needle","source_evidence":{"boundary":"symbol","owner":{"end":28,"start":0},"signature":{"end":18,"start":0},"slice_digest":"c748e325d98b5f174763b313c05ece587900d99690eedbce11f75639788c6b8b","source":{"byte_len":66,"content_digest":"bdb975ad92107a0524d6a7c217816cd1e50bb1d97a36ef892318fbe837bf8857","encoding":"utf8","snapshot_id":"735799399424072b1b6cc95488ff63f55c094da4b32573a4555bf731c014f141"},"span":{"end":28,"start":0}},"source_freshness":{"disk_checked":true,"hydrator":"current-document-scope-source-generation-v1","status":"current_verified"}},"reasons":["exact-target","exact_symbol@1","path@1","lexical@1","grep@2","symbol-exact","fts-summary","path-token:needle","symbol:needle","preselect:fts-summary:+1.40","preselect:token-search:+3.00"],"rerank_score":0.8196888975800265,"score_trace":[["rrf:exact_symbol",0.021568627450980395],["rrf:path",0.0196078431372549],["rrf:lexical",0.021568627450980395],["rrf:grep",0.015384615384615385],["rrf:graph",0.011764705882352941],["overlap",0.35],["boost:symbol-exact",0.18],["boost:stage-a",0.17600006285704412],["boost:graph-rerank",0.023794415416798356]],"source":"index","start_line":1,"symbol_kind":"function","symbol_name":"needle","text":"def needle():\n    return 731"},{"breadcrumb":"neighbor","chunk_id":"chunk:needle.py:1","end_line":5,"file_path":"needle.py","fused_score":0.048378582202111615,"graph_score":0.06931471805599453,"grep_score":1.0,"lane":null,"language":"python","lexical_score":0.5,"metadata":{"details_omitted":true,"document":{"doc_key":"3fd56c438273f4e97d76268fc1e74f7bccba6b16d9f0ef414ca67b0829003e65","doc_version":"09f385ca69393d6173161facbcb1551167f9785fcdd2ccc650f1c531bc0259ed","encoding_key":"02118b2a2349b99c9efe9684d529683cd659e52f1e28e19c864bc915175c7693","entity_key":"f8d3da2a91268bb9b93e59ca9b06d751804a9221f3d218b5a8798fab2dc8e40d"},"qname":"neighbor","source_evidence":{"boundary":"symbol","owner":{"end":65,"start":30},"signature":{"end":50,"start":30},"slice_digest":"dec7813dc4d5e300de152b45e0cb2a89c688f0a75f1501c57aa7eb68130081dd","source":{"byte_len":66,"content_digest":"bdb975ad92107a0524d6a7c217816cd1e50bb1d97a36ef892318fbe837bf8857","encoding":"utf8","snapshot_id":"735799399424072b1b6cc95488ff63f55c094da4b32573a4555bf731c014f141"},"span":{"end":66,"start":28}},"source_freshness":{"disk_checked":true,"hydrator":"current-document-scope-source-generation-v1","status":"current_verified"}},"reasons":["lexical@2","grep@1","fts-summary","path-token:needle","symbol:needle","preselect:fts-summary:+1.40","preselect:token-search:+3.00"],"rerank_score":0.5951730604759541,"score_trace":[["rrf:lexical",0.021153846153846155],["rrf:grep",0.01568627450980392],["rrf:graph",0.011538461538461537],["overlap",0.35],["boost:stage-a",0.17600006285704412],["boost:graph-rerank",0.020794415416798356]],"source":"index","start_line":2,"symbol_kind":"function","symbol_name":"neighbor","text":"\n\ndef neighbor():\n    return needle()\n"}],"kind":"code_index_context","query":"needle","repo_size_tier":"Tiny","token_budget":4000,"top_k":10},"nodes":[{"backing_file_path":"needle.py","backing_source":null,"confidence":0.8,"depends_on":[],"end_line":2,"file_path":"needle.py","freshness":null,"invalidation_keys":[],"metadata":{"representation":"machine_hit_reference"},"node_id":"search:chunk:needle.py:0","node_type":"SEARCH_HIT","rank_explanation":null,"reasons":[],"relation":null,"role":"primary","score":0.8196888975800265,"source":"index","source_end_line":2,"source_start_line":1,"span_kind":"reference","start_line":1,"text":"","title":"needle.py needle:1-2","token_estimate":0},{"backing_file_path":"needle.py","backing_source":null,"confidence":0.8,"depends_on":[],"end_line":5,"file_path":"needle.py","freshness":null,"invalidation_keys":[],"metadata":{"representation":"machine_hit_reference"},"node_id":"search:chunk:needle.py:1","node_type":"SEARCH_HIT","rank_explanation":null,"reasons":[],"relation":null,"role":"primary","score":0.5951730604759541,"source":"index","source_end_line":5,"source_start_line":2,"span_kind":"reference","start_line":2,"text":"","title":"needle.py neighbor:2-5","token_estimate":0},{"backing_file_path":null,"backing_source":null,"confidence":1.0,"depends_on":[],"end_line":null,"file_path":"needle.py","freshness":null,"invalidation_keys":[],"metadata":null,"node_id":"graph:caller:uid:ed8e61924345e59a924de3bf","node_type":"CALL_EDGE","rank_explanation":null,"reasons":[],"relation":null,"role":"neighbor","score":0.0,"source":"graph","source_end_line":null,"source_start_line":null,"span_kind":null,"start_line":5,"text":"caller: neighbor → needle (needle.py:5)","title":"Caller: neighbor","token_estimate":10},{"backing_file_path":null,"backing_source":null,"confidence":1.0,"depends_on":[],"end_line":null,"file_path":"needle.py","freshness":null,"invalidation_keys":[],"metadata":null,"node_id":"graph:callee:uid:3732066f97516c2c2f8efb6e","node_type":"CALL_EDGE","rank_explanation":null,"reasons":[],"relation":null,"role":"neighbor","score":0.0,"source":"graph","source_end_line":null,"source_start_line":null,"span_kind":null,"start_line":5,"text":"callee: neighbor → needle (needle.py:5)","title":"Callee: needle","token_estimate":10}],"query":"needle","reasons":["hybrid search over code index","graph-enriched"],"rendered_prompt":"Complete source is in machine_pack.hits; references have no source body.","resolution_freshness":{"basis_epoch":null,"complete":true,"completed_files":0,"index_epoch":5,"reason":null,"retry":null,"root_count":0,"scope":"observed_resolution_invalidations","status":"ready"},"revision":0,"spans":[{"end_line":2,"file_path":"needle.py","label":"needle","node_id":"search:chunk:needle.py:0","start_line":1},{"end_line":5,"file_path":"needle.py","label":"neighbor","node_id":"search:chunk:needle.py:1","start_line":2}],"summary":"Found 2 indexed code result(s) across 1 file(s) for `needle`.","task":"needle","token_budget":4000,"token_estimate":3136},"tool":"search"}
[2m2026-10-08T03:53:38.142361Z[0m [32m INFO[0m [2mcc_db::index_db_rebuild[0m[2m:[0m full rebuild: creating temp database [3mtmp[0m[2m=[0m/tmp/.tmp2PqiT9/project/.codecortex/index.sqlite3.tmp
V18_JSON {"args":{"query":"needle","retrieval_strategy":null},"result":{"evidence_summary":{"files":["needle.py"],"graph_enrichment":{"callees_added":1,"callers_added":1,"symbols_resolved":2,"tests_found":0},"packing":{"compacted":true,"configured_max_bytes":18000,"continuation":"Use files region/expand on retained references; recheck source version.","limit_bytes":16000,"omitted_hits":0,"omitted_nodes":0,"original_hits":2,"original_nodes":4,"partial":false,"spec":"whole-json-intent-facets-source-support-before-incidental-v5","token_estimate_method":"ceil(serialized_utf8_bytes/4); not a tokenizer","used_bytes":12542},"retrieval":{"cost":{"coverage":"originating_work; full scope: retrieval-cost schema v1","fused_candidates":2,"hydrate_requested":2,"hydration":{"sql":{"fullscan_steps":0,"rows":10,"sorts":0,"statements":9,"vm_steps":386},"text":{"cache_hits":2,"legacy_auto_reads":0,"storage_reads":0,"utf8_bytes":66,"zstd_decodes":0}},"lane_candidates":{"exact_symbol":1,"graph":2,"grep":2,"lexical":2,"path":1},"lexical_sql":{"fullscan_steps":0,"rows":2,"sorts":1,"statements":1,"vm_steps":59},"schema_version":1},"grep":{"fallback_scanned":0,"prefilter_failed":false,"prefilter_scanned":0,"reason":null,"scan_cap":20000,"scanned":2,"skipped_duplicates":4,"soft_scanned":2,"stages":[{"stage":"soft","work":{"sql":{"fullscan_steps":0,"rows":2,"sorts":0,"statements":1,"vm_steps":29},"text":{"cache_hits":0,"legacy_auto_reads":0,"storage_reads":2,"utf8_bytes":66,"zstd_decodes":0}}},{"stage":"prefilter","work":{"sql":{"fullscan_steps":0,"rows":2,"sorts":1,"statements":1,"vm_steps":58},"text":{"cache_hits":0,"legacy_auto_reads":0,"storage_reads":0,"utf8_bytes":0,"zstd_decodes":0}}},{"stage":"fallback","work":{"sql":{"fullscan_steps":1,"rows":2,"sorts":0,"statements":1,"vm_steps":23},"text":{"cache_hits":0,"legacy_auto_reads":0,"storage_reads":0,"utf8_bytes":0,"zstd_decodes":0}}}],"status":"complete"},"lane_receipts":[{"candidate_count":1,"candidate_details_omitted":true,"coverage":{"complete":true,"examined":null,"scope":"hard_scope","total_lower_bound":1},"elapsed_us":323,"lane_id":"exact_symbol","schema_version":1,"status":"complete","truncation_reason":null,"weight":1.1},{"candidate_count":1,"candidate_details_omitted":true,"coverage":{"complete":true,"examined":null,"scope":"hard_scope","total_lower_bound":1},"elapsed_us":4071,"lane_id":"path","schema_version":1,"status":"complete","truncation_reason":null,"weight":1.0},{"candidate_count":2,"candidate_details_omitted":true,"coverage":{"complete":true,"examined":null,"scope":"hard_scope","total_lower_bound":2},"elapsed_us":355,"lane_id":"lexical","schema_version":1,"status":"complete","truncation_reason":null,"weight":1.1},{"candidate_count":2,"candidate_details_omitted":true,"coverage":{"complete":true,"examined":2,"scope":"hard_scope","total_lower_bound":2},"elapsed_us":6331,"lane_id":"grep","schema_version":1,"status":"complete","truncation_reason":null,"weight":0.8},{"candidate_count":2,"candidate_details_omitted":true,"coverage":{"complete":true,"examined":null,"scope":"hard_scope","total_lower_bound":2},"elapsed_us":1311,"lane_id":"graph","schema_version":1,"status":"complete","truncation_reason":null,"weight":0.6}],"policy":{"deadline_ms":30000,"details_omitted":true,"effective":"local","graph_source_mapping":"uid_byte_decl_docs;not_whole_body:v2","intent":"locate","lane_timeout_ms":20000,"path_source_domain":"canonical_scoped_exact_else_bounded_tokens;not_whole_body:v3","requested":"auto","semantic_state":"not_configured","semantic_timeout_ms":5000,"semantic_top_k":24,"version":"query-policy-local-semantic-canonical-path-domain-v4"},"scope":{"budget":{"exact_symbol_candidates":24,"grep_candidates":12,"grep_enabled":true,"grep_scan_cap":20000,"lexical_candidates":24,"path_candidates":24,"rerank_window":40,"top_k":10,"units":"chunks; grep_scan_cap=decompressions; scope_receipt_v1; not_total_cost"},"details_omitted":true,"hard":{"empty":false,"explicit_file_count":null,"languages":null,"path_prefix":null,"path_prefix_truncated":false,"semantics":"conjunctive_case_sensitive_repo_paths; explicit_empty_denies"},"ordering":["exact_identity_first","rerank_score_desc","chunk_id_asc"],"policy":"canonical-scoped-exact-path-domain-compact-context-budget-v22","schema_version":1,"soft":{"contributions":"score_trace=additive; stage_a_already_included; raw_hint_paths_omitted","hint_entries":{"overlay":0,"pinned":0,"recent":0,"working":0},"preselected_count":1,"role":"ranking_and_scan_priority_only"}}},"search_hits":2,"selection":{"facets":{"implementation":2},"input_candidates":2,"intent":"locate","intent_facet_anchors":{},"limit_omitted":0,"original_ranks":[1,2],"overlap":{"fully_covered_candidates":0,"input_bytes":66,"redundant_bytes":0,"unique_bytes":66},"requested_limit":10,"selected":2,"selected_overlap":{"fully_covered_candidates":0,"input_bytes":66,"redundant_bytes":0,"unique_bytes":66},"source_covered_omissions":0,"source_support_anchors":[],"source_support_scope":"cue_window:v1","spec":"anchored-facets-distinctive-source-union-v2","unmet_facets":[]},"source_freshness":{"budget_exhausted":false,"checked_files":1,"dense_manifest_fence":{"checked":0,"skip_disposition":"stale_publication_skipped","skipped":0},"generation":{"evidence_epoch":1,"incarnation":[10,185,78,123,44,206,73,121,16,159,128,121,87,131,81,184],"index_epoch":5,"semantic_epoch":null},"hydrator":"current-document-scope-source-generation-v1","omitted_files":{},"partial":false,"read_budget_charged":66,"scope":"disk_generation:v1","validation_work":{"candidate_projection_sql":{"fullscan_steps":0,"rows":2,"sorts":0,"statements":1,"vm_steps":76},"coverage":"current final-assembly attempt SELECTs for manifest, symbol identity and candidate projection; excludes prior attempts, transaction control, originating retrieval, generation, dense fence, graph and disk work; not total cost","schema_version":1,"source_records_sql":{"fullscan_steps":0,"rows":10,"sorts":0,"statements":9,"vm_steps":292}},"verified_hits":2}},"intent":"locate","invalidations":[],"machine_pack":{"hits":[{"breadcrumb":"needle","chunk_id":"chunk:needle.py:0","end_line":2,"file_path":"needle.py","fused_score":0.08989441930618403,"graph_score":0.07931471805599452,"grep_score":0.5,"lane":null,"language":"python","lexical_score":1.0,"metadata":{"details_omitted":true,"document":{"doc_key":"29b2fa88c6d6c8741c47ad873ba80a25c628b882a28ea3cfaa7fcc69e6982938","doc_version":"9ba68969fd43b00f97a9fade36d3cd19b8f57a4b7c6dffacb8c050c2e9b29f62","encoding_key":"78fc8c83484a6639e37e832f30a8eb8310c8ad26eada3a4ec3d936c1f152fede","entity_key":"16a369932cc2a7589f395b34b3b8def8bbad6a04e00672428487964152c26486"},"qname":"needle","source_evidence":{"boundary":"symbol","owner":{"end":28,"start":0},"signature":{"end":18,"start":0},"slice_digest":"c748e325d98b5f174763b313c05ece587900d99690eedbce11f75639788c6b8b","source":{"byte_len":66,"content_digest":"bdb975ad92107a0524d6a7c217816cd1e50bb1d97a36ef892318fbe837bf8857","encoding":"utf8","snapshot_id":"735799399424072b1b6cc95488ff63f55c094da4b32573a4555bf731c014f141"},"span":{"end":28,"start":0}},"source_freshness":{"disk_checked":true,"hydrator":"current-document-scope-source-generation-v1","status":"current_verified"}},"reasons":["exact-target","exact_symbol@1","path@1","lexical@1","grep@2","symbol-exact","fts-summary","path-token:needle","symbol:needle","preselect:fts-summary:+1.40","preselect:token-search:+3.00"],"rerank_score":0.8196888975800265,"score_trace":[["rrf:exact_symbol",0.021568627450980395],["rrf:path",0.0196078431372549],["rrf:lexical",0.021568627450980395],["rrf:grep",0.015384615384615385],["rrf:graph",0.011764705882352941],["overlap",0.35],["boost:symbol-exact",0.18],["boost:stage-a",0.17600006285704412],["boost:graph-rerank",0.023794415416798356]],"source":"index","start_line":1,"symbol_kind":"function","symbol_name":"needle","text":"def needle():\n    return 731"},{"breadcrumb":"neighbor","chunk_id":"chunk:needle.py:1","end_line":5,"file_path":"needle.py","fused_score":0.048378582202111615,"graph_score":0.06931471805599453,"grep_score":1.0,"lane":null,"language":"python","lexical_score":0.5,"metadata":{"details_omitted":true,"document":{"doc_key":"3fd56c438273f4e97d76268fc1e74f7bccba6b16d9f0ef414ca67b0829003e65","doc_version":"09f385ca69393d6173161facbcb1551167f9785fcdd2ccc650f1c531bc0259ed","encoding_key":"02118b2a2349b99c9efe9684d529683cd659e52f1e28e19c864bc915175c7693","entity_key":"f8d3da2a91268bb9b93e59ca9b06d751804a9221f3d218b5a8798fab2dc8e40d"},"qname":"neighbor","source_evidence":{"boundary":"symbol","owner":{"end":65,"start":30},"signature":{"end":50,"start":30},"slice_digest":"dec7813dc4d5e300de152b45e0cb2a89c688f0a75f1501c57aa7eb68130081dd","source":{"byte_len":66,"content_digest":"bdb975ad92107a0524d6a7c217816cd1e50bb1d97a36ef892318fbe837bf8857","encoding":"utf8","snapshot_id":"735799399424072b1b6cc95488ff63f55c094da4b32573a4555bf731c014f141"},"span":{"end":66,"start":28}},"source_freshness":{"disk_checked":true,"hydrator":"current-document-scope-source-generation-v1","status":"current_verified"}},"reasons":["lexical@2","grep@1","fts-summary","path-token:needle","symbol:needle","preselect:fts-summary:+1.40","preselect:token-search:+3.00"],"rerank_score":0.5951730604759541,"score_trace":[["rrf:lexical",0.021153846153846155],["rrf:grep",0.01568627450980392],["rrf:graph",0.011538461538461537],["overlap",0.35],["boost:stage-a",0.17600006285704412],["boost:graph-rerank",0.020794415416798356]],"source":"index","start_line":2,"symbol_kind":"function","symbol_name":"neighbor","text":"\n\ndef neighbor():\n    return needle()\n"}],"kind":"code_index_context","query":"needle","repo_size_tier":"Tiny","token_budget":4000,"top_k":10},"nodes":[{"backing_file_path":"needle.py","backing_source":null,"confidence":0.8,"depends_on":[],"end_line":2,"file_path":"needle.py","freshness":null,"invalidation_keys":[],"metadata":{"representation":"machine_hit_reference"},"node_id":"search:chunk:needle.py:0","node_type":"SEARCH_HIT","rank_explanation":null,"reasons":[],"relation":null,"role":"primary","score":0.8196888975800265,"source":"index","source_end_line":2,"source_start_line":1,"span_kind":"reference","start_line":1,"text":"","title":"needle.py needle:1-2","token_estimate":0},{"backing_file_path":"needle.py","backing_source":null,"confidence":0.8,"depends_on":[],"end_line":5,"file_path":"needle.py","freshness":null,"invalidation_keys":[],"metadata":{"representation":"machine_hit_reference"},"node_id":"search:chunk:needle.py:1","node_type":"SEARCH_HIT","rank_explanation":null,"reasons":[],"relation":null,"role":"primary","score":0.5951730604759541,"source":"index","source_end_line":5,"source_start_line":2,"span_kind":"reference","start_line":2,"text":"","title":"needle.py neighbor:2-5","token_estimate":0},{"backing_file_path":null,"backing_source":null,"confidence":1.0,"depends_on":[],"end_line":null,"file_path":"needle.py","freshness":null,"invalidation_keys":[],"metadata":null,"node_id":"graph:caller:uid:ed8e61924345e59a924de3bf","node_type":"CALL_EDGE","rank_explanation":null,"reasons":[],"relation":null,"role":"neighbor","score":0.0,"source":"graph","source_end_line":null,"source_start_line":null,"span_kind":null,"start_line":5,"text":"caller: neighbor → needle (needle.py:5)","title":"Caller: neighbor","token_estimate":10},{"backing_file_path":null,"backing_source":null,"confidence":1.0,"depends_on":[],"end_line":null,"file_path":"needle.py","freshness":null,"invalidation_keys":[],"metadata":null,"node_id":"graph:callee:uid:3732066f97516c2c2f8efb6e","node_type":"CALL_EDGE","rank_explanation":null,"reasons":[],"relation":null,"role":"neighbor","score":0.0,"source":"graph","source_end_line":null,"source_start_line":null,"span_kind":null,"start_line":5,"text":"callee: neighbor → needle (needle.py:5)","title":"Callee: needle","token_estimate":10}],"query":"needle","reasons":["hybrid search over code index","graph-enriched"],"rendered_prompt":"Complete source is in machine_pack.hits; references have no source body.","resolution_freshness":{"basis_epoch":null,"complete":true,"completed_files":0,"index_epoch":5,"reason":null,"retry":null,"root_count":0,"scope":"observed_resolution_invalidations","status":"ready"},"revision":0,"spans":[{"end_line":2,"file_path":"needle.py","label":"needle","node_id":"search:chunk:needle.py:0","start_line":1},{"end_line":5,"file_path":"needle.py","label":"neighbor","node_id":"search:chunk:needle.py:1","start_line":2}],"summary":"Found 2 indexed code result(s) across 1 file(s) for `needle`.","task":"needle","token_budget":4000,"token_estimate":3136},"tool":"search"}
[2m2026-10-08T03:53:38.163550Z[0m [32m INFO[0m [2mcc_db::index_db_rebuild[0m[2m:[0m full rebuild: creating temp database [3mtmp[0m[2m=[0m/tmp/.tmpMOtenf/project/.codecortex/index.sqlite3.tmp
V18_JSON {"args":{"query":"needle","retrieval_strategy":"auto"},"result":{"evidence_summary":{"files":["needle.py"],"graph_enrichment":{"callees_added":1,"callers_added":1,"symbols_resolved":2,"tests_found":0},"packing":{"compacted":true,"configured_max_bytes":18000,"continuation":"Use files region/expand on retained references; recheck source version.","limit_bytes":16000,"omitted_hits":0,"omitted_nodes":0,"original_hits":2,"original_nodes":4,"partial":false,"spec":"whole-json-intent-facets-source-support-before-incidental-v5","token_estimate_method":"ceil(serialized_utf8_bytes/4); not a tokenizer","used_bytes":12541},"retrieval":{"cost":{"coverage":"originating_work; full scope: retrieval-cost schema v1","fused_candidates":2,"hydrate_requested":2,"hydration":{"sql":{"fullscan_steps":0,"rows":10,"sorts":0,"statements":9,"vm_steps":386},"text":{"cache_hits":2,"legacy_auto_reads":0,"storage_reads":0,"utf8_bytes":66,"zstd_decodes":0}},"lane_candidates":{"exact_symbol":1,"graph":2,"grep":2,"lexical":2,"path":1},"lexical_sql":{"fullscan_steps":0,"rows":2,"sorts":1,"statements":1,"vm_steps":59},"schema_version":1},"grep":{"fallback_scanned":0,"prefilter_failed":false,"prefilter_scanned":0,"reason":null,"scan_cap":20000,"scanned":2,"skipped_duplicates":4,"soft_scanned":2,"stages":[{"stage":"soft","work":{"sql":{"fullscan_steps":0,"rows":2,"sorts":0,"statements":1,"vm_steps":29},"text":{"cache_hits":0,"legacy_auto_reads":0,"storage_reads":2,"utf8_bytes":66,"zstd_decodes":0}}},{"stage":"prefilter","work":{"sql":{"fullscan_steps":0,"rows":2,"sorts":1,"statements":1,"vm_steps":58},"text":{"cache_hits":0,"legacy_auto_reads":0,"storage_reads":0,"utf8_bytes":0,"zstd_decodes":0}}},{"stage":"fallback","work":{"sql":{"fullscan_steps":1,"rows":2,"sorts":0,"statements":1,"vm_steps":23},"text":{"cache_hits":0,"legacy_auto_reads":0,"storage_reads":0,"utf8_bytes":0,"zstd_decodes":0}}}],"status":"complete"},"lane_receipts":[{"candidate_count":1,"candidate_details_omitted":true,"coverage":{"complete":true,"examined":null,"scope":"hard_scope","total_lower_bound":1},"elapsed_us":289,"lane_id":"exact_symbol","schema_version":1,"status":"complete","truncation_reason":null,"weight":1.1},{"candidate_count":1,"candidate_details_omitted":true,"coverage":{"complete":true,"examined":null,"scope":"hard_scope","total_lower_bound":1},"elapsed_us":461,"lane_id":"path","schema_version":1,"status":"complete","truncation_reason":null,"weight":1.0},{"candidate_count":2,"candidate_details_omitted":true,"coverage":{"complete":true,"examined":null,"scope":"hard_scope","total_lower_bound":2},"elapsed_us":340,"lane_id":"lexical","schema_version":1,"status":"complete","truncation_reason":null,"weight":1.1},{"candidate_count":2,"candidate_details_omitted":true,"coverage":{"complete":true,"examined":2,"scope":"hard_scope","total_lower_bound":2},"elapsed_us":2027,"lane_id":"grep","schema_version":1,"status":"complete","truncation_reason":null,"weight":0.8},{"candidate_count":2,"candidate_details_omitted":true,"coverage":{"complete":true,"examined":null,"scope":"hard_scope","total_lower_bound":2},"elapsed_us":1512,"lane_id":"graph","schema_version":1,"status":"complete","truncation_reason":null,"weight":0.6}],"policy":{"deadline_ms":30000,"details_omitted":true,"effective":"local","graph_source_mapping":"uid_byte_decl_docs;not_whole_body:v2","intent":"locate","lane_timeout_ms":20000,"path_source_domain":"canonical_scoped_exact_else_bounded_tokens;not_whole_body:v3","requested":"auto","semantic_state":"not_configured","semantic_timeout_ms":5000,"semantic_top_k":24,"version":"query-policy-local-semantic-canonical-path-domain-v4"},"scope":{"budget":{"exact_symbol_candidates":24,"grep_candidates":12,"grep_enabled":true,"grep_scan_cap":20000,"lexical_candidates":24,"path_candidates":24,"rerank_window":40,"top_k":10,"units":"chunks; grep_scan_cap=decompressions; scope_receipt_v1; not_total_cost"},"details_omitted":true,"hard":{"empty":false,"explicit_file_count":null,"languages":null,"path_prefix":null,"path_prefix_truncated":false,"semantics":"conjunctive_case_sensitive_repo_paths; explicit_empty_denies"},"ordering":["exact_identity_first","rerank_score_desc","chunk_id_asc"],"policy":"canonical-scoped-exact-path-domain-compact-context-budget-v22","schema_version":1,"soft":{"contributions":"score_trace=additive; stage_a_already_included; raw_hint_paths_omitted","hint_entries":{"overlay":0,"pinned":0,"recent":0,"working":0},"preselected_count":1,"role":"ranking_and_scan_priority_only"}}},"search_hits":2,"selection":{"facets":{"implementation":2},"input_candidates":2,"intent":"locate","intent_facet_anchors":{},"limit_omitted":0,"original_ranks":[1,2],"overlap":{"fully_covered_candidates":0,"input_bytes":66,"redundant_bytes":0,"unique_bytes":66},"requested_limit":10,"selected":2,"selected_overlap":{"fully_covered_candidates":0,"input_bytes":66,"redundant_bytes":0,"unique_bytes":66},"source_covered_omissions":0,"source_support_anchors":[],"source_support_scope":"cue_window:v1","spec":"anchored-facets-distinctive-source-union-v2","unmet_facets":[]},"source_freshness":{"budget_exhausted":false,"checked_files":1,"dense_manifest_fence":{"checked":0,"skip_disposition":"stale_publication_skipped","skipped":0},"generation":{"evidence_epoch":1,"incarnation":[10,185,78,123,44,206,73,121,16,159,128,121,87,131,81,184],"index_epoch":5,"semantic_epoch":null},"hydrator":"current-document-scope-source-generation-v1","omitted_files":{},"partial":false,"read_budget_charged":66,"scope":"disk_generation:v1","validation_work":{"candidate_projection_sql":{"fullscan_steps":0,"rows":2,"sorts":0,"statements":1,"vm_steps":76},"coverage":"current final-assembly attempt SELECTs for manifest, symbol identity and candidate projection; excludes prior attempts, transaction control, originating retrieval, generation, dense fence, graph and disk work; not total cost","schema_version":1,"source_records_sql":{"fullscan_steps":0,"rows":10,"sorts":0,"statements":9,"vm_steps":292}},"verified_hits":2}},"intent":"locate","invalidations":[],"machine_pack":{"hits":[{"breadcrumb":"needle","chunk_id":"chunk:needle.py:0","end_line":2,"file_path":"needle.py","fused_score":0.08989441930618403,"graph_score":0.07931471805599452,"grep_score":0.5,"lane":null,"language":"python","lexical_score":1.0,"metadata":{"details_omitted":true,"document":{"doc_key":"29b2fa88c6d6c8741c47ad873ba80a25c628b882a28ea3cfaa7fcc69e6982938","doc_version":"9ba68969fd43b00f97a9fade36d3cd19b8f57a4b7c6dffacb8c050c2e9b29f62","encoding_key":"78fc8c83484a6639e37e832f30a8eb8310c8ad26eada3a4ec3d936c1f152fede","entity_key":"16a369932cc2a7589f395b34b3b8def8bbad6a04e00672428487964152c26486"},"qname":"needle","source_evidence":{"boundary":"symbol","owner":{"end":28,"start":0},"signature":{"end":18,"start":0},"slice_digest":"c748e325d98b5f174763b313c05ece587900d99690eedbce11f75639788c6b8b","source":{"byte_len":66,"content_digest":"bdb975ad92107a0524d6a7c217816cd1e50bb1d97a36ef892318fbe837bf8857","encoding":"utf8","snapshot_id":"735799399424072b1b6cc95488ff63f55c094da4b32573a4555bf731c014f141"},"span":{"end":28,"start":0}},"source_freshness":{"disk_checked":true,"hydrator":"current-document-scope-source-generation-v1","status":"current_verified"}},"reasons":["exact-target","exact_symbol@1","path@1","lexical@1","grep@2","symbol-exact","fts-summary","path-token:needle","symbol:needle","preselect:fts-summary:+1.40","preselect:token-search:+3.00"],"rerank_score":0.8196888975800265,"score_trace":[["rrf:exact_symbol",0.021568627450980395],["rrf:path",0.0196078431372549],["rrf:lexical",0.021568627450980395],["rrf:grep",0.015384615384615385],["rrf:graph",0.011764705882352941],["overlap",0.35],["boost:symbol-exact",0.18],["boost:stage-a",0.17600006285704412],["boost:graph-rerank",0.023794415416798356]],"source":"index","start_line":1,"symbol_kind":"function","symbol_name":"needle","text":"def needle():\n    return 731"},{"breadcrumb":"neighbor","chunk_id":"chunk:needle.py:1","end_line":5,"file_path":"needle.py","fused_score":0.048378582202111615,"graph_score":0.06931471805599453,"grep_score":1.0,"lane":null,"language":"python","lexical_score":0.5,"metadata":{"details_omitted":true,"document":{"doc_key":"3fd56c438273f4e97d76268fc1e74f7bccba6b16d9f0ef414ca67b0829003e65","doc_version":"09f385ca69393d6173161facbcb1551167f9785fcdd2ccc650f1c531bc0259ed","encoding_key":"02118b2a2349b99c9efe9684d529683cd659e52f1e28e19c864bc915175c7693","entity_key":"f8d3da2a91268bb9b93e59ca9b06d751804a9221f3d218b5a8798fab2dc8e40d"},"qname":"neighbor","source_evidence":{"boundary":"symbol","owner":{"end":65,"start":30},"signature":{"end":50,"start":30},"slice_digest":"dec7813dc4d5e300de152b45e0cb2a89c688f0a75f1501c57aa7eb68130081dd","source":{"byte_len":66,"content_digest":"bdb975ad92107a0524d6a7c217816cd1e50bb1d97a36ef892318fbe837bf8857","encoding":"utf8","snapshot_id":"735799399424072b1b6cc95488ff63f55c094da4b32573a4555bf731c014f141"},"span":{"end":66,"start":28}},"source_freshness":{"disk_checked":true,"hydrator":"current-document-scope-source-generation-v1","status":"current_verified"}},"reasons":["lexical@2","grep@1","fts-summary","path-token:needle","symbol:needle","preselect:fts-summary:+1.40","preselect:token-search:+3.00"],"rerank_score":0.5951730604759541,"score_trace":[["rrf:lexical",0.021153846153846155],["rrf:grep",0.01568627450980392],["rrf:graph",0.011538461538461537],["overlap",0.35],["boost:stage-a",0.17600006285704412],["boost:graph-rerank",0.020794415416798356]],"source":"index","start_line":2,"symbol_kind":"function","symbol_name":"neighbor","text":"\n\ndef neighbor():\n    return needle()\n"}],"kind":"code_index_context","query":"needle","repo_size_tier":"Tiny","token_budget":4000,"top_k":10},"nodes":[{"backing_file_path":"needle.py","backing_source":null,"confidence":0.8,"depends_on":[],"end_line":2,"file_path":"needle.py","freshness":null,"invalidation_keys":[],"metadata":{"representation":"machine_hit_reference"},"node_id":"search:chunk:needle.py:0","node_type":"SEARCH_HIT","rank_explanation":null,"reasons":[],"relation":null,"role":"primary","score":0.8196888975800265,"source":"index","source_end_line":2,"source_start_line":1,"span_kind":"reference","start_line":1,"text":"","title":"needle.py needle:1-2","token_estimate":0},{"backing_file_path":"needle.py","backing_source":null,"confidence":0.8,"depends_on":[],"end_line":5,"file_path":"needle.py","freshness":null,"invalidation_keys":[],"metadata":{"representation":"machine_hit_reference"},"node_id":"search:chunk:needle.py:1","node_type":"SEARCH_HIT","rank_explanation":null,"reasons":[],"relation":null,"role":"primary","score":0.5951730604759541,"source":"index","source_end_line":5,"source_start_line":2,"span_kind":"reference","start_line":2,"text":"","title":"needle.py neighbor:2-5","token_estimate":0},{"backing_file_path":null,"backing_source":null,"confidence":1.0,"depends_on":[],"end_line":null,"file_path":"needle.py","freshness":null,"invalidation_keys":[],"metadata":null,"node_id":"graph:caller:uid:ed8e61924345e59a924de3bf","node_type":"CALL_EDGE","rank_explanation":null,"reasons":[],"relation":null,"role":"neighbor","score":0.0,"source":"graph","source_end_line":null,"source_start_line":null,"span_kind":null,"start_line":5,"text":"caller: neighbor → needle (needle.py:5)","title":"Caller: neighbor","token_estimate":10},{"backing_file_path":null,"backing_source":null,"confidence":1.0,"depends_on":[],"end_line":null,"file_path":"needle.py","freshness":null,"invalidation_keys":[],"metadata":null,"node_id":"graph:callee:uid:3732066f97516c2c2f8efb6e","node_type":"CALL_EDGE","rank_explanation":null,"reasons":[],"relation":null,"role":"neighbor","score":0.0,"source":"graph","source_end_line":null,"source_start_line":null,"span_kind":null,"start_line":5,"text":"callee: neighbor → needle (needle.py:5)","title":"Callee: needle","token_estimate":10}],"query":"needle","reasons":["hybrid search over code index","graph-enriched"],"rendered_prompt":"Complete source is in machine_pack.hits; references have no source body.","resolution_freshness":{"basis_epoch":null,"complete":true,"completed_files":0,"index_epoch":5,"reason":null,"retry":null,"root_count":0,"scope":"observed_resolution_invalidations","status":"ready"},"revision":0,"spans":[{"end_line":2,"file_path":"needle.py","label":"needle","node_id":"search:chunk:needle.py:0","start_line":1},{"end_line":5,"file_path":"needle.py","label":"neighbor","node_id":"search:chunk:needle.py:1","start_line":2}],"summary":"Found 2 indexed code result(s) across 1 file(s) for `needle`.","task":"needle","token_budget":4000,"token_estimate":3136},"tool":"search"}
V18_JSON {"args":{"query":"needle","retrieval_strategy":"semantic"},"result":{"evidence_summary":{"files":["needle.py"],"graph_enrichment":{"callees_added":1,"callers_added":1,"symbols_resolved":2,"tests_found":0},"packing":{"compacted":true,"configured_max_bytes":18000,"continuation":"Use files region/expand on retained references; recheck source version.","limit_bytes":16000,"omitted_hits":0,"omitted_nodes":0,"original_hits":2,"original_nodes":4,"partial":false,"spec":"whole-json-intent-facets-source-support-before-incidental-v5","token_estimate_method":"ceil(serialized_utf8_bytes/4); not a tokenizer","used_bytes":12840},"retrieval":{"cost":{"coverage":"originating_work; full scope: retrieval-cost schema v1","fused_candidates":2,"hydrate_requested":2,"hydration":{"sql":{"fullscan_steps":0,"rows":10,"sorts":0,"statements":9,"vm_steps":386},"text":{"cache_hits":2,"legacy_auto_reads":0,"storage_reads":0,"utf8_bytes":66,"zstd_decodes":0}},"lane_candidates":{"exact_symbol":1,"graph":2,"grep":2,"lexical":2,"path":1,"semantic":0},"lexical_sql":{"fullscan_steps":0,"rows":2,"sorts":1,"statements":1,"vm_steps":59},"schema_version":1},"grep":{"fallback_scanned":0,"prefilter_failed":false,"prefilter_scanned":0,"reason":null,"scan_cap":20000,"scanned":2,"skipped_duplicates":4,"soft_scanned":2,"stages":[{"stage":"soft","work":{"sql":{"fullscan_steps":0,"rows":2,"sorts":0,"statements":1,"vm_steps":29},"text":{"cache_hits":0,"legacy_auto_reads":0,"storage_reads":2,"utf8_bytes":66,"zstd_decodes":0}}},{"stage":"prefilter","work":{"sql":{"fullscan_steps":0,"rows":2,"sorts":1,"statements":1,"vm_steps":58},"text":{"cache_hits":0,"legacy_auto_reads":0,"storage_reads":0,"utf8_bytes":0,"zstd_decodes":0}}},{"stage":"fallback","work":{"sql":{"fullscan_steps":1,"rows":2,"sorts":0,"statements":1,"vm_steps":23},"text":{"cache_hits":0,"legacy_auto_reads":0,"storage_reads":0,"utf8_bytes":0,"zstd_decodes":0}}}],"status":"complete"},"lane_receipts":[{"candidate_count":1,"candidate_details_omitted":true,"coverage":{"complete":true,"examined":null,"scope":"hard_scope","total_lower_bound":1},"elapsed_us":258,"lane_id":"exact_symbol","schema_version":1,"status":"complete","truncation_reason":null,"weight":1.1},{"candidate_count":1,"candidate_details_omitted":true,"coverage":{"complete":true,"examined":null,"scope":"hard_scope","total_lower_bound":1},"elapsed_us":271,"lane_id":"path","schema_version":1,"status":"complete","truncation_reason":null,"weight":1.0},{"candidate_count":2,"candidate_details_omitted":true,"coverage":{"complete":true,"examined":null,"scope":"hard_scope","total_lower_bound":2},"elapsed_us":223,"lane_id":"lexical","schema_version":1,"status":"complete","truncation_reason":null,"weight":1.1},{"candidate_count":2,"candidate_details_omitted":true,"coverage":{"complete":true,"examined":2,"scope":"hard_scope","total_lower_bound":2},"elapsed_us":2019,"lane_id":"grep","schema_version":1,"status":"complete","truncation_reason":null,"weight":0.8},{"candidate_count":2,"candidate_details_omitted":true,"coverage":{"complete":true,"examined":null,"scope":"hard_scope","total_lower_bound":2},"elapsed_us":3433,"lane_id":"graph","schema_version":1,"status":"complete","truncation_reason":null,"weight":0.6},{"candidate_count":0,"candidate_details_omitted":true,"coverage":{"complete":false,"examined":null,"scope":"hard_scope","total_lower_bound":0},"elapsed_us":171,"lane_id":"semantic","schema_version":1,"status":"unavailable","truncation_reason":"query_vector_not_encoded","weight":1.0}],"policy":{"deadline_ms":30000,"details_omitted":true,"effective":"semantic","graph_source_mapping":"uid_byte_decl_docs;not_whole_body:v2","intent":"locate","lane_timeout_ms":20000,"path_source_domain":"canonical_scoped_exact_else_bounded_tokens;not_whole_body:v3","requested":"semantic","semantic_state":"configured","semantic_timeout_ms":5000,"semantic_top_k":24,"version":"query-policy-local-semantic-canonical-path-domain-v4"},"scope":{"budget":{"exact_symbol_candidates":24,"grep_candidates":12,"grep_enabled":true,"grep_scan_cap":20000,"lexical_candidates":24,"path_candidates":24,"rerank_window":40,"top_k":10,"units":"chunks; grep_scan_cap=decompressions; scope_receipt_v1; not_total_cost"},"details_omitted":true,"hard":{"empty":false,"explicit_file_count":null,"languages":null,"path_prefix":null,"path_prefix_truncated":false,"semantics":"conjunctive_case_sensitive_repo_paths; explicit_empty_denies"},"ordering":["exact_identity_first","rerank_score_desc","chunk_id_asc"],"policy":"canonical-scoped-exact-path-domain-compact-context-budget-v22","schema_version":1,"soft":{"contributions":"score_trace=additive; stage_a_already_included; raw_hint_paths_omitted","hint_entries":{"overlay":0,"pinned":0,"recent":0,"working":0},"preselected_count":1,"role":"ranking_and_scan_priority_only"}}},"search_hits":2,"selection":{"facets":{"implementation":2},"input_candidates":2,"intent":"locate","intent_facet_anchors":{},"limit_omitted":0,"original_ranks":[1,2],"overlap":{"fully_covered_candidates":0,"input_bytes":66,"redundant_bytes":0,"unique_bytes":66},"requested_limit":10,"selected":2,"selected_overlap":{"fully_covered_candidates":0,"input_bytes":66,"redundant_bytes":0,"unique_bytes":66},"source_covered_omissions":0,"source_support_anchors":[],"source_support_scope":"cue_window:v1","spec":"anchored-facets-distinctive-source-union-v2","unmet_facets":[]},"source_freshness":{"budget_exhausted":false,"checked_files":1,"dense_manifest_fence":{"checked":0,"skip_disposition":"stale_publication_skipped","skipped":0},"generation":{"evidence_epoch":1,"incarnation":[119,90,153,27,70,84,111,130,198,217,146,220,220,120,137,90],"index_epoch":5,"semantic_epoch":3},"hydrator":"current-document-scope-source-generation-v1","omitted_files":{},"partial":false,"read_budget_charged":66,"scope":"disk_generation:v1","validation_work":{"candidate_projection_sql":{"fullscan_steps":0,"rows":2,"sorts":0,"statements":1,"vm_steps":76},"coverage":"current final-assembly attempt SELECTs for manifest, symbol identity and candidate projection; excludes prior attempts, transaction control, originating retrieval, generation, dense fence, graph and disk work; not total cost","schema_version":1,"source_records_sql":{"fullscan_steps":0,"rows":10,"sorts":0,"statements":9,"vm_steps":292}},"verified_hits":2}},"intent":"locate","invalidations":[],"machine_pack":{"hits":[{"breadcrumb":"needle","chunk_id":"chunk:needle.py:0","end_line":2,"file_path":"needle.py","fused_score":0.08989441930618403,"graph_score":0.07931471805599452,"grep_score":0.5,"lane":null,"language":"python","lexical_score":1.0,"metadata":{"details_omitted":true,"document":{"doc_key":"29b2fa88c6d6c8741c47ad873ba80a25c628b882a28ea3cfaa7fcc69e6982938","doc_version":"9ba68969fd43b00f97a9fade36d3cd19b8f57a4b7c6dffacb8c050c2e9b29f62","encoding_key":"78fc8c83484a6639e37e832f30a8eb8310c8ad26eada3a4ec3d936c1f152fede","entity_key":"16a369932cc2a7589f395b34b3b8def8bbad6a04e00672428487964152c26486"},"qname":"needle","source_evidence":{"boundary":"symbol","owner":{"end":28,"start":0},"signature":{"end":18,"start":0},"slice_digest":"c748e325d98b5f174763b313c05ece587900d99690eedbce11f75639788c6b8b","source":{"byte_len":66,"content_digest":"bdb975ad92107a0524d6a7c217816cd1e50bb1d97a36ef892318fbe837bf8857","encoding":"utf8","snapshot_id":"735799399424072b1b6cc95488ff63f55c094da4b32573a4555bf731c014f141"},"span":{"end":28,"start":0}},"source_freshness":{"disk_checked":true,"hydrator":"current-document-scope-source-generation-v1","status":"current_verified"}},"reasons":["exact-target","exact_symbol@1","path@1","lexical@1","grep@2","symbol-exact","fts-summary","path-token:needle","symbol:needle","preselect:fts-summary:+1.40","preselect:token-search:+3.00"],"rerank_score":0.8196888975800265,"score_trace":[["rrf:exact_symbol",0.021568627450980395],["rrf:path",0.0196078431372549],["rrf:lexical",0.021568627450980395],["rrf:grep",0.015384615384615385],["rrf:graph",0.011764705882352941],["overlap",0.35],["boost:symbol-exact",0.18],["boost:stage-a",0.17600006285704412],["boost:graph-rerank",0.023794415416798356]],"source":"index","start_line":1,"symbol_kind":"function","symbol_name":"needle","text":"def needle():\n    return 731"},{"breadcrumb":"neighbor","chunk_id":"chunk:needle.py:1","end_line":5,"file_path":"needle.py","fused_score":0.048378582202111615,"graph_score":0.06931471805599453,"grep_score":1.0,"lane":null,"language":"python","lexical_score":0.5,"metadata":{"details_omitted":true,"document":{"doc_key":"3fd56c438273f4e97d76268fc1e74f7bccba6b16d9f0ef414ca67b0829003e65","doc_version":"09f385ca69393d6173161facbcb1551167f9785fcdd2ccc650f1c531bc0259ed","encoding_key":"02118b2a2349b99c9efe9684d529683cd659e52f1e28e19c864bc915175c7693","entity_key":"f8d3da2a91268bb9b93e59ca9b06d751804a9221f3d218b5a8798fab2dc8e40d"},"qname":"neighbor","source_evidence":{"boundary":"symbol","owner":{"end":65,"start":30},"signature":{"end":50,"start":30},"slice_digest":"dec7813dc4d5e300de152b45e0cb2a89c688f0a75f1501c57aa7eb68130081dd","source":{"byte_len":66,"content_digest":"bdb975ad92107a0524d6a7c217816cd1e50bb1d97a36ef892318fbe837bf8857","encoding":"utf8","snapshot_id":"735799399424072b1b6cc95488ff63f55c094da4b32573a4555bf731c014f141"},"span":{"end":66,"start":28}},"source_freshness":{"disk_checked":true,"hydrator":"current-document-scope-source-generation-v1","status":"current_verified"}},"reasons":["lexical@2","grep@1","fts-summary","path-token:needle","symbol:needle","preselect:fts-summary:+1.40","preselect:token-search:+3.00"],"rerank_score":0.5951730604759541,"score_trace":[["rrf:lexical",0.021153846153846155],["rrf:grep",0.01568627450980392],["rrf:graph",0.011538461538461537],["overlap",0.35],["boost:stage-a",0.17600006285704412],["boost:graph-rerank",0.020794415416798356]],"source":"index","start_line":2,"symbol_kind":"function","symbol_name":"neighbor","text":"\n\ndef neighbor():\n    return needle()\n"}],"kind":"code_index_context","query":"needle","repo_size_tier":"Tiny","token_budget":4000,"top_k":10},"nodes":[{"backing_file_path":"needle.py","backing_source":null,"confidence":0.8,"depends_on":[],"end_line":2,"file_path":"needle.py","freshness":null,"invalidation_keys":[],"metadata":{"representation":"machine_hit_reference"},"node_id":"search:chunk:needle.py:0","node_type":"SEARCH_HIT","rank_explanation":null,"reasons":[],"relation":null,"role":"primary","score":0.8196888975800265,"source":"index","source_end_line":2,"source_start_line":1,"span_kind":"reference","start_line":1,"text":"","title":"needle.py needle:1-2","token_estimate":0},{"backing_file_path":"needle.py","backing_source":null,"confidence":0.8,"depends_on":[],"end_line":5,"file_path":"needle.py","freshness":null,"invalidation_keys":[],"metadata":{"representation":"machine_hit_reference"},"node_id":"search:chunk:needle.py:1","node_type":"SEARCH_HIT","rank_explanation":null,"reasons":[],"relation":null,"role":"primary","score":0.5951730604759541,"source":"index","source_end_line":5,"source_start_line":2,"span_kind":"reference","start_line":2,"text":"","title":"needle.py neighbor:2-5","token_estimate":0},{"backing_file_path":null,"backing_source":null,"confidence":1.0,"depends_on":[],"end_line":null,"file_path":"needle.py","freshness":null,"invalidation_keys":[],"metadata":null,"node_id":"graph:caller:uid:ed8e61924345e59a924de3bf","node_type":"CALL_EDGE","rank_explanation":null,"reasons":[],"relation":null,"role":"neighbor","score":0.0,"source":"graph","source_end_line":null,"source_start_line":null,"span_kind":null,"start_line":5,"text":"caller: neighbor → needle (needle.py:5)","title":"Caller: neighbor","token_estimate":10},{"backing_file_path":null,"backing_source":null,"confidence":1.0,"depends_on":[],"end_line":null,"file_path":"needle.py","freshness":null,"invalidation_keys":[],"metadata":null,"node_id":"graph:callee:uid:3732066f97516c2c2f8efb6e","node_type":"CALL_EDGE","rank_explanation":null,"reasons":[],"relation":null,"role":"neighbor","score":0.0,"source":"graph","source_end_line":null,"source_start_line":null,"span_kind":null,"start_line":5,"text":"callee: neighbor → needle (needle.py:5)","title":"Callee: needle","token_estimate":10}],"query":"needle","reasons":["hybrid search over code index","graph-enriched"],"rendered_prompt":"Complete source is in machine_pack.hits; references have no source body.","resolution_freshness":{"basis_epoch":null,"complete":true,"completed_files":0,"index_epoch":5,"reason":null,"retry":null,"root_count":0,"scope":"observed_resolution_invalidations","status":"ready"},"revision":0,"spans":[{"end_line":2,"file_path":"needle.py","label":"needle","node_id":"search:chunk:needle.py:0","start_line":1},{"end_line":5,"file_path":"needle.py","label":"neighbor","node_id":"search:chunk:needle.py:1","start_line":2}],"summary":"Found 2 indexed code result(s) across 1 file(s) for `needle`.","task":"needle","token_budget":4000,"token_estimate":3210},"tool":"search"}
V18_JSON {"args":{"retrieval_strategy":"local","task":"needle"},"result":{"evidence_summary":{"files":["needle.py"],"graph_enrichment":{"callees_added":1,"callers_added":1,"symbols_resolved":2,"tests_found":0},"packing":{"compacted":true,"configured_max_bytes":18000,"continuation":"Use files region/expand on retained references; recheck source version.","limit_bytes":16000,"omitted_hits":0,"omitted_nodes":0,"original_hits":2,"original_nodes":4,"partial":false,"spec":"whole-json-intent-facets-source-support-before-incidental-v5","token_estimate_method":"ceil(serialized_utf8_bytes/4); not a tokenizer","used_bytes":12536},"retrieval":{"cost":{"coverage":"originating_work; full scope: retrieval-cost schema v1","fused_candidates":2,"hydrate_requested":2,"hydration":{"sql":{"fullscan_steps":0,"rows":10,"sorts":0,"statements":9,"vm_steps":386},"text":{"cache_hits":2,"legacy_auto_reads":0,"storage_reads":0,"utf8_bytes":66,"zstd_decodes":0}},"lane_candidates":{"exact_symbol":1,"graph":2,"grep":2,"lexical":2,"path":1},"lexical_sql":{"fullscan_steps":0,"rows":2,"sorts":1,"statements":1,"vm_steps":59},"schema_version":1},"grep":{"fallback_scanned":0,"prefilter_failed":false,"prefilter_scanned":0,"reason":null,"scan_cap":20000,"scanned":2,"skipped_duplicates":4,"soft_scanned":2,"stages":[{"stage":"soft","work":{"sql":{"fullscan_steps":0,"rows":2,"sorts":0,"statements":1,"vm_steps":29},"text":{"cache_hits":0,"legacy_auto_reads":0,"storage_reads":2,"utf8_bytes":66,"zstd_decodes":0}}},{"stage":"prefilter","work":{"sql":{"fullscan_steps":0,"rows":2,"sorts":1,"statements":1,"vm_steps":58},"text":{"cache_hits":0,"legacy_auto_reads":0,"storage_reads":0,"utf8_bytes":0,"zstd_decodes":0}}},{"stage":"fallback","work":{"sql":{"fullscan_steps":1,"rows":2,"sorts":0,"statements":1,"vm_steps":23},"text":{"cache_hits":0,"legacy_auto_reads":0,"storage_reads":0,"utf8_bytes":0,"zstd_decodes":0}}}],"status":"complete"},"lane_receipts":[{"candidate_count":1,"candidate_details_omitted":true,"coverage":{"complete":true,"examined":null,"scope":"hard_scope","total_lower_bound":1},"elapsed_us":2126,"lane_id":"exact_symbol","schema_version":1,"status":"complete","truncation_reason":null,"weight":1.1},{"candidate_count":1,"candidate_details_omitted":true,"coverage":{"complete":true,"examined":null,"scope":"hard_scope","total_lower_bound":1},"elapsed_us":432,"lane_id":"path","schema_version":1,"status":"complete","truncation_reason":null,"weight":1.0},{"candidate_count":2,"candidate_details_omitted":true,"coverage":{"complete":true,"examined":null,"scope":"hard_scope","total_lower_bound":2},"elapsed_us":353,"lane_id":"lexical","schema_version":1,"status":"complete","truncation_reason":null,"weight":1.1},{"candidate_count":2,"candidate_details_omitted":true,"coverage":{"complete":true,"examined":2,"scope":"hard_scope","total_lower_bound":2},"elapsed_us":2598,"lane_id":"grep","schema_version":1,"status":"complete","truncation_reason":null,"weight":0.8},{"candidate_count":2,"candidate_details_omitted":true,"coverage":{"complete":true,"examined":null,"scope":"hard_scope","total_lower_bound":2},"elapsed_us":2423,"lane_id":"graph","schema_version":1,"status":"complete","truncation_reason":null,"weight":0.6}],"policy":{"deadline_ms":30000,"details_omitted":true,"effective":"local","graph_source_mapping":"uid_byte_decl_docs;not_whole_body:v2","intent":"locate","lane_timeout_ms":20000,"path_source_domain":"canonical_scoped_exact_else_bounded_tokens;not_whole_body:v3","requested":"local","semantic_state":"disabled","semantic_timeout_ms":5000,"semantic_top_k":24,"version":"query-policy-local-semantic-canonical-path-domain-v4"},"scope":{"budget":{"exact_symbol_candidates":24,"grep_candidates":12,"grep_enabled":true,"grep_scan_cap":20000,"lexical_candidates":24,"path_candidates":24,"rerank_window":40,"top_k":10,"units":"chunks; grep_scan_cap=decompressions; scope_receipt_v1; not_total_cost"},"details_omitted":true,"hard":{"empty":false,"explicit_file_count":null,"languages":null,"path_prefix":null,"path_prefix_truncated":false,"semantics":"conjunctive_case_sensitive_repo_paths; explicit_empty_denies"},"ordering":["exact_identity_first","rerank_score_desc","chunk_id_asc"],"policy":"canonical-scoped-exact-path-domain-compact-context-budget-v22","schema_version":1,"soft":{"contributions":"score_trace=additive; stage_a_already_included; raw_hint_paths_omitted","hint_entries":{"overlay":0,"pinned":0,"recent":0,"working":0},"preselected_count":1,"role":"ranking_and_scan_priority_only"}}},"search_hits":2,"selection":{"facets":{"implementation":2},"input_candidates":2,"intent":"locate","intent_facet_anchors":{},"limit_omitted":0,"original_ranks":[1,2],"overlap":{"fully_covered_candidates":0,"input_bytes":66,"redundant_bytes":0,"unique_bytes":66},"requested_limit":10,"selected":2,"selected_overlap":{"fully_covered_candidates":0,"input_bytes":66,"redundant_bytes":0,"unique_bytes":66},"source_covered_omissions":0,"source_support_anchors":[],"source_support_scope":"cue_window:v1","spec":"anchored-facets-distinctive-source-union-v2","unmet_facets":[]},"source_freshness":{"budget_exhausted":false,"checked_files":1,"dense_manifest_fence":{"checked":0,"skip_disposition":"stale_publication_skipped","skipped":0},"generation":{"evidence_epoch":1,"incarnation":[119,90,153,27,70,84,111,130,198,217,146,220,220,120,137,90],"index_epoch":5,"semantic_epoch":3},"hydrator":"current-document-scope-source-generation-v1","omitted_files":{},"partial":false,"read_budget_charged":66,"scope":"disk_generation:v1","validation_work":{"candidate_projection_sql":{"fullscan_steps":0,"rows":2,"sorts":0,"statements":1,"vm_steps":76},"coverage":"current final-assembly attempt SELECTs for manifest, symbol identity and candidate projection; excludes prior attempts, transaction control, originating retrieval, generation, dense fence, graph and disk work; not total cost","schema_version":1,"source_records_sql":{"fullscan_steps":0,"rows":10,"sorts":0,"statements":9,"vm_steps":292}},"verified_hits":2}},"intent":"locate","invalidations":[],"machine_pack":{"hits":[{"breadcrumb":"needle","chunk_id":"chunk:needle.py:0","end_line":2,"file_path":"needle.py","fused_score":0.08989441930618403,"graph_score":0.07931471805599452,"grep_score":0.5,"lane":null,"language":"python","lexical_score":1.0,"metadata":{"details_omitted":true,"document":{"doc_key":"29b2fa88c6d6c8741c47ad873ba80a25c628b882a28ea3cfaa7fcc69e6982938","doc_version":"9ba68969fd43b00f97a9fade36d3cd19b8f57a4b7c6dffacb8c050c2e9b29f62","encoding_key":"78fc8c83484a6639e37e832f30a8eb8310c8ad26eada3a4ec3d936c1f152fede","entity_key":"16a369932cc2a7589f395b34b3b8def8bbad6a04e00672428487964152c26486"},"qname":"needle","source_evidence":{"boundary":"symbol","owner":{"end":28,"start":0},"signature":{"end":18,"start":0},"slice_digest":"c748e325d98b5f174763b313c05ece587900d99690eedbce11f75639788c6b8b","source":{"byte_len":66,"content_digest":"bdb975ad92107a0524d6a7c217816cd1e50bb1d97a36ef892318fbe837bf8857","encoding":"utf8","snapshot_id":"735799399424072b1b6cc95488ff63f55c094da4b32573a4555bf731c014f141"},"span":{"end":28,"start":0}},"source_freshness":{"disk_checked":true,"hydrator":"current-document-scope-source-generation-v1","status":"current_verified"}},"reasons":["exact-target","exact_symbol@1","path@1","lexical@1","grep@2","symbol-exact","fts-summary","path-token:needle","symbol:needle","preselect:fts-summary:+1.40","preselect:token-search:+3.00"],"rerank_score":0.8196888975800265,"score_trace":[["rrf:exact_symbol",0.021568627450980395],["rrf:path",0.0196078431372549],["rrf:lexical",0.021568627450980395],["rrf:grep",0.015384615384615385],["rrf:graph",0.011764705882352941],["overlap",0.35],["boost:symbol-exact",0.18],["boost:stage-a",0.17600006285704412],["boost:graph-rerank",0.023794415416798356]],"source":"index","start_line":1,"symbol_kind":"function","symbol_name":"needle","text":"def needle():\n    return 731"},{"breadcrumb":"neighbor","chunk_id":"chunk:needle.py:1","end_line":5,"file_path":"needle.py","fused_score":0.048378582202111615,"graph_score":0.06931471805599453,"grep_score":1.0,"lane":null,"language":"python","lexical_score":0.5,"metadata":{"details_omitted":true,"document":{"doc_key":"3fd56c438273f4e97d76268fc1e74f7bccba6b16d9f0ef414ca67b0829003e65","doc_version":"09f385ca69393d6173161facbcb1551167f9785fcdd2ccc650f1c531bc0259ed","encoding_key":"02118b2a2349b99c9efe9684d529683cd659e52f1e28e19c864bc915175c7693","entity_key":"f8d3da2a91268bb9b93e59ca9b06d751804a9221f3d218b5a8798fab2dc8e40d"},"qname":"neighbor","source_evidence":{"boundary":"symbol","owner":{"end":65,"start":30},"signature":{"end":50,"start":30},"slice_digest":"dec7813dc4d5e300de152b45e0cb2a89c688f0a75f1501c57aa7eb68130081dd","source":{"byte_len":66,"content_digest":"bdb975ad92107a0524d6a7c217816cd1e50bb1d97a36ef892318fbe837bf8857","encoding":"utf8","snapshot_id":"735799399424072b1b6cc95488ff63f55c094da4b32573a4555bf731c014f141"},"span":{"end":66,"start":28}},"source_freshness":{"disk_checked":true,"hydrator":"current-document-scope-source-generation-v1","status":"current_verified"}},"reasons":["lexical@2","grep@1","fts-summary","path-token:needle","symbol:needle","preselect:fts-summary:+1.40","preselect:token-search:+3.00"],"rerank_score":0.5951730604759541,"score_trace":[["rrf:lexical",0.021153846153846155],["rrf:grep",0.01568627450980392],["rrf:graph",0.011538461538461537],["overlap",0.35],["boost:stage-a",0.17600006285704412],["boost:graph-rerank",0.020794415416798356]],"source":"index","start_line":2,"symbol_kind":"function","symbol_name":"neighbor","text":"\n\ndef neighbor():\n    return needle()\n"}],"kind":"code_index_context","query":"needle","repo_size_tier":"Tiny","token_budget":4000,"top_k":10},"nodes":[{"backing_file_path":"needle.py","backing_source":null,"confidence":0.8,"depends_on":[],"end_line":2,"file_path":"needle.py","freshness":null,"invalidation_keys":[],"metadata":{"representation":"machine_hit_reference"},"node_id":"search:chunk:needle.py:0","node_type":"SEARCH_HIT","rank_explanation":null,"reasons":[],"relation":null,"role":"primary","score":0.8196888975800265,"source":"index","source_end_line":2,"source_start_line":1,"span_kind":"reference","start_line":1,"text":"","title":"needle.py needle:1-2","token_estimate":0},{"backing_file_path":"needle.py","backing_source":null,"confidence":0.8,"depends_on":[],"end_line":5,"file_path":"needle.py","freshness":null,"invalidation_keys":[],"metadata":{"representation":"machine_hit_reference"},"node_id":"search:chunk:needle.py:1","node_type":"SEARCH_HIT","rank_explanation":null,"reasons":[],"relation":null,"role":"primary","score":0.5951730604759541,"source":"index","source_end_line":5,"source_start_line":2,"span_kind":"reference","start_line":2,"text":"","title":"needle.py neighbor:2-5","token_estimate":0},{"backing_file_path":null,"backing_source":null,"confidence":1.0,"depends_on":[],"end_line":null,"file_path":"needle.py","freshness":null,"invalidation_keys":[],"metadata":null,"node_id":"graph:caller:uid:ed8e61924345e59a924de3bf","node_type":"CALL_EDGE","rank_explanation":null,"reasons":[],"relation":null,"role":"neighbor","score":0.0,"source":"graph","source_end_line":null,"source_start_line":null,"span_kind":null,"start_line":5,"text":"caller: neighbor → needle (needle.py:5)","title":"Caller: neighbor","token_estimate":10},{"backing_file_path":null,"backing_source":null,"confidence":1.0,"depends_on":[],"end_line":null,"file_path":"needle.py","freshness":null,"invalidation_keys":[],"metadata":null,"node_id":"graph:callee:uid:3732066f97516c2c2f8efb6e","node_type":"CALL_EDGE","rank_explanation":null,"reasons":[],"relation":null,"role":"neighbor","score":0.0,"source":"graph","source_end_line":null,"source_start_line":null,"span_kind":null,"start_line":5,"text":"callee: neighbor → needle (needle.py:5)","title":"Callee: needle","token_estimate":10}],"query":"needle","reasons":["hybrid search over code index","graph-enriched"],"rendered_prompt":"Complete source is in machine_pack.hits; references have no source body.","resolution_freshness":{"basis_epoch":null,"complete":true,"completed_files":0,"index_epoch":5,"reason":null,"retry":null,"root_count":0,"scope":"observed_resolution_invalidations","status":"ready"},"revision":0,"spans":[{"end_line":2,"file_path":"needle.py","label":"needle","node_id":"search:chunk:needle.py:0","start_line":1},{"end_line":5,"file_path":"needle.py","label":"neighbor","node_id":"search:chunk:needle.py:1","start_line":2}],"summary":"Found 2 indexed code result(s) across 1 file(s) for `needle`.","task":"needle","token_budget":4000,"token_estimate":3134},"tool":"context"}
V18_JSON {"args":{"query":"needle","retrieval_strategy":"local"},"result":{"evidence_summary":{"files":["needle.py"],"graph_enrichment":{"callees_added":1,"callers_added":1,"symbols_resolved":2,"tests_found":0},"packing":{"compacted":true,"configured_max_bytes":18000,"continuation":"Use files region/expand on retained references; recheck source version.","limit_bytes":16000,"omitted_hits":0,"omitted_nodes":0,"original_hits":2,"original_nodes":4,"partial":false,"spec":"whole-json-intent-facets-source-support-before-incidental-v5","token_estimate_method":"ceil(serialized_utf8_bytes/4); not a tokenizer","used_bytes":12536},"retrieval":{"cost":{"coverage":"originating_work; full scope: retrieval-cost schema v1","fused_candidates":2,"hydrate_requested":2,"hydration":{"sql":{"fullscan_steps":0,"rows":10,"sorts":0,"statements":9,"vm_steps":386},"text":{"cache_hits":2,"legacy_auto_reads":0,"storage_reads":0,"utf8_bytes":66,"zstd_decodes":0}},"lane_candidates":{"exact_symbol":1,"graph":2,"grep":2,"lexical":2,"path":1},"lexical_sql":{"fullscan_steps":0,"rows":2,"sorts":1,"statements":1,"vm_steps":59},"schema_version":1},"grep":{"fallback_scanned":0,"prefilter_failed":false,"prefilter_scanned":0,"reason":null,"scan_cap":20000,"scanned":2,"skipped_duplicates":4,"soft_scanned":2,"stages":[{"stage":"soft","work":{"sql":{"fullscan_steps":0,"rows":2,"sorts":0,"statements":1,"vm_steps":29},"text":{"cache_hits":0,"legacy_auto_reads":0,"storage_reads":2,"utf8_bytes":66,"zstd_decodes":0}}},{"stage":"prefilter","work":{"sql":{"fullscan_steps":0,"rows":2,"sorts":1,"statements":1,"vm_steps":58},"text":{"cache_hits":0,"legacy_auto_reads":0,"storage_reads":0,"utf8_bytes":0,"zstd_decodes":0}}},{"stage":"fallback","work":{"sql":{"fullscan_steps":1,"rows":2,"sorts":0,"statements":1,"vm_steps":23},"text":{"cache_hits":0,"legacy_auto_reads":0,"storage_reads":0,"utf8_bytes":0,"zstd_decodes":0}}}],"status":"complete"},"lane_receipts":[{"candidate_count":1,"candidate_details_omitted":true,"coverage":{"complete":true,"examined":null,"scope":"hard_scope","total_lower_bound":1},"elapsed_us":240,"lane_id":"exact_symbol","schema_version":1,"status":"complete","truncation_reason":null,"weight":1.1},{"candidate_count":1,"candidate_details_omitted":true,"coverage":{"complete":true,"examined":null,"scope":"hard_scope","total_lower_bound":1},"elapsed_us":405,"lane_id":"path","schema_version":1,"status":"complete","truncation_reason":null,"weight":1.0},{"candidate_count":2,"candidate_details_omitted":true,"coverage":{"complete":true,"examined":null,"scope":"hard_scope","total_lower_bound":2},"elapsed_us":133,"lane_id":"lexical","schema_version":1,"status":"complete","truncation_reason":null,"weight":1.1},{"candidate_count":2,"candidate_details_omitted":true,"coverage":{"complete":true,"examined":2,"scope":"hard_scope","total_lower_bound":2},"elapsed_us":1607,"lane_id":"grep","schema_version":1,"status":"complete","truncation_reason":null,"weight":0.8},{"candidate_count":2,"candidate_details_omitted":true,"coverage":{"complete":true,"examined":null,"scope":"hard_scope","total_lower_bound":2},"elapsed_us":1212,"lane_id":"graph","schema_version":1,"status":"complete","truncation_reason":null,"weight":0.6}],"policy":{"deadline_ms":30000,"details_omitted":true,"effective":"local","graph_source_mapping":"uid_byte_decl_docs;not_whole_body:v2","intent":"locate","lane_timeout_ms":20000,"path_source_domain":"canonical_scoped_exact_else_bounded_tokens;not_whole_body:v3","requested":"local","semantic_state":"disabled","semantic_timeout_ms":5000,"semantic_top_k":24,"version":"query-policy-local-semantic-canonical-path-domain-v4"},"scope":{"budget":{"exact_symbol_candidates":24,"grep_candidates":12,"grep_enabled":true,"grep_scan_cap":20000,"lexical_candidates":24,"path_candidates":24,"rerank_window":40,"top_k":10,"units":"chunks; grep_scan_cap=decompressions; scope_receipt_v1; not_total_cost"},"details_omitted":true,"hard":{"empty":false,"explicit_file_count":null,"languages":null,"path_prefix":null,"path_prefix_truncated":false,"semantics":"conjunctive_case_sensitive_repo_paths; explicit_empty_denies"},"ordering":["exact_identity_first","rerank_score_desc","chunk_id_asc"],"policy":"canonical-scoped-exact-path-domain-compact-context-budget-v22","schema_version":1,"soft":{"contributions":"score_trace=additive; stage_a_already_included; raw_hint_paths_omitted","hint_entries":{"overlay":0,"pinned":0,"recent":0,"working":0},"preselected_count":1,"role":"ranking_and_scan_priority_only"}}},"search_hits":2,"selection":{"facets":{"implementation":2},"input_candidates":2,"intent":"locate","intent_facet_anchors":{},"limit_omitted":0,"original_ranks":[1,2],"overlap":{"fully_covered_candidates":0,"input_bytes":66,"redundant_bytes":0,"unique_bytes":66},"requested_limit":10,"selected":2,"selected_overlap":{"fully_covered_candidates":0,"input_bytes":66,"redundant_bytes":0,"unique_bytes":66},"source_covered_omissions":0,"source_support_anchors":[],"source_support_scope":"cue_window:v1","spec":"anchored-facets-distinctive-source-union-v2","unmet_facets":[]},"source_freshness":{"budget_exhausted":false,"checked_files":1,"dense_manifest_fence":{"checked":0,"skip_disposition":"stale_publication_skipped","skipped":0},"generation":{"evidence_epoch":1,"incarnation":[10,185,78,123,44,206,73,121,16,159,128,121,87,131,81,184],"index_epoch":5,"semantic_epoch":null},"hydrator":"current-document-scope-source-generation-v1","omitted_files":{},"partial":false,"read_budget_charged":66,"scope":"disk_generation:v1","validation_work":{"candidate_projection_sql":{"fullscan_steps":0,"rows":2,"sorts":0,"statements":1,"vm_steps":76},"coverage":"current final-assembly attempt SELECTs for manifest, symbol identity and candidate projection; excludes prior attempts, transaction control, originating retrieval, generation, dense fence, graph and disk work; not total cost","schema_version":1,"source_records_sql":{"fullscan_steps":0,"rows":10,"sorts":0,"statements":9,"vm_steps":292}},"verified_hits":2}},"intent":"locate","invalidations":[],"machine_pack":{"hits":[{"breadcrumb":"needle","chunk_id":"chunk:needle.py:0","end_line":2,"file_path":"needle.py","fused_score":0.08989441930618403,"graph_score":0.07931471805599452,"grep_score":0.5,"lane":null,"language":"python","lexical_score":1.0,"metadata":{"details_omitted":true,"document":{"doc_key":"29b2fa88c6d6c8741c47ad873ba80a25c628b882a28ea3cfaa7fcc69e6982938","doc_version":"9ba68969fd43b00f97a9fade36d3cd19b8f57a4b7c6dffacb8c050c2e9b29f62","encoding_key":"78fc8c83484a6639e37e832f30a8eb8310c8ad26eada3a4ec3d936c1f152fede","entity_key":"16a369932cc2a7589f395b34b3b8def8bbad6a04e00672428487964152c26486"},"qname":"needle","source_evidence":{"boundary":"symbol","owner":{"end":28,"start":0},"signature":{"end":18,"start":0},"slice_digest":"c748e325d98b5f174763b313c05ece587900d99690eedbce11f75639788c6b8b","source":{"byte_len":66,"content_digest":"bdb975ad92107a0524d6a7c217816cd1e50bb1d97a36ef892318fbe837bf8857","encoding":"utf8","snapshot_id":"735799399424072b1b6cc95488ff63f55c094da4b32573a4555bf731c014f141"},"span":{"end":28,"start":0}},"source_freshness":{"disk_checked":true,"hydrator":"current-document-scope-source-generation-v1","status":"current_verified"}},"reasons":["exact-target","exact_symbol@1","path@1","lexical@1","grep@2","symbol-exact","fts-summary","path-token:needle","symbol:needle","preselect:fts-summary:+1.40","preselect:token-search:+3.00"],"rerank_score":0.8196888975800265,"score_trace":[["rrf:exact_symbol",0.021568627450980395],["rrf:path",0.0196078431372549],["rrf:lexical",0.021568627450980395],["rrf:grep",0.015384615384615385],["rrf:graph",0.011764705882352941],["overlap",0.35],["boost:symbol-exact",0.18],["boost:stage-a",0.17600006285704412],["boost:graph-rerank",0.023794415416798356]],"source":"index","start_line":1,"symbol_kind":"function","symbol_name":"needle","text":"def needle():\n    return 731"},{"breadcrumb":"neighbor","chunk_id":"chunk:needle.py:1","end_line":5,"file_path":"needle.py","fused_score":0.048378582202111615,"graph_score":0.06931471805599453,"grep_score":1.0,"lane":null,"language":"python","lexical_score":0.5,"metadata":{"details_omitted":true,"document":{"doc_key":"3fd56c438273f4e97d76268fc1e74f7bccba6b16d9f0ef414ca67b0829003e65","doc_version":"09f385ca69393d6173161facbcb1551167f9785fcdd2ccc650f1c531bc0259ed","encoding_key":"02118b2a2349b99c9efe9684d529683cd659e52f1e28e19c864bc915175c7693","entity_key":"f8d3da2a91268bb9b93e59ca9b06d751804a9221f3d218b5a8798fab2dc8e40d"},"qname":"neighbor","source_evidence":{"boundary":"symbol","owner":{"end":65,"start":30},"signature":{"end":50,"start":30},"slice_digest":"dec7813dc4d5e300de152b45e0cb2a89c688f0a75f1501c57aa7eb68130081dd","source":{"byte_len":66,"content_digest":"bdb975ad92107a0524d6a7c217816cd1e50bb1d97a36ef892318fbe837bf8857","encoding":"utf8","snapshot_id":"735799399424072b1b6cc95488ff63f55c094da4b32573a4555bf731c014f141"},"span":{"end":66,"start":28}},"source_freshness":{"disk_checked":true,"hydrator":"current-document-scope-source-generation-v1","status":"current_verified"}},"reasons":["lexical@2","grep@1","fts-summary","path-token:needle","symbol:needle","preselect:fts-summary:+1.40","preselect:token-search:+3.00"],"rerank_score":0.5951730604759541,"score_trace":[["rrf:lexical",0.021153846153846155],["rrf:grep",0.01568627450980392],["rrf:graph",0.011538461538461537],["overlap",0.35],["boost:stage-a",0.17600006285704412],["boost:graph-rerank",0.020794415416798356]],"source":"index","start_line":2,"symbol_kind":"function","symbol_name":"neighbor","text":"\n\ndef neighbor():\n    return needle()\n"}],"kind":"code_index_context","query":"needle","repo_size_tier":"Tiny","token_budget":4000,"top_k":10},"nodes":[{"backing_file_path":"needle.py","backing_source":null,"confidence":0.8,"depends_on":[],"end_line":2,"file_path":"needle.py","freshness":null,"invalidation_keys":[],"metadata":{"representation":"machine_hit_reference"},"node_id":"search:chunk:needle.py:0","node_type":"SEARCH_HIT","rank_explanation":null,"reasons":[],"relation":null,"role":"primary","score":0.8196888975800265,"source":"index","source_end_line":2,"source_start_line":1,"span_kind":"reference","start_line":1,"text":"","title":"needle.py needle:1-2","token_estimate":0},{"backing_file_path":"needle.py","backing_source":null,"confidence":0.8,"depends_on":[],"end_line":5,"file_path":"needle.py","freshness":null,"invalidation_keys":[],"metadata":{"representation":"machine_hit_reference"},"node_id":"search:chunk:needle.py:1","node_type":"SEARCH_HIT","rank_explanation":null,"reasons":[],"relation":null,"role":"primary","score":0.5951730604759541,"source":"index","source_end_line":5,"source_start_line":2,"span_kind":"reference","start_line":2,"text":"","title":"needle.py neighbor:2-5","token_estimate":0},{"backing_file_path":null,"backing_source":null,"confidence":1.0,"depends_on":[],"end_line":null,"file_path":"needle.py","freshness":null,"invalidation_keys":[],"metadata":null,"node_id":"graph:caller:uid:ed8e61924345e59a924de3bf","node_type":"CALL_EDGE","rank_explanation":null,"reasons":[],"relation":null,"role":"neighbor","score":0.0,"source":"graph","source_end_line":null,"source_start_line":null,"span_kind":null,"start_line":5,"text":"caller: neighbor → needle (needle.py:5)","title":"Caller: neighbor","token_estimate":10},{"backing_file_path":null,"backing_source":null,"confidence":1.0,"depends_on":[],"end_line":null,"file_path":"needle.py","freshness":null,"invalidation_keys":[],"metadata":null,"node_id":"graph:callee:uid:3732066f97516c2c2f8efb6e","node_type":"CALL_EDGE","rank_explanation":null,"reasons":[],"relation":null,"role":"neighbor","score":0.0,"source":"graph","source_end_line":null,"source_start_line":null,"span_kind":null,"start_line":5,"text":"callee: neighbor → needle (needle.py:5)","title":"Callee: needle","token_estimate":10}],"query":"needle","reasons":["hybrid search over code index","graph-enriched"],"rendered_prompt":"Complete source is in machine_pack.hits; references have no source body.","resolution_freshness":{"basis_epoch":null,"complete":true,"completed_files":0,"index_epoch":5,"reason":null,"retry":null,"root_count":0,"scope":"observed_resolution_invalidations","status":"ready"},"revision":0,"spans":[{"end_line":2,"file_path":"needle.py","label":"needle","node_id":"search:chunk:needle.py:0","start_line":1},{"end_line":5,"file_path":"needle.py","label":"neighbor","node_id":"search:chunk:needle.py:1","start_line":2}],"summary":"Found 2 indexed code result(s) across 1 file(s) for `needle`.","task":"needle","token_budget":4000,"token_estimate":3134},"tool":"search"}
V18_JSON {"args":{"task":"needle"},"result":{"evidence_summary":{"files":["needle.py"],"graph_enrichment":{"callees_added":1,"callers_added":1,"symbols_resolved":2,"tests_found":0},"packing":{"compacted":true,"configured_max_bytes":18000,"continuation":"Use files region/expand on retained references; recheck source version.","limit_bytes":16000,"omitted_hits":0,"omitted_nodes":0,"original_hits":2,"original_nodes":4,"partial":false,"spec":"whole-json-intent-facets-source-support-before-incidental-v5","token_estimate_method":"ceil(serialized_utf8_bytes/4); not a tokenizer","used_bytes":12542},"retrieval":{"cost":{"coverage":"originating_work; full scope: retrieval-cost schema v1","fused_candidates":2,"hydrate_requested":2,"hydration":{"sql":{"fullscan_steps":0,"rows":10,"sorts":0,"statements":9,"vm_steps":386},"text":{"cache_hits":2,"legacy_auto_reads":0,"storage_reads":0,"utf8_bytes":66,"zstd_decodes":0}},"lane_candidates":{"exact_symbol":1,"graph":2,"grep":2,"lexical":2,"path":1},"lexical_sql":{"fullscan_steps":0,"rows":2,"sorts":1,"statements":1,"vm_steps":59},"schema_version":1},"grep":{"fallback_scanned":0,"prefilter_failed":false,"prefilter_scanned":0,"reason":null,"scan_cap":20000,"scanned":2,"skipped_duplicates":4,"soft_scanned":2,"stages":[{"stage":"soft","work":{"sql":{"fullscan_steps":0,"rows":2,"sorts":0,"statements":1,"vm_steps":29},"text":{"cache_hits":0,"legacy_auto_reads":0,"storage_reads":2,"utf8_bytes":66,"zstd_decodes":0}}},{"stage":"prefilter","work":{"sql":{"fullscan_steps":0,"rows":2,"sorts":1,"statements":1,"vm_steps":58},"text":{"cache_hits":0,"legacy_auto_reads":0,"storage_reads":0,"utf8_bytes":0,"zstd_decodes":0}}},{"stage":"fallback","work":{"sql":{"fullscan_steps":1,"rows":2,"sorts":0,"statements":1,"vm_steps":23},"text":{"cache_hits":0,"legacy_auto_reads":0,"storage_reads":0,"utf8_bytes":0,"zstd_decodes":0}}}],"status":"complete"},"lane_receipts":[{"candidate_count":1,"candidate_details_omitted":true,"coverage":{"complete":true,"examined":null,"scope":"hard_scope","total_lower_bound":1},"elapsed_us":323,"lane_id":"exact_symbol","schema_version":1,"status":"complete","truncation_reason":null,"weight":1.1},{"candidate_count":1,"candidate_details_omitted":true,"coverage":{"complete":true,"examined":null,"scope":"hard_scope","total_lower_bound":1},"elapsed_us":4071,"lane_id":"path","schema_version":1,"status":"complete","truncation_reason":null,"weight":1.0},{"candidate_count":2,"candidate_details_omitted":true,"coverage":{"complete":true,"examined":null,"scope":"hard_scope","total_lower_bound":2},"elapsed_us":355,"lane_id":"lexical","schema_version":1,"status":"complete","truncation_reason":null,"weight":1.1},{"candidate_count":2,"candidate_details_omitted":true,"coverage":{"complete":true,"examined":2,"scope":"hard_scope","total_lower_bound":2},"elapsed_us":6331,"lane_id":"grep","schema_version":1,"status":"complete","truncation_reason":null,"weight":0.8},{"candidate_count":2,"candidate_details_omitted":true,"coverage":{"complete":true,"examined":null,"scope":"hard_scope","total_lower_bound":2},"elapsed_us":1311,"lane_id":"graph","schema_version":1,"status":"complete","truncation_reason":null,"weight":0.6}],"policy":{"deadline_ms":30000,"details_omitted":true,"effective":"local","graph_source_mapping":"uid_byte_decl_docs;not_whole_body:v2","intent":"locate","lane_timeout_ms":20000,"path_source_domain":"canonical_scoped_exact_else_bounded_tokens;not_whole_body:v3","requested":"auto","semantic_state":"not_configured","semantic_timeout_ms":5000,"semantic_top_k":24,"version":"query-policy-local-semantic-canonical-path-domain-v4"},"scope":{"budget":{"exact_symbol_candidates":24,"grep_candidates":12,"grep_enabled":true,"grep_scan_cap":20000,"lexical_candidates":24,"path_candidates":24,"rerank_window":40,"top_k":10,"units":"chunks; grep_scan_cap=decompressions; scope_receipt_v1; not_total_cost"},"details_omitted":true,"hard":{"empty":false,"explicit_file_count":null,"languages":null,"path_prefix":null,"path_prefix_truncated":false,"semantics":"conjunctive_case_sensitive_repo_paths; explicit_empty_denies"},"ordering":["exact_identity_first","rerank_score_desc","chunk_id_asc"],"policy":"canonical-scoped-exact-path-domain-compact-context-budget-v22","schema_version":1,"soft":{"contributions":"score_trace=additive; stage_a_already_included; raw_hint_paths_omitted","hint_entries":{"overlay":0,"pinned":0,"recent":0,"working":0},"preselected_count":1,"role":"ranking_and_scan_priority_only"}}},"search_hits":2,"selection":{"facets":{"implementation":2},"input_candidates":2,"intent":"locate","intent_facet_anchors":{},"limit_omitted":0,"original_ranks":[1,2],"overlap":{"fully_covered_candidates":0,"input_bytes":66,"redundant_bytes":0,"unique_bytes":66},"requested_limit":10,"selected":2,"selected_overlap":{"fully_covered_candidates":0,"input_bytes":66,"redundant_bytes":0,"unique_bytes":66},"source_covered_omissions":0,"source_support_anchors":[],"source_support_scope":"cue_window:v1","spec":"anchored-facets-distinctive-source-union-v2","unmet_facets":[]},"source_freshness":{"budget_exhausted":false,"checked_files":1,"dense_manifest_fence":{"checked":0,"skip_disposition":"stale_publication_skipped","skipped":0},"generation":{"evidence_epoch":1,"incarnation":[10,185,78,123,44,206,73,121,16,159,128,121,87,131,81,184],"index_epoch":5,"semantic_epoch":null},"hydrator":"current-document-scope-source-generation-v1","omitted_files":{},"partial":false,"read_budget_charged":66,"scope":"disk_generation:v1","validation_work":{"candidate_projection_sql":{"fullscan_steps":0,"rows":2,"sorts":0,"statements":1,"vm_steps":76},"coverage":"current final-assembly attempt SELECTs for manifest, symbol identity and candidate projection; excludes prior attempts, transaction control, originating retrieval, generation, dense fence, graph and disk work; not total cost","schema_version":1,"source_records_sql":{"fullscan_steps":0,"rows":10,"sorts":0,"statements":9,"vm_steps":292}},"verified_hits":2}},"intent":"locate","invalidations":[],"machine_pack":{"hits":[{"breadcrumb":"needle","chunk_id":"chunk:needle.py:0","end_line":2,"file_path":"needle.py","fused_score":0.08989441930618403,"graph_score":0.07931471805599452,"grep_score":0.5,"lane":null,"language":"python","lexical_score":1.0,"metadata":{"details_omitted":true,"document":{"doc_key":"29b2fa88c6d6c8741c47ad873ba80a25c628b882a28ea3cfaa7fcc69e6982938","doc_version":"9ba68969fd43b00f97a9fade36d3cd19b8f57a4b7c6dffacb8c050c2e9b29f62","encoding_key":"78fc8c83484a6639e37e832f30a8eb8310c8ad26eada3a4ec3d936c1f152fede","entity_key":"16a369932cc2a7589f395b34b3b8def8bbad6a04e00672428487964152c26486"},"qname":"needle","source_evidence":{"boundary":"symbol","owner":{"end":28,"start":0},"signature":{"end":18,"start":0},"slice_digest":"c748e325d98b5f174763b313c05ece587900d99690eedbce11f75639788c6b8b","source":{"byte_len":66,"content_digest":"bdb975ad92107a0524d6a7c217816cd1e50bb1d97a36ef892318fbe837bf8857","encoding":"utf8","snapshot_id":"735799399424072b1b6cc95488ff63f55c094da4b32573a4555bf731c014f141"},"span":{"end":28,"start":0}},"source_freshness":{"disk_checked":true,"hydrator":"current-document-scope-source-generation-v1","status":"current_verified"}},"reasons":["exact-target","exact_symbol@1","path@1","lexical@1","grep@2","symbol-exact","fts-summary","path-token:needle","symbol:needle","preselect:fts-summary:+1.40","preselect:token-search:+3.00"],"rerank_score":0.8196888975800265,"score_trace":[["rrf:exact_symbol",0.021568627450980395],["rrf:path",0.0196078431372549],["rrf:lexical",0.021568627450980395],["rrf:grep",0.015384615384615385],["rrf:graph",0.011764705882352941],["overlap",0.35],["boost:symbol-exact",0.18],["boost:stage-a",0.17600006285704412],["boost:graph-rerank",0.023794415416798356]],"source":"index","start_line":1,"symbol_kind":"function","symbol_name":"needle","text":"def needle():\n    return 731"},{"breadcrumb":"neighbor","chunk_id":"chunk:needle.py:1","end_line":5,"file_path":"needle.py","fused_score":0.048378582202111615,"graph_score":0.06931471805599453,"grep_score":1.0,"lane":null,"language":"python","lexical_score":0.5,"metadata":{"details_omitted":true,"document":{"doc_key":"3fd56c438273f4e97d76268fc1e74f7bccba6b16d9f0ef414ca67b0829003e65","doc_version":"09f385ca69393d6173161facbcb1551167f9785fcdd2ccc650f1c531bc0259ed","encoding_key":"02118b2a2349b99c9efe9684d529683cd659e52f1e28e19c864bc915175c7693","entity_key":"f8d3da2a91268bb9b93e59ca9b06d751804a9221f3d218b5a8798fab2dc8e40d"},"qname":"neighbor","source_evidence":{"boundary":"symbol","owner":{"end":65,"start":30},"signature":{"end":50,"start":30},"slice_digest":"dec7813dc4d5e300de152b45e0cb2a89c688f0a75f1501c57aa7eb68130081dd","source":{"byte_len":66,"content_digest":"bdb975ad92107a0524d6a7c217816cd1e50bb1d97a36ef892318fbe837bf8857","encoding":"utf8","snapshot_id":"735799399424072b1b6cc95488ff63f55c094da4b32573a4555bf731c014f141"},"span":{"end":66,"start":28}},"source_freshness":{"disk_checked":true,"hydrator":"current-document-scope-source-generation-v1","status":"current_verified"}},"reasons":["lexical@2","grep@1","fts-summary","path-token:needle","symbol:needle","preselect:fts-summary:+1.40","preselect:token-search:+3.00"],"rerank_score":0.5951730604759541,"score_trace":[["rrf:lexical",0.021153846153846155],["rrf:grep",0.01568627450980392],["rrf:graph",0.011538461538461537],["overlap",0.35],["boost:stage-a",0.17600006285704412],["boost:graph-rerank",0.020794415416798356]],"source":"index","start_line":2,"symbol_kind":"function","symbol_name":"neighbor","text":"\n\ndef neighbor():\n    return needle()\n"}],"kind":"code_index_context","query":"needle","repo_size_tier":"Tiny","token_budget":4000,"top_k":10},"nodes":[{"backing_file_path":"needle.py","backing_source":null,"confidence":0.8,"depends_on":[],"end_line":2,"file_path":"needle.py","freshness":null,"invalidation_keys":[],"metadata":{"representation":"machine_hit_reference"},"node_id":"search:chunk:needle.py:0","node_type":"SEARCH_HIT","rank_explanation":null,"reasons":[],"relation":null,"role":"primary","score":0.8196888975800265,"source":"index","source_end_line":2,"source_start_line":1,"span_kind":"reference","start_line":1,"text":"","title":"needle.py needle:1-2","token_estimate":0},{"backing_file_path":"needle.py","backing_source":null,"confidence":0.8,"depends_on":[],"end_line":5,"file_path":"needle.py","freshness":null,"invalidation_keys":[],"metadata":{"representation":"machine_hit_reference"},"node_id":"search:chunk:needle.py:1","node_type":"SEARCH_HIT","rank_explanation":null,"reasons":[],"relation":null,"role":"primary","score":0.5951730604759541,"source":"index","source_end_line":5,"source_start_line":2,"span_kind":"reference","start_line":2,"text":"","title":"needle.py neighbor:2-5","token_estimate":0},{"backing_file_path":null,"backing_source":null,"confidence":1.0,"depends_on":[],"end_line":null,"file_path":"needle.py","freshness":null,"invalidation_keys":[],"metadata":null,"node_id":"graph:caller:uid:ed8e61924345e59a924de3bf","node_type":"CALL_EDGE","rank_explanation":null,"reasons":[],"relation":null,"role":"neighbor","score":0.0,"source":"graph","source_end_line":null,"source_start_line":null,"span_kind":null,"start_line":5,"text":"caller: neighbor → needle (needle.py:5)","title":"Caller: neighbor","token_estimate":10},{"backing_file_path":null,"backing_source":null,"confidence":1.0,"depends_on":[],"end_line":null,"file_path":"needle.py","freshness":null,"invalidation_keys":[],"metadata":null,"node_id":"graph:callee:uid:3732066f97516c2c2f8efb6e","node_type":"CALL_EDGE","rank_explanation":null,"reasons":[],"relation":null,"role":"neighbor","score":0.0,"source":"graph","source_end_line":null,"source_start_line":null,"span_kind":null,"start_line":5,"text":"callee: neighbor → needle (needle.py:5)","title":"Callee: needle","token_estimate":10}],"query":"needle","reasons":["hybrid search over code index","graph-enriched"],"rendered_prompt":"Complete source is in machine_pack.hits; references have no source body.","resolution_freshness":{"basis_epoch":null,"complete":true,"completed_files":0,"index_epoch":5,"reason":null,"retry":null,"root_count":0,"scope":"observed_resolution_invalidations","status":"ready"},"revision":0,"spans":[{"end_line":2,"file_path":"needle.py","label":"needle","node_id":"search:chunk:needle.py:0","start_line":1},{"end_line":5,"file_path":"needle.py","label":"neighbor","node_id":"search:chunk:needle.py:1","start_line":2}],"summary":"Found 2 indexed code result(s) across 1 file(s) for `needle`.","task":"needle","token_budget":4000,"token_estimate":3136},"tool":"context"}
V18_JSON {"args":{"retrieval_strategy":"auto","task":"needle"},"result":{"evidence_summary":{"files":["needle.py"],"graph_enrichment":{"callees_added":1,"callers_added":1,"symbols_resolved":2,"tests_found":0},"packing":{"compacted":true,"configured_max_bytes":18000,"continuation":"Use files region/expand on retained references; recheck source version.","limit_bytes":16000,"omitted_hits":0,"omitted_nodes":0,"original_hits":2,"original_nodes":4,"partial":false,"spec":"whole-json-intent-facets-source-support-before-incidental-v5","token_estimate_method":"ceil(serialized_utf8_bytes/4); not a tokenizer","used_bytes":12832},"retrieval":{"cost":{"coverage":"originating_work; full scope: retrieval-cost schema v1","fused_candidates":2,"hydrate_requested":2,"hydration":{"sql":{"fullscan_steps":0,"rows":10,"sorts":0,"statements":9,"vm_steps":386},"text":{"cache_hits":2,"legacy_auto_reads":0,"storage_reads":0,"utf8_bytes":66,"zstd_decodes":0}},"lane_candidates":{"exact_symbol":1,"graph":2,"grep":2,"lexical":2,"path":1,"semantic":0},"lexical_sql":{"fullscan_steps":0,"rows":2,"sorts":1,"statements":1,"vm_steps":59},"schema_version":1},"grep":{"fallback_scanned":0,"prefilter_failed":false,"prefilter_scanned":0,"reason":null,"scan_cap":20000,"scanned":2,"skipped_duplicates":4,"soft_scanned":2,"stages":[{"stage":"soft","work":{"sql":{"fullscan_steps":0,"rows":2,"sorts":0,"statements":1,"vm_steps":29},"text":{"cache_hits":0,"legacy_auto_reads":0,"storage_reads":2,"utf8_bytes":66,"zstd_decodes":0}}},{"stage":"prefilter","work":{"sql":{"fullscan_steps":0,"rows":2,"sorts":1,"statements":1,"vm_steps":58},"text":{"cache_hits":0,"legacy_auto_reads":0,"storage_reads":0,"utf8_bytes":0,"zstd_decodes":0}}},{"stage":"fallback","work":{"sql":{"fullscan_steps":1,"rows":2,"sorts":0,"statements":1,"vm_steps":23},"text":{"cache_hits":0,"legacy_auto_reads":0,"storage_reads":0,"utf8_bytes":0,"zstd_decodes":0}}}],"status":"complete"},"lane_receipts":[{"candidate_count":1,"candidate_details_omitted":true,"coverage":{"complete":true,"examined":null,"scope":"hard_scope","total_lower_bound":1},"elapsed_us":293,"lane_id":"exact_symbol","schema_version":1,"status":"complete","truncation_reason":null,"weight":1.1},{"candidate_count":1,"candidate_details_omitted":true,"coverage":{"complete":true,"examined":null,"scope":"hard_scope","total_lower_bound":1},"elapsed_us":329,"lane_id":"path","schema_version":1,"status":"complete","truncation_reason":null,"weight":1.0},{"candidate_count":2,"candidate_details_omitted":true,"coverage":{"complete":true,"examined":null,"scope":"hard_scope","total_lower_bound":2},"elapsed_us":163,"lane_id":"lexical","schema_version":1,"status":"complete","truncation_reason":null,"weight":1.1},{"candidate_count":2,"candidate_details_omitted":true,"coverage":{"complete":true,"examined":2,"scope":"hard_scope","total_lower_bound":2},"elapsed_us":1979,"lane_id":"grep","schema_version":1,"status":"complete","truncation_reason":null,"weight":0.8},{"candidate_count":2,"candidate_details_omitted":true,"coverage":{"complete":true,"examined":null,"scope":"hard_scope","total_lower_bound":2},"elapsed_us":1254,"lane_id":"graph","schema_version":1,"status":"complete","truncation_reason":null,"weight":0.6},{"candidate_count":0,"candidate_details_omitted":true,"coverage":{"complete":false,"examined":null,"scope":"hard_scope","total_lower_bound":0},"elapsed_us":142,"lane_id":"semantic","schema_version":1,"status":"unavailable","truncation_reason":"query_vector_not_encoded","weight":1.0}],"policy":{"deadline_ms":30000,"details_omitted":true,"effective":"auto","graph_source_mapping":"uid_byte_decl_docs;not_whole_body:v2","intent":"locate","lane_timeout_ms":20000,"path_source_domain":"canonical_scoped_exact_else_bounded_tokens;not_whole_body:v3","requested":"auto","semantic_state":"configured","semantic_timeout_ms":5000,"semantic_top_k":24,"version":"query-policy-local-semantic-canonical-path-domain-v4"},"scope":{"budget":{"exact_symbol_candidates":24,"grep_candidates":12,"grep_enabled":true,"grep_scan_cap":20000,"lexical_candidates":24,"path_candidates":24,"rerank_window":40,"top_k":10,"units":"chunks; grep_scan_cap=decompressions; scope_receipt_v1; not_total_cost"},"details_omitted":true,"hard":{"empty":false,"explicit_file_count":null,"languages":null,"path_prefix":null,"path_prefix_truncated":false,"semantics":"conjunctive_case_sensitive_repo_paths; explicit_empty_denies"},"ordering":["exact_identity_first","rerank_score_desc","chunk_id_asc"],"policy":"canonical-scoped-exact-path-domain-compact-context-budget-v22","schema_version":1,"soft":{"contributions":"score_trace=additive; stage_a_already_included; raw_hint_paths_omitted","hint_entries":{"overlay":0,"pinned":0,"recent":0,"working":0},"preselected_count":1,"role":"ranking_and_scan_priority_only"}}},"search_hits":2,"selection":{"facets":{"implementation":2},"input_candidates":2,"intent":"locate","intent_facet_anchors":{},"limit_omitted":0,"original_ranks":[1,2],"overlap":{"fully_covered_candidates":0,"input_bytes":66,"redundant_bytes":0,"unique_bytes":66},"requested_limit":10,"selected":2,"selected_overlap":{"fully_covered_candidates":0,"input_bytes":66,"redundant_bytes":0,"unique_bytes":66},"source_covered_omissions":0,"source_support_anchors":[],"source_support_scope":"cue_window:v1","spec":"anchored-facets-distinctive-source-union-v2","unmet_facets":[]},"source_freshness":{"budget_exhausted":false,"checked_files":1,"dense_manifest_fence":{"checked":0,"skip_disposition":"stale_publication_skipped","skipped":0},"generation":{"evidence_epoch":1,"incarnation":[119,90,153,27,70,84,111,130,198,217,146,220,220,120,137,90],"index_epoch":5,"semantic_epoch":3},"hydrator":"current-document-scope-source-generation-v1","omitted_files":{},"partial":false,"read_budget_charged":66,"scope":"disk_generation:v1","validation_work":{"candidate_projection_sql":{"fullscan_steps":0,"rows":2,"sorts":0,"statements":1,"vm_steps":76},"coverage":"current final-assembly attempt SELECTs for manifest, symbol identity and candidate projection; excludes prior attempts, transaction control, originating retrieval, generation, dense fence, graph and disk work; not total cost","schema_version":1,"source_records_sql":{"fullscan_steps":0,"rows":10,"sorts":0,"statements":9,"vm_steps":292}},"verified_hits":2}},"intent":"locate","invalidations":[],"machine_pack":{"hits":[{"breadcrumb":"needle","chunk_id":"chunk:needle.py:0","end_line":2,"file_path":"needle.py","fused_score":0.08989441930618403,"graph_score":0.07931471805599452,"grep_score":0.5,"lane":null,"language":"python","lexical_score":1.0,"metadata":{"details_omitted":true,"document":{"doc_key":"29b2fa88c6d6c8741c47ad873ba80a25c628b882a28ea3cfaa7fcc69e6982938","doc_version":"9ba68969fd43b00f97a9fade36d3cd19b8f57a4b7c6dffacb8c050c2e9b29f62","encoding_key":"78fc8c83484a6639e37e832f30a8eb8310c8ad26eada3a4ec3d936c1f152fede","entity_key":"16a369932cc2a7589f395b34b3b8def8bbad6a04e00672428487964152c26486"},"qname":"needle","source_evidence":{"boundary":"symbol","owner":{"end":28,"start":0},"signature":{"end":18,"start":0},"slice_digest":"c748e325d98b5f174763b313c05ece587900d99690eedbce11f75639788c6b8b","source":{"byte_len":66,"content_digest":"bdb975ad92107a0524d6a7c217816cd1e50bb1d97a36ef892318fbe837bf8857","encoding":"utf8","snapshot_id":"735799399424072b1b6cc95488ff63f55c094da4b32573a4555bf731c014f141"},"span":{"end":28,"start":0}},"source_freshness":{"disk_checked":true,"hydrator":"current-document-scope-source-generation-v1","status":"current_verified"}},"reasons":["exact-target","exact_symbol@1","path@1","lexical@1","grep@2","symbol-exact","fts-summary","path-token:needle","symbol:needle","preselect:fts-summary:+1.40","preselect:token-search:+3.00"],"rerank_score":0.8196888975800265,"score_trace":[["rrf:exact_symbol",0.021568627450980395],["rrf:path",0.0196078431372549],["rrf:lexical",0.021568627450980395],["rrf:grep",0.015384615384615385],["rrf:graph",0.011764705882352941],["overlap",0.35],["boost:symbol-exact",0.18],["boost:stage-a",0.17600006285704412],["boost:graph-rerank",0.023794415416798356]],"source":"index","start_line":1,"symbol_kind":"function","symbol_name":"needle","text":"def needle():\n    return 731"},{"breadcrumb":"neighbor","chunk_id":"chunk:needle.py:1","end_line":5,"file_path":"needle.py","fused_score":0.048378582202111615,"graph_score":0.06931471805599453,"grep_score":1.0,"lane":null,"language":"python","lexical_score":0.5,"metadata":{"details_omitted":true,"document":{"doc_key":"3fd56c438273f4e97d76268fc1e74f7bccba6b16d9f0ef414ca67b0829003e65","doc_version":"09f385ca69393d6173161facbcb1551167f9785fcdd2ccc650f1c531bc0259ed","encoding_key":"02118b2a2349b99c9efe9684d529683cd659e52f1e28e19c864bc915175c7693","entity_key":"f8d3da2a91268bb9b93e59ca9b06d751804a9221f3d218b5a8798fab2dc8e40d"},"qname":"neighbor","source_evidence":{"boundary":"symbol","owner":{"end":65,"start":30},"signature":{"end":50,"start":30},"slice_digest":"dec7813dc4d5e300de152b45e0cb2a89c688f0a75f1501c57aa7eb68130081dd","source":{"byte_len":66,"content_digest":"bdb975ad92107a0524d6a7c217816cd1e50bb1d97a36ef892318fbe837bf8857","encoding":"utf8","snapshot_id":"735799399424072b1b6cc95488ff63f55c094da4b32573a4555bf731c014f141"},"span":{"end":66,"start":28}},"source_freshness":{"disk_checked":true,"hydrator":"current-document-scope-source-generation-v1","status":"current_verified"}},"reasons":["lexical@2","grep@1","fts-summary","path-token:needle","symbol:needle","preselect:fts-summary:+1.40","preselect:token-search:+3.00"],"rerank_score":0.5951730604759541,"score_trace":[["rrf:lexical",0.021153846153846155],["rrf:grep",0.01568627450980392],["rrf:graph",0.011538461538461537],["overlap",0.35],["boost:stage-a",0.17600006285704412],["boost:graph-rerank",0.020794415416798356]],"source":"index","start_line":2,"symbol_kind":"function","symbol_name":"neighbor","text":"\n\ndef neighbor():\n    return needle()\n"}],"kind":"code_index_context","query":"needle","repo_size_tier":"Tiny","token_budget":4000,"top_k":10},"nodes":[{"backing_file_path":"needle.py","backing_source":null,"confidence":0.8,"depends_on":[],"end_line":2,"file_path":"needle.py","freshness":null,"invalidation_keys":[],"metadata":{"representation":"machine_hit_reference"},"node_id":"search:chunk:needle.py:0","node_type":"SEARCH_HIT","rank_explanation":null,"reasons":[],"relation":null,"role":"primary","score":0.8196888975800265,"source":"index","source_end_line":2,"source_start_line":1,"span_kind":"reference","start_line":1,"text":"","title":"needle.py needle:1-2","token_estimate":0},{"backing_file_path":"needle.py","backing_source":null,"confidence":0.8,"depends_on":[],"end_line":5,"file_path":"needle.py","freshness":null,"invalidation_keys":[],"metadata":{"representation":"machine_hit_reference"},"node_id":"search:chunk:needle.py:1","node_type":"SEARCH_HIT","rank_explanation":null,"reasons":[],"relation":null,"role":"primary","score":0.5951730604759541,"source":"index","source_end_line":5,"source_start_line":2,"span_kind":"reference","start_line":2,"text":"","title":"needle.py neighbor:2-5","token_estimate":0},{"backing_file_path":null,"backing_source":null,"confidence":1.0,"depends_on":[],"end_line":null,"file_path":"needle.py","freshness":null,"invalidation_keys":[],"metadata":null,"node_id":"graph:caller:uid:ed8e61924345e59a924de3bf","node_type":"CALL_EDGE","rank_explanation":null,"reasons":[],"relation":null,"role":"neighbor","score":0.0,"source":"graph","source_end_line":null,"source_start_line":null,"span_kind":null,"start_line":5,"text":"caller: neighbor → needle (needle.py:5)","title":"Caller: neighbor","token_estimate":10},{"backing_file_path":null,"backing_source":null,"confidence":1.0,"depends_on":[],"end_line":null,"file_path":"needle.py","freshness":null,"invalidation_keys":[],"metadata":null,"node_id":"graph:callee:uid:3732066f97516c2c2f8efb6e","node_type":"CALL_EDGE","rank_explanation":null,"reasons":[],"relation":null,"role":"neighbor","score":0.0,"source":"graph","source_end_line":null,"source_start_line":null,"span_kind":null,"start_line":5,"text":"callee: neighbor → needle (needle.py:5)","title":"Callee: needle","token_estimate":10}],"query":"needle","reasons":["hybrid search over code index","graph-enriched"],"rendered_prompt":"Complete source is in machine_pack.hits; references have no source body.","resolution_freshness":{"basis_epoch":null,"complete":true,"completed_files":0,"index_epoch":5,"reason":null,"retry":null,"root_count":0,"scope":"observed_resolution_invalidations","status":"ready"},"revision":0,"spans":[{"end_line":2,"file_path":"needle.py","label":"needle","node_id":"search:chunk:needle.py:0","start_line":1},{"end_line":5,"file_path":"needle.py","label":"neighbor","node_id":"search:chunk:needle.py:1","start_line":2}],"summary":"Found 2 indexed code result(s) across 1 file(s) for `needle`.","task":"needle","token_budget":4000,"token_estimate":3208},"tool":"context"}
V18_JSON {"args":{"retrieval_strategy":null,"task":"needle"},"result":{"evidence_summary":{"files":["needle.py"],"graph_enrichment":{"callees_added":1,"callers_added":1,"symbols_resolved":2,"tests_found":0},"packing":{"compacted":true,"configured_max_bytes":18000,"continuation":"Use files region/expand on retained references; recheck source version.","limit_bytes":16000,"omitted_hits":0,"omitted_nodes":0,"original_hits":2,"original_nodes":4,"partial":false,"spec":"whole-json-intent-facets-source-support-before-incidental-v5","token_estimate_method":"ceil(serialized_utf8_bytes/4); not a tokenizer","used_bytes":12542},"retrieval":{"cost":{"coverage":"originating_work; full scope: retrieval-cost schema v1","fused_candidates":2,"hydrate_requested":2,"hydration":{"sql":{"fullscan_steps":0,"rows":10,"sorts":0,"statements":9,"vm_steps":386},"text":{"cache_hits":2,"legacy_auto_reads":0,"storage_reads":0,"utf8_bytes":66,"zstd_decodes":0}},"lane_candidates":{"exact_symbol":1,"graph":2,"grep":2,"lexical":2,"path":1},"lexical_sql":{"fullscan_steps":0,"rows":2,"sorts":1,"statements":1,"vm_steps":59},"schema_version":1},"grep":{"fallback_scanned":0,"prefilter_failed":false,"prefilter_scanned":0,"reason":null,"scan_cap":20000,"scanned":2,"skipped_duplicates":4,"soft_scanned":2,"stages":[{"stage":"soft","work":{"sql":{"fullscan_steps":0,"rows":2,"sorts":0,"statements":1,"vm_steps":29},"text":{"cache_hits":0,"legacy_auto_reads":0,"storage_reads":2,"utf8_bytes":66,"zstd_decodes":0}}},{"stage":"prefilter","work":{"sql":{"fullscan_steps":0,"rows":2,"sorts":1,"statements":1,"vm_steps":58},"text":{"cache_hits":0,"legacy_auto_reads":0,"storage_reads":0,"utf8_bytes":0,"zstd_decodes":0}}},{"stage":"fallback","work":{"sql":{"fullscan_steps":1,"rows":2,"sorts":0,"statements":1,"vm_steps":23},"text":{"cache_hits":0,"legacy_auto_reads":0,"storage_reads":0,"utf8_bytes":0,"zstd_decodes":0}}}],"status":"complete"},"lane_receipts":[{"candidate_count":1,"candidate_details_omitted":true,"coverage":{"complete":true,"examined":null,"scope":"hard_scope","total_lower_bound":1},"elapsed_us":323,"lane_id":"exact_symbol","schema_version":1,"status":"complete","truncation_reason":null,"weight":1.1},{"candidate_count":1,"candidate_details_omitted":true,"coverage":{"complete":true,"examined":null,"scope":"hard_scope","total_lower_bound":1},"elapsed_us":4071,"lane_id":"path","schema_version":1,"status":"complete","truncation_reason":null,"weight":1.0},{"candidate_count":2,"candidate_details_omitted":true,"coverage":{"complete":true,"examined":null,"scope":"hard_scope","total_lower_bound":2},"elapsed_us":355,"lane_id":"lexical","schema_version":1,"status":"complete","truncation_reason":null,"weight":1.1},{"candidate_count":2,"candidate_details_omitted":true,"coverage":{"complete":true,"examined":2,"scope":"hard_scope","total_lower_bound":2},"elapsed_us":6331,"lane_id":"grep","schema_version":1,"status":"complete","truncation_reason":null,"weight":0.8},{"candidate_count":2,"candidate_details_omitted":true,"coverage":{"complete":true,"examined":null,"scope":"hard_scope","total_lower_bound":2},"elapsed_us":1311,"lane_id":"graph","schema_version":1,"status":"complete","truncation_reason":null,"weight":0.6}],"policy":{"deadline_ms":30000,"details_omitted":true,"effective":"local","graph_source_mapping":"uid_byte_decl_docs;not_whole_body:v2","intent":"locate","lane_timeout_ms":20000,"path_source_domain":"canonical_scoped_exact_else_bounded_tokens;not_whole_body:v3","requested":"auto","semantic_state":"not_configured","semantic_timeout_ms":5000,"semantic_top_k":24,"version":"query-policy-local-semantic-canonical-path-domain-v4"},"scope":{"budget":{"exact_symbol_candidates":24,"grep_candidates":12,"grep_enabled":true,"grep_scan_cap":20000,"lexical_candidates":24,"path_candidates":24,"rerank_window":40,"top_k":10,"units":"chunks; grep_scan_cap=decompressions; scope_receipt_v1; not_total_cost"},"details_omitted":true,"hard":{"empty":false,"explicit_file_count":null,"languages":null,"path_prefix":null,"path_prefix_truncated":false,"semantics":"conjunctive_case_sensitive_repo_paths; explicit_empty_denies"},"ordering":["exact_identity_first","rerank_score_desc","chunk_id_asc"],"policy":"canonical-scoped-exact-path-domain-compact-context-budget-v22","schema_version":1,"soft":{"contributions":"score_trace=additive; stage_a_already_included; raw_hint_paths_omitted","hint_entries":{"overlay":0,"pinned":0,"recent":0,"working":0},"preselected_count":1,"role":"ranking_and_scan_priority_only"}}},"search_hits":2,"selection":{"facets":{"implementation":2},"input_candidates":2,"intent":"locate","intent_facet_anchors":{},"limit_omitted":0,"original_ranks":[1,2],"overlap":{"fully_covered_candidates":0,"input_bytes":66,"redundant_bytes":0,"unique_bytes":66},"requested_limit":10,"selected":2,"selected_overlap":{"fully_covered_candidates":0,"input_bytes":66,"redundant_bytes":0,"unique_bytes":66},"source_covered_omissions":0,"source_support_anchors":[],"source_support_scope":"cue_window:v1","spec":"anchored-facets-distinctive-source-union-v2","unmet_facets":[]},"source_freshness":{"budget_exhausted":false,"checked_files":1,"dense_manifest_fence":{"checked":0,"skip_disposition":"stale_publication_skipped","skipped":0},"generation":{"evidence_epoch":1,"incarnation":[10,185,78,123,44,206,73,121,16,159,128,121,87,131,81,184],"index_epoch":5,"semantic_epoch":null},"hydrator":"current-document-scope-source-generation-v1","omitted_files":{},"partial":false,"read_budget_charged":66,"scope":"disk_generation:v1","validation_work":{"candidate_projection_sql":{"fullscan_steps":0,"rows":2,"sorts":0,"statements":1,"vm_steps":76},"coverage":"current final-assembly attempt SELECTs for manifest, symbol identity and candidate projection; excludes prior attempts, transaction control, originating retrieval, generation, dense fence, graph and disk work; not total cost","schema_version":1,"source_records_sql":{"fullscan_steps":0,"rows":10,"sorts":0,"statements":9,"vm_steps":292}},"verified_hits":2}},"intent":"locate","invalidations":[],"machine_pack":{"hits":[{"breadcrumb":"needle","chunk_id":"chunk:needle.py:0","end_line":2,"file_path":"needle.py","fused_score":0.08989441930618403,"graph_score":0.07931471805599452,"grep_score":0.5,"lane":null,"language":"python","lexical_score":1.0,"metadata":{"details_omitted":true,"document":{"doc_key":"29b2fa88c6d6c8741c47ad873ba80a25c628b882a28ea3cfaa7fcc69e6982938","doc_version":"9ba68969fd43b00f97a9fade36d3cd19b8f57a4b7c6dffacb8c050c2e9b29f62","encoding_key":"78fc8c83484a6639e37e832f30a8eb8310c8ad26eada3a4ec3d936c1f152fede","entity_key":"16a369932cc2a7589f395b34b3b8def8bbad6a04e00672428487964152c26486"},"qname":"needle","source_evidence":{"boundary":"symbol","owner":{"end":28,"start":0},"signature":{"end":18,"start":0},"slice_digest":"c748e325d98b5f174763b313c05ece587900d99690eedbce11f75639788c6b8b","source":{"byte_len":66,"content_digest":"bdb975ad92107a0524d6a7c217816cd1e50bb1d97a36ef892318fbe837bf8857","encoding":"utf8","snapshot_id":"735799399424072b1b6cc95488ff63f55c094da4b32573a4555bf731c014f141"},"span":{"end":28,"start":0}},"source_freshness":{"disk_checked":true,"hydrator":"current-document-scope-source-generation-v1","status":"current_verified"}},"reasons":["exact-target","exact_symbol@1","path@1","lexical@1","grep@2","symbol-exact","fts-summary","path-token:needle","symbol:needle","preselect:fts-summary:+1.40","preselect:token-search:+3.00"],"rerank_score":0.8196888975800265,"score_trace":[["rrf:exact_symbol",0.021568627450980395],["rrf:path",0.0196078431372549],["rrf:lexical",0.021568627450980395],["rrf:grep",0.015384615384615385],["rrf:graph",0.011764705882352941],["overlap",0.35],["boost:symbol-exact",0.18],["boost:stage-a",0.17600006285704412],["boost:graph-rerank",0.023794415416798356]],"source":"index","start_line":1,"symbol_kind":"function","symbol_name":"needle","text":"def needle():\n    return 731"},{"breadcrumb":"neighbor","chunk_id":"chunk:needle.py:1","end_line":5,"file_path":"needle.py","fused_score":0.048378582202111615,"graph_score":0.06931471805599453,"grep_score":1.0,"lane":null,"language":"python","lexical_score":0.5,"metadata":{"details_omitted":true,"document":{"doc_key":"3fd56c438273f4e97d76268fc1e74f7bccba6b16d9f0ef414ca67b0829003e65","doc_version":"09f385ca69393d6173161facbcb1551167f9785fcdd2ccc650f1c531bc0259ed","encoding_key":"02118b2a2349b99c9efe9684d529683cd659e52f1e28e19c864bc915175c7693","entity_key":"f8d3da2a91268bb9b93e59ca9b06d751804a9221f3d218b5a8798fab2dc8e40d"},"qname":"neighbor","source_evidence":{"boundary":"symbol","owner":{"end":65,"start":30},"signature":{"end":50,"start":30},"slice_digest":"dec7813dc4d5e300de152b45e0cb2a89c688f0a75f1501c57aa7eb68130081dd","source":{"byte_len":66,"content_digest":"bdb975ad92107a0524d6a7c217816cd1e50bb1d97a36ef892318fbe837bf8857","encoding":"utf8","snapshot_id":"735799399424072b1b6cc95488ff63f55c094da4b32573a4555bf731c014f141"},"span":{"end":66,"start":28}},"source_freshness":{"disk_checked":true,"hydrator":"current-document-scope-source-generation-v1","status":"current_verified"}},"reasons":["lexical@2","grep@1","fts-summary","path-token:needle","symbol:needle","preselect:fts-summary:+1.40","preselect:token-search:+3.00"],"rerank_score":0.5951730604759541,"score_trace":[["rrf:lexical",0.021153846153846155],["rrf:grep",0.01568627450980392],["rrf:graph",0.011538461538461537],["overlap",0.35],["boost:stage-a",0.17600006285704412],["boost:graph-rerank",0.020794415416798356]],"source":"index","start_line":2,"symbol_kind":"function","symbol_name":"neighbor","text":"\n\ndef neighbor():\n    return needle()\n"}],"kind":"code_index_context","query":"needle","repo_size_tier":"Tiny","token_budget":4000,"top_k":10},"nodes":[{"backing_file_path":"needle.py","backing_source":null,"confidence":0.8,"depends_on":[],"end_line":2,"file_path":"needle.py","freshness":null,"invalidation_keys":[],"metadata":{"representation":"machine_hit_reference"},"node_id":"search:chunk:needle.py:0","node_type":"SEARCH_HIT","rank_explanation":null,"reasons":[],"relation":null,"role":"primary","score":0.8196888975800265,"source":"index","source_end_line":2,"source_start_line":1,"span_kind":"reference","start_line":1,"text":"","title":"needle.py needle:1-2","token_estimate":0},{"backing_file_path":"needle.py","backing_source":null,"confidence":0.8,"depends_on":[],"end_line":5,"file_path":"needle.py","freshness":null,"invalidation_keys":[],"metadata":{"representation":"machine_hit_reference"},"node_id":"search:chunk:needle.py:1","node_type":"SEARCH_HIT","rank_explanation":null,"reasons":[],"relation":null,"role":"primary","score":0.5951730604759541,"source":"index","source_end_line":5,"source_start_line":2,"span_kind":"reference","start_line":2,"text":"","title":"needle.py neighbor:2-5","token_estimate":0},{"backing_file_path":null,"backing_source":null,"confidence":1.0,"depends_on":[],"end_line":null,"file_path":"needle.py","freshness":null,"invalidation_keys":[],"metadata":null,"node_id":"graph:caller:uid:ed8e61924345e59a924de3bf","node_type":"CALL_EDGE","rank_explanation":null,"reasons":[],"relation":null,"role":"neighbor","score":0.0,"source":"graph","source_end_line":null,"source_start_line":null,"span_kind":null,"start_line":5,"text":"caller: neighbor → needle (needle.py:5)","title":"Caller: neighbor","token_estimate":10},{"backing_file_path":null,"backing_source":null,"confidence":1.0,"depends_on":[],"end_line":null,"file_path":"needle.py","freshness":null,"invalidation_keys":[],"metadata":null,"node_id":"graph:callee:uid:3732066f97516c2c2f8efb6e","node_type":"CALL_EDGE","rank_explanation":null,"reasons":[],"relation":null,"role":"neighbor","score":0.0,"source":"graph","source_end_line":null,"source_start_line":null,"span_kind":null,"start_line":5,"text":"callee: neighbor → needle (needle.py:5)","title":"Callee: needle","token_estimate":10}],"query":"needle","reasons":["hybrid search over code index","graph-enriched"],"rendered_prompt":"Complete source is in machine_pack.hits; references have no source body.","resolution_freshness":{"basis_epoch":null,"complete":true,"completed_files":0,"index_epoch":5,"reason":null,"retry":null,"root_count":0,"scope":"observed_resolution_invalidations","status":"ready"},"revision":0,"spans":[{"end_line":2,"file_path":"needle.py","label":"needle","node_id":"search:chunk:needle.py:0","start_line":1},{"end_line":5,"file_path":"needle.py","label":"neighbor","node_id":"search:chunk:needle.py:1","start_line":2}],"summary":"Found 2 indexed code result(s) across 1 file(s) for `needle`.","task":"needle","token_budget":4000,"token_estimate":3136},"tool":"context"}
V18_JSON {"args":{"retrieval_strategy":"semantic","task":"needle"},"result":{"evidence_summary":{"files":["needle.py"],"graph_enrichment":{"callees_added":1,"callers_added":1,"symbols_resolved":2,"tests_found":0},"packing":{"compacted":true,"configured_max_bytes":18000,"continuation":"Use files region/expand on retained references; recheck source version.","limit_bytes":16000,"omitted_hits":0,"omitted_nodes":0,"original_hits":2,"original_nodes":4,"partial":false,"spec":"whole-json-intent-facets-source-support-before-incidental-v5","token_estimate_method":"ceil(serialized_utf8_bytes/4); not a tokenizer","used_bytes":12841},"retrieval":{"cost":{"coverage":"originating_work; full scope: retrieval-cost schema v1","fused_candidates":2,"hydrate_requested":2,"hydration":{"sql":{"fullscan_steps":0,"rows":10,"sorts":0,"statements":9,"vm_steps":386},"text":{"cache_hits":2,"legacy_auto_reads":0,"storage_reads":0,"utf8_bytes":66,"zstd_decodes":0}},"lane_candidates":{"exact_symbol":1,"graph":2,"grep":2,"lexical":2,"path":1,"semantic":0},"lexical_sql":{"fullscan_steps":0,"rows":2,"sorts":1,"statements":1,"vm_steps":59},"schema_version":1},"grep":{"fallback_scanned":0,"prefilter_failed":false,"prefilter_scanned":0,"reason":null,"scan_cap":20000,"scanned":2,"skipped_duplicates":4,"soft_scanned":2,"stages":[{"stage":"soft","work":{"sql":{"fullscan_steps":0,"rows":2,"sorts":0,"statements":1,"vm_steps":29},"text":{"cache_hits":0,"legacy_auto_reads":0,"storage_reads":2,"utf8_bytes":66,"zstd_decodes":0}}},{"stage":"prefilter","work":{"sql":{"fullscan_steps":0,"rows":2,"sorts":1,"statements":1,"vm_steps":58},"text":{"cache_hits":0,"legacy_auto_reads":0,"storage_reads":0,"utf8_bytes":0,"zstd_decodes":0}}},{"stage":"fallback","work":{"sql":{"fullscan_steps":1,"rows":2,"sorts":0,"statements":1,"vm_steps":23},"text":{"cache_hits":0,"legacy_auto_reads":0,"storage_reads":0,"utf8_bytes":0,"zstd_decodes":0}}}],"status":"complete"},"lane_receipts":[{"candidate_count":1,"candidate_details_omitted":true,"coverage":{"complete":true,"examined":null,"scope":"hard_scope","total_lower_bound":1},"elapsed_us":2416,"lane_id":"exact_symbol","schema_version":1,"status":"complete","truncation_reason":null,"weight":1.1},{"candidate_count":1,"candidate_details_omitted":true,"coverage":{"complete":true,"examined":null,"scope":"hard_scope","total_lower_bound":1},"elapsed_us":282,"lane_id":"path","schema_version":1,"status":"complete","truncation_reason":null,"weight":1.0},{"candidate_count":2,"candidate_details_omitted":true,"coverage":{"complete":true,"examined":null,"scope":"hard_scope","total_lower_bound":2},"elapsed_us":164,"lane_id":"lexical","schema_version":1,"status":"complete","truncation_reason":null,"weight":1.1},{"candidate_count":2,"candidate_details_omitted":true,"coverage":{"complete":true,"examined":2,"scope":"hard_scope","total_lower_bound":2},"elapsed_us":2356,"lane_id":"grep","schema_version":1,"status":"complete","truncation_reason":null,"weight":0.8},{"candidate_count":2,"candidate_details_omitted":true,"coverage":{"complete":true,"examined":null,"scope":"hard_scope","total_lower_bound":2},"elapsed_us":1410,"lane_id":"graph","schema_version":1,"status":"complete","truncation_reason":null,"weight":0.6},{"candidate_count":0,"candidate_details_omitted":true,"coverage":{"complete":false,"examined":null,"scope":"hard_scope","total_lower_bound":0},"elapsed_us":128,"lane_id":"semantic","schema_version":1,"status":"unavailable","truncation_reason":"query_vector_not_encoded","weight":1.0}],"policy":{"deadline_ms":30000,"details_omitted":true,"effective":"semantic","graph_source_mapping":"uid_byte_decl_docs;not_whole_body:v2","intent":"locate","lane_timeout_ms":20000,"path_source_domain":"canonical_scoped_exact_else_bounded_tokens;not_whole_body:v3","requested":"semantic","semantic_state":"configured","semantic_timeout_ms":5000,"semantic_top_k":24,"version":"query-policy-local-semantic-canonical-path-domain-v4"},"scope":{"budget":{"exact_symbol_candidates":24,"grep_candidates":12,"grep_enabled":true,"grep_scan_cap":20000,"lexical_candidates":24,"path_candidates":24,"rerank_window":40,"top_k":10,"units":"chunks; grep_scan_cap=decompressions; scope_receipt_v1; not_total_cost"},"details_omitted":true,"hard":{"empty":false,"explicit_file_count":null,"languages":null,"path_prefix":null,"path_prefix_truncated":false,"semantics":"conjunctive_case_sensitive_repo_paths; explicit_empty_denies"},"ordering":["exact_identity_first","rerank_score_desc","chunk_id_asc"],"policy":"canonical-scoped-exact-path-domain-compact-context-budget-v22","schema_version":1,"soft":{"contributions":"score_trace=additive; stage_a_already_included; raw_hint_paths_omitted","hint_entries":{"overlay":0,"pinned":0,"recent":0,"working":0},"preselected_count":1,"role":"ranking_and_scan_priority_only"}}},"search_hits":2,"selection":{"facets":{"implementation":2},"input_candidates":2,"intent":"locate","intent_facet_anchors":{},"limit_omitted":0,"original_ranks":[1,2],"overlap":{"fully_covered_candidates":0,"input_bytes":66,"redundant_bytes":0,"unique_bytes":66},"requested_limit":10,"selected":2,"selected_overlap":{"fully_covered_candidates":0,"input_bytes":66,"redundant_bytes":0,"unique_bytes":66},"source_covered_omissions":0,"source_support_anchors":[],"source_support_scope":"cue_window:v1","spec":"anchored-facets-distinctive-source-union-v2","unmet_facets":[]},"source_freshness":{"budget_exhausted":false,"checked_files":1,"dense_manifest_fence":{"checked":0,"skip_disposition":"stale_publication_skipped","skipped":0},"generation":{"evidence_epoch":1,"incarnation":[119,90,153,27,70,84,111,130,198,217,146,220,220,120,137,90],"index_epoch":5,"semantic_epoch":3},"hydrator":"current-document-scope-source-generation-v1","omitted_files":{},"partial":false,"read_budget_charged":66,"scope":"disk_generation:v1","validation_work":{"candidate_projection_sql":{"fullscan_steps":0,"rows":2,"sorts":0,"statements":1,"vm_steps":76},"coverage":"current final-assembly attempt SELECTs for manifest, symbol identity and candidate projection; excludes prior attempts, transaction control, originating retrieval, generation, dense fence, graph and disk work; not total cost","schema_version":1,"source_records_sql":{"fullscan_steps":0,"rows":10,"sorts":0,"statements":9,"vm_steps":292}},"verified_hits":2}},"intent":"locate","invalidations":[],"machine_pack":{"hits":[{"breadcrumb":"needle","chunk_id":"chunk:needle.py:0","end_line":2,"file_path":"needle.py","fused_score":0.08989441930618403,"graph_score":0.07931471805599452,"grep_score":0.5,"lane":null,"language":"python","lexical_score":1.0,"metadata":{"details_omitted":true,"document":{"doc_key":"29b2fa88c6d6c8741c47ad873ba80a25c628b882a28ea3cfaa7fcc69e6982938","doc_version":"9ba68969fd43b00f97a9fade36d3cd19b8f57a4b7c6dffacb8c050c2e9b29f62","encoding_key":"78fc8c83484a6639e37e832f30a8eb8310c8ad26eada3a4ec3d936c1f152fede","entity_key":"16a369932cc2a7589f395b34b3b8def8bbad6a04e00672428487964152c26486"},"qname":"needle","source_evidence":{"boundary":"symbol","owner":{"end":28,"start":0},"signature":{"end":18,"start":0},"slice_digest":"c748e325d98b5f174763b313c05ece587900d99690eedbce11f75639788c6b8b","source":{"byte_len":66,"content_digest":"bdb975ad92107a0524d6a7c217816cd1e50bb1d97a36ef892318fbe837bf8857","encoding":"utf8","snapshot_id":"735799399424072b1b6cc95488ff63f55c094da4b32573a4555bf731c014f141"},"span":{"end":28,"start":0}},"source_freshness":{"disk_checked":true,"hydrator":"current-document-scope-source-generation-v1","status":"current_verified"}},"reasons":["exact-target","exact_symbol@1","path@1","lexical@1","grep@2","symbol-exact","fts-summary","path-token:needle","symbol:needle","preselect:fts-summary:+1.40","preselect:token-search:+3.00"],"rerank_score":0.8196888975800265,"score_trace":[["rrf:exact_symbol",0.021568627450980395],["rrf:path",0.0196078431372549],["rrf:lexical",0.021568627450980395],["rrf:grep",0.015384615384615385],["rrf:graph",0.011764705882352941],["overlap",0.35],["boost:symbol-exact",0.18],["boost:stage-a",0.17600006285704412],["boost:graph-rerank",0.023794415416798356]],"source":"index","start_line":1,"symbol_kind":"function","symbol_name":"needle","text":"def needle():\n    return 731"},{"breadcrumb":"neighbor","chunk_id":"chunk:needle.py:1","end_line":5,"file_path":"needle.py","fused_score":0.048378582202111615,"graph_score":0.06931471805599453,"grep_score":1.0,"lane":null,"language":"python","lexical_score":0.5,"metadata":{"details_omitted":true,"document":{"doc_key":"3fd56c438273f4e97d76268fc1e74f7bccba6b16d9f0ef414ca67b0829003e65","doc_version":"09f385ca69393d6173161facbcb1551167f9785fcdd2ccc650f1c531bc0259ed","encoding_key":"02118b2a2349b99c9efe9684d529683cd659e52f1e28e19c864bc915175c7693","entity_key":"f8d3da2a91268bb9b93e59ca9b06d751804a9221f3d218b5a8798fab2dc8e40d"},"qname":"neighbor","source_evidence":{"boundary":"symbol","owner":{"end":65,"start":30},"signature":{"end":50,"start":30},"slice_digest":"dec7813dc4d5e300de152b45e0cb2a89c688f0a75f1501c57aa7eb68130081dd","source":{"byte_len":66,"content_digest":"bdb975ad92107a0524d6a7c217816cd1e50bb1d97a36ef892318fbe837bf8857","encoding":"utf8","snapshot_id":"735799399424072b1b6cc95488ff63f55c094da4b32573a4555bf731c014f141"},"span":{"end":66,"start":28}},"source_freshness":{"disk_checked":true,"hydrator":"current-document-scope-source-generation-v1","status":"current_verified"}},"reasons":["lexical@2","grep@1","fts-summary","path-token:needle","symbol:needle","preselect:fts-summary:+1.40","preselect:token-search:+3.00"],"rerank_score":0.5951730604759541,"score_trace":[["rrf:lexical",0.021153846153846155],["rrf:grep",0.01568627450980392],["rrf:graph",0.011538461538461537],["overlap",0.35],["boost:stage-a",0.17600006285704412],["boost:graph-rerank",0.020794415416798356]],"source":"index","start_line":2,"symbol_kind":"function","symbol_name":"neighbor","text":"\n\ndef neighbor():\n    return needle()\n"}],"kind":"code_index_context","query":"needle","repo_size_tier":"Tiny","token_budget":4000,"top_k":10},"nodes":[{"backing_file_path":"needle.py","backing_source":null,"confidence":0.8,"depends_on":[],"end_line":2,"file_path":"needle.py","freshness":null,"invalidation_keys":[],"metadata":{"representation":"machine_hit_reference"},"node_id":"search:chunk:needle.py:0","node_type":"SEARCH_HIT","rank_explanation":null,"reasons":[],"relation":null,"role":"primary","score":0.8196888975800265,"source":"index","source_end_line":2,"source_start_line":1,"span_kind":"reference","start_line":1,"text":"","title":"needle.py needle:1-2","token_estimate":0},{"backing_file_path":"needle.py","backing_source":null,"confidence":0.8,"depends_on":[],"end_line":5,"file_path":"needle.py","freshness":null,"invalidation_keys":[],"metadata":{"representation":"machine_hit_reference"},"node_id":"search:chunk:needle.py:1","node_type":"SEARCH_HIT","rank_explanation":null,"reasons":[],"relation":null,"role":"primary","score":0.5951730604759541,"source":"index","source_end_line":5,"source_start_line":2,"span_kind":"reference","start_line":2,"text":"","title":"needle.py neighbor:2-5","token_estimate":0},{"backing_file_path":null,"backing_source":null,"confidence":1.0,"depends_on":[],"end_line":null,"file_path":"needle.py","freshness":null,"invalidation_keys":[],"metadata":null,"node_id":"graph:caller:uid:ed8e61924345e59a924de3bf","node_type":"CALL_EDGE","rank_explanation":null,"reasons":[],"relation":null,"role":"neighbor","score":0.0,"source":"graph","source_end_line":null,"source_start_line":null,"span_kind":null,"start_line":5,"text":"caller: neighbor → needle (needle.py:5)","title":"Caller: neighbor","token_estimate":10},{"backing_file_path":null,"backing_source":null,"confidence":1.0,"depends_on":[],"end_line":null,"file_path":"needle.py","freshness":null,"invalidation_keys":[],"metadata":null,"node_id":"graph:callee:uid:3732066f97516c2c2f8efb6e","node_type":"CALL_EDGE","rank_explanation":null,"reasons":[],"relation":null,"role":"neighbor","score":0.0,"source":"graph","source_end_line":null,"source_start_line":null,"span_kind":null,"start_line":5,"text":"callee: neighbor → needle (needle.py:5)","title":"Callee: needle","token_estimate":10}],"query":"needle","reasons":["hybrid search over code index","graph-enriched"],"rendered_prompt":"Complete source is in machine_pack.hits; references have no source body.","resolution_freshness":{"basis_epoch":null,"complete":true,"completed_files":0,"index_epoch":5,"reason":null,"retry":null,"root_count":0,"scope":"observed_resolution_invalidations","status":"ready"},"revision":0,"spans":[{"end_line":2,"file_path":"needle.py","label":"needle","node_id":"search:chunk:needle.py:0","start_line":1},{"end_line":5,"file_path":"needle.py","label":"neighbor","node_id":"search:chunk:needle.py:1","start_line":2}],"summary":"Found 2 indexed code result(s) across 1 file(s) for `needle`.","task":"needle","token_budget":4000,"token_estimate":3211},"tool":"context"}
V18_JSON {"args":{"aspect":"capabilities"},"result":{"capabilities":{"graph":true,"impact":true,"search":true},"has_index":true,"has_project":true,"indexed_files":1,"indexed_symbols":2,"resolution_freshness":{"basis_epoch":null,"complete":true,"completed_files":0,"index_epoch":5,"reason":null,"retry":null,"root_count":0,"scope":"observed_resolution_invalidations","status":"ready"},"retrieval":{"consistency":"point_in_time","default_effective_strategy":"auto","default_query_state":"available_with_per_query_checks","default_strategy":"auto","dense_desired":2,"dense_published":2,"dense_reason":null,"dense_state":"ready","diagnostic_sources":{"build":"BuildExplain on index response","graph":"GraphExplain on query response","lanes":"evidence_summary.retrieval.lanes or lane_receipts","packing":"evidence_summary.packing","selection":"evidence_summary.selection","semantic":"evidence_summary.retrieval.semantic (dense lane receipt projection)","source":"evidence_summary.source_freshness"},"execution":{"async_admitted":0,"async_in_flight":0,"async_limit":8,"completed":38,"cpu_admitted":0,"cpu_in_flight":0,"cpu_limit":4,"queue_limit":32,"rejected":0},"execution_scope":"process_shared_not_project_local","generation":{"evidence_epoch":1,"incarnation":[119,90,153,27,70,84,111,130,198,217,146,220,220,120,137,90],"index_epoch":5,"semantic_epoch":3},"generation_scope":"observed_database_snapshot","identity_validation":"checked_at_observation_boundary","index_state":"available","local_state":"available","pin_scope":"owned_query_views_including_inflight_clones_not_request_count","query_coverage":{"scope":"per_query_not_global","state":"not_measured"},"query_encoding":{"configured_opt_in":false,"network_authorized":false,"reason":"query_network_opt_in_required","request_scope":"nonlocal_nonempty_only"},"query_pins":0,"resolution_freshness":{"basis_epoch":null,"complete":true,"completed_files":0,"index_epoch":5,"reason":null,"retry":null,"root_count":0,"scope":"observed_resolution_invalidations","status":"ready"},"semantic_active_space":"2eac300964ae66ba95651ecaa7c7c6aafb0c9aecbd8a130cfc50c030cd8688d4","semantic_failed":0,"semantic_pending":0,"semantic_state":"ready","service_state_scope":"process_observed_separately","spec":"retrieval-capabilities-v2"}},"tool":"status"}
V18_JSON {"args":{"retrieval_strategy":"auto","task":"needle"},"result":{"evidence_summary":{"files":["needle.py"],"graph_enrichment":{"callees_added":1,"callers_added":1,"symbols_resolved":2,"tests_found":0},"packing":{"compacted":true,"configured_max_bytes":18000,"continuation":"Use files region/expand on retained references; recheck source version.","limit_bytes":16000,"omitted_hits":0,"omitted_nodes":0,"original_hits":2,"original_nodes":4,"partial":false,"spec":"whole-json-intent-facets-source-support-before-incidental-v5","token_estimate_method":"ceil(serialized_utf8_bytes/4); not a tokenizer","used_bytes":12541},"retrieval":{"cost":{"coverage":"originating_work; full scope: retrieval-cost schema v1","fused_candidates":2,"hydrate_requested":2,"hydration":{"sql":{"fullscan_steps":0,"rows":10,"sorts":0,"statements":9,"vm_steps":386},"text":{"cache_hits":2,"legacy_auto_reads":0,"storage_reads":0,"utf8_bytes":66,"zstd_decodes":0}},"lane_candidates":{"exact_symbol":1,"graph":2,"grep":2,"lexical":2,"path":1},"lexical_sql":{"fullscan_steps":0,"rows":2,"sorts":1,"statements":1,"vm_steps":59},"schema_version":1},"grep":{"fallback_scanned":0,"prefilter_failed":false,"prefilter_scanned":0,"reason":null,"scan_cap":20000,"scanned":2,"skipped_duplicates":4,"soft_scanned":2,"stages":[{"stage":"soft","work":{"sql":{"fullscan_steps":0,"rows":2,"sorts":0,"statements":1,"vm_steps":29},"text":{"cache_hits":0,"legacy_auto_reads":0,"storage_reads":2,"utf8_bytes":66,"zstd_decodes":0}}},{"stage":"prefilter","work":{"sql":{"fullscan_steps":0,"rows":2,"sorts":1,"statements":1,"vm_steps":58},"text":{"cache_hits":0,"legacy_auto_reads":0,"storage_reads":0,"utf8_bytes":0,"zstd_decodes":0}}},{"stage":"fallback","work":{"sql":{"fullscan_steps":1,"rows":2,"sorts":0,"statements":1,"vm_steps":23},"text":{"cache_hits":0,"legacy_auto_reads":0,"storage_reads":0,"utf8_bytes":0,"zstd_decodes":0}}}],"status":"complete"},"lane_receipts":[{"candidate_count":1,"candidate_details_omitted":true,"coverage":{"complete":true,"examined":null,"scope":"hard_scope","total_lower_bound":1},"elapsed_us":289,"lane_id":"exact_symbol","schema_version":1,"status":"complete","truncation_reason":null,"weight":1.1},{"candidate_count":1,"candidate_details_omitted":true,"coverage":{"complete":true,"examined":null,"scope":"hard_scope","total_lower_bound":1},"elapsed_us":461,"lane_id":"path","schema_version":1,"status":"complete","truncation_reason":null,"weight":1.0},{"candidate_count":2,"candidate_details_omitted":true,"coverage":{"complete":true,"examined":null,"scope":"hard_scope","total_lower_bound":2},"elapsed_us":340,"lane_id":"lexical","schema_version":1,"status":"complete","truncation_reason":null,"weight":1.1},{"candidate_count":2,"candidate_details_omitted":true,"coverage":{"complete":true,"examined":2,"scope":"hard_scope","total_lower_bound":2},"elapsed_us":2027,"lane_id":"grep","schema_version":1,"status":"complete","truncation_reason":null,"weight":0.8},{"candidate_count":2,"candidate_details_omitted":true,"coverage":{"complete":true,"examined":null,"scope":"hard_scope","total_lower_bound":2},"elapsed_us":1512,"lane_id":"graph","schema_version":1,"status":"complete","truncation_reason":null,"weight":0.6}],"policy":{"deadline_ms":30000,"details_omitted":true,"effective":"local","graph_source_mapping":"uid_byte_decl_docs;not_whole_body:v2","intent":"locate","lane_timeout_ms":20000,"path_source_domain":"canonical_scoped_exact_else_bounded_tokens;not_whole_body:v3","requested":"auto","semantic_state":"not_configured","semantic_timeout_ms":5000,"semantic_top_k":24,"version":"query-policy-local-semantic-canonical-path-domain-v4"},"scope":{"budget":{"exact_symbol_candidates":24,"grep_candidates":12,"grep_enabled":true,"grep_scan_cap":20000,"lexical_candidates":24,"path_candidates":24,"rerank_window":40,"top_k":10,"units":"chunks; grep_scan_cap=decompressions; scope_receipt_v1; not_total_cost"},"details_omitted":true,"hard":{"empty":false,"explicit_file_count":null,"languages":null,"path_prefix":null,"path_prefix_truncated":false,"semantics":"conjunctive_case_sensitive_repo_paths; explicit_empty_denies"},"ordering":["exact_identity_first","rerank_score_desc","chunk_id_asc"],"policy":"canonical-scoped-exact-path-domain-compact-context-budget-v22","schema_version":1,"soft":{"contributions":"score_trace=additive; stage_a_already_included; raw_hint_paths_omitted","hint_entries":{"overlay":0,"pinned":0,"recent":0,"working":0},"preselected_count":1,"role":"ranking_and_scan_priority_only"}}},"search_hits":2,"selection":{"facets":{"implementation":2},"input_candidates":2,"intent":"locate","intent_facet_anchors":{},"limit_omitted":0,"original_ranks":[1,2],"overlap":{"fully_covered_candidates":0,"input_bytes":66,"redundant_bytes":0,"unique_bytes":66},"requested_limit":10,"selected":2,"selected_overlap":{"fully_covered_candidates":0,"input_bytes":66,"redundant_bytes":0,"unique_bytes":66},"source_covered_omissions":0,"source_support_anchors":[],"source_support_scope":"cue_window:v1","spec":"anchored-facets-distinctive-source-union-v2","unmet_facets":[]},"source_freshness":{"budget_exhausted":false,"checked_files":1,"dense_manifest_fence":{"checked":0,"skip_disposition":"stale_publication_skipped","skipped":0},"generation":{"evidence_epoch":1,"incarnation":[10,185,78,123,44,206,73,121,16,159,128,121,87,131,81,184],"index_epoch":5,"semantic_epoch":null},"hydrator":"current-document-scope-source-generation-v1","omitted_files":{},"partial":false,"read_budget_charged":66,"scope":"disk_generation:v1","validation_work":{"candidate_projection_sql":{"fullscan_steps":0,"rows":2,"sorts":0,"statements":1,"vm_steps":76},"coverage":"current final-assembly attempt SELECTs for manifest, symbol identity and candidate projection; excludes prior attempts, transaction control, originating retrieval, generation, dense fence, graph and disk work; not total cost","schema_version":1,"source_records_sql":{"fullscan_steps":0,"rows":10,"sorts":0,"statements":9,"vm_steps":292}},"verified_hits":2}},"intent":"locate","invalidations":[],"machine_pack":{"hits":[{"breadcrumb":"needle","chunk_id":"chunk:needle.py:0","end_line":2,"file_path":"needle.py","fused_score":0.08989441930618403,"graph_score":0.07931471805599452,"grep_score":0.5,"lane":null,"language":"python","lexical_score":1.0,"metadata":{"details_omitted":true,"document":{"doc_key":"29b2fa88c6d6c8741c47ad873ba80a25c628b882a28ea3cfaa7fcc69e6982938","doc_version":"9ba68969fd43b00f97a9fade36d3cd19b8f57a4b7c6dffacb8c050c2e9b29f62","encoding_key":"78fc8c83484a6639e37e832f30a8eb8310c8ad26eada3a4ec3d936c1f152fede","entity_key":"16a369932cc2a7589f395b34b3b8def8bbad6a04e00672428487964152c26486"},"qname":"needle","source_evidence":{"boundary":"symbol","owner":{"end":28,"start":0},"signature":{"end":18,"start":0},"slice_digest":"c748e325d98b5f174763b313c05ece587900d99690eedbce11f75639788c6b8b","source":{"byte_len":66,"content_digest":"bdb975ad92107a0524d6a7c217816cd1e50bb1d97a36ef892318fbe837bf8857","encoding":"utf8","snapshot_id":"735799399424072b1b6cc95488ff63f55c094da4b32573a4555bf731c014f141"},"span":{"end":28,"start":0}},"source_freshness":{"disk_checked":true,"hydrator":"current-document-scope-source-generation-v1","status":"current_verified"}},"reasons":["exact-target","exact_symbol@1","path@1","lexical@1","grep@2","symbol-exact","fts-summary","path-token:needle","symbol:needle","preselect:fts-summary:+1.40","preselect:token-search:+3.00"],"rerank_score":0.8196888975800265,"score_trace":[["rrf:exact_symbol",0.021568627450980395],["rrf:path",0.0196078431372549],["rrf:lexical",0.021568627450980395],["rrf:grep",0.015384615384615385],["rrf:graph",0.011764705882352941],["overlap",0.35],["boost:symbol-exact",0.18],["boost:stage-a",0.17600006285704412],["boost:graph-rerank",0.023794415416798356]],"source":"index","start_line":1,"symbol_kind":"function","symbol_name":"needle","text":"def needle():\n    return 731"},{"breadcrumb":"neighbor","chunk_id":"chunk:needle.py:1","end_line":5,"file_path":"needle.py","fused_score":0.048378582202111615,"graph_score":0.06931471805599453,"grep_score":1.0,"lane":null,"language":"python","lexical_score":0.5,"metadata":{"details_omitted":true,"document":{"doc_key":"3fd56c438273f4e97d76268fc1e74f7bccba6b16d9f0ef414ca67b0829003e65","doc_version":"09f385ca69393d6173161facbcb1551167f9785fcdd2ccc650f1c531bc0259ed","encoding_key":"02118b2a2349b99c9efe9684d529683cd659e52f1e28e19c864bc915175c7693","entity_key":"f8d3da2a91268bb9b93e59ca9b06d751804a9221f3d218b5a8798fab2dc8e40d"},"qname":"neighbor","source_evidence":{"boundary":"symbol","owner":{"end":65,"start":30},"signature":{"end":50,"start":30},"slice_digest":"dec7813dc4d5e300de152b45e0cb2a89c688f0a75f1501c57aa7eb68130081dd","source":{"byte_len":66,"content_digest":"bdb975ad92107a0524d6a7c217816cd1e50bb1d97a36ef892318fbe837bf8857","encoding":"utf8","snapshot_id":"735799399424072b1b6cc95488ff63f55c094da4b32573a4555bf731c014f141"},"span":{"end":66,"start":28}},"source_freshness":{"disk_checked":true,"hydrator":"current-document-scope-source-generation-v1","status":"current_verified"}},"reasons":["lexical@2","grep@1","fts-summary","path-token:needle","symbol:needle","preselect:fts-summary:+1.40","preselect:token-search:+3.00"],"rerank_score":0.5951730604759541,"score_trace":[["rrf:lexical",0.021153846153846155],["rrf:grep",0.01568627450980392],["rrf:graph",0.011538461538461537],["overlap",0.35],["boost:stage-a",0.17600006285704412],["boost:graph-rerank",0.020794415416798356]],"source":"index","start_line":2,"symbol_kind":"function","symbol_name":"neighbor","text":"\n\ndef neighbor():\n    return needle()\n"}],"kind":"code_index_context","query":"needle","repo_size_tier":"Tiny","token_budget":4000,"top_k":10},"nodes":[{"backing_file_path":"needle.py","backing_source":null,"confidence":0.8,"depends_on":[],"end_line":2,"file_path":"needle.py","freshness":null,"invalidation_keys":[],"metadata":{"representation":"machine_hit_reference"},"node_id":"search:chunk:needle.py:0","node_type":"SEARCH_HIT","rank_explanation":null,"reasons":[],"relation":null,"role":"primary","score":0.8196888975800265,"source":"index","source_end_line":2,"source_start_line":1,"span_kind":"reference","start_line":1,"text":"","title":"needle.py needle:1-2","token_estimate":0},{"backing_file_path":"needle.py","backing_source":null,"confidence":0.8,"depends_on":[],"end_line":5,"file_path":"needle.py","freshness":null,"invalidation_keys":[],"metadata":{"representation":"machine_hit_reference"},"node_id":"search:chunk:needle.py:1","node_type":"SEARCH_HIT","rank_explanation":null,"reasons":[],"relation":null,"role":"primary","score":0.5951730604759541,"source":"index","source_end_line":5,"source_start_line":2,"span_kind":"reference","start_line":2,"text":"","title":"needle.py neighbor:2-5","token_estimate":0},{"backing_file_path":null,"backing_source":null,"confidence":1.0,"depends_on":[],"end_line":null,"file_path":"needle.py","freshness":null,"invalidation_keys":[],"metadata":null,"node_id":"graph:caller:uid:ed8e61924345e59a924de3bf","node_type":"CALL_EDGE","rank_explanation":null,"reasons":[],"relation":null,"role":"neighbor","score":0.0,"source":"graph","source_end_line":null,"source_start_line":null,"span_kind":null,"start_line":5,"text":"caller: neighbor → needle (needle.py:5)","title":"Caller: neighbor","token_estimate":10},{"backing_file_path":null,"backing_source":null,"confidence":1.0,"depends_on":[],"end_line":null,"file_path":"needle.py","freshness":null,"invalidation_keys":[],"metadata":null,"node_id":"graph:callee:uid:3732066f97516c2c2f8efb6e","node_type":"CALL_EDGE","rank_explanation":null,"reasons":[],"relation":null,"role":"neighbor","score":0.0,"source":"graph","source_end_line":null,"source_start_line":null,"span_kind":null,"start_line":5,"text":"callee: neighbor → needle (needle.py:5)","title":"Callee: needle","token_estimate":10}],"query":"needle","reasons":["hybrid search over code index","graph-enriched"],"rendered_prompt":"Complete source is in machine_pack.hits; references have no source body.","resolution_freshness":{"basis_epoch":null,"complete":true,"completed_files":0,"index_epoch":5,"reason":null,"retry":null,"root_count":0,"scope":"observed_resolution_invalidations","status":"ready"},"revision":0,"spans":[{"end_line":2,"file_path":"needle.py","label":"needle","node_id":"search:chunk:needle.py:0","start_line":1},{"end_line":5,"file_path":"needle.py","label":"neighbor","node_id":"search:chunk:needle.py:1","start_line":2}],"summary":"Found 2 indexed code result(s) across 1 file(s) for `needle`.","task":"needle","token_budget":4000,"token_estimate":3136},"tool":"context"}
V18_JSON {"args":{"aspect":"all"},"result":{"capabilities":{"capabilities":{"graph":true,"impact":true,"search":true},"has_index":true,"has_project":true,"indexed_files":1,"indexed_symbols":2,"retrieval":{"consistency":"point_in_time","default_effective_strategy":"auto","default_query_state":"available_with_per_query_checks","default_strategy":"auto","dense_desired":2,"dense_published":2,"dense_reason":null,"dense_state":"ready","diagnostic_sources":{"build":"BuildExplain on index response","graph":"GraphExplain on query response","lanes":"evidence_summary.retrieval.lanes or lane_receipts","packing":"evidence_summary.packing","selection":"evidence_summary.selection","semantic":"evidence_summary.retrieval.semantic (dense lane receipt projection)","source":"evidence_summary.source_freshness"},"execution":{"async_admitted":0,"async_in_flight":0,"async_limit":8,"completed":38,"cpu_admitted":0,"cpu_in_flight":0,"cpu_limit":4,"queue_limit":32,"rejected":0},"execution_scope":"process_shared_not_project_local","generation":{"evidence_epoch":1,"incarnation":[119,90,153,27,70,84,111,130,198,217,146,220,220,120,137,90],"index_epoch":5,"semantic_epoch":3},"generation_scope":"observed_database_snapshot","identity_validation":"checked_at_observation_boundary","index_state":"available","local_state":"available","pin_scope":"owned_query_views_including_inflight_clones_not_request_count","query_coverage":{"scope":"per_query_not_global","state":"not_measured"},"query_encoding":{"configured_opt_in":false,"network_authorized":false,"reason":"query_network_opt_in_required","request_scope":"nonlocal_nonempty_only"},"query_pins":0,"resolution_freshness":{"basis_epoch":null,"complete":true,"completed_files":0,"index_epoch":5,"reason":null,"retry":null,"root_count":0,"scope":"observed_resolution_invalidations","status":"ready"},"semantic_active_space":"2eac300964ae66ba95651ecaa7c7c6aafb0c9aecbd8a130cfc50c030cd8688d4","semantic_failed":0,"semantic_pending":0,"semantic_state":"ready","service_state_scope":"process_observed_separately","spec":"retrieval-capabilities-v2"}},"diagnostics":{"auto_index_enabled":false,"db_schema_version":25,"last_indexed_at":"2026-10-08T03:53:37.372162160+00:00","lock_poison_recovered":false,"query_execution":{"async_admitted":0,"async_in_flight":0,"async_limit":8,"completed":38,"cpu_admitted":0,"cpu_in_flight":0,"cpu_limit":4,"queue_limit":32,"rejected":0},"retrieval":{"consistency":"point_in_time","default_effective_strategy":"auto","default_query_state":"available_with_per_query_checks","default_strategy":"auto","dense_desired":2,"dense_published":2,"dense_reason":null,"dense_state":"ready","diagnostic_sources":{"build":"BuildExplain on index response","graph":"GraphExplain on query response","lanes":"evidence_summary.retrieval.lanes or lane_receipts","packing":"evidence_summary.packing","selection":"evidence_summary.selection","semantic":"evidence_summary.retrieval.semantic (dense lane receipt projection)","source":"evidence_summary.source_freshness"},"execution":{"async_admitted":0,"async_in_flight":0,"async_limit":8,"completed":38,"cpu_admitted":0,"cpu_in_flight":0,"cpu_limit":4,"queue_limit":32,"rejected":0},"execution_scope":"process_shared_not_project_local","generation":{"evidence_epoch":1,"incarnation":[119,90,153,27,70,84,111,130,198,217,146,220,220,120,137,90],"index_epoch":5,"semantic_epoch":3},"generation_scope":"observed_database_snapshot","identity_validation":"checked_at_observation_boundary","index_state":"available","local_state":"available","pin_scope":"owned_query_views_including_inflight_clones_not_request_count","query_coverage":{"scope":"per_query_not_global","state":"not_measured"},"query_encoding":{"configured_opt_in":false,"network_authorized":false,"reason":"query_network_opt_in_required","request_scope":"nonlocal_nonempty_only"},"query_pins":0,"resolution_freshness":{"basis_epoch":null,"complete":true,"completed_files":0,"index_epoch":5,"reason":null,"retry":null,"root_count":0,"scope":"observed_resolution_invalidations","status":"ready"},"semantic_active_space":"2eac300964ae66ba95651ecaa7c7c6aafb0c9aecbd8a130cfc50c030cd8688d4","semantic_failed":0,"semantic_pending":0,"semantic_state":"ready","service_state_scope":"process_observed_separately","spec":"retrieval-capabilities-v2"},"schema_version":25,"search_cache":{"graph_hit_rate":0.16666666666666666,"graph_hits":1,"graph_misses":5,"result_hit_rate":0.0,"result_hits":0,"result_misses":0},"semantic_configured":true},"index":{"index_version":"1.0.0","indexed_call_edges":1,"indexed_chunks":2,"indexed_diagnostics":0,"indexed_files":1,"indexed_literals":0,"indexed_route_edges":0,"indexed_symbol_refs":1,"indexed_symbols":2,"indexed_test_edges":0,"last_indexed_at":"2026-10-08T03:53:37.372162160+00:00","project_path":"/tmp/.tmpJYtb6g/project","resolution_freshness":{"basis_epoch":null,"complete":true,"completed_files":0,"index_epoch":5,"reason":null,"retry":null,"root_count":0,"scope":"observed_resolution_invalidations","status":"ready"}},"resolution_freshness":{"basis_epoch":null,"complete":true,"completed_files":0,"index_epoch":5,"reason":null,"retry":null,"root_count":0,"scope":"observed_resolution_invalidations","status":"ready"},"runtime_evidence":{"distinct_linked_edges":0,"evidence_rows":0,"linked_evidence_rows":0,"total_observations":0},"schema":{"edge_counts":{"call_edges":1,"co_change_edges":0,"data_flow_edges":1,"http_call_edges":0,"imports":0,"routes":0,"semantic_edges":3,"symbol_refs":1,"test_edges":0},"edge_properties":{"ASYNC_CALLS":{"filterable":["method","call_kind","broker_type"],"informational":["confidence","url_or_path","normalized_path"]},"CALLS":{"filterable":["dispatch_kind","call_kind","resolution_kind","parser_tier","synthesized_by"],"informational":["confidence","parser_confidence","synthesis_key","registered_file"]},"CONTAINS_FILE":{"filterable":["relation_kind"],"informational":["confidence"]},"CONTAINS_MODULE":{"filterable":["relation_kind"],"informational":["confidence"]},"CO_CHANGE":{"filterable":[],"informational":["confidence","co_change_count","total_commits_a","total_commits_b"]},"DATA_FLOW":{"filterable":["flow_kind"],"informational":["confidence","env_key"]},"DECORATES":{"filterable":["relation_kind"],"informational":["confidence"]},"DEFINES":{"filterable":["relation_kind"],"informational":["confidence"]},"DEFINES_METHOD":{"filterable":["relation_kind"],"informational":["confidence"]},"HANDLES":{"filterable":["method","framework","route_kind"],"informational":["confidence","route_path","handler_name","normalized_path"]},"HTTP_CALL":{"filterable":["method","call_kind","broker_type"],"informational":["confidence","url_or_path","normalized_path"]},"HTTP_CALLS":{"filterable":["method","call_kind","broker_type"],"informational":["confidence","url_or_path","normalized_path"]},"IMPLEMENTS":{"filterable":["relation_kind"],"informational":["confidence"]},"IMPORTS":{"filterable":["imported_name","alias","is_namespace","is_default","is_reexport"],"informational":["import_string","resolved_path"]},"INHERITS":{"filterable":["relation_kind"],"informational":["confidence"]},"REFERENCES":{"filterable":["ref_kind","resolution_kind"],"informational":["symbol_name","ref_name","target_symbol_uid"]},"REFS":{"filterable":["ref_kind","resolution_kind"],"informational":["symbol_name","ref_name","target_symbol_uid"]},"RENDERS_COMPONENT":{"filterable":["relation_kind"],"informational":["confidence"]},"ROUTE":{"filterable":["method","framework","route_kind"],"informational":["confidence","route_path","handler_name","normalized_path"]},"ROUTES":{"filterable":["method","framework","route_kind"],"informational":["confidence","route_path","handler_name","normalized_path"]},"SEMANTIC":{"filterable":["relation_kind"],"informational":["confidence"]},"TESTS":{"filterable":["reason"],"informational":["confidence"]},"THROWS":{"filterable":["relation_kind"],"informational":["confidence"]},"USES_TYPE":{"filterable":["relation_kind"],"informational":["confidence"]}},"edge_provenance":{"by_dispatch_kind":{"direct":1},"by_resolution":{"heuristic":0,"tree_sitter":1,"unresolved":0},"by_synthesized_by":{},"synthesized":0,"total_call_edges":1},"example_queries":[{"cypher":"MATCH (f:Function) RETURN f.name, f.file_path LIMIT 20","description":"Find all functions in the index"},{"cypher":"MATCH (caller:Function)-[:CALLS]->(f:Function {name: 'TARGET_NAME'}) RETURN caller.name, caller.file_path","description":"Find callers of a specific function"},{"cypher":"MATCH (r:Route)-[:HANDLES]->(f:Function) RETURN r.route_path, r.method, f.name, f.file_path","description":"Find HTTP routes and their handlers"},{"cypher":"MATCH (f:Function) WHERE in_degree(f) = 0 RETURN f.name, f.file_path LIMIT 20","description":"Find potentially dead code (functions with zero in-degree)"},{"cypher":"MATCH (c:Class)-[:INHERITS]->(parent:Class) RETURN c.name, parent.name, c.file_path","description":"Find type hierarchy (inheritance)"}],"next_tool_hints":{"description":"Recommended tools for exploring specific graph relationships","hints":{"ASYNC_CALLS":"architecture(aspect='services') for service map; ingest_traces to validate with runtime data","CALLS":"trace(from, to, source_mode='body') for call paths; relations(symbol, kind='callers'|'callees') for direct edges","CONTAINS_FILE":"relations(symbol, kind='hierarchy') for type hierarchy; node(symbol, include='trail') for overview","CONTAINS_MODULE":"relations(symbol, kind='hierarchy') for type hierarchy; node(symbol, include='trail') for overview","DATA_FLOW":"explore(symbols, mode='flow') for data dependencies; relations(symbol, kind='refs') for references","DECORATES":"relations(symbol, kind='hierarchy') for type hierarchy; node(symbol, include='trail') for overview","DEFINES":"relations(symbol, kind='hierarchy') for type hierarchy; node(symbol, include='trail') for overview","DEFINES_METHOD":"relations(symbol, kind='hierarchy') for type hierarchy; node(symbol, include='trail') for overview","HANDLES":"architecture(aspect='routes') for all routes; explore(symbols, mode='flow') for request flow","HTTP_CALL":"architecture(aspect='services') for service map; ingest_traces to validate with runtime data","HTTP_CALLS":"architecture(aspect='services') for service map; ingest_traces to validate with runtime data","IMPLEMENTS":"relations(symbol, kind='hierarchy') for type hierarchy; node(symbol, include='trail') for overview","IMPORTS":"architecture(aspect='deps') for dependency map; relations(symbol, kind='refs') for symbol-level references","INHERITS":"relations(symbol, kind='hierarchy') for type hierarchy; node(symbol, include='trail') for overview","REFERENCES":"architecture(aspect='deps') for dependency map; relations(symbol, kind='refs') for symbol-level references","REFS":"architecture(aspect='deps') for dependency map; relations(symbol, kind='refs') for symbol-level references","RENDERS_COMPONENT":"relations(symbol, kind='hierarchy') for type hierarchy; node(symbol, include='trail') for overview","ROUTE":"architecture(aspect='routes') for all routes; explore(symbols, mode='flow') for request flow","ROUTES":"architecture(aspect='routes') for all routes; explore(symbols, mode='flow') for request flow","SEMANTIC":"relations(symbol, kind='hierarchy') for type hierarchy; node(symbol, include='trail') for overview","TESTS":"find_dead_code(include_tests=false) before pruning; explore(symbols, mode='overview') for coverage context","THROWS":"relations(symbol, kind='hierarchy') for type hierarchy; node(symbol, include='trail') for overview","USES_TYPE":"relations(symbol, kind='hierarchy') for type hierarchy; node(symbol, include='trail') for overview","runtime_evidence":"ingest_traces(traces) to add observations; status(aspect='schema') to check current evidence counts"}},"node_kinds":[{"count":2,"kind":"function"}],"relationship_patterns":[{"description":"Direct or dynamic function call","edge":"CALLS","from":"Function","table":"call_edges","to":"Function"},{"description":"Import dependency between files/modules","edge":"IMPORTS","from":"File","table":"imports","to":"File"},{"description":"Test file covers a code file","edge":"TESTS","from":"File","table":"test_edges","to":"File"},{"description":"HTTP route mapped to handler function","edge":"HANDLES","from":"Route","table":"routes","to":"Function"},{"description":"File declares an HTTP route","edge":"ROUTES","from":"File","table":"routes","to":"Route"},{"description":"Symbol reference from one file to another","edge":"REFERENCES","from":"File","table":"symbol_refs","to":"File"},{"description":"Files frequently changed together in commits","edge":"CO_CHANGE","from":"File","table":"co_change_edges","to":"File"},{"description":"Data flows between functions","edge":"DATA_FLOW","from":"Function","table":"data_flow_edges","to":"Function"},{"description":"Code makes an outbound HTTP request","edge":"HTTP_CALLS","from":"Function","table":"http_call_edges","to":"Route"},{"description":"Compatibility alias for HTTP_CALLS outbound HTTP requests","edge":"HTTP_CALL","from":"Function","table":"http_call_edges","to":"Route"},{"description":"Code dispatches async or gRPC-style outbound work","edge":"ASYNC_CALLS","from":"Function","table":"http_call_edges","to":"Route"},{"description":"Class inheritance (extends)","edge":"INHERITS","from":"Class","table":"semantic_edges","to":"Class"},{"description":"Interface implementation","edge":"IMPLEMENTS","from":"Class","table":"semantic_edges","to":"Interface"},{"description":"Decorator / annotation application","edge":"DECORATES","from":"Function","table":"semantic_edges","to":"Function"},{"description":"Exception / error throw relation","edge":"THROWS","from":"Function","table":"semantic_edges","to":"Class"},{"description":"Type usage in parameters or return types","edge":"USES_TYPE","from":"Function","table":"semantic_edges","to":"Class"},{"description":"React/Vue component renders another component","edge":"RENDERS_COMPONENT","from":"Function","table":"semantic_edges","to":"Function"},{"description":"File defines a top-level symbol","edge":"DEFINES","from":"File","table":"semantic_edges","to":"Symbol"},{"description":"Class/struct defines a method","edge":"DEFINES_METHOD","from":"Class","table":"semantic_edges","to":"Method"},{"description":"Folder/module contains a file","edge":"CONTAINS_FILE","from":"Module","table":"semantic_edges","to":"File"},{"description":"Module contains a submodule","edge":"CONTAINS_MODULE","from":"Module","table":"semantic_edges","to":"Module"}],"runtime_evidence":{"http_edge_coverage_pct":0.0,"matched_to_edges":0,"total_evidence":0,"unmatched":0},"runtime_evidence_edges":["HTTP_CALLS","HTTP_CALL"],"total_chunks":2,"total_files":1}},"tool":"status"}
V18_JSON {"embedding_http_calls":2,"only_loopback":true,"query_http_calls":0,"real_credentials":false,"synthetic_vectors":true}
[2m2026-10-08T03:53:38.251424Z[0m [32m INFO[0m [1mserve_inner[0m[2m:[0m [2mrmcp::service[0m[2m:[0m input stream terminated
[2m2026-10-08T03:53:38.251512Z[0m [32m INFO[0m [1mserve_inner[0m[2m:[0m [2mrmcp::service[0m[2m:[0m serve finished [3mquit_reason[0m[2m=[0mClosed
[2m2026-10-08T03:53:38.251697Z[0m [32m INFO[0m [2mcc_server::mcp[0m[2m:[0m MCP server shut down gracefully
V18_JSON {"args":{"retrieval_strategy":"local","task":"needle"},"result":{"evidence_summary":{"files":["needle.py"],"graph_enrichment":{"callees_added":1,"callers_added":1,"symbols_resolved":2,"tests_found":0},"packing":{"compacted":true,"configured_max_bytes":18000,"continuation":"Use files region/expand on retained references; recheck source version.","limit_bytes":16000,"omitted_hits":0,"omitted_nodes":0,"original_hits":2,"original_nodes":4,"partial":false,"spec":"whole-json-intent-facets-source-support-before-incidental-v5","token_estimate_method":"ceil(serialized_utf8_bytes/4); not a tokenizer","used_bytes":12536},"retrieval":{"cost":{"coverage":"originating_work; full scope: retrieval-cost schema v1","fused_candidates":2,"hydrate_requested":2,"hydration":{"sql":{"fullscan_steps":0,"rows":10,"sorts":0,"statements":9,"vm_steps":386},"text":{"cache_hits":2,"legacy_auto_reads":0,"storage_reads":0,"utf8_bytes":66,"zstd_decodes":0}},"lane_candidates":{"exact_symbol":1,"graph":2,"grep":2,"lexical":2,"path":1},"lexical_sql":{"fullscan_steps":0,"rows":2,"sorts":1,"statements":1,"vm_steps":59},"schema_version":1},"grep":{"fallback_scanned":0,"prefilter_failed":false,"prefilter_scanned":0,"reason":null,"scan_cap":20000,"scanned":2,"skipped_duplicates":4,"soft_scanned":2,"stages":[{"stage":"soft","work":{"sql":{"fullscan_steps":0,"rows":2,"sorts":0,"statements":1,"vm_steps":29},"text":{"cache_hits":0,"legacy_auto_reads":0,"storage_reads":2,"utf8_bytes":66,"zstd_decodes":0}}},{"stage":"prefilter","work":{"sql":{"fullscan_steps":0,"rows":2,"sorts":1,"statements":1,"vm_steps":58},"text":{"cache_hits":0,"legacy_auto_reads":0,"storage_reads":0,"utf8_bytes":0,"zstd_decodes":0}}},{"stage":"fallback","work":{"sql":{"fullscan_steps":1,"rows":2,"sorts":0,"statements":1,"vm_steps":23},"text":{"cache_hits":0,"legacy_auto_reads":0,"storage_reads":0,"utf8_bytes":0,"zstd_decodes":0}}}],"status":"complete"},"lane_receipts":[{"candidate_count":1,"candidate_details_omitted":true,"coverage":{"complete":true,"examined":null,"scope":"hard_scope","total_lower_bound":1},"elapsed_us":240,"lane_id":"exact_symbol","schema_version":1,"status":"complete","truncation_reason":null,"weight":1.1},{"candidate_count":1,"candidate_details_omitted":true,"coverage":{"complete":true,"examined":null,"scope":"hard_scope","total_lower_bound":1},"elapsed_us":405,"lane_id":"path","schema_version":1,"status":"complete","truncation_reason":null,"weight":1.0},{"candidate_count":2,"candidate_details_omitted":true,"coverage":{"complete":true,"examined":null,"scope":"hard_scope","total_lower_bound":2},"elapsed_us":133,"lane_id":"lexical","schema_version":1,"status":"complete","truncation_reason":null,"weight":1.1},{"candidate_count":2,"candidate_details_omitted":true,"coverage":{"complete":true,"examined":2,"scope":"hard_scope","total_lower_bound":2},"elapsed_us":1607,"lane_id":"grep","schema_version":1,"status":"complete","truncation_reason":null,"weight":0.8},{"candidate_count":2,"candidate_details_omitted":true,"coverage":{"complete":true,"examined":null,"scope":"hard_scope","total_lower_bound":2},"elapsed_us":1212,"lane_id":"graph","schema_version":1,"status":"complete","truncation_reason":null,"weight":0.6}],"policy":{"deadline_ms":30000,"details_omitted":true,"effective":"local","graph_source_mapping":"uid_byte_decl_docs;not_whole_body:v2","intent":"locate","lane_timeout_ms":20000,"path_source_domain":"canonical_scoped_exact_else_bounded_tokens;not_whole_body:v3","requested":"local","semantic_state":"disabled","semantic_timeout_ms":5000,"semantic_top_k":24,"version":"query-policy-local-semantic-canonical-path-domain-v4"},"scope":{"budget":{"exact_symbol_candidates":24,"grep_candidates":12,"grep_enabled":true,"grep_scan_cap":20000,"lexical_candidates":24,"path_candidates":24,"rerank_window":40,"top_k":10,"units":"chunks; grep_scan_cap=decompressions; scope_receipt_v1; not_total_cost"},"details_omitted":true,"hard":{"empty":false,"explicit_file_count":null,"languages":null,"path_prefix":null,"path_prefix_truncated":false,"semantics":"conjunctive_case_sensitive_repo_paths; explicit_empty_denies"},"ordering":["exact_identity_first","rerank_score_desc","chunk_id_asc"],"policy":"canonical-scoped-exact-path-domain-compact-context-budget-v22","schema_version":1,"soft":{"contributions":"score_trace=additive; stage_a_already_included; raw_hint_paths_omitted","hint_entries":{"overlay":0,"pinned":0,"recent":0,"working":0},"preselected_count":1,"role":"ranking_and_scan_priority_only"}}},"search_hits":2,"selection":{"facets":{"implementation":2},"input_candidates":2,"intent":"locate","intent_facet_anchors":{},"limit_omitted":0,"original_ranks":[1,2],"overlap":{"fully_covered_candidates":0,"input_bytes":66,"redundant_bytes":0,"unique_bytes":66},"requested_limit":10,"selected":2,"selected_overlap":{"fully_covered_candidates":0,"input_bytes":66,"redundant_bytes":0,"unique_bytes":66},"source_covered_omissions":0,"source_support_anchors":[],"source_support_scope":"cue_window:v1","spec":"anchored-facets-distinctive-source-union-v2","unmet_facets":[]},"source_freshness":{"budget_exhausted":false,"checked_files":1,"dense_manifest_fence":{"checked":0,"skip_disposition":"stale_publication_skipped","skipped":0},"generation":{"evidence_epoch":1,"incarnation":[10,185,78,123,44,206,73,121,16,159,128,121,87,131,81,184],"index_epoch":5,"semantic_epoch":null},"hydrator":"current-document-scope-source-generation-v1","omitted_files":{},"partial":false,"read_budget_charged":66,"scope":"disk_generation:v1","validation_work":{"candidate_projection_sql":{"fullscan_steps":0,"rows":2,"sorts":0,"statements":1,"vm_steps":76},"coverage":"current final-assembly attempt SELECTs for manifest, symbol identity and candidate projection; excludes prior attempts, transaction control, originating retrieval, generation, dense fence, graph and disk work; not total cost","schema_version":1,"source_records_sql":{"fullscan_steps":0,"rows":10,"sorts":0,"statements":9,"vm_steps":292}},"verified_hits":2}},"intent":"locate","invalidations":[],"machine_pack":{"hits":[{"breadcrumb":"needle","chunk_id":"chunk:needle.py:0","end_line":2,"file_path":"needle.py","fused_score":0.08989441930618403,"graph_score":0.07931471805599452,"grep_score":0.5,"lane":null,"language":"python","lexical_score":1.0,"metadata":{"details_omitted":true,"document":{"doc_key":"29b2fa88c6d6c8741c47ad873ba80a25c628b882a28ea3cfaa7fcc69e6982938","doc_version":"9ba68969fd43b00f97a9fade36d3cd19b8f57a4b7c6dffacb8c050c2e9b29f62","encoding_key":"78fc8c83484a6639e37e832f30a8eb8310c8ad26eada3a4ec3d936c1f152fede","entity_key":"16a369932cc2a7589f395b34b3b8def8bbad6a04e00672428487964152c26486"},"qname":"needle","source_evidence":{"boundary":"symbol","owner":{"end":28,"start":0},"signature":{"end":18,"start":0},"slice_digest":"c748e325d98b5f174763b313c05ece587900d99690eedbce11f75639788c6b8b","source":{"byte_len":66,"content_digest":"bdb975ad92107a0524d6a7c217816cd1e50bb1d97a36ef892318fbe837bf8857","encoding":"utf8","snapshot_id":"735799399424072b1b6cc95488ff63f55c094da4b32573a4555bf731c014f141"},"span":{"end":28,"start":0}},"source_freshness":{"disk_checked":true,"hydrator":"current-document-scope-source-generation-v1","status":"current_verified"}},"reasons":["exact-target","exact_symbol@1","path@1","lexical@1","grep@2","symbol-exact","fts-summary","path-token:needle","symbol:needle","preselect:fts-summary:+1.40","preselect:token-search:+3.00"],"rerank_score":0.8196888975800265,"score_trace":[["rrf:exact_symbol",0.021568627450980395],["rrf:path",0.0196078431372549],["rrf:lexical",0.021568627450980395],["rrf:grep",0.015384615384615385],["rrf:graph",0.011764705882352941],["overlap",0.35],["boost:symbol-exact",0.18],["boost:stage-a",0.17600006285704412],["boost:graph-rerank",0.023794415416798356]],"source":"index","start_line":1,"symbol_kind":"function","symbol_name":"needle","text":"def needle():\n    return 731"},{"breadcrumb":"neighbor","chunk_id":"chunk:needle.py:1","end_line":5,"file_path":"needle.py","fused_score":0.048378582202111615,"graph_score":0.06931471805599453,"grep_score":1.0,"lane":null,"language":"python","lexical_score":0.5,"metadata":{"details_omitted":true,"document":{"doc_key":"3fd56c438273f4e97d76268fc1e74f7bccba6b16d9f0ef414ca67b0829003e65","doc_version":"09f385ca69393d6173161facbcb1551167f9785fcdd2ccc650f1c531bc0259ed","encoding_key":"02118b2a2349b99c9efe9684d529683cd659e52f1e28e19c864bc915175c7693","entity_key":"f8d3da2a91268bb9b93e59ca9b06d751804a9221f3d218b5a8798fab2dc8e40d"},"qname":"neighbor","source_evidence":{"boundary":"symbol","owner":{"end":65,"start":30},"signature":{"end":50,"start":30},"slice_digest":"dec7813dc4d5e300de152b45e0cb2a89c688f0a75f1501c57aa7eb68130081dd","source":{"byte_len":66,"content_digest":"bdb975ad92107a0524d6a7c217816cd1e50bb1d97a36ef892318fbe837bf8857","encoding":"utf8","snapshot_id":"735799399424072b1b6cc95488ff63f55c094da4b32573a4555bf731c014f141"},"span":{"end":66,"start":28}},"source_freshness":{"disk_checked":true,"hydrator":"current-document-scope-source-generation-v1","status":"current_verified"}},"reasons":["lexical@2","grep@1","fts-summary","path-token:needle","symbol:needle","preselect:fts-summary:+1.40","preselect:token-search:+3.00"],"rerank_score":0.5951730604759541,"score_trace":[["rrf:lexical",0.021153846153846155],["rrf:grep",0.01568627450980392],["rrf:graph",0.011538461538461537],["overlap",0.35],["boost:stage-a",0.17600006285704412],["boost:graph-rerank",0.020794415416798356]],"source":"index","start_line":2,"symbol_kind":"function","symbol_name":"neighbor","text":"\n\ndef neighbor():\n    return needle()\n"}],"kind":"code_index_context","query":"needle","repo_size_tier":"Tiny","token_budget":4000,"top_k":10},"nodes":[{"backing_file_path":"needle.py","backing_source":null,"confidence":0.8,"depends_on":[],"end_line":2,"file_path":"needle.py","freshness":null,"invalidation_keys":[],"metadata":{"representation":"machine_hit_reference"},"node_id":"search:chunk:needle.py:0","node_type":"SEARCH_HIT","rank_explanation":null,"reasons":[],"relation":null,"role":"primary","score":0.8196888975800265,"source":"index","source_end_line":2,"source_start_line":1,"span_kind":"reference","start_line":1,"text":"","title":"needle.py needle:1-2","token_estimate":0},{"backing_file_path":"needle.py","backing_source":null,"confidence":0.8,"depends_on":[],"end_line":5,"file_path":"needle.py","freshness":null,"invalidation_keys":[],"metadata":{"representation":"machine_hit_reference"},"node_id":"search:chunk:needle.py:1","node_type":"SEARCH_HIT","rank_explanation":null,"reasons":[],"relation":null,"role":"primary","score":0.5951730604759541,"source":"index","source_end_line":5,"source_start_line":2,"span_kind":"reference","start_line":2,"text":"","title":"needle.py neighbor:2-5","token_estimate":0},{"backing_file_path":null,"backing_source":null,"confidence":1.0,"depends_on":[],"end_line":null,"file_path":"needle.py","freshness":null,"invalidation_keys":[],"metadata":null,"node_id":"graph:caller:uid:ed8e61924345e59a924de3bf","node_type":"CALL_EDGE","rank_explanation":null,"reasons":[],"relation":null,"role":"neighbor","score":0.0,"source":"graph","source_end_line":null,"source_start_line":null,"span_kind":null,"start_line":5,"text":"caller: neighbor → needle (needle.py:5)","title":"Caller: neighbor","token_estimate":10},{"backing_file_path":null,"backing_source":null,"confidence":1.0,"depends_on":[],"end_line":null,"file_path":"needle.py","freshness":null,"invalidation_keys":[],"metadata":null,"node_id":"graph:callee:uid:3732066f97516c2c2f8efb6e","node_type":"CALL_EDGE","rank_explanation":null,"reasons":[],"relation":null,"role":"neighbor","score":0.0,"source":"graph","source_end_line":null,"source_start_line":null,"span_kind":null,"start_line":5,"text":"callee: neighbor → needle (needle.py:5)","title":"Callee: needle","token_estimate":10}],"query":"needle","reasons":["hybrid search over code index","graph-enriched"],"rendered_prompt":"Complete source is in machine_pack.hits; references have no source body.","resolution_freshness":{"basis_epoch":null,"complete":true,"completed_files":0,"index_epoch":5,"reason":null,"retry":null,"root_count":0,"scope":"observed_resolution_invalidations","status":"ready"},"revision":0,"spans":[{"end_line":2,"file_path":"needle.py","label":"needle","node_id":"search:chunk:needle.py:0","start_line":1},{"end_line":5,"file_path":"needle.py","label":"neighbor","node_id":"search:chunk:needle.py:1","start_line":2}],"summary":"Found 2 indexed code result(s) across 1 file(s) for `needle`.","task":"needle","token_budget":4000,"token_estimate":3134},"tool":"context"}
V18_JSON {"args":{"aspect":"capabilities"},"result":{"capabilities":{"graph":true,"impact":true,"search":true},"has_index":true,"has_project":true,"indexed_files":1,"indexed_symbols":2,"resolution_freshness":{"basis_epoch":null,"complete":true,"completed_files":0,"index_epoch":5,"reason":null,"retry":null,"root_count":0,"scope":"observed_resolution_invalidations","status":"ready"},"retrieval":{"consistency":"point_in_time","default_effective_strategy":"local","default_query_state":"available_with_per_query_checks","default_strategy":"auto","dense_reason":"provider_and_vector_publication_not_implemented","dense_state":"disabled","diagnostic_sources":{"build":"BuildExplain on index response","graph":"GraphExplain on query response","lanes":"evidence_summary.retrieval.lanes or lane_receipts","packing":"evidence_summary.packing","selection":"evidence_summary.selection","semantic":"evidence_summary.retrieval.semantic (dense lane receipt projection)","source":"evidence_summary.source_freshness"},"execution":{"async_admitted":0,"async_in_flight":0,"async_limit":8,"completed":40,"cpu_admitted":0,"cpu_in_flight":0,"cpu_limit":4,"queue_limit":32,"rejected":0},"execution_scope":"process_shared_not_project_local","generation":{"evidence_epoch":1,"incarnation":[10,185,78,123,44,206,73,121,16,159,128,121,87,131,81,184],"index_epoch":5,"semantic_epoch":null},"generation_scope":"observed_database_snapshot","identity_validation":"checked_at_observation_boundary","index_state":"available","local_state":"available","pin_scope":"owned_query_views_including_inflight_clones_not_request_count","query_coverage":{"scope":"per_query_not_global","state":"not_measured"},"query_encoding":{"configured_opt_in":false,"network_authorized":false,"reason":"semantic_disabled","request_scope":"nonlocal_nonempty_only"},"query_pins":0,"resolution_freshness":{"basis_epoch":null,"complete":true,"completed_files":0,"index_epoch":5,"reason":null,"retry":null,"root_count":0,"scope":"observed_resolution_invalidations","status":"ready"},"semantic_active_space":null,"semantic_state":"not_configured","service_state_scope":"process_observed_separately","spec":"retrieval-capabilities-v2"}},"tool":"status"}
[2m2026-10-08T03:53:38.264242Z[0m [32m INFO[0m [1mserve_inner[0m[2m:[0m [2mrmcp::service[0m[2m:[0m input stream terminated
[2m2026-10-08T03:53:38.264305Z[0m [32m INFO[0m [1mserve_inner[0m[2m:[0m [2mrmcp::service[0m[2m:[0m serve finished [3mquit_reason[0m[2m=[0mClosed
[2m2026-10-08T03:53:38.264496Z[0m [32m INFO[0m [2mcc_server::mcp[0m[2m:[0m MCP server shut down gracefully
test omitted_null_and_explicit_overrides_inherit_project_strategy_through_queries ... ok
test loopback::ready_publication_status_keeps_request_policy_and_per_query_coverage_distinct ... ok
[2m2026-10-08T03:53:38.287554Z[0m [32m INFO[0m [2mcc_db::index_migrate[0m[2m:[0m initializing index schema [3mversion[0m[2m=[0m25
[2m2026-10-08T03:53:38.288264Z[0m [32m INFO[0m [2mcc_db::index_migrate[0m[2m:[0m initializing index schema [3mversion[0m[2m=[0m25
[2m2026-10-08T03:53:38.316783Z[0m [32m INFO[0m [1mserve_inner[0m[2m:[0m [2mrmcp::service[0m[2m:[0m Service initialized as server [3mpeer_info[0m[2m=[0mSome(InitializeRequestParams { meta: None, protocol_version: ProtocolVersion("2025-11-25"), capabilities: ClientCapabilities { experimental: None, extensions: None, roots: None, sampling: None, elicitation: None, tasks: None }, client_info: Implementation { name: "rmcp", title: None, version: "2.2.0", description: None, icons: None, website_url: None } })
[2m2026-10-08T03:53:38.316858Z[0m [32m INFO[0m [2mcc_server::mcp[0m[2m:[0m MCP server started on stdio
[2m2026-10-08T03:53:38.317189Z[0m [32m INFO[0m [1mserve_inner[0m[2m:[0m [2mrmcp::service[0m[2m:[0m received notification [3mnotification[0m[2m=[0mInitializedNotification(NotificationNoParam { method: InitializedNotificationMethod, extensions: Extensions })
[2m2026-10-08T03:53:38.317614Z[0m [32m INFO[0m [1mserve_inner[0m[2m:[0m [2mrmcp::handler::server[0m[2m:[0m client initialized
[2m2026-10-08T03:53:38.318476Z[0m [32m INFO[0m [2mcc_index::memory_budget[0m[2m:[0m memory budget initialized [3mtotal_ram_mb[0m[2m=[0m15989 [3mbudget_mb[0m[2m=[0m7994 [3mfraction[0m[2m=[0m0.5
[2m2026-10-08T03:53:38.318501Z[0m [32m INFO[0m [1mserve_inner[0m[2m:[0m [2mrmcp::service[0m[2m:[0m Service initialized as server [3mpeer_info[0m[2m=[0mSome(InitializeRequestParams { meta: None, protocol_version: ProtocolVersion("2025-11-25"), capabilities: ClientCapabilities { experimental: None, extensions: None, roots: None, sampling: None, elicitation: None, tasks: None }, client_info: Implementation { name: "rmcp", title: None, version: "2.2.0", description: None, icons: None, website_url: None } })
[2m2026-10-08T03:53:38.318723Z[0m [32m INFO[0m [1mserve_inner[0m[2m:[0m [2mrmcp::service[0m[2m:[0m received notification [3mnotification[0m[2m=[0mInitializedNotification(NotificationNoParam { method: InitializedNotificationMethod, extensions: Extensions })
[2m2026-10-08T03:53:38.318909Z[0m [32m INFO[0m [1mserve_inner[0m[2m:[0m [2mrmcp::handler::server[0m[2m:[0m client initialized
[2m2026-10-08T03:53:38.318989Z[0m [32m INFO[0m [2mcc_server::mcp[0m[2m:[0m MCP server started on stdio
[2m2026-10-08T03:53:38.319531Z[0m [32m INFO[0m [2mcc_index::memory_budget[0m[2m:[0m memory budget initialized [3mtotal_ram_mb[0m[2m=[0m15989 [3mbudget_mb[0m[2m=[0m7994 [3mfraction[0m[2m=[0m0.5
[2m2026-10-08T03:53:38.351407Z[0m [32m INFO[0m [2mcc_db::index_db_rebuild[0m[2m:[0m full rebuild: writing data to temp database
[2m2026-10-08T03:53:38.355185Z[0m [32m INFO[0m [2mcc_db::index_db_rebuild[0m[2m:[0m full rebuild: recreating indexes
[2m2026-10-08T03:53:38.358607Z[0m [32m INFO[0m [2mcc_db::index_db_rebuild[0m[2m:[0m full rebuild: creating temp database [3mtmp[0m[2m=[0m/tmp/.tmpjv4zV3/project/.codecortex/index.sqlite3.tmp
[2m2026-10-08T03:53:38.361701Z[0m [32m INFO[0m [2mcc_db::index_db_rebuild[0m[2m:[0m full rebuild: writing data to temp database
[2m2026-10-08T03:53:38.365367Z[0m [32m INFO[0m [2mcc_db::index_db_rebuild[0m[2m:[0m full rebuild: recreating indexes
[2m2026-10-08T03:53:38.375341Z[0m [32m INFO[0m [2mcc_db::index_db_rebuild[0m[2m:[0m full rebuild: creating temp database [3mtmp[0m[2m=[0m/tmp/.tmpnjP3qH/project/.codecortex/index.sqlite3.tmp
[2m2026-10-08T03:53:38.381095Z[0m [32m INFO[0m [2mcc_db::index_db_rebuild[0m[2m:[0m full rebuild: temp database ready for swap
[2m2026-10-08T03:53:38.381409Z[0m [32m INFO[0m [2mcc_index::memory_budget[0m[2m:[0m memory budget initialized [3mtotal_ram_mb[0m[2m=[0m15989 [3mbudget_mb[0m[2m=[0m7994 [3mfraction[0m[2m=[0m0.5
[2m2026-10-08T03:53:38.396973Z[0m [32m INFO[0m [2mcc_db::index_db_rebuild[0m[2m:[0m full rebuild: temp database ready for swap
[2m2026-10-08T03:53:38.397141Z[0m [32m INFO[0m [2mcc_index::memory_budget[0m[2m:[0m memory budget initialized [3mtotal_ram_mb[0m[2m=[0m15989 [3mbudget_mb[0m[2m=[0m7994 [3mfraction[0m[2m=[0m0.5
[2m2026-10-08T03:53:38.417604Z[0m [32m INFO[0m [2mcc_index::memory_budget[0m[2m:[0m memory budget initialized [3mtotal_ram_mb[0m[2m=[0m15989 [3mbudget_mb[0m[2m=[0m7994 [3mfraction[0m[2m=[0m0.5
[2m2026-10-08T03:53:38.421804Z[0m [32m INFO[0m [2mcc_index::memory_budget[0m[2m:[0m memory budget initialized [3mtotal_ram_mb[0m[2m=[0m15989 [3mbudget_mb[0m[2m=[0m7994 [3mfraction[0m[2m=[0m0.5
V18_JSON {"args":{"full":true,"path":"/tmp/.tmpMOtenf/project"},"result":{"build_explain":{"gate_decisions":[{"pass":"synthesis_round","reason":"both signatures changed","run":true},{"pass":"community","reason":"full rebuild","run":true},{"pass":"git_cochange","reason":"cache key unavailable","run":true},{"pass":"infra","reason":"signature algorithm changed","run":true},{"pass":"adr","reason":"no recorded signature","run":true}]},"chunk_policy":{"bytes":16384,"chars":16384,"estimated_tokens":4096,"lines":80,"merge_min_bytes":256},"chunks_total":2,"dirty_plan":{"dependency_sql":{"fullscan_steps":0,"rows":0,"sorts":0,"statements":0,"vm_steps":0},"file_budget":0,"parsed_files":1,"reasons":[],"rebased":false,"resumed":false,"selected_dependents":0},"document_changes":{"files_projected":1,"removed":0,"render_failed":0,"reusable_inputs":0,"unchanged":0,"upserted":2},"elapsed_ms":303,"files_added":1,"files_parsed":1,"files_removed":0,"files_scanned":1,"files_skipped":0,"files_updated":0,"parse_errors":[],"phase_timing":{"analysis_ms":3,"parse_ms":36,"postprocess_ms":0,"resolve_ms":0,"scan_diff_ms":4,"write_ms":35},"project_model":{"catalog_files":1,"changed_configs":[],"config_inputs":0,"config_parse_cache_hits":0,"config_reads":0,"config_root_probes":5,"config_roots":0,"diagnostics":[],"go_fact_cache_hits":0,"go_source_reads":0,"input_digest":"6608a5a5cd33639a82b1be8d943f3148241d6520b8e0d9930909feaaf0ec5b8c","inventory_source":"shared_walk","modes":[],"rust_fact_cache_hits":0,"rust_source_reads":0,"version":3},"public_surface_coverage":{"known":1,"known_empty":0,"parsed_files":1,"unknown":0,"unknown_reasons":{}},"resolution_coverage":{"ambiguous":0,"incomplete_files":0,"modules_ambiguous":0,"modules_external":0,"modules_resolved":0,"modules_unknown":0,"modules_unresolved":0,"modules_unsupported":0,"omitted_records":0,"packages_resolved":0,"processed_files":1,"resolved":2,"unresolved":0,"unsupported":0},"resolution_freshness":{"basis_epoch":null,"complete":true,"completed_files":0,"index_epoch":5,"reason":null,"retry":null,"root_count":0,"scope":"observed_resolution_invalidations","status":"ready"},"symbols_total":2,"used_parallel_parse":false},"tool":"index"}
V18_JSON {"args":{"aspect":"capabilities"},"result":{"capabilities":{"graph":true,"impact":true,"search":true},"has_index":true,"has_project":true,"indexed_files":1,"indexed_symbols":2,"resolution_freshness":{"basis_epoch":null,"complete":true,"completed_files":0,"index_epoch":5,"reason":null,"retry":null,"root_count":0,"scope":"observed_resolution_invalidations","status":"ready"},"retrieval":{"consistency":"point_in_time","default_effective_strategy":"auto","default_query_state":"available_with_per_query_checks","default_strategy":"auto","dense_reason":"semantic_no_active_space","dense_state":"disabled","diagnostic_sources":{"build":"BuildExplain on index response","graph":"GraphExplain on query response","lanes":"evidence_summary.retrieval.lanes or lane_receipts","packing":"evidence_summary.packing","selection":"evidence_summary.selection","semantic":"evidence_summary.retrieval.semantic (dense lane receipt projection)","source":"evidence_summary.source_freshness"},"execution":{"async_admitted":0,"async_in_flight":0,"async_limit":8,"completed":0,"cpu_admitted":0,"cpu_in_flight":0,"cpu_limit":4,"queue_limit":32,"rejected":0},"execution_scope":"process_shared_not_project_local","generation":{"evidence_epoch":1,"incarnation":[172,189,128,233,182,222,254,214,171,53,16,196,205,250,186,101],"index_epoch":5,"semantic_epoch":null},"generation_scope":"observed_database_snapshot","identity_validation":"checked_at_observation_boundary","index_state":"available","local_state":"available","pin_scope":"owned_query_views_including_inflight_clones_not_request_count","query_coverage":{"scope":"per_query_not_global","state":"not_measured"},"query_encoding":{"configured_opt_in":false,"network_authorized":false,"reason":"query_network_opt_in_required","request_scope":"nonlocal_nonempty_only"},"query_pins":1,"resolution_freshness":{"basis_epoch":null,"complete":true,"completed_files":0,"index_epoch":5,"reason":null,"retry":null,"root_count":0,"scope":"observed_resolution_invalidations","status":"ready"},"semantic_active_space":null,"semantic_state":"port_attached_unverified","service_state_scope":"process_observed_separately","spec":"retrieval-capabilities-v2"}},"tool":"status"}
[2m2026-10-08T03:53:38.433263Z[0m [32m INFO[0m [2mcc_index::memory_budget[0m[2m:[0m memory budget initialized [3mtotal_ram_mb[0m[2m=[0m15989 [3mbudget_mb[0m[2m=[0m7994 [3mfraction[0m[2m=[0m0.5
[2m2026-10-08T03:53:38.437829Z[0m [32m INFO[0m [2mcc_index::memory_budget[0m[2m:[0m memory budget initialized [3mtotal_ram_mb[0m[2m=[0m15989 [3mbudget_mb[0m[2m=[0m7994 [3mfraction[0m[2m=[0m0.5
V18_JSON {"args":{"full":true,"path":"/tmp/.tmp2PqiT9/project"},"result":{"build_explain":{"gate_decisions":[{"pass":"synthesis_round","reason":"both signatures changed","run":true},{"pass":"community","reason":"full rebuild","run":true},{"pass":"git_cochange","reason":"cache key unavailable","run":true},{"pass":"infra","reason":"signature algorithm changed","run":true},{"pass":"adr","reason":"no recorded signature","run":true}]},"chunk_policy":{"bytes":16384,"chars":16384,"estimated_tokens":4096,"lines":80,"merge_min_bytes":256},"chunks_total":2,"dirty_plan":{"dependency_sql":{"fullscan_steps":0,"rows":0,"sorts":0,"statements":0,"vm_steps":0},"file_budget":0,"parsed_files":1,"reasons":[],"rebased":false,"resumed":false,"selected_dependents":0},"document_changes":{"files_projected":1,"removed":0,"render_failed":0,"reusable_inputs":0,"unchanged":0,"upserted":2},"elapsed_ms":335,"files_added":1,"files_parsed":1,"files_removed":0,"files_scanned":1,"files_skipped":0,"files_updated":0,"parse_errors":[],"phase_timing":{"analysis_ms":3,"parse_ms":30,"postprocess_ms":1,"resolve_ms":0,"scan_diff_ms":7,"write_ms":35},"project_model":{"catalog_files":1,"changed_configs":[],"config_inputs":0,"config_parse_cache_hits":0,"config_reads":0,"config_root_probes":5,"config_roots":0,"diagnostics":[],"go_fact_cache_hits":0,"go_source_reads":0,"input_digest":"6608a5a5cd33639a82b1be8d943f3148241d6520b8e0d9930909feaaf0ec5b8c","inventory_source":"shared_walk","modes":[],"rust_fact_cache_hits":0,"rust_source_reads":0,"version":3},"public_surface_coverage":{"known":1,"known_empty":0,"parsed_files":1,"unknown":0,"unknown_reasons":{}},"resolution_coverage":{"ambiguous":0,"incomplete_files":0,"modules_ambiguous":0,"modules_external":0,"modules_resolved":0,"modules_unknown":0,"modules_unresolved":0,"modules_unsupported":0,"omitted_records":0,"packages_resolved":0,"processed_files":1,"resolved":2,"unresolved":0,"unsupported":0},"resolution_freshness":{"basis_epoch":null,"complete":true,"completed_files":0,"index_epoch":5,"reason":null,"retry":null,"root_count":0,"scope":"observed_resolution_invalidations","status":"ready"},"symbols_total":2,"used_parallel_parse":false},"tool":"index"}
V18_JSON {"args":{"aspect":"capabilities"},"result":{"capabilities":{"graph":true,"impact":true,"search":true},"has_index":true,"has_project":true,"indexed_files":1,"indexed_symbols":2,"resolution_freshness":{"basis_epoch":null,"complete":true,"completed_files":0,"index_epoch":5,"reason":null,"retry":null,"root_count":0,"scope":"observed_resolution_invalidations","status":"ready"},"retrieval":{"consistency":"point_in_time","default_effective_strategy":"auto","default_query_state":"available_with_per_query_checks","default_strategy":"auto","dense_desired":2,"dense_published":2,"dense_reason":null,"dense_state":"ready","diagnostic_sources":{"build":"BuildExplain on index response","graph":"GraphExplain on query response","lanes":"evidence_summary.retrieval.lanes or lane_receipts","packing":"evidence_summary.packing","selection":"evidence_summary.selection","semantic":"evidence_summary.retrieval.semantic (dense lane receipt projection)","source":"evidence_summary.source_freshness"},"execution":{"async_admitted":0,"async_in_flight":0,"async_limit":8,"completed":0,"cpu_admitted":0,"cpu_in_flight":0,"cpu_limit":4,"queue_limit":32,"rejected":0},"execution_scope":"process_shared_not_project_local","generation":{"evidence_epoch":1,"incarnation":[172,189,128,233,182,222,254,214,171,53,16,196,205,250,186,101],"index_epoch":5,"semantic_epoch":3},"generation_scope":"observed_database_snapshot","identity_validation":"checked_at_observation_boundary","index_state":"available","local_state":"available","pin_scope":"owned_query_views_including_inflight_clones_not_request_count","query_coverage":{"scope":"per_query_not_global","state":"not_measured"},"query_encoding":{"configured_opt_in":false,"network_authorized":false,"reason":"query_network_opt_in_required","request_scope":"nonlocal_nonempty_only"},"query_pins":1,"resolution_freshness":{"basis_epoch":null,"complete":true,"completed_files":0,"index_epoch":5,"reason":null,"retry":null,"root_count":0,"scope":"observed_resolution_invalidations","status":"ready"},"semantic_active_space":"2eac300964ae66ba95651ecaa7c7c6aafb0c9aecbd8a130cfc50c030cd8688d4","semantic_failed":0,"semantic_pending":0,"semantic_state":"ready","service_state_scope":"process_observed_separately","spec":"retrieval-capabilities-v2"}},"tool":"status"}
V18_JSON {"args":{"aspect":"capabilities"},"result":{"capabilities":{"graph":true,"impact":true,"search":true},"has_index":true,"has_project":true,"indexed_files":1,"indexed_symbols":2,"resolution_freshness":{"basis_epoch":null,"complete":true,"completed_files":0,"index_epoch":5,"reason":null,"retry":null,"root_count":0,"scope":"observed_resolution_invalidations","status":"ready"},"retrieval":{"consistency":"point_in_time","default_effective_strategy":"local","default_query_state":"available_with_per_query_checks","default_strategy":"auto","dense_reason":"provider_and_vector_publication_not_implemented","dense_state":"disabled","diagnostic_sources":{"build":"BuildExplain on index response","graph":"GraphExplain on query response","lanes":"evidence_summary.retrieval.lanes or lane_receipts","packing":"evidence_summary.packing","selection":"evidence_summary.selection","semantic":"evidence_summary.retrieval.semantic (dense lane receipt projection)","source":"evidence_summary.source_freshness"},"execution":{"async_admitted":0,"async_in_flight":0,"async_limit":8,"completed":0,"cpu_admitted":0,"cpu_in_flight":0,"cpu_limit":4,"queue_limit":32,"rejected":0},"execution_scope":"process_shared_not_project_local","generation":{"evidence_epoch":1,"incarnation":[164,184,198,51,209,243,135,131,61,184,188,9,212,159,199,60],"index_epoch":5,"semantic_epoch":null},"generation_scope":"observed_database_snapshot","identity_validation":"checked_at_observation_boundary","index_state":"available","local_state":"available","pin_scope":"owned_query_views_including_inflight_clones_not_request_count","query_coverage":{"scope":"per_query_not_global","state":"not_measured"},"query_encoding":{"configured_opt_in":true,"network_authorized":false,"reason":"semantic_disabled","request_scope":"nonlocal_nonempty_only"},"query_pins":0,"resolution_freshness":{"basis_epoch":null,"complete":true,"completed_files":0,"index_epoch":5,"reason":null,"retry":null,"root_count":0,"scope":"observed_resolution_invalidations","status":"ready"},"semantic_active_space":null,"semantic_state":"not_configured","service_state_scope":"process_observed_separately","spec":"retrieval-capabilities-v2"}},"tool":"status"}
[2m2026-10-08T03:53:38.444633Z[0m [32m INFO[0m [2mcc_server::semantic_runtime[0m[2m:[0m semantic worker GC page completed [3mkept_fresh[0m[2m=[0m0 [3mkept_referenced[0m[2m=[0m2 [3mkept_live_task[0m[2m=[0m0 [3mdeleted_objects[0m[2m=[0m0 [3mdeleted_halves[0m[2m=[0m0 [3mdeleted_temps[0m[2m=[0m0 [3mpruned_dirs[0m[2m=[0m0 [3mexhausted[0m[2m=[0mtrue
V18_JSON {"args":{"aspect":"capabilities"},"result":{"capabilities":{"graph":true,"impact":true,"search":true},"has_index":true,"has_project":true,"indexed_files":1,"indexed_symbols":2,"resolution_freshness":{"basis_epoch":null,"complete":true,"completed_files":0,"index_epoch":5,"reason":null,"retry":null,"root_count":0,"scope":"observed_resolution_invalidations","status":"ready"},"retrieval":{"consistency":"point_in_time","default_effective_strategy":"auto","default_query_state":"available_with_per_query_checks","default_strategy":"auto","dense_desired":2,"dense_published":2,"dense_reason":null,"dense_state":"ready","diagnostic_sources":{"build":"BuildExplain on index response","graph":"GraphExplain on query response","lanes":"evidence_summary.retrieval.lanes or lane_receipts","packing":"evidence_summary.packing","selection":"evidence_summary.selection","semantic":"evidence_summary.retrieval.semantic (dense lane receipt projection)","source":"evidence_summary.source_freshness"},"execution":{"async_admitted":0,"async_in_flight":0,"async_limit":8,"completed":0,"cpu_admitted":0,"cpu_in_flight":0,"cpu_limit":4,"queue_limit":32,"rejected":0},"execution_scope":"process_shared_not_project_local","generation":{"evidence_epoch":1,"incarnation":[172,189,128,233,182,222,254,214,171,53,16,196,205,250,186,101],"index_epoch":5,"semantic_epoch":3},"generation_scope":"observed_database_snapshot","identity_validation":"checked_at_observation_boundary","index_state":"available","local_state":"available","pin_scope":"owned_query_views_including_inflight_clones_not_request_count","query_coverage":{"scope":"per_query_not_global","state":"not_measured"},"query_encoding":{"configured_opt_in":false,"network_authorized":false,"reason":"query_network_opt_in_required","request_scope":"nonlocal_nonempty_only"},"query_pins":1,"resolution_freshness":{"basis_epoch":null,"complete":true,"completed_files":0,"index_epoch":5,"reason":null,"retry":null,"root_count":0,"scope":"observed_resolution_invalidations","status":"ready"},"semantic_active_space":"2eac300964ae66ba95651ecaa7c7c6aafb0c9aecbd8a130cfc50c030cd8688d4","semantic_failed":0,"semantic_pending":0,"semantic_state":"ready","service_state_scope":"process_observed_separately","spec":"retrieval-capabilities-v2"}},"tool":"status"}
V18_JSON {"args":{"query":"v18_query_gate_disabled_search","retrieval_strategy":"auto"},"result":{"evidence_summary":{"files":[],"graph_enrichment":{"callees_added":0,"callers_added":0,"symbols_resolved":0,"tests_found":0},"packing":{"compacted":false,"configured_max_bytes":18000,"continuation":"Use files region/expand on retained references; recheck source version.","limit_bytes":16000,"omitted_hits":0,"omitted_nodes":0,"original_hits":0,"original_nodes":0,"partial":false,"spec":"whole-json-intent-facets-source-support-before-incidental-v5","token_estimate_method":"ceil(serialized_utf8_bytes/4); not a tokenizer","used_bytes":7762},"retrieval":{"cost":{"coverage":"originating query work; lexical FTS and hydration SQL here; grep stage SQL in grep.stages; excludes preselection/exact lookup/graph SQL, FTS internal work and storage I/O; not total cost or a hard limit","fused_candidates":0,"hydrate_requested":0,"hydration":{"sql":{"fullscan_steps":0,"rows":0,"sorts":0,"statements":0,"vm_steps":0},"text":{"cache_hits":0,"legacy_auto_reads":0,"storage_reads":0,"utf8_bytes":0,"zstd_decodes":0}},"lane_candidates":{"exact_symbol":0,"graph":0,"grep":0,"lexical":0,"path":0},"lexical_sql":{"fullscan_steps":0,"rows":0,"sorts":1,"statements":1,"vm_steps":17},"schema_version":1},"grep":{"fallback_scanned":0,"prefilter_failed":false,"prefilter_scanned":0,"reason":null,"scan_cap":20000,"scanned":2,"skipped_duplicates":2,"soft_scanned":2,"stages":[{"stage":"soft","work":{"sql":{"fullscan_steps":0,"rows":2,"sorts":0,"statements":1,"vm_steps":29},"text":{"cache_hits":0,"legacy_auto_reads":0,"storage_reads":2,"utf8_bytes":66,"zstd_decodes":0}}},{"stage":"prefilter","work":{"sql":{"fullscan_steps":0,"rows":0,"sorts":1,"statements":1,"vm_steps":14},"text":{"cache_hits":0,"legacy_auto_reads":0,"storage_reads":0,"utf8_bytes":0,"zstd_decodes":0}}},{"stage":"fallback","work":{"sql":{"fullscan_steps":1,"rows":2,"sorts":0,"statements":1,"vm_steps":23},"text":{"cache_hits":0,"legacy_auto_reads":0,"storage_reads":0,"utf8_bytes":0,"zstd_decodes":0}}}],"status":"complete"},"lanes":[{"candidate_count":0,"candidates":[],"coverage":{"complete":true,"examined":null,"scope":"hard_scope","total_lower_bound":0},"elapsed_us":545,"lane_id":"exact_symbol","schema_version":1,"status":"complete","truncation_reason":null,"weight":1.1},{"candidate_count":0,"candidates":[],"coverage":{"complete":true,"examined":null,"scope":"hard_scope","total_lower_bound":0},"elapsed_us":349,"lane_id":"path","schema_version":1,"status":"complete","truncation_reason":null,"weight":1.0},{"candidate_count":0,"candidates":[],"coverage":{"complete":true,"examined":null,"scope":"hard_scope","total_lower_bound":0},"elapsed_us":690,"lane_id":"lexical","schema_version":1,"status":"complete","truncation_reason":null,"weight":1.1},{"candidate_count":0,"candidates":[],"coverage":{"complete":true,"examined":2,"scope":"hard_scope","total_lower_bound":0},"elapsed_us":2003,"lane_id":"grep","schema_version":1,"status":"complete","truncation_reason":null,"weight":0.8},{"candidate_count":0,"candidates":[],"coverage":{"complete":true,"examined":null,"scope":"hard_scope","total_lower_bound":0},"elapsed_us":1281,"lane_id":"graph","schema_version":1,"status":"complete","truncation_reason":null,"weight":0.6}],"policy":{"completeness":"all_executed_lane_limits_remain_visible; obligation_role_does_not_erase_partial","deadline_ms":30000,"effective":"local","graph_source_mapping":"uid_byte_declaration_document; complete_mapping_is_not_whole_symbol_body_coverage","intent":"locate","lane_timeout_ms":20000,"no_answer":"empty_partial_is_not_absence; no_semantic_absence_claim_from_weak_rank","obligations":[{"lane_id":"exact_symbol","role":"identity","timeout_ms":20000},{"lane_id":"path","role":"identity","timeout_ms":20000},{"lane_id":"lexical","role":"source","timeout_ms":20000},{"lane_id":"grep","role":"source","timeout_ms":20000},{"lane_id":"graph","role":"supporting","timeout_ms":20000}],"path_source_domain":"canonical_scoped_existing_path_docs; else_bounded_tokens; not_whole_file_coverage","requested":"auto","semantic_state":"not_configured","semantic_timeout_ms":5000,"semantic_top_k":24,"version":"query-policy-local-semantic-canonical-path-domain-v4"},"scope":{"budget":{"exact_symbol_candidates":24,"grep_candidates":12,"grep_enabled":true,"grep_scan_cap":20000,"lexical_candidates":24,"path_candidates":24,"rerank_window":40,"top_k":10,"units":"candidate limits count chunks; grep_scan_cap counts decompressions, not SQL work, total memory or time; cached diagnostics describe originating computation, not work repeated on a cache hit"},"hard":{"empty":false,"explicit_file_count":null,"languages":null,"path_prefix":null,"path_prefix_truncated":false,"semantics":"conjunctive_repository_relative_case_sensitive_components; empty means contradictory/explicit-empty constraint, not an inventory count"},"ordering":["exact-target first (identity tier, not an additive score)","rerank_score descending = sum(score_trace)","chunk_id ascending"],"policy":"canonical-scoped-exact-path-domain-compact-context-budget-v22","schema_version":1,"soft":{"contributions":"per-hit score_trace is the additive bill; stage_a_layer_scores explain its capped stage-a component and must not be added twice; raw hint and excluded paths omitted","hint_entries":{"overlay":0,"pinned":0,"recent":0,"working":0},"preselected_count":1,"role":"ranking_and_scan_priority_only"}}},"search_hits":0,"selection":{"facets":{},"input_candidates":0,"intent":"locate","intent_facet_anchors":{},"limit_omitted":0,"original_ranks":[],"overlap":{"fully_covered_candidates":0,"input_bytes":0,"redundant_bytes":0,"unique_bytes":0},"requested_limit":10,"selected":0,"selected_overlap":{"fully_covered_candidates":0,"input_bytes":0,"redundant_bytes":0,"unique_bytes":0},"source_covered_omissions":0,"source_support_anchors":[],"source_support_scope":"literal_program_cue_in_validated_twice_topk_window_only; not_global_uniqueness_or_exact_identity","spec":"anchored-facets-distinctive-source-union-v2","unmet_facets":[]},"source_freshness":{"budget_exhausted":false,"checked_files":0,"dense_manifest_fence":{"checked":0,"skip_disposition":"stale_publication_skipped","skipped":0},"generation":{"evidence_epoch":1,"incarnation":[164,184,198,51,209,243,135,131,61,184,188,9,212,159,199,60],"index_epoch":5,"semantic_epoch":null},"hydrator":"current-document-scope-source-generation-v1","omitted_files":{},"partial":false,"read_budget_charged":0,"scope":"bounded per-file disk verification and optimistic full read generation; not an atomic filesystem snapshot","validation_work":{"candidate_projection_sql":{"fullscan_steps":0,"rows":0,"sorts":0,"statements":0,"vm_steps":0},"coverage":"current final-assembly attempt SELECTs for manifest, symbol identity and candidate projection; excludes prior attempts, transaction control, originating retrieval, generation, dense fence, graph and disk work; not total cost","schema_version":1,"source_records_sql":{"fullscan_steps":0,"rows":0,"sorts":0,"statements":0,"vm_steps":0}},"verified_hits":0}},"intent":"locate","invalidations":[],"machine_pack":{"hits":[],"kind":"code_index_context","query":"v18_query_gate_disabled_search","repo_size_tier":"Tiny","token_budget":4000,"top_k":10},"nodes":[],"query":"v18_query_gate_disabled_search","reasons":["hybrid search over code index"],"rendered_prompt":"Task: code-index search\nIntent: locate\nQuery: v18_query_gate_disabled_search\n\n","resolution_freshness":{"basis_epoch":null,"complete":true,"completed_files":0,"index_epoch":5,"reason":null,"retry":null,"root_count":0,"scope":"observed_resolution_invalidations","status":"ready"},"revision":0,"spans":[],"summary":"No indexed code results found for `v18_query_gate_disabled_search`.","task":"v18_query_gate_disabled_search","token_budget":4000,"token_estimate":1941},"tool":"search"}
V18_JSON {"args":{"query":"v18_query_denied_local_search","retrieval_strategy":"local"},"result":{"evidence_summary":{"files":[],"graph_enrichment":{"callees_added":0,"callers_added":0,"symbols_resolved":0,"tests_found":0},"packing":{"compacted":false,"configured_max_bytes":18000,"continuation":"Use files region/expand on retained references; recheck source version.","limit_bytes":16000,"omitted_hits":0,"omitted_nodes":0,"original_hits":0,"original_nodes":0,"partial":false,"spec":"whole-json-intent-facets-source-support-before-incidental-v5","token_estimate_method":"ceil(serialized_utf8_bytes/4); not a tokenizer","used_bytes":7751},"retrieval":{"cost":{"coverage":"originating query work; lexical FTS and hydration SQL here; grep stage SQL in grep.stages; excludes preselection/exact lookup/graph SQL, FTS internal work and storage I/O; not total cost or a hard limit","fused_candidates":0,"hydrate_requested":0,"hydration":{"sql":{"fullscan_steps":0,"rows":0,"sorts":0,"statements":0,"vm_steps":0},"text":{"cache_hits":0,"legacy_auto_reads":0,"storage_reads":0,"utf8_bytes":0,"zstd_decodes":0}},"lane_candidates":{"exact_symbol":0,"graph":0,"grep":0,"lexical":0,"path":0},"lexical_sql":{"fullscan_steps":0,"rows":0,"sorts":1,"statements":1,"vm_steps":17},"schema_version":1},"grep":{"fallback_scanned":0,"prefilter_failed":false,"prefilter_scanned":0,"reason":null,"scan_cap":20000,"scanned":2,"skipped_duplicates":2,"soft_scanned":2,"stages":[{"stage":"soft","work":{"sql":{"fullscan_steps":0,"rows":2,"sorts":0,"statements":1,"vm_steps":29},"text":{"cache_hits":0,"legacy_auto_reads":0,"storage_reads":2,"utf8_bytes":66,"zstd_decodes":0}}},{"stage":"prefilter","work":{"sql":{"fullscan_steps":0,"rows":0,"sorts":1,"statements":1,"vm_steps":14},"text":{"cache_hits":0,"legacy_auto_reads":0,"storage_reads":0,"utf8_bytes":0,"zstd_decodes":0}}},{"stage":"fallback","work":{"sql":{"fullscan_steps":1,"rows":2,"sorts":0,"statements":1,"vm_steps":23},"text":{"cache_hits":0,"legacy_auto_reads":0,"storage_reads":0,"utf8_bytes":0,"zstd_decodes":0}}}],"status":"complete"},"lanes":[{"candidate_count":0,"candidates":[],"coverage":{"complete":true,"examined":null,"scope":"hard_scope","total_lower_bound":0},"elapsed_us":189,"lane_id":"exact_symbol","schema_version":1,"status":"complete","truncation_reason":null,"weight":1.1},{"candidate_count":0,"candidates":[],"coverage":{"complete":true,"examined":null,"scope":"hard_scope","total_lower_bound":0},"elapsed_us":300,"lane_id":"path","schema_version":1,"status":"complete","truncation_reason":null,"weight":1.0},{"candidate_count":0,"candidates":[],"coverage":{"complete":true,"examined":null,"scope":"hard_scope","total_lower_bound":0},"elapsed_us":774,"lane_id":"lexical","schema_version":1,"status":"complete","truncation_reason":null,"weight":1.1},{"candidate_count":0,"candidates":[],"coverage":{"complete":true,"examined":2,"scope":"hard_scope","total_lower_bound":0},"elapsed_us":2317,"lane_id":"grep","schema_version":1,"status":"complete","truncation_reason":null,"weight":0.8},{"candidate_count":0,"candidates":[],"coverage":{"complete":true,"examined":null,"scope":"hard_scope","total_lower_bound":0},"elapsed_us":252,"lane_id":"graph","schema_version":1,"status":"complete","truncation_reason":null,"weight":0.6}],"policy":{"completeness":"all_executed_lane_limits_remain_visible; obligation_role_does_not_erase_partial","deadline_ms":30000,"effective":"local","graph_source_mapping":"uid_byte_declaration_document; complete_mapping_is_not_whole_symbol_body_coverage","intent":"locate","lane_timeout_ms":20000,"no_answer":"empty_partial_is_not_absence; no_semantic_absence_claim_from_weak_rank","obligations":[{"lane_id":"exact_symbol","role":"identity","timeout_ms":20000},{"lane_id":"path","role":"identity","timeout_ms":20000},{"lane_id":"lexical","role":"source","timeout_ms":20000},{"lane_id":"grep","role":"source","timeout_ms":20000},{"lane_id":"graph","role":"supporting","timeout_ms":20000}],"path_source_domain":"canonical_scoped_existing_path_docs; else_bounded_tokens; not_whole_file_coverage","requested":"local","semantic_state":"disabled","semantic_timeout_ms":5000,"semantic_top_k":24,"version":"query-policy-local-semantic-canonical-path-domain-v4"},"scope":{"budget":{"exact_symbol_candidates":24,"grep_candidates":12,"grep_enabled":true,"grep_scan_cap":20000,"lexical_candidates":24,"path_candidates":24,"rerank_window":40,"top_k":10,"units":"candidate limits count chunks; grep_scan_cap counts decompressions, not SQL work, total memory or time; cached diagnostics describe originating computation, not work repeated on a cache hit"},"hard":{"empty":false,"explicit_file_count":null,"languages":null,"path_prefix":null,"path_prefix_truncated":false,"semantics":"conjunctive_repository_relative_case_sensitive_components; empty means contradictory/explicit-empty constraint, not an inventory count"},"ordering":["exact-target first (identity tier, not an additive score)","rerank_score descending = sum(score_trace)","chunk_id ascending"],"policy":"canonical-scoped-exact-path-domain-compact-context-budget-v22","schema_version":1,"soft":{"contributions":"per-hit score_trace is the additive bill; stage_a_layer_scores explain its capped stage-a component and must not be added twice; raw hint and excluded paths omitted","hint_entries":{"overlay":0,"pinned":0,"recent":0,"working":0},"preselected_count":1,"role":"ranking_and_scan_priority_only"}}},"search_hits":0,"selection":{"facets":{},"input_candidates":0,"intent":"locate","intent_facet_anchors":{},"limit_omitted":0,"original_ranks":[],"overlap":{"fully_covered_candidates":0,"input_bytes":0,"redundant_bytes":0,"unique_bytes":0},"requested_limit":10,"selected":0,"selected_overlap":{"fully_covered_candidates":0,"input_bytes":0,"redundant_bytes":0,"unique_bytes":0},"source_covered_omissions":0,"source_support_anchors":[],"source_support_scope":"literal_program_cue_in_validated_twice_topk_window_only; not_global_uniqueness_or_exact_identity","spec":"anchored-facets-distinctive-source-union-v2","unmet_facets":[]},"source_freshness":{"budget_exhausted":false,"checked_files":0,"dense_manifest_fence":{"checked":0,"skip_disposition":"stale_publication_skipped","skipped":0},"generation":{"evidence_epoch":1,"incarnation":[172,189,128,233,182,222,254,214,171,53,16,196,205,250,186,101],"index_epoch":5,"semantic_epoch":3},"hydrator":"current-document-scope-source-generation-v1","omitted_files":{},"partial":false,"read_budget_charged":0,"scope":"bounded per-file disk verification and optimistic full read generation; not an atomic filesystem snapshot","validation_work":{"candidate_projection_sql":{"fullscan_steps":0,"rows":0,"sorts":0,"statements":0,"vm_steps":0},"coverage":"current final-assembly attempt SELECTs for manifest, symbol identity and candidate projection; excludes prior attempts, transaction control, originating retrieval, generation, dense fence, graph and disk work; not total cost","schema_version":1,"source_records_sql":{"fullscan_steps":0,"rows":0,"sorts":0,"statements":0,"vm_steps":0}},"verified_hits":0}},"intent":"locate","invalidations":[],"machine_pack":{"hits":[],"kind":"code_index_context","query":"v18_query_denied_local_search","repo_size_tier":"Tiny","token_budget":4000,"top_k":10},"nodes":[],"query":"v18_query_denied_local_search","reasons":["hybrid search over code index"],"rendered_prompt":"Task: code-index search\nIntent: locate\nQuery: v18_query_denied_local_search\n\n","resolution_freshness":{"basis_epoch":null,"complete":true,"completed_files":0,"index_epoch":5,"reason":null,"retry":null,"root_count":0,"scope":"observed_resolution_invalidations","status":"ready"},"revision":0,"spans":[],"summary":"No indexed code results found for `v18_query_denied_local_search`.","task":"v18_query_denied_local_search","token_budget":4000,"token_estimate":1938},"tool":"search"}
V18_JSON {"args":{"retrieval_strategy":"auto","task":"v18_query_gate_disabled_context"},"result":{"evidence_summary":{"files":[],"graph_enrichment":{"callees_added":0,"callers_added":0,"symbols_resolved":0,"tests_found":0},"packing":{"compacted":false,"configured_max_bytes":18000,"continuation":"Use files region/expand on retained references; recheck source version.","limit_bytes":16000,"omitted_hits":0,"omitted_nodes":0,"original_hits":0,"original_nodes":0,"partial":false,"spec":"whole-json-intent-facets-source-support-before-incidental-v5","token_estimate_method":"ceil(serialized_utf8_bytes/4); not a tokenizer","used_bytes":7766},"retrieval":{"cost":{"coverage":"originating query work; lexical FTS and hydration SQL here; grep stage SQL in grep.stages; excludes preselection/exact lookup/graph SQL, FTS internal work and storage I/O; not total cost or a hard limit","fused_candidates":0,"hydrate_requested":0,"hydration":{"sql":{"fullscan_steps":0,"rows":0,"sorts":0,"statements":0,"vm_steps":0},"text":{"cache_hits":0,"legacy_auto_reads":0,"storage_reads":0,"utf8_bytes":0,"zstd_decodes":0}},"lane_candidates":{"exact_symbol":0,"graph":0,"grep":0,"lexical":0,"path":0},"lexical_sql":{"fullscan_steps":0,"rows":0,"sorts":1,"statements":1,"vm_steps":17},"schema_version":1},"grep":{"fallback_scanned":0,"prefilter_failed":false,"prefilter_scanned":0,"reason":null,"scan_cap":20000,"scanned":2,"skipped_duplicates":2,"soft_scanned":2,"stages":[{"stage":"soft","work":{"sql":{"fullscan_steps":0,"rows":2,"sorts":0,"statements":1,"vm_steps":29},"text":{"cache_hits":0,"legacy_auto_reads":0,"storage_reads":2,"utf8_bytes":66,"zstd_decodes":0}}},{"stage":"prefilter","work":{"sql":{"fullscan_steps":0,"rows":0,"sorts":1,"statements":1,"vm_steps":14},"text":{"cache_hits":0,"legacy_auto_reads":0,"storage_reads":0,"utf8_bytes":0,"zstd_decodes":0}}},{"stage":"fallback","work":{"sql":{"fullscan_steps":1,"rows":2,"sorts":0,"statements":1,"vm_steps":23},"text":{"cache_hits":0,"legacy_auto_reads":0,"storage_reads":0,"utf8_bytes":0,"zstd_decodes":0}}}],"status":"complete"},"lanes":[{"candidate_count":0,"candidates":[],"coverage":{"complete":true,"examined":null,"scope":"hard_scope","total_lower_bound":0},"elapsed_us":118,"lane_id":"exact_symbol","schema_version":1,"status":"complete","truncation_reason":null,"weight":1.1},{"candidate_count":0,"candidates":[],"coverage":{"complete":true,"examined":null,"scope":"hard_scope","total_lower_bound":0},"elapsed_us":199,"lane_id":"path","schema_version":1,"status":"complete","truncation_reason":null,"weight":1.0},{"candidate_count":0,"candidates":[],"coverage":{"complete":true,"examined":null,"scope":"hard_scope","total_lower_bound":0},"elapsed_us":121,"lane_id":"lexical","schema_version":1,"status":"complete","truncation_reason":null,"weight":1.1},{"candidate_count":0,"candidates":[],"coverage":{"complete":true,"examined":2,"scope":"hard_scope","total_lower_bound":0},"elapsed_us":1753,"lane_id":"grep","schema_version":1,"status":"complete","truncation_reason":null,"weight":0.8},{"candidate_count":0,"candidates":[],"coverage":{"complete":true,"examined":null,"scope":"hard_scope","total_lower_bound":0},"elapsed_us":234,"lane_id":"graph","schema_version":1,"status":"complete","truncation_reason":null,"weight":0.6}],"policy":{"completeness":"all_executed_lane_limits_remain_visible; obligation_role_does_not_erase_partial","deadline_ms":30000,"effective":"local","graph_source_mapping":"uid_byte_declaration_document; complete_mapping_is_not_whole_symbol_body_coverage","intent":"locate","lane_timeout_ms":20000,"no_answer":"empty_partial_is_not_absence; no_semantic_absence_claim_from_weak_rank","obligations":[{"lane_id":"exact_symbol","role":"identity","timeout_ms":20000},{"lane_id":"path","role":"identity","timeout_ms":20000},{"lane_id":"lexical","role":"source","timeout_ms":20000},{"lane_id":"grep","role":"source","timeout_ms":20000},{"lane_id":"graph","role":"supporting","timeout_ms":20000}],"path_source_domain":"canonical_scoped_existing_path_docs; else_bounded_tokens; not_whole_file_coverage","requested":"auto","semantic_state":"not_configured","semantic_timeout_ms":5000,"semantic_top_k":24,"version":"query-policy-local-semantic-canonical-path-domain-v4"},"scope":{"budget":{"exact_symbol_candidates":24,"grep_candidates":12,"grep_enabled":true,"grep_scan_cap":20000,"lexical_candidates":24,"path_candidates":24,"rerank_window":40,"top_k":10,"units":"candidate limits count chunks; grep_scan_cap counts decompressions, not SQL work, total memory or time; cached diagnostics describe originating computation, not work repeated on a cache hit"},"hard":{"empty":false,"explicit_file_count":null,"languages":null,"path_prefix":null,"path_prefix_truncated":false,"semantics":"conjunctive_repository_relative_case_sensitive_components; empty means contradictory/explicit-empty constraint, not an inventory count"},"ordering":["exact-target first (identity tier, not an additive score)","rerank_score descending = sum(score_trace)","chunk_id ascending"],"policy":"canonical-scoped-exact-path-domain-compact-context-budget-v22","schema_version":1,"soft":{"contributions":"per-hit score_trace is the additive bill; stage_a_layer_scores explain its capped stage-a component and must not be added twice; raw hint and excluded paths omitted","hint_entries":{"overlay":0,"pinned":0,"recent":0,"working":0},"preselected_count":1,"role":"ranking_and_scan_priority_only"}}},"search_hits":0,"selection":{"facets":{},"input_candidates":0,"intent":"locate","intent_facet_anchors":{},"limit_omitted":0,"original_ranks":[],"overlap":{"fully_covered_candidates":0,"input_bytes":0,"redundant_bytes":0,"unique_bytes":0},"requested_limit":10,"selected":0,"selected_overlap":{"fully_covered_candidates":0,"input_bytes":0,"redundant_bytes":0,"unique_bytes":0},"source_covered_omissions":0,"source_support_anchors":[],"source_support_scope":"literal_program_cue_in_validated_twice_topk_window_only; not_global_uniqueness_or_exact_identity","spec":"anchored-facets-distinctive-source-union-v2","unmet_facets":[]},"source_freshness":{"budget_exhausted":false,"checked_files":0,"dense_manifest_fence":{"checked":0,"skip_disposition":"stale_publication_skipped","skipped":0},"generation":{"evidence_epoch":1,"incarnation":[164,184,198,51,209,243,135,131,61,184,188,9,212,159,199,60],"index_epoch":5,"semantic_epoch":null},"hydrator":"current-document-scope-source-generation-v1","omitted_files":{},"partial":false,"read_budget_charged":0,"scope":"bounded per-file disk verification and optimistic full read generation; not an atomic filesystem snapshot","validation_work":{"candidate_projection_sql":{"fullscan_steps":0,"rows":0,"sorts":0,"statements":0,"vm_steps":0},"coverage":"current final-assembly attempt SELECTs for manifest, symbol identity and candidate projection; excludes prior attempts, transaction control, originating retrieval, generation, dense fence, graph and disk work; not total cost","schema_version":1,"source_records_sql":{"fullscan_steps":0,"rows":0,"sorts":0,"statements":0,"vm_steps":0}},"verified_hits":0}},"intent":"locate","invalidations":[],"machine_pack":{"hits":[],"kind":"code_index_context","query":"v18_query_gate_disabled_context","repo_size_tier":"Tiny","token_budget":4000,"top_k":10},"nodes":[],"query":"v18_query_gate_disabled_context","reasons":["hybrid search over code index"],"rendered_prompt":"Task: code-index search\nIntent: locate\nQuery: v18_query_gate_disabled_context\n\n","resolution_freshness":{"basis_epoch":null,"complete":true,"completed_files":0,"index_epoch":5,"reason":null,"retry":null,"root_count":0,"scope":"observed_resolution_invalidations","status":"ready"},"revision":0,"spans":[],"summary":"No indexed code results found for `v18_query_gate_disabled_context`.","task":"v18_query_gate_disabled_context","token_budget":4000,"token_estimate":1942},"tool":"context"}
V18_JSON {"document_http_calls":0,"only_loopback":true,"query_http_calls":0,"real_credentials":false,"requests":[],"synthetic_vectors":true}
[2m2026-10-08T03:53:38.474457Z[0m [32m INFO[0m [1mserve_inner[0m[2m:[0m [2mrmcp::service[0m[2m:[0m input stream terminated
V18_JSON {"args":{"retrieval_strategy":"local","task":"v18_query_denied_local_context"},"result":{"evidence_summary":{"files":[],"graph_enrichment":{"callees_added":0,"callers_added":0,"symbols_resolved":0,"tests_found":0},"packing":{"compacted":false,"configured_max_bytes":18000,"continuation":"Use files region/expand on retained references; recheck source version.","limit_bytes":16000,"omitted_hits":0,"omitted_nodes":0,"original_hits":0,"original_nodes":0,"partial":false,"spec":"whole-json-intent-facets-source-support-before-incidental-v5","token_estimate_method":"ceil(serialized_utf8_bytes/4); not a tokenizer","used_bytes":7756},"retrieval":{"cost":{"coverage":"originating query work; lexical FTS and hydration SQL here; grep stage SQL in grep.stages; excludes preselection/exact lookup/graph SQL, FTS internal work and storage I/O; not total cost or a hard limit","fused_candidates":0,"hydrate_requested":0,"hydration":{"sql":{"fullscan_steps":0,"rows":0,"sorts":0,"statements":0,"vm_steps":0},"text":{"cache_hits":0,"legacy_auto_reads":0,"storage_reads":0,"utf8_bytes":0,"zstd_decodes":0}},"lane_candidates":{"exact_symbol":0,"graph":0,"grep":0,"lexical":0,"path":0},"lexical_sql":{"fullscan_steps":0,"rows":0,"sorts":1,"statements":1,"vm_steps":17},"schema_version":1},"grep":{"fallback_scanned":0,"prefilter_failed":false,"prefilter_scanned":0,"reason":null,"scan_cap":20000,"scanned":2,"skipped_duplicates":2,"soft_scanned":2,"stages":[{"stage":"soft","work":{"sql":{"fullscan_steps":0,"rows":2,"sorts":0,"statements":1,"vm_steps":29},"text":{"cache_hits":0,"legacy_auto_reads":0,"storage_reads":2,"utf8_bytes":66,"zstd_decodes":0}}},{"stage":"prefilter","work":{"sql":{"fullscan_steps":0,"rows":0,"sorts":1,"statements":1,"vm_steps":14},"text":{"cache_hits":0,"legacy_auto_reads":0,"storage_reads":0,"utf8_bytes":0,"zstd_decodes":0}}},{"stage":"fallback","work":{"sql":{"fullscan_steps":1,"rows":2,"sorts":0,"statements":1,"vm_steps":23},"text":{"cache_hits":0,"legacy_auto_reads":0,"storage_reads":0,"utf8_bytes":0,"zstd_decodes":0}}}],"status":"complete"},"lanes":[{"candidate_count":0,"candidates":[],"coverage":{"complete":true,"examined":null,"scope":"hard_scope","total_lower_bound":0},"elapsed_us":442,"lane_id":"exact_symbol","schema_version":1,"status":"complete","truncation_reason":null,"weight":1.1},{"candidate_count":0,"candidates":[],"coverage":{"complete":true,"examined":null,"scope":"hard_scope","total_lower_bound":0},"elapsed_us":194,"lane_id":"path","schema_version":1,"status":"complete","truncation_reason":null,"weight":1.0},{"candidate_count":0,"candidates":[],"coverage":{"complete":true,"examined":null,"scope":"hard_scope","total_lower_bound":0},"elapsed_us":144,"lane_id":"lexical","schema_version":1,"status":"complete","truncation_reason":null,"weight":1.1},{"candidate_count":0,"candidates":[],"coverage":{"complete":true,"examined":2,"scope":"hard_scope","total_lower_bound":0},"elapsed_us":1253,"lane_id":"grep","schema_version":1,"status":"complete","truncation_reason":null,"weight":0.8},{"candidate_count":0,"candidates":[],"coverage":{"complete":true,"examined":null,"scope":"hard_scope","total_lower_bound":0},"elapsed_us":244,"lane_id":"graph","schema_version":1,"status":"complete","truncation_reason":null,"weight":0.6}],"policy":{"completeness":"all_executed_lane_limits_remain_visible; obligation_role_does_not_erase_partial","deadline_ms":30000,"effective":"local","graph_source_mapping":"uid_byte_declaration_document; complete_mapping_is_not_whole_symbol_body_coverage","intent":"locate","lane_timeout_ms":20000,"no_answer":"empty_partial_is_not_absence; no_semantic_absence_claim_from_weak_rank","obligations":[{"lane_id":"exact_symbol","role":"identity","timeout_ms":20000},{"lane_id":"path","role":"identity","timeout_ms":20000},{"lane_id":"lexical","role":"source","timeout_ms":20000},{"lane_id":"grep","role":"source","timeout_ms":20000},{"lane_id":"graph","role":"supporting","timeout_ms":20000}],"path_source_domain":"canonical_scoped_existing_path_docs; else_bounded_tokens; not_whole_file_coverage","requested":"local","semantic_state":"disabled","semantic_timeout_ms":5000,"semantic_top_k":24,"version":"query-policy-local-semantic-canonical-path-domain-v4"},"scope":{"budget":{"exact_symbol_candidates":24,"grep_candidates":12,"grep_enabled":true,"grep_scan_cap":20000,"lexical_candidates":24,"path_candidates":24,"rerank_window":40,"top_k":10,"units":"candidate limits count chunks; grep_scan_cap counts decompressions, not SQL work, total memory or time; cached diagnostics describe originating computation, not work repeated on a cache hit"},"hard":{"empty":false,"explicit_file_count":null,"languages":null,"path_prefix":null,"path_prefix_truncated":false,"semantics":"conjunctive_repository_relative_case_sensitive_components; empty means contradictory/explicit-empty constraint, not an inventory count"},"ordering":["exact-target first (identity tier, not an additive score)","rerank_score descending = sum(score_trace)","chunk_id ascending"],"policy":"canonical-scoped-exact-path-domain-compact-context-budget-v22","schema_version":1,"soft":{"contributions":"per-hit score_trace is the additive bill; stage_a_layer_scores explain its capped stage-a component and must not be added twice; raw hint and excluded paths omitted","hint_entries":{"overlay":0,"pinned":0,"recent":0,"working":0},"preselected_count":1,"role":"ranking_and_scan_priority_only"}}},"search_hits":0,"selection":{"facets":{},"input_candidates":0,"intent":"locate","intent_facet_anchors":{},"limit_omitted":0,"original_ranks":[],"overlap":{"fully_covered_candidates":0,"input_bytes":0,"redundant_bytes":0,"unique_bytes":0},"requested_limit":10,"selected":0,"selected_overlap":{"fully_covered_candidates":0,"input_bytes":0,"redundant_bytes":0,"unique_bytes":0},"source_covered_omissions":0,"source_support_anchors":[],"source_support_scope":"literal_program_cue_in_validated_twice_topk_window_only; not_global_uniqueness_or_exact_identity","spec":"anchored-facets-distinctive-source-union-v2","unmet_facets":[]},"source_freshness":{"budget_exhausted":false,"checked_files":0,"dense_manifest_fence":{"checked":0,"skip_disposition":"stale_publication_skipped","skipped":0},"generation":{"evidence_epoch":1,"incarnation":[172,189,128,233,182,222,254,214,171,53,16,196,205,250,186,101],"index_epoch":5,"semantic_epoch":3},"hydrator":"current-document-scope-source-generation-v1","omitted_files":{},"partial":false,"read_budget_charged":0,"scope":"bounded per-file disk verification and optimistic full read generation; not an atomic filesystem snapshot","validation_work":{"candidate_projection_sql":{"fullscan_steps":0,"rows":0,"sorts":0,"statements":0,"vm_steps":0},"coverage":"current final-assembly attempt SELECTs for manifest, symbol identity and candidate projection; excludes prior attempts, transaction control, originating retrieval, generation, dense fence, graph and disk work; not total cost","schema_version":1,"source_records_sql":{"fullscan_steps":0,"rows":0,"sorts":0,"statements":0,"vm_steps":0}},"verified_hits":0}},"intent":"locate","invalidations":[],"machine_pack":{"hits":[],"kind":"code_index_context","query":"v18_query_denied_local_context","repo_size_tier":"Tiny","token_budget":4000,"top_k":10},"nodes":[],"query":"v18_query_denied_local_context","reasons":["hybrid search over code index"],"rendered_prompt":"Task: code-index search\nIntent: locate\nQuery: v18_query_denied_local_context\n\n","resolution_freshness":{"basis_epoch":null,"complete":true,"completed_files":0,"index_epoch":5,"reason":null,"retry":null,"root_count":0,"scope":"observed_resolution_invalidations","status":"ready"},"revision":0,"spans":[],"summary":"No indexed code results found for `v18_query_denied_local_context`.","task":"v18_query_denied_local_context","token_budget":4000,"token_estimate":1939},"tool":"context"}
[2m2026-10-08T03:53:38.475849Z[0m [32m INFO[0m [1mserve_inner[0m[2m:[0m [2mrmcp::service[0m[2m:[0m serve finished [3mquit_reason[0m[2m=[0mClosed
[2m2026-10-08T03:53:38.476087Z[0m [32m INFO[0m [2mcc_server::mcp[0m[2m:[0m MCP server shut down gracefully
V18_JSON {"args":{"path_prefix":"absent/","query":"v18_query_denied_empty_scope","retrieval_strategy":"auto"},"result":{"evidence_summary":{"files":[],"graph_enrichment":{"callees_added":0,"callers_added":0,"symbols_resolved":0,"tests_found":0},"packing":{"compacted":false,"configured_max_bytes":18000,"continuation":"Use files region/expand on retained references; recheck source version.","limit_bytes":16000,"omitted_hits":0,"omitted_nodes":0,"original_hits":0,"original_nodes":0,"partial":false,"spec":"whole-json-intent-facets-source-support-before-incidental-v5","token_estimate_method":"ceil(serialized_utf8_bytes/4); not a tokenizer","used_bytes":7933},"retrieval":{"cost":{"coverage":"originating query work; lexical FTS and hydration SQL here; grep stage SQL in grep.stages; excludes preselection/exact lookup/graph SQL, FTS internal work and storage I/O; not total cost or a hard limit","fused_candidates":0,"hydrate_requested":0,"hydration":{"sql":{"fullscan_steps":0,"rows":0,"sorts":0,"statements":0,"vm_steps":0},"text":{"cache_hits":0,"legacy_auto_reads":0,"storage_reads":0,"utf8_bytes":0,"zstd_decodes":0}},"lane_candidates":{"exact_symbol":0,"graph":0,"grep":0,"lexical":0,"path":0,"semantic":0},"lexical_sql":{"fullscan_steps":0,"rows":0,"sorts":1,"statements":1,"vm_steps":20},"schema_version":1},"grep":{"fallback_scanned":0,"prefilter_failed":false,"prefilter_scanned":0,"reason":null,"scan_cap":20000,"scanned":0,"skipped_duplicates":0,"soft_scanned":0,"stages":[{"stage":"prefilter","work":{"sql":{"fullscan_steps":0,"rows":0,"sorts":1,"statements":1,"vm_steps":17},"text":{"cache_hits":0,"legacy_auto_reads":0,"storage_reads":0,"utf8_bytes":0,"zstd_decodes":0}}},{"stage":"fallback","work":{"sql":{"fullscan_steps":1,"rows":0,"sorts":0,"statements":1,"vm_steps":24},"text":{"cache_hits":0,"legacy_auto_reads":0,"storage_reads":0,"utf8_bytes":0,"zstd_decodes":0}}}],"status":"complete"},"lanes":[{"candidate_count":0,"candidates":[],"coverage":{"complete":true,"examined":null,"scope":"hard_scope","total_lower_bound":0},"[2m2026-10-08T03:53:38.488921Z[0m [32m INFO[0m [2mcc_db::index_db_rebuild[0m[2m:[0m full rebuild: writing data to temp database
elapsed_us":857,"lane_id":"exact_symbol","schema_version":1,"status":"complete","truncation_reason":null,"weight":1.1},{"candidate_count":0,"candidates":[],"coverage":{"complete":true,"examined":null,"scope":"hard_scope","total_lower_bound":0},"elapsed_us":313,"lane_id":"path","schema_version":1,"status":"complete","truncation_reason":null,"weight":1.0},{"candidate_count":0,"candidates":[],"coverage":{"complete":true,"examined":null,"scope":"hard_scope","total_lower_bound":0},"elapsed_us":179,"lane_id":"lexical","schema_version":1,"status":"complete","truncation_reason":null,"weight":1.1},{"candidate_count":0,"candidates":[],"coverage":{"complete":true,"examined":0,"scope":"hard_scope","total_lower_bound":0},"elapsed_us":1531,"lane_id":"grep","schema_version":1,"status":"complete","truncation_reason":null,"weight":0.8},{"candidate_count":0,"candidates":[],"coverage":{"complete":true,"examined":null,"scope":"hard_scope","total_lower_bound":0},"elapsed_us":356,"lane_id":"graph","schema_version":1,"status":"complete","truncation_reason":null,"weight":0.6},{"candidate_count":0,"candidates":[],"coverage":{"complete":false,"examined":null,"scope":"hard_scope","total_lower_bound":0},"elapsed_us":144,"lane_id":"semantic","schema_version":1,"status":"unavailable","truncation_reason":"query_vector_not_encoded","weight":1.0}],"policy":{"completeness":"all_executed_lane_limits_remain_visible; obligation_role_does_not_erase_partial","deadline_ms":30000,"effective":"auto","graph_source_mapping":"uid_byte_declaration_document; complete_mapping_is_not_whole_symbol_body_coverage","intent":"locate","lane_timeout_ms":20000,"no_answer":"empty_partial_is_not_absence; no_semantic_absence_claim_from_weak_rank","obligations":[{"lane_id":"exact_symbol","role":"identity","timeout_ms":20000},{"lane_id":"path","role":"identity","timeout_ms":20000},{"lane_id":"lexical","role":"source","timeout_ms":20000},{"lane_id":"grep","role":"source","timeout_ms":20000},{"lane_id":"graph","role":"supporting","timeout_ms":20000},{"lane_id":"semantic","role":"optional_recall","timeout_ms":5000}],"path_source_domain":"canonical_scoped_existing_path_docs; else_bounded_tokens; not_whole_file_coverage","requested":"auto","semantic_state":"configured","semantic_timeout_ms":5000,"semantic_top_k":24,"version":"query-policy-local-semantic-canonical-path-domain-v4"},"scope":{"budget":{"exact_symbol_candidates":24,"grep_candidates":12,"grep_enabled":true,"grep_scan_cap":20000,"lexical_candidates":24,"path_candidates":24,"rerank_window":40,"top_k":10,"units":"candidate limits count chunks; grep_scan_cap counts decompressions, not SQL work, total memory or time; cached diagnostics describe originating computation, not work repeated on a cache hit"},"hard":{"empty":false,"explicit_file_count":null,"languages":null,"path_prefix":"absent","path_prefix_truncated":false,"semantics":"conjunctive_repository_relative_case_sensitive_components; empty means contradictory/explicit-empty constraint, not an inventory count"},"ordering":["exact-target first (identity tier, not an additive score)","rerank_score descending = sum(score_trace)","chunk_id ascending"],"policy":"canonical-scoped-exact-path-domain-compact-context-budget-v22","schema_version":1,"soft":{"contributions":"per-hit score_trace is the additive bill; stage_a_layer_scores explain its capped stage-a component and must not be added twice; raw hint and excluded paths omitted","hint_entries":{"overlay":0,"pinned":0,"recent":0,"working":0},"preselected_count":0,"role":"ranking_and_scan_priority_only"}}},"search_hits":0,"selection":{"facets":{},"input_candidates":0,"intent":"locate","intent_facet_anchors":{},"limit_omitted":0,"original_ranks":[],"overlap":{"fully_covered_candidates":0,"input_bytes":0,"redundant_bytes":0,"unique_bytes":0},"requested_limit":10,"selected":0,"selected_overlap":{"fully_covered_candidates":0,"input_bytes":0,"redundant_bytes":0,"unique_bytes":0},"source_covered_omissions":0,"source_support_anchors":[],"source_support_scope":"literal_program_cue_in_validated_twice_topk_window_only; not_global_uniqueness_or_exact_identity","spec":"anchored-facets-distinctive-source-union-v2","unmet_facets":[]},"source_freshness":{"budget_exhausted":false,"checked_files":0,"dense_manifest_fence":{"checked":0,"skip_disposition":"stale_publication_skipped","skipped":0},"generation":{"evidence_epoch":1,"incarnation":[172,189,128,233,182,222,254,214,171,53,16,196,205,250,186,101],"index_epoch":5,"semantic_epoch":3},"hydrator":"current-document-scope-source-generation-v1","omitted_files":{},"partial":false,"read_budget_charged":0,"scope":"bounded per-file disk verification and optimistic full read generation; not an atomic filesystem snapshot","validation_work":{"candidate_projection_sql":{"fullscan_steps":0,"rows":0,"sorts":0,"statements":0,"vm_steps":0},"coverage":"current final-assembly attempt SELECTs for manifest, symbol identity and candidate projection; excludes prior attempts, transaction control, originating retrieval, generation, dense fence, graph and disk work; not total cost","schema_version":1,"source_records_sql":{"fullscan_steps":0,"rows":0,"sorts":0,"statements":0,"vm_steps":0}},"verified_hits":0}},"intent":"locate","invalidations":[],"machine_pack":{"hits":[],"kind":"code_index_context","query":"v18_query_denied_empty_scope","repo_size_tier":"Tiny","token_budget":4000,"top_k":10},"nodes":[],"query":"v18_query_denied_empty_scope","reasons":["hybrid search over code index"],"rendered_prompt":"Task: code-index search\nIntent: locate\nQuery: v18_query_denied_empty_scope\n\n","resolution_freshness":{"basis_epoch":null,"complete":true,"completed_files":0,"index_epoch":5,"reason":null,"retry":null,"root_count":0,"scope":"observed_resolution_invalidations","status":"ready"},"revision":0,"spans":[],"summary":"No results found within the scan budget for `v18_query_denied_empty_scope`; retrieval is incomplete.","task":"v18_query_denied_empty_scope","token_budget":4000,"token_estimate":1984},"tool":"search"}
V18_JSON {"document_http_calls":2,"only_loopback":true,"query_http_calls":0,"real_credentials":false,"requests":[{"encoding_format":"float","input":["CODECORTEX_EMBED_V1\nmetadata: {\"language\":\"python\",\"metadata_truncated\":false,\"parent\":\"needle\",\"path\":\"needle.py\",\"signature\":\"def needle():\\n    \",\"source_span\":{\"end\":28,\"start\":0}}\nsource:\ndef needle():\n    return 731"],"model":"synthetic-v18-contract"},{"encoding_format":"float","input":["CODECORTEX_EMBED_V1\nmetadata: {\"language\":\"python\",\"metadata_truncated\":false,\"parent\":\"neighbor\",\"path\":\"needle.py\",\"signature\":\"def neighbor():\\n    \",\"source_span\":{\"end\":66,\"start\":28}}\nsource:\n\n\ndef neighbor():\n    return needle()\n"],"model":"synthetic-v18-contract"}],"synthetic_vectors":true}
[2m2026-10-08T03:53:38.489424Z[0m [32m INFO[0m [1mserve_inner[0m[2m:[0m [2mrmcp::service[0m[2m:[0m input stream terminated
[2m2026-10-08T03:53:38.489486Z[0m [32m INFO[0m [1mserve_inner[0m[2m:[0m [2mrmcp::service[0m[2m:[0m serve finished [3mquit_reason[0m[2m=[0mClosed
[2m2026-10-08T03:53:38.489753Z[0m [32m INFO[0m [2mcc_server::mcp[0m[2m:[0m MCP server shut down gracefully
[2m2026-10-08T03:53:38.492299Z[0m [32m INFO[0m [2mcc_db::index_migrate[0m[2m:[0m initializing index schema [3mversion[0m[2m=[0m25
[2m2026-10-08T03:53:38.492691Z[0m [32m INFO[0m [2mcc_db::index_db_rebuild[0m[2m:[0m full rebuild: recreating indexes
[2m2026-10-08T03:53:38.495046Z[0m [32m INFO[0m [2mcc_db::index_db_rebuild[0m[2m:[0m full rebuild: writing data to temp database
test query_network_contract::denied_authority_local_and_empty_scope_make_no_query_calls ... ok
[2m2026-10-08T03:53:38.498795Z[0m [32m INFO[0m [2mcc_db::index_db_rebuild[0m[2m:[0m full rebuild: recreating indexes
[2m2026-10-08T03:53:38.516603Z[0m [32m INFO[0m [1mserve_inner[0m[2m:[0m [2mrmcp::service[0m[2m:[0m Service initialized as server [3mpeer_info[0m[2m=[0mSome(InitializeRequestParams { meta: None, protocol_version: ProtocolVersion("2025-11-25"), capabilities: ClientCapabilities { experimental: None, extensions: None, roots: None, sampling: None, elicitation: None, tasks: None }, client_info: Implementation { name: "rmcp", title: None, version: "2.2.0", description: None, icons: None, website_url: None } })
[2m2026-10-08T03:53:38.516685Z[0m [32m INFO[0m [2mcc_server::mcp[0m[2m:[0m MCP server started on stdio
[2m2026-10-08T03:53:38.516880Z[0m [32m INFO[0m [1mserve_inner[0m[2m:[0m [2mrmcp::service[0m[2m:[0m received notification [3mnotification[0m[2m=[0mInitializedNotification(NotificationNoParam { method: InitializedNotificationMethod, extensions: Extensions })
[2m2026-10-08T03:53:38.516954Z[0m [32m INFO[0m [1mserve_inner[0m[2m:[0m [2mrmcp::handler::server[0m[2m:[0m client initialized
[2m2026-10-08T03:53:38.517662Z[0m [32m INFO[0m [2mcc_index::memory_budget[0m[2m:[0m memory budget initialized [3mtotal_ram_mb[0m[2m=[0m15989 [3mbudget_mb[0m[2m=[0m7994 [3mfraction[0m[2m=[0m0.5
[2m2026-10-08T03:53:38.536164Z[0m [32m INFO[0m [2mcc_db::index_migrate[0m[2m:[0m initializing index schema [3mversion[0m[2m=[0m25
[2m2026-10-08T03:53:38.537305Z[0m [32m INFO[0m [2mcc_db::index_db_rebuild[0m[2m:[0m full rebuild: temp database ready for swap
[2m2026-10-08T03:53:38.537443Z[0m [32m INFO[0m [2mcc_db::index_db_rebuild[0m[2m:[0m full rebuild: temp database ready for swap
[2m2026-10-08T03:53:38.537515Z[0m [32m INFO[0m [2mcc_index::memory_budget[0m[2m:[0m memory budget initialized [3mtotal_ram_mb[0m[2m=[0m15989 [3mbudget_mb[0m[2m=[0m7994 [3mfraction[0m[2m=[0m0.5
[2m2026-10-08T03:53:38.537602Z[0m [32m INFO[0m [2mcc_index::memory_budget[0m[2m:[0m memory budget initialized [3mtotal_ram_mb[0m[2m=[0m15989 [3mbudget_mb[0m[2m=[0m7994 [3mfraction[0m[2m=[0m0.5
[2m2026-10-08T03:53:38.545116Z[0m [32m INFO[0m [2mcc_db::index_db_rebuild[0m[2m:[0m full rebuild: creating temp database [3mtmp[0m[2m=[0m/tmp/.tmp9nNsGB/project/.codecortex/index.sqlite3.tmp
[2m2026-10-08T03:53:38.568195Z[0m [32m INFO[0m [1mserve_inner[0m[2m:[0m [2mrmcp::service[0m[2m:[0m Service initialized as server [3mpeer_info[0m[2m=[0mSome(InitializeRequestParams { meta: None, protocol_version: ProtocolVersion("2025-11-25"), capabilities: ClientCapabilities { experimental: None, extensions: None, roots: None, sampling: None, elicitation: None, tasks: None }, client_info: Implementation { name: "rmcp", title: None, version: "2.2.0", description: None, icons: None, website_url: None } })
[2m2026-10-08T03:53:38.568276Z[0m [32m INFO[0m [2mcc_server::mcp[0m[2m:[0m MCP server started on stdio
[2m2026-10-08T03:53:38.568492Z[0m [32m INFO[0m [1mserve_inner[0m[2m:[0m [2mrmcp::service[0m[2m:[0m received notification [3mnotification[0m[2m=[0mInitializedNotification(NotificationNoParam { method: InitializedNotificationMethod, extensions: Extensions })
[2m2026-10-08T03:53:38.569226Z[0m [32m INFO[0m [1mserve_inner[0m[2m:[0m [2mrmcp::handler::server[0m[2m:[0m client initialized
[2m2026-10-08T03:53:38.572097Z[0m [32m INFO[0m [2mcc_index::memory_budget[0m[2m:[0m memory budget initialized [3mtotal_ram_mb[0m[2m=[0m15989 [3mbudget_mb[0m[2m=[0m7994 [3mfraction[0m[2m=[0m0.5
[2m2026-10-08T03:53:38.573797Z[0m [32m INFO[0m [2mcc_index::memory_budget[0m[2m:[0m memory budget initialized [3mtotal_ram_mb[0m[2m=[0m15989 [3mbudget_mb[0m[2m=[0m7994 [3mfraction[0m[2m=[0m0.5
[2m2026-10-08T03:53:38.576142Z[0m [32m INFO[0m [2mcc_index::memory_budget[0m[2m:[0m memory budget initialized [3mtotal_ram_mb[0m[2m=[0m15989 [3mbudget_mb[0m[2m=[0m7994 [3mfraction[0m[2m=[0m0.5
[2m2026-10-08T03:53:38.580199Z[0m [32m INFO[0m [2mcc_index::memory_budget[0m[2m:[0m memory budget initialized [3mtotal_ram_mb[0m[2m=[0m15989 [3mbudget_mb[0m[2m=[0m7994 [3mfraction[0m[2m=[0m0.5
[2m2026-10-08T03:53:38.581879Z[0m [32m INFO[0m [2mcc_index::memory_budget[0m[2m:[0m memory budget initialized [3mtotal_ram_mb[0m[2m=[0m15989 [3mbudget_mb[0m[2m=[0m7994 [3mfraction[0m[2m=[0m0.5
V18_JSON {"args":{"full":true,"path":"/tmp/.tmpnjP3qH/project"},"result":{"build_explain":{"gate_decisions":[{"pass":"synthesis_round","reason":"both signatures changed","run":true},{"pass":"community","reason":"full rebuild","run":true},{"pass":"git_cochange","reason":"cache key unavailable","run":true},{"pass":"infra","reason":"signature algorithm changed","run":true},{"pass":"adr","reason":"no recorded signature","run":true}]},"chunk_policy":{"bytes":16384,"chars":16384,"estimated_tokens":4096,"lines":80,"merge_min_bytes":256},"chunks_total":2,"dirty_plan":{"dependency_sql":{"fullscan_steps":0,"rows":0,"sorts":0,"statements":0,"vm_steps":0},"file_budget":0,"parsed_files":1,"reasons":[],"rebased":false,"resumed":false,"selected_dependents":0},"document_changes":{"files_projected":1,"removed":0,"render_failed":0,"reusable_inputs":0,"unchanged":0,"upserted":2},"elapsed_ms":263,"files_added":1,"files_parsed":1,"files_removed":0,"files_scanned":1,"files_skipped":0,"files_updated":0,"parse_errors":[],"phase_timing":{"analysis_ms":2,"parse_ms":48,"postprocess_ms":2,"resolve_ms":0,"scan_diff_ms":7,"write_ms":38},"project_model":{"catalog_files":1,"changed_configs":[],"config_inputs":0,"config_parse_cache_hits":0,"config_reads":0,"config_root_probes":5,"config_roots":0,"diagnostics":[],"go_fact_cache_hits":0,"go_source_reads":0,"input_digest":"6608a5a5cd33639a82b1be8d943f3148241d6520b8e0d9930909feaaf0ec5b8c","inventory_source":"shared_walk","modes":[],"rust_fact_cache_hits":0,"rust_source_reads":0,"version":3},"public_surface_coverage":{"known":1,"known_empty":0,"parsed_files":1,"unknown":0,"unknown_reasons":{}},"resolution_coverage":{"ambiguous":0,"incomplete_files":0,"modules_ambiguous":0,"modules_external":0,"modules_resolved":0,"modules_unknown":0,"modules_unresolved":0,"modules_unsupported":0,"omitted_records":0,"packages_resolved":0,"processed_files":1,"resolved":2,"unresolved":0,"unsupported":0},"resolution_freshness":{"basis_epoch":null,"complete":true,"completed_files":0,"index_epoch":5,"reason":null,"retry":null,"root_count":0,"scope":"observed_resolution_invalidations","status":"ready"},"symbols_total":2,"used_parallel_parse":false},"tool":"index"}
V18_JSON {"args":{"aspect":"capabilities"},"result":{"capabilities":{"graph":true,"impact":true,"search":true},"has_index":true,"has_project":true,"indexed_files":1,"indexed_symbols":2,"resolution_freshness":{"basis_epoch":null,"complete":true,"completed_files":0,"index_epoch":5,"reason":null,"retry":null,"root_count":0,"scope":"observed_resolution_invalidations","status":"ready"},"retrieval":{"consistency":"point_in_time","default_effective_strategy":"auto","default_query_state":"available_with_per_query_checks","default_strategy":"auto","dense_desired":2,"dense_published":0,"dense_reason":"semantic_coverage_uncovered","dense_state":"partial","diagnostic_sources":{"build":"BuildExplain on index response","graph":"GraphExplain on query response","lanes":"evidence_summary.retrieval.lanes or lane_receipts","packing":"evidence_summary.packing","selection":"evidence_summary.selection","semantic":"evidence_summary.retrieval.semantic (dense lane receipt projection)","source":"evidence_summary.source_freshness"},"execution":{"async_admitted":0,"async_in_flight":0,"async_limit":8,"completed":0,"cpu_admitted":0,"cpu_in_flight":0,"cpu_limit":4,"queue_limit":32,"rejected":0},"execution_scope":"process_shared_not_project_local","generation":{"evidence_epoch":1,"incarnation":[141,54,76,212,170,208,183,49,143,175,84,188,126,7,78,117],"index_epoch":5,"semantic_epoch":null},"generation_scope":"observed_database_snapshot","identity_validation":"checked_at_observation_boundary","index_state":"available","local_state":"available","pin_scope":"owned_query_views_including_inflight_clones_not_request_count","query_coverage":{"scope":"per_query_not_global","state":"not_measured"},"query_encoding":{"configured_opt_in":true,"network_authorized":true,"reason":null,"request_scope":"nonlocal_nonempty_only"},"query_pins":1,"resolution_freshness":{"basis_epoch":null,"complete":true,"completed_files":0,"index_epoch":5,"reason":null,"retry":null,"root_count":0,"scope":"observed_resolution_invalidations","status":"ready"},"semantic_active_space":"2eac300964ae66ba95651ecaa7c7c6aafb0c9aecbd8a130cfc50c030cd8688d4","semantic_failed":0,"semantic_pending":0,"semantic_state":"backfilling","service_state_scope":"process_observed_separately","spec":"retrieval-capabilities-v2"}},"tool":"status"}
V18_JSON {"args":{"full":true,"path":"/tmp/.tmpjv4zV3/project"},"result":{"build_explain":{"gate_decisions":[{"pass":"synthesis_round","reason":"both signatures changed","run":true},{"pass":"community","reason":"full rebuild","run":true},{"pass":"git_cochange","reason":"cache key unavailable","run":true},{"pass":"infra","reason":"signature algorithm changed","run":true},{"pass":"adr","reason":"no recorded signature","run":true}]},"chunk_policy":{"bytes":16384,"chars":16384,"estimated_tokens":4096,"lines":80,"merge_min_bytes":256},"chunks_total":2,"dirty_plan":{"dependency_sql":{"fullscan_steps":0,"rows":0,"sorts":0,"statements":0,"vm_steps":0},"file_budget":0,"parsed_files":1,"reasons":[],"rebased":false,"resumed":false,"selected_dependents":0},"document_changes":{"files_projected":1,"removed":0,"render_failed":0,"reusable_inputs":0,"unchanged":0,"upserted":2},"elapsed_ms":263,"files_added":1,"files_parsed":1,"files_removed":0,"files_scanned":1,"files_skipped":0,"files_updated":0,"parse_errors":[],"phase_timing":{"analysis_ms":6,"parse_ms":30,"postprocess_ms":2,"resolve_ms":0,"scan_diff_ms":7,"write_ms":35},"project_model":{"catalog_files":1,"changed_configs":[],"config_inputs":0,"config_parse_cache_hits":0,"config_reads":0,"config_root_probes":5,"config_roots":0,"diagnostics":[],"go_fact_cache_hits":0,"go_source_reads":0,"input_digest":"6608a5a5cd33639a82b1be8d943f3148241d6520b8e0d9930909feaaf0ec5b8c","inventory_source":"shared_walk","modes":[],"rust_fact_cache_hits":0,"rust_source_reads":0,"version":3},"public_surface_coverage":{"known":1,"known_empty":0,"parsed_files":1,"unknown":0,"unknown_reasons":{}},"resolution_coverage":{"ambiguous":0,"incomplete_files":0,"modules_ambiguous":0,"modules_external":0,"modules_resolved":0,"modules_unknown":0,"modules_unresolved":0,"modules_unsupported":0,"omitted_records":0,"packages_resolved":0,"processed_files":1,"resolved":2,"unresolved":0,"unsupported":0},"resolution_freshness":{"basis_epoch":null,"complete":true,"completed_files":0,"index_epoch":5,"reason":null,"retry":null,"root_count":0,"scope":"observed_resolution_invalidations","status":"ready"},"symbols_total":2,"used_parallel_parse":false},"tool":"index"}
V18_JSON {"args":{"aspect":"capabilities"},"result":{"capabilities":{"graph":true,"impact":true,"search":true},"has_index":true,"has_project":true,"indexed_files":1,"indexed_symbols":2,"resolution_freshness":{"basis_epoch":null,"complete":true,"completed_files":0,"index_epoch":5,"reason":null,"retry":null,"root_count":0,"scope":"observed_resolution_invalidations","status":"ready"},"retrieval":{"consistency":"point_in_time","default_effective_strategy":"auto","default_query_state":"available_with_per_query_checks","default_strategy":"auto","dense_reason":"semantic_no_active_space","dense_state":"disabled","diagnostic_sources":{"build":"BuildExplain on index response","graph":"GraphExplain on query response","lanes":"evidence_summary.retrieval.lanes or lane_receipts","packing":"evidence_summary.packing","selection":"evidence_summary.selection","semantic":"evidence_summary.retrieval.semantic (dense lane receipt projection)","source":"evidence_summary.source_freshness"},"execution":{"async_admitted":0,"async_in_flight":0,"async_limit":8,"completed":0,"cpu_admitted":0,"cpu_in_flight":0,"cpu_limit":4,"queue_limit":32,"rejected":0},"execution_scope":"process_shared_not_project_local","generation":{"evidence_epoch":1,"incarnation":[126,221,2,26,205,66,155,203,68,146,108,151,20,22,72,232],"index_epoch":5,"semantic_epoch":null},"generation_scope":"observed_database_snapshot","identity_validation":"checked_at_observation_boundary","index_state":"available","local_state":"available","pin_scope":"owned_query_views_including_inflight_clones_not_request_count","query_coverage":{"scope":"per_query_not_global","state":"not_measured"},"query_encoding":{"configured_opt_in":true,"network_authorized":true,"reason":null,"request_scope":"nonlocal_nonempty_only"},"query_pins":1,"resolution_freshness":{"basis_epoch":null,"complete":true,"completed_files":0,"index_epoch":5,"reason":null,"retry":null,"root_count":0,"scope":"observed_resolution_invalidations","status":"ready"},"semantic_active_space":null,"semantic_state":"port_attached_unverified","service_state_scope":"process_observed_separately","spec":"retrieval-capabilities-v2"}},"tool":"status"}
V18_JSON {"args":{"aspect":"capabilities"},"result":{"capabilities":{"graph":true,"impact":true,"search":true},"has_index":true,"has_project":true,"indexed_files":1,"indexed_symbols":2,"resolution_freshness":{"basis_epoch":null,"complete":true,"completed_files":0,"index_epoch":5,"reason":null,"retry":null,"root_count":0,"scope":"observed_resolution_invalidations","status":"ready"},"retrieval":{"consistency":"point_in_time","default_effective_strategy":"auto","default_query_state":"available_with_per_query_checks","default_strategy":"auto","dense_desired":2,"dense_published":1,"dense_reason":"semantic_coverage_uncovered","dense_state":"partial","diagnostic_sources":{"build":"BuildExplain on index response","graph":"GraphExplain on query response","lanes":"evidence_summary.retrieval.lanes or lane_receipts","packing":"evidence_summary.packing","selection":"evidence_summary.selection","semantic":"evidence_summary.retrieval.semantic (dense lane receipt projection)","source":"evidence_summary.source_freshness"},"execution":{"async_admitted":0,"async_in_flight":0,"async_limit":8,"completed":0,"cpu_admitted":0,"cpu_in_flight":0,"cpu_limit":4,"queue_limit":32,"rejected":0},"execution_scope":"process_shared_not_project_local","generation":{"evidence_epoch":1,"incarnation":[141,54,76,212,170,208,183,49,143,175,84,188,126,7,78,117],"index_epoch":5,"semantic_epoch":2},"generation_scope":"observed_database_snapshot","identity_validation":"checked_at_observation_boundary","index_state":"available","local_state":"available","pin_scope":"owned_query_views_including_inflight_clones_not_request_count","query_coverage":{"scope":"per_query_not_global","state":"not_measured"},"query_encoding":{"configured_opt_in":true,"network_authorized":true,"reason":null,"request_scope":"nonlocal_nonempty_only"},"query_pins":1,"resolution_freshness":{"basis_epoch":null,"complete":true,"completed_files":0,"index_epoch":5,"reason":null,"retry":null,"root_count":0,"scope":"observed_resolution_invalidations","status":"ready"},"semantic_active_space":"2eac300964ae66ba95651ecaa7c7c6aafb0c9aecbd8a130cfc50c030cd8688d4","semantic_failed":0,"semantic_pending":1,"semantic_state":"backfilling","service_state_scope":"process_observed_separately","spec":"retrieval-capabilities-v2"}},"tool":"status"}
[2m2026-10-08T03:53:38.604164Z[0m [32m INFO[0m [2mcc_server::semantic_runtime[0m[2m:[0m semantic worker GC page completed [3mkept_fresh[0m[2m=[0m0 [3mkept_referenced[0m[2m=[0m2 [3mkept_live_task[0m[2m=[0m0 [3mdeleted_objects[0m[2m=[0m0 [3mdeleted_halves[0m[2m=[0m0 [3mdeleted_temps[0m[2m=[0m0 [3mpruned_dirs[0m[2m=[0m0 [3mexhausted[0m[2m=[0mtrue
V18_JSON {"args":{"aspect":"capabilities"},"result":{"capabilities":{"graph":true,"impact":true,"search":true},"has_index":true,"has_project":true,"indexed_files":1,"indexed_symbols":2,"resolution_freshness":{"basis_epoch":null,"complete":true,"completed_files":0,"index_epoch":5,"reason":null,"retry":null,"root_count":0,"scope":"observed_resolution_invalidations","status":"ready"},"retrieval":{"consistency":"point_in_time","default_effective_strategy":"auto","default_query_state":"available_with_per_query_checks","default_strategy":"auto","dense_desired":2,"dense_published":2,"dense_reason":null,"dense_state":"ready","diagnostic_sources":{"build":"BuildExplain on index response","graph":"GraphExplain on query response","lanes":"evidence_summary.retrieval.lanes or lane_receipts","packing":"evidence_summary.packing","selection":"evidence_summary.selection","semantic":"evidence_summary.retrieval.semantic (dense lane receipt projection)","source":"evidence_summary.source_freshness"},"execution":{"async_admitted":0,"async_in_flight":0,"async_limit":8,"completed":0,"cpu_admitted":0,"cpu_in_flight":0,"cpu_limit":4,"queue_limit":32,"rejected":0},"execution_scope":"process_shared_not_project_local","generation":{"evidence_epoch":1,"incarnation":[126,221,2,26,205,66,155,203,68,146,108,151,20,22,72,232],"index_epoch":5,"semantic_epoch":3},"generation_scope":"observed_database_snapshot","identity_validation":"checked_at_observation_boundary","index_state":"available","local_state":"available","pin_scope":"owned_query_views_including_inflight_clones_not_request_count","query_coverage":{"scope":"per_query_not_global","state":"not_measured"},"query_encoding":{"configured_opt_in":true,"network_authorized":true,"reason":null,"request_scope":"nonlocal_nonempty_only"},"query_pins":1,"resolution_freshness":{"basis_epoch":null,"complete":true,"completed_files":0,"index_epoch":5,"reason":null,"retry":null,"root_count":0,"scope":"observed_resolution_invalidations","status":"ready"},"semantic_active_space":"2eac300964ae66ba95651ecaa7c7c6aafb0c9aecbd8a130cfc50c030cd8688d4","semantic_failed":0,"semantic_pending":0,"semantic_state":"ready","service_state_scope":"process_observed_separately","spec":"retrieval-capabilities-v2"}},"tool":"status"}
V18_JSON {"args":{"aspect":"capabilities"},"result":{"capabilities":{"graph":true,"impact":true,"search":true},"has_index":true,"has_project":true,"indexed_files":1,"indexed_symbols":2,"resolution_freshness":{"basis_epoch":null,"complete":true,"completed_files":0,"index_epoch":5,"reason":null,"retry":null,"root_count":0,"scope":"observed_resolution_invalidations","status":"ready"},"retrieval":{"consistency":"point_in_time","default_effective_strategy":"auto","default_query_state":"available_with_per_query_checks","default_strategy":"auto","dense_desired":2,"dense_published":2,"dense_reason":null,"dense_state":"ready","diagnostic_sources":{"build":"BuildExplain on index response","graph":"GraphExplain on query response","lanes":"evidence_summary.retrieval.lanes or lane_receipts","packing":"evidence_summary.packing","selection":"evidence_summary.selection","semantic":"evidence_summary.retrieval.semantic (dense lane receipt projection)","source":"evidence_summary.source_freshness"},"execution":{"async_admitted":[2m2026-10-08T03:53:38.608267Z[0m [32m INFO[0m [2mcc_server::semantic_runtime[0m[2m:[0m semantic worker GC page completed [3mkept_fresh[0m[2m=[0m0 [3mkept_referenced[0m[2m=[0m2 [3mkept_live_task[0m[2m=[0m0 [3mdeleted_objects[0m[2m=[0m0 [3mdeleted_halves[0m[2m=[0m0 [3mdeleted_temps[0m[2m=[0m0 [3mpruned_dirs[0m[2m=[0m0 [3mexhausted[0m[2m=[0mtrue
0,"async_in_flight":0,"async_limit":8,"completed":0,"cpu_admitted":0,"cpu_in_flight":0,"cpu_limit":4,"queue_limit":32,"rejected":0},"execution_scope":"process_shared_not_project_local","generation":{"evidence_epoch":1,"incarnation":[126,221,2,26,205,66,155,203,68,146,108,151,20,22,72,232],"index_epoch":5,"semantic_epoch":3},"generation_scope":"observed_database_snapshot","identity_validation":"checked_at_observation_boundary","index_state":"available","local_state":"available","pin_scope":"owned_query_views_including_inflight_clones_not_request_count","query_coverage":{"scope":"per_query_not_global","state":"not_measured"},"query_encoding":{"configured_opt_in":true,"network_authorized":true,"reason":null,"request_scope":"nonlocal_nonempty_only"},"query_pins":1,"resolution_freshness":{"basis_epoch":null,"complete":true,"completed_files":0,"index_epoch":5,"reason":null,"retry":null,"root_count":0,"scope":"observed_resolution_invalidations","status":"ready"},"semantic_active_space":"2eac300964ae66ba95651ecaa7c7c6aafb0c9aecbd8a130cfc50c030cd8688d4","semantic_failed":0,"semantic_pending":0,"semantic_state":"ready","service_state_scope":"process_observed_separately","spec":"retrieval-capabilities-v2"}},"tool":"status"}
[2m2026-10-08T03:53:38.614219Z[0m [32m INFO[0m [2mcc_db::index_db_rebuild[0m[2m:[0m full rebuild: creating temp database [3mtmp[0m[2m=[0m/tmp/.tmpYwiAxy/project/.codecortex/index.sqlite3.tmp
V18_JSON {"args":{"aspect":"capabilities"},"result":{"capabilities":{"graph":true,"impact":true,"search":true},"has_index":true,"has_project":true,"indexed_files":1,"indexed_symbols":2,"resolution_freshness":{"basis_epoch":null,"complete":true,"completed_files":0,"index_epoch":5,"reason":null,"retry":null,"root_count":0,"scope":"observed_resolution_invalidations","status":"ready"},"retrieval":{"consistency":"point_in_time","default_effective_strategy":"auto","default_query_state":"available_with_per_query_checks","default_strategy":"auto","dense_desired":2,"dense_published":2,"dense_reason":null,"dense_state":"ready","diagnostic_sources":{"build":"BuildExplain on index response","graph":"GraphExplain on query response","lanes":"evidence_summary.retrieval.lanes or lane_receipts","packing":"evidence_summary.packing","selection":"evidence_summary.selection","semantic":"evidence_summary.retrieval.semantic (dense lane receipt projection)","source":"evidence_summary.source_freshness"},"execution":{"async_admitted":0,"async_in_flight":0,"async_limit":8,"completed":0,"cpu_admitted":0,"cpu_in_flight":0,"cpu_limit":4,"queue_limit":32,"rejected":0},"execution_scope":"process_shared_not_project_local","generation":{"evidence_epoch":1,"incarnation":[141,54,76,212,170,208,183,49,143,175,84,188,126,7,78,117],"index_epoch":5,"semantic_epoch":3},"generation_scope":"observed_database_snapshot","identity_validation":"checked_at_observation_boundary","index_state":"available","local_state":"available","pin_scope":"owned_query_views_including_inflight_clones_not_request_count","query_coverage":{"scope":"per_query_not_global","state":"not_measured"},"query_encoding":{"configured_opt_in":true,"network_authorized":true,"reason":null,"request_scope":"nonlocal_nonempty_only"},"query_pins":0,"resolution_freshness":{"basis_epoch":null,"complete":true,"completed_files":0,"index_epoch":5,"reason":null,"retry":null,"root_count":0,"scope":"observed_resolution_invalidations","status":"ready"},"semantic_active_space":"2eac300964ae66ba95651ecaa7c7c6aafb0c9aecbd8a130cfc50c030cd8688d4","semantic_failed":0,"semantic_pending":0,"semantic_state":"ready","service_state_scope":"process_observed_separately","spec":"retrieval-capabilities-v2"}},"tool":"status"}
V18_JSON {"args":{"aspect":"capabilities"},"result":{"capabilities":{"graph":true,"impact":true,"search":true},"has_index":true,"has_project":true,"indexed_files":1,"indexed_symbols":2,"resolution_freshness":{"basis_epoch":null,"complete":true,"completed_files":0,"index_epoch":5,"reason":null,"retry":null,"root_count":0,"scope":"observed_resolution_invalidations","status":"ready"},"retrieval":{"consistency":"point_in_time","default_effective_strategy":"auto","default_query_state":"available_with_per_query_checks","default_strategy":"auto","dense_desired":2,"dense_published":2,"dense_reason":null,"dense_state":"ready","diagnostic_sources":{"build":"BuildExplain on index response","graph":"GraphExplain on query response","lanes":"evidence_summary.retrieval.lanes or lane_receipts","packing":"evidence_summary.packing","selection":"evidence_summary.selection","semantic":"evidence_summary.retrieval.semantic (dense lane receipt projection)","source":"evidence_summary.source_freshness"},"execution":{"async_admitted":0,"async_in_flight":0,"async_limit":8,"completed":0,"cpu_admitted":0,"cpu_in_flight":0,"cpu_limit":4,"queue_limit":32,"rejected":0},"execution_scope":"process_shared_not_project_local","generation":{"evidence_epoch":1,"incarnation":[141,54,76,212,170,208,183,49,143,175,84,188,126,7,78,117],"index_epoch":5,"semantic_epoch":3},"generation_scope":"observed_database_snapshot","identity_validation":"checked_at_observation_boundary","index_state":"available","local_state":"available","pin_scope":"owned_query_views_including_inflight_clones_not_request_count","query_coverage":{"scope":"per_query_not_global","state":"not_measured"},"query_encoding":{"configured_opt_in":true,"network_authorized":true,"reason":null,"request_scope":"nonlocal_nonempty_only"},"query_pins":0,"resolution_freshness":{"basis_epoch":null,"complete":true,"completed_files":0,"index_epoch":5,"reason":null,"retry":null,"root_count":0,"scope":"observed_resolution_invalidations","status":"ready"},"semantic_active_space":"2eac300964ae66ba95651ecaa7c7c6aafb0c9aecbd8a130cfc50c030cd8688d4","semantic_failed":0,"semantic_pending":0,"semantic_state":"ready","service_state_scope":"process_observed_separately","spec":"retrieval-capabilities-v2"}},"tool":"status"}
V18_JSON {"args":{"query":"v18_query_search_marker","retrieval_strategy":"semantic"},"result":{"evidence_summary":{"files":["needle.py"],"graph_enrichment":{"callees_added":0,"callers_added":0,"symbols_resolved":0,"tests_found":0},"packing":{"compacted":true,"configured_max_bytes":18000,"continuation":"Use files region/expand on retained references; recheck source version.","limit_bytes":16000,"omitted_hits":0,"omitted_nodes":0,"original_hits":2,"original_nodes":2,"partial":false,"spec":"whole-json-intent-facets-source-support-before-incidental-v5","token_estimate_method":"ceil(serialized_utf8_bytes/4); not a tokenizer","used_bytes":13653},"retrieval":{"cost":{"coverage":"originating query work; lexical FTS and hydration SQL here; grep stage SQL in grep.stages; excludes preselection/exact lookup/graph SQL, FTS internal work and storage I/O; not total cost or a hard limit","fused_candidates":2,"hydrate_requested":2,"hydration":{"sql":{"fullscan_steps":0,"rows":10,"sorts":0,"statements":9,"vm_steps":386},"text":{"cache_hits":0,"legacy_auto_reads":0,"storage_reads":2,"utf8_bytes":66,"zstd_decodes":0}},"lane_candidates":{"exact_symbol":0,"graph":0,"grep":0,"lexical":0,"path":0,"semantic":2},"lexical_sql":{"fullscan_steps":0,"rows":0,"sorts":1,"statements":1,"vm_steps":17},"schema_version":1},"grep":{"fallback_scanned":0,"prefilter_failed":false,"prefilter_scanned":0,"reason":null,"scan_cap":20000,"scanned":2,"skipped_duplicates":2,"soft_scanned":2,"stages":[{"stage":"soft","work":{"sql":{"fullscan_steps":0,"rows":2,"sorts":0,"statements":1,"vm_steps":29},"text":{"cache_hits":0,"legacy_auto_reads":0,"storage_reads":2,"utf8_bytes":66,"zstd_decodes":0}}},{"stage":"prefilter","work":{"sql":{"fullscan_steps":0,"rows":0,"sorts":1,"statements":1,"vm_steps":14},"text":{"cache_hits":0,"legacy_auto_reads":0,"storage_reads":0,"utf8_bytes":0,"zstd_decodes":0}}},{"stage":"fallback","work":{"sql":{"fullscan_steps":1,"rows":2,"sorts":0,"statements":1,"vm_steps":23},"text":{"cache_hits":0,"legacy_auto_reads":0,"storage_reads":0,"utf8_bytes":0,"zstd_decodes":0}}}],"status":"complete"},"lanes":[{"candidate_count":0,"candidates":[],"coverage":{"complete":true,"examined":null,"scope":"hard_scope","total_lower_bound":0},"elapsed_us":659,"lane_id":"exact_symbol","schema_version":1,"status":"complete","truncation_reason":null,"weight":1.1},{"candidate_count":0,"candidates":[],"coverage":{"complete":true,"examined":null,"scope":"hard_scope","total_lower_bound":0},"elapsed_us":1607,"lane_id":"path","schema_version":1,"status":"complete","truncation_reason":null,"weight":1.0},{"candidate_count":0,"candidates":[],"coverage":{"complete":true,"examined":null,"scope":"hard_scope","total_lower_bound":0},"elapsed_us":604,"lane_id":"lexical","schema_version":1,"status":"complete","truncation_reason":null,"weight":1.1},{"candidate_count":0,"candidates":[],"coverage":{"complete":true,"examined":2,"scope":"hard_scope","total_lower_bound":0},"elapsed_us":4216,"lane_id":"grep","schema_version":1,"status":"complete","truncation_reason":null,"weight":0.8},{"candidate_count":0,"candidates":[],"coverage":{"complete":true,"examined":null,"scope":"hard_scope","total_lower_bound":0},"elapsed_us":1106,"lane_id":"graph","schema_version":1,"status":"complete","truncation_reason":null,"weight":0.6},{"candidate_count":2,"candidates":[{"document":{"doc_key":"29b2fa88c6d6c8741c47ad873ba80a25c628b882a28ea3cfaa7fcc69e6982938","doc_version":"9ba68969fd43b00f97a9fade36d3cd19b8f57a4b7c6dffacb8c050c2e9b29f62","encoding_key":"78fc8c83484a6639e37e832f30a8eb8310c8ad26eada3a4ec3d936c1f152fede","entity_key":"16a369932cc2a7589f395b34b3b8def8bbad6a04e00672428487964152c26486"},"exact_identity":false,"lane_id":"semantic","lane_rank":1,"legacy_chunk_id":"chunk:needle.py:0","raw_score":1.0,"schema_version":1,"scoring_spec":"cosine-exact-v1","source_span":{"end":28,"start":0}},{"document":{"doc_key":"3fd56c438273f4e97d76268fc1e74f7bccba6b16d9f0ef414ca67b0829003e65","doc_version":"09f385ca69393d6173161facbcb1551167f9785fcdd2ccc650f1c531bc0259ed","encoding_key":"02118b2a2349b99c9efe9684d529683cd659e52f1e28e19c864bc915175c7693","entity_key":"f8d3da2a91268bb9b93e59ca9b06d751804a9221f3d218b5a8798fab2dc8e40d"},"exact_identity":false,"lane_id":"semantic","lane_rank":2,"legacy_chunk_id":"chunk:needle.py:1","raw_score":1.0,"schema_version":1,"scoring_spec":"cosine-exact-v1","source_span":{"end":66,"start":28}}],"coverage":{"complete":true,"examined":null,"scope":"hard_scope","total_lower_bound":2},"elapsed_us":2771,"lane_id":"semantic","schema_version":1,"status":"complete","truncation_reason":null,"weight":1.0}],"policy":{"completeness":"all_executed_lane_limits_remain_visible; obligation_role_does_not_erase_partial","deadline_ms":30000,"effective":"semantic","graph_source_mapping":"uid_byte_declaration_document; complete_mapping_is_not_whole_symbol_body_coverage","intent":"locate","lane_timeout_ms":20000,"no_answer":"empty_partial_is_not_absence; no_semantic_absence_claim_from_weak_rank","obligations":[{"lane_id":"exact_symbol","role":"identity","timeout_ms":20000},{"lane_id":"path","role":"identity","timeout_ms":20000},{"lane_id":"lexical","role":"source","timeout_ms":20000},{"lane_id":"grep","role":"source","timeout_ms":20000},{"lane_id":"graph","role":"supporting","timeout_ms":20000},{"lane_id":"semantic","role":"optional_recall","timeout_ms":5000}],"path_source_domain":"canonical_scoped_existing_path_docs; else_bounded_tokens; not_whole_file_coverage","requested":"semantic","semantic_state":"configured","semantic_timeout_ms":5000,"semantic_top_k":24,"version":"query-policy-local-semantic-canonical-path-domain-v4"},"scope":{"budget":{"exact_symbol_candidates":24,"grep_candidates":12,"grep_enabled":true,"grep_scan_cap":20000,"lexical_candidates":24,"path_candidates":24,"rerank_window":40,"top_k":10,"units":"candidate limits count chunks; grep_scan_cap counts decompressions, not SQL work, total memory or time; cached diagnostics describe originating computation, not work repeated on a cache hit"},"hard":{"empty":false,"explicit_file_count":null,"languages":null,"path_prefix":null,"path_prefix_truncated":false,"semantics":"conjunctive_repository_relative_case_sensitive_components; empty means contradictory/explicit-empty constraint, not an inventory count"},"ordering":["exact-target first (identity tier, not an additive score)","rerank_score descending = sum(score_trace)","chunk_id ascending"],"policy":"canonical-scoped-exact-path-domain-compact-context-budget-v22","schema_version":1,"soft":{"contributions":"per-hit score_trace is the additive bill; stage_a_layer_scores explain its capped stage-a component and must not be added twice; raw hint and excluded paths omitted","hint_entries":{"overlay":0,"pinned":0,"recent":0,"working":0},"preselected_count":1,"role":"ranking_and_scan_priority_only"}}},"search_hits":2,"selection":{"facets":{"implementation":2},"input_candidates":2,"intent":"locate","intent_facet_anchors":{},"limit_omitted":0,"original_ranks":[1,2],"overlap":{"fully_covered_candidates":0,"input_bytes":66,"redundant_bytes":0,"unique_bytes":66},"requested_limit":10,"selected":2,"selected_overlap":{"fully_covered_candidates":0,"input_bytes":66,"redundant_bytes":0,"unique_bytes":66},"source_covered_omissions":0,"source_support_anchors":[],"source_support_scope":"literal_program_cue_in_validated_twice_topk_window_only; not_global_uniqueness_or_exact_identity","spec":"anchored-facets-distinctive-source-union-v2","unmet_facets":[]},"source_freshness":{"budget_exhausted":false,"checked_files":1,"dense_manifest_fence":{"checked":2,"skip_disposition":"stale_publication_skipped","skipped":0},"generation":{"evidence_epoch":1,"incarnation":[126,221,2,26,205,66,155,203,68,146,108,151,20,22,72,232],"index_epoch":5,"semantic_epoch":3},"hydrator":"current-document-scope-source-generation-v1","omitted_files":{},"partial":false,"read_budget_charged":66,"scope":"bounded per-file disk verification and optimistic full read generation; not an atomic filesystem snapshot","validation_work":{"candidate_projection_sql":{"fullscan_steps":0,"rows":2,"sorts":0,"statements":1,"vm_steps":76},"coverage":"current final-assembly attempt SELECTs for manifest, symbol identity and candidate projection; excludes prior attempts, transaction control, originating retrieval, generation, dense fence, graph and disk work; not total cost","schema_version":1,"source_records_sql":{"fullscan_steps":0,"rows":10,"sorts":0,"statements":9,"vm_steps":292}},"verified_hits":2}},"intent":"locate","invalidations":[],"machine_pack":{"hits":[{"breadcrumb":"needle","chunk_id":"chunk:needle.py:0","end_line":2,"file_path":"needle.py","fused_score":0.0196078431372549,"graph_score":0.0,"grep_score":0.0,"lane":null,"language":"python","lexical_score":0.0,"metadata":{"document":{"doc_key":"29b2fa88c6d6c8741c47ad873ba80a25c628b882a28ea3cfaa7fcc69e6982938","doc_version":"9ba68969fd43b00f97a9fade36d3cd19b8f57a4b7c6dffacb8c050c2e9b29f62","encoding_key":"78fc8c83484a6639e37e832f30a8eb8310c8ad26eada3a4ec3d936c1f152fede","entity_key":"16a369932cc2a7589f395b34b3b8def8bbad6a04e00672428487964152c26486"},"qname":"needle","source_evidence":{"boundary":"symbol","owner":{"end":28,"start":0},"signature":{"end":18,"start":0},"slice_digest":"c748e325d98b5f174763b313c05ece587900d99690eedbce11f75639788c6b8b","source":{"byte_len":66,"content_digest":"bdb975ad92107a0524d6a7c217816cd1e50bb1d97a36ef892318fbe837bf8857","encoding":"utf8","snapshot_id":"735799399424072b1b6cc95488ff63f55c094da4b32573a4555bf731c014f141"},"span":{"end":28,"start":0}},"source_freshness":{"disk_checked":true,"hydrator":"current-document-scope-source-generation-v1","status":"current_verified"},"stage_a_file_reasons":["fallback-indexed"],"stage_a_file_score":0.2,"stage_a_files_considered":1,"stage_a_layer_scores":[["fallback-indexed",0.2]]},"reasons":["semantic@1","fallback-indexed","preselect:fallback-indexed:+0.20"],"rerank_score":0.027607843137254902,"score_trace":[["rrf:semantic",0.0196078431372549],["boost:stage-a",0.008]],"source":"index","start_line":1,"symbol_kind":"function","symbol_name":"needle","text":"def needle():\n    return 731"},{"breadcrumb":"neighbor","chunk_id":"chunk:needle.py:1","end_line":5,"file_path":"needle.py","fused_score":0.019230769230769232,"graph_score":0.0,"grep_score":0.0,"lane":null,"language":"python","lexical_score":0.0,"metadata":{"document":{"doc_key":"3fd56c438273f4e97d76268fc1e74f7bccba6b16d9f0ef414ca67b0829003e65","doc_version":"09f385ca69393d6173161facbcb1551167f9785fcdd2ccc650f1c531bc0259ed","encoding_key":"02118b2a2349b99c9efe9684d529683cd659e52f1e28e19c864bc915175c7693","entity_key":"f8d3da2a91268bb9b93e59ca9b06d751804a9221f3d218b5a8798fab2dc8e40d"},"qname":"neighbor","source_evidence":{"boundary":"symbol","owner":{"end":65,"start":30},"signature":{"end":50,"start":30},"slice_digest":"dec7813dc4d5e300de152b45e0cb2a89c688f0a75f1501c57aa7eb68130081dd","source":{"byte_len":66,"content_digest":"bdb975ad92107a0524d6a7c217816cd1e50bb1d97a36ef892318fbe837bf8857","encoding":"utf8","snapshot_id":"735799399424072b1b6cc95488ff63f55c094da4b32573a4555bf731c014f141"},"span":{"end":66,"start":28}},"source_freshness":{"disk_checked":true,"hydrator":"current-document-scope-source-generation-v1","status":"current_verified"},"stage_a_file_reasons":["fallback-indexed"],"stage_a_file_score":0.2,"stage_a_files_considered":1,"stage_a_layer_scores":[["fallback-indexed",0.2]]},"reasons":["semantic@2","fallback-indexed","preselect:fallback-indexed:+0.20"],"rerank_score":0.027230769230769232,"score_trace":[["rrf:semantic",0.019230769230769232],["boost:stage-a",0.008]],"source":"index","start_line":2,"symbol_kind":"function","symbol_name":"neighbor","text":"\n\ndef neighbor():\n    return needle()\n"}],"kind":"code_index_context","query":"v18_query_search_marker","repo_size_tier":"Tiny","token_budget":4000,"top_k":10},"nodes":[{"backing_file_path":"needle.py","backing_source":null,"confidence":0.8,"depends_on":[],"end_line":2,"file_path":"needle.py","freshness":null,"invalidation_keys":[],"metadata":{"representation":"machine_hit_reference"},"node_id":"search:chunk:needle.py:0","node_type":"SEARCH_HIT","rank_explanation":null,"reasons":[],"relation":null,"role":"primary","score":0.027607843137254902,"source":"index","source_end_line":2,"source_start_line":1,"span_kind":"reference","start_line":1,"text":"","title":"needle.py needle:1-2","token_estimate":0},{"backing_file_path":"needle.py","backing_source":null,"confidence":0.8,"depends_on":[],"end_line":5,"file_path":"needle.py","freshness":null,"invalidation_keys":[],"metadata":{"representation":"machine_hit_reference"},"node_id":"search:chunk:needle.py:1","node_type":"SEARCH_HIT","rank_explanation":null,"reasons":[],"relation":null,"role":"primary","score":0.027230769230769232,"source":"index","source_end_line":5,"source_start_line":2,"span_kind":"reference","start_line":2,"text":"","title":"needle.py neighbor:2-5","token_estimate":0}],"query":"v18_query_search_marker","reasons":["hybrid search over code index"],"rendered_prompt":"Complete source is in machine_pack.hits; references have no source body.","resolution_freshness":{"basis_epoch":null,"complete":true,"completed_files":0,"index_epoch":5,"reason":null,"retry":null,"root_count":0,"scope":"observed_resolution_invalidations","status":"ready"},"revision":0,"spans":[{"end_line":2,"file_path":"needle.py","label":"needle","node_id":"search:chunk:needle.py:0","start_line":1},{"end_line":5,"file_path":"needle.py","label":"neighbor","node_id":"search:chunk:needle.py:1","start_line":2}],"summary":"Found 2 indexed code result(s) across 1 file(s) for `v18_query_search_marker`.","task":"v18_query_search_marker","token_budget":4000,"token_estimate":3414},"tool":"search"}
[2m2026-10-08T03:53:38.639844Z[0m [32m INFO[0m [2mcc_db::index_db_rebuild[0m[2m:[0m full rebuild: writing data to temp database
V18_JSON {"args":{"query":"v18_query_local_search","retrieval_strategy":"local"},"result":{"evidence_summary":{"files":[],"graph_enrichment":{"callees_added":0,"callers_added":0,"symbols_resolved":0,"tests_found":0},"packing":{"compacted":false,"configured_max_bytes":18000,"continuation":"Use files region/expand on retained references; recheck source version.","limit_bytes":16000,"omitted_hits":0,"omitted_nodes":0,"original_hits":0,"original_nodes":0,"partial":false,"spec":"whole-json-intent-facets-source-support-before-incidental-v5","token_estimate_method":"ceil(serialized_utf8_bytes/4); not a tokenizer","used_bytes":7712},"retrieval":{"cost":{"coverage":"originating query work; lexical FTS and hydration SQL here; grep stage SQL in grep.stages; excludes preselection/exact lookup/graph SQL, FTS internal work and storage I/O; not total cost or a hard limit","fused_candidates":0,"hydrate_requested":0,"hydration":{"sql":{"fullscan_steps":0,"rows":0,"sorts":0,"statements":0,"vm_steps":0},"text":{"cache_hits":0,"legacy_auto_reads":0,"storage_reads":0,"utf8_bytes":0,"zstd_decodes":0}},"lane_candidates":{"exact_symbol":0,"graph":0,"grep":0,"lexical":0,"path":0},"lexical_sql":{"fullscan_steps":0,"rows":0,"sorts":1,"statements":1,"vm_steps":17},"schema_version":1},"grep":{"fallback_scanned":0,"prefilter_failed":false,"prefilter_scanned":0,"reason":null,"scan_cap":20000,"scanned":2,"skipped_duplicates":2,"soft_scanned":2,"stages":[{"stage":"soft","work":{"sql":{"fullscan_steps":0,"rows":2,"sorts":0,"statements":1,"vm_steps":29},"text":{"cache_hits":0,"legacy_auto_reads":0,"storage_reads":2,"utf8_bytes":66,"zstd_decodes":0}}},{"stage":"prefilter","work":{"sql":{"fullscan_steps":0,"rows":0,"sorts":1,"statements":1,"vm_steps":14},"text":{"cache_hits":0,"legacy_auto_reads":0,"storage_reads":0,"utf8_bytes":0,"zstd_decodes":0}}},{"stage":"fallback","work":{"sql":{"fullscan_steps":1,"rows":2,"sorts":0,"statements":1,"vm_steps":23},"text":{"cache_hits":0,"legacy_auto_reads":0,"storage_reads":0,"utf8_bytes":0,"zstd_decodes":0}}}],"status":"complete"},"lanes":[{"candidate_count":0,"candidates":[],"coverage":{"complete":true,"examined":null,"scope":"hard_scope","total_lower_bound":0},"elapsed_us":476,"lane_id":"exact_symbol","schema_version":1,"status":"complete","truncation_reason":null,"weight":1.1},{"candidate_count":0,"candidates":[],"coverage":{"complete":true,"examined":null,"scope":"hard_scope","total_lower_bound":0},"elapsed_us":1079,"lane_id":"path","schema_version":1,"status":"complete","truncation_reason":null,"weight":1.0},{"candidate_count":0,"candidates":[],"coverage":{"complete":true,"examined":null,"scope":"hard_scope","total_lower_bound":0},"elapsed_us":244,"lane_id":"lexical","schema_version":1,"status":"complete","truncation_reason":null,"weight":1.1},{"candidate_count":0,"candidates":[],"coverage":{"complete":true,"examined":2,"scope":"hard_scope","total_lower_bound":0},"elapsed_us":8470,"lane_id":"grep","schema_version":1,"status":"complete","truncation_reason":null,"weight":0.8},{"candidate_count":0,"candidates":[],"coverage":{"complete":true,"examined":null,"scope":"hard_scope","total_lower_bound":0},"elapsed_us":501,"lane_id":"graph","schema_version":1,"status":"complete","truncation_reason":null,"weight":0.6}],"policy":{"completeness":"all_executed_lane_limits_remain_visible; obligation_role_does_not_erase_partial","deadline_ms":30000,"effective":"local","graph_source_mapping":"uid_byte_declaration_document; complete_mapping_is_not_whole_symbol_body_coverage","intent":"locate","lane_timeout_ms":20000,"no_answer":"empty_partial_is_not_absence; no_semantic_absence_claim_from_weak_rank","obligations":[{"lane_id":"exact_symbol","role":"identity","timeout_ms":20000},{"lane_id":"path","role":"identity","timeout_ms":20000},{"lane_id":"lexical","role":"source","timeout_ms":20000},{"lane_id":"grep","role":"source","timeout_ms":20000},{"lane_id":"graph","role":"supporting","timeout_ms":20000}],"path_source_domain":"canonical_scoped_existing_path_docs; else_bounded_tokens; not_whole_file_coverage","requested":"local","semantic_state":"disabled","semantic_timeout_ms":5000,"semantic_top_k":24,"version":"query-policy-local-semantic-canonical-path-domain-v4"},"scope":{"budget":{"exact_symbol_candidates":24,"grep_candidates":12,"grep_enabled":true,"grep_scan_cap":20000,"lexical_candidates":24,"path_candidates":24,"rerank_window":40,"top_k":10,"units":"candidate limits count chunks; grep_scan_cap counts decompressions, not SQL work, total memory or time; cached diagnostics describe originating computation, not work repeated on a cache hit"},"hard":{"empty":false,"explicit_file_count":null,"languages":null,"path_prefix":null,"path_prefix_truncated":false,"semantics":"conjunctive_repository_relative_case_sensitive_components; empty means contradictory/explicit-empty constraint, not an inventory count"},"ordering":["exact-target first (identity tier, not an additive score)","rerank_score descending = sum(score_trace)","chunk_id ascending"],"policy":"canonical-scoped-exact-path-domain-compact-context-budget-v22","schema_version":1,"soft":{"contributions":"per-hit score_trace is the additive bill; stage_a_layer_scores explain its capped stage-a component and must not be added twice; raw hint and excluded paths omitted","hint_entries":{"overlay":0,"pinned":0,"recent":0,"working":0},"preselected_count":1,"role":"ranking_and_scan_priority_only"}}},"search_hits":0,"selection":{"facets":{},"input_candidates":0,"intent":"locate","intent_facet_anchors":{},"limit_omitted":0,"original_ranks":[],"overlap":{"fully_covered_candidates":0,"input_bytes":0,"redundant_bytes":0,"unique_bytes":0},"requested_limit":10,"selected":0,"selected_overlap":{"fully_covered_candidates":0,"input_bytes":0,"redundant_bytes":0,"unique_bytes":0},"source_covered_omissions":0,"source_support_anchors":[],"source_support_scope":"literal_program_cue_in_validated_twice_topk_window_only; not_global_uniqueness_or_exact_identity","spec":"anchored-facets-distinctive-source-union-v2","unmet_facets":[]},"source_freshness":{"budget_exhausted":false,"checked_files":0,"dense_manifest_fence":{"checked":0,"skip_disposition":"stale_publication_skipped","skipped":0},"generation":{"evidence_epoch":1,"incarnation":[141,54,76,212,170,208,183,49,143,175,84,188,126,7,78,117],"index_epoch":5,"semantic_epoch":3},"hydrator":"current-document-scope-source-generation-v1","omitted_files":{},"partial":false,"read_budget_charged":0,"scope":"bounded per-file disk verification and optimistic full read generation; not an atomic filesystem snapshot","validation_work":{"candidate_projection_sql":{"fullscan_steps":0,"rows":0,"sorts":0,"statements":0,"vm_steps":0},"coverage":"current final-assembly attempt SELECTs for manifest, symbol identity and candidate projection; excludes prior attempts, transaction control, originating retrieval, generation, dense fence, graph and disk work; not total cost","schema_version":1,"source_records_sql":{"fullscan_steps":0,"rows":0,"sorts":0,"statements":0,"vm_steps":0}},"verified_hits":0}},"intent":"locate","invalidations":[],"machine_pack":{"hits":[],"kind":"code_index_context","query":"v18_query_local_search","repo_size_tier":"Tiny","token_budget":4000,"top_k":10},"nodes":[],"query":"v18_query_local_search","reasons":["hybrid search over code index"],"rendered_prompt":"Task: code-index search\nIntent: locate\nQuery: v18_query_local_search\n\n","resolution_freshness":{"basis_epoch":null,"complete":true,"completed_files":0,"index_epoch":5,"reason":null,"retry":null,"root_count":0,"scope":"observed_resolution_invalidations","status":"ready"},"revision":0,"spans":[],"summary":"No indexed code results found for `v18_query_local_search`.","task":"v18_query_local_search","token_budget":4000,"token_estimate":1928},"tool":"search"}
[2m2026-10-08T03:53:38.642876Z[0m [33m WARN[0m [1mserve_inner[0m[2m:[0m [2mrmcp::service[0m[2m:[0m response error [3mid[0m[2m=[0m7 [3merror[0m[2m=[0mErrorData { code: ErrorCode(-32602), message: "retrieval_strategy must be local, auto, or semantic", data: None }
V18_JSON {"args":{"query":"v18_query_invalid_search","retrieval_strategy":"invalid"},"error_code":-32602,"message":"retrieval_strategy must be local, auto, or semantic","tool":"search"}
[2m2026-10-08T03:53:38.643903Z[0m [32m INFO[0m [2mcc_db::index_db_rebuild[0m[2m:[0m full rebuild: recreating indexes
V18_JSON {"args":{"query":"v18_query_search_marker","retrieval_strategy":"semantic"},"result":{"evidence_summary":{"files":["needle.py"],"graph_enrichment":{"callees_added":0,"callers_added":0,"symbols_resolved":0,"tests_found":0},"packing":{"compacted":true,"configured_max_bytes":18000,"continuation":"Use files region/expand on retained references; recheck source version.","limit_bytes":16000,"omitted_hits":0,"omitted_nodes":0,"original_hits":2,"original_nodes":2,"partial":false,"spec":"whole-json-intent-facets-source-support-before-incidental-v5","token_estimate_method":"ceil(serialized_utf8_bytes/4); not a tokenizer","used_bytes":13651},"retrieval":{"cost":{"coverage":"originating query work; lexical FTS and hydration SQL here; grep stage SQL in grep.stages; excludes preselection/exact lookup/graph SQL, FTS internal work and storage I/O; not total cost or a hard limit","fused_candidates":2,"hydrate_requested":2,"hydration":{"sql":{"fullscan_steps":0,"rows":10,"sorts":0,"statements":9,"vm_steps":386},"text":{"cache_hits":2,"legacy_auto_reads":0,"storage_reads":0,"utf8_bytes":66,"zstd_decodes":0}},"lane_candidates":{"exact_symbol":0,"graph":0,"grep":0,"lexical":0,"path":0,"semantic":2},"lexical_sql":{"fullscan_steps":0,"rows":0,"sorts":1,"statements":1,"vm_steps":17},"schema_version":1},"grep":{"fallback_scanned":0,"prefilter_failed":false,"prefilter_scanned":0,"reason":null,"scan_cap":20000,"scanned":2,"skipped_duplicates":2,"soft_scanned":2,"stages":[{"stage":"soft","work":{"sql":{"fullscan_steps":0,"rows":2,"sorts":0,"statements":1,"vm_steps":29},"text":{"cache_hits":0,"legacy_auto_reads":0,"storage_reads":2,"utf8_bytes":66,"zstd_decodes":0}}},{"stage":"prefilter","work":{"sql":{"fullscan_steps":0,"rows":0,"sorts":1,"statements":1,"vm_steps":14},"text":{"cache_hits":0,"legacy_auto_reads":0,"storage_reads":0,"utf8_bytes":0,"zstd_decodes":0}}},{"stage":"fallback","work":{"sql":{"fullscan_steps":1,"rows":2,"sorts":0,"statements":1,"vm_steps":23},"text":{"cache_hits":0,"legacy_auto_reads":0,"storage_reads":0,"utf8_bytes":0,"zstd_decodes":0}}}],"status":"complete"},"lanes":[{"candidate_count":0,"candidates":[],"coverage":{"complete":true,"examined":null,"scope":"hard_scope","total_lower_bound":0},"elapsed_us":113,"lane_id":"exact_symbol","schema_version":1,"status":"complete","truncation_reason":null,"weight":1.1},{"candidate_count":0,"candidates":[],"coverage":{"complete":true,"examined":null,"scope":"hard_scope","total_lower_bound":0},"elapsed_us":203,"lane_id":"path","schema_version":1,"status":"complete","truncation_reason":null,"weight":1.0},{"candidate_count":0,"candidates":[],"coverage":{"complete":true,"examined":null,"scope":"hard_scope","total_lower_bound":0},"elapsed_us":104,"lane_id":"lexical","schema_version":1,"status":"complete","truncation_reason":null,"weight":1.1},{"candidate_count":0,"candidates":[],"coverage":{"complete":true,"examined":2,"scope":"hard_scope","total_lower_bound":0},"elapsed_us":2298,"lane_id":"grep","schema_version":1,"status":"complete","truncation_reason":null,"weight":0.8},{"candidate_count":0,"candidates":[],"coverage":{"complete":true,"examined":null,"scope":"hard_scope","total_lower_bound":0},"elapsed_us":187,"lane_id":"graph","schema_version":1,"status":"complete","truncation_reason":null,"weight":0.6},{"candidate_count":2,"candidates":[{"document":{"doc_key":"29b2fa88c6d6c8741c47ad873ba80a25c628b882a28ea3cfaa7fcc69e6982938","doc_version":"9ba68969fd43b00f97a9fade36d3cd19b8f57a4b7c6dffacb8c050c2e9b29f62","encoding_key":"78fc8c83484a6639e37e832f30a8eb8310c8ad26eada3a4ec3d936c1f152fede","entity_key":"16a369932cc2a7589f395b34b3b8def8bbad6a04e00672428487964152c26486"},"exact_identity":false,"lane_id":"semantic","lane_rank":1,"legacy_chunk_id":"chunk:needle.py:0","raw_score":1.0,"schema_version":1,"scoring_spec":"cosine-exact-v1","source_span":{"end":28,"start":0}},{"document":{"doc_key":"3fd56c438273f4e97d76268fc1e74f7bccba6b16d9f0ef414ca67b0829003e65","doc_version":"09f385ca69393d6173161facbcb1551167f9785fcdd2ccc650f1c531bc0259ed","encoding_key":"02118b2a2349b99c9efe9684d529683cd659e52f1e28e19c864bc915175c7693","entity_key":"f8d3da2a91268bb9b93e59ca9b06d751804a9221f3d218b5a8798fab2dc8e40d"},"exact_identity":false,"lane_id":"semantic","lane_rank":2,"legacy_chunk_id":"chunk:needle.py:1","raw_score":1.0,"schema_version":1,"scoring_spec":"cosine-exact-v1","source_span":{"end":66,"start":28}}],"coverage":{"complete":true,"examined":null,"scope":"hard_scope","total_lower_bound":2},"elapsed_us":1242,"lane_id":"semantic","schema_version":1,"status":"complete","truncation_reason":null,"weight":1.0}],"policy":{"completeness":"all_executed_lane_limits_remain_visible; obligation_role_does_not_erase_partial","deadline_ms":30000,"effective":"semantic","graph_source_mapping":"uid_byte_declaration_document; complete_mapping_is_not_whole_symbol_body_coverage","intent":"locate","lane_timeout_ms":20000,"no_answer":"empty_partial_is_not_absence; no_semantic_absence_claim_from_weak_rank","obligations":[{"lane_id":"exact_symbol","role":"identity","timeout_ms":20000},{"lane_id":"path","role":"identity","timeout_ms":20000},{"lane_id":"lexical","role":"source","timeout_ms":20000},{"lane_id":"grep","role":"source","timeout_ms":20000},{"lane_id":"graph","role":"supporting","timeout_ms":20000},{"lane_id":"semantic","role":"optional_recall","timeout_ms":5000}],"path_source_domain":"canonical_scoped_existing_path_docs; else_bounded_tokens; not_whole_file_coverage","requested":"semantic","semantic_state":"configured","semantic_timeout_ms":5000,"semantic_top_k":24,"version":"query-policy-local-semantic-canonical-path-domain-v4"},"scope":{"budget":{"exact_symbol_candidates":24,"grep_candidates":12,"grep_enabled":true,"grep_scan_cap":20000,"lexical_candidates":24,"path_candidates":24,"rerank_window":40,"top_k":10,"units":"candidate limits count chunks; grep_scan_cap counts decompressions, not SQL work, total memory or time; cached diagnostics describe originating computation, not work repeated on a cache hit"},"hard":{"empty":false,"explicit_file_count":null,"languages":null,"path_prefix":null,"path_prefix_truncated":false,"semantics":"conjunctive_repository_relative_case_sensitive_components; empty means contradictory/explicit-empty constraint, not an inventory count"},"ordering":["exact-target first (identity tier, not an additive score)","rerank_score descending = sum(score_trace)","chunk_id ascending"],"policy":"canonical-scoped-exact-path-domain-compact-context-budget-v22","schema_version":1,"soft":{"contributions":"per-hit score_trace is the additive bill; stage_a_layer_scores explain its capped stage-a component and must not be added twice; raw hint and excluded paths omitted","hint_entries":{"overlay":0,"pinned":0,"recent":0,"working":0},"preselected_count":1,"role":"ranking_and_scan_priority_only"}}},"search_hits":2,"selection":{"facets":{"implementation":2},"input_candidates":2,"intent":"locate","intent_facet_anchors":{},"limit_omitted":0,"original_ranks":[1,2],"overlap":{"fully_covered_candidates":0,"input_bytes":66,"redundant_bytes":0,"unique_bytes":66},"requested_limit":10,"selected":2,"selected_overlap":{"fully_covered_candidates":0,"input_bytes":66,"redundant_bytes":0,"unique_bytes":66},"source_covered_omissions":0,"source_support_anchors":[],"source_support_scope":"literal_program_cue_in_validated_twice_topk_window_only; not_global_uniqueness_or_exact_identity","spec":"anchored-facets-distinctive-source-union-v2","unmet_facets":[]},"source_freshness":{"budget_exhausted":false,"checked_files":1,"dense_manifest_fence":{"checked":2,"skip_disposition":"stale_publication_skipped","skipped":0},"generation":{"evidence_epoch":1,"incarnation":[126,221,2,26,205,66,155,203,68,146,108,151,20,22,72,232],"index_epoch":5,"semantic_epoch":3},"hydrator":"current-document-scope-source-generation-v1","omitted_files":{},"partial":false,"read_budget_charged":66,"scope":"bounded per-file disk verification and optimistic full read generation; not an atomic filesystem snapshot","validation_work":{"candidate_projection_sql":{"fullscan_steps":0,"rows":2,"sorts":0,"statements":1,"vm_steps":76},"coverage":"current final-assembly attempt SELECTs for manifest, symbol identity and candidate projection; excludes prior attempts, transaction control, originating retrieval, generation, dense fence, graph and disk work; not total cost","schema_version":1,"source_records_sql":{"fullscan_steps":0,"rows":10,"sorts":0,"statements":9,"vm_steps":292}},"verified_hits":2}},"intent":"locate","invalidations":[],"machine_pack":{"hits":[{"breadcrumb":"needle","chunk_id":"chunk:needle.py:0","end_line":2,"file_path":"needle.py","fused_score":0.0196078431372549,"graph_score":0.0,"grep_score":0.0,"lane":null,"language":"python","lexical_score":0.0,"metadata":{"document":{"doc_key":"29b2fa88c6d6c8741c47ad873ba80a25c628b882a28ea3cfaa7fcc69e6982938","doc_version":"9ba68969fd43b00f97a9fade36d3cd19b8f57a4b7c6dffacb8c050c2e9b29f62","encoding_key":"78fc8c83484a6639e37e832f30a8eb8310c8ad26eada3a4ec3d936c1f152fede","entity_key":"16a369932cc2a7589f395b34b3b8def8bbad6a04e00672428487964152c26486"},"qname":"needle","source_evidence":{"boundary":"symbol","owner":{"end":28,"start":0},"signature":{"end":18,"start":0},"slice_digest":"c748e325d98b5f174763b313c05ece587900d99690eedbce11f75639788c6b8b","source":{"byte_len":66,"content_digest":"bdb975ad92107a0524d6a7c217816cd1e50bb1d97a36ef892318fbe837bf8857","encoding":"utf8","snapshot_id":"735799399424072b1b6cc95488ff63f55c094da4b32573a4555bf731c014f141"},"span":{"end":28,"start":0}},"source_freshness":{"disk_checked":true,"hydrator":"current-document-scope-source-generation-v1","status":"current_verified"},"stage_a_file_reasons":["fallback-indexed"],"stage_a_file_score":0.2,"stage_a_files_considered":1,"stage_a_layer_scores":[["fallback-indexed",0.2]]},"reasons":["semantic@1","fallback-indexed","preselect:fallback-indexed:+0.20"],"rerank_score":0.027607843137254902,"score_trace":[["rrf:semantic",0.0196078431372549],["boost:stage-a",0.008]],"source":"index","start_line":1,"symbol_kind":"function","symbol_name":"needle","text":"def needle():\n    return 731"},{"breadcrumb":"neighbor","chunk_id":"chunk:needle.py:1","end_line":5,"file_path":"needle.py","fused_score":0.019230769230769232,"graph_score":0.0,"grep_score":0.0,"lane":null,"language":"python","lexical_score":0.0,"metadata":{"document":{"doc_key":"3fd56c438273f4e97d76268fc1e74f7bccba6b16d9f0ef414ca67b0829003e65","doc_version":"09f385ca69393d6173161facbcb1551167f9785fcdd2ccc650f1c531bc0259ed","encoding_key":"02118b2a2349b99c9efe9684d529683cd659e52f1e28e19c864bc915175c7693","entity_key":"f8d3da2a91268bb9b93e59ca9b06d751804a9221f3d218b5a8798fab2dc8e40d"},"qname":"neighbor","source_evidence":{"boundary":"symbol","owner":{"end":65,"start":30},"signature":{"end":50,"start":30},"slice_digest":"dec7813dc4d5e300de152b45e0cb2a89c688f0a75f1501c57aa7eb68130081dd","source":{"byte_len":66,"content_digest":"bdb975ad92107a0524d6a7c217816cd1e50bb1d97a36ef892318fbe837bf8857","encoding":"utf8","snapshot_id":"735799399424072b1b6cc95488ff63f55c094da4b32573a4555bf731c014f141"},"span":{"end":66,"start":28}},"source_freshness":{"disk_checked":true,"hydrator":"current-document-scope-source-generation-v1","status":"current_verified"},"stage_a_file_reasons":["fallback-indexed"],"stage_a_file_score":0.2,"stage_a_files_considered":1,"stage_a_layer_scores":[["fallback-indexed",0.2]]},"reasons":["semantic@2","fallback-indexed","preselect:fallback-indexed:+0.20"],"rerank_score":0.027230769230769232,"score_trace":[["rrf:semantic",0.019230769230769232],["boost:stage-a",0.008]],"source":"index","start_line":2,"symbol_kind":"function","symbol_name":"neighbor","text":"\n\ndef neighbor():\n    return needle()\n"}],"kind":"code_index_context","query":"v18_query_search_marker","repo_size_tier":"Tiny","token_budget":4000,"top_k":10},"nodes":[{"backing_file_path":"needle.py","backing_source":null,"confidence":0.8,"depends_on":[],"end_line":2,"file_path":"needle.py","freshness":null,"invalidation_keys":[],"metadata":{"representation":"machine_hit_reference"},"node_id":"search:chunk:needle.py:0","node_type":"SEARCH_HIT","rank_explanation":null,"reasons":[],"relation":null,"role":"primary","score":0.027607843137254902,"source":"index","source_end_line":2,"source_start_line":1,"span_kind":"reference","start_line":1,"text":"","title":"needle.py needle:1-2","token_estimate":0},{"backing_file_path":"needle.py","backing_source":null,"confidence":0.8,"depends_on":[],"end_line":5,"file_path":"needle.py","freshness":null,"invalidation_keys":[],"metadata":{"representation":"machine_hit_reference"},"node_id":"search:chunk:needle.py:1","node_type":"SEARCH_HIT","rank_explanation":null,"reasons":[],"relation":null,"role":"primary","score":0.027230769230769232,"source":"index","source_end_line":5,"source_start_line":2,"span_kind":"reference","start_line":2,"text":"","title":"needle.py neighbor:2-5","token_estimate":0}],"query":"v18_query_search_marker","reasons":["hybrid search over code index"],"rendered_prompt":"Complete source is in machine_pack.hits; references have no source body.","resolution_freshness":{"basis_epoch":null,"complete":true,"completed_files":0,"index_epoch":5,"reason":null,"retry":null,"root_count":0,"scope":"observed_resolution_invalidations","status":"ready"},"revision":0,"spans":[{"end_line":2,"file_path":"needle.py","label":"needle","node_id":"search:chunk:needle.py:0","start_line":1},{"end_line":5,"file_path":"needle.py","label":"neighbor","node_id":"search:chunk:needle.py:1","start_line":2}],"summary":"Found 2 indexed code result(s) across 1 file(s) for `v18_query_search_marker`.","task":"v18_query_search_marker","token_budget":4000,"token_estimate":3413},"tool":"search"}
V18_JSON {"args":{"retrieval_strategy":"local","task":"v18_query_local_context"},"result":{"evidence_summary":{"files":[],"graph_enrichment":{"callees_added":0,"callers_added":0,"symbols_resolved":0,"tests_found":0},"packing":{"compacted":false,"configured_max_bytes":18000,"continuation":"Use files region/expand on retained references; recheck source version.","limit_bytes":16000,"omitted_hits":0,"omitted_nodes":0,"original_hits":0,"original_nodes":0,"partial":false,"spec":"whole-json-intent-facets-source-support-before-incidental-v5","token_estimate_method":"ceil(serialized_utf8_bytes/4); not a tokenizer","used_bytes":7717},"retrieval":{"cost":{"coverage":"originating query work; lexical FTS and hydration SQL here; grep stage SQL in grep.stages; excludes preselection/exact lookup/graph SQL, FTS internal work and storage I/O; not total cost or a hard limit","fused_candidates":0,"hydrate_requested":0,"hydration":{"sql":{"fullscan_steps":0,"rows":0,"sorts":0,"statements":0,"vm_steps":0},"text":{"cache_hits":0,"legacy_auto_reads":0,"storage_reads":0,"utf8_bytes":0,"zstd_decodes":0}},"lane_candidates":{"exact_symbol":0,"graph":0,"grep":0,"lexical":0,"path":0},"lexical_sql":{"fullscan_steps":0,"rows":0,"sorts":1,"statements":1,"vm_steps":17},"schema_version":1},"grep":{"fallback_scanned":0,"prefilter_failed":false,"prefilter_scanned":0,"reason":null,"scan_cap":20000,"scanned":2,"skipped_duplicates":2,"soft_scanned":2,"stages":[{"stage":"soft","work":{"sql":{"fullscan_steps":0,"rows":2,"sorts":0,"statements":1,"vm_steps":29},"text":{"cache_hits":0,"legacy_auto_reads":0,"storage_reads":2,"utf8_bytes":66,"zstd_decodes":0}}},{"stage":"prefilter","work":{"sql":{"fullscan_steps":0,"rows":0,"sorts":1,"statements":1,"vm_steps":14},"text":{"cache_hits":0,"legacy_auto_reads":0,"storage_reads":0,"utf8_bytes":0,"zstd_decodes":0}}},{"stage":"fallback","work":{"sql":{"fullscan_steps":1,"rows":2,"sorts":0,"statements":1,"vm_steps":23},"text":{"cache_hits":0,"legacy_auto_reads":0,"storage_reads":0,"utf8_bytes":0,"zstd_decodes":0}}}],"status":"complete"},"lanes":[{"candidate_count":0,"candidates":[],"coverage":{"complete":true,"examined":null,"scope":"hard_scope","total_lower_bound":0},"elapsed_us":2315,"lane_id":"exact_symbol","schema_version":1,"status":"complete","truncation_reason":null,"weight":1.1},{"candidate_count":0,"candidates":[],"coverage":{"complete":true,"examined":null,"scope":"hard_scope","total_lower_bound":0},"elapsed_us":842,"lane_id":"path","schema_version":1,"status":"complete","truncation_reason":null,"weight":1.0},{"candidate_count":0,"candidates":[],"coverage":{"complete":true,"examined":null,"scope":"hard_scope","total_lower_bound":0},"elapsed_us":148,"lane_id":"lexical","schema_version":1,"status":"complete","truncation_reason":null,"weight":1.1},{"candidate_count":0,"candidates":[],"coverage":{"complete":true,"examined":2,"scope":"hard_scope","total_lower_bound":0},"elapsed_us":4153,"lane_id":"grep","schema_version":1,"status":"complete","truncation_reason":null,"weight":0.8},{"candidate_count":0,"candidates":[],"coverage":{"complete":true,"examined":null,"scope":"hard_scope","total_lower_bound":0},"elapsed_us":877,"lane_id":"graph","schema_version":1,"status":"complete","truncation_reason":null,"weight":0.6}],"policy":{"completeness":"all_executed_lane_limits_remain_visible; obligation_role_does_not_erase_partial","deadline_ms":30000,"effective":"local","graph_source_mapping":"uid_byte_declaration_document; complete_mapping_is_not_whole_symbol_body_coverage","intent":"locate","lane_timeout_ms":20000,"no_answer":"empty_partial_is_not_absence; no_semantic_absence_claim_from_weak_rank","obligations":[{"lane_id":"exact_symbol","role":"identity","timeout_ms":20000},{"lane_id":"path","role":"identity","timeout_ms":20000},{"lane_id":"lexical","role":"source","timeout_ms":20000},{"lane_id":"grep","role":"source","timeout_ms":20000},{"lane_id":"graph","role":"supporting","timeout_ms":20000}],"path_source_domain":"canonical_scoped_existing_path_docs; else_bounded_tokens; not_whole_file_coverage","requested":"local","semantic_state":"disabled","semantic_timeout_ms":5000,"semantic_top_k":24,"version":"query-policy-local-semantic-canonical-path-domain-v4"},"scope":{"budget":{"exact_symbol_candidates":24,"grep_candidates":12,"grep_enabled":true,"grep_scan_cap":20000,"lexical_candidates":24,"path_candidates":24,"rerank_window":40,"top_k":10,"units":"candidate limits count chunks; grep_scan_cap counts decompressions, not SQL work, total memory or time; cached diagnostics describe originating computation, not work repeated on a cache hit"},"hard":{"empty":false,"explicit_file_count":null,"languages":null,"path_prefix":null,"path_prefix_truncated":false,"semantics":"conjunctive_repository_relative_case_sensitive_components; empty means contradictory/explicit-empty constraint, not an inventory count"},"ordering":["exact-target first (identity tier, not an additive score)","rerank_score descending = sum(score_trace)","chunk_id ascending"],"policy":"canonical-scoped-exact-path-domain-compact-context-budget-v22","schema_version":1,"soft":{"contributions":"per-hit score_trace is the additive bill; stage_a_layer_scores explain its capped stage-a component and must not be added twice; raw hint and excluded paths omitted","hint_entries":{"overlay":0,"pinned":0,"recent":0,"working":0},"preselected_count":1,"role":"ranking_and_scan_priority_only"}}},"search_hits":0,"selection":{"facets":{},"input_candidates":0,"intent":"locate","intent_facet_anchors":{},"limit_omitted":0,"original_ranks":[],"overlap":{"fully_covered_candidates":0,"input_bytes":0,"redundant_bytes":0,"unique_bytes":0},"requested_limit":10,"selected":0,"selected_overlap":{"fully_covered_candidates":0,"input_bytes":0,"redundant_bytes":0,"unique_bytes":0},"source_covered_omissions":0,"source_support_anchors":[],"source_support_scope":"literal_program_cue_in_validated_twice_topk_window_only; not_global_uniqueness_or_exact_identity","spec":"anchored-facets-distinctive-source-union-v2","unmet_facets":[]},"source_freshness":{"budget_exhausted":false,"checked_files":0,"dense_manifest_fence":{"checked":0,"skip_disposition":"stale_publication_skipped","skipped":0},"generation":{"evidence_epoch":1,"incarnation":[141,54,76,212,170,208,183,49,143,175,84,188,126,7,78,117],"index_epoch":5,"semantic_epoch":3},"hydrator":"current-document-scope-source-generation-v1","omitted_files":{},"partial":false,"read_budget_charged":0,"scope":"bounded per-file disk verification and optimistic full read generation; not an atomic filesystem snapshot","validation_work":{"candidate_projection_sql":{"fullscan_steps":0,"rows":0,"sorts":0,"statements":0,"vm_steps":0},"coverage":"current final-assembly attempt SELECTs for manifest, symbol identity and candidate projection; excludes prior attempts, transaction control, originating retrieval, generation, dense fence, graph and disk work; not total cost","schema_version":1,"source_records_sql":{"fullscan_steps":0,"rows":0,"sorts":0,"statements":0,"vm_steps":0}},"verified_hits":0}},"intent":"locate","invalidations":[],"machine_pack":{"hits":[],"kind":"code_index_context","query":"v18_query_local_context","repo_size_tier":"Tiny","token_budget":4000,"top_k":10},"nodes":[],"query":"v18_query_local_context","reasons":["hybrid search over code index"],"rendered_prompt":"Task: code-index search\nIntent: locate\nQuery: v18_query_local_context\n\n","resolution_freshness":{"basis_epoch":null,"complete":true,"completed_files":0,"index_epoch":5,"reason":null,"retry":null,"root_count":0,"scope":"observed_resolution_invalidations","status":"ready"},"revision":0,"spans":[],"summary":"No indexed code results found for `v18_query_local_context`.","task":"v18_query_local_context","token_budget":4000,"token_estimate":1930},"tool":"context"}
[2m2026-10-08T03:53:38.662930Z[0m [33m WARN[0m [1mserve_inner[0m[2m:[0m [2mrmcp::service[0m[2m:[0m response error [3mid[0m[2m=[0m9 [3merror[0m[2m=[0mErrorData { code: ErrorCode(-32602), message: "retrieval_strategy must be local, auto, or semantic", data: None }
V18_JSON {"args":{"retrieval_strategy":"invalid","task":"v18_query_invalid_context"},"error_code":-32602,"message":"retrieval_strategy must be local, auto, or semantic","tool":"context"}
[2m2026-10-08T03:53:38.674031Z[0m [32m INFO[0m [2mcc_db::index_db_rebuild[0m[2m:[0m full rebuild: temp database ready for swap
[2m2026-10-08T03:53:38.674232Z[0m [32m INFO[0m [2mcc_index::memory_budget[0m[2m:[0m memory budget initialized [3mtotal_ram_mb[0m[2m=[0m15989 [3mbudget_mb[0m[2m=[0m7994 [3mfraction[0m[2m=[0m0.5
V18_JSON {"args":{"path_prefix":"absent/","query":"v18_query_empty_scope","retrieval_strategy":"semantic"},"result":{"evidence_summary":{"files":[],"graph_enrichment":{"callees_added":0,"callers_added":0,"symbols_resolved":0,"tests_found":0},"packing":{"compacted":false,"configured_max_bytes":18000,"continuation":"Use files region/expand on retained references; recheck source version.","limit_bytes":16000,"omitted_hits":0,"omitted_nodes":0,"original_hits":0,"original_nodes":0,"partial":false,"spec":"whole-json-intent-facets-source-support-before-incidental-v5","token_estimate_method":"ceil(serialized_utf8_bytes/4); not a tokenizer","used_bytes":7840},"retrieval":{"cost":{"coverage":"originating query work; lexical FTS and hydration SQL here; grep stage SQL in grep.stages; excludes preselection/exact lookup/graph SQL, FTS internal work and storage I/O; not total cost or a hard limit","fused_candidates":0,"hydrate_requested":0,"hydration":{"sql":{"fullscan_steps":0,"rows":0,"sorts":0,"statements":0,"vm_steps":0},"text":{"cache_hits":0,"legacy_auto_reads":0,"storage_reads":0,"utf8_bytes":0,"zstd_decodes":0}},"lane_candidates":{"exact_symbol":0,"graph":0,"grep":0,"lexical":0,"path":0,"semantic":0},"lexical_sql":{"fullscan_steps":0,"rows":0,"sorts":1,"statements":1,"vm_steps":20},"schema_version":1},"grep":{"fallback_scanned":0,"prefilter_failed":false,"prefilter_scanned":0,"reason":null,"scan_cap":20000,"scanned":0,"skipped_duplicates":0,"soft_scanned":0,"stages":[{"stage":"prefilter","work":{"sql":{"fullscan_steps":0,"rows":0,"sorts":1,"statements":1,"vm_steps":17},"text":{"cache_hits":0,"legacy_auto_reads":0,"storage_reads":0,"utf8_bytes":0,"zstd_decodes":0}}},{"stage":"fallback","work":{"sql":{"fullscan_steps":1,"rows":0,"sorts":0,"statements":1,"vm_steps":24},"text":{"cache_hits":0,"legacy_auto_reads":0,"storage_reads":0,"utf8_bytes":0,"zstd_decodes":0}}}],"status":"complete"},"lanes":[{"candidate_count":0,"candidates":[],"coverage":{"complete":true,"examined":null,"scope":"hard_scope","total_lower_bound":0},"elapsed_us":114,"lane_id":"exact_symbol","schema_version":1,"status":"complete","truncation_reason":null,"weight":1.1},{"candidate_count":0,"candidates":[],"coverage":{"complete":true,"examined":null,"scope":"hard_scope","total_lower_bound":0},"elapsed_us":281,"lane_id":"path","schema_version":1,"status":"complete","truncation_reason":null,"weight":1.0},{"candidate_count":0,"candidates":[],"coverage":{"complete":true,"examined":null,"scope":"hard_scope","total_lower_bound":0},"elapsed_us":183,"lane_id":"lexical","schema_version":1,"status":"complete","truncation_reason":null,"weight":1.1},{"candidate_count":0,"candidates":[],"coverage":{"complete":true,"examined":0,"scope":"hard_scope","total_lower_bound":0},"elapsed_us":4316,"lane_id":"grep","schema_version":1,"status":"complete","truncation_reason":null,"weight":0.8},{"candidate_count":0,"candidates":[],"coverage":{"complete":true,"examined":null,"scope":"hard_scope","total_lower_bound":0},"elapsed_us":864,"lane_id":"graph","schema_version":1,"status":"complete","truncation_reason":null,"weight":0.6},{"candidate_count":0,"candidates":[],"coverage":{"complete":true,"examined":null,"scope":"hard_scope","total_lower_bound":0},"elapsed_us":528,"lane_id":"semantic","schema_version":1,"status":"complete","truncation_reason":null,"weight":1.0}],"policy":{"completeness":"all_executed_lane_limits_remain_visible; obligation_role_does_not_erase_partial","deadline_ms":30000,"effective":"semantic","graph_source_mapping":"uid_byte_declaration_document; complete_mapping_is_not_whole_symbol_body_coverage","intent":"locate","lane_timeout_ms":20000,"no_answer":"empty_partial_is_not_absence; no_semantic_absence_claim_from_weak_rank","obligations":[{"lane_id":"exact_symbol","role":"identity","timeout_ms":20000},{"lane_id":"path","role":"identity","timeout_ms":20000},{"lane_id":"lexical","role":"source","timeout_ms":20000},{"lane_id":"grep","role":"source","timeout_ms":20000},{"lane_id":"graph","role":"supporting","timeout_ms":20000},{"lane_id":"semantic","role":"optional_recall","timeout_ms":5000}],"path_source_domain":"canonical_scoped_existing_path_docs; else_bounded_tokens; not_whole_file_coverage","requested":"semantic","semantic_state":"configured","semantic_timeout_ms":5000,"semantic_top_k":24,"version":"query-policy-local-semantic-canonical-path-domain-v4"},"scope":{"budget":{"exact_symbol_candidates":24,"grep_candidates":12,"grep_enabled":true,"grep_scan_cap":20000,"lexical_candidates":24,"path_candidates":24,"rerank_window":40,"top_k":10,"units":"candidate limits count chunks; grep_scan_cap counts decompressions, not SQL work, total memory or time; cached diagnostics describe originating computation, not work repeated on a cache hit"},"hard":{"empty":false,"explicit_file_count":null,"languages":null,"path_prefix":"absent","path_prefix_truncated":false,"semantics":"conjunctive_repository_relative_case_sensitive_components; empty means contradictory/explicit-empty constraint, not an inventory count"},"ordering":["exact-target first (identity tier, not an additive score)","rerank_score descending = sum(score_trace)","chunk_id ascending"],"policy":"canonical-scoped-exact-path-domain-compact-context-budget-v22","schema_version":1,"soft":{"contributions":"per-hit score_trace is the additive bill; stage_a_layer_scores explain its capped stage-a component and must not be added twice; raw hint and excluded paths omitted","hint_entries":{"overlay":0,"pinned":0,"recent":0,"working":0},"preselected_count":0,"role":"ranking_and_scan_priority_only"}}},"search_hits":0,"selection":{"facets":{},"input_candidates":0,"intent":"locate","intent_facet_anchors":{},"limit_omitted":0,"original_ranks":[],"overlap":{"fully_covered_candidates":0,"input_bytes":0,"redundant_bytes":0,"unique_bytes":0},"requested_limit":10,"selected":0,"selected_overlap":{"fully_covered_candidates":0,"input_bytes":0,"redundant_bytes":0,"unique_bytes":0},"source_covered_omissions":0,"source_support_anchors":[],"source_support_scope":"literal_program_cue_in_validated_twice_topk_window_only; not_global_uniqueness_or_exact_identity","spec":"anchored-facets-distinctive-source-union-v2","unmet_facets":[]},"source_freshness":{"budget_exhausted":false,"checked_files":0,"dense_manifest_fence":{"checked":0,"skip_disposition":"stale_publication_skipped","skipped":0},"generation":{"evidence_epoch":1,"incarnation":[141,54,76,212,170,208,183,49,143,175,84,188,126,7,78,117],"index_epoch":5,"semantic_epoch":3},"hydrator":"current-document-scope-source-generation-v1","omitted_files":{},"partial":false,"read_budget_charged":0,"scope":"bounded per-file disk verification and optimistic full read generation; not an atomic filesystem snapshot","validation_work":{"candidate_projection_sql":{"fullscan_steps":0,"rows":0,"sorts":0,"statements":0,"vm_steps":0},"coverage":"current final-assembly attempt SELECTs for manifest, symbol identity and candidate projection; excludes prior attempts, transaction control, originating retrieval, generation, dense fence, graph and disk work; not total cost","schema_version":1,"source_records_sql":{"fullscan_steps":0,"rows":0,"sorts":0,"statements":0,"vm_steps":0}},"verified_hits":0}},"intent":"locate","invalidations":[],"machine_pack":{"hits":[],"kind":"code_index_context","query":"v18_query_empty_scope","repo_size_tier":"Tiny","token_budget":4000,"top_k":10},"nodes":[],"query":"v18_query_empty_scope","reasons":["hybrid search over code index"],"rendered_prompt":"Task: code-index search\nIntent: locate\nQuery: v18_query_empty_scope\n\n","resolution_freshness":{"basis_epoch":null,"complete":true,"completed_files":0,"index_epoch":5,"reason":null,"retry":null,"root_count":0,"scope":"observed_resolution_invalidations","status":"ready"},"revision":0,"spans":[],"summary":"No indexed code results found for `v18_query_empty_scope`.","task":"v18_query_empty_scope","token_budget":4000,"token_estimate":1960},"tool":"search"}
V18_JSON {"document_http_calls":2,"only_loopback":true,"query_http_calls":0,"real_credentials":false,"requests":[{"encoding_format":"float","input":["CODECORTEX_EMBED_V1\nmetadata: {\"language\":\"python\",\"metadata_truncated\":false,\"parent\":\"needle\",\"path\":\"needle.py\",\"signature\":\"def needle():\\n    \",\"source_span\":{\"end\":28,\"start\":0}}\nsource:\ndef needle():\n    return 731"],"model":"synthetic-v18-contract"},{"encoding_format":"float","input":["CODECORTEX_EMBED_V1\nmetadata: {\"language\":\"python\",\"metadata_truncated\":false,\"parent\":\"neighbor\",\"path\":\"needle.py\",\"signature\":\"def neighbor():\\n    \",\"source_span\":{\"end\":66,\"start\":28}}\nsource:\n\n\ndef neighbor():\n    return needle()\n"],"model":"synthetic-v18-contract"}],"synthetic_vectors":true}
[2m2026-10-08T03:53:38.682873Z[0m [32m INFO[0m [1mserve_inner[0m[2m:[0m [2mrmcp::service[0m[2m:[0m input stream terminated
[2m2026-10-08T03:53:38.682941Z[0m [32m INFO[0m [1mserve_inner[0m[2m:[0m [2mrmcp::service[0m[2m:[0m serve finished [3mquit_reason[0m[2m=[0mClosed
[2m2026-10-08T03:53:38.683107Z[0m [32m INFO[0m [2mcc_server::mcp[0m[2m:[0m MCP server shut down gracefully
V18_JSON {"args":{"retrieval_strategy":"semantic","task":"v18_query_context_marker"},"result":{"evidence_summary":{"files":["needle.py"],"graph_enrichment":{"callees_added":0,"callers_added":0,"symbols_resolved":0,"tests_found":0},"packing":{"compacted":true,"configured_max_bytes":18000,"continuation":"Use files region/expand on retained references; recheck source version.","limit_bytes":16000,"omitted_hits":0,"omitted_nodes":0,"original_hits":2,"original_nodes":2,"partial":false,"spec":"whole-json-intent-facets-source-support-before-incidental-v5","token_estimate_method":"ceil(serialized_utf8_bytes/4); not a tokenizer","used_bytes":13655},"retrieval":{"cost":{"coverage":"originating query work; lexical FTS and hydration SQL here; grep stage SQL in grep.stages; excludes preselection/exact lookup/graph SQL, FTS internal work and storage I/O; not total cost or a hard limit","fused_candidates":2,"hydrate_requested":2,"hydration":{"sql":{"fullscan_steps":0,"rows":10,"sorts":0,"statements":9,"vm_steps":386},"text":{"cache_hits":2,"legacy_auto_reads":0,"storage_reads":0,"utf8_bytes":66,"zstd_decodes":0}},"lane_candidates":{"exact_symbol":0,"graph":0,"grep":0,"lexical":0,"path":0,"semantic":2},"lexical_sql":{"fullscan_steps":0,"rows":0,"sorts":1,"statements":1,"vm_steps":17},"schema_version":1},"grep":{"fallback_scanned":0,"prefilter_failed":false,"prefilter_scanned":0,"reason":null,"scan_cap":20000,"scanned":2,"skipped_duplicates":2,"soft_scanned":2,"stages":[{"stage":"soft","work":{"sql":{"fullscan_steps":0,"rows":2,"sorts":0,"statements":1,"vm_steps":29},"text":{"cache_hits":0,"legacy_auto_reads":0,"storage_reads":2,"utf8_bytes":66,"zstd_decodes":0}}},{"stage":"prefilter","work":{"sql":{"fullscan_steps":0,"rows":0,"sorts":1,"statements":1,"vm_steps":14},"text":{"cache_hits":0,"legacy_auto_reads":0,"storage_reads":0,"utf8_bytes":0,"zstd_decodes":0}}},{"stage":"fallback","work":{"sql":{"fullscan_steps":1,"rows":2,"sorts":0,"statements":1,"vm_steps":23},"text":{"cache_hits":0,"legacy_auto_reads":0,"storage_reads":0,"utf8_bytes":0,"zstd_decodes":0}}}],"status":"complete"},"lanes":[{"candidate_count":0,"candidates":[],"coverage":{"complete":true,"examined":null,"scope":"hard_scope","total_lower_bound":0},"elapsed_us":123,"lane_id":"exact_symbol","schema_version":1,"status":"complete","truncation_reason":null,"weight":1.1},{"candidate_count":0,"candidates":[],"coverage":{"complete":true,"examined":null,"scope":"hard_scope","total_lower_bound":0},"elapsed_us":200,"lane_id":"path","schema_version":1,"status":"complete","truncation_reason":null,"weight":1.0},{"candidate_count":0,"candidates":[],"coverage":{"complete":true,"examined":null,"scope":"hard_scope","total_lower_bound":0},"elapsed_us":258,"lane_id":"lexical","schema_version":1,"status":"complete","truncation_reason":null,"weight":1.1},{"candidate_count":0,"candidates":[],"coverage":{"complete":true,"examined":2,"scope":"hard_scope","total_lower_bound":0},"elapsed_us":1562,"lane_id":"grep","schema_version":1,"status":"complete","truncation_reason":null,"weight":0.8},{"candidate_count":0,"candidates":[],"coverage":{"complete":true,"examined":null,"scope":"hard_scope","total_lower_bound":0},"elapsed_us":206,"lane_id":"graph","schema_version":1,"status":"complete","truncation_reason":null,"weight":0.6},{"candidate_count":2,"candidates":[{"document":{"doc_key":"29b2fa88c6d6c8741c47ad873ba80a25c628b882a28ea3cfaa7fcc69e6982938","doc_version":"9ba68969fd43b00f97a9fade36d3cd19b8f57a4b7c6dffacb8c050c2e9b29f62","encoding_key":"78fc8c83484a6639e37e832f30a8eb8310c8ad26eada3a4ec3d936c1f152fede","entity_key":"16a369932cc2a7589f395b34b3b8def8bbad6a04e00672428487964152c26486"},"exact_identity":false,"lane_id":"semantic","lane_rank":1,"legacy_chunk_id":"chunk:needle.py:0","raw_score":1.0,"schema_version":1,"scoring_spec":"cosine-exact-v1","source_span":{"end":28,"start":0}},{"document":{"doc_key":"3fd56c438273f4e97d76268fc1e74f7bccba6b16d9f0ef414ca67b0829003e65","doc_version":"09f385ca69393d6173161facbcb1551167f9785fcdd2ccc650f1c531bc0259ed","encoding_key":"02118b2a2349b99c9efe9684d529683cd659e52f1e28e19c864bc915175c7693","entity_key":"f8d3da2a91268bb9b93e59ca9b06d751804a9221f3d218b5a8798fab2dc8e40d"},"exact_identity":false,"lane_id":"semantic","lane_rank":2,"legacy_chunk_id":"chunk:needle.py:1","raw_score":1.0,"schema_version":1,"scoring_spec":"cosine-exact-v1","source_span":{"end":66,"start":28}}],"coverage":{"complete":true,"examined":null,"scope":"hard_scope","total_lower_bound":2},"elapsed_us":3970,"lane_id":"semantic","schema_version":1,"status":"complete","truncation_reason":null,"weight":1.0}],"policy":{"completeness":"all_executed_lane_limits_remain_visible; obligation_role_does_not_erase_partial","deadline_ms":30000,"effective":"semantic","graph_source_mapping":"uid_byte_declaration_document; complete_mapping_is_not_whole_symbol_body_coverage","intent":"locate","lane_timeout_ms":20000,"no_answer":"empty_partial_is_not_absence; no_semantic_absence_claim_from_weak_rank","obligations":[{"lane_id":"exact_symbol","role":"identity","timeout_ms":20000},{"lane_id":"path","role":"identity","timeout_ms":20000},{"lane_id":"lexical","role":"source","timeout_ms":20000},{"lane_id":"grep","role":"source","timeout_ms":20000},{"lane_id":"graph","role":"supporting","timeout_ms":20000},{"lane_id":"semantic","role":"optional_recall","timeout_ms":5000}],"path_source_domain":"canonical_scoped_existing_path_docs; else_bounded_tokens; not_whole_file_coverage","requested":"semantic","semantic_state":"configured","semantic_timeout_ms":5000,"semantic_top_k":24,"version":"query-policy-local-semantic-canonical-path-domain-v4"},"scope":{"budget":{"exact_symbol_candidates":24,"grep_candidates":12,"grep_enabled":true,"grep_scan_cap":20000,"lexical_candidates":24,"path_candidates":24,"rerank_window":40,"top_k":10,"units":"candidate limits count chunks; grep_scan_cap counts decompressions, not SQL work, total memory or time; cached diagnostics describe originating computation, not work repeated on a cache hit"},"hard":{"empty":false,"explicit_file_count":null,"languages":null,"path_prefix":null,"path_prefix_truncated":false,"semantics":"conjunctive_repository_relative_case_sensitive_components; empty means contradictory/explicit-empty constraint, not an inventory count"},"ordering":["exact-target first (identity tier, not an additive score)","rerank_score descending = sum(score_trace)","chunk_id ascending"],"policy":"canonical-scoped-exact-path-domain-compact-context-budget-v22","schema_version":1,"soft":{"contributions":"per-hit score_trace is the additive bill; stage_a_layer_scores explain its capped stage-a component and must not be added twice; raw hint and excluded paths omitted","hint_entries":{"overlay":0,"pinned":0,"recent":0,"working":0},"preselected_count":1,"role":"ranking_and_scan_priority_only"}}},"search_hits":2,"selection":{"facets":{"implementation":2},"input_candidates":2,"intent":"locate","intent_facet_anchors":{},"limit_omitted":0,"original_ranks":[1,2],"overlap":{"fully_covered_candidates":0,"input_bytes":66,"redundant_bytes":0,"unique_bytes":66},"requested_limit":10,"selected":2,"selected_overlap":{"fully_covered_candidates":0,"input_bytes":66,"redundant_bytes":0,"unique_bytes":66},"source_covered_omissions":0,"source_support_anchors":[],"source_support_scope":"literal_program_cue_in_validated_twice_topk_window_only; not_global_uniqueness_or_exact_identity","spec":"anchored-facets-distinctive-source-union-v2","unmet_facets":[]},"source_freshness":{"budget_exhausted":false,"checked_files":1,"dense_manifest_fence":{"checked":2,"skip_disposition":"stale_publication_skipped","skipped":0},"generation":{"evidence_epoch":1,"incarnation":[126,221,2,26,205,66,155,203,68,146,108,151,20,22,72,232],"index_epoch":5,"semantic_epoch":3},"hydrator":"current-document-scope-source-generation-v1","omitted_files":{},"partial":false,"read_budget_charged":66,"scope":"bounded per-file disk verification and optimistic full read generation; not an atomic filesystem snapshot","validation_work":{"candidate_projection_sql":{"fullscan_steps":0,"rows":2,"sorts":0,"statements":1,"vm_steps":76},"coverage":"current final-assembly attempt SELECTs for manifest, symbol identity and candidate projection; excludes prior attempts, transaction control, originating retrieval, generation, dense fence, graph and disk work; not total cost","schema_version":1,"source_records_sql":{"fullscan_steps":0,"rows":10,"sorts":0,"statements":9,"vm_steps":292}},"verified_hits":2}},"intent":"locate","invalidations":[],"machine_pack":{"hits":[{"breadcrumb":"needle","chunk_id":"chunk:needle.py:0","end_line":2,"file_path":"needle.py","fused_score":0.0196078431372549,"graph_score":0.0,"grep_score":0.0,"lane":null,"language":"python","lexical_score":0.0,"metadata":{"document":{"doc_key":"29b2fa88c6d6c8741c47ad873ba80a25c628b882a28ea3cfaa7fcc69e6982938","doc_version":"9ba68969fd43b00f97a9fade36d3cd19b8f57a4b7c6dffacb8c050c2e9b29f62","encoding_key":"78fc8c83484a6639e37e832f30a8eb8310c8ad26eada3a4ec3d936c1f152fede","entity_key":"16a369932cc2a7589f395b34b3b8def8bbad6a04e00672428487964152c26486"},"qname":"needle","source_evidence":{"boundary":"symbol","owner":{"end":28,"start":0},"signature":{"end":18,"start":0},"slice_digest":"c748e325d98b5f174763b313c05ece587900d99690eedbce11f75639788c6b8b","source":{"byte_len":66,"content_digest":"bdb975ad92107a0524d6a7c217816cd1e50bb1d97a36ef892318fbe837bf8857","encoding":"utf8","snapshot_id":"735799399424072b1b6cc95488ff63f55c094da4b32573a4555bf731c014f141"},"span":{"end":28,"start":0}},"source_freshness":{"disk_checked":true,"hydrator":"current-document-scope-source-generation-v1","status":"current_verified"},"stage_a_file_reasons":["fallback-indexed"],"stage_a_file_score":0.2,"stage_a_files_considered":1,"stage_a_layer_scores":[["fallback-indexed",0.2]]},"reasons":["semantic@1","fallback-indexed","preselect:fallback-indexed:+0.20"],"rerank_score":0.027607843137254902,"score_trace":[["rrf:semantic",0.0196078431372549],["boost:stage-a",0.008]],"source":"index","start_line":1,"symbol_kind":"function","symbol_name":"needle","text":"def needle():\n    return 731"},{"breadcrumb":"neighbor","chunk_id":"chunk:needle.py:1","end_line":5,"file_path":"needle.py","fused_score":0.019230769230769232,"graph_score":0.0,"grep_score":0.0,"lane":null,"language":"python","lexical_score":0.0,"metadata":{"document":{"doc_key":"3fd56c438273f4e97d76268fc1e74f7bccba6b16d9f0ef414ca67b0829003e65","doc_version":"09f385ca69393d6173161facbcb1551167f9785fcdd2ccc650f1c531bc0259ed","encoding_key":"02118b2a2349b99c9efe9684d529683cd659e52f1e28e19c864bc915175c7693","entity_key":"f8d3da2a91268bb9b93e59ca9b06d751804a9221f3d218b5a8798fab2dc8e40d"},"qname":"neighbor","source_evidence":{"boundary":"symbol","owner":{"end":65,"start":30},"signature":{"end":50,"start":30},"slice_digest":"dec7813dc4d5e300de152b45e0cb2a89c688f0a75f1501c57aa7eb68130081dd","source":{"byte_len":66,"content_digest":"bdb975ad92107a0524d6a7c217816cd1e50bb1d97a36ef892318fbe837bf8857","encoding":"utf8","snapshot_id":"735799399424072b1b6cc95488ff63f55c094da4b32573a4555bf731c014f141"},"span":{"end":66,"start":28}},"source_freshness":{"disk_checked":true,"hydrator":"current-document-scope-source-generation-v1","status":"current_verified"},"stage_a_file_reasons":["fallback-indexed"],"stage_a_file_score":0.2,"stage_a_files_considered":1,"stage_a_layer_scores":[["fallback-indexed",0.2]]},"reasons":["semantic@2","fallback-indexed","preselect:fallback-indexed:+0.20"],"rerank_score":0.027230769230769232,"score_trace":[["rrf:semantic",0.019230769230769232],["boost:stage-a",0.008]],"source":"index","start_line":2,"symbol_kind":"function","symbol_name":"neighbor","text":"\n\ndef neighbor():\n    return needle()\n"}],"kind":"code_index_context","query":"v18_query_context_marker","repo_size_tier":"Tiny","token_budget":4000,"top_k":10},"nodes":[{"backing_file_path":"needle.py","backing_source":null,"confidence":0.8,"depends_on":[],"end_line":2,"file_path":"needle.py","freshness":null,"invalidation_keys":[],"metadata":{"representation":"machine_hit_reference"},"node_id":"search:chunk:needle.py:0","node_type":"SEARCH_HIT","rank_explanation":null,"reasons":[],"relation":null,"role":"primary","score":0.027607843137254902,"source":"index","source_end_line":2,"source_start_line":1,"span_kind":"reference","start_line":1,"text":"","title":"needle.py needle:1-2","token_estimate":0},{"backing_file_path":"needle.py","backing_source":null,"confidence":0.8,"depends_on":[],"end_line":5,"file_path":"needle.py","freshness":null,"invalidation_keys":[],"metadata":{"representation":"machine_hit_reference"},"node_id":"search:chunk:needle.py:1","node_type":"SEARCH_HIT","rank_explanation":null,"reasons":[],"relation":null,"role":"primary","score":0.027230769230769232,"source":"index","source_end_line":5,"source_start_line":2,"span_kind":"reference","start_line":2,"text":"","title":"needle.py neighbor:2-5","token_estimate":0}],"query":"v18_query_context_marker","reasons":["hybrid search over code index"],"rendered_prompt":"Complete source is in machine_pack.hits; references have no source body.","resolution_freshness":{"basis_epoch":null,"complete":true,"completed_files":0,"index_epoch":5,"reason":null,"retry":null,"root_count":0,"scope":"observed_resolution_invalidations","status":"ready"},"revision":0,"spans":[{"end_line":2,"file_path":"needle.py","label":"needle","node_id":"search:chunk:needle.py:0","start_line":1},{"end_line":5,"file_path":"needle.py","label":"neighbor","node_id":"search:chunk:needle.py:1","start_line":2}],"summary":"Found 2 indexed code result(s) across 1 file(s) for `v18_query_context_marker`.","task":"v18_query_context_marker","token_budget":4000,"token_estimate":3414},"tool":"context"}
[2m2026-10-08T03:53:38.705185Z[0m [32m INFO[0m [2mcc_db::index_migrate[0m[2m:[0m initializing index schema [3mversion[0m[2m=[0m25
[2m2026-10-08T03:53:38.706095Z[0m [32m INFO[0m [2mcc_index::memory_budget[0m[2m:[0m memory budget initialized [3mtotal_ram_mb[0m[2m=[0m15989 [3mbudget_mb[0m[2m=[0m7994 [3mfraction[0m[2m=[0m0.5
[2m2026-10-08T03:53:38.710982Z[0m [32m INFO[0m [2mcc_index::memory_budget[0m[2m:[0m memory budget initialized [3mtotal_ram_mb[0m[2m=[0m15989 [3mbudget_mb[0m[2m=[0m7994 [3mfraction[0m[2m=[0m0.5
V18_JSON {"args":{"retrieval_strategy":"semantic","task":"v18_query_context_marker"},"result":{"evidence_summary":{"files":["needle.py"],"graph_enrichment":{"callees_added":0,"callers_added":0,"symbols_resolved":0,"tests_found":0},"packing":{"compacted":true,"configured_max_bytes":18000,"continuation":"Use files region/expand on retained references; recheck source version.","limit_bytes":16000,"omitted_hits":0,"omitted_nodes":0,"original_hits":2,"original_nodes":2,"partial":false,"spec":"whole-json-intent-facets-source-support-before-incidental-v5","token_estimate_method":"ceil(serialized_utf8_bytes/4); not a tokenizer","used_bytes":13655},"retrieval":{"cost":{"coverage":"originating query work; lexical FTS and hydration SQL here; grep stage SQL in grep.stages; excludes preselection/exact lookup/graph SQL, FTS internal work and storage I/O; not total cost or a hard limit","fused_candidates":2,"hydrate_requested":2,"hydration":{"sql":{"fullscan_steps":0,"rows":10,"sorts":0,"statements":9,"vm_steps":386},"text":{"cache_hits":2,"legacy_auto_reads":0,"storage_reads":0,"utf8_bytes":66,"zstd_decodes":0}},"lane_candidates":{"exact_symbol":0,"graph":0,"grep":0,"lexical":0,"path":0,"semantic":2},"lexical_sql":{"fullscan_steps":0,"rows":0,"sorts":1,"statements":1,"vm_steps":17},"schema_version":1},"grep":{"fallback_scanned":0,"prefilter_failed":false,"prefilter_scanned":0,"reason":null,"scan_cap":20000,"scanned":2,"skipped_duplicates":2,"soft_scanned":2,"stages":[{"stage":"soft","work":{"sql":{"fullscan_steps":0,"rows":2,"sorts":0,"statements":1,"vm_steps":29},"text":{"cache_hits":0,"legacy_auto_reads":0,"storage_reads":2,"utf8_bytes":66,"zstd_decodes":0}}},{"stage":"prefilter","work":{"sql":{"fullscan_steps":0,"rows":0,"sorts":1,"statements":1,"vm_steps":14},"text":{"cache_hits":0,"legacy_auto_reads":0,"storage_reads":0,"utf8_bytes":0,"zstd_decodes":0}}},{"stage":"fallback","work":{"sql":{"fullscan_steps":1,"rows":2,"sorts":0,"statements":1,"vm_steps":23},"text":{"cache_hits":0,"legacy_auto_reads":0,"storage_reads":0,"utf8_bytes":0,"zstd_decodes":0}}}],"status":"complete"},"lanes":[{"candidate_count":0,"candidates":[],"coverage":{"complete":true,"examined":null,"scope":"hard_scope","total_lower_bound":0},"elapsed_us":136,"lane_id":"exact_symbol","schema_version":1,"status":"complete","truncation_reason":null,"weight":1.1},{"candidate_count":0,"candidates":[],"coverage":{"complete":true,"examined":null,"scope":"hard_scope","total_lower_bound":0},"elapsed_us":177,"lane_id":"path","schema_version":1,"status":"complete","truncation_reason":null,"weight":1.0},{"candidate_count":0,"candidates":[],"coverage":{"complete":true,"examined":null,"scope":"hard_scope","total_lower_bound":0},"elapsed_us":100,"lane_id":"lexical","schema_version":1,"status":"complete","truncation_reason":null,"weight":1.1},{"candidate_count":0,"candidates":[],"coverage":{"complete":true,"examined":2,"scope":"hard_scope","total_lower_bound":0},"elapsed_us":2022,"lane_id":"grep","schema_version":1,"status":"complete","truncation_reason":null,"weight":0.8},{"candidate_count":0,"candidates":[],"coverage":{"complete":true,"examined":null,"scope":"hard_scope","total_lower_bound":0},"elapsed_us":282,"lane_id":"graph","schema_version":1,"status":"complete","truncation_reason":null,"weight":0.6},{"candidate_count":2,"candidates":[{"document":{"doc_key":"29b2fa88c6d6c8741c47ad873ba80a25c628b882a28ea3cfaa7fcc69e6982938","doc_version":"9ba68969fd43b00f97a9fade36d3cd19b8f57a4b7c6dffacb8c050c2e9b29f62","encoding_key":"78fc8c83484a6639e37e832f30a8eb8310c8ad26eada3a4ec3d936c1f152fede","entity_key":"16a369932cc2a7589f395b34b3b8def8bbad6a04e00672428487964152c26486"},"exact_identity":false,"lane_id":"semantic","lane_rank":1,"legacy_chunk_id":"chunk:needle.py:0","raw_score":1.0,"schema_version":1,"scoring_spec":"cosine-exact-v1","source_span":{"end":28,"start":0}},{"document":{"doc_key":"3fd56c438273f4e97d76268fc1e74f7bccba6b16d9f0ef414ca67b0829003e65","doc_version":"09f385ca69393d6173161facbcb1551167f9785fcdd2ccc650f1c531bc0259ed","encoding_key":"02118b2a2349b99c9efe9684d529683cd659e52f1e28e19c864bc915175c7693","entity_key":"f8d3da2a91268bb9b93e59ca9b06d751804a9221f3d218b5a8798fab2dc8e40d"},"exact_identity":false,"lane_id":"semantic","lane_rank":2,"legacy_chunk_id":"chunk:needle.py:1","raw_score":1.0,"schema_version":1,"scoring_spec":"cosine-exact-v1","source_span":{"end":66,"start":28}}],"coverage":{"complete":true,"examined":null,"scope":"hard_scope","total_lower_bound":2},"elapsed_us":1246,"lane_id":"semantic","schema_version":1,"status":"complete","truncation_reason":null,"weight":1.0}],"policy":{"completeness":"all_executed_lane_limits_remain_visible; obligation_role_does_not_erase_partial","deadline_ms":30000,"effective":"semantic","graph_source_mapping":"uid_byte_declaration_document; complete_mapping_is_not_whole_symbol_body_coverage","intent":"locate","lane_timeout_ms":20000,"no_answer":"empty_partial_is_not_absence; no_semantic_absence_claim_from_weak_rank","obligations":[{"lane_id":"exact_symbol","role":"identity","timeout_ms":20000},{"lane_id":"path","role":"identity","timeout_ms":20000},{"lane_id":"lexical","role":"source","timeout_ms":20000},{"lane_id":"grep","role":"source","timeout_ms":20000},{"lane_id":"graph","role":"supporting","timeout_ms":20000},{"lane_id":"semantic","role":"optional_recall","timeout_ms":5000}],"path_source_domain":"canonical_scoped_existing_path_docs; else_bounded_tokens; not_whole_file_coverage","requested":"semantic","semantic_state":"configured","semantic_timeout_ms":5000,"semantic_top_k":24,"version":"query-policy-local-semantic-canonical-path-domain-v4"},"scope":{"budget":{"exact_symbol_candidates":24,"grep_candidates":12,"grep_enabled":true,"grep_scan_cap":20000,"lexical_candidates":24,"path_candidates":24,"rerank_window":40,"top_k":10,"units":"candidate limits count chunks; grep_scan_cap counts decompressions, not SQL work, total memory or time; cached diagnostics describe originating computation, not work repeated on a cache hit"},"hard":{"empty":false,"explicit_file_count":null,"languages":null,"path_prefix":null,"path_prefix_truncated":false,"semantics":"conjunctive_repository_relative_case_sensitive_components; empty means contradictory/explicit-empty constraint, not an inventory count"},"ordering":["exact-target first (identity tier, not an additive score)","rerank_score descending = sum(score_trace)","chunk_id ascending"],"policy":"canonical-scoped-exact-path-domain-compact-context-budget-v22","schema_version":1,"soft":{"contributions":"per-hit score_trace is the additive bill; stage_a_layer_scores explain its capped stage-a component and must not be added twice; raw hint and excluded paths omitted","hint_entries":{"overlay":0,"pinned":0,"recent":0,"working":0},"preselected_count":1,"role":"ranking_and_scan_priority_only"}}},"search_hits":2,"selection":{"facets":{"implementation":2},"input_candidates":2,"intent":"locate","intent_facet_anchors":{},"limit_omitted":0,"original_ranks":[1,2],"overlap":{"fully_covered_candidates":0,"input_bytes":66,"redundant_bytes":0,"unique_bytes":66},"requested_limit":10,"selected":2,"selected_overlap":{"fully_covered_candidates":0,"input_bytes":66,"redundant_bytes":0,"unique_bytes":66},"source_covered_omissions":0,"source_support_anchors":[],"source_support_scope":"literal_program_cue_in_validated_twice_topk_window_only; not_global_uniqueness_or_exact_identity","spec":"anchored-facets-distinctive-source-union-v2","unmet_facets":[]},"source_freshness":{"budget_exhausted":false,"checked_files":1,"dense_manifest_fence":{"checked":2,"skip_disposition":"stale_publication_skipped","skipped":0},"generation":{"evidence_epoch":1,"incarnation":[126,221,2,26,205,66,155,203,68,146,108,151,20,22,72,232],"index_epoch":5,"semantic_epoch":3},"hydrator":"current-document-scope-source-generation-v1","omitted_files":{},"partial":false,"read_budget_charged":66,"scope":"bounded per-file disk verification and optimistic full read generation; not an atomic filesystem snapshot","validation_work":{"candidate_projection_sql":{"fullscan_steps":0,"rows":2,"sorts":0,"statements":1,"vm_steps":76},"coverage":"current final-assembly attempt SELECTs for manifest, symbol identity and candidate projection; excludes prior attempts, transaction control, originating retrieval, generation, dense fence, graph and disk work; not total cost","schema_version":1,"source_records_sql":{"fullscan_steps":0,"rows":10,"sorts":0,"statements":9,"vm_steps":292}},"verified_hits":2}},"intent":"locate","invalidations":[],"machine_pack":{"hits":[{"breadcrumb":"needle","chunk_id":"chunk:needle.py:0","end_line":2,"file_path":"needle.py","fused_score":0.0196078431372549,"graph_score":0.0,"grep_score":0.0,"lane":null,"language":"python","lexical_score":0.0,"metadata":{"document":{"doc_key":"29b2fa88c6d6c8741c47ad873ba80a25c628b882a28ea3cfaa7fcc69e6982938","doc_version":"9ba68969fd43b00f97a9fade36d3cd19b8f57a4b7c6dffacb8c050c2e9b29f62","encoding_key":"78fc8c83484a6639e37e832f30a8eb8310c8ad26eada3a4ec3d936c1f152fede","entity_key":"16a369932cc2a7589f395b34b3b8def8bbad6a04e00672428487964152c26486"},"qname":"needle","source_evidence":{"boundary":"symbol","owner":{"end":28,"start":0},"signature":{"end":18,"start":0},"slice_digest":"c748e325d98b5f174763b313c05ece587900d99690eedbce11f75639788c6b8b","source":{"byte_len":66,"content_digest":"bdb975ad92107a0524d6a7c217816cd1e50bb1d97a36ef892318fbe837bf8857","encoding":"utf8","snapshot_id":"735799399424072b1b6cc95488ff63f55c094da4b32573a4555bf731c014f141"},"span":{"end":28,"start":0}},"source_freshness":{"disk_checked":true,"hydrator":"current-document-scope-source-generation-v1","status":"current_verified"},"stage_a_file_reasons":["fallback-indexed"],"stage_a_file_score":0.2,"stage_a_files_considered":1,"stage_a_layer_scores":[["fallback-indexed",0.2]]},"reasons":["semantic@1","fallback-indexed","preselect:fallback-indexed:+0.20"],"rerank_score":0.027607843137254902,"score_trace":[["rrf:semantic",0.0196078431372549],["boost:stage-a",0.008]],"source":"index","start_line":1,"symbol_kind":"function","symbol_name":"needle","text":"def needle():\n    return 731"},{"breadcrumb":"neighbor","chunk_id":"chunk:needle.py:1","end_line":5,"file_path":"needle.py","fused_score":0.019230769230769232,"graph_score":0.0,"grep_score":0.0,"lane":null,"language":"python","lexical_score":0.0,"metadata":{"document":{"doc_key":"3fd56c438273f4e97d76268fc1e74f7bccba6b16d9f0ef414ca67b0829003e65","doc_version":"09f385ca69393d6173161facbcb1551167f9785fcdd2ccc650f1c531bc0259ed","encoding_key":"02118b2a2349b99c9efe9684d529683cd659e52f1e28e19c864bc915175c7693","entity_key":"f8d3da2a91268bb9b93e59ca9b06d751804a9221f3d218b5a8798fab2dc8e40d"},"qname":"neighbor","source_evidence":{"boundary":"symbol","owner":{"end":65,"start":30},"signature":{"end":50,"start":30},"slice_digest":"dec7813dc4d5e300de152b45e0cb2a89c688f0a75f1501c57aa7eb68130081dd","source":{"byte_len":66,"content_digest":"bdb975ad92107a0524d6a7c217816cd1e50bb1d97a36ef892318fbe837bf8857","encoding":"utf8","snapshot_id":"735799399424072b1b6cc95488ff63f55c094da4b32573a4555bf731c014f141"},"span":{"end":66,"start":28}},"source_freshness":{"disk_checked":true,"hydrator":"current-document-scope-source-generation-v1","status":"current_verified"},"stage_a_file_reasons":["fallback-indexed"],"stage_a_file_score":0.2,"stage_a_files_considered":1,"stage_a_layer_scores":[["fallback-indexed",0.2]]},"reasons":["semantic@2","fallback-indexed","preselect:fallback-indexed:+0.20"],"rerank_score":0.027230769230769232,"score_trace":[["rrf:semantic",0.019230769230769232],["boost:stage-a",0.008]],"source":"index","start_line":2,"symbol_kind":"function","symbol_name":"neighbor","text":"\n\ndef neighbor():\n    return needle()\n"}],"kind":"code_index_context","query":"v18_query_context_marker","repo_size_tier":"Tiny","token_budget":4000,"top_k":10},"nodes":[{"backing_file_path":"needle.py","backing_source":null,"confidence":0.8,"depends_on":[],"end_line":2,"file_path":"needle.py","freshness":null,"invalidation_keys":[],"metadata":{"representation":"machine_hit_reference"},"node_id":"search:chunk:needle.py:0","node_type":"SEARCH_HIT","rank_explanation":null,"reasons":[],"relation":null,"role":"primary","score":0.027607843137254902,"source":"index","source_end_line":2,"source_start_line":1,"span_kind":"reference","start_line":1,"text":"","title":"needle.py needle:1-2","token_estimate":0},{"backing_file_path":"needle.py","backing_source":null,"confidence":0.8,"depends_on":[],"end_line":5,"file_path":"needle.py","freshness":null,"invalidation_keys":[],"metadata":{"representation":"machine_hit_reference"},"node_id":"search:chunk:needle.py:1","node_type":"SEARCH_HIT","rank_explanation":null,"reasons":[],"relation":null,"role":"primary","score":0.027230769230769232,"source":"index","source_end_line":5,"source_start_line":2,"span_kind":"reference","start_line":2,"text":"","title":"needle.py neighbor:2-5","token_estimate":0}],"query":"v18_query_context_marker","reasons":["hybrid search over code index"],"rendered_prompt":"Complete source is in machine_pack.hits; references have no source body.","resolution_freshness":{"basis_epoch":null,"complete":true,"completed_files":0,"index_epoch":5,"reason":null,"retry":null,"root_count":0,"scope":"observed_resolution_invalidations","status":"ready"},"revision":0,"spans":[{"end_line":2,"file_path":"needle.py","label":"needle","node_id":"search:chunk:needle.py:0","start_line":1},{"end_line":5,"file_path":"needle.py","label":"neighbor","node_id":"search:chunk:needle.py:1","start_line":2}],"summary":"Found 2 indexed code result(s) across 1 file(s) for `v18_query_context_marker`.","task":"v18_query_context_marker","token_budget":4000,"token_estimate":3414},"tool":"context"}
V18_JSON {"document_http_calls":2,"only_loopback":true,"query_http_calls":2,"real_credentials":false,"requests":[{"encoding_format":"float","input":["CODECORTEX_EMBED_V1\nmetadata: {\"language\":\"python\",\"metadata_truncated\":false,\"parent\":\"needle\",\"path\":\"needle.py\",\"signature\":\"def needle():\\n    \",\"source_span\":{\"end\":28,\"start\":0}}\nsource:\ndef needle():\n    return 731"],"model":"synthetic-v18-contract"},{"encoding_format":"float","input":["CODECORTEX_EMBED_V1\nmetadata: {\"language\":\"python\",\"metadata_truncated\":false,\"parent\":\"neighbor\",\"path\":\"needle.py\",\"signature\":\"def neighbor():\\n    \",\"source_span\":{\"end\":66,\"start\":28}}\nsource:\n\n\ndef neighbor():\n    return needle()\n"],"model":"synthetic-v18-contract"},{"encoding_format":"float","input":["v18_query_search_marker"],"model":"synthetic-v18-contract"},{"encoding_format":"float","input":["v18_query_context_marker"],"model":"synthetic-v18-contract"}],"synthetic_vectors":true}
[2m2026-10-08T03:53:38.713432Z[0m [32m INFO[0m [1mserve_inner[0m[2m:[0m [2mrmcp::service[0m[2m:[0m input stream terminated
[2m2026-10-08T03:53:38.713808Z[0m [32m INFO[0m [1mserve_inner[0m[2m:[0m [2mrmcp::service[0m[2m:[0m serve finished [3mquit_reason[0m[2m=[0mClosed
V18_JSON {"args":{"full":true,"path":"/tmp/.tmp9nNsGB/project"},"result":{"build_explain":{"gate_decisions":[{"pass":"synthesis_round","reason":"both signatures changed","run":true},{"pass":"community","reason":"full rebuild","run":true},{"pass":"git_cochange","reason":"cache key unavailable","run":true},{"pass":"infra","reason":"signature algorithm changed","run":true},{"pass":"adr","reason":"no recorded signature","run":true}]},"chunk_policy":{"bytes":16384,"chars":16384,"estimated_tokens":4096,"lines":80,"merge_min_bytes":256},"chunks_total":2,"dirty_plan":{"dependency_sql":{"fullscan_steps":0,"rows":0,"sorts":0,"statements":0,"vm_steps":0},"file_budget":0,"parsed_files":1,"reasons":[],"rebased":false,"resumed":false,"selected_dependents":0},"document_changes":{"files_projected":1,"removed":0,"render_failed":0,"reusable_inputs":0,"unchanged":0,"upserted":2},"elapsed_ms":194,"files_added":1,"files_parsed":1,"files_removed":0,"files_scanned":1,"files_skipped":0,"files_updated":0,"parse_errors":[],"phase_timing":{"analysis_ms":3,"parse_ms":22,"postprocess_ms":1,"resolve_ms":0,"scan_diff_ms":3,"write_ms":31},"project_model":{"catalog_files":1,"changed_configs":[],"config_inputs":0,"config_parse_cache_hits":0,"config_reads":0,"config_root_probes":5,"config_roots":0,"diagnostics":[],"go_fact_cache_hits":0,"go_source_reads":0,"input_digest":"6608a5a5cd33639a82b1be8d943f3148241d6520b8e0d9930909feaaf0ec5b8c","inventory_source":"shared_walk","modes":[],"rust_fact_cache_hits":0,"rust_source_reads":0,"version":3},"public_surface_coverage":{"known":1,"known_empty":0,"parsed_files":1,"unknown":0,"unknown_reasons":{}},"resolution_coverage":{"ambiguous":0,"incomplete_files":0,"modules_ambiguous":0,"modules_external":0,"modules_resolved":0,"modules_unknown":0,"modules_unresolved":0,"modules_unsupported":0,"omitted_records":0,"packages_resolved":0,"processed_files":1,"resolved":2,"unresolved":0,"unsupported":0},"resolution_freshness":{"basis_epoch":null,"complete":true,"completed_files":0,"index_epoch":5,"reason":null,"retry":null,"root_count":0,"scope":"observed_resolution_invalidations","status":"ready"},"symbols_total":2,"used_parallel_parse":false},"tool":"index"}
[2m2026-10-08T03:53:38.715572Z[0m [32m INFO[0m [2mcc_server::mcp[0m[2m:[0m MCP server shut down gracefully
V18_JSON {"args":{"aspect":"capabilities"},"result":{"capabilities":{"graph":true,"impact":true,"search":true},"has_index":true,"has_project":true,"indexed_files":1,"indexed_symbols":2,"resolution_freshness":{"basis_epoch":null,"complete":true,"completed_files":0,"index_epoch":5,"reason":null,"retry":null,"root_count":0,"scope":"observed_resolution_invalidations","status":"ready"},"retrieval":{"consistency":"point_in_time","default_effective_strategy":"auto","default_query_state":"available_with_per_query_checks","default_strategy":"auto","dense_reason":"semantic_no_active_space","dense_state":"disabled","diagnostic_sources":{"build":"BuildExplain on index response","graph":"GraphExplain on query response","lanes":"evidence_summary.retrieval.lanes or lane_receipts","packing":"evidence_summary.packing","selection":"evidence_summary.selection","semantic":"evidence_summary.retrieval.semantic (dense lane receipt projection)","source":"evidence_summary.source_freshness"},"execution":{"async_admitted":0,"async_in_flight":0,"async_limit":8,"completed":0,"cpu_admitted":0,"cpu_in_flight":0,"cpu_limit":4,"queue_limit":32,"rejected":0},"execution_scope":"process_shared_not_project_local","generation":{"evidence_epoch":1,"incarnation":[95,182,132,223,254,46,147,63,4,237,213,52,135,31,151,207],"index_epoch":5,"semantic_epoch":null},"generation_scope":"observed_database_snapshot","identity_validation":"checked_at_observation_boundary","index_state":"available","local_state":"available","pin_scope":"owned_query_views_including_inflight_clones_not_request_count","query_coverage":{"scope":"per_query_not_global","state":"not_measured"},"query_encoding":{"configured_opt_in":true,"network_authorized":false,"reason":"network_opt_in_required","request_scope":"nonlocal_nonempty_only"},"query_pins":0,"resolution_freshness":{"basis_epoch":null,"complete":true,"completed_files":0,"index_epoch":5,"reason":null,"retry":null,"root_count":0,"scope":"observed_resolution_invalidations","status":"ready"},"semantic_active_space":null,"semantic_state":"port_attached_unverified","service_state_scope":"process_observed_separately","spec":"retrieval-capabilities-v2"}},"tool":"status"}
[2m2026-10-08T03:53:38.725602Z[0m [32m INFO[0m [2mcc_db::index_db_rebuild[0m[2m:[0m full rebuild: writing data to temp database
[2m2026-10-08T03:53:38.729044Z[0m [32m INFO[0m [2mcc_db::index_db_rebuild[0m[2m:[0m full rebuild: recreating indexes
[2m2026-10-08T03:53:38.732054Z[0m [32m INFO[0m [1mserve_inner[0m[2m:[0m [2mrmcp::service[0m[2m:[0m Service initialized as server [3mpeer_info[0m[2m=[0mSome(InitializeRequestParams { meta: None, protocol_version: ProtocolVersion("2025-11-25"), capabilities: ClientCapabilities { experimental: None, extensions: None, roots: None, sampling: None, elicitation: None, tasks: None }, client_info: Implementation { name: "rmcp", title: None, version: "2.2.0", description: None, icons: None, website_url: None } })
[2m2026-10-08T03:53:38.732134Z[0m [32m INFO[0m [2mcc_server::mcp[0m[2m:[0m MCP server started on stdio
test query_network_contract::explicit_authority_encodes_public_search_and_context_and_reuses_cache ... ok
[2m2026-10-08T03:53:38.733241Z[0m [32m INFO[0m [1mserve_inner[0m[2m:[0m [2mrmcp::service[0m[2m:[0m received notification [3mnotification[0m[2m=[0mInitializedNotification(NotificationNoParam { method: InitializedNotificationMethod, extensions: Extensions })
[2m2026-10-08T03:53:38.733567Z[0m [32m INFO[0m [1mserve_inner[0m[2m:[0m [2mrmcp::handler::server[0m[2m:[0m client initialized
[2m2026-10-08T03:53:38.734028Z[0m [32m INFO[0m [2mcc_index::memory_budget[0m[2m:[0m memory budget initialized [3mtotal_ram_mb[0m[2m=[0m15989 [3mbudget_mb[0m[2m=[0m7994 [3mfraction[0m[2m=[0m0.5
V18_JSON {"args":{"query":"v18_query_gate_network_off_search","retrieval_strategy":"auto"},"result":{"evidence_summary":{"files":[],"graph_enrichment":{"callees_added":0,"callers_added":0,"symbols_resolved":0,"tests_found":0},"packing":{"compacted":false,"configured_max_bytes":18000,"continuation":"Use files region/expand on retained references; recheck source version.","limit_bytes":16000,"omitted_hits":0,"omitted_nodes":0,"original_hits":0,"original_nodes":0,"partial":false,"spec":"whole-json-intent-facets-source-support-before-incidental-v5","token_estimate_method":"ceil(serialized_utf8_bytes/4); not a tokenizer","used_bytes":8150},"retrieval":{"cost":{"coverage":"originating query work; lexical FTS and hydration SQL here; grep stage SQL in grep.stages; excludes preselection/exact lookup/graph SQL, FTS internal work and storage I/O; not total cost or a hard limit","fused_candidates":0,"hydrate_requested":0,"hydration":{"sql":{"fullscan_steps":0,"rows":0,"sorts":0,"statements":0,"vm_steps":0},"text":{"cache_hits":0,"legacy_auto_reads":0,"storage_reads":0,"utf8_bytes":0,"zstd_decodes":0}},"lane_candidates":{"exact_symbol":0,"graph":0,"grep":0,"lexical":0,"path":0,"semantic":0},"lexical_sql":{"fullscan_steps":0,"rows":0,"sorts":1,"statements":1,"vm_steps":17},"schema_version":1},"grep":{"fallback_scanned":0,"prefilter_failed":false,"prefilter_scanned":0,"reason":null,"scan_cap":20000,"scanned":2,"skipped_duplicates":2,"soft_scanned":2,"stages":[{"stage":"soft","work":{"sql":{"fullscan_steps":0,"rows":2,"sorts":0,"statements":1,"vm_steps":29},"text":{"cache_hits":0,"legacy_auto_reads":0,"storage_reads":2,"utf8_bytes":66,"zstd_decodes":0}}},{"stage":"prefilter","work":{"sql":{"fullscan_steps":0,"rows":0,"sorts":1,"statements":1,"vm_steps":14},"text":{"cache_hits":0,"legacy_auto_reads":0,"storage_reads":0,"utf8_bytes":0,"zstd_decodes":0}}},{"stage":"fallback","work":{"sql":{"fullscan_steps":1,"rows":2,"sorts":0,"statements":1,"vm_steps":23},"text":{"cache_hits":0,"legacy_auto_reads":0,"storage_reads":0,"utf8_bytes":0,"zstd_decodes":0}}}],"status":"complete"},"lanes":[{"candidate_count":0,"candidates":[],"coverage":{"complete":true,"examined":null,"scope":"hard_scope","total_lower_bound":0},"elapsed_us":202,"lane_id":"exact_symbol","schema_version":1,"status":"complete","truncation_reason":null,"weight":1.1},{"candidate_count":0,"candidates":[],"coverage":{"complete":true,"examined":null,"scope":"hard_scope","total_lower_bound":0},"elapsed_us":253,"lane_id":"path","schema_version":1,"status":"complete","truncation_reason":null,"weight":1.0},{"candidate_count":0,"candidates":[],"coverage":{"complete":true,"examined":null,"scope":"hard_scope","total_lower_bound":0},"elapsed_us":240,"lane_id":"lexical","schema_version":1,"status":"complete","truncation_reason":null,"weight":1.1},{"candidate_count":0,"candidates":[],"coverage":{"complete":true,"examined":2,"scope":"hard_scope","total_lower_bound":0},"elapsed_us":3068,"lane_id":"grep","schema_version":1,"status":"complete","truncation_reason":null,"weight":0.8},{"candidate_count":0,"candidates":[],"coverage":{"complete":true,"examined":null,"scope":"hard_scope","total_lower_bound":0},"elapsed_us":312,"lane_id":"graph","schema_version":1,"status":"complete","truncation_reason":null,"weight":0.6},{"candidate_count":0,"candidates":[],"coverage":{"complete":false,"examined":null,"scope":"hard_scope","total_lower_bound":0},"elapsed_us":286,"lane_id":"semantic","schema_version":1,"status":"unavailable","truncation_reason":"query_vector_not_encoded","weight":1.0}],"policy":{"completeness":"all_executed_lane_limits_remain_visible; obligation_role_does_not_erase_partial","deadline_ms":30000,"effective":"auto","graph_source_mapping":"uid_byte_declaration_document; complete_mapping_is_not_whole_symbol_body_coverage","intent":"locate","lane_timeout_ms":20000,"no_answer":"empty_partial_is_not_absence; no_semantic_absence_claim_from_weak_rank","obligations":[{"lane_id":"exact_symbol","role":"identity","timeout_ms":20000},{"lane_id":"path","role":"identity","timeout_ms":20000},{"lane_id":"lexical","role":"source","timeout_ms":20000},{"lane_id":"grep","role":"source","timeout_ms":20000},{"lane_id":"graph","role":"supporting","timeout_ms":20000},{"lane_id":"semantic","role":"optional_recall","timeout_ms":5000}],"path_source_domain":"canonical_scoped_existing_path_docs; else_bounded_tokens; not_whole_file_coverage","requested":"auto","semantic_state":"configured","semantic_timeout_ms":5000,"semantic_top_k":24,"version":"query-policy-local-semantic-canonical-path-domain-v4"},"scope":{"budget":{"exact_symbol_candidates":24,"grep_candidates":12,"grep_enabled":true,"grep_scan_cap":20000,"lexical_candidates":24,"path_candidates":24,"rerank_window":40,"top_k":10,"units":"candidate limits count chunks; grep_scan_cap counts decompressions, not SQL work, total memory or time; cached diagnostics describe originating computation, not work repeated on a cache hit"},"hard":{"empty":false,"explicit_file_count":null,"languages":null,"path_prefix":null,"path_prefix_truncated":false,"semantics":"conjunctive_repository_relative_case_sensitive_components; empty means contradictory/explicit-empty constraint, not an inventory count"},"ordering":["exact-target first (identity tier, not an additive score)","rerank_score descending = sum(score_trace)","chunk_id ascending"],"policy":"canonical-scoped-exact-path-domain-compact-context-budget-v22","schema_version":1,"soft":{"contributions":"per-hit score_trace is the additive bill; stage_a_layer_scores explain its capped stage-a component and must not be added twice; raw hint and excluded paths omitted","hint_entries":{"overlay":0,"pinned":0,"recent":0,"working":0},"preselected_count":1,"role":"ranking_and_scan_priority_only"}}},"search_hits":0,"selection":{"facets":{},"input_candidates":0,"intent":"locate","intent_facet_anchors":{},"limit_omitted":0,"original_ranks":[],"overlap":{"fully_covered_candidates":0,"input_bytes":0,"redundant_bytes":0,"unique_bytes":0},"requested_limit":10,"selected":0,"selected_overlap":{"fully_covered_candidates":0,"input_bytes":0,"redundant_bytes":0,"unique_bytes":0},"source_covered_omissions":0,"source_support_anchors":[],"source_support_scope":"literal_program_cue_in_validated_twice_topk_window_only; not_global_uniqueness_or_exact_identity","spec":"anchored-facets-distinctive-source-union-v2","unmet_facets":[]},"source_freshness":{"budget_exhausted":false,"checked_files":0,"dense_manifest_fence":{"checked":0,"skip_disposition":"stale_publication_skipped","skipped":0},"generation":{"evidence_epoch":1,"incarnation":[95,182,132,223,254,46,147,63,4,237,213,52,135,31,151,207],"index_epoch":5,"semantic_epoch":null},"hydrator":"current-document-scope-source-generation-v1","omitted_files":{},"partial":false,"read_budget_charged":0,"scope":"bounded per-file disk verification and optimistic full read generation; not an atomic filesystem snapshot","validation_work":{"candidate_projection_sql":{"fullscan_steps":0,"rows":0,"sorts":0,"statements":0,"vm_steps":0},"coverage":"current final-assembly attempt SELECTs for manifest, symbol identity and candidate projection; excludes prior attempts, transaction control, originating retrieval, generation, dense fence, graph and disk work; not total cost","schema_version":1,"source_records_sql":{"fullscan_steps":0,"rows":0,"sorts":0,"statements":0,"vm_steps":0}},"verified_hits":0}},"intent":"locate","invalidations":[],"machine_pack":{"hits":[],"kind":"code_index_context","query":"v18_query_gate_network_off_search","repo_size_tier":"Tiny","token_budget":4000,"top_k":10},"nodes":[],"query":"v18_query_gate_network_off_search","reasons":["hybrid search over code index"],"rendered_prompt":"Task: code-index search\nIntent: locate\nQuery: v18_query_gate_network_off_search\n\n","resolution_freshness":{"basis_epoch":null,"complete":true,"completed_files":0,"index_epoch":5,"reason":null,"retry":null,"root_count":0,"scope":"observed_resolution_invalidations","status":"ready"},"revision":0,"spans":[],"summary":"No results found within the scan budget for `v18_query_gate_network_off_search`; retrieval is incomplete.","task":"v18_query_gate_network_off_search","token_budget":4000,"token_estimate":2038},"tool":"search"}
V18_JSON {"args":{"retrieval_strategy":"auto","task":"v18_query_gate_network_off_context"},"result":{"evidence_summary":{"files":[],"graph_enrichment":{"callees_added":0,"callers_added":0,"symbols_resolved":0,"tests_found":0},"packing":{"compacted":false,"configured_max_bytes":18000,"continuation":"Use files region/expand on retained references; recheck source version.","limit_bytes":16000,"omitted_hits":0,"omitted_nodes":0,"original_hits":0,"original_nodes":0,"partial":false,"spec":"whole-json-intent-facets-source-support-before-incidental-v5","token_estimate_method":"ceil(serialized_utf8_bytes/4); not a tokenizer","used_bytes":8155},"retrieval":{"cost":{"coverage":"originating query work; lexical FTS and hydration SQL here; grep stage SQL in grep.stages; excludes preselection/exact lookup/graph SQL, FTS internal work and storage I/O; not total cost or a hard limit","fused_candidates":0,"hydrate_requested":0,"hydration":{"sql":{"fullscan_steps":0,"rows":0,"sorts":0,"statements":0,"vm_steps":0},"text":{"cache_hits":0,"legacy_auto_reads":0,"storage_reads":0,"utf8_bytes":0,"zstd_decodes":0}},"lane_candidates":{"exact_symbol":0,"graph":0,"grep":0,"lexical":0,"path":0,"semantic":0},"lexical_sql":{"fullscan_steps":0,"rows":0,"sorts":1,"statements":1,"vm_steps":17},"schema_version":1},"grep":{"fallback_scanned":0,"prefilter_failed":false,"prefilter_scanned":0,"reason":null,"scan_cap":20000,"scanned":2,"skipped_duplicates":2,"soft_scanned":2,"stages":[{"stage":"soft","work":{"sql":{"fullscan_steps":0,"rows":2,"sorts":0,"statements":1,"vm_steps":29},"text":{"cache_hits":0,"legacy_auto_reads":0,"storage_reads":2,"utf8_bytes":66,"zstd_decodes":0}}},{"stage":"prefilter","work":{"sql":{"fullscan_steps":0,"rows":0,"sorts":1,"statements":1,"vm_steps":14},"text":{"cache_hits":0,"legacy_auto_reads":0,"storage_reads":0,"utf8_bytes":0,"zstd_decodes":0}}},{"stage":"fallback","work":{"sql":{"fullscan_steps":1,"rows":2,"sorts":0,"statements":1,"vm_steps":23},"text":{"cache_hits":0,"legacy_auto_reads":0,"storage_reads":0,"utf8_bytes":0,"zstd_decodes":0}}}],"status":"complete"},"lanes":[{"candidate_count":0,"candidates":[],"coverage":{"complete":true,"examined":null,"scope":"hard_scope","total_lower_bound":0},"elapsed_us":149,"lane_id":"exact_symbol","schema_version":1,"status":"complete","truncation_reason":null,"weight":1.1},{"candidate_count":0,"candidates":[],"coverage":{"complete":true,"examined":null,"scope":"hard_scope","total_lower_bound":0},"elapsed_us":300,"lane_id":"path","schema_version":1,"status":"complete","truncation_reason":null,"weight":1.0},{"candidate_count":0,"candidates":[],"coverage":{"complete":true,"examined":null,"scope":"hard_scope","total_lower_bound":0},"elapsed_us":187,"lane_id":"lexical","schema_version":1,"status":"complete","truncation_reason":null,"weight":1.1},{"candidate_count":0,"candidates":[],"coverage":{"complete":true,"examined":2,"scope":"hard_scope","total_lower_bound":0},"elapsed_us":1663,"lane_id":"grep","schema_version":1,"status":"complete","truncation_reason":null,"weight":0.8},{"candidate_count":0,"candidates":[],"coverage":{"complete":true,"examined":null,"scope":"hard_scope","total_lower_bound":0},"elapsed_us":325,"lane_id":"graph","schema_version":1,"status":"complete","truncation_reason":null,"weight":0.6},{"candidate_count":0,"candidates":[],"coverage":{"complete":false,"examined":null,"scope":"hard_scope","total_lower_bound":0},"elapsed_us":208,"lane_id":"semantic","schema_version":1,"status":"unavailable","truncation_reason":"query_vector_not_encoded","weight":1.0}],"policy":{"completeness":"all_executed_lane_limits_remain_visible; obligation_role_does_not_erase_partial","deadline_ms":30000,"effective":"auto","graph_source_mapping":"uid_byte_declaration_document; complete_mapping_is_not_whole_symbol_body_coverage","intent":"locate","lane_timeout_ms":20000,"no_answer":"empty_partial_is_not_absence; no_semantic_absence_claim_from_weak_rank","obligations":[{"lane_id":"exact_symbol","role":"identity","timeout_ms":20000},{"lane_id":"path","role":"identity","timeout_ms":20000},{"lane_id":"lexical","role":"source","timeout_ms":20000},{"lane_id":"grep","role":"source","timeout_ms":20000},{"lane_id":"graph","role":"supporting","timeout_ms":20000},{"lane_id":"semantic","role":"optional_recall","timeout_ms":5000}],"path_source_domain":"canonical_scoped_existing_path_docs; else_bounded_tokens; not_whole_file_coverage","requested":"auto","semantic_state":"configured","semantic_timeout_ms":5000,"semantic_top_k":24,"version":"query-policy-local-semantic-canonical-path-domain-v4"},"scope":{"budget":{"exact_symbol_candidates":24,"grep_candidates":12,"grep_enabled":true,"grep_scan_cap":20000,"lexical_candidates":24,"path_candidates":24,"rerank_window":40,"top_k":10,"units":"candidate limits count chunks; grep_scan_cap counts decompressions, not SQL work, total memory or time; cached diagnostics describe originating computation, not work repeated on a cache hit"},"hard":{"empty":false,"explicit_file_count":null,"languages":null,"path_prefix":null,"path_prefix_truncated":false,"semantics":"conjunctive_repository_relative_case_sensitive_components; empty means contradictory/explicit-empty constraint, not an inventory count"},"ordering":["exact-target first (identity tier, not an additive score)","rerank_score descending = sum(score_trace)","chunk_id ascending"],"policy":"canonical-scoped-exact-path-domain-compact-context-budget-v22","schema_version":1,"soft":{"contributions":"per-hit score_trace is the additive bill; stage_a_layer_scores explain its capped stage-a component and must not be added twice; raw hint and excluded paths omitted","hint_entries":{"overlay":0,"pinned":0,"recent":0,"working":0},"preselected_count":1,"role":"ranking_and_scan_priority_only"}}},"search_hits":0,"selection":{"facets":{},"input_candidates":0,"intent":"locate","intent_facet_anchors":{},"limit_omitted":0,"original_ranks":[],"overlap":{"fully_covered_candidates":0,"input_bytes":0,"redundant_bytes":0,"unique_bytes":0},"requested_limit":10,"selected":0,"selected_overlap":{"fully_covered_candidates":0,"input_bytes":0,"redundant_bytes":0,"unique_bytes":0},"source_covered_omissions":0,"source_support_anchors":[],"source_support_scope":"literal_program_cue_in_validated_twice_topk_window_only; not_global_uniqueness_or_exact_identity","spec":"anchored-facets-distinctive-source-union-v2","unmet_facets":[]},"source_freshness":{"budget_exhausted":false,"checked_files":0,"dense_manifest_fence":{"checked":0,"skip_disposition":"stale_publication_skipped","skipped":0},"generation":{"evidence_epoch":1,"incarnation":[95,182,132,223,254,46,147,63,4,237,213,52,135,31,151,207],"index_epoch":5,"semantic_epoch":null},"hydrator":"current-document-scope-source-generation-v1","omitted_files":{},"partial":false,"read_budget_charged":0,"scope":"bounded per-file disk verification and optimistic full read generation; not an atomic filesystem snapshot","validation_work":{"candidate_projection_sql":{"fullscan_steps":0,"rows":0,"sorts":0,"statements":0,"vm_steps":0},"coverage":"current final-assembly attempt SELECTs for manifest, symbol identity and candidate projection; excludes prior attempts, transaction control, originating retrieval, generation, dense fence, graph and disk work; not total cost","schema_version":1,"source_records_sql":{"fullscan_steps":0,"rows":0,"sorts":0,"statements":0,"vm_steps":0}},"verified_hits":0}},"intent":"locate","invalidations":[],"machine_pack":{"hits":[],"kind":"code_index_context","query":"v18_query_gate_network_off_context","repo_size_tier":"Tiny","token_budget":4000,"top_k":10},"nodes":[],"query":"v18_query_gate_network_off_context","reasons":["hybrid search over code index"],"rendered_prompt":"Task: code-index search\nIntent: locate\nQuery: v18_query_gate_network_off_context\n\n","resolution_freshness":{"basis_epoch":null,"complete":true,"completed_files":0,"index_epoch":5,"reason":null,"retry":null,"root_count":0,"scope":"observed_resolution_invalidations","status":"ready"},"revision":0,"spans":[],"summary":"No results found within the scan budget for `v18_query_gate_network_off_context`; retrieval is incomplete.","task":"v18_query_gate_network_off_context","token_budget":4000,"token_estimate":2039},"tool":"context"}
V18_JSON {"document_http_calls":0,"only_loopback":true,"query_http_calls":0,"real_credentials":false,"requests":[],"synthetic_vectors":true}
[2m2026-10-08T03:53:38.750412Z[0m [32m INFO[0m [1mserve_inner[0m[2m:[0m [2mrmcp::service[0m[2m:[0m input stream terminated
[2m2026-10-08T03:53:38.750518Z[0m [32m INFO[0m [1mserve_inner[0m[2m:[0m [2mrmcp::service[0m[2m:[0m serve finished [3mquit_reason[0m[2m=[0mClosed
[2m2026-10-08T03:53:38.750746Z[0m [32m INFO[0m [2mcc_server::mcp[0m[2m:[0m MCP server shut down gracefully
[2m2026-10-08T03:53:38.755284Z[0m [32m INFO[0m [2mcc_db::index_migrate[0m[2m:[0m initializing index schema [3mversion[0m[2m=[0m25
[2m2026-10-08T03:53:38.755817Z[0m [32m INFO[0m [2mcc_db::index_db_rebuild[0m[2m:[0m full rebuild: temp database ready for swap
[2m2026-10-08T03:53:38.756005Z[0m [32m INFO[0m [2mcc_index::memory_budget[0m[2m:[0m memory budget initialized [3mtotal_ram_mb[0m[2m=[0m15989 [3mbudget_mb[0m[2m=[0m7994 [3mfraction[0m[2m=[0m0.5
[2m2026-10-08T03:53:38.769805Z[0m [32m INFO[0m [2mcc_db::index_db_rebuild[0m[2m:[0m full rebuild: creating temp database [3mtmp[0m[2m=[0m/tmp/.tmpH7kicx/project/.codecortex/index.sqlite3.tmp
[2m2026-10-08T03:53:38.772163Z[0m [32m INFO[0m [2mcc_db::index_migrate[0m[2m:[0m initializing index schema [3mversion[0m[2m=[0m25
[2m2026-10-08T03:53:38.777239Z[0m [32m INFO[0m [1mserve_inner[0m[2m:[0m [2mrmcp::service[0m[2m:[0m Service initialized as server [3mpeer_info[0m[2m=[0mSome(InitializeRequestParams { meta: None, protocol_version: ProtocolVersion("2025-11-25"), capabilities: ClientCapabilities { experimental: None, extensions: None, roots: None, sampling: None, elicitation: None, tasks: None }, client_info: Implementation { name: "rmcp", title: None, version: "2.2.0", description: None, icons: None, website_url: None } })
[2m2026-10-08T03:53:38.777589Z[0m [32m INFO[0m [1mserve_inner[0m[2m:[0m [2mrmcp::service[0m[2m:[0m received notification [3mnotification[0m[2m=[0mInitializedNotification(NotificationNoParam { method: InitializedNotificationMethod, extensions: Extensions })
[2m2026-10-08T03:53:38.777951Z[0m [32m INFO[0m [1mserve_inner[0m[2m:[0m [2mrmcp::handler::server[0m[2m:[0m client initialized
[2m2026-10-08T03:53:38.778048Z[0m [32m INFO[0m [2mcc_server::mcp[0m[2m:[0m MCP server started on stdio
[2m2026-10-08T03:53:38.779197Z[0m [32m INFO[0m [2mcc_index::memory_budget[0m[2m:[0m memory budget initialized [3mtotal_ram_mb[0m[2m=[0m15989 [3mbudget_mb[0m[2m=[0m7994 [3mfraction[0m[2m=[0m0.5
[2m2026-10-08T03:53:38.783213Z[0m [32m INFO[0m [2mcc_index::memory_budget[0m[2m:[0m memory budget initialized [3mtotal_ram_mb[0m[2m=[0m15989 [3mbudget_mb[0m[2m=[0m7994 [3mfraction[0m[2m=[0m0.5
[2m2026-10-08T03:53:38.788072Z[0m [32m INFO[0m [2mcc_index::memory_budget[0m[2m:[0m memory budget initialized [3mtotal_ram_mb[0m[2m=[0m15989 [3mbudget_mb[0m[2m=[0m7994 [3mfraction[0m[2m=[0m0.5
V18_JSON {"args":{"full":true,"path":"/tmp/.tmpYwiAxy/project"},"result":{"build_explain":{"gate_decisions":[{"pass":"synthesis_round","reason":"both signatures changed","run":true},{"pass":"community","reason":"full rebuild","run":true},{"pass":"git_cochange","reason":"cache key unavailable","run":true},{"pass":"infra","reason":"signature algorithm changed","run":true},{"pass":"adr","reason":"no recorded signature","run":true}]},"chunk_policy":{"bytes":16384,"chars":16384,"estimated_tokens":4096,"lines":80,"merge_min_bytes":256},"chunks_total":2,"dirty_plan":{"dependency_sql":{"fullscan_steps":0,"rows":0,"sorts":0,"statements":0,"vm_steps":0},"file_budget":0,"parsed_files":1,"reasons":[],"rebased":false,"resumed":false,"selected_dependents":0},"document_changes":{"files_projected":1,"removed":0,"render_failed":0,"reusable_inputs":0,"unchanged":0,"upserted":2},"elapsed_ms":217,"files_added":1,"files_parsed":1,"files_removed":0,"files_scanned":1,"files_skipped":0,"files_updated":0,"parse_errors":[],"phase_timing":{"analysis_ms":3,"parse_ms":36,"postprocess_ms":2,"resolve_ms":0,"scan_diff_ms":4,"write_ms":26},"project_model":{"catalog_files":1,"changed_configs":[],"config_inputs":0,"config_parse_cache_hits":0,"config_reads":0,"config_root_probes":5,"config_roots":0,"diagnostics":[],"go_fact_cache_hits":0,"go_source_reads":0,"input_digest":"6608a5a5cd33639a82b1be8d943f3148241d6520b8e0d9930909feaaf0ec5b8c","inventory_source":"shared_walk","modes":[],"rust_fact_cache_hits":0,"rust_source_reads":0,"version":3},"public_surface_coverage":{"known":1,"known_empty":0,"parsed_files":1,"unknown":0,"unknown_reasons":{}},"resolution_coverage":{"ambiguous":0,"incomplete_files":0,"modules_ambiguous":0,"modules_external":0,"modules_resolved":0,"modules_unknown":0,"modules_unresolved":0,"modules_unsupported":0,"omitted_records":0,"packages_resolved":0,"processed_files":1,"resolved":2,"unresolved":0,"unsupported":0},"resolution_freshness":{"basis_epoch":null,"complete":true,"completed_files":0,"index_epoch":5,"reason":null,"retry":null,"root_count":0,"scope":"observed_resolution_invalidations","status":"ready"},"symbols_total":2,"used_parallel_parse":false},"tool":"index"}
[2m2026-10-08T03:53:38.797808Z[0m [32m INFO[0m [1mserve_inner[0m[2m:[0m [2mrmcp::service[0m[2m:[0m Service initialized as server [3mpeer_info[0m[2m=[0mSome(InitializeRequestParams { meta: None, protocol_version: ProtocolVersion("2025-11-25"), capabilities: ClientCapabilities { experimental: None, extensions: None, roots: None, sampling: None, elicitation: None, tasks: None }, client_info: Implementation { name: "rmcp", title: None, version: "2.2.0", description: None, icons: None, website_url: None } })
[2m2026-10-08T03:53:38.797879Z[0m [32m INFO[0m [2mcc_server::mcp[0m[2m:[0m MCP server started on stdio
V18_JSON {"args":{"aspect":"capabilities"},"result":{"capabilities":{"graph":true,"impact":true,"search":true},"has_index":true,"has_project":true,"indexed_files":1,"indexed_symbols":2,"resolution_freshness":{"basis_epoch":null,"complete":true,"completed_files":0,"index_epoch":5,"reason":null,"retry":null,"root_count":0,"scope":"observed_resolution_invalidations","status":"ready"},"retrieval":{"consistency":"point_in_time","default_effective_strategy":"auto","default_query_state":"available_with_per_query_checks","default_strategy":"auto","dense_desired":2,"dense_published":0,"dense_reason":"semantic_coverage_uncovered","dense_state":"partial","diagnostic_sources":{"build":"BuildExplain on index response","graph":"GraphExplain on query response","lanes":"evidence_summary.retrieval.lanes or lane_receipts","packing":"evidence_summary.packing","selection":"evidence_summary.selection","semantic":"evidence_summary.retrieval.semantic (dense lane receipt projection)","source":"evidence_summary.source_freshness"},"execution":{"async_admitted":0,"async_in_flight":0,"async_limit":8,"completed":0,"cpu_admitted":0,"cpu_in_flight":0,"cpu_limit":4,"queue_limit":32,"rejected":0},"execution_scope":"process_shared_not_project_local","generation":{"evidence_epoch":1,"incarnation":[83,6,52,161,187,89,190,185,148,61,175,74,193,105,36,135],"index_epoch":5,"semantic_epoch":null},"generation_scope":"observed_database_snapshot","identity_validation":"checked_at_observation_boundary","index_state":"available","local_state":"available","pin_scope":"owned_query_views_including_inflight_clones_not_request_count","query_coverage":{"scope":"per_query_not_global","state":"not_measured"},"query_encoding":{"configured_opt_in":false,"network_authorized":false,"reason":"query_network_opt_in_required","request_scope":"nonlocal_nonempty_only"},"query_pins":1,"resolution_freshness":{"basis_epoch":null,"complete":true,"completed_files":0,"index_epoch":5,"reason":null,"retry":null,"root_count":0,"scope":"observed_resolution_invalidations","status":"ready"},"semantic_active_space":"2eac300964ae66ba95651ecaa7c7c6aafb0c9aecbd8a130cfc50c030cd8688d4","semantic_failed":0,"semantic_pending":0,"semantic_state":"backfilling","service_state_scope":"process_observed_separately","spec":"retrieval-capabilities-v2"}},"tool":"status"}
[2m2026-10-08T03:53:38.798607Z[0m [32m INFO[0m [1mserve_inner[0m[2m:[0m [2mrmcp::service[0m[2m:[0m received notification [3mnotification[0m[2m=[0mInitializedNotification(NotificationNoParam { method: InitializedNotificationMethod, extensions: Extensions })
[2m2026-10-08T03:53:38.799035Z[0m [32m INFO[0m [1mserve_inner[0m[2m:[0m [2mrmcp::handler::server[0m[2m:[0m client initialized
[2m2026-10-08T03:53:38.799664Z[0m [32m INFO[0m [2mcc_index::memory_budget[0m[2m:[0m memory budget initialized [3mtotal_ram_mb[0m[2m=[0m15989 [3mbudget_mb[0m[2m=[0m7994 [3mfraction[0m[2m=[0m0.5
[2m2026-10-08T03:53:38.807683Z[0m [32m INFO[0m [2mcc_server::semantic_runtime[0m[2m:[0m semantic worker GC page completed [3mkept_fresh[0m[2m=[0m0 [3mkept_referenced[0m[2m=[0m2 [3mkept_live_task[0m[2m=[0m0 [3mdeleted_objects[0m[2m=[0m0 [3mdeleted_halves[0m[2m=[0m0 [3mdeleted_temps[0m[2m=[0m0 [3mpruned_dirs[0m[2m=[0m0 [3mexhausted[0m[2m=[0mtrue
V18_JSON {"args":{"aspect":"capabilities"},"result":{"capabilities":{"graph":true,"impact":true,"search":true},"has_index":true,"has_project":true,"indexed_files":1,"indexed_symbols":2,"resolution_freshness":{"basis_epoch":null,"complete":true,"completed_files":0,"index_epoch":5,"reason":null,"retry":null,"root_count":0,"scope":"observed_resolution_invalidations","status":"ready"},"retrieval":{"consistency":"point_in_time","default_effective_strategy":"auto","default_query_state":"available_with_per_query_checks","default_strategy":"auto","dense_desired":2,"dense_published":2,"dense_reason":null,"dense_state":"ready","diagnostic_sources":{"build":"BuildExplain on index response","graph":"GraphExplain on query response","lanes":"evidence_summary.retrieval.lanes or lane_receipts","packing":"evidence_summary.packing","selection":"evidence_summary.selection","semantic":"evidence_summary.retrieval.semantic (dense lane receipt projection)","source":"evidence_summary.source_freshness"},"execution":{"async_admitted":0,"async_in_flight":0,"async_limit":8,"completed":0,"cpu_admitted":0,"cpu_in_flight":0,"cpu_limit":4,"queue_limit":32,"rejected":0},"execution_scope":"process_shared_not_project_local","generation":{"evidence_epoch":1,"incarnation":[83,6,52,161,187,89,190,185,148,61,175,74,193,105,36,135],"index_epoch":5,"semantic_epoch":3},"generation_scope":"observed_database_snapshot","identity_validation":"checked_at_observation_boundary","index_state":"available","local_state":"available","pin_scope":"owned_query_views_including_inflight_clones_not_request_count","query_coverage":{"scope":"per_query_not_global","state":"not_measured"},"query_encoding":{"configured_opt_in":false,"network_authorized":false,"reason":"query_network_opt_in_required","request_scope":"nonlocal_nonempty_only"},"query_pins":0,"resolution_freshness":{"basis_epoch":null,"complete":true,"completed_files":0,"index_epoch":5,"reason":null,"retry":null,"root_count":0,"scope":"observed_resolution_invalidations","status":"ready"},"semantic_active_space":"2eac300964ae66ba95651ecaa7c7c6aafb0c9aecbd8a130cfc50c030cd8688d4","semantic_failed":0,"semantic_pending":0,"semantic_state":"ready","service_state_scope":"process_observed_separately","spec":"retrieval-capabilities-v2"}},"tool":"status"}
V18_JSON {"args":{"allow_query_network":true,"query":"v18_query_bypass_search","retrieval_strategy":"auto"},"content":[{"text":"failed to deserialize parameters: unknown field `allow_query_network`, expected one of `query`, `retrieval_strategy`, `mode`, `top_k`, `intent`, `exact`, `boost_files`, `recent_files`, `pinned_files`, `conversation_queries`, `overlay_files`, `file_preselect_limit`, `path_prefix`, `project_path`","type":"text"}],"is_error":true,"tool":"search"}
V18_JSON {"args":{"allow_query_network":true,"retrieval_strategy":"auto","task":"v18_query_bypass_context"},"content":[{"text":"failed to deserialize parameters: unknown field `allow_query_network`, expected one of `task`, `retrieval_strategy`, `max_symbols`, `include_source`, `intent`, `project_path`","type":"text"}],"is_error":true,"tool":"context"}
V18_JSON {"args":{"aspect":"capabilities"},"result":{"capabilities":{"graph":true,"impact":true,"search":true},"has_index":true,"has_project":true,"indexed_files":1,"indexed_symbols":2,"resolution_freshness":{"basis_epoch":null,"complete":true,"completed_files":0,"index_epoch":5,"reason":null,"retry":null,"root_count":0,"scope":"observed_resolution_invalidations","status":"ready"},"retrieval":{"consistency":"point_in_time","default_effective_strategy":"auto","default_query_state":"available_with_per_query_checks","default_strategy":"auto","dense_desired":2,"dense_published":2,"dense_reason":null,"dense_state":"ready","diagnostic_sources":{"build":"BuildExplain on index response","graph":"GraphExplain on query response","lanes":"evidence_summary.retrieval.lanes or lane_receipts","packing":"evidence_summary.packing","selection":"evidence_summary.selection","semantic":"evidence_summary.retrieval.semantic (dense lane receipt projection)","source":"evidence_summary.source_freshness"},"execution":{"async_admitted":0,"async_in_flight":0,"async_limit":8,"completed":0,"cpu_admitted":0,"cpu_in_flight":0,"cpu_limit":4,"queue_limit":32,"rejected":0},"execution_scope":"process_shared_not_project_local","generation":{"evidence_epoch":1,"incarnation":[83,6,52,161,187,89,190,185,148,61,175,74,193,105,36,135],"index_epoch":5,"semantic_epoch":3},"generation_scope":"observed_database_snapshot","identity_validation":"checked_at_observation_boundary","index_state":"available","local_state":"available","pin_scope":"owned_query_views_including_inflight_clones_not_request_count","query_coverage":{"scope":"per_query_not_global","state":"not_measured"},"query_encoding":{"configured_opt_in":false,"network_authorized":false,"reason":"query_network_opt_in_required","request_scope":"nonlocal_nonempty_only"},"query_pins":0,"resolution_freshness":{"basis_epoch":null,"complete":true,"completed_files":0,"index_epoch":5,"reason":null,"retry":null,"root_count":0,"scope":"observed_resolution_invalidations","status":"ready"},"semantic_active_space":"2eac300964ae66ba95651ecaa7c7c6aafb0c9aecbd8a130cfc50c030cd8688d4","semantic_failed":0,"semantic_pending":0,"semantic_state":"ready","service_state_scope":"process_observed_separately","spec":"retrieval-capabilities-v2"}},"tool":"status"}
V18_JSON {"document_http_calls":2,"only_loopback":true,"query_http_calls":0,"real_credentials":false,"requests":[{"encoding_format":"float","input":["CODECORTEX_EMBED_V1\nmetadata: {\"language\":\"python\",\"metadata_truncated\":false,\"parent\":\"needle\",\"path\":\"needle.py\",\"signature\":\"def needle():\\n    \",\"source_span\":{\"end\":28,\"start\":0}}\nsource:\ndef needle():\n    return 731"],"model":"synthetic-v18-contract"},{"encoding_format":"float","input":["CODECORTEX_EMBED_V1\nmetadata: {\"language\":\"python\",\"metadata_truncated\":false,\"parent\":\"neighbor\",\"path\":\"needle.py\",\"signature\":\"def neighbor():\\n    \",\"source_span\":{\"end\":66,\"start\":28}}\nsource:\n\n\ndef neighbor():\n    return needle()\n"],"model":"synthetic-v18-contract"}],"synthetic_vectors":true}
[2m2026-10-08T03:53:38.818141Z[0m [32m INFO[0m [1mserve_inner[0m[2m:[0m [2mrmcp::service[0m[2m:[0m input stream terminated
[2m2026-10-08T03:53:38.818284Z[0m [32m INFO[0m [1mserve_inner[0m[2m:[0m [2mrmcp::service[0m[2m:[0m serve finished [3mquit_reason[0m[2m=[0mClosed
[2m2026-10-08T03:53:38.819555Z[0m [32m INFO[0m [2mcc_server::mcp[0m[2m:[0m MCP server shut down gracefully
[2m2026-10-08T03:53:38.823519Z[0m [32m INFO[0m [2mcc_db::index_db_rebuild[0m[2m:[0m full rebuild: creating temp database [3mtmp[0m[2m=[0m/tmp/.tmpQWYqbz/project/.codecortex/index.sqlite3.tmp
test query_network_contract::mcp_input_cannot_enable_or_bypass_configuration_authority ... ok
[2m2026-10-08T03:53:38.835065Z[0m [32m INFO[0m [2mcc_db::index_db_rebuild[0m[2m:[0m full rebuild: writing data to temp database
[2m2026-10-08T03:53:38.835880Z[0m [32m INFO[0m [2mcc_db::index_db_rebuild[0m[2m:[0m full rebuild: creating temp database [3mtmp[0m[2m=[0m/tmp/.tmpqsTL3L/project/.codecortex/index.sqlite3.tmp
[2m2026-10-08T03:53:38.838258Z[0m [32m INFO[0m [2mcc_db::index_db_rebuild[0m[2m:[0m full rebuild: recreating indexes
[2m2026-10-08T03:53:38.862095Z[0m [32m INFO[0m [2mcc_db::index_db_rebuild[0m[2m:[0m full rebuild: temp database ready for swap
[2m2026-10-08T03:53:38.862287Z[0m [32m INFO[0m [2mcc_index::memory_budget[0m[2m:[0m memory budget initialized [3mtotal_ram_mb[0m[2m=[0m15989 [3mbudget_mb[0m[2m=[0m7994 [3mfraction[0m[2m=[0m0.5
[2m2026-10-08T03:53:38.886407Z[0m [32m INFO[0m [2mcc_index::memory_budget[0m[2m:[0m memory budget initialized [3mtotal_ram_mb[0m[2m=[0m15989 [3mbudget_mb[0m[2m=[0m7994 [3mfraction[0m[2m=[0m0.5
[2m2026-10-08T03:53:38.891372Z[0m [32m INFO[0m [2mcc_index::memory_budget[0m[2m:[0m memory budget initialized [3mtotal_ram_mb[0m[2m=[0m15989 [3mbudget_mb[0m[2m=[0m7994 [3mfraction[0m[2m=[0m0.5
V18_JSON {"args":{"full":true,"path":"/tmp/.tmpH7kicx/project"},"result":{"build_explain":{"gate_decisions":[{"pass":"synthesis_round","reason":"both signatures changed","run":true},{"pass":"community","reason":"full rebuild","run":true},{"pass":"git_cochange","reason":"cache key unavailable","run":true},{"pass":"infra","reason":"signature algorithm changed","run":true},{"pass":"adr","reason":"no recorded signature","run":true}]},"chunk_policy":{"bytes":16384,"chars":16384,"estimated_tokens":4096,"lines":80,"merge_min_bytes":256},"chunks_total":2,"dirty_plan":{"dependency_sql":{"fullscan_steps":0,"rows":0,"sorts":0,"statements":0,"vm_steps":0},"file_budget":0,"parsed_files":1,"reasons":[],"rebased":false,"resumed":false,"selected_dependents":0},"document_changes":{"files_projected":1,"removed":0,"render_failed":0,"reusable_inputs":0,"unchanged":0,"upserted":2},"elapsed_ms":158,"files_added":1,"files_parsed":1,"files_removed":0,"files_scanned":1,"files_skipped":0,"files_updated":0,"parse_errors":[],"phase_timing":{"analysis_ms":3,"parse_ms":30,"postprocess_ms":2,"resolve_ms":0,"scan_diff_ms":4,"write_ms":23},"project_model":{"catalog_files":1,"changed_configs":[],"config_inputs":0,"config_parse_cache_hits":0,"config_reads":0,"config_root_probes":5,"config_roots":0,"diagnostics":[],"go_fact_cache_hits":0,"go_source_reads":0,"input_digest":"6608a5a5cd33639a82b1be8d943f3148241d6520b8e0d9930909feaaf0ec5b8c","inventory_source":"shared_walk","modes":[],"rust_fact_cache_hits":0,"rust_source_reads":0,"version":3},"public_surface_coverage":{"known":1,"known_empty":0,"parsed_files":1,"unknown":0,"unknown_reasons":{}},"resolution_coverage":{"ambiguous":0,"incomplete_files":0,"modules_ambiguous":0,"modules_external":0,"modules_resolved":0,"modules_unknown":0,"modules_unresolved":0,"modules_unsupported":0,"omitted_records":0,"packages_resolved":0,"processed_files":1,"resolved":2,"unresolved":0,"unsupported":0},"resolution_freshness":{"basis_epoch":null,"complete":true,"completed_files":0,"index_epoch":5,"reason":null,"retry":null,"root_count":0,"scope":"observed_resolution_invalidations","status":"ready"},"symbols_total":2,"used_parallel_parse":false},"tool":"index"}
V18_JSON {"args":{"aspect":"capabilities"},"result":{"capabilities":{"graph":true,"impact":true,"search":true},"has_index":true,"has_project":true,"indexed_files":1,"indexed_symbols":2,"resolution_freshness":{"basis_epoch":null,"complete":true,"completed_files":0,"index_epoch":5,"reason":null,"retry":null,"root_count":0,"scope":"observed_resolution_invalidations","status":"ready"},"retrieval":{"consistency":"point_in_time","default_effective_strategy":"auto","default_query_state":"available_with_per_query_checks","default_strategy":"auto","dense_reason":"semantic_no_active_space","dense_state":"disabled","diagnostic_sources":{"build":"BuildExplain on index response","graph":"GraphExplain on query response","lanes":"evidence_summary.retrieval.lanes or lane_receipts","packing":"evidence_summary.packing","selection":"evidence_summary.selection","semantic":"evidence_summary.retrieval.semantic (dense lane receipt projection)","source":"evidence_summary.source_freshness"},"execution":{"async_admitted":0,"async_in_flight":0,"async_limit":8,"completed":0,"cpu_admitted":0,"cpu_in_flight":0,"cpu_limit":4,"queue_limit":32,"rejected":0},"execution_scope":"process_shared_not_project_local","generation":{"evidence_epoch":1,"incarnation":[243,20,170,74,6,183,11,84,92,48,197,41,83,254,129,158],"index_epoch":5,"semantic_epoch":null},"generation_scope":"observed_database_snapshot","identity_validation":"checked_at_observation_boundary","index_state":"available","local_state":"available","pin_scope":"owned_query_views_including_inflight_clones_not_request_count","query_coverage":{"scope":"per_query_not_global","state":"not_measured"},"query_encoding":{"configured_opt_in":false,"network_authorized":false,"reason":"query_network_opt_in_required","request_scope":"nonlocal_nonempty_only"},"query_pins":1,"resolution_freshness":{"basis_epoch":null,"complete":true,"completed_files":0,"index_epoch":5,"reason":null,"retry":null,"root_count":0,"scope":"observed_resolution_invalidations","status":"ready"},"semantic_active_space":null,"semantic_state":"port_attached_unverified","service_state_scope":"process_observed_separately","spec":"retrieval-capabilities-v2"}},"tool":"status"}
[2m2026-10-08T03:53:38.910144Z[0m [32m INFO[0m [2mcc_server::semantic_runtime[0m[2m:[0m semantic worker GC page completed [3mkept_fresh[0m[2m=[0m0 [3mkept_referenced[0m[2m=[0m2 [3mkept_live_task[0m[2m=[0m0 [3mdeleted_objects[0m[2m=[0m0 [3mdeleted_halves[0m[2m=[0m0 [3mdeleted_temps[0m[2m=[0m0 [3mpruned_dirs[0m[2m=[0m0 [3mexhausted[0m[2m=[0mtrue
V18_JSON {"args":{"aspect":"capabilities"},"result":{"capabilities":{"graph":true,"impact":true,"search":true},"has_index":true,"has_project":true,"indexed_files":1,"indexed_symbols":2,"resolution_freshness":{"basis_epoch":null,"complete":true,"completed_files":0,"index_epoch":5,"reason":null,"retry":null,"root_count":0,"scope":"observed_resolution_invalidations","status":"ready"},"retrieval":{"consistency":"point_in_time","default_effective_strategy":"auto","default_query_state":"available_with_per_query_checks","default_strategy":"auto","dense_desired":2,"dense_published":2,"dense_reason":null,"dense_state":"ready","diagnostic_sources":{"build":"BuildExplain on index response","graph":"GraphExplain on query response","lanes":"evidence_summary.retrieval.lanes or lane_receipts","packing":"evidence_summary.packing","selection":"evidence_summary.selection","semantic":"evidence_summary.retrieval.semantic (dense lane receipt projection)","source":"evidence_summary.source_freshness"},"execution":{"async_admitted":0,"async_in_flight":0,"async_limit":8,"completed":0,"cpu_admitted":0,"cpu_in_flight":0,"cpu_limit":4,"queue_limit":32,"rejected":0},"execution_scope":"process_shared_not_project_local","generation":{"evidence_epoch":1,"incarnation":[243,20,170,74,6,183,11,84,92,48,197,41,83,254,129,158],"index_epoch":5,"semantic_epoch":3},"generation_scope":"observed_database_snapshot","identity_validation":"checked_at_observation_boundary","index_state":"available","local_state":"available","pin_scope":"owned_query_views_including_inflight_clones_not_request_count","query_coverage":{"scope":"per_query_not_global","state":"not_measured"},"query_encoding":{"configured_opt_in":false,"network_authorized":false,"reason":"query_network_opt_in_required","request_scope":"nonlocal_nonempty_only"},"query_pins":1,"resolution_freshness":{"basis_epoch":null,"complete":true,"completed_files":0,"index_epoch":5,"reason":null,"retry":null,"root_count":0,"scope":"observed_resolution_invalidations","status":"ready"},"semantic_active_space":"2eac300964ae66ba95651ecaa7c7c6aafb0c9aecbd8a130cfc50c030cd8688d4","semantic_failed":0,"semantic_pending":0,"semantic_state":"ready","service_state_scope":"process_observed_separately","spec":"retrieval-capabilities-v2"}},"tool":"status"}
[2m2026-10-08T03:53:38.911435Z[0m [32m INFO[0m [2mcc_db::index_db_rebuild[0m[2m:[0m full rebuild: writing data to temp database
[2m2026-10-08T03:53:38.914894Z[0m [32m INFO[0m [2mcc_db::index_db_rebuild[0m[2m:[0m full rebuild: recreating indexes
[2m2026-10-08T03:53:38.915903Z[0m [32m INFO[0m [2mcc_db::index_db_rebuild[0m[2m:[0m full rebuild: writing data to temp database
[2m2026-10-08T03:53:38.919795Z[0m [32m INFO[0m [2mcc_db::index_db_rebuild[0m[2m:[0m full rebuild: recreating indexes
V18_JSON {"args":{"query":"v18_query_revoked_search","retrieval_strategy":"auto"},"result":{"evidence_summary":{"files":[],"graph_enrichment":{"callees_added":0,"callers_added":0,"symbols_resolved":0,"tests_found":0},"packing":{"compacted":false,"configured_max_bytes":18000,"continuation":"Use files region/expand on retained references; recheck source version.","limit_bytes":16000,"omitted_hits":0,"omitted_nodes":0,"original_hits":0,"original_nodes":0,"partial":false,"spec":"whole-json-intent-facets-source-support-before-incidental-v5","token_estimate_method":"ceil(serialized_utf8_bytes/4); not a tokenizer","used_bytes":8100},"retrieval":{"cost":{"coverage":"originating query work; lexical FTS and hydration SQL here; grep stage SQL in grep.stages; excludes preselection/exact lookup/graph SQL, FTS internal work and storage I/O; not total cost or a hard limit","fused_candidates":0,"hydrate_requested":0,"hydration":{"sql":{"fullscan_steps":0,"rows":0,"sorts":0,"statements":0,"vm_steps":0},"text":{"cache_hits":0,"legacy_auto_reads":0,"storage_reads":0,"utf8_bytes":0,"zstd_decodes":0}},"lane_candidates":{"exact_symbol":0,"graph":0,"grep":0,"lexical":0,"path":0,"semantic":0},"lexical_sql":{"fullscan_steps":0,"rows":0,"sorts":1,"statements":1,"vm_steps":17},"schema_version":1},"grep":{"fallback_scanned":0,"prefilter_failed":false,"prefilter_scanned":0,"reason":null,"scan_cap":20000,"scanned":2,"skipped_duplicates":2,"soft_scanned":2,"stages":[{"stage":"soft","work":{"sql":{"fullscan_steps":0,"rows":2,"sorts":0,"statements":1,"vm_steps":29},"text":{"cache_hits":0,"legacy_auto_reads":0,"storage_reads":2,"utf8_bytes":66,"zstd_decodes":0}}},{"stage":"prefilter","work":{"sql":{"fullscan_steps":0,"rows":0,"sorts":1,"statements":1,"vm_steps":14},"text":{"cache_hits":0,"legacy_auto_reads":0,"storage_reads":0,"utf8_bytes":0,"zstd_decodes":0}}},{"stage":"fallback","work":{"sql":{"fullscan_steps":1,"rows":2,"sorts":0,"statements":1,"vm_steps":23},"text":{"cache_hits":0,"legacy_auto_reads":0,"storage_reads":0,"utf8_bytes":0,"zstd_decodes":0}}}],"status":"complete"},"lanes":[{"candidate_count":0,"candidates":[],"coverage":{"complete":true,"examined":null,"scope":"hard_scope","total_lower_bound":0},"elapsed_us":128,"lane_id":"exact_symbol","schema_version":1,"status":"complete","truncation_reason":null,"weight":1.1},{"candidate_count":0,"candidates":[],"coverage":{"complete":true,"examined":null,"scope":"hard_scope","total_lower_bound":0},"elapsed_us":249,"lane_id":"path","schema_version":1,"status":"complete","truncation_reason":null,"weight":1.0},{"candidate_count":0,"candidates":[],"coverage":{"complete":true,"examined":null,"scope":"hard_scope","total_lower_bound":0},"elapsed_us":257,"lane_id":"lexical","schema_version":1,"status":"complete","truncation_reason":null,"weight":1.1},{"candidate_count":0,"candidates":[],"coverage":{"complete":true,"examined":2,"scope":"hard_scope","total_lower_bound":0},"elapsed_us":1960,"lane_id":"grep","schema_version":1,"status":"complete","truncation_reason":null,"weight":0.8},{"candidate_count":0,"candidates":[],"coverage":{"complete":true,"examined":null,"scope":"hard_scope","total_lower_bound":0},"elapsed_us":1196,"lane_id":"graph","schema_version":1,"status":"complete","truncation_reason":null,"weight":0.6},{"candidate_count":0,"candidates":[],"coverage":{"complete":false,"examined":null,"scope":"hard_scope","total_lower_bound":0},"elapsed_us":275,"lane_id":"semantic","schema_version":1,"status":"unavailable","truncation_reason":"query_vector_not_encoded","weight":1.0}],"policy":{"completeness":"all_executed_lane_limits_remain_visible; obligation_role_does_not_erase_partial","deadline_ms":30000,"effective":"auto","graph_source_mapping":"uid_byte_declaration_document; complete_mapping_is_not_whole_symbol_body_coverage","intent":"locate","lane_timeout_ms":20000,"no_answer":"empty_partial_is_not_absence; no_semantic_absence_claim_from_weak_rank","obligations":[{"lane_id":"exact_symbol","role":"identity","timeout_ms":20000},{"lane_id":"path","role":"identity","timeout_ms":20000},{"lane_id":"lexical","role":"source","timeout_ms":20000},{"lane_id":"grep","role":"source","timeout_ms":20000},{"lane_id":"graph","role":"supporting","timeout_ms":20000},{"lane_id":"semantic","role":"optional_recall","timeout_ms":5000}],"path_source_domain":"canonical_scoped_existing_path_docs; else_bounded_tokens; not_whole_file_coverage","requested":"auto","semantic_state":"configured","semantic_timeout_ms":5000,"semantic_top_k":24,"version":"query-policy-local-semantic-canonical-path-domain-v4"},"scope":{"budget":{"exact_symbol_candidates":24,"grep_candidates":12,"grep_enabled":true,"grep_scan_cap":20000,"lexical_candidates":24,"path_candidates":24,"rerank_window":40,"top_k":10,"units":"candidate limits count chunks; grep_scan_cap counts decompressions, not SQL work, total memory or time; cached diagnostics describe originating computation, not work repeated on a cache hit"},"hard":{"empty":false,"explicit_file_count":null,"languages":null,"path_prefix":null,"path_prefix_truncated":false,"semantics":"conjunctive_repository_relative_case_sensitive_components; empty means contradictory/explicit-empty constraint, not an inventory count"},"ordering":["exact-target first (identity tier, not an additive score)","rerank_score descending = sum(score_trace)","chunk_id ascending"],"policy":"canonical-scoped-exact-path-domain-compact-context-budget-v22","schema_version":1,"soft":{"contributions":"per-hit score_trace is the additive bill; stage_a_layer_scores explain its capped stage-a component and must not be added twice; raw hint and excluded paths omitted","hint_entries":{"overlay":0,"pinned":0,"recent":0,"working":0},"preselected_count":1,"role":"ranking_and_scan_priority_only"}}},"search_hits":0,"selection":{"facets":{},"input_candidates":0,"intent":"locate","intent_facet_anchors":{},"limit_omitted":0,"original_ranks":[],"overlap":{"fully_covered_candidates":0,"input_bytes":0,"redundant_bytes":0,"unique_bytes":0},"requested_limit":10,"selected":0,"selected_overlap":{"fully_covered_candidates":0,"input_bytes":0,"redundant_bytes":0,"unique_bytes":0},"source_covered_omissions":0,"source_support_anchors":[],"source_support_scope":"literal_program_cue_in_validated_twice_topk_window_only; not_global_uniqueness_or_exact_identity","spec":"anchored-facets-distinctive-source-union-v2","unmet_facets":[]},"source_freshness":{"budget_exhausted":false,"checked_files":0,"dense_manifest_fence":{"checked":0,"skip_disposition":"stale_publication_skipped","skipped":0},"generation":{"evidence_epoch":1,"incarnation":[243,20,170,74,6,183,11,84,92,48,197,41,83,254,129,158],"index_epoch":5,"semantic_epoch":3},"hydrator":"current-document-scope-source-generation-v1","omitted_files":{},"partial":false,"read_budget_charged":0,"scope":"bounded per-file disk verification and optimistic full read generation; not an atomic filesystem snapshot","validation_work":{"candidate_projection_sql":{"fullscan_steps":0,"rows":0,"sorts":0,"statements":0,"vm_steps":0},"coverage":"current final-assembly attempt SELECTs for manifest, symbol identity and candidate projection; excludes prior attempts, transaction control, originating retrieval, generation, dense fence, graph and disk work; not total cost","schema_version":1,"source_records_sql":{"fullscan_steps":0,"rows":0,"sorts":0,"statements":0,"vm_steps":0}},"verified_hits":0}},"intent":"locate","invalidations":[],"machine_pack":{"hits":[],"kind":"code_index_context","query":"v18_query_revoked_search","repo_size_tier":"Tiny","token_budget":4000,"top_k":10},"nodes":[],"query":"v18_query_revoked_search","reasons":["hybrid search over code index"],"rendered_prompt":"Task: code-index search\nIntent: locate\nQuery: v18_query_revoked_search\n\n","resolution_freshness":{"basis_epoch":null,"complete":true,"completed_files":0,"index_epoch":5,"reason":null,"retry":null,"root_count":0,"scope":"observed_resolution_invalidations","status":"ready"},"revision":0,"spans":[],"summary":"No results found within the scan budget for `v18_query_revoked_search`; retrieval is incomplete.","task":"v18_query_revoked_search","token_budget":4000,"token_estimate":2025},"tool":"search"}
V18_JSON {"args":{"retrieval_strategy":"auto","task":"v18_query_revoked_context"},"result":{"evidence_summary":{"files":[],"graph_enrichment":{"callees_added":0,"callers_added":0,"symbols_resolved":0,"tests_found":0},"packing":{"compacted":false,"configured_max_bytes":18000,"continuation":"Use files region/expand on retained references; recheck source version.","limit_bytes":16000,"omitted_hits":0,"omitted_nodes":0,"original_hits":0,"original_nodes":0,"partial":false,"spec":"whole-json-intent-facets-source-support-before-incidental-v5","token_estimate_method":"ceil(serialized_utf8_bytes/4); not a tokenizer","used_bytes":8104},"retrieval":{"cost":{"coverage":"originating query work; lexical FTS and hydration SQL here; grep stage SQL in grep.stages; excludes preselection/exact lookup/graph SQL, FTS internal work and storage I/O; not total cost or a hard limit","fused_candidates":0,"hydrate_requested":0,"hydration":{"sql":{"fullscan_steps":0,"rows":0,"sorts":0,"statements":0,"vm_steps":0},"text":{"cache_hits":0,"legacy_auto_reads":0,"storage_reads":0,"utf8_bytes":0,"zstd_decodes":0}},"lane_candidates":{"exact_symbol":0,"graph":0,"grep":0,"lexical":0,"path":0,"semantic":0},"lexical_sql":{"fullscan_steps":0,"rows":0,"sorts":1,"statements":1,"vm_steps":17},"schema_version":1},"grep":{"fallback_scanned":0,"prefilter_failed":false,"prefilter_scanned":0,"reason":null,"scan_cap":20000,"scanned":2,"skipped_duplicates":2,"soft_scanned":2,"stages":[{"stage":"soft","work":{"sql":{"fullscan_steps":0,"rows":2,"sorts":0,"statements":1,"vm_steps":29},"text":{"cache_hits":0,"legacy_auto_reads":0,"storage_reads":2,"utf8_bytes":66,"zstd_decodes":0}}},{"stage":"prefilter","work":{"sql":{"fullscan_steps":0,"rows":0,"sorts":1,"statements":1,"vm_steps":14},"text":{"cache_hits":0,"legacy_auto_reads":0,"storage_reads":0,"utf8_bytes":0,"zstd_decodes":0}}},{"stage":"fallback","work":{"sql":{"fullscan_steps":1,"rows":2,"sorts":0,"statements":1,"vm_steps":23},"text":{"cache_hits":0,"legacy_auto_reads":0,"storage_reads":0,"utf8_bytes":0,"zstd_decodes":0}}}],"status":"complete"},"lanes":[{"candidate_count":0,"candidates":[],"coverage":{"complete":true,"examined":null,"scope":"hard_scope","total_lower_bound":0},"elapsed_us":123,"lane_id":"exact_symbol","schema_version":1,"status":"complete","truncation_reason":null,"weight":1.1},{"candidate_count":0,"candidates":[],"coverage":{"complete":true,"examined":null,"scope":"hard_scope","total_lower_bound":0},"elapsed_us":200,"lane_id":"path","schema_version":1,"status":"complete","truncation_reason":null,"weight":1.0},{"candidate_count":0,"candidates":[],"coverage":{"complete":true,"examined":null,"scope":"hard_scope","total_lower_bound":0},"elapsed_us":175,"lane_id":"lexical","schema_version":1,"status":"complete","truncation_reason":null,"weight":1.1},{"candidate_count":0,"candidates":[],"coverage":{"complete":true,"examined":2,"scope":"hard_scope","total_lower_bound":0},"elapsed_us":1439,"lane_id":"grep","schema_version":1,"status":"complete","truncation_reason":null,"weight":0.8},{"candidate_count":0,"candidates":[],"coverage":{"complete":true,"examined":null,"scope":"hard_scope","total_lower_bound":0},"elapsed_us":251,"lane_id":"graph","schema_version":1,"status":"complete","truncation_reason":null,"weight":0.6},{"candidate_count":0,"candidates":[],"coverage":{"complete":false,"examined":null,"scope":"hard_scope","total_lower_bound":0},"elapsed_us":159,"lane_id":"semantic","schema_version":1,"status":"unavailable","truncation_reason":"query_vector_not_encoded","weight":1.0}],"policy":{"completeness":"all_executed_lane_limits_remain_visible; obligation_role_does_not_erase_partial","deadline_ms":30000,"effective":"auto","graph_source_mapping":"uid_byte_declaration_document; complete_mapping_is_not_whole_symbol_body_coverage","intent":"locate","lane_timeout_ms":20000,"no_answer":"empty_partial_is_not_absence; no_semantic_absence_claim_from_weak_rank","obligations":[{"lane_id":"exact_symbol","role":"identity","timeout_ms":20000},{"lane_id":"path","role":"identity","timeout_ms":20000},{"lane_id":"lexical","role":"source","timeout_ms":20000},{"lane_id":"grep","role":"source","timeout_ms":20000},{"lane_id":"graph","role":"supporting","timeout_ms":20000},{"lane_id":"semantic","role":"optional_recall","timeout_ms":5000}],"path_source_domain":"canonical_scoped_existing_path_docs; else_bounded_tokens; not_whole_file_coverage","requested":"auto","semantic_state":"configured","semantic_timeout_ms":5000,"semantic_top_k":24,"version":"query-policy-local-semantic-canonical-path-domain-v4"},"scope":{"budget":{"exact_symbol_candidates":24,"grep_candidates":12,"grep_enabled":true,"grep_scan_cap":20000,"lexical_candidates":24,"path_candidates":24,"rerank_window":40,"top_k":10,"units":"candidate limits count chunks; grep_scan_cap counts decompressions, not SQL work, total memory or time; cached diagnostics describe originating computation, not work repeated on a cache hit"},"hard":{"empty":false,"explicit_file_count":null,"languages":null,"path_prefix":null,"path_prefix_truncated":false,"semantics":"conjunctive_repository_relative_case_sensitive_components; empty means contradictory/explicit-empty constraint, not an inventory count"},"ordering":["exact-target first (identity tier, not an additive score)","rerank_score descending = sum(score_trace)","chunk_id ascending"],"policy":"canonical-scoped-exact-path-domain-compact-context-budget-v22","schema_version":1,"soft":{"contributions":"per-hit score_trace is the additive bill; stage_a_layer_scores explain its capped stage-a component and must not be added twice; raw hint and excluded paths omitted","hint_entries":{"overlay":0,"pinned":0,"recent":0,"working":0},"preselected_count":1,"role":"ranking_and_scan_priority_only"}}},"search_hits":0,"selection":{"facets":{},"input_candidates":0,"intent":"locate","intent_facet_anchors":{},"limit_omitted":0,"original_ranks":[],"overlap":{"fully_covered_candidates":0,"input_bytes":0,"redundant_bytes":0,"unique_bytes":0},"requested_limit":10,"selected":0,"selected_overlap":{"fully_covered_candidates":0,"input_bytes":0,"redundant_bytes":0,"unique_bytes":0},"source_covered_omissions":0,"source_support_anchors":[],"source_support_scope":"literal_program_cue_in_validated_twice_topk_window_only; not_global_uniqueness_or_exact_identity","spec":"anchored-facets-distinctive-source-union-v2","unmet_facets":[]},"source_freshness":{"budget_exhausted":false,"checked_files":0,"dense_manifest_fence":{"checked":0,"skip_disposition":"stale_publication_skipped","skipped":0},"generation":{"evidence_epoch":1,"incarnation":[243,20,170,74,6,183,11,84,92,48,197,41,83,254,129,158],"index_epoch":5,"semantic_epoch":3},"hydrator":"current-document-scope-source-generation-v1","omitted_files":{},"partial":false,"read_budget_charged":0,"scope":"bounded per-file disk verification and optimistic full read generation; not an atomic filesystem snapshot","validation_work":{"candidate_projection_sql":{"fullscan_steps":0,"rows":0,"sorts":0,"statements":0,"vm_steps":0},"coverage":"current final-assembly attempt SELECTs for manifest, symbol identity and candidate projection; excludes prior attempts, transaction control, originating retrieval, generation, dense fence, graph and disk work; not total cost","schema_version":1,"source_records_sql":{"fullscan_steps":0,"rows":0,"sorts":0,"statements":0,"vm_steps":0}},"verified_hits":0}},"intent":"locate","invalidations":[],"machine_pack":{"hits":[],"kind":"code_index_context","query":"v18_query_revoked_context","repo_size_tier":"Tiny","token_budget":4000,"top_k":10},"nodes":[],"query":"v18_query_revoked_context","reasons":["hybrid search over code index"],"rendered_prompt":"Task: code-index search\nIntent: locate\nQuery: v18_query_revoked_context\n\n","resolution_freshness":{"basis_epoch":null,"complete":true,"completed_files":0,"index_epoch":5,"reason":null,"retry":null,"root_count":0,"scope":"observed_resolution_invalidations","status":"ready"},"revision":0,"spans":[],"summary":"No results found within the scan budget for `v18_query_revoked_context`; retrieval is incomplete.","task":"v18_query_revoked_context","token_budget":4000,"token_estimate":2026},"tool":"context"}
V18_JSON {"args":{"aspect":"capabilities"},"result":{"capabilities":{"graph":true,"impact":true,"search":true},"has_index":true,"has_project":true,"indexed_files":1,"indexed_symbols":2,"resolution_freshness":{"basis_epoch":null,"complete":true,"completed_files":0,"index_epoch":5,"reason":null,"retry":null,"root_count":0,"scope":"observed_resolution_invalidations","status":"ready"},"retrieval":{"consistency":"point_in_time","default_effective_strategy":"auto","default_query_state":"available_with_per_query_checks","default_strategy":"auto","dense_desired":2,"dense_published":2,"dense_reason":null,"dense_state":"ready","diagnostic_sources":{"build":"BuildExplain on index response","graph":"GraphExplain on query response","lanes":"evidence_summary.retrieval.lanes or lane_receipts","packing":"evidence_summary.packing","selection":"evidence_summary.selection","semantic":"evidence_summary.retrieval.semantic (dense lane receipt projection)","source":"evidence_summary.source_freshness"},"execution":{"async_admitted":0,"async_in_flight":0,"async_limit":8,"completed":14,"cpu_admitted":0,"cpu_in_flight":0,"cpu_limit":4,"queue_limit":32,"rejected":0},"execution_scope":"process_shared_not_project_local","generation":{"evidence_epoch":1,"incarnation":[243,20,170,74,6,183,11,84,92,48,197,41,83,254,129,158],"index_epoch":5,"semantic_epoch":3},"generation_scope":"observed_database_snapshot","identity_validation":"checked_at_observation_boundary","index_state":"available","local_state":"available","pin_scope":"owned_query_views_including_inflight_clones_not_request_count","query_coverage":{"scope":"per_query_not_global","state":"not_measured"},"query_encoding":{"configured_opt_in":false,"network_authorized":false,"reason":"query_network_opt_in_required","request_scope":"nonlocal_nonempty_only"},"query_pins":0,"resolution_freshness":{"basis_epoch":null,"complete":true,"completed_files":0,"index_epoch":5,"reason":null,"retry":null,"root_count":0,"scope":"observed_resolution_invalidations","status":"ready"},"semantic_active_space":"2eac300964ae66ba95651ecaa7c7c6aafb0c9aecbd8a130cfc50c030cd8688d4","semantic_failed":0,"semantic_pending":0,"semantic_state":"ready","service_state_scope":"process_observed_separately","spec":"retrieval-capabilities-v2"}},"tool":"status"}
V18_JSON {"document_http_calls":4,"only_loopback":true,"query_http_calls":0,"real_credentials":false,"requests":[{"encoding_format":"float","input":["CODECORTEX_EMBED_V1\nmetadata: {\"language\":\"python\",\"metadata_truncated\":false,\"parent\":\"needle\",\"path\":\"needle.py\",\"signature\":\"def needle():\\n    \",\"source_span\":{\"end\":28,\"start\":0}}\nsource:\ndef needle():\n    return 731"],"model":"synthetic-v18-contract"},{"encoding_format":"float","input":["CODECORTEX_EMBED_V1\nmetadata: {\"language\":\"python\",\"metadata_truncated\":false,\"parent\":\"neighbor\",\"path\":\"needle.py\",\"signature\":\"def neighbor():\\n    \",\"source_span\":{\"end\":66,\"start\":28}}\nsource:\n\n\ndef neighbor():\n    return needle()\n"],"model":"synthetic-v18-contract"},{"encoding_format":"float","input":["CODECORTEX_EMBED_V1\nmetadata: {\"language\":\"python\",\"metadata_truncated\":false,\"parent\":\"needle\",\"path\":\"needle.py\",\"signature\":\"def needle():\\n    \",\"source_span\":{\"end\":28,\"start\":0}}\nsource:\ndef needle():\n    return 731"],"model":"synthetic-v18-contract"},{"encoding_format":"float","input":["CODECORTEX_EMBED_V1\nmetadata: {\"language\":\"python\",\"metadata_truncated\":false,\"parent\":\"neighbor\",\"path\":\"needle.py\",\"signature\":\"def neighbor():\\n    \",\"source_span\":{\"end\":66,\"start\":28}}\nsource:\n\n\ndef neighbor():\n    return needle()\n"],"model":"synthetic-v18-contract"}],"synthetic_vectors":true}
[2m2026-10-08T03:53:38.942974Z[0m [32m INFO[0m [1mserve_inner[0m[2m:[0m [2mrmcp::service[0m[2m:[0m input stream terminated
[2m2026-10-08T03:53:38.943039Z[0m [32m INFO[0m [1mserve_inner[0m[2m:[0m [2mrmcp::service[0m[2m:[0m serve finished [3mquit_reason[0m[2m=[0mClosed
[2m2026-10-08T03:53:38.943222Z[0m [32m INFO[0m [2mcc_server::mcp[0m[2m:[0m MCP server shut down gracefully
test query_network_contract::local_empty_scope_errors_and_reloaded_revocation_never_encode ... ok
[2m2026-10-08T03:53:38.955655Z[0m [32m INFO[0m [2mcc_db::index_db_rebuild[0m[2m:[0m full rebuild: temp database ready for swap
[2m2026-10-08T03:53:38.955860Z[0m [32m INFO[0m [2mcc_index::memory_budget[0m[2m:[0m memory budget initialized [3mtotal_ram_mb[0m[2m=[0m15989 [3mbudget_mb[0m[2m=[0m7994 [3mfraction[0m[2m=[0m0.5
[2m2026-10-08T03:53:38.955893Z[0m [32m INFO[0m [2mcc_db::index_db_rebuild[0m[2m:[0m full rebuild: temp database ready for swap
[2m2026-10-08T03:53:38.956064Z[0m [32m INFO[0m [2mcc_index::memory_budget[0m[2m:[0m memory budget initialized [3mtotal_ram_mb[0m[2m=[0m15989 [3mbudget_mb[0m[2m=[0m7994 [3mfraction[0m[2m=[0m0.5
[2m2026-10-08T03:53:39.015962Z[0m [32m INFO[0m [2mcc_index::memory_budget[0m[2m:[0m memory budget initialized [3mtotal_ram_mb[0m[2m=[0m15989 [3mbudget_mb[0m[2m=[0m7994 [3mfraction[0m[2m=[0m0.5
[2m2026-10-08T03:53:39.016835Z[0m [32m INFO[0m [2mcc_index::memory_budget[0m[2m:[0m memory budget initialized [3mtotal_ram_mb[0m[2m=[0m15989 [3mbudget_mb[0m[2m=[0m7994 [3mfraction[0m[2m=[0m0.5
[2m2026-10-08T03:53:39.020288Z[0m [32m INFO[0m [2mcc_index::memory_budget[0m[2m:[0m memory budget initialized [3mtotal_ram_mb[0m[2m=[0m15989 [3mbudget_mb[0m[2m=[0m7994 [3mfraction[0m[2m=[0m0.5
[2m2026-10-08T03:53:39.020487Z[0m [32m INFO[0m [2mcc_index::memory_budget[0m[2m:[0m memory budget initialized [3mtotal_ram_mb[0m[2m=[0m15989 [3mbudget_mb[0m[2m=[0m7994 [3mfraction[0m[2m=[0m0.5
V18_JSON {"args":{"full":true,"path":"/tmp/.tmpQWYqbz/project"},"result":{"build_explain":{"gate_decisions":[{"pass":"synthesis_round","reason":"both signatures changed","run":true},{"pass":"community","reason":"full rebuild","run":true},{"pass":"git_cochange","reason":"cache key unavailable","run":true},{"pass":"infra","reason":"signature algorithm changed","run":true},{"pass":"adr","reason":"no recorded signature","run":true}]},"chunk_policy":{"bytes":16384,"chars":16384,"estimated_tokens":4096,"lines":80,"merge_min_bytes":256},"chunks_total":2,"dirty_plan":{"dependency_sql":{"fullscan_steps":0,"rows":0,"sorts":0,"statements":0,"vm_steps":0},"file_budget":0,"parsed_files":1,"reasons":[],"rebased":false,"resumed":false,"selected_dependents":0},"document_changes":{"files_projected":1,"removed":0,"render_failed":0,"reusable_inputs":0,"unchanged":0,"upserted":2},"elapsed_ms":242,"files_added":1,"files_parsed":1,"files_removed":0,"files_scanned":1,"files_skipped":0,"files_updated":0,"parse_errors":[],"phase_timing":{"analysis_ms":2,"parse_ms":37,"postprocess_ms":0,"resolve_ms":0,"scan_diff_ms":5,"write_ms":60},"project_model":{"catalog_files":1,"changed_configs":[],"config_inputs":0,"config_parse_cache_hits":0,"config_reads":0,"config_root_probes":5,"config_roots":0,"diagnostics":[],"go_fact_cache_hits":0,"go_source_reads":0,"input_digest":"6608a5a5cd33639a82b1be8d943f3148241d6520b8e0d9930909feaaf0ec5b8c","inventory_source":"shared_walk","modes":[],"rust_fact_cache_hits":0,"rust_source_reads":0,"version":3},"public_surface_coverage":{"known":1,"known_empty":0,"parsed_files":1,"unknown":0,"unknown_reasons":{}},"resolution_coverage":{"ambiguous":0,"incomplete_files":0,"modules_ambiguous":0,"modules_external":0,"modules_resolved":0,"modules_unknown":0,"modules_unresolved":0,"modules_unsupported":0,"omitted_records":0,"packages_resolved":0,"processed_files":1,"resolved":2,"unresolved":0,"unsupported":0},"resolution_freshness":{"basis_epoch":null,"complete":true,"completed_files":0,"index_epoch":5,"reason":null,"retry":null,"root_count":0,"scope":"observed_resolution_invalidations","status":"ready"},"symbols_total":2,"used_parallel_parse":false},"tool":"index"}
V18_JSON {"args":{"full":true,"path":"/tmp/.tmpqsTL3L/project"},"result":{"build_explain":{"gate_decisions":[{"pass":"synthesis_round","reason":"both signatures changed","run":true},{"pass":"community","reason":"full rebuild","run":true},{"pass":"git_cochange","reason":"cache key unavailable","run":true},{"pass":"infra","reason":"signature algorithm changed","run":true},{"pass":"adr","reason":"no recorded signature","run":true}]},"chunk_policy":{"bytes":16384,"chars":16384,"estimated_tokens":4096,"lines":80,"merge_min_bytes":256},"chunks_total":2,"dirty_plan":{"dependency_sql":{"fullscan_steps":0,"rows":0,"sorts":0,"statements":0,"vm_steps":0},"file_budget":0,"parsed_files":1,"reasons":[],"rebased":false,"resumed":false,"selected_dependents":0},"document_changes":{"files_projected":1,"removed":0,"render_failed":0,"reusable_inputs":0,"unchanged":0,"upserted":2},"elapsed_ms":221,"files_added":1,"files_parsed":1,"files_removed":0,"files_scanned":1,"files_skipped":0,"files_updated":0,"parse_errors":[],"phase_timing":{"analysis_ms":3,"parse_ms":29,"postprocess_ms":1,"resolve_ms":0,"scan_diff_ms":5,"write_ms":59},"project_model":{"catalog_files":1,"changed_configs":[],"config_inputs":0,"config_parse_cache_hits":0,"config_reads":0,"config_root_probes":5,"config_roots":0,"diagnostics":[],"go_fact_cache_hits":0,"go_source_reads":0,"input_digest":"6608a5a5cd33639a82b1be8d943f3148241d6520b8e0d9930909feaaf0ec5b8c","inventory_source":"shared_walk","modes":[],"rust_fact_cache_hits":0,"rust_source_reads":0,"version":3},"public_surface_coverage":{"known":1,"known_empty":0,"parsed_files":1,"unknown":0,"unknown_reasons":{}},"resolution_coverage":{"ambiguous":0,"incomplete_files":0,"modules_ambiguous":0,"modules_external":0,"modules_resolved":0,"modules_unknown":0,"modules_unresolved":0,"modules_unsupported":0,"omitted_records":0,"packages_resolved":0,"processed_files":1,"resolved":2,"unresolved":0,"unsupported":0},"resolution_freshness":{"basis_epoch":null,"complete":true,"completed_files":0,"index_epoch":5,"reason":null,"retry":null,"root_count":0,"scope":"observed_resolution_invalidations","status":"ready"},"symbols_total":2,"used_parallel_parse":false},"tool":"index"}
V18_JSON {"args":{"exact":true,"mode":"symbol","query":"needle","top_k":0},"result":[{"container":null,"end_line":2,"file_path":"needle.py","kind":"function","name":"needle","qname":"needle","signature":"def needle()","start_line":1,"symbol_id":"sym:f660a80f1a754bab","symbol_uid":"uid:3732066f97516c2c2f8efb6e"}],"tool":"search"}
V18_JSON {"args":{"aspect":"capabilities"},"result":{"capabilities":{"graph":true,"impact":true,"search":true},"has_index":true,"has_project":true,"indexed_files":1,"indexed_symbols":2,"resolution_freshness":{"basis_epoch":null,"complete":true,"completed_files":0,"index_epoch":5,"reason":null,"retry":null,"root_count":0,"scope":"observed_resolution_invalidations","status":"ready"},"retrieval":{"consistency":"point_in_time","default_effective_strategy":"auto","default_query_state":"available_with_per_query_checks","default_strategy":"auto","dense_reason":"semantic_no_active_space","dense_state":"disabled","diagnostic_sources":{"build":"BuildExplain on index response","graph":"GraphExplain on query response","lanes":"evidence_summary.retrieval.lanes or lane_receipts","packing":"evidence_summary.packing","selection":"evidence_summary.selection","semantic":"evidence_summary.retrieval.semantic (dense lane receipt projection)","source":"evidence_summary.source_freshness"},"execution":{"async_admitted":0,"async_in_flight":0,"async_limit":8,"completed":0,"cpu_admitted":0,"cpu_in_flight":0,"cpu_limit":4,"queue_limit":32,"rejected":0},"execution_scope":"process_shared_not_project_local","generation":{"evidence_epoch":1,"incarnation":[14,222,92,5,223,209,228,231,36,160,23,62,103,5,121,208],"index_epoch":5,"semantic_epoch":null},"generation_scope":"observed_database_snapshot","identity_validation":"checked_at_observation_boundary","index_state":"available","local_state":"available","pin_scope":"owned_query_views_including_inflight_clones_not_request_count","query_coverage":{"scope":"per_query_not_global","state":"not_measured"},"query_encoding":{"configured_opt_in":false,"network_authorized":false,"reason":"query_network_opt_in_required","request_scope":"nonlocal_nonempty_only"},"query_pins":1,"resolution_freshness":{"basis_epoch":null,"complete":true,"completed_files":0,"index_epoch":5,"reason":null,"retry":null,"root_count":0,"scope":"observed_resolution_invalidations","status":"ready"},"semantic_active_space":null,"semantic_state":"port_attached_unverified","service_state_scope":"process_observed_separately","spec":"retrieval-capabilities-v2"}},"tool":"status"}
V18_JSON {"args":{"exact":true,"mode":"symbol","query":"needle","retrieval_strategy":null,"top_k":0},"result":[{"container":null,"end_line":2,"file_path":"needle.py","kind":"function","name":"needle","qname":"needle","signature":"def needle()","start_line":1,"symbol_id":"sym:f660a80f1a754bab","symbol_uid":"uid:3732066f97516c2c2f8efb6e"}],"tool":"search"}
V18_JSON {"args":{"exact":true,"mode":"symbol","query":"needle","retrieval_strategy":"local","top_k":0},"result":[{"container":null,"end_line":2,"file_path":"needle.py","kind":"function","name":"needle","qname":"needle","signature":"def needle()","start_line":1,"symbol_id":"sym:f660a80f1a754bab","symbol_uid":"uid:3732066f97516c2c2f8efb6e"}],"tool":"search"}
[2m2026-10-08T03:53:39.027722Z[0m [32m INFO[0m [1mserve_inner[0m[2m:[0m [2mrmcp::service[0m[2m:[0m input stream terminated
[2m2026-10-08T03:53:39.027782Z[0m [32m INFO[0m [1mserve_inner[0m[2m:[0m [2mrmcp::service[0m[2m:[0m serve finished [3mquit_reason[0m[2m=[0mClosed
[2m2026-10-08T03:53:39.028492Z[0m [32m INFO[0m [2mcc_server::mcp[0m[2m:[0m MCP server shut down gracefully
test symbol_mode_preserves_legacy_array_and_sanitized_limits ... ok
[2m2026-10-08T03:53:39.036322Z[0m [32m INFO[0m [2mcc_server::semantic_runtime[0m[2m:[0m semantic worker GC page completed [3mkept_fresh[0m[2m=[0m0 [3mkept_referenced[0m[2m=[0m2 [3mkept_live_task[0m[2m=[0m0 [3mdeleted_objects[0m[2m=[0m0 [3mdeleted_halves[0m[2m=[0m0 [3mdeleted_temps[0m[2m=[0m0 [3mpruned_dirs[0m[2m=[0m0 [3mexhausted[0m[2m=[0mtrue
V18_JSON {"args":{"aspect":"capabilities"},"result":{"capabilities":{"graph":true,"impact":true,"search":true},"has_index":true,"has_project":true,"indexed_files":1,"indexed_symbols":2,"resolution_freshness":{"basis_epoch":null,"complete":true,"completed_files":0,"index_epoch":5,"reason":null,"retry":null,"root_count":0,"scope":"observed_resolution_invalidations","status":"ready"},"retrieval":{"consistency":"point_in_time","default_effective_strategy":"auto","default_query_state":"available_with_per_query_checks","default_strategy":"auto","dense_desired":2,"dense_published":2,"dense_reason":null,"dense_state":"ready","diagnostic_sources":{"build":"BuildExplain on index response","graph":"GraphExplain on query response","lanes":"evidence_summary.retrieval.lanes or lane_receipts","packing":"evidence_summary.packing","selection":"evidence_summary.selection","semantic":"evidence_summary.retrieval.semantic (dense lane receipt projection)","source":"evidence_summary.source_freshness"},"execution":{"async_admitted":0,"async_in_flight":0,"async_limit":8,"completed":0,"cpu_admitted":0,"cpu_in_flight":0,"cpu_limit":4,"queue_limit":32,"rejected":0},"execution_scope":"process_shared_not_project_local","generation":{"evidence_epoch":1,"incarnation":[14,222,92,5,223,209,228,231,36,160,23,62,103,5,121,208],"index_epoch":5,"semantic_epoch":3},"generation_scope":"observed_database_snapshot","identity_validation":"checked_at_observation_boundary","index_state":"available","local_state":"available","pin_scope":"owned_query_views_including_inflight_clones_not_request_count","query_coverage":{"scope":"per_query_not_global","state":"not_measured"},"query_encoding":{"configured_opt_in":false,"network_authorized":false,"reason":"query_network_opt_in_required","request_scope":"nonlocal_nonempty_only"},"query_pins":0,"resolution_freshness":{"basis_epoch":null,"complete":true,"completed_files":0,"index_epoch":5,"reason":null,"retry":null,"root_count":0,"scope":"observed_resolution_invalidations","status":"ready"},"semantic_active_space":"2eac300964ae66ba95651ecaa7c7c6aafb0c9aecbd8a130cfc50c030cd8688d4","semantic_failed":0,"semantic_pending":0,"semantic_state":"ready","service_state_scope":"process_observed_separately","spec":"retrieval-capabilities-v2"}},"tool":"status"}
V18_JSON {"args":{"aspect":"capabilities"},"result":{"capabilities":{"graph":true,"impact":true,"search":true},"has_index":true,"has_project":true,"indexed_files":1,"indexed_symbols":2,"resolution_freshness":{"basis_epoch":null,"complete":true,"completed_files":0,"index_epoch":5,"reason":null,"retry":null,"root_count":0,"scope":"observed_resolution_invalidations","status":"ready"},"retrieval":{"consistency":"point_in_time","default_effective_strategy":"auto","default_query_state":"available_with_per_query_checks","default_strategy":"auto","dense_desired":2,"dense_published":2,"dense_reason":null,"dense_state":"ready","diagnostic_sources":{"build":"BuildExplain on index response","graph":"GraphExplain on query response","lanes":"evidence_summary.retrieval.lanes or lane_receipts","packing":"evidence_summary.packing","selection":"evidence_summary.selection","semantic":"evidence_summary.retrieval.semantic (dense lane receipt projection)","source":"evidence_summary.source_freshness"},"execution":{"async_admitted":0,"async_in_flight":0,"async_limit":8,"completed":0,"cpu_admitted":0,"cpu_in_flight":0,"cpu_limit":4,"queue_limit":32,"rejected":0},"execution_scope":"process_shared_not_project_local","generation":{"evidence_epoch":1,"incarnation":[14,222,92,5,223,209,228,231,36,160,23,62,103,5,121,208],"index_epoch":5,"semantic_epoch":3},"generation_scope":"observed_database_snapshot","identity_validation":"checked_at_observation_boundary","index_state":"available","local_state":"available","pin_scope":"owned_query_views_including_inflight_clones_not_request_count","query_coverage":{"scope":"per_query_not_global","state":"not_measured"},"query_encoding":{"configured_opt_in":false,"network_authorized":false,"reason":"query_network_opt_in_required","request_scope":"nonlocal_nonempty_only"},"query_pins":0,"resolution_freshness":{"basis_epoch":null,"complete":true,"completed_files":0,"index_epoch":5,"reason":null,"retry":null,"root_count":0,"scope":"observed_resolution_invalidations","status":"ready"},"semantic_active_space":"2eac300964ae66ba95651ecaa7c7c6aafb0c9aecbd8a130cfc50c030cd8688d4","semantic_failed":0,"semantic_pending":0,"semantic_state":"ready","service_state_scope":"process_observed_separately","spec":"retrieval-capabilities-v2"}},"tool":"status"}
V18_JSON {"args":{"query":"v18_query_gate_omitted_search","retrieval_strategy":"auto"},"result":{"evidence_summary":{"files":[],"graph_enrichment":{"callees_added":0,"callers_added":0,"symbols_resolved":0,"tests_found":0},"packing":{"compacted":false,"configured_max_bytes":18000,"continuation":"Use files region/expand on retained references; recheck source version.","limit_bytes":16000,"omitted_hits":0,"omitted_nodes":0,"original_hits":0,"original_nodes":0,"partial":false,"spec":"whole-json-intent-facets-source-support-before-incidental-v5","token_estimate_method":"ceil(serialized_utf8_bytes/4); not a tokenizer","used_bytes":8125},"retrieval":{"cost":{"coverage":"originating query work; lexical FTS and hydration SQL here; grep stage SQL in grep.stages; excludes preselection/exact lookup/graph SQL, FTS internal work and storage I/O; not total cost or a hard limit","fused_candidates":0,"hydrate_requested":0,"hydration":{"sql":{"fullscan_steps":0,"rows":0,"sorts":0,"statements":0,"vm_steps":0},"text":{"cache_hits":0,"legacy_auto_reads":0,"storage_reads":0,"utf8_bytes":0,"zstd_decodes":0}},"lane_candidates":{"exact_symbol":0,"graph":0,"grep":0,"lexical":0,"path":0,"semantic":0},"lexical_sql":{"fullscan_steps":0,"rows":0,"sorts":1,"statements":1,"vm_steps":17},"schema_version":1},"grep":{"fallback_scanned":0,"prefilter_failed":false,"prefilter_scanned":0,"reason":null,"scan_cap":20000,"scanned":2,"skipped_duplicates":2,"soft_scanned":2,"stages":[{"stage":"soft","work":{"sql":{"fullscan_steps":0,"rows":2,"sorts":0,"statements":1,"vm_steps":29},"text":{"cache_hits":0,"legacy_auto_reads":0,"storage_reads":2,"utf8_bytes":66,"zstd_decodes":0}}},{"stage":"prefilter","work":{"sql":{"fullscan_steps":0,"rows":0,"sorts":1,"statements":1,"vm_steps":14},"text":{"cache_hits":0,"legacy_auto_reads":0,"storage_reads":0,"utf8_bytes":0,"zstd_decodes":0}}},{"stage":"fallback","work":{"sql":{"fullscan_steps":1,"rows":2,"sorts":0,"statements":1,"vm_steps":23},"text":{"cache_hits":0,"legacy_auto_reads":0,"storage_reads":0,"utf8_bytes":0,"zstd_decodes":0}}}],"status":"complete"},"lanes":[{"candidate_count":0,"candidates":[],"coverage":{"complete":true,"examined":null,"scope":"hard_scope","total_lower_bound":0},"elapsed_us":168,"lane_id":"exact_symbol","schema_version":1,"status":"complete","truncation_reason":null,"weight":1.1},{"candidate_count":0,"candidates":[],"coverage":{"complete":true,"examined":null,"scope":"hard_scope","total_lower_bound":0},"elapsed_us":389,"lane_id":"path","schema_version":1,"status":"complete","truncation_reason":null,"weight":1.0},{"candidate_count":0,"candidates":[],"coverage":{"complete":true,"examined":null,"scope":"hard_scope","total_lower_bound":0},"elapsed_us":304,"lane_id":"lexical","schema_version":1,"status":"complete","truncation_reason":null,"weight":1.1},{"candidate_count":0,"candidates":[],"coverage":{"complete":true,"examined":2,"scope":"hard_scope","total_lower_bound":0},"elapsed_us":1675,"lane_id":"grep","schema_version":1,"status":"complete","truncation_reason":null,"weight":0.8},{"candidate_count":0,"candidates":[],"coverage":{"complete":true,"examined":null,"scope":"hard_scope","total_lower_bound":0},"elapsed_us":463,"lane_id":"graph","schema_version":1,"status":"complete","truncation_reason":null,"weight":0.6},{"candidate_count":0,"candidates":[],"coverage":{"complete":false,"examined":null,"scope":"hard_scope","total_lower_bound":0},"elapsed_us":199,"lane_id":"semantic","schema_version":1,"status":"unavailable","truncation_reason":"query_vector_not_encoded","weight":1.0}],"policy":{"completeness":"all_executed_lane_limits_remain_visible; obligation_role_does_not_erase_partial","deadline_ms":30000,"effective":"auto","graph_source_mapping":"uid_byte_declaration_document; complete_mapping_is_not_whole_symbol_body_coverage","intent":"locate","lane_timeout_ms":20000,"no_answer":"empty_partial_is_not_absence; no_semantic_absence_claim_from_weak_rank","obligations":[{"lane_id":"exact_symbol","role":"identity","timeout_ms":20000},{"lane_id":"path","role":"identity","timeout_ms":20000},{"lane_id":"lexical","role":"source","timeout_ms":20000},{"lane_id":"grep","role":"source","timeout_ms":20000},{"lane_id":"graph","role":"supporting","timeout_ms":20000},{"lane_id":"semantic","role":"optional_recall","timeout_ms":5000}],"path_source_domain":"canonical_scoped_existing_path_docs; else_bounded_tokens; not_whole_file_coverage","requested":"auto","semantic_state":"configured","semantic_timeout_ms":5000,"semantic_top_k":24,"version":"query-policy-local-semantic-canonical-path-domain-v4"},"scope":{"budget":{"exact_symbol_candidates":24,"grep_candidates":12,"grep_enabled":true,"grep_scan_cap":20000,"lexical_candidates":24,"path_candidates":24,"rerank_window":40,"top_k":10,"units":"candidate limits count chunks; grep_scan_cap counts decompressions, not SQL work, total memory or time; cached diagnostics describe originating computation, not work repeated on a cache hit"},"hard":{"empty":false,"explicit_file_count":null,"languages":null,"path_prefix":null,"path_prefix_truncated":false,"semantics":"conjunctive_repository_relative_case_sensitive_components; empty means contradictory/explicit-empty constraint, not an inventory count"},"ordering":["exact-target first (identity tier, not an additive score)","rerank_score descending = sum(score_trace)","chunk_id ascending"],"policy":"canonical-scoped-exact-path-domain-compact-context-budget-v22","schema_version":1,"soft":{"contributions":"per-hit score_trace is the additive bill; stage_a_layer_scores explain its capped stage-a component and must not be added twice; raw hint and excluded paths omitted","hint_entries":{"overlay":0,"pinned":0,"recent":0,"working":0},"preselected_count":1,"role":"ranking_and_scan_priority_only"}}},"search_hits":0,"selection":{"facets":{},"input_candidates":0,"intent":"locate","intent_facet_anchors":{},"limit_omitted":0,"original_ranks":[],"overlap":{"fully_covered_candidates":0,"input_bytes":0,"redundant_bytes":0,"unique_bytes":0},"requested_limit":10,"selected":0,"selected_overlap":{"fully_covered_candidates":0,"input_bytes":0,"redundant_bytes":0,"unique_bytes":0},"source_covered_omissions":0,"source_support_anchors":[],"source_support_scope":"literal_program_cue_in_validated_twice_topk_window_only; not_global_uniqueness_or_exact_identity","spec":"anchored-facets-distinctive-source-union-v2","unmet_facets":[]},"source_freshness":{"budget_exhausted":false,"checked_files":0,"dense_manifest_fence":{"checked":0,"skip_disposition":"stale_publication_skipped","skipped":0},"generation":{"evidence_epoch":1,"incarnation":[14,222,92,5,223,209,228,231,36,160,23,62,103,5,121,208],"index_epoch":5,"semantic_epoch":3},"hydrator":"current-document-scope-source-generation-v1","omitted_files":{},"partial":false,"read_budget_charged":0,"scope":"bounded per-file disk verification and optimistic full read generation; not an atomic filesystem snapshot","validation_work":{"candidate_projection_sql":{"fullscan_steps":0,"rows":0,"sorts":0,"statements":0,"vm_steps":0},"coverage":"current final-assembly attempt SELECTs for manifest, symbol identity and candidate projection; excludes prior attempts, transaction control, originating retrieval, generation, dense fence, graph and disk work; not total cost","schema_version":1,"source_records_sql":{"fullscan_steps":0,"rows":0,"sorts":0,"statements":0,"vm_steps":0}},"verified_hits":0}},"intent":"locate","invalidations":[],"machine_pack":{"hits":[],"kind":"code_index_context","query":"v18_query_gate_omitted_search","repo_size_tier":"Tiny","token_budget":4000,"top_k":10},"nodes":[],"query":"v18_query_gate_omitted_search","reasons":["hybrid search over code index"],"rendered_prompt":"Task: code-index search\nIntent: locate\nQuery: v18_query_gate_omitted_search\n\n","resolution_freshness":{"basis_epoch":null,"complete":true,"completed_files":0,"index_epoch":5,"reason":null,"retry":null,"root_count":0,"scope":"observed_resolution_invalidations","status":"ready"},"revision":0,"spans":[],"summary":"No results found within the scan budget for `v18_query_gate_omitted_search`; retrieval is incomplete.","task":"v18_query_gate_omitted_search","token_budget":4000,"token_estimate":2032},"tool":"search"}
V18_JSON {"args":{"retrieval_strategy":"auto","task":"v18_query_gate_omitted_context"},"result":{"evidence_summary":{"files":[],"graph_enrichment":{"callees_added":0,"callers_added":0,"symbols_resolved":0,"tests_found":0},"packing":{"compacted":false,"configured_max_bytes":18000,"continuation":"Use files region/expand on retained references; recheck source version.","limit_bytes":16000,"omitted_hits":0,"omitted_nodes":0,"original_hits":0,"original_nodes":0,"partial":false,"spec":"whole-json-intent-facets-source-support-before-incidental-v5","token_estimate_method":"ceil(serialized_utf8_bytes/4); not a tokenizer","used_bytes":8133},"retrieval":{"cost":{"coverage":"originating query work; lexical FTS and hydration SQL here; grep stage SQL in grep.stages; excludes preselection/exact lookup/graph SQL, FTS internal work and storage I/O; not total cost or a hard limit","fused_candidates":0,"hydrate_requested":0,"hydration":{"sql":{"fullscan_steps":0,"rows":0,"sorts":0,"statements":0,"vm_steps":0},"text":{"cache_hits":0,"legacy_auto_reads":0,"storage_reads":0,"utf8_bytes":0,"zstd_decodes":0}},"lane_candidates":{"exact_symbol":0,"graph":0,"grep":0,"lexical":0,"path":0,"semantic":0},"lexical_sql":{"fullscan_steps":0,"rows":0,"sorts":1,"statements":1,"vm_steps":17},"schema_version":1},"grep":{"fallback_scanned":0,"prefilter_failed":false,"prefilter_scanned":0,"reason":null,"scan_cap":20000,"scanned":2,"skipped_duplicates":2,"soft_scanned":2,"stages":[{"stage":"soft","work":{"sql":{"fullscan_steps":0,"rows":2,"sorts":0,"statements":1,"vm_steps":29},"text":{"cache_hits":0,"legacy_auto_reads":0,"storage_reads":2,"utf8_bytes":66,"zstd_decodes":0}}},{"stage":"prefilter","work":{"sql":{"fullscan_steps":0,"rows":0,"sorts":1,"statements":1,"vm_steps":14},"text":{"cache_hits":0,"legacy_auto_reads":0,"storage_reads":0,"utf8_bytes":0,"zstd_decodes":0}}},{"stage":"fallback","work":{"sql":{"fullscan_steps":1,"rows":2,"sorts":0,"statements":1,"vm_steps":23},"text":{"cache_hits":0,"legacy_auto_reads":0,"storage_reads":0,"utf8_bytes":0,"zstd_decodes":0}}}],"status":"complete"},"lanes":[{"candidate_count":0,"candidates":[],"coverage":{"complete":true,"examined":null,"scope":"hard_scope","total_lower_bound":0},"elapsed_us":1165,"lane_id":"exact_symbol","schema_version":1,"status":"complete","truncation_reason":null,"weight":1.1},{"candidate_count":0,"candidates":[],"coverage":{"complete":true,"examined":null,"scope":"hard_scope","total_lower_bound":0},"elapsed_us":1317,"lane_id":"path","schema_version":1,"status":"complete","truncation_reason":null,"weight":1.0},{"candidate_count":0,"candidates":[],"coverage":{"complete":true,"examined":null,"scope":"hard_scope","total_lower_bound":0},"elapsed_us":1182,"lane_id":"lexical","schema_version":1,"status":"complete","truncation_reason":null,"weight":1.1},{"candidate_count":0,"candidates":[],"coverage":{"complete":true,"examined":2,"scope":"hard_scope","total_lower_bound":0},"elapsed_us":1596,"lane_id":"grep","schema_version":1,"status":"complete","truncation_reason":null,"weight":0.8},{"candidate_count":0,"candidates":[],"coverage":{"complete":true,"examined":null,"scope":"hard_scope","total_lower_bound":0},"elapsed_us":325,"lane_id":"graph","schema_version":1,"status":"complete","truncation_reason":null,"weight":0.6},{"candidate_count":0,"candidates":[],"coverage":{"complete":false,"examined":null,"scope":"hard_scope","total_lower_bound":0},"elapsed_us":116,"lane_id":"semantic","schema_version":1,"status":"unavailable","truncation_reason":"query_vector_not_encoded","weight":1.0}],"policy":{"completeness":"all_executed_lane_limits_remain_visible; obligation_role_does_not_erase_partial","deadline_ms":30000,"effective":"auto","graph_source_mapping":"uid_byte_declaration_document; complete_mapping_is_not_whole_symbol_body_coverage","intent":"locate","lane_timeout_ms":20000,"no_answer":"empty_partial_is_not_absence; no_semantic_absence_claim_from_weak_rank","obligations":[{"lane_id":"exact_symbol","role":"identity","timeout_ms":20000},{"lane_id":"path","role":"identity","timeout_ms":20000},{"lane_id":"lexical","role":"source","timeout_ms":20000},{"lane_id":"grep","role":"source","timeout_ms":20000},{"lane_id":"graph","role":"supporting","timeout_ms":20000},{"lane_id":"semantic","role":"optional_recall","timeout_ms":5000}],"path_source_domain":"canonical_scoped_existing_path_docs; else_bounded_tokens; not_whole_file_coverage","requested":"auto","semantic_state":"configured","semantic_timeout_ms":5000,"semantic_top_k":24,"version":"query-policy-local-semantic-canonical-path-domain-v4"},"scope":{"budget":{"exact_symbol_candidates":24,"grep_candidates":12,"grep_enabled":true,"grep_scan_cap":20000,"lexical_candidates":24,"path_candidates":24,"rerank_window":40,"top_k":10,"units":"candidate limits count chunks; grep_scan_cap counts decompressions, not SQL work, total memory or time; cached diagnostics describe originating computation, not work repeated on a cache hit"},"hard":{"empty":false,"explicit_file_count":null,"languages":null,"path_prefix":null,"path_prefix_truncated":false,"semantics":"conjunctive_repository_relative_case_sensitive_components; empty means contradictory/explicit-empty constraint, not an inventory count"},"ordering":["exact-target first (identity tier, not an additive score)","rerank_score descending = sum(score_trace)","chunk_id ascending"],"policy":"canonical-scoped-exact-path-domain-compact-context-budget-v22","schema_version":1,"soft":{"contributions":"per-hit score_trace is the additive bill; stage_a_layer_scores explain its capped stage-a component and must not be added twice; raw hint and excluded paths omitted","hint_entries":{"overlay":0,"pinned":0,"recent":0,"working":0},"preselected_count":1,"role":"ranking_and_scan_priority_only"}}},"search_hits":0,"selection":{"facets":{},"input_candidates":0,"intent":"locate","intent_facet_anchors":{},"limit_omitted":0,"original_ranks":[],"overlap":{"fully_covered_candidates":0,"input_bytes":0,"redundant_bytes":0,"unique_bytes":0},"requested_limit":10,"selected":0,"selected_overlap":{"fully_covered_candidates":0,"input_bytes":0,"redundant_bytes":0,"unique_bytes":0},"source_covered_omissions":0,"source_support_anchors":[],"source_support_scope":"literal_program_cue_in_validated_twice_topk_window_only; not_global_uniqueness_or_exact_identity","spec":"anchored-facets-distinctive-source-union-v2","unmet_facets":[]},"source_freshness":{"budget_exhausted":false,"checked_files":0,"dense_manifest_fence":{"checked":0,"skip_disposition":"stale_publication_skipped","skipped":0},"generation":{"evidence_epoch":1,"incarnation":[14,222,92,5,223,209,228,231,36,160,23,62,103,5,121,208],"index_epoch":5,"semantic_epoch":3},"hydrator":"current-document-scope-source-generation-v1","omitted_files":{},"partial":false,"read_budget_charged":0,"scope":"bounded per-file disk verification and optimistic full read generation; not an atomic filesystem snapshot","validation_work":{"candidate_projection_sql":{"fullscan_steps":0,"rows":0,"sorts":0,"statements":0,"vm_steps":0},"coverage":"current final-assembly attempt SELECTs for manifest, symbol identity and candidate projection; excludes prior attempts, transaction control, originating retrieval, generation, dense fence, graph and disk work; not total cost","schema_version":1,"source_records_sql":{"fullscan_steps":0,"rows":0,"sorts":0,"statements":0,"vm_steps":0}},"verified_hits":0}},"intent":"locate","invalidations":[],"machine_pack":{"hits":[],"kind":"code_index_context","query":"v18_query_gate_omitted_context","repo_size_tier":"Tiny","token_budget":4000,"top_k":10},"nodes":[],"query":"v18_query_gate_omitted_context","reasons":["hybrid search over code index"],"rendered_prompt":"Task: code-index search\nIntent: locate\nQuery: v18_query_gate_omitted_context\n\n","resolution_freshness":{"basis_epoch":null,"complete":true,"completed_files":0,"index_epoch":5,"reason":null,"retry":null,"root_count":0,"scope":"observed_resolution_invalidations","status":"ready"},"revision":0,"spans":[],"summary":"No results found within the scan budget for `v18_query_gate_omitted_context`; retrieval is incomplete.","task":"v18_query_gate_omitted_context","token_budget":4000,"token_estimate":2034},"tool":"context"}
V18_JSON {"document_http_calls":2,"only_loopback":true,"query_http_calls":0,"real_credentials":false,"requests":[{"encoding_format":"float","input":["CODECORTEX_EMBED_V1\nmetadata: {\"language\":\"python\",\"metadata_truncated\":false,\"parent\":\"needle\",\"path\":\"needle.py\",\"signature\":\"def needle():\\n    \",\"source_span\":{\"end\":28,\"start\":0}}\nsource:\ndef needle():\n    return 731"],"model":"synthetic-v18-contract"},{"encoding_format":"float","input":["CODECORTEX_EMBED_V1\nmetadata: {\"language\":\"python\",\"metadata_truncated\":false,\"parent\":\"neighbor\",\"path\":\"needle.py\",\"signature\":\"def neighbor():\\n    \",\"source_span\":{\"end\":66,\"start\":28}}\nsource:\n\n\ndef neighbor():\n    return needle()\n"],"model":"synthetic-v18-contract"}],"synthetic_vectors":true}
[2m2026-10-08T03:53:39.063234Z[0m [32m INFO[0m [1mserve_inner[0m[2m:[0m [2mrmcp::service[0m[2m:[0m input stream terminated
[2m2026-10-08T03:53:39.063293Z[0m [32m INFO[0m [1mserve_inner[0m[2m:[0m [2mrmcp::service[0m[2m:[0m serve finished [3mquit_reason[0m[2m=[0mClosed
[2m2026-10-08T03:53:39.063464Z[0m [32m INFO[0m [2mcc_server::mcp[0m[2m:[0m MCP server shut down gracefully
[2m2026-10-08T03:53:39.076445Z[0m [32m INFO[0m [2mcc_db::index_migrate[0m[2m:[0m initializing index schema [3mversion[0m[2m=[0m25
[2m2026-10-08T03:53:39.091783Z[0m [32m INFO[0m [1mserve_inner[0m[2m:[0m [2mrmcp::service[0m[2m:[0m Service initialized as server [3mpeer_info[0m[2m=[0mSome(InitializeRequestParams { meta: None, protocol_version: ProtocolVersion("2025-11-25"), capabilities: ClientCapabilities { experimental: None, extensions: None, roots: None, sampling: None, elicitation: None, tasks: None }, client_info: Implementation { name: "rmcp", title: None, version: "2.2.0", description: None, icons: None, website_url: None } })
[2m2026-10-08T03:53:39.091868Z[0m [32m INFO[0m [2mcc_server::mcp[0m[2m:[0m MCP server started on stdio
[2m2026-10-08T03:53:39.092092Z[0m [32m INFO[0m [1mserve_inner[0m[2m:[0m [2mrmcp::service[0m[2m:[0m received notification [3mnotification[0m[2m=[0mInitializedNotification(NotificationNoParam { method: InitializedNotificationMethod, extensions: Extensions })
[2m2026-10-08T03:53:39.092165Z[0m [32m INFO[0m [1mserve_inner[0m[2m:[0m [2mrmcp::handler::server[0m[2m:[0m client initialized
[2m2026-10-08T03:53:39.092832Z[0m [32m INFO[0m [2mcc_index::memory_budget[0m[2m:[0m memory budget initialized [3mtotal_ram_mb[0m[2m=[0m15989 [3mbudget_mb[0m[2m=[0m7994 [3mfraction[0m[2m=[0m0.5
[2m2026-10-08T03:53:39.118084Z[0m [32m INFO[0m [2mcc_db::index_db_rebuild[0m[2m:[0m full rebuild: creating temp database [3mtmp[0m[2m=[0m/tmp/.tmpecsKCn/project/.codecortex/index.sqlite3.tmp
[2m2026-10-08T03:53:39.161629Z[0m [32m INFO[0m [2mcc_db::index_db_rebuild[0m[2m:[0m full rebuild: writing data to temp database
[2m2026-10-08T03:53:39.164264Z[0m [32m INFO[0m [2mcc_db::index_db_rebuild[0m[2m:[0m full rebuild: recreating indexes
[2m2026-10-08T03:53:39.184589Z[0m [32m INFO[0m [2mcc_db::index_db_rebuild[0m[2m:[0m full rebuild: temp database ready for swap
[2m2026-10-08T03:53:39.184770Z[0m [32m INFO[0m [2mcc_index::memory_budget[0m[2m:[0m memory budget initialized [3mtotal_ram_mb[0m[2m=[0m15989 [3mbudget_mb[0m[2m=[0m7994 [3mfraction[0m[2m=[0m0.5
[2m2026-10-08T03:53:39.214533Z[0m [32m INFO[0m [2mcc_index::memory_budget[0m[2m:[0m memory budget initialized [3mtotal_ram_mb[0m[2m=[0m15989 [3mbudget_mb[0m[2m=[0m7994 [3mfraction[0m[2m=[0m0.5
[2m2026-10-08T03:53:39.218363Z[0m [32m INFO[0m [2mcc_index::memory_budget[0m[2m:[0m memory budget initialized [3mtotal_ram_mb[0m[2m=[0m15989 [3mbudget_mb[0m[2m=[0m7994 [3mfraction[0m[2m=[0m0.5
V18_JSON {"args":{"full":true,"path":"/tmp/.tmpecsKCn/project"},"result":{"build_explain":{"gate_decisions":[{"pass":"synthesis_round","reason":"both signatures changed","run":true},{"pass":"community","reason":"full rebuild","run":true},{"pass":"git_cochange","reason":"cache key unavailable","run":true},{"pass":"infra","reason":"signature algorithm changed","run":true},{"pass":"adr","reason":"no recorded signature","run":true}]},"chunk_policy":{"bytes":16384,"chars":16384,"estimated_tokens":4096,"lines":80,"merge_min_bytes":256},"chunks_total":2,"dirty_plan":{"dependency_sql":{"fullscan_steps":0,"rows":0,"sorts":0,"statements":0,"vm_steps":0},"file_budget":0,"parsed_files":1,"reasons":[],"rebased":false,"resumed":false,"selected_dependents":0},"document_changes":{"files_projected":1,"removed":0,"render_failed":0,"reusable_inputs":0,"unchanged":0,"upserted":2},"elapsed_ms":126,"files_added":1,"files_parsed":1,"files_removed":0,"files_scanned":1,"files_skipped":0,"files_updated":0,"parse_errors":[],"phase_timing":{"analysis_ms":2,"parse_ms":20,"postprocess_ms":0,"resolve_ms":0,"scan_diff_ms":3,"write_ms":29},"project_model":{"catalog_files":1,"changed_configs":[],"config_inputs":0,"config_parse_cache_hits":0,"config_reads":0,"config_root_probes":5,"config_roots":0,"diagnostics":[],"go_fact_cache_hits":0,"go_source_reads":0,"input_digest":"6608a5a5cd33639a82b1be8d943f3148241d6520b8e0d9930909feaaf0ec5b8c","inventory_source":"shared_walk","modes":[],"rust_fact_cache_hits":0,"rust_source_reads":0,"version":3},"public_surface_coverage":{"known":1,"known_empty":0,"parsed_files":1,"unknown":0,"unknown_reasons":{}},"resolution_coverage":{"ambiguous":0,"incomplete_files":0,"modules_ambiguous":0,"modules_external":0,"modules_resolved":0,"modules_unknown":0,"modules_unresolved":0,"modules_unsupported":0,"omitted_records":0,"packages_resolved":0,"processed_files":1,"resolved":2,"unresolved":0,"unsupported":0},"resolution_freshness":{"basis_epoch":null,"complete":true,"completed_files":0,"index_epoch":5,"reason":null,"retry":null,"root_count":0,"scope":"observed_resolution_invalidations","status":"ready"},"symbols_total":2,"used_parallel_parse":false},"tool":"index"}
V18_JSON {"args":{"aspect":"capabilities"},"result":{"capabilities":{"graph":true,"impact":true,"search":true},"has_index":true,"has_project":true,"indexed_files":1,"indexed_symbols":2,"resolution_freshness":{"basis_epoch":null,"complete":true,"completed_files":0,"index_epoch":5,"reason":null,"retry":null,"root_count":0,"scope":"observed_resolution_invalidations","status":"ready"},"retrieval":{"consistency":"point_in_time","default_effective_strategy":"auto","default_query_state":"available_with_per_query_checks","default_strategy":"auto","dense_reason":"semantic_no_active_space","dense_state":"disabled","diagnostic_sources":{"build":"BuildExplain on index response","graph":"GraphExplain on query response","lanes":"evidence_summary.retrieval.lanes or lane_receipts","packing":"evidence_summary.packing","selection":"evidence_summary.selection","semantic":"evidence_summary.retrieval.semantic (dense lane receipt projection)","source":"evidence_summary.source_freshness"},"execution":{"async_admitted":0,"async_in_flight":0,"async_limit":8,"completed":0,"cpu_admitted":0,"cpu_in_flight":0,"cpu_limit":4,"queue_limit":32,"rejected":0},"execution_scope":"process_shared_not_project_local","generation":{"evidence_epoch":1,"incarnation":[111,88,133,9,210,73,178,168,161,23,22,179,19,165,220,169],"index_epoch":5,"semantic_epoch":null},"generation_scope":"observed_database_snapshot","identity_validation":"checked_at_observation_boundary","index_state":"available","local_state":"available","pin_scope":"owned_query_views_including_inflight_clones_not_request_count","query_coverage":{"scope":"per_query_not_global","state":"not_measured"},"query_encoding":{"configured_opt_in":false,"network_authorized":false,"reason":"query_network_opt_in_required","request_scope":"nonlocal_nonempty_only"},"query_pins":1,"resolution_freshness":{"basis_epoch":null,"complete":true,"completed_files":0,"index_epoch":5,"reason":null,"retry":null,"root_count":0,"scope":"observed_resolution_invalidations","status":"ready"},"semantic_active_space":null,"semantic_state":"port_attached_unverified","service_state_scope":"process_observed_separately","spec":"retrieval-capabilities-v2"}},"tool":"status"}
V18_JSON {"args":{"aspect":"capabilities"},"result":{"capabilities":{"graph":true,"impact":true,"search":true},"has_index":true,"has_project":true,"indexed_files":1,"indexed_symbols":2,"resolution_freshness":{"basis_epoch":null,"complete":true,"completed_files":0,"index_epoch":5,"reason":null,"retry":null,"root_count":0,"scope":"observed_resolution_invalidations","status":"ready"},"retrieval":{"consistency":"point_in_time","default_effective_strategy":"auto","default_query_state":"available_with_per_query_checks","default_strategy":"auto","dense_desired":2,"dense_published":0,"dense_reason":"semantic_coverage_uncovered","dense_state":"partial","diagnostic_sources":{"build":"BuildExplain on index response","graph":"GraphExplain on query response","lanes":"evidence_summary.retrieval.lanes or lane_receipts","packing":"evidence_summary.packing","selection":"evidence_summary.selection","semantic":"evidence_summary.retrieval.semantic (dense lane receipt projection)","source":"evidence_summary.source_freshness"},"execution":{"async_admitted":0,"async_in_flight":0,"async_limit":8,"completed":0,"cpu_admitted":0,"cpu_in_flight":0,"cpu_limit":4,"queue_limit":32,"rejected":0},"execution_scope":"process_shared_not_project_local","generation":{"evidence_epoch":1,"incarnation":[111,88,133,9,210,73,178,168,161,23,22,179,19,165,220,169],"index_epoch":5,"semantic_epoch":1},"generation_scope":"observed_database_snapshot","identity_validation":"checked_at_observation_boundary","index_state":"available","local_state":"available","pin_scope":"owned_query_views_including_inflight_clones_not_request_count","query_coverage":{"scope":"per_query_not_global","state":"not_measured"},"query_encoding":{"configured_opt_in":false,"network_authorized":false,"reason":"query_network_opt_in_required","request_scope":"nonlocal_nonempty_only"},"query_pins":1,"resolution_freshness":{"basis_epoch":null,"complete":true,"completed_files":0,"index_epoch":5,"reason":null,"retry":null,"root_count":0,"scope":"observed_resolution_invalidations","status":"ready"},"semantic_active_space":"2eac300964ae66ba95651ecaa7c7c6aafb0c9aecbd8a130cfc50c030cd8688d4","semantic_failed":0,"semantic_pending":2,"semantic_state":"backfilling","service_state_scope":"process_observed_separately","spec":"retrieval-capabilities-v2"}},"tool":"status"}
[2m2026-10-08T03:53:39.269791Z[0m [32m INFO[0m [2mcc_server::semantic_runtime[0m[2m:[0m semantic worker GC page completed [3mkept_fresh[0m[2m=[0m0 [3mkept_referenced[0m[2m=[0m2 [3mkept_live_task[0m[2m=[0m0 [3mdeleted_objects[0m[2m=[0m0 [3mdeleted_halves[0m[2m=[0m0 [3mdeleted_temps[0m[2m=[0m0 [3mpruned_dirs[0m[2m=[0m0 [3mexhausted[0m[2m=[0mtrue
V18_JSON {"args":{"aspect":"capabilities"},"result":{"capabilities":{"graph":true,"impact":true,"search":true},"has_index":true,"has_project":true,"indexed_files":1,"indexed_symbols":2,"resolution_freshness":{"basis_epoch":null,"complete":true,"completed_files":0,"index_epoch":5,"reason":null,"retry":null,"root_count":0,"scope":"observed_resolution_invalidations","status":"ready"},"retrieval":{"consistency":"point_in_time","default_effective_strategy":"auto","default_query_state":"available_with_per_query_checks","default_strategy":"auto","dense_desired":2,"dense_published":2,"dense_reason":null,"dense_state":"ready","diagnostic_sources":{"build":"BuildExplain on index response","graph":"GraphExplain on query response","lanes":"evidence_summary.retrieval.lanes or lane_receipts","packing":"evidence_summary.packing","selection":"evidence_summary.selection","semantic":"evidence_summary.retrieval.semantic (dense lane receipt projection)","source":"evidence_summary.source_freshness"},"execution":{"async_admitted":0,"async_in_flight":0,"async_limit":8,"completed":0,"cpu_admitted":0,"cpu_in_flight":0,"cpu_limit":4,"queue_limit":32,"rejected":0},"execution_scope":"process_shared_not_project_local","generation":{"evidence_epoch":1,"incarnation":[111,88,133,9,210,73,178,168,161,23,22,179,19,165,220,169],"index_epoch":5,"semantic_epoch":3},"generation_scope":"observed_database_snapshot","identity_validation":"checked_at_observation_boundary","index_state":"available","local_state":"available","pin_scope":"owned_query_views_including_inflight_clones_not_request_count","query_coverage":{"scope":"per_query_not_global","state":"not_measured"},"query_encoding":{"configured_opt_in":false,"network_authorized":false,"reason":"query_network_opt_in_required","request_scope":"nonlocal_nonempty_only"},"query_pins":0,"resolution_freshness":{"basis_epoch":null,"complete":true,"completed_files":0,"index_epoch":5,"reason":null,"retry":null,"root_count":0,"scope":"observed_resolution_invalidations","status":"ready"},"semantic_active_space":"2eac300964ae66ba95651ecaa7c7c6aafb0c9aecbd8a130cfc50c030cd8688d4","semantic_failed":0,"semantic_pending":0,"semantic_state":"ready","service_state_scope":"process_observed_separately","spec":"retrieval-capabilities-v2"}},"tool":"status"}
V18_JSON {"args":{"aspect":"capabilities"},"result":{"capabilities":{"graph":true,"impact":true,"search":true},"has_index":true,"has_project":true,"indexed_files":1,"indexed_symbols":2,"resolution_freshness":{"basis_epoch":null,"complete":true,"completed_files":0,"index_epoch":5,"reason":null,"retry":null,"root_count":0,"scope":"observed_resolution_invalidations","status":"ready"},"retrieval":{"consistency":"point_in_time","default_effective_strategy":"auto","default_query_state":"available_with_per_query_checks","default_strategy":"auto","dense_desired":2,"dense_published":2,"dense_reason":null,"dense_state":"ready","diagnostic_sources":{"build":"BuildExplain on index response","graph":"GraphExplain on query response","lanes":"evidence_summary.retrieval.lanes or lane_receipts","packing":"evidence_summary.packing","selection":"evidence_summary.selection","semantic":"evidence_summary.retrieval.semantic (dense lane receipt projection)","source":"evidence_summary.source_freshness"},"execution":{"async_admitted":0,"async_in_flight":0,"async_limit":8,"completed":0,"cpu_admitted":0,"cpu_in_flight":0,"cpu_limit":4,"queue_limit":32,"rejected":0},"execution_scope":"process_shared_not_project_local","generation":{"evidence_epoch":1,"incarnation":[111,88,133,9,210,73,178,168,161,23,22,179,19,165,220,169],"index_epoch":5,"semantic_epoch":3},"generation_scope":"observed_database_snapshot","identity_validation":"checked_at_observation_boundary","index_state":"available","local_state":"available","pin_scope":"owned_query_views_including_inflight_clones_not_request_count","query_coverage":{"scope":"per_query_not_global","state":"not_measured"},"query_encoding":{"configured_opt_in":false,"network_authorized":false,"reason":"query_network_opt_in_required","request_scope":"nonlocal_nonempty_only"},"query_pins":0,"resolution_freshness":{"basis_epoch":null,"complete":true,"completed_files":0,"index_epoch":5,"reason":null,"retry":null,"root_count":0,"scope":"observed_resolution_invalidations","status":"ready"},"semantic_active_space":"2eac300964ae66ba95651ecaa7c7c6aafb0c9aecbd8a130cfc50c030cd8688d4","semantic_failed":0,"semantic_pending":0,"semantic_state":"ready","service_state_scope":"process_observed_separately","spec":"retrieval-capabilities-v2"}},"tool":"status"}
V18_JSON {"args":{"query":"v18_query_gate_false_search","retrieval_strategy":"auto"},"result":{"evidence_summary":{"files":[],"graph_enrichment":{"callees_added":0,"callers_added":0,"symbols_resolved":0,"tests_found":0},"packing":{"compacted":false,"configured_max_bytes":18000,"continuation":"Use files region/expand on retained references; recheck source version.","limit_bytes":16000,"omitted_hits":0,"omitted_nodes":0,"original_hits":0,"original_nodes":0,"partial":false,"spec":"whole-json-intent-facets-source-support-before-incidental-v5","token_estimate_method":"ceil(serialized_utf8_bytes/4); not a tokenizer","used_bytes":8117},"retrieval":{"cost":{"coverage":"originating query work; lexical FTS and hydration SQL here; grep stage SQL in grep.stages; excludes preselection/exact lookup/graph SQL, FTS internal work and storage I/O; not total cost or a hard limit","fused_candidates":0,"hydrate_requested":0,"hydration":{"sql":{"fullscan_steps":0,"rows":0,"sorts":0,"statements":0,"vm_steps":0},"text":{"cache_hits":0,"legacy_auto_reads":0,"storage_reads":0,"utf8_bytes":0,"zstd_decodes":0}},"lane_candidates":{"exact_symbol":0,"graph":0,"grep":0,"lexical":0,"path":0,"semantic":0},"lexical_sql":{"fullscan_steps":0,"rows":0,"sorts":1,"statements":1,"vm_steps":17},"schema_version":1},"grep":{"fallback_scanned":0,"prefilter_failed":false,"prefilter_scanned":0,"reason":null,"scan_cap":20000,"scanned":2,"skipped_duplicates":2,"soft_scanned":2,"stages":[{"stage":"soft","work":{"sql":{"fullscan_steps":0,"rows":2,"sorts":0,"statements":1,"vm_steps":29},"text":{"cache_hits":0,"legacy_auto_reads":0,"storage_reads":2,"utf8_bytes":66,"zstd_decodes":0}}},{"stage":"prefilter","work":{"sql":{"fullscan_steps":0,"rows":0,"sorts":1,"statements":1,"vm_steps":14},"text":{"cache_hits":0,"legacy_auto_reads":0,"storage_reads":0,"utf8_bytes":0,"zstd_decodes":0}}},{"stage":"fallback","work":{"sql":{"fullscan_steps":1,"rows":2,"sorts":0,"statements":1,"vm_steps":23},"text":{"cache_hits":0,"legacy_auto_reads":0,"storage_reads":0,"utf8_bytes":0,"zstd_decodes":0}}}],"status":"complete"},"lanes":[{"candidate_count":0,"candidates":[],"coverage":{"complete":true,"examined":null,"scope":"hard_scope","total_lower_bound":0},"elapsed_us":172,"lane_id":"exact_symbol","schema_version":1,"status":"complete","truncation_reason":null,"weight":1.1},{"candidate_count":0,"candidates":[],"coverage":{"complete":true,"examined":null,"scope":"hard_scope","total_lower_bound":0},"elapsed_us":340,"lane_id":"path","schema_version":1,"status":"complete","truncation_reason":null,"weight":1.0},{"candidate_count":0,"candidates":[],"coverage":{"complete":true,"examined":null,"scope":"hard_scope","total_lower_bound":0},"elapsed_us":394,"lane_id":"lexical","schema_version":1,"status":"complete","truncation_reason":null,"weight":1.1},{"candidate_count":0,"candidates":[],"coverage":{"complete":true,"examined":2,"scope":"hard_scope","total_lower_bound":0},"elapsed_us":1639,"lane_id":"grep","schema_version":1,"status":"complete","truncation_reason":null,"weight":0.8},{"candidate_count":0,"candidates":[],"coverage":{"complete":true,"examined":null,"scope":"hard_scope","total_lower_bound":0},"elapsed_us":449,"lane_id":"graph","schema_version":1,"status":"complete","truncation_reason":null,"weight":0.6},{"candidate_count":0,"candidates":[],"coverage":{"complete":false,"examined":null,"scope":"hard_scope","total_lower_bound":0},"elapsed_us":173,"lane_id":"semantic","schema_version":1,"status":"unavailable","truncation_reason":"query_vector_not_encoded","weight":1.0}],"policy":{"completeness":"all_executed_lane_limits_remain_visible; obligation_role_does_not_erase_partial","deadline_ms":30000,"effective":"auto","graph_source_mapping":"uid_byte_declaration_document; complete_mapping_is_not_whole_symbol_body_coverage","intent":"locate","lane_timeout_ms":20000,"no_answer":"empty_partial_is_not_absence; no_semantic_absence_claim_from_weak_rank","obligations":[{"lane_id":"exact_symbol","role":"identity","timeout_ms":20000},{"lane_id":"path","role":"identity","timeout_ms":20000},{"lane_id":"lexical","role":"source","timeout_ms":20000},{"lane_id":"grep","role":"source","timeout_ms":20000},{"lane_id":"graph","role":"supporting","timeout_ms":20000},{"lane_id":"semantic","role":"optional_recall","timeout_ms":5000}],"path_source_domain":"canonical_scoped_existing_path_docs; else_bounded_tokens; not_whole_file_coverage","requested":"auto","semantic_state":"configured","semantic_timeout_ms":5000,"semantic_top_k":24,"version":"query-policy-local-semantic-canonical-path-domain-v4"},"scope":{"budget":{"exact_symbol_candidates":24,"grep_candidates":12,"grep_enabled":true,"grep_scan_cap":20000,"lexical_candidates":24,"path_candidates":24,"rerank_window":40,"top_k":10,"units":"candidate limits count chunks; grep_scan_cap counts decompressions, not SQL work, total memory or time; cached diagnostics describe originating computation, not work repeated on a cache hit"},"hard":{"empty":false,"explicit_file_count":null,"languages":null,"path_prefix":null,"path_prefix_truncated":false,"semantics":"conjunctive_repository_relative_case_sensitive_components; empty means contradictory/explicit-empty constraint, not an inventory count"},"ordering":["exact-target first (identity tier, not an additive score)","rerank_score descending = sum(score_trace)","chunk_id ascending"],"policy":"canonical-scoped-exact-path-domain-compact-context-budget-v22","schema_version":1,"soft":{"contributions":"per-hit score_trace is the additive bill; stage_a_layer_scores explain its capped stage-a component and must not be added twice; raw hint and excluded paths omitted","hint_entries":{"overlay":0,"pinned":0,"recent":0,"working":0},"preselected_count":1,"role":"ranking_and_scan_priority_only"}}},"search_hits":0,"selection":{"facets":{},"input_candidates":0,"intent":"locate","intent_facet_anchors":{},"limit_omitted":0,"original_ranks":[],"overlap":{"fully_covered_candidates":0,"input_bytes":0,"redundant_bytes":0,"unique_bytes":0},"requested_limit":10,"selected":0,"selected_overlap":{"fully_covered_candidates":0,"input_bytes":0,"redundant_bytes":0,"unique_bytes":0},"source_covered_omissions":0,"source_support_anchors":[],"source_support_scope":"literal_program_cue_in_validated_twice_topk_window_only; not_global_uniqueness_or_exact_identity","spec":"anchored-facets-distinctive-source-union-v2","unmet_facets":[]},"source_freshness":{"budget_exhausted":false,"checked_files":0,"dense_manifest_fence":{"checked":0,"skip_disposition":"stale_publication_skipped","skipped":0},"generation":{"evidence_epoch":1,"incarnation":[111,88,133,9,210,73,178,168,161,23,22,179,19,165,220,169],"index_epoch":5,"semantic_epoch":3},"hydrator":"current-document-scope-source-generation-v1","omitted_files":{},"partial":false,"read_budget_charged":0,"scope":"bounded per-file disk verification and optimistic full read generation; not an atomic filesystem snapshot","validation_work":{"candidate_projection_sql":{"fullscan_steps":0,"rows":0,"sorts":0,"statements":0,"vm_steps":0},"coverage":"current final-assembly attempt SELECTs for manifest, symbol identity and candidate projection; excludes prior attempts, transaction control, originating retrieval, generation, dense fence, graph and disk work; not total cost","schema_version":1,"source_records_sql":{"fullscan_steps":0,"rows":0,"sorts":0,"statements":0,"vm_steps":0}},"verified_hits":0}},"intent":"locate","invalidations":[],"machine_pack":{"hits":[],"kind":"code_index_context","query":"v18_query_gate_false_search","repo_size_tier":"Tiny","token_budget":4000,"top_k":10},"nodes":[],"query":"v18_query_gate_false_search","reasons":["hybrid search over code index"],"rendered_prompt":"Task: code-index search\nIntent: locate\nQuery: v18_query_gate_false_search\n\n","resolution_freshness":{"basis_epoch":null,"complete":true,"completed_files":0,"index_epoch":5,"reason":null,"retry":null,"root_count":0,"scope":"observed_resolution_invalidations","status":"ready"},"revision":0,"spans":[],"summary":"No results found within the scan budget for `v18_query_gate_false_search`; retrieval is incomplete.","task":"v18_query_gate_false_search","token_budget":4000,"token_estimate":2030},"tool":"search"}
V18_JSON {"args":{"retrieval_strategy":"auto","task":"v18_query_gate_false_context"},"result":{"evidence_summary":{"files":[],"graph_enrichment":{"callees_added":0,"callers_added":0,"symbols_resolved":0,"tests_found":0},"packing":{"compacted":false,"configured_max_bytes":18000,"continuation":"Use files region/expand on retained references; recheck source version.","limit_bytes":16000,"omitted_hits":0,"omitted_nodes":0,"original_hits":0,"original_nodes":0,"partial":false,"spec":"whole-json-intent-facets-source-support-before-incidental-v5","token_estimate_method":"ceil(serialized_utf8_bytes/4); not a tokenizer","used_bytes":8123},"retrieval":{"cost":{"coverage":"originating query work; lexical FTS and hydration SQL here; grep stage SQL in grep.stages; excludes preselection/exact lookup/graph SQL, FTS internal work and storage I/O; not total cost or a hard limit","fused_candidates":0,"hydrate_requested":0,"hydration":{"sql":{"fullscan_steps":0,"rows":0,"sorts":0,"statements":0,"vm_steps":0},"text":{"cache_hits":0,"legacy_auto_reads":0,"storage_reads":0,"utf8_bytes":0,"zstd_decodes":0}},"lane_candidates":{"exact_symbol":0,"graph":0,"grep":0,"lexical":0,"path":0,"semantic":0},"lexical_sql":{"fullscan_steps":0,"rows":0,"sorts":1,"statements":1,"vm_steps":17},"schema_version":1},"grep":{"fallback_scanned":0,"prefilter_failed":false,"prefilter_scanned":0,"reason":null,"scan_cap":20000,"scanned":2,"skipped_duplicates":2,"soft_scanned":2,"stages":[{"stage":"soft","work":{"sql":{"fullscan_steps":0,"rows":2,"sorts":0,"statements":1,"vm_steps":29},"text":{"cache_hits":0,"legacy_auto_reads":0,"storage_reads":2,"utf8_bytes":66,"zstd_decodes":0}}},{"stage":"prefilter","work":{"sql":{"fullscan_steps":0,"rows":0,"sorts":1,"statements":1,"vm_steps":14},"text":{"cache_hits":0,"legacy_auto_reads":0,"storage_reads":0,"utf8_bytes":0,"zstd_decodes":0}}},{"stage":"fallback","work":{"sql":{"fullscan_steps":1,"rows":2,"sorts":0,"statements":1,"vm_steps":23},"text":{"cache_hits":0,"legacy_auto_reads":0,"storage_reads":0,"utf8_bytes":0,"zstd_decodes":0}}}],"status":"complete"},"lanes":[{"candidate_count":0,"candidates":[],"coverage":{"complete":true,"examined":null,"scope":"hard_scope","total_lower_bound":0},"elapsed_us":1353,"lane_id":"exact_symbol","schema_version":1,"status":"complete","truncation_reason":null,"weight":1.1},{"candidate_count":0,"candidates":[],"coverage":{"complete":true,"examined":null,"scope":"hard_scope","total_lower_bound":0},"elapsed_us":282,"lane_id":"path","schema_version":1,"status":"complete","truncation_reason":null,"weight":1.0},{"candidate_count":0,"candidates":[],"coverage":{"complete":true,"examined":null,"scope":"hard_scope","total_lower_bound":0},"elapsed_us":278,"lane_id":"lexical","schema_version":1,"status":"complete","truncation_reason":null,"weight":1.1},{"candidate_count":0,"candidates":[],"coverage":{"complete":true,"examined":2,"scope":"hard_scope","total_lower_bound":0},"elapsed_us":1535,"lane_id":"grep","schema_version":1,"status":"complete","truncation_reason":null,"weight":0.8},{"candidate_count":0,"candidates":[],"coverage":{"complete":true,"examined":null,"scope":"hard_scope","total_lower_bound":0},"elapsed_us":259,"lane_id":"graph","schema_version":1,"status":"complete","truncation_reason":null,"weight":0.6},{"candidate_count":0,"candidates":[],"coverage":{"complete":false,"examined":null,"scope":"hard_scope","total_lower_bound":0},"elapsed_us":161,"lane_id":"semantic","schema_version":1,"status":"unavailable","truncation_reason":"query_vector_not_encoded","weight":1.0}],"policy":{"completeness":"all_executed_lane_limits_remain_visible; obligation_role_does_not_erase_partial","deadline_ms":30000,"effective":"auto","graph_source_mapping":"uid_byte_declaration_document; complete_mapping_is_not_whole_symbol_body_coverage","intent":"locate","lane_timeout_ms":20000,"no_answer":"empty_partial_is_not_absence; no_semantic_absence_claim_from_weak_rank","obligations":[{"lane_id":"exact_symbol","role":"identity","timeout_ms":20000},{"lane_id":"path","role":"identity","timeout_ms":20000},{"lane_id":"lexical","role":"source","timeout_ms":20000},{"lane_id":"grep","role":"source","timeout_ms":20000},{"lane_id":"graph","role":"supporting","timeout_ms":20000},{"lane_id":"semantic","role":"optional_recall","timeout_ms":5000}],"path_source_domain":"canonical_scoped_existing_path_docs; else_bounded_tokens; not_whole_file_coverage","requested":"auto","semantic_state":"configured","semantic_timeout_ms":5000,"semantic_top_k":24,"version":"query-policy-local-semantic-canonical-path-domain-v4"},"scope":{"budget":{"exact_symbol_candidates":24,"grep_candidates":12,"grep_enabled":true,"grep_scan_cap":20000,"lexical_candidates":24,"path_candidates":24,"rerank_window":40,"top_k":10,"units":"candidate limits count chunks; grep_scan_cap counts decompressions, not SQL work, total memory or time; cached diagnostics describe originating computation, not work repeated on a cache hit"},"hard":{"empty":false,"explicit_file_count":null,"languages":null,"path_prefix":null,"path_prefix_truncated":false,"semantics":"conjunctive_repository_relative_case_sensitive_components; empty means contradictory/explicit-empty constraint, not an inventory count"},"ordering":["exact-target first (identity tier, not an additive score)","rerank_score descending = sum(score_trace)","chunk_id ascending"],"policy":"canonical-scoped-exact-path-domain-compact-context-budget-v22","schema_version":1,"soft":{"contributions":"per-hit score_trace is the additive bill; stage_a_layer_scores explain its capped stage-a component and must not be added twice; raw hint and excluded paths omitted","hint_entries":{"overlay":0,"pinned":0,"recent":0,"working":0},"preselected_count":1,"role":"ranking_and_scan_priority_only"}}},"search_hits":0,"selection":{"facets":{},"input_candidates":0,"intent":"locate","intent_facet_anchors":{},"limit_omitted":0,"original_ranks":[],"overlap":{"fully_covered_candidates":0,"input_bytes":0,"redundant_bytes":0,"unique_bytes":0},"requested_limit":10,"selected":0,"selected_overlap":{"fully_covered_candidates":0,"input_bytes":0,"redundant_bytes":0,"unique_bytes":0},"source_covered_omissions":0,"source_support_anchors":[],"source_support_scope":"literal_program_cue_in_validated_twice_topk_window_only; not_global_uniqueness_or_exact_identity","spec":"anchored-facets-distinctive-source-union-v2","unmet_facets":[]},"source_freshness":{"budget_exhausted":false,"checked_files":0,"dense_manifest_fence":{"checked":0,"skip_disposition":"stale_publication_skipped","skipped":0},"generation":{"evidence_epoch":1,"incarnation":[111,88,133,9,210,73,178,168,161,23,22,179,19,165,220,169],"index_epoch":5,"semantic_epoch":3},"hydrator":"current-document-scope-source-generation-v1","omitted_files":{},"partial":false,"read_budget_charged":0,"scope":"bounded per-file disk verification and optimistic full read generation; not an atomic filesystem snapshot","validation_work":{"candidate_projection_sql":{"fullscan_steps":0,"rows":0,"sorts":0,"statements":0,"vm_steps":0},"coverage":"current final-assembly attempt SELECTs for manifest, symbol identity and candidate projection; excludes prior attempts, transaction control, originating retrieval, generation, dense fence, graph and disk work; not total cost","schema_version":1,"source_records_sql":{"fullscan_steps":0,"rows":0,"sorts":0,"statements":0,"vm_steps":0}},"verified_hits":0}},"intent":"locate","invalidations":[],"machine_pack":{"hits":[],"kind":"code_index_context","query":"v18_query_gate_false_context","repo_size_tier":"Tiny","token_budget":4000,"top_k":10},"nodes":[],"query":"v18_query_gate_false_context","reasons":["hybrid search over code index"],"rendered_prompt":"Task: code-index search\nIntent: locate\nQuery: v18_query_gate_false_context\n\n","resolution_freshness":{"basis_epoch":null,"complete":true,"completed_files":0,"index_epoch":5,"reason":null,"retry":null,"root_count":0,"scope":"observed_resolution_invalidations","status":"ready"},"revision":0,"spans":[],"summary":"No results found within the scan budget for `v18_query_gate_false_context`; retrieval is incomplete.","task":"v18_query_gate_false_context","token_budget":4000,"token_estimate":2031},"tool":"context"}
V18_JSON {"document_http_calls":4,"only_loopback":true,"query_http_calls":0,"real_credentials":false,"requests":[{"encoding_format":"float","input":["CODECORTEX_EMBED_V1\nmetadata: {\"language\":\"python\",\"metadata_truncated\":false,\"parent\":\"needle\",\"path\":\"needle.py\",\"signature\":\"def needle():\\n    \",\"source_span\":{\"end\":28,\"start\":0}}\nsource:\ndef needle():\n    return 731"],"model":"synthetic-v18-contract"},{"encoding_format":"float","input":["CODECORTEX_EMBED_V1\nmetadata: {\"language\":\"python\",\"metadata_truncated\":false,\"parent\":\"neighbor\",\"path\":\"needle.py\",\"signature\":\"def neighbor():\\n    \",\"source_span\":{\"end\":66,\"start\":28}}\nsource:\n\n\ndef neighbor():\n    return needle()\n"],"model":"synthetic-v18-contract"},{"encoding_format":"float","input":["CODECORTEX_EMBED_V1\nmetadata: {\"language\":\"python\",\"metadata_truncated\":false,\"parent\":\"needle\",\"path\":\"needle.py\",\"signature\":\"def needle():\\n    \",\"source_span\":{\"end\":28,\"start\":0}}\nsource:\ndef needle():\n    return 731"],"model":"synthetic-v18-contract"},{"encoding_format":"float","input":["CODECORTEX_EMBED_V1\nmetadata: {\"language\":\"python\",\"metadata_truncated\":false,\"parent\":\"neighbor\",\"path\":\"needle.py\",\"signature\":\"def neighbor():\\n    \",\"source_span\":{\"end\":66,\"start\":28}}\nsource:\n\n\ndef neighbor():\n    return needle()\n"],"model":"synthetic-v18-contract"}],"synthetic_vectors":true}
[2m2026-10-08T03:53:39.302272Z[0m [32m INFO[0m [1mserve_inner[0m[2m:[0m [2mrmcp::service[0m[2m:[0m input stream terminated
[2m2026-10-08T03:53:39.302341Z[0m [32m INFO[0m [1mserve_inner[0m[2m:[0m [2mrmcp::service[0m[2m:[0m serve finished [3mquit_reason[0m[2m=[0mClosed
[2m2026-10-08T03:53:39.302513Z[0m [32m INFO[0m [2mcc_server::mcp[0m[2m:[0m MCP server shut down gracefully
test query_network_contract::each_missing_gate_keeps_cold_requests_off_the_network ... ok

test result: ok. 12 passed; 0 failed; 0 ignored; 0 measured; 0 filtered out; finished in 2.04s

