 Downloading crates ...
  Downloaded darling_macro v0.23.0
  Downloaded anstyle-query v1.1.5
  Downloaded dirs-sys v0.4.1
  Downloaded colorchoice v1.0.5
  Downloaded futures-executor v0.3.32
  Downloaded anstream v1.0.0
  Downloaded heck v0.5.0
  Downloaded clap_lex v1.0.0
  Downloaded anstyle v1.0.14
  Downloaded matchers v0.2.0
  Downloaded futures-sink v0.3.32
  Downloaded futures-io v0.3.32
  Downloaded equivalent v1.0.2
  Downloaded dirs v5.0.1
  Downloaded notify-types v2.1.0
  Downloaded lazy_static v1.5.0
  Downloaded futures-task v0.3.32
  Downloaded futures-macro v0.3.32
  Downloaded crossbeam-epoch v0.9.20
  Downloaded clap_derive v4.6.0
  Downloaded ident_case v1.0.1
  Downloaded futures-core v0.3.32
  Downloaded dyn-clone v1.0.20
  Downloaded crossbeam-deque v0.8.6
  Downloaded cfg_aliases v0.2.1
  Downloaded is_terminal_polyfill v1.70.2
  Downloaded inotify-sys v0.1.8
  Downloaded darling v0.23.0
  Downloaded utf8parse v0.2.2
  Downloaded tree-sitter-language v0.1.7
  Downloaded signal-hook-registry v1.4.8
  Downloaded schemars_derive v1.2.1
  Downloaded walkdir v2.5.0
  Downloaded tracing-log v0.2.0
  Downloaded thread_local v1.1.9
  Downloaded allocator-api2 v0.2.21
  Downloaded socket2 v0.6.3
  Downloaded sharded-slab v0.1.7
  Downloaded toml_edit v0.22.27
  Downloaded schemars v1.2.1
  Downloaded mio v1.2.0
  Downloaded indexmap v2.13.0
  Downloaded tree-sitter-go v0.23.4
  Downloaded tree-sitter-javascript v0.23.1
  Downloaded tokio-util v0.7.18
  Downloaded winnow v0.7.15
  Downloaded tree-sitter v0.24.7
  Downloaded tree-sitter-python v0.23.6
  Downloaded tree-sitter-c v0.23.4
  Downloaded tracing-subscriber v0.3.23
  Downloaded rayon v1.11.0
  Downloaded process-wrap v9.1.0
  Downloaded tree-sitter-java v0.23.5
  Downloaded futures-util v0.3.32
  Downloaded tree-sitter-rust v0.23.3
  Downloaded bstr v1.12.1
  Downloaded rmcp v2.2.0
  Downloaded nix v0.31.2
  Downloaded clap_builder v4.6.0
  Downloaded hashbrown v0.16.1
  Downloaded bytes v1.11.1
  Downloaded rayon-core v1.13.0
  Downloaded base64 v0.22.1
  Downloaded ignore v0.4.25
  Downloaded futures v0.3.32
  Downloaded darling_core v0.23.0
  Downloaded toml v0.8.23
  Downloaded tokio-stream v0.1.18
  Downloaded notify v8.2.0
  Downloaded globset v0.4.18
  Downloaded tokio-macros v2.6.1
  Downloaded streaming-iterator v0.1.9
  Downloaded slab v0.4.12
  Downloaded serde_derive_internals v0.29.1
  Downloaded ref-cast-impl v1.0.25
  Downloaded anstyle-parse v1.0.0
  Downloaded rmcp-macros v2.2.0
  Downloaded ref-cast v1.0.25
  Downloaded tree-sitter-typescript v0.23.2
  Downloaded futures-channel v0.3.32
  Downloaded crossbeam-utils v0.8.21
  Downloaded async-trait v0.1.89
  Downloaded pastey v0.2.1
  Downloaded nu-ansi-term v0.50.3
  Downloaded lru v0.18.2
  Downloaded tokio v1.50.0
  Downloaded inotify v0.11.5
  Downloaded either v1.15.0
  Downloaded clap v4.6.0
  Downloaded toml_datetime v0.6.11
  Downloaded tree-sitter-cpp v0.23.4
  Downloaded toml_write v0.1.2
  Downloaded strsim v0.11.1
  Downloaded serde_spanned v0.6.9
  Downloaded same-file v1.0.6
  Downloaded option-ext v0.2.0
   Compiling libc v0.2.183
   Compiling memchr v2.8.0
   Compiling tree-sitter-language v0.1.7
   Compiling serde_core v1.0.228
   Compiling log v0.4.29
   Compiling serde v1.0.228
   Compiling equivalent v1.0.2
   Compiling parking_lot_core v0.9.12
   Compiling parking_lot v0.12.5
   Compiling aho-corasick v1.1.4
   Compiling regex-automata v0.4.14
   Compiling tracing-core v0.1.36
   Compiling serde_json v1.0.149
   Compiling crossbeam-utils v0.8.21
   Compiling tracing v0.1.44
   Compiling allocator-api2 v0.2.21
   Compiling crossbeam-epoch v0.9.20
   Compiling futures-core v0.3.32
   Compiling hashbrown v0.17.1
   Compiling getrandom v0.4.2
   Compiling errno v0.3.14
   Compiling mio v1.2.0
   Compiling futures-sink v0.3.32
   Compiling strsim v0.11.1
   Compiling futures-channel v0.3.32
   Compiling signal-hook-registry v1.4.8
   Compiling socket2 v0.6.3
   Compiling tokio-macros v2.6.1
   Compiling futures-macro v0.3.32
   Compiling futures-task v0.3.32
   Compiling futures-io v0.3.32
   Compiling bytes v1.11.1
   Compiling slab v0.4.12
   Compiling hashbrown v0.16.1
   Compiling tokio v1.50.0
   Compiling indexmap v2.13.0
   Compiling futures-util v0.3.32
   Compiling chrono v0.4.44
   Compiling crossbeam-deque v0.8.6
   Compiling rand v0.10.3
   Compiling regex v1.12.3
   Compiling hashlink v0.12.1
   Compiling scheduled-thread-pool v0.2.7
   Compiling cfg_aliases v0.2.1
   Compiling rayon-core v1.13.0
   Compiling ident_case v1.0.1
   Compiling darling_core v0.23.0
   Compiling nix v0.31.2
   Compiling rusqlite v0.40.1
   Compiling r2d2 v0.8.10
   Compiling uuid v1.23.0
   Compiling cc-model v1.0.0 (/home/runner/work/codecortex/codecortex/crates/cc-model)
   Compiling tree-sitter-cpp v0.23.4
   Compiling tree-sitter v0.24.7
   Compiling tree-sitter-java v0.23.5
   Compiling tree-sitter-rust v0.23.3
   Compiling tree-sitter-python v0.23.6
   Compiling tree-sitter-javascript v0.23.1
   Compiling tree-sitter-go v0.23.4
   Compiling tree-sitter-c v0.23.4
   Compiling tree-sitter-typescript v0.23.2
   Compiling inotify-sys v0.1.8
   Compiling same-file v1.0.6
   Compiling ref-cast v1.0.25
   Compiling utf8parse v0.2.2
   Compiling anstyle-parse v1.0.0
   Compiling walkdir v2.5.0
   Compiling darling_macro v0.23.0
   Compiling r2d2_sqlite v0.35.0
   Compiling futures-executor v0.3.32
   Compiling toml_datetime v0.6.11
   Compiling serde_spanned v0.6.9
   Compiling bstr v1.12.1
   Compiling serde_derive_internals v0.29.1
   Compiling ref-cast-impl v1.0.25
   Compiling either v1.15.0
   Compiling anstyle-query v1.1.5
   Compiling is_terminal_polyfill v1.70.2
   Compiling winnow v0.7.15
   Compiling toml_write v0.1.2
   Compiling anstyle v1.0.14
   Compiling streaming-iterator v0.1.9
   Compiling colorchoice v1.0.5
   Compiling anstream v1.0.0
   Compiling toml_edit v0.22.27
   Compiling schemars_derive v1.2.1
   Compiling rayon v1.11.0
   Compiling globset v0.4.18
   Compiling futures v0.3.32
   Compiling cc-db v1.0.0 (/home/runner/work/codecortex/codecortex/crates/cc-db)
   Compiling darling v0.23.0
   Compiling lru v0.18.2
   Compiling clap_lex v1.0.0
   Compiling dyn-clone v1.0.20
   Compiling option-ext v0.2.0
   Compiling rmcp v2.2.0
   Compiling lazy_static v1.5.0
   Compiling heck v0.5.0
   Compiling clap_derive v4.6.0
   Compiling sharded-slab v0.1.7
   Compiling dirs-sys v0.4.1
   Compiling schemars v1.2.1
   Compiling clap_builder v4.6.0
   Compiling inotify v0.11.5
   Compiling cc-parsers v1.0.0 (/home/runner/work/codecortex/codecortex/crates/cc-parsers)
   Compiling rmcp-macros v2.2.0
   Compiling process-wrap v9.1.0
   Compiling ignore v0.4.25
   Compiling toml v0.8.23
   Compiling tokio-util v0.7.18
   Compiling tokio-stream v0.1.18
   Compiling matchers v0.2.0
   Compiling tracing-log v0.2.0
   Compiling notify-types v2.1.0
   Compiling thread_local v1.1.9
   Compiling async-trait v0.1.89
   Compiling nu-ansi-term v0.50.3
   Compiling pastey v0.2.1
   Compiling base64 v0.22.1
   Compiling tracing-subscriber v0.3.23
   Compiling notify v8.2.0
   Compiling cc-index v1.0.0 (/home/runner/work/codecortex/codecortex/crates/cc-index)
   Compiling clap v4.6.0
   Compiling dirs v5.0.1
   Compiling cc-search v1.0.0 (/home/runner/work/codecortex/codecortex/crates/cc-search)
   Compiling cc-server v1.0.0 (/home/runner/work/codecortex/codecortex/crates/cc-server)
   Compiling tempfile v3.27.0
    Finished `test` profile [unoptimized] target(s) in 39.77s
     Running tests/mcp_stdio.rs (/home/runner/work/_temp/p7-closeout-target/debug/deps/mcp_stdio-7cd24cf64ad3a6da)

running 9 tests
[2m2026-10-08T04:58:15.949162Z[0m [32m INFO[0m [2mcc_db::index_migrate[0m[2m:[0m initializing index schema [3mversion[0m[2m=[0m25
[2m2026-10-08T04:58:15.953680Z[0m [32m INFO[0m [2mcc_db::index_migrate[0m[2m:[0m initializing index schema [3mversion[0m[2m=[0m25
[2m2026-10-08T04:58:15.958006Z[0m [32m INFO[0m [2mcc_db::index_migrate[0m[2m:[0m initializing index schema [3mversion[0m[2m=[0m25
[2m2026-10-08T04:58:15.958970Z[0m [32m INFO[0m [2mcc_db::index_migrate[0m[2m:[0m initializing index schema [3mversion[0m[2m=[0m25
[2m2026-10-08T04:58:15.970680Z[0m [32m INFO[0m [2mcc_index::memory_budget[0m[2m:[0m memory budget initialized [3mtotal_ram_mb[0m[2m=[0m15989 [3mbudget_mb[0m[2m=[0m7994 [3mfraction[0m[2m=[0m0.5
[2m2026-10-08T04:58:15.970796Z[0m [32m INFO[0m [1mserve_inner[0m[2m:[0m [2mrmcp::service[0m[2m:[0m Service initialized as server [3mpeer_info[0m[2m=[0mSome(InitializeRequestParams { meta: None, protocol_version: ProtocolVersion("2025-11-25"), capabilities: ClientCapabilities { experimental: None, extensions: None, roots: None, sampling: None, elicitation: None, tasks: None }, client_info: Implementation { name: "rmcp", title: None, version: "2.2.0", description: None, icons: None, website_url: None } })
[2m2026-10-08T04:58:15.970873Z[0m [32m INFO[0m [2mcc_server::mcp[0m[2m:[0m MCP server started on stdio
[2m2026-10-08T04:58:15.971138Z[0m [32m INFO[0m [1mserve_inner[0m[2m:[0m [2mrmcp::service[0m[2m:[0m received notification [3mnotification[0m[2m=[0mInitializedNotification(NotificationNoParam { method: InitializedNotificationMethod, extensions: Extensions })
[2m2026-10-08T04:58:15.971210Z[0m [32m INFO[0m [1mserve_inner[0m[2m:[0m [2mrmcp::handler::server[0m[2m:[0m client initialized
[2m2026-10-08T04:58:15.976146Z[0m [32m INFO[0m [2mcc_index::memory_budget[0m[2m:[0m memory budget initialized [3mtotal_ram_mb[0m[2m=[0m15989 [3mbudget_mb[0m[2m=[0m7994 [3mfraction[0m[2m=[0m0.5
[2m2026-10-08T04:58:15.977222Z[0m [32m INFO[0m [2mcc_server::watcher[0m[2m:[0m watcher: counted project files for adaptive debounce [3mfile_count[0m[2m=[0m3
[2m2026-10-08T04:58:15.977248Z[0m [32m INFO[0m [2mcc_server::watcher[0m[2m:[0m watcher: adaptive debounce interval computed [3mdebounce_ms[0m[2m=[0m500
[2m2026-10-08T04:58:15.978408Z[0m [32m INFO[0m [2mcc_server::watcher[0m[2m:[0m watcher: counted project files for adaptive debounce [3mfile_count[0m[2m=[0m3
[2m2026-10-08T04:58:15.978432Z[0m [32m INFO[0m [2mcc_server::watcher[0m[2m:[0m watcher: adaptive debounce interval computed [3mdebounce_ms[0m[2m=[0m500
[2m2026-10-08T04:58:15.979052Z[0m [32m INFO[0m [1mserve_inner[0m[2m:[0m [2mrmcp::service[0m[2m:[0m Service initialized as server [3mpeer_info[0m[2m=[0mSome(InitializeRequestParams { meta: None, protocol_version: ProtocolVersion("2025-11-25"), capabilities: ClientCapabilities { experimental: None, extensions: None, roots: None, sampling: None, elicitation: None, tasks: None }, client_info: Implementation { name: "rmcp", title: None, version: "2.2.0", description: None, icons: None, website_url: None } })
[2m2026-10-08T04:58:15.979129Z[0m [32m INFO[0m [2mcc_server::mcp[0m[2m:[0m MCP server started on stdio
[2m2026-10-08T04:58:15.979478Z[0m [32m INFO[0m [1mserve_inner[0m[2m:[0m [2mrmcp::service[0m[2m:[0m received notification [3mnotification[0m[2m=[0mInitializedNotification(NotificationNoParam { method: InitializedNotificationMethod, extensions: Extensions })
[2m2026-10-08T04:58:15.979561Z[0m [32m INFO[0m [1mserve_inner[0m[2m:[0m [2mrmcp::handler::server[0m[2m:[0m client initialized
[2m2026-10-08T04:58:15.983535Z[0m [32m INFO[0m [2mcc_server::watcher[0m[2m:[0m watcher: counted project files for adaptive debounce [3mfile_count[0m[2m=[0m3
[2m2026-10-08T04:58:15.983563Z[0m [32m INFO[0m [2mcc_server::watcher[0m[2m:[0m watcher: adaptive debounce interval computed [3mdebounce_ms[0m[2m=[0m500
[2m2026-10-08T04:58:15.983954Z[0m [32m INFO[0m [2mcc_server::project_session[0m[2m:[0m watcher native subscription ready [3mnative_start_ms[0m[2m=[0m3
[2m2026-10-08T04:58:15.985441Z[0m [32m INFO[0m [2mcc_server::watcher[0m[2m:[0m watcher: counted project files for adaptive debounce [3mfile_count[0m[2m=[0m3
[2m2026-10-08T04:58:15.987763Z[0m [32m INFO[0m [2mcc_server::watcher[0m[2m:[0m watcher: adaptive debounce interval computed [3mdebounce_ms[0m[2m=[0m500
[2m2026-10-08T04:58:15.988203Z[0m [32m INFO[0m [2mcc_server::project_session[0m[2m:[0m watcher native subscription ready [3mnative_start_ms[0m[2m=[0m4
[2m2026-10-08T04:58:15.989158Z[0m [32m INFO[0m [2mcc_index::memory_budget[0m[2m:[0m memory budget initialized [3mtotal_ram_mb[0m[2m=[0m15989 [3mbudget_mb[0m[2m=[0m7994 [3mfraction[0m[2m=[0m0.5
[2m2026-10-08T04:58:15.990216Z[0m [32m INFO[0m [1mserve_inner[0m[2m:[0m [2mrmcp::service[0m[2m:[0m Service initialized as server [3mpeer_info[0m[2m=[0mSome(InitializeRequestParams { meta: None, protocol_version: ProtocolVersion("2025-11-25"), capabilities: ClientCapabilities { experimental: None, extensions: None, roots: None, sampling: None, elicitation: None, tasks: None }, client_info: Implementation { name: "rmcp", title: None, version: "2.2.0", description: None, icons: None, website_url: None } })
[2m2026-10-08T04:58:15.990288Z[0m [32m INFO[0m [2mcc_server::mcp[0m[2m:[0m MCP server started on stdio
[2m2026-10-08T04:58:15.992849Z[0m [32m INFO[0m [1mserve_inner[0m[2m:[0m [2mrmcp::service[0m[2m:[0m received notification [3mnotification[0m[2m=[0mInitializedNotification(NotificationNoParam { method: InitializedNotificationMethod, extensions: Extensions })
[2m2026-10-08T04:58:15.993170Z[0m [32m INFO[0m [1mserve_inner[0m[2m:[0m [2mrmcp::handler::server[0m[2m:[0m client initialized
[2m2026-10-08T04:58:15.998618Z[0m [32m INFO[0m [2mcc_server::watcher[0m[2m:[0m watcher: counted project files for adaptive debounce [3mfile_count[0m[2m=[0m3
[2m2026-10-08T04:58:15.998643Z[0m [32m INFO[0m [2mcc_server::watcher[0m[2m:[0m watcher: adaptive debounce interval computed [3mdebounce_ms[0m[2m=[0m500
[2m2026-10-08T04:58:15.999136Z[0m [32m INFO[0m [2mcc_server::project_session[0m[2m:[0m watcher native subscription ready [3mnative_start_ms[0m[2m=[0m2
[2m2026-10-08T04:58:16.001369Z[0m [32m INFO[0m [2mcc_index::memory_budget[0m[2m:[0m memory budget initialized [3mtotal_ram_mb[0m[2m=[0m15989 [3mbudget_mb[0m[2m=[0m7994 [3mfraction[0m[2m=[0m0.5
[2m2026-10-08T04:58:16.001985Z[0m [32m INFO[0m [1mserve_inner[0m[2m:[0m [2mrmcp::service[0m[2m:[0m Service initialized as server [3mpeer_info[0m[2m=[0mSome(InitializeRequestParams { meta: None, protocol_version: ProtocolVersion("2025-11-25"), capabilities: ClientCapabilities { experimental: None, extensions: None, roots: None, sampling: None, elicitation: None, tasks: None }, client_info: Implementation { name: "rmcp", title: None, version: "2.2.0", description: None, icons: None, website_url: None } })
[2m2026-10-08T04:58:16.002060Z[0m [32m INFO[0m [2mcc_server::mcp[0m[2m:[0m MCP server started on stdio
[2m2026-10-08T04:58:16.003565Z[0m [32m INFO[0m [2mcc_server::watcher[0m[2m:[0m watcher: counted project files for adaptive debounce [3mfile_count[0m[2m=[0m3
[2m2026-10-08T04:58:16.004426Z[0m [32m INFO[0m [2mcc_server::watcher[0m[2m:[0m watcher: adaptive debounce interval computed [3mdebounce_ms[0m[2m=[0m500
[2m2026-10-08T04:58:16.005742Z[0m [32m INFO[0m [1mserve_inner[0m[2m:[0m [2mrmcp::service[0m[2m:[0m received notification [3mnotification[0m[2m=[0mInitializedNotification(NotificationNoParam { method: InitializedNotificationMethod, extensions: Extensions })
[2m2026-10-08T04:58:16.006065Z[0m [32m INFO[0m [1mserve_inner[0m[2m:[0m [2mrmcp::handler::server[0m[2m:[0m client initialized
[2m2026-10-08T04:58:16.011553Z[0m [32m INFO[0m [2mcc_server::watcher[0m[2m:[0m watcher: counted project files for adaptive debounce [3mfile_count[0m[2m=[0m3
[2m2026-10-08T04:58:16.012615Z[0m [32m INFO[0m [2mcc_server::watcher[0m[2m:[0m watcher: adaptive debounce interval computed [3mdebounce_ms[0m[2m=[0m500
[2m2026-10-08T04:58:16.013003Z[0m [32m INFO[0m [2mcc_server::project_session[0m[2m:[0m watcher native subscription ready [3mnative_start_ms[0m[2m=[0m3
[2m2026-10-08T04:58:16.043259Z[0m [32m INFO[0m [2mcc_index::indexer[0m[2m:[0m pre-resolve framework enrichment active [3mresolvers[0m[2m=[0m["flask"] [3mhas_go_router[0m[2m=[0mfalse
[2m2026-10-08T04:58:16.047957Z[0m [32m INFO[0m [2mcc_index::indexer[0m[2m:[0m pre-resolve framework enrichment active [3mresolvers[0m[2m=[0m["flask"] [3mhas_go_router[0m[2m=[0mfalse
[2m2026-10-08T04:58:16.057085Z[0m [32m INFO[0m [2mcc_index::indexer[0m[2m:[0m pre-resolve framework enrichment active [3mresolvers[0m[2m=[0m["flask"] [3mhas_go_router[0m[2m=[0mfalse
[2m2026-10-08T04:58:16.068053Z[0m [32m INFO[0m [2mcc_index::indexer[0m[2m:[0m pre-resolve framework enrichment active [3mresolvers[0m[2m=[0m["flask"] [3mhas_go_router[0m[2m=[0mfalse
[2m2026-10-08T04:58:16.083965Z[0m [32m INFO[0m [2mcc_index::memory_budget[0m[2m:[0m memory budget initialized [3mtotal_ram_mb[0m[2m=[0m15989 [3mbudget_mb[0m[2m=[0m7994 [3mfraction[0m[2m=[0m0.5
[2m2026-10-08T04:58:16.089027Z[0m [32m INFO[0m [2mcc_index::memory_budget[0m[2m:[0m memory budget initialized [3mtotal_ram_mb[0m[2m=[0m15989 [3mbudget_mb[0m[2m=[0m7994 [3mfraction[0m[2m=[0m0.5
[2m2026-10-08T04:58:16.097397Z[0m [32m INFO[0m [2mcc_index::memory_budget[0m[2m:[0m memory budget initialized [3mtotal_ram_mb[0m[2m=[0m15989 [3mbudget_mb[0m[2m=[0m7994 [3mfraction[0m[2m=[0m0.5
[2m2026-10-08T04:58:16.101375Z[0m [32m INFO[0m [2mcc_index::indexer_phases::write[0m[2m:[0m generated hierarchy edges [3mcount[0m[2m=[0m10
[2m2026-10-08T04:58:16.102339Z[0m [32m INFO[0m [2mcc_index::indexer_phases::write[0m[2m:[0m generated hierarchy edges [3mcount[0m[2m=[0m10
[2m2026-10-08T04:58:16.103331Z[0m [32m INFO[0m [2mcc_index::memory_budget[0m[2m:[0m memory budget initialized [3mtotal_ram_mb[0m[2m=[0m15989 [3mbudget_mb[0m[2m=[0m7994 [3mfraction[0m[2m=[0m0.5
[2m2026-10-08T04:58:16.104531Z[0m [32m INFO[0m [2mcc_index::memory_budget[0m[2m:[0m memory budget initialized [3mtotal_ram_mb[0m[2m=[0m15989 [3mbudget_mb[0m[2m=[0m7994 [3mfraction[0m[2m=[0m0.5
[2m2026-10-08T04:58:16.107684Z[0m [32m INFO[0m [2mcc_index::memory_budget[0m[2m:[0m memory budget initialized [3mtotal_ram_mb[0m[2m=[0m15989 [3mbudget_mb[0m[2m=[0m7994 [3mfraction[0m[2m=[0m0.5
[2m2026-10-08T04:58:16.108669Z[0m [32m INFO[0m [2mcc_index::memory_budget[0m[2m:[0m memory budget initialized [3mtotal_ram_mb[0m[2m=[0m15989 [3mbudget_mb[0m[2m=[0m7994 [3mfraction[0m[2m=[0m0.5
[2m2026-10-08T04:58:16.110549Z[0m [32m INFO[0m [2mcc_index::memory_budget[0m[2m:[0m memory budget initialized [3mtotal_ram_mb[0m[2m=[0m15989 [3mbudget_mb[0m[2m=[0m7994 [3mfraction[0m[2m=[0m0.5
[2m2026-10-08T04:58:16.111447Z[0m [32m INFO[0m [2mcc_index::memory_budget[0m[2m:[0m memory budget initialized [3mtotal_ram_mb[0m[2m=[0m15989 [3mbudget_mb[0m[2m=[0m7994 [3mfraction[0m[2m=[0m0.5
[2m2026-10-08T04:58:16.114743Z[0m [32m INFO[0m [2mcc_index::memory_budget[0m[2m:[0m memory budget initialized [3mtotal_ram_mb[0m[2m=[0m15989 [3mbudget_mb[0m[2m=[0m7994 [3mfraction[0m[2m=[0m0.5
[2m2026-10-08T04:58:16.115132Z[0m [32m INFO[0m [2mcc_index::indexer_phases::write[0m[2m:[0m generated hierarchy edges [3mcount[0m[2m=[0m10
[2m2026-10-08T04:58:16.116788Z[0m [32m INFO[0m [2mcc_index::memory_budget[0m[2m:[0m memory budget initialized [3mtotal_ram_mb[0m[2m=[0m15989 [3mbudget_mb[0m[2m=[0m7994 [3mfraction[0m[2m=[0m0.5
[2m2026-10-08T04:58:16.121492Z[0m [32m INFO[0m [2mcc_index::indexer_phases::write[0m[2m:[0m generated hierarchy edges [3mcount[0m[2m=[0m10
[2m2026-10-08T04:58:16.122135Z[0m [32m INFO[0m [2mcc_index::memory_budget[0m[2m:[0m memory budget initialized [3mtotal_ram_mb[0m[2m=[0m15989 [3mbudget_mb[0m[2m=[0m7994 [3mfraction[0m[2m=[0m0.5
[2m2026-10-08T04:58:16.123352Z[0m [32m INFO[0m [2mcc_index::memory_budget[0m[2m:[0m memory budget initialized [3mtotal_ram_mb[0m[2m=[0m15989 [3mbudget_mb[0m[2m=[0m7994 [3mfraction[0m[2m=[0m0.5
[2m2026-10-08T04:58:16.123928Z[0m [32m INFO[0m [2mcc_index::memory_budget[0m[2m:[0m memory budget initialized [3mtotal_ram_mb[0m[2m=[0m15989 [3mbudget_mb[0m[2m=[0m7994 [3mfraction[0m[2m=[0m0.5
[2m2026-10-08T04:58:16.128149Z[0m [32m INFO[0m [2mcc_index::memory_budget[0m[2m:[0m memory budget initialized [3mtotal_ram_mb[0m[2m=[0m15989 [3mbudget_mb[0m[2m=[0m7994 [3mfraction[0m[2m=[0m0.5
[2m2026-10-08T04:58:16.128699Z[0m [32m INFO[0m [2mcc_index::indexer[0m[2m:[0m pre-resolve framework enrichment active [3mresolvers[0m[2m=[0m["flask"] [3mhas_go_router[0m[2m=[0mfalse
[2m2026-10-08T04:58:16.130067Z[0m [32m INFO[0m [2mcc_index::memory_budget[0m[2m:[0m memory budget initialized [3mtotal_ram_mb[0m[2m=[0m15989 [3mbudget_mb[0m[2m=[0m7994 [3mfraction[0m[2m=[0m0.5
[2m2026-10-08T04:58:16.133880Z[0m [32m INFO[0m [2mcc_index::indexer[0m[2m:[0m pre-resolve framework enrichment active [3mresolvers[0m[2m=[0m["flask"] [3mhas_go_router[0m[2m=[0mfalse
[2m2026-10-08T04:58:16.136390Z[0m [32m INFO[0m [2mcc_db::index_db_rebuild[0m[2m:[0m full rebuild: creating temp database [3mtmp[0m[2m=[0m/tmp/.tmpkH3EJK/.codecortex/index.sqlite3.tmp
[2m2026-10-08T04:58:16.141093Z[0m [32m INFO[0m [2mcc_index::indexer[0m[2m:[0m pre-resolve framework enrichment active [3mresolvers[0m[2m=[0m["flask"] [3mhas_go_router[0m[2m=[0mfalse
[2m2026-10-08T04:58:16.143811Z[0m [32m INFO[0m [2mcc_db::index_db_rebuild[0m[2m:[0m full rebuild: creating temp database [3mtmp[0m[2m=[0m/tmp/.tmp9et7Kq/.codecortex/index.sqlite3.tmp
[2m2026-10-08T04:58:16.146627Z[0m [32m INFO[0m [2mcc_index::indexer[0m[2m:[0m pre-resolve framework enrichment active [3mresolvers[0m[2m=[0m["flask"] [3mhas_go_router[0m[2m=[0mfalse
[2m2026-10-08T04:58:16.150753Z[0m [32m INFO[0m [2mcc_db::index_db_rebuild[0m[2m:[0m full rebuild: creating temp database [3mtmp[0m[2m=[0m/tmp/.tmpy6uKdv/.codecortex/index.sqlite3.tmp
[2m2026-10-08T04:58:16.154802Z[0m [32m INFO[0m [2mcc_db::index_db_rebuild[0m[2m:[0m full rebuild: creating temp database [3mtmp[0m[2m=[0m/tmp/.tmpKz0ldv/.codecortex/index.sqlite3.tmp
[2m2026-10-08T04:58:16.227744Z[0m [32m INFO[0m [2mcc_db::index_db_rebuild[0m[2m:[0m full rebuild: writing data to temp database
[2m2026-10-08T04:58:16.238027Z[0m [32m INFO[0m [2mcc_db::index_db_rebuild[0m[2m:[0m full rebuild: recreating indexes
[2m2026-10-08T04:58:16.499958Z[0m [32m INFO[0m [2mcc_db::index_db_rebuild[0m[2m:[0m full rebuild: writing data to temp database
[2m2026-10-08T04:58:16.502641Z[0m [32m INFO[0m [2mcc_db::index_db_rebuild[0m[2m:[0m full rebuild: writing data to temp database
[2m2026-10-08T04:58:16.512228Z[0m [32m INFO[0m [2mcc_db::index_db_rebuild[0m[2m:[0m full rebuild: writing data to temp database
[2m2026-10-08T04:58:16.513369Z[0m [32m INFO[0m [2mcc_db::index_db_rebuild[0m[2m:[0m full rebuild: recreating indexes
[2m2026-10-08T04:58:16.514041Z[0m [32m INFO[0m [2mcc_db::index_db_rebuild[0m[2m:[0m full rebuild: recreating indexes
[2m2026-10-08T04:58:16.520012Z[0m [32m INFO[0m [2mcc_db::index_db_rebuild[0m[2m:[0m full rebuild: temp database ready for swap
[2m2026-10-08T04:58:16.520806Z[0m [32m INFO[0m [2mcc_index::memory_budget[0m[2m:[0m memory budget initialized [3mtotal_ram_mb[0m[2m=[0m15989 [3mbudget_mb[0m[2m=[0m7994 [3mfraction[0m[2m=[0m0.5
[2m2026-10-08T04:58:16.522106Z[0m [32m INFO[0m [2mcc_db::index_db_rebuild[0m[2m:[0m full rebuild: recreating indexes
[2m2026-10-08T04:58:16.573361Z[0m [32m INFO[0m [2mcc_db::index_db_rebuild[0m[2m:[0m full rebuild: temp database ready for swap
[2m2026-10-08T04:58:16.573701Z[0m [32m INFO[0m [2mcc_index::memory_budget[0m[2m:[0m memory budget initialized [3mtotal_ram_mb[0m[2m=[0m15989 [3mbudget_mb[0m[2m=[0m7994 [3mfraction[0m[2m=[0m0.5
[2m2026-10-08T04:58:16.586295Z[0m [32m INFO[0m [2mcc_db::index_db_rebuild[0m[2m:[0m full rebuild: temp database ready for swap
[2m2026-10-08T04:58:16.586540Z[0m [32m INFO[0m [2mcc_index::memory_budget[0m[2m:[0m memory budget initialized [3mtotal_ram_mb[0m[2m=[0m15989 [3mbudget_mb[0m[2m=[0m7994 [3mfraction[0m[2m=[0m0.5
[2m2026-10-08T04:58:16.587637Z[0m [32m INFO[0m [2mcc_db::index_db_rebuild[0m[2m:[0m full rebuild: temp database ready for swap
[2m2026-10-08T04:58:16.587943Z[0m [32m INFO[0m [2mcc_index::memory_budget[0m[2m:[0m memory budget initialized [3mtotal_ram_mb[0m[2m=[0m15989 [3mbudget_mb[0m[2m=[0m7994 [3mfraction[0m[2m=[0m0.5
[2m2026-10-08T04:58:16.599015Z[0m [32m INFO[0m [2mcc_index::memory_budget[0m[2m:[0m memory budget initialized [3mtotal_ram_mb[0m[2m=[0m15989 [3mbudget_mb[0m[2m=[0m7994 [3mfraction[0m[2m=[0m0.5
[2m2026-10-08T04:58:16.602992Z[0m [32m INFO[0m [2mcc_index::memory_budget[0m[2m:[0m memory budget initialized [3mtotal_ram_mb[0m[2m=[0m15989 [3mbudget_mb[0m[2m=[0m7994 [3mfraction[0m[2m=[0m0.5
[2m2026-10-08T04:58:16.623033Z[0m [32m INFO[0m [2mcc_index::memory_budget[0m[2m:[0m memory budget initialized [3mtotal_ram_mb[0m[2m=[0m15989 [3mbudget_mb[0m[2m=[0m7994 [3mfraction[0m[2m=[0m0.5
[2m2026-10-08T04:58:16.627593Z[0m [32m INFO[0m [2mcc_index::memory_budget[0m[2m:[0m memory budget initialized [3mtotal_ram_mb[0m[2m=[0m15989 [3mbudget_mb[0m[2m=[0m7994 [3mfraction[0m[2m=[0m0.5
[2m2026-10-08T04:58:16.651607Z[0m [32m INFO[0m [1mserve_inner[0m[2m:[0m [2mrmcp::service[0m[2m:[0m input stream terminated
[2m2026-10-08T04:58:16.651662Z[0m [32m INFO[0m [1mserve_inner[0m[2m:[0m [2mrmcp::service[0m[2m:[0m serve finished [3mquit_reason[0m[2m=[0mClosed
[2m2026-10-08T04:58:16.968742Z[0m [32m INFO[0m [2mcc_index::memory_budget[0m[2m:[0m memory budget initialized [3mtotal_ram_mb[0m[2m=[0m15989 [3mbudget_mb[0m[2m=[0m7994 [3mfraction[0m[2m=[0m0.5
[2m2026-10-08T04:58:16.973617Z[0m [32m INFO[0m [2mcc_index::memory_budget[0m[2m:[0m memory budget initialized [3mtotal_ram_mb[0m[2m=[0m15989 [3mbudget_mb[0m[2m=[0m7994 [3mfraction[0m[2m=[0m0.5
[2m2026-10-08T04:58:16.979404Z[0m [32m INFO[0m [1mserve_inner[0m[2m:[0m [2mrmcp::service[0m[2m:[0m input stream terminated
[2m2026-10-08T04:58:16.979457Z[0m [32m INFO[0m [1mserve_inner[0m[2m:[0m [2mrmcp::service[0m[2m:[0m serve finished [3mquit_reason[0m[2m=[0mClosed
[2m2026-10-08T04:58:16.984290Z[0m [32m INFO[0m [2mcc_server::mcp[0m[2m:[0m MCP server shut down gracefully
[2m2026-10-08T04:58:17.015223Z[0m [32m INFO[0m [2mcc_server::mcp[0m[2m:[0m MCP server shut down gracefully
[2m2026-10-08T04:58:17.469212Z[0m [32m INFO[0m [2mcc_index::memory_budget[0m[2m:[0m memory budget initialized [3mtotal_ram_mb[0m[2m=[0m15989 [3mbudget_mb[0m[2m=[0m7994 [3mfraction[0m[2m=[0m0.5
[2m2026-10-08T04:58:17.474216Z[0m [32m INFO[0m [2mcc_index::memory_budget[0m[2m:[0m memory budget initialized [3mtotal_ram_mb[0m[2m=[0m15989 [3mbudget_mb[0m[2m=[0m7994 [3mfraction[0m[2m=[0m0.5
test stdio_architecture_files_node_and_relations_views ... ok
test stdio_hybrid_search_context_envelope_and_impact_blast_radius ... ok
[2m2026-10-08T04:58:17.483779Z[0m [32m INFO[0m [2mcc_db::index_migrate[0m[2m:[0m initializing index schema [3mversion[0m[2m=[0m25
[2m2026-10-08T04:58:17.486035Z[0m [32m INFO[0m [2mcc_db::index_migrate[0m[2m:[0m initializing index schema [3mversion[0m[2m=[0m25
[2m2026-10-08T04:58:17.500304Z[0m [32m INFO[0m [1mserve_inner[0m[2m:[0m [2mrmcp::service[0m[2m:[0m input stream terminated
[2m2026-10-08T04:58:17.500505Z[0m [32m INFO[0m [1mserve_inner[0m[2m:[0m [2mrmcp::service[0m[2m:[0m serve finished [3mquit_reason[0m[2m=[0mClosed
[2m2026-10-08T04:58:17.509739Z[0m [32m INFO[0m [2mcc_index::memory_budget[0m[2m:[0m memory budget initialized [3mtotal_ram_mb[0m[2m=[0m15989 [3mbudget_mb[0m[2m=[0m7994 [3mfraction[0m[2m=[0m0.5
[2m2026-10-08T04:58:17.510761Z[0m [32m INFO[0m [2mcc_index::memory_budget[0m[2m:[0m memory budget initialized [3mtotal_ram_mb[0m[2m=[0m15989 [3mbudget_mb[0m[2m=[0m7994 [3mfraction[0m[2m=[0m0.5
[2m2026-10-08T04:58:17.510948Z[0m [32m INFO[0m [1mserve_inner[0m[2m:[0m [2mrmcp::service[0m[2m:[0m Service initialized as server [3mpeer_info[0m[2m=[0mSome(InitializeRequestParams { meta: None, protocol_version: ProtocolVersion("2025-11-25"), capabilities: ClientCapabilities { experimental: None, extensions: None, roots: None, sampling: None, elicitation: None, tasks: None }, client_info: Implementation { name: "rmcp", title: None, version: "2.2.0", description: None, icons: None, website_url: None } })
[2m2026-10-08T04:58:17.511328Z[0m [32m INFO[0m [2mcc_server::mcp[0m[2m:[0m MCP server started on stdio
[2m2026-10-08T04:58:17.511546Z[0m [32m INFO[0m [2mcc_server::watcher[0m[2m:[0m watcher: counted project files for adaptive debounce [3mfile_count[0m[2m=[0m3
[2m2026-10-08T04:58:17.511569Z[0m [32m INFO[0m [2mcc_server::watcher[0m[2m:[0m watcher: adaptive debounce interval computed [3mdebounce_ms[0m[2m=[0m500
[2m2026-10-08T04:58:17.511917Z[0m [32m INFO[0m [1mserve_inner[0m[2m:[0m [2mrmcp::service[0m[2m:[0m received notification [3mnotification[0m[2m=[0mInitializedNotification(NotificationNoParam { method: InitializedNotificationMethod, extensions: Extensions })
[2m2026-10-08T04:58:17.511985Z[0m [32m INFO[0m [1mserve_inner[0m[2m:[0m [2mrmcp::handler::server[0m[2m:[0m client initialized
[2m2026-10-08T04:58:17.512438Z[0m [32m INFO[0m [1mserve_inner[0m[2m:[0m [2mrmcp::service[0m[2m:[0m Service initialized as server [3mpeer_info[0m[2m=[0mSome(InitializeRequestParams { meta: None, protocol_version: ProtocolVersion("2025-11-25"), capabilities: ClientCapabilities { experimental: None, extensions: None, roots: None, sampling: None, elicitation: None, tasks: None }, client_info: Implementation { name: "rmcp", title: None, version: "2.2.0", description: None, icons: None, website_url: None } })
[2m2026-10-08T04:58:17.512498Z[0m [32m INFO[0m [2mcc_server::mcp[0m[2m:[0m MCP server started on stdio
[2m2026-10-08T04:58:17.512768Z[0m [32m INFO[0m [1mserve_inner[0m[2m:[0m [2mrmcp::service[0m[2m:[0m received notification [3mnotification[0m[2m=[0mInitializedNotification(NotificationNoParam { method: InitializedNotificationMethod, extensions: Extensions })
[2m2026-10-08T04:58:17.512836Z[0m [32m INFO[0m [1mserve_inner[0m[2m:[0m [2mrmcp::handler::server[0m[2m:[0m client initialized
[2m2026-10-08T04:58:17.513294Z[0m [33m WARN[0m [1mserve_inner[0m[2m:[0m [2mrmcp::service[0m[2m:[0m response error [3mid[0m[2m=[0m1 [3merror[0m[2m=[0mErrorData { code: ErrorCode(-32602), message: "invalid kind: 'sideways' (valid: callers, callees, both, refs, hierarchy)", data: None }
[2m2026-10-08T04:58:17.514247Z[0m [32m INFO[0m [2mcc_server::project_session[0m[2m:[0m watcher native subscription ready [3mnative_start_ms[0m[2m=[0m4
[2m2026-10-08T04:58:17.515130Z[0m [33m WARN[0m [1mserve_inner[0m[2m:[0m [2mrmcp::service[0m[2m:[0m response error [3mid[0m[2m=[0m2 [3merror[0m[2m=[0mErrorData { code: ErrorCode(-32602), message: "invalid aspect: 'bogus' (valid: overview, communities, frameworks, routes, services, async, boundaries, env, unresolved)", data: None }
[2m2026-10-08T04:58:17.516741Z[0m [32m INFO[0m [1mserve_inner[0m[2m:[0m [2mrmcp::service[0m[2m:[0m input stream terminated
[2m2026-10-08T04:58:17.516901Z[0m [32m INFO[0m [1mserve_inner[0m[2m:[0m [2mrmcp::service[0m[2m:[0m serve finished [3mquit_reason[0m[2m=[0mClosed
[2m2026-10-08T04:58:17.519888Z[0m [32m INFO[0m [2mcc_server::watcher[0m[2m:[0m watcher: counted project files for adaptive debounce [3mfile_count[0m[2m=[0m3
[2m2026-10-08T04:58:17.519917Z[0m [32m INFO[0m [2mcc_server::watcher[0m[2m:[0m watcher: adaptive debounce interval computed [3mdebounce_ms[0m[2m=[0m500
[2m2026-10-08T04:58:17.519888Z[0m [32m INFO[0m [2mcc_server::watcher[0m[2m:[0m watcher: counted project files for adaptive debounce [3mfile_count[0m[2m=[0m3
[2m2026-10-08T04:58:17.520648Z[0m [32m INFO[0m [2mcc_server::watcher[0m[2m:[0m watcher: adaptive debounce interval computed [3mdebounce_ms[0m[2m=[0m500
[2m2026-10-08T04:58:17.520813Z[0m [32m INFO[0m [2mcc_server::project_session[0m[2m:[0m watcher native subscription ready [3mnative_start_ms[0m[2m=[0m2
[2m2026-10-08T04:58:17.549925Z[0m [32m INFO[0m [1mserve_inner[0m[2m:[0m [2mrmcp::service[0m[2m:[0m input stream terminated
[2m2026-10-08T04:58:17.549993Z[0m [32m INFO[0m [1mserve_inner[0m[2m:[0m [2mrmcp::service[0m[2m:[0m serve finished [3mquit_reason[0m[2m=[0mClosed
[2m2026-10-08T04:58:17.560968Z[0m [32m INFO[0m [2mcc_index::indexer[0m[2m:[0m pre-resolve framework enrichment active [3mresolvers[0m[2m=[0m["flask"] [3mhas_go_router[0m[2m=[0mfalse
[2m2026-10-08T04:58:17.568803Z[0m [32m INFO[0m [2mcc_index::indexer[0m[2m:[0m pre-resolve framework enrichment active [3mresolvers[0m[2m=[0m["flask"] [3mhas_go_router[0m[2m=[0mfalse
[2m2026-10-08T04:58:17.587961Z[0m [32m INFO[0m [2mcc_index::memory_budget[0m[2m:[0m memory budget initialized [3mtotal_ram_mb[0m[2m=[0m15989 [3mbudget_mb[0m[2m=[0m7994 [3mfraction[0m[2m=[0m0.5
[2m2026-10-08T04:58:17.595874Z[0m [32m INFO[0m [2mcc_index::memory_budget[0m[2m:[0m memory budget initialized [3mtotal_ram_mb[0m[2m=[0m15989 [3mbudget_mb[0m[2m=[0m7994 [3mfraction[0m[2m=[0m0.5
[2m2026-10-08T04:58:17.596945Z[0m [32m INFO[0m [2mcc_index::indexer_phases::write[0m[2m:[0m generated hierarchy edges [3mcount[0m[2m=[0m10
[2m2026-10-08T04:58:17.598432Z[0m [32m INFO[0m [2mcc_index::memory_budget[0m[2m:[0m memory budget initialized [3mtotal_ram_mb[0m[2m=[0m15989 [3mbudget_mb[0m[2m=[0m7994 [3mfraction[0m[2m=[0m0.5
[2m2026-10-08T04:58:17.602331Z[0m [32m INFO[0m [2mcc_index::memory_budget[0m[2m:[0m memory budget initialized [3mtotal_ram_mb[0m[2m=[0m15989 [3mbudget_mb[0m[2m=[0m7994 [3mfraction[0m[2m=[0m0.5
[2m2026-10-08T04:58:17.605061Z[0m [32m INFO[0m [2mcc_index::indexer_phases::write[0m[2m:[0m generated hierarchy edges [3mcount[0m[2m=[0m10
[2m2026-10-08T04:58:17.606491Z[0m [32m INFO[0m [2mcc_index::memory_budget[0m[2m:[0m memory budget initialized [3mtotal_ram_mb[0m[2m=[0m15989 [3mbudget_mb[0m[2m=[0m7994 [3mfraction[0m[2m=[0m0.5
[2m2026-10-08T04:58:17.609978Z[0m [32m INFO[0m [2mcc_index::memory_budget[0m[2m:[0m memory budget initialized [3mtotal_ram_mb[0m[2m=[0m15989 [3mbudget_mb[0m[2m=[0m7994 [3mfraction[0m[2m=[0m0.5
[2m2026-10-08T04:58:17.611302Z[0m [32m INFO[0m [2mcc_index::memory_budget[0m[2m:[0m memory budget initialized [3mtotal_ram_mb[0m[2m=[0m15989 [3mbudget_mb[0m[2m=[0m7994 [3mfraction[0m[2m=[0m0.5
[2m2026-10-08T04:58:17.621408Z[0m [32m INFO[0m [2mcc_index::indexer[0m[2m:[0m pre-resolve framework enrichment active [3mresolvers[0m[2m=[0m["flask"] [3mhas_go_router[0m[2m=[0mfalse
[2m2026-10-08T04:58:17.628034Z[0m [32m INFO[0m [2mcc_db::index_db_rebuild[0m[2m:[0m full rebuild: creating temp database [3mtmp[0m[2m=[0m/tmp/.tmpgMJj8k/.codecortex/index.sqlite3.tmp
[2m2026-10-08T04:58:17.698787Z[0m [32m INFO[0m [2mcc_db::index_db_rebuild[0m[2m:[0m full rebuild: writing data to temp database
[2m2026-10-08T04:58:17.705899Z[0m [32m INFO[0m [2mcc_db::index_db_rebuild[0m[2m:[0m full rebuild: recreating indexes
[2m2026-10-08T04:58:17.725043Z[0m [32m INFO[0m [2mcc_db::index_db_rebuild[0m[2m:[0m full rebuild: temp database ready for swap
[2m2026-10-08T04:58:17.725296Z[0m [32m INFO[0m [2mcc_index::memory_budget[0m[2m:[0m memory budget initialized [3mtotal_ram_mb[0m[2m=[0m15989 [3mbudget_mb[0m[2m=[0m7994 [3mfraction[0m[2m=[0m0.5
[2m2026-10-08T04:58:17.748956Z[0m [32m INFO[0m [2mcc_index::memory_budget[0m[2m:[0m memory budget initialized [3mtotal_ram_mb[0m[2m=[0m15989 [3mbudget_mb[0m[2m=[0m7994 [3mfraction[0m[2m=[0m0.5
[2m2026-10-08T04:58:17.752756Z[0m [32m INFO[0m [2mcc_index::memory_budget[0m[2m:[0m memory budget initialized [3mtotal_ram_mb[0m[2m=[0m15989 [3mbudget_mb[0m[2m=[0m7994 [3mfraction[0m[2m=[0m0.5
[2m2026-10-08T04:58:17.761510Z[0m [32m INFO[0m [1mserve_inner[0m[2m:[0m [2mrmcp::service[0m[2m:[0m input stream terminated
[2m2026-10-08T04:58:17.761572Z[0m [32m INFO[0m [1mserve_inner[0m[2m:[0m [2mrmcp::service[0m[2m:[0m serve finished [3mquit_reason[0m[2m=[0mClosed
[2m2026-10-08T04:58:17.988735Z[0m [32m INFO[0m [2mcc_server::mcp[0m[2m:[0m MCP server shut down gracefully
[2m2026-10-08T04:58:17.999587Z[0m [32m INFO[0m [2mcc_server::mcp[0m[2m:[0m MCP server shut down gracefully
test stdio_analysis_tools_smoke ... ok
test stdio_graph_tools_smoke ... ok
[2m2026-10-08T04:58:18.034334Z[0m [32m INFO[0m [2mcc_db::index_migrate[0m[2m:[0m initializing index schema [3mversion[0m[2m=[0m25
[2m2026-10-08T04:58:18.034333Z[0m [32m INFO[0m [2mcc_db::index_migrate[0m[2m:[0m initializing index schema [3mversion[0m[2m=[0m25
[2m2026-10-08T04:58:18.050216Z[0m [32m INFO[0m [1mserve_inner[0m[2m:[0m [2mrmcp::service[0m[2m:[0m Service initialized as server [3mpeer_info[0m[2m=[0mSome(InitializeRequestParams { meta: None, protocol_version: ProtocolVersion("2025-11-25"), capabilities: ClientCapabilities { experimental: None, extensions: None, roots: None, sampling: None, elicitation: None, tasks: None }, client_info: Implementation { name: "rmcp", title: None, version: "2.2.0", description: None, icons: None, website_url: None } })
[2m2026-10-08T04:58:18.050293Z[0m [32m INFO[0m [2mcc_server::mcp[0m[2m:[0m MCP server started on stdio
[2m2026-10-08T04:58:18.050362Z[0m [32m INFO[0m [2mcc_index::memory_budget[0m[2m:[0m memory budget initialized [3mtotal_ram_mb[0m[2m=[0m15989 [3mbudget_mb[0m[2m=[0m7994 [3mfraction[0m[2m=[0m0.5
[2m2026-10-08T04:58:18.051198Z[0m [32m INFO[0m [1mserve_inner[0m[2m:[0m [2mrmcp::service[0m[2m:[0m received notification [3mnotification[0m[2m=[0mInitializedNotification(NotificationNoParam { method: InitializedNotificationMethod, extensions: Extensions })
[2m2026-10-08T04:58:18.051307Z[0m [32m INFO[0m [1mserve_inner[0m[2m:[0m [2mrmcp::service[0m[2m:[0m Service initialized as server [3mpeer_info[0m[2m=[0mSome(InitializeRequestParams { meta: None, protocol_version: ProtocolVersion("2025-11-25"), capabilities: ClientCapabilities { experimental: None, extensions: None, roots: None, sampling: None, elicitation: None, tasks: None }, client_info: Implementation { name: "rmcp", title: None, version: "2.2.0", description: None, icons: None, website_url: None } })
[2m2026-10-08T04:58:18.051361Z[0m [32m INFO[0m [2mcc_server::mcp[0m[2m:[0m MCP server started on stdio
[2m2026-10-08T04:58:18.051884Z[0m [32m INFO[0m [1mserve_inner[0m[2m:[0m [2mrmcp::service[0m[2m:[0m received notification [3mnotification[0m[2m=[0mInitializedNotification(NotificationNoParam { method: InitializedNotificationMethod, extensions: Extensions })
[2m2026-10-08T04:58:18.051954Z[0m [32m INFO[0m [1mserve_inner[0m[2m:[0m [2mrmcp::handler::server[0m[2m:[0m client initialized
[2m2026-10-08T04:58:18.052714Z[0m [32m INFO[0m [2mcc_server::watcher[0m[2m:[0m watcher: counted project files for adaptive debounce [3mfile_count[0m[2m=[0m2
[2m2026-10-08T04:58:18.052729Z[0m [32m INFO[0m [2mcc_server::watcher[0m[2m:[0m watcher: adaptive debounce interval computed [3mdebounce_ms[0m[2m=[0m500
[2m2026-10-08T04:58:18.052897Z[0m [32m INFO[0m [1mserve_inner[0m[2m:[0m [2mrmcp::handler::server[0m[2m:[0m client initialized
[2m2026-10-08T04:58:18.053029Z[0m [32m INFO[0m [2mcc_index::memory_budget[0m[2m:[0m memory budget initialized [3mtotal_ram_mb[0m[2m=[0m15989 [3mbudget_mb[0m[2m=[0m7994 [3mfraction[0m[2m=[0m0.5
[2m2026-10-08T04:58:18.053957Z[0m [32m INFO[0m [2mcc_server::watcher[0m[2m:[0m watcher: counted project files for adaptive debounce [3mfile_count[0m[2m=[0m3
[2m2026-10-08T04:58:18.054314Z[0m [32m INFO[0m [2mcc_server::watcher[0m[2m:[0m watcher: adaptive debounce interval computed [3mdebounce_ms[0m[2m=[0m500
[2m2026-10-08T04:58:18.054868Z[0m [32m INFO[0m [2mcc_server::project_session[0m[2m:[0m watcher native subscription ready [3mnative_start_ms[0m[2m=[0m4
[2m2026-10-08T04:58:18.057944Z[0m [32m INFO[0m [2mcc_server::watcher[0m[2m:[0m watcher: counted project files for adaptive debounce [3mfile_count[0m[2m=[0m2
[2m2026-10-08T04:58:18.057968Z[0m [32m INFO[0m [2mcc_server::watcher[0m[2m:[0m watcher: adaptive debounce interval computed [3mdebounce_ms[0m[2m=[0m500
[2m2026-10-08T04:58:18.059936Z[0m [32m INFO[0m [2mcc_server::watcher[0m[2m:[0m watcher: counted project files for adaptive debounce [3mfile_count[0m[2m=[0m3
[2m2026-10-08T04:58:18.059950Z[0m [32m INFO[0m [2mcc_server::watcher[0m[2m:[0m watcher: adaptive debounce interval computed [3mdebounce_ms[0m[2m=[0m500
[2m2026-10-08T04:58:18.060093Z[0m [32m INFO[0m [2mcc_server::project_session[0m[2m:[0m watcher native subscription ready [3mnative_start_ms[0m[2m=[0m3
[2m2026-10-08T04:58:18.060786Z[0m [32m INFO[0m [2mcc_server::project_session[0m[2m:[0m watcher native subscription ready [3mnative_start_ms[0m[2m=[0m5
[2m2026-10-08T04:58:18.076796Z[0m [32m INFO[0m [2mcc_index::memory_budget[0m[2m:[0m memory budget initialized [3mtotal_ram_mb[0m[2m=[0m15989 [3mbudget_mb[0m[2m=[0m7994 [3mfraction[0m[2m=[0m0.5
[2m2026-10-08T04:58:18.082125Z[0m [32m INFO[0m [2mcc_index::indexer_phases::write[0m[2m:[0m generated hierarchy edges [3mcount[0m[2m=[0m4
[2m2026-10-08T04:58:18.083269Z[0m [32m INFO[0m [2mcc_index::memory_budget[0m[2m:[0m memory budget initialized [3mtotal_ram_mb[0m[2m=[0m15989 [3mbudget_mb[0m[2m=[0m7994 [3mfraction[0m[2m=[0m0.5
[2m2026-10-08T04:58:18.087034Z[0m [32m INFO[0m [2mcc_index::memory_budget[0m[2m:[0m memory budget initialized [3mtotal_ram_mb[0m[2m=[0m15989 [3mbudget_mb[0m[2m=[0m7994 [3mfraction[0m[2m=[0m0.5
[2m2026-10-08T04:58:18.088722Z[0m [32m INFO[0m [2mcc_index::memory_budget[0m[2m:[0m memory budget initialized [3mtotal_ram_mb[0m[2m=[0m15989 [3mbudget_mb[0m[2m=[0m7994 [3mfraction[0m[2m=[0m0.5
[2m2026-10-08T04:58:18.097399Z[0m [32m INFO[0m [2mcc_db::index_db_rebuild[0m[2m:[0m full rebuild: creating temp database [3mtmp[0m[2m=[0m/tmp/.tmp9HGUDF/.codecortex/index.sqlite3.tmp
[2m2026-10-08T04:58:18.098863Z[0m [32m INFO[0m [2mcc_index::indexer[0m[2m:[0m pre-resolve framework enrichment active [3mresolvers[0m[2m=[0m["flask"] [3mhas_go_router[0m[2m=[0mfalse
[2m2026-10-08T04:58:18.126063Z[0m [32m INFO[0m [2mcc_index::memory_budget[0m[2m:[0m memory budget initialized [3mtotal_ram_mb[0m[2m=[0m15989 [3mbudget_mb[0m[2m=[0m7994 [3mfraction[0m[2m=[0m0.5
[2m2026-10-08T04:58:18.134757Z[0m [32m INFO[0m [2mcc_index::indexer_phases::write[0m[2m:[0m generated hierarchy edges [3mcount[0m[2m=[0m10
[2m2026-10-08T04:58:18.136200Z[0m [32m INFO[0m [2mcc_index::memory_budget[0m[2m:[0m memory budget initialized [3mtotal_ram_mb[0m[2m=[0m15989 [3mbudget_mb[0m[2m=[0m7994 [3mfraction[0m[2m=[0m0.5
[2m2026-10-08T04:58:18.139951Z[0m [32m INFO[0m [2mcc_index::memory_budget[0m[2m:[0m memory budget initialized [3mtotal_ram_mb[0m[2m=[0m15989 [3mbudget_mb[0m[2m=[0m7994 [3mfraction[0m[2m=[0m0.5
[2m2026-10-08T04:58:18.141348Z[0m [32m INFO[0m [2mcc_index::memory_budget[0m[2m:[0m memory budget initialized [3mtotal_ram_mb[0m[2m=[0m15989 [3mbudget_mb[0m[2m=[0m7994 [3mfraction[0m[2m=[0m0.5
[2m2026-10-08T04:58:18.152431Z[0m [32m INFO[0m [2mcc_index::indexer[0m[2m:[0m pre-resolve framework enrichment active [3mresolvers[0m[2m=[0m["flask"] [3mhas_go_router[0m[2m=[0mfalse
[2m2026-10-08T04:58:18.158988Z[0m [32m INFO[0m [2mcc_db::index_db_rebuild[0m[2m:[0m full rebuild: creating temp database [3mtmp[0m[2m=[0m/tmp/.tmpqJUxS0/.codecortex/index.sqlite3.tmp
[2m2026-10-08T04:58:18.514403Z[0m [32m INFO[0m [2mcc_server::mcp[0m[2m:[0m MCP server shut down gracefully
[2m2026-10-08T04:58:18.521836Z[0m [32m INFO[0m [2mcc_server::mcp[0m[2m:[0m MCP server shut down gracefully
test stdio_ingest_traces_and_adr_delete ... ok
test stdio_invalid_enum_value_maps_to_invalid_params ... ok
[2m2026-10-08T04:58:19.369792Z[0m [32m INFO[0m [2mcc_db::index_migrate[0m[2m:[0m initializing index schema [3mversion[0m[2m=[0m25
[2m2026-10-08T04:58:19.391748Z[0m [32m INFO[0m [2mcc_index::memory_budget[0m[2m:[0m memory budget initialized [3mtotal_ram_mb[0m[2m=[0m15989 [3mbudget_mb[0m[2m=[0m7994 [3mfraction[0m[2m=[0m0.5
[2m2026-10-08T04:58:19.392743Z[0m [32m INFO[0m [1mserve_inner[0m[2m:[0m [2mrmcp::service[0m[2m:[0m Service initialized as server [3mpeer_info[0m[2m=[0mSome(InitializeRequestParams { meta: None, protocol_version: ProtocolVersion("2025-11-25"), capabilities: ClientCapabilities { experimental: None, extensions: None, roots: None, sampling: None, elicitation: None, tasks: None }, client_info: Implementation { name: "rmcp", title: None, version: "2.2.0", description: None, icons: None, website_url: None } })
[2m2026-10-08T04:58:19.392906Z[0m [32m INFO[0m [2mcc_server::mcp[0m[2m:[0m MCP server started on stdio
[2m2026-10-08T04:58:19.393708Z[0m [32m INFO[0m [1mserve_inner[0m[2m:[0m [2mrmcp::service[0m[2m:[0m received notification [3mnotification[0m[2m=[0mInitializedNotification(NotificationNoParam { method: InitializedNotificationMethod, extensions: Extensions })
[2m2026-10-08T04:58:19.393953Z[0m [32m INFO[0m [1mserve_inner[0m[2m:[0m [2mrmcp::handler::server[0m[2m:[0m client initialized
[2m2026-10-08T04:58:19.394232Z[0m [32m INFO[0m [2mcc_server::watcher[0m[2m:[0m watcher: counted project files for adaptive debounce [3mfile_count[0m[2m=[0m3
[2m2026-10-08T04:58:19.394257Z[0m [32m INFO[0m [2mcc_server::watcher[0m[2m:[0m watcher: adaptive debounce interval computed [3mdebounce_ms[0m[2m=[0m500
[2m2026-10-08T04:58:19.397909Z[0m [32m INFO[0m [2mcc_server::watcher[0m[2m:[0m watcher: counted project files for adaptive debounce [3mfile_count[0m[2m=[0m3
[2m2026-10-08T04:58:19.397932Z[0m [32m INFO[0m [2mcc_server::watcher[0m[2m:[0m watcher: adaptive debounce interval computed [3mdebounce_ms[0m[2m=[0m500
[2m2026-10-08T04:58:19.398413Z[0m [32m INFO[0m [2mcc_server::project_session[0m[2m:[0m watcher native subscription ready [3mnative_start_ms[0m[2m=[0m2
[2m2026-10-08T04:58:19.415202Z[0m [32m INFO[0m [2mcc_db::index_db_rebuild[0m[2m:[0m full rebuild: writing data to temp database
[2m2026-10-08T04:58:19.417658Z[0m [32m INFO[0m [2mcc_db::index_db_rebuild[0m[2m:[0m full rebuild: writing data to temp database
[2m2026-10-08T04:58:19.421107Z[0m [32m INFO[0m [2mcc_db::index_db_rebuild[0m[2m:[0m full rebuild: recreating indexes
[2m2026-10-08T04:58:19.428824Z[0m [32m INFO[0m [2mcc_db::index_db_rebuild[0m[2m:[0m full rebuild: recreating indexes
[2m2026-10-08T04:58:19.442046Z[0m [32m INFO[0m [2mcc_index::indexer[0m[2m:[0m pre-resolve framework enrichment active [3mresolvers[0m[2m=[0m["flask"] [3mhas_go_router[0m[2m=[0mfalse
[2m2026-10-08T04:58:19.462074Z[0m [32m INFO[0m [2mcc_db::index_db_rebuild[0m[2m:[0m full rebuild: temp database ready for swap
[2m2026-10-08T04:58:19.462373Z[0m [32m INFO[0m [2mcc_index::memory_budget[0m[2m:[0m memory budget initialized [3mtotal_ram_mb[0m[2m=[0m15989 [3mbudget_mb[0m[2m=[0m7994 [3mfraction[0m[2m=[0m0.5
[2m2026-10-08T04:58:19.470250Z[0m [32m INFO[0m [2mcc_index::memory_budget[0m[2m:[0m memory budget initialized [3mtotal_ram_mb[0m[2m=[0m15989 [3mbudget_mb[0m[2m=[0m7994 [3mfraction[0m[2m=[0m0.5
[2m2026-10-08T04:58:19.478868Z[0m [32m INFO[0m [2mcc_index::indexer_phases::write[0m[2m:[0m generated hierarchy edges [3mcount[0m[2m=[0m10
[2m2026-10-08T04:58:19.480310Z[0m [32m INFO[0m [2mcc_index::memory_budget[0m[2m:[0m memory budget initialized [3mtotal_ram_mb[0m[2m=[0m15989 [3mbudget_mb[0m[2m=[0m7994 [3mfraction[0m[2m=[0m0.5
[2m2026-10-08T04:58:19.484175Z[0m [32m INFO[0m [2mcc_index::memory_budget[0m[2m:[0m memory budget initialized [3mtotal_ram_mb[0m[2m=[0m15989 [3mbudget_mb[0m[2m=[0m7994 [3mfraction[0m[2m=[0m0.5
[2m2026-10-08T04:58:19.485597Z[0m [32m INFO[0m [2mcc_index::memory_budget[0m[2m:[0m memory budget initialized [3mtotal_ram_mb[0m[2m=[0m15989 [3mbudget_mb[0m[2m=[0m7994 [3mfraction[0m[2m=[0m0.5
[2m2026-10-08T04:58:19.495674Z[0m [32m INFO[0m [2mcc_index::indexer[0m[2m:[0m pre-resolve framework enrichment active [3mresolvers[0m[2m=[0m["flask"] [3mhas_go_router[0m[2m=[0mfalse
[2m2026-10-08T04:58:19.502290Z[0m [32m INFO[0m [2mcc_db::index_db_rebuild[0m[2m:[0m full rebuild: creating temp database [3mtmp[0m[2m=[0m/tmp/.tmp8lpVIg/.codecortex/index.sqlite3.tmp
[2m2026-10-08T04:58:19.811394Z[0m [32m INFO[0m [2mcc_db::index_db_rebuild[0m[2m:[0m full rebuild: temp database ready for swap
[2m2026-10-08T04:58:19.811708Z[0m [32m INFO[0m [2mcc_index::memory_budget[0m[2m:[0m memory budget initialized [3mtotal_ram_mb[0m[2m=[0m15989 [3mbudget_mb[0m[2m=[0m7994 [3mfraction[0m[2m=[0m0.5
[2m2026-10-08T04:58:20.121893Z[0m [32m INFO[0m [2mcc_index::memory_budget[0m[2m:[0m memory budget initialized [3mtotal_ram_mb[0m[2m=[0m15989 [3mbudget_mb[0m[2m=[0m7994 [3mfraction[0m[2m=[0m0.5
[2m2026-10-08T04:58:20.124538Z[0m [32m INFO[0m [2mcc_index::memory_budget[0m[2m:[0m memory budget initialized [3mtotal_ram_mb[0m[2m=[0m15989 [3mbudget_mb[0m[2m=[0m7994 [3mfraction[0m[2m=[0m0.5
[2m2026-10-08T04:58:20.127093Z[0m [32m INFO[0m [2mcc_index::memory_budget[0m[2m:[0m memory budget initialized [3mtotal_ram_mb[0m[2m=[0m15989 [3mbudget_mb[0m[2m=[0m7994 [3mfraction[0m[2m=[0m0.5
[2m2026-10-08T04:58:20.131070Z[0m [32m INFO[0m [2mcc_index::memory_budget[0m[2m:[0m memory budget initialized [3mtotal_ram_mb[0m[2m=[0m15989 [3mbudget_mb[0m[2m=[0m7994 [3mfraction[0m[2m=[0m0.5
[2m2026-10-08T04:58:20.133085Z[0m [32m INFO[0m [2mcc_db::index_migrate[0m[2m:[0m initializing index schema [3mversion[0m[2m=[0m25
[2m2026-10-08T04:58:20.138376Z[0m [32m INFO[0m [1mserve_inner[0m[2m:[0m [2mrmcp::service[0m[2m:[0m input stream terminated
[2m2026-10-08T04:58:20.138493Z[0m [32m INFO[0m [1mserve_inner[0m[2m:[0m [2mrmcp::service[0m[2m:[0m serve finished [3mquit_reason[0m[2m=[0mClosed
[2m2026-10-08T04:58:20.158163Z[0m [32m INFO[0m [2mcc_index::memory_budget[0m[2m:[0m memory budget initialized [3mtotal_ram_mb[0m[2m=[0m15989 [3mbudget_mb[0m[2m=[0m7994 [3mfraction[0m[2m=[0m0.5
[2m2026-10-08T04:58:20.160118Z[0m [32m INFO[0m [2mcc_server::watcher[0m[2m:[0m watcher: counted project files for adaptive debounce [3mfile_count[0m[2m=[0m2
[2m2026-10-08T04:58:20.160141Z[0m [32m INFO[0m [2mcc_server::watcher[0m[2m:[0m watcher: adaptive debounce interval computed [3mdebounce_ms[0m[2m=[0m500
[2m2026-10-08T04:58:20.160598Z[0m [32m INFO[0m [2mcc_server::project_session[0m[2m:[0m watcher native subscription ready [3mnative_start_ms[0m[2m=[0m2
[2m2026-10-08T04:58:20.165660Z[0m [32m INFO[0m [2mcc_db::index_db_rebuild[0m[2m:[0m full rebuild: creating temp database [3mtmp[0m[2m=[0m/tmp/.tmpQWwQKA/.codecortex/index.sqlite3.tmp
[2m2026-10-08T04:58:20.186565Z[0m [32m INFO[0m [2mcc_db::index_db_rebuild[0m[2m:[0m full rebuild: writing data to temp database
[2m2026-10-08T04:58:20.194093Z[0m [32m INFO[0m [2mcc_db::index_db_rebuild[0m[2m:[0m full rebuild: recreating indexes
[2m2026-10-08T04:58:20.241416Z[0m [32m INFO[0m [2mcc_db::index_db_rebuild[0m[2m:[0m full rebuild: temp database ready for swap
[2m2026-10-08T04:58:20.241683Z[0m [32m INFO[0m [2mcc_index::memory_budget[0m[2m:[0m memory budget initialized [3mtotal_ram_mb[0m[2m=[0m15989 [3mbudget_mb[0m[2m=[0m7994 [3mfraction[0m[2m=[0m0.5
[2m2026-10-08T04:58:20.272212Z[0m [32m INFO[0m [2mcc_index::memory_budget[0m[2m:[0m memory budget initialized [3mtotal_ram_mb[0m[2m=[0m15989 [3mbudget_mb[0m[2m=[0m7994 [3mfraction[0m[2m=[0m0.5
[2m2026-10-08T04:58:20.276657Z[0m [32m INFO[0m [2mcc_index::memory_budget[0m[2m:[0m memory budget initialized [3mtotal_ram_mb[0m[2m=[0m15989 [3mbudget_mb[0m[2m=[0m7994 [3mfraction[0m[2m=[0m0.5
[2m2026-10-08T04:58:20.287545Z[0m [32m INFO[0m [1mserve_inner[0m[2m:[0m [2mrmcp::service[0m[2m:[0m input stream terminated
[2m2026-10-08T04:58:20.287622Z[0m [32m INFO[0m [1mserve_inner[0m[2m:[0m [2mrmcp::service[0m[2m:[0m serve finished [3mquit_reason[0m[2m=[0mClosed
[2m2026-10-08T04:58:20.293781Z[0m [32m INFO[0m [2mcc_db::index_db_rebuild[0m[2m:[0m full rebuild: writing data to temp database
[2m2026-10-08T04:58:20.296120Z[0m [32m INFO[0m [2mcc_db::index_db_rebuild[0m[2m:[0m full rebuild: recreating indexes
[2m2026-10-08T04:58:20.319475Z[0m [32m INFO[0m [2mcc_db::index_db_rebuild[0m[2m:[0m full rebuild: temp database ready for swap
[2m2026-10-08T04:58:20.319681Z[0m [32m INFO[0m [2mcc_index::memory_budget[0m[2m:[0m memory budget initialized [3mtotal_ram_mb[0m[2m=[0m15989 [3mbudget_mb[0m[2m=[0m7994 [3mfraction[0m[2m=[0m0.5
[2m2026-10-08T04:58:20.341960Z[0m [32m INFO[0m [2mcc_index::memory_budget[0m[2m:[0m memory budget initialized [3mtotal_ram_mb[0m[2m=[0m15989 [3mbudget_mb[0m[2m=[0m7994 [3mfraction[0m[2m=[0m0.5
[2m2026-10-08T04:58:20.345466Z[0m [32m INFO[0m [2mcc_index::memory_budget[0m[2m:[0m memory budget initialized [3mtotal_ram_mb[0m[2m=[0m15989 [3mbudget_mb[0m[2m=[0m7994 [3mfraction[0m[2m=[0m0.5
[2m2026-10-08T04:58:20.350600Z[0m [32m INFO[0m [1mserve_inner[0m[2m:[0m [2mrmcp::service[0m[2m:[0m input stream terminated
[2m2026-10-08T04:58:20.350658Z[0m [32m INFO[0m [1mserve_inner[0m[2m:[0m [2mrmcp::service[0m[2m:[0m serve finished [3mquit_reason[0m[2m=[0mClosed
[2m2026-10-08T04:58:20.398797Z[0m [32m INFO[0m [2mcc_server::mcp[0m[2m:[0m MCP server shut down gracefully
test stdio_status_capabilities_and_schema ... ok
[2m2026-10-08T04:58:21.060987Z[0m [32m INFO[0m [2mcc_server::mcp[0m[2m:[0m MCP server shut down gracefully
[2m2026-10-08T04:58:21.160965Z[0m [32m INFO[0m [2mcc_server::mcp[0m[2m:[0m MCP server shut down gracefully
test stdio_mcp_lists_tools_and_calls_core_tools ... ok
test stdio_project_switch_isolates_cache ... ok

test result: ok. 9 passed; 0 failed; 0 ignored; 0 measured; 0 filtered out; finished in 5.43s

     Running tests/p7_v18_parameter_contract.rs (/home/runner/work/_temp/p7-closeout-target/debug/deps/p7_v18_parameter_contract-eb5cec591e556d45)

running 8 tests
test query_network_contract::config_bool_is_default_false_and_rejects_non_boolean_values ... ok
[2m2026-10-08T04:58:21.381427Z[0m [32m INFO[0m [2mcc_db::index_migrate[0m[2m:[0m initializing index schema [3mversion[0m[2m=[0m25
[2m2026-10-08T04:58:21.381640Z[0m [32m INFO[0m [2mcc_db::index_migrate[0m[2m:[0m initializing index schema [3mversion[0m[2m=[0m25
[2m2026-10-08T04:58:21.397564Z[0m [32m INFO[0m [1mserve_inner[0m[2m:[0m [2mrmcp::service[0m[2m:[0m Service initialized as server [3mpeer_info[0m[2m=[0mSome(InitializeRequestParams { meta: None, protocol_version: ProtocolVersion("2025-11-25"), capabilities: ClientCapabilities { experimental: None, extensions: None, roots: None, sampling: None, elicitation: None, tasks: None }, client_info: Implementation { name: "rmcp", title: None, version: "2.2.0", description: None, icons: None, website_url: None } })
[2m2026-10-08T04:58:21.397657Z[0m [32m INFO[0m [2mcc_server::mcp[0m[2m:[0m MCP server started on stdio
[2m2026-10-08T04:58:21.397893Z[0m [32m INFO[0m [1mserve_inner[0m[2m:[0m [2mrmcp::service[0m[2m:[0m Service initialized as server [3mpeer_info[0m[2m=[0mSome(InitializeRequestParams { meta: None, protocol_version: ProtocolVersion("2025-11-25"), capabilities: ClientCapabilities { experimental: None, extensions: None, roots: None, sampling: None, elicitation: None, tasks: None }, client_info: Implementation { name: "rmcp", title: None, version: "2.2.0", description: None, icons: None, website_url: None } })
[2m2026-10-08T04:58:21.397926Z[0m [32m INFO[0m [1mserve_inner[0m[2m:[0m [2mrmcp::service[0m[2m:[0m received notification [3mnotification[0m[2m=[0mInitializedNotification(NotificationNoParam { method: InitializedNotificationMethod, extensions: Extensions })
[2m2026-10-08T04:58:21.397970Z[0m [32m INFO[0m [2mcc_server::mcp[0m[2m:[0m MCP server started on stdio
[2m2026-10-08T04:58:21.398118Z[0m [32m INFO[0m [1mserve_inner[0m[2m:[0m [2mrmcp::service[0m[2m:[0m received notification [3mnotification[0m[2m=[0mInitializedNotification(NotificationNoParam { method: InitializedNotificationMethod, extensions: Extensions })
[2m2026-10-08T04:58:21.398394Z[0m [32m INFO[0m [1mserve_inner[0m[2m:[0m [2mrmcp::handler::server[0m[2m:[0m client initialized
[2m2026-10-08T04:58:21.398467Z[0m [32m INFO[0m [1mserve_inner[0m[2m:[0m [2mrmcp::handler::server[0m[2m:[0m client initialized
[2m2026-10-08T04:58:21.398876Z[0m [32m INFO[0m [2mcc_index::memory_budget[0m[2m:[0m memory budget initialized [3mtotal_ram_mb[0m[2m=[0m15989 [3mbudget_mb[0m[2m=[0m7994 [3mfraction[0m[2m=[0m0.5
V18_JSON {"schema":{"$schema":"https://json-schema.org/draft/2020-12/schema","additionalProperties":false,"properties":{"boost_files":{"default":null,"description":"File paths the agent is currently focused on. These files receive a\nranking boost in search results (they are not used as an exclusive filter).","items":{"type":"string"},"type":["array","null"]},"conversation_queries":{"default":null,"description":"Prior conversational queries that bias lexical / semantic retrieval\ntoward the ongoing discussion.","items":{"type":"string"},"type":["array","null"]},"exact":{"default":false,"description":"When `true`, require an exact symbol-name match instead of fuzzy.","type":"boolean"},"file_preselect_limit":{"default":null,"description":"Maximum number of candidate files to consider during the preselection\nstage. Higher values trade latency for recall on large repos. Default\nis auto-tuned based on `top_k`.","format":"uint","minimum":0,"type":["integer","null"]},"intent":{"default":null,"description":"Optional intent hint to guide ranking (e.g. \"find error handling logic\").","type":["string","null"]},"mode":{"default":"hybrid","description":"Search strategy.\n- `\"hybrid\"` – combines text and graph signals (default)\n- `\"symbol\"` – exact / fuzzy symbol-name lookup only","type":"string"},"overlay_files":{"default":null,"description":"In-memory / unsaved file paths (editor overlays) that should be treated\nas part of the working set when ranking results.","items":{"type":"string"},"type":["array","null"]},"path_prefix":{"default":null,"description":"Restrict results to files whose path begins with this prefix\n(e.g. `\"src/api/\"`). Applied as an exclusive filter.","type":["string","null"]},"pinned_files":{"default":null,"description":"Pinned / bookmarked file paths that should always rank highly when they\nmatch the query.","items":{"type":"string"},"type":["array","null"]},"project_path":{"default":null,"description":"Optional project root override.","type":["string","null"]},"query":{"description":"The search query string (natural language or symbol name).","type":"string"},"recent_files":{"default":null,"description":"Recently viewed / edited file paths. Receives a smaller ranking boost\nthan `boost_files`.","items":{"type":"string"},"type":["array","null"]},"retrieval_strategy":{"default":null,"description":"Retrieval policy for hybrid mode: local, auto, or semantic. Omitted uses\nproject configuration; auto without a semantic port stays local. An\nunconfigured explicit semantic request fails instead of pretending ready.","type":["string","null"]},"top_k":{"default":10,"description":"Maximum number of results to return. Default 10.","format":"uint","minimum":0,"type":"integer"}},"required":["query"],"type":"object"},"tool":"search"}
V18_JSON {"schema":{"$schema":"https://json-schema.org/draft/2020-12/schema","additionalProperties":false,"properties":{"include_source":{"default":true,"description":"Whether to include source code for each symbol. Default `true`.","type":"boolean"},"intent":{"default":null,"description":"Optional intent hint to steer retrieval (e.g. \"refactor\", \"debug\").","type":["string","null"]},"max_symbols":{"default":null,"description":"Maximum number of symbols to include in the context window.","format":"uint","minimum":0,"type":["integer","null"]},"project_path":{"default":null,"description":"Optional project root override.","type":["string","null"]},"retrieval_strategy":{"default":null,"description":"Optional local/auto/semantic policy. An explicit policy uses the unified\nretrieval path rather than the legacy direct-symbol shortcut.","type":["string","null"]},"task":{"description":"Natural-language description of the task or question.","type":"string"}},"required":["task"],"type":"object"},"tool":"context"}
[2m2026-10-08T04:58:21.402212Z[0m [32m INFO[0m [2mcc_index::memory_budget[0m[2m:[0m memory budget initialized [3mtotal_ram_mb[0m[2m=[0m15989 [3mbudget_mb[0m[2m=[0m7994 [3mfraction[0m[2m=[0m0.5
[2m2026-10-08T04:58:21.426134Z[0m [32m INFO[0m [2mcc_db::index_db_rebuild[0m[2m:[0m full rebuild: creating temp database [3mtmp[0m[2m=[0m/tmp/.tmpihpuj5/project/.codecortex/index.sqlite3.tmp
[2m2026-10-08T04:58:21.428170Z[0m [32m INFO[0m [2mcc_db::index_db_rebuild[0m[2m:[0m full rebuild: creating temp database [3mtmp[0m[2m=[0m/tmp/.tmpkFCtBx/project/.codecortex/index.sqlite3.tmp
[2m2026-10-08T04:58:21.728830Z[0m [32m INFO[0m [2mcc_db::index_migrate[0m[2m:[0m initializing index schema [3mversion[0m[2m=[0m25
[2m2026-10-08T04:58:21.729103Z[0m [32m INFO[0m [2mcc_db::index_migrate[0m[2m:[0m initializing index schema [3mversion[0m[2m=[0m25
[2m2026-10-08T04:58:21.889752Z[0m [32m INFO[0m [1mserve_inner[0m[2m:[0m [2mrmcp::service[0m[2m:[0m Service initialized as server [3mpeer_info[0m[2m=[0mSome(InitializeRequestParams { meta: None, protocol_version: ProtocolVersion("2025-11-25"), capabilities: ClientCapabilities { experimental: None, extensions: None, roots: None, sampling: None, elicitation: None, tasks: None }, client_info: Implementation { name: "rmcp", title: None, version: "2.2.0", description: None, icons: None, website_url: None } })
[2m2026-10-08T04:58:21.889843Z[0m [32m INFO[0m [2mcc_server::mcp[0m[2m:[0m MCP server started on stdio
[2m2026-10-08T04:58:21.890459Z[0m [32m INFO[0m [1mserve_inner[0m[2m:[0m [2mrmcp::service[0m[2m:[0m received notification [3mnotification[0m[2m=[0mInitializedNotification(NotificationNoParam { method: InitializedNotificationMethod, extensions: Extensions })
[2m2026-10-08T04:58:21.890787Z[0m [32m INFO[0m [1mserve_inner[0m[2m:[0m [2mrmcp::handler::server[0m[2m:[0m client initialized
[2m2026-10-08T04:58:21.891369Z[0m [32m INFO[0m [2mcc_index::memory_budget[0m[2m:[0m memory budget initialized [3mtotal_ram_mb[0m[2m=[0m15989 [3mbudget_mb[0m[2m=[0m7994 [3mfraction[0m[2m=[0m0.5
[2m2026-10-08T04:58:21.895106Z[0m [32m INFO[0m [1mserve_inner[0m[2m:[0m [2mrmcp::service[0m[2m:[0m Service initialized as server [3mpeer_info[0m[2m=[0mSome(InitializeRequestParams { meta: None, protocol_version: ProtocolVersion("2025-11-25"), capabilities: ClientCapabilities { experimental: None, extensions: None, roots: None, sampling: None, elicitation: None, tasks: None }, client_info: Implementation { name: "rmcp", title: None, version: "2.2.0", description: None, icons: None, website_url: None } })
[2m2026-10-08T04:58:21.895173Z[0m [32m INFO[0m [2mcc_server::mcp[0m[2m:[0m MCP server started on stdio
[2m2026-10-08T04:58:21.895356Z[0m [32m INFO[0m [1mserve_inner[0m[2m:[0m [2mrmcp::service[0m[2m:[0m received notification [3mnotification[0m[2m=[0mInitializedNotification(NotificationNoParam { method: InitializedNotificationMethod, extensions: Extensions })
[2m2026-10-08T04:58:21.895451Z[0m [32m INFO[0m [1mserve_inner[0m[2m:[0m [2mrmcp::handler::server[0m[2m:[0m client initialized
V18_JSON {"args":{"aspect":"capabilities"},"result":{"capabilities":{"graph":true,"impact":true,"search":true},"has_index":true,"has_project":true,"indexed_files":0,"indexed_symbols":0,"resolution_freshness":{"basis_epoch":null,"complete":true,"completed_files":0,"index_epoch":0,"reason":null,"retry":null,"root_count":0,"scope":"observed_resolution_invalidations","status":"ready"},"retrieval":{"consistency":"point_in_time","default_effective_strategy":"local","default_query_state":"available_with_per_query_checks","default_strategy":"local","dense_reason":"provider_and_vector_publication_not_implemented","dense_state":"disabled","diagnostic_sources":{"build":"BuildExplain on index response","graph":"GraphExplain on query response","lanes":"evidence_summary.retrieval.lanes or lane_receipts","packing":"evidence_summary.packing","selection":"evidence_summary.selection","semantic":"evidence_summary.retrieval.semantic (dense lane receipt projection)","source":"evidence_summary.source_freshness"},"execution":{"async_admitted":0,"async_in_flight":0,"async_limit":8,"completed":0,"cpu_admitted":0,"cpu_in_flight":0,"cpu_limit":4,"queue_limit":32,"rejected":0},"execution_scope":"process_shared_not_project_local","generation":{"evidence_epoch":0,"incarnation":[252,25,145,70,137,53,228,191,58,215,67,110,179,195,70,115],"index_epoch":0,"semantic_epoch":null},"generation_scope":"observed_database_snapshot","identity_validation":"checked_at_observation_boundary","index_state":"empty","local_state":"available","pin_scope":"owned_query_views_including_inflight_clones_not_request_count","query_coverage":{"scope":"per_query_not_global","state":"not_measured"},"query_encoding":{"configured_opt_in":false,"network_authorized":false,"reason":"semantic_disabled","request_scope":"nonlocal_nonempty_only"},"query_pins":0,"resolution_freshness":{"basis_epoch":null,"complete":true,"completed_files":0,"index_epoch":0,"reason":null,"retry":null,"root_count":0,"scope":"observed_resolution_invalidations","status":"ready"},"semantic_active_space":null,"semantic_state":"not_configured","service_state_scope":"process_observed_separately","spec":"retrieval-capabilities-v2"}},"tool":"status"}
[2m2026-10-08T04:58:21.900135Z[0m [33m WARN[0m [1mserve_inner[0m[2m:[0m [2mrmcp::service[0m[2m:[0m response error [3mid[0m[2m=[0m2 [3merror[0m[2m=[0mErrorData { code: ErrorCode(-32602), message: "retrieval_strategy must be local, auto, or semantic", data: None }
V18_JSON {"args":{"query":"needle","retrieval_strategy":"dense"},"error_code":-32602,"message":"retrieval_strategy must be local, auto, or semantic","tool":"search"}
[2m2026-10-08T04:58:21.900750Z[0m [33m WARN[0m [1mserve_inner[0m[2m:[0m [2mrmcp::service[0m[2m:[0m response error [3mid[0m[2m=[0m3 [3merror[0m[2m=[0mErrorData { code: ErrorCode(-32602), message: "retrieval_strategy must be local, auto, or semantic", data: None }
V18_JSON {"args":{"query":"needle","retrieval_strategy":"AUTO"},"error_code":-32602,"message":"retrieval_strategy must be local, auto, or semantic","tool":"search"}
[2m2026-10-08T04:58:21.903182Z[0m [33m WARN[0m [1mserve_inner[0m[2m:[0m [2mrmcp::service[0m[2m:[0m response error [3mid[0m[2m=[0m4 [3merror[0m[2m=[0mErrorData { code: ErrorCode(-32602), message: "retrieval_strategy must be local, auto, or semantic", data: None }
V18_JSON {"args":{"query":"needle","retrieval_strategy":""},"error_code":-32602,"message":"retrieval_strategy must be local, auto, or semantic","tool":"search"}
V18_JSON {"args":{"query":"needle","retrieval_strategy":1},"content":[{"text":"failed to deserialize parameters: invalid type: integer `1`, expected a string","type":"text"}],"is_error":true,"tool":"search"}
V18_JSON {"args":{"query":"needle","retrieval_strategy":{}},"content":[{"text":"failed to deserialize parameters: invalid type: map, expected a string","type":"text"}],"is_error":true,"tool":"search"}
V18_JSON {"args":{"query":"needle","retrieval_strategy":[]},"content":[{"text":"failed to deserialize parameters: invalid type: sequence, expected a string","type":"text"}],"is_error":true,"tool":"search"}
V18_JSON {"args":{"query":"needle","retrieval_stratgey":"auto"},"content":[{"text":"failed to deserialize parameters: unknown field `retrieval_stratgey`, expected one of `query`, `retrieval_strategy`, `mode`, `top_k`, `intent`, `exact`, `boost_files`, `recent_files`, `pinned_files`, `conversation_queries`, `overlay_files`, `file_preselect_limit`, `path_prefix`, `project_path`","type":"text"}],"is_error":true,"tool":"search"}
V18_JSON {"args":{"endpoint":"https://provider.invalid","query":"needle"},"content":[{"text":"failed to deserialize parameters: unknown field `endpoint`, expected one of `query`, `retrieval_strategy`, `mode`, `top_k`, `intent`, `exact`, `boost_files`, `recent_files`, `pinned_files`, `conversation_queries`, `overlay_files`, `file_preselect_limit`, `path_prefix`, `project_path`","type":"text"}],"is_error":true,"tool":"search"}
[2m2026-10-08T04:58:21.906635Z[0m [33m WARN[0m [1mserve_inner[0m[2m:[0m [2mrmcp::service[0m[2m:[0m response error [3mid[0m[2m=[0m10 [3merror[0m[2m=[0mErrorData { code: ErrorCode(-32602), message: "retrieval_strategy must be local, auto, or semantic", data: None }
V18_JSON {"args":{"retrieval_strategy":"dense","task":"needle"},"error_code":-32602,"message":"retrieval_strategy must be local, auto, or semantic","tool":"context"}
[2m2026-10-08T04:58:21.907242Z[0m [33m WARN[0m [1mserve_inner[0m[2m:[0m [2mrmcp::service[0m[2m:[0m response error [3mid[0m[2m=[0m11 [3merror[0m[2m=[0mErrorData { code: ErrorCode(-32602), message: "retrieval_strategy must be local, auto, or semantic", data: None }
V18_JSON {"args":{"retrieval_strategy":"AUTO","task":"needle"},"error_code":-32602,"message":"retrieval_strategy must be local, auto, or semantic","tool":"context"}
[2m2026-10-08T04:58:21.907898Z[0m [33m WARN[0m [1mserve_inner[0m[2m:[0m [2mrmcp::service[0m[2m:[0m response error [3mid[0m[2m=[0m12 [3merror[0m[2m=[0mErrorData { code: ErrorCode(-32602), message: "retrieval_strategy must be local, auto, or semantic", data: None }
V18_JSON {"args":{"retrieval_strategy":"","task":"needle"},"error_code":-32602,"message":"retrieval_strategy must be local, auto, or semantic","tool":"context"}
V18_JSON {"args":{"retrieval_strategy":1,"task":"needle"},"content":[{"text":"failed to deserialize parameters: invalid type: integer `1`, expected a string","type":"text"}],"is_error":true,"tool":"context"}
V18_JSON {"args":{"retrieval_strategy":{},"task":"needle"},"content":[{"text":"failed to deserialize parameters: invalid type: map, expected a string","type":"text"}],"is_error":true,"tool":"context"}
V18_JSON {"args":{"retrieval_strategy":[],"task":"needle"},"content":[{"text":"failed to deserialize parameters: invalid type: sequence, expected a string","type":"text"}],"is_error":true,"tool":"context"}
V18_JSON {"args":{"retrieval_stratgey":"auto","task":"needle"},"content":[{"text":"failed to deserialize parameters: unknown field `retrieval_stratgey`, expected one of `task`, `retrieval_strategy`, `max_symbols`, `include_source`, `intent`, `project_path`","type":"text"}],"is_error":true,"tool":"context"}
V18_JSON {"args":{"endpoint":"https://provider.invalid","task":"needle"},"content":[{"text":"failed to deserialize parameters: unknown field `endpoint`, expected one of `task`, `retrieval_strategy`, `max_symbols`, `include_source`, `intent`, `project_path`","type":"text"}],"is_error":true,"tool":"context"}
[2m2026-10-08T04:58:21.911616Z[0m [33m WARN[0m [1mserve_inner[0m[2m:[0m [2mrmcp::service[0m[2m:[0m response error [3mid[0m[2m=[0m18 [3merror[0m[2m=[0mErrorData { code: ErrorCode(-32602), message: "invalid mode: 'semantic' (valid: hybrid, symbol)", data: None }
V18_JSON {"args":{"mode":"semantic","query":"needle"},"error_code":-32602,"message":"invalid mode: 'semantic' (valid: hybrid, symbol)","tool":"search"}
V18_JSON {"args":{"query":"needle","top_k":"10"},"content":[{"text":"failed to deserialize parameters: invalid type: string \"10\", expected usize","type":"text"}],"is_error":true,"tool":"search"}
[2m2026-10-08T04:58:21.912994Z[0m [33m WARN[0m [1mserve_inner[0m[2m:[0m [2mrmcp::service[0m[2m:[0m response error [3mid[0m[2m=[0m20 [3merror[0m[2m=[0mErrorData { code: ErrorCode(-32602), message: "symbol mode supports only local retrieval_strategy", data: None }
V18_JSON {"args":{"mode":"symbol","query":"needle","retrieval_strategy":"auto"},"error_code":-32602,"message":"symbol mode supports only local retrieval_strategy","tool":"search"}
[2m2026-10-08T04:58:21.913649Z[0m [33m WARN[0m [1mserve_inner[0m[2m:[0m [2mrmcp::service[0m[2m:[0m response error [3mid[0m[2m=[0m21 [3merror[0m[2m=[0mErrorData { code: ErrorCode(-32602), message: "symbol mode supports only local retrieval_strategy", data: None }
V18_JSON {"args":{"mode":"symbol","query":"needle","retrieval_strategy":"semantic"},"error_code":-32602,"message":"symbol mode supports only local retrieval_strategy","tool":"search"}
[2m2026-10-08T04:58:21.914302Z[0m [33m WARN[0m [1mserve_inner[0m[2m:[0m [2mrmcp::service[0m[2m:[0m response error [3mid[0m[2m=[0m22 [3merror[0m[2m=[0mErrorData { code: ErrorCode(-32602), message: "invalid aspect: 'semantic' (valid: index, capabilities, schema, all)", data: None }
V18_JSON {"args":{"aspect":"semantic"},"error_code":-32602,"message":"invalid aspect: 'semantic' (valid: index, capabilities, schema, all)","tool":"status"}
V18_JSON {"args":{"aspect":1},"content":[{"text":"failed to deserialize parameters: invalid type: integer `1`, expected a string","type":"text"}],"is_error":true,"tool":"status"}
V18_JSON {"args":{"aspect":"capabilities"},"result":{"capabilities":{"graph":true,"impact":true,"search":true},"has_index":true,"has_project":true,"indexed_files":0,"indexed_symbols":0,"resolution_freshness":{"basis_epoch":null,"complete":true,"completed_files":0,"index_epoch":0,"reason":null,"retry":null,"root_count":0,"scope":"observed_resolution_invalidations","status":"ready"},"retrieval":{"consistency":"point_in_time","default_effective_strategy":"local","default_query_state":"available_with_per_query_checks","default_strategy":"local","dense_reason":"provider_and_vector_publication_not_implemented","dense_state":"disabled","diagnostic_sources":{"build":"BuildExplain on index response","graph":"GraphExplain on query response","lanes":"evidence_summary.retrieval.lanes or lane_receipts","packing":"evidence_summary.packing","selection":"evidence_summary.selection","semantic":"evidence_summary.retrieval.semantic (dense lane receipt projection)","source":"evidence_summary.source_freshness"},"execution":{"async_admitted":0,"async_in_flight":0,"async_limit":8,"completed":0,"cpu_admitted":0,"cpu_in_flight":0,"cpu_limit":4,"queue_limit":32,"rejected":0},"execution_scope":"process_shared_not_project_local","generation":{"evidence_epoch":0,"incarnation":[252,25,145,70,137,53,228,191,58,215,67,110,179,195,70,115],"index_epoch":0,"semantic_epoch":null},"generation_scope":"observed_database_snapshot","identity_validation":"checked_at_observation_boundary","index_state":"empty","local_state":"available","pin_scope":"owned_query_views_including_inflight_clones_not_request_count","query_coverage":{"scope":"per_query_not_global","state":"not_measured"},"query_encoding":{"configured_opt_in":false,"network_authorized":false,"reason":"semantic_disabled","request_scope":"nonlocal_nonempty_only"},"query_pins":0,"resolution_freshness":{"basis_epoch":null,"complete":true,"completed_files":0,"index_epoch":0,"reason":null,"retry":null,"root_count":0,"scope":"observed_resolution_invalidations","status":"ready"},"semantic_active_space":null,"semantic_state":"not_configured","service_state_scope":"process_observed_separately","spec":"retrieval-capabilities-v2"}},"tool":"status"}
[2m2026-10-08T04:58:21.917404Z[0m [32m INFO[0m [1mserve_inner[0m[2m:[0m [2mrmcp::service[0m[2m:[0m input stream terminated
[2m2026-10-08T04:58:21.917476Z[0m [32m INFO[0m [1mserve_inner[0m[2m:[0m [2mrmcp::service[0m[2m:[0m serve finished [3mquit_reason[0m[2m=[0mClosed
[2m2026-10-08T04:58:21.917651Z[0m [32m INFO[0m [2mcc_server::mcp[0m[2m:[0m MCP server shut down gracefully
[2m2026-10-08T04:58:21.926562Z[0m [32m INFO[0m [2mcc_db::index_db_rebuild[0m[2m:[0m full rebuild: creating temp database [3mtmp[0m[2m=[0m/tmp/.tmpgYksvw/project/.codecortex/index.sqlite3.tmp
test malformed_strategy_and_symbol_incompatibility_are_public_parameter_errors ... ok
[2m2026-10-08T04:58:21.940102Z[0m [32m INFO[0m [2mcc_db::index_migrate[0m[2m:[0m initializing index schema [3mversion[0m[2m=[0m25
[2m2026-10-08T04:58:21.944613Z[0m [32m INFO[0m [2mcc_db::index_db_rebuild[0m[2m:[0m full rebuild: writing data to temp database
[2m2026-10-08T04:58:21.948114Z[0m [32m INFO[0m [2mcc_db::index_db_rebuild[0m[2m:[0m full rebuild: recreating indexes
[2m2026-10-08T04:58:21.954513Z[0m [32m INFO[0m [2mcc_db::index_db_rebuild[0m[2m:[0m full rebuild: writing data to temp database
[2m2026-10-08T04:58:21.959814Z[0m [32m INFO[0m [2mcc_db::index_db_rebuild[0m[2m:[0m full rebuild: recreating indexes
[2m2026-10-08T04:58:21.964072Z[0m [32m INFO[0m [1mserve_inner[0m[2m:[0m [2mrmcp::service[0m[2m:[0m Service initialized as server [3mpeer_info[0m[2m=[0mSome(InitializeRequestParams { meta: None, protocol_version: ProtocolVersion("2025-11-25"), capabilities: ClientCapabilities { experimental: None, extensions: None, roots: None, sampling: None, elicitation: None, tasks: None }, client_info: Implementation { name: "rmcp", title: None, version: "2.2.0", description: None, icons: None, website_url: None } })
[2m2026-10-08T04:58:21.964169Z[0m [32m INFO[0m [2mcc_server::mcp[0m[2m:[0m MCP server started on stdio
[2m2026-10-08T04:58:21.964356Z[0m [32m INFO[0m [1mserve_inner[0m[2m:[0m [2mrmcp::service[0m[2m:[0m received notification [3mnotification[0m[2m=[0mInitializedNotification(NotificationNoParam { method: InitializedNotificationMethod, extensions: Extensions })
[2m2026-10-08T04:58:21.964427Z[0m [32m INFO[0m [1mserve_inner[0m[2m:[0m [2mrmcp::handler::server[0m[2m:[0m client initialized
[2m2026-10-08T04:58:21.965059Z[0m [32m INFO[0m [2mcc_index::memory_budget[0m[2m:[0m memory budget initialized [3mtotal_ram_mb[0m[2m=[0m15989 [3mbudget_mb[0m[2m=[0m7994 [3mfraction[0m[2m=[0m0.5
[2m2026-10-08T04:58:21.971131Z[0m [32m INFO[0m [2mcc_db::index_db_rebuild[0m[2m:[0m full rebuild: temp database ready for swap
[2m2026-10-08T04:58:21.971305Z[0m [32m INFO[0m [2mcc_index::memory_budget[0m[2m:[0m memory budget initialized [3mtotal_ram_mb[0m[2m=[0m15989 [3mbudget_mb[0m[2m=[0m7994 [3mfraction[0m[2m=[0m0.5
[2m2026-10-08T04:58:21.993312Z[0m [32m INFO[0m [2mcc_db::index_db_rebuild[0m[2m:[0m full rebuild: creating temp database [3mtmp[0m[2m=[0m/tmp/.tmpR76rPS/project/.codecortex/index.sqlite3.tmp
[2m2026-10-08T04:58:21.998070Z[0m [32m INFO[0m [2mcc_db::index_db_rebuild[0m[2m:[0m full rebuild: temp database ready for swap
[2m2026-10-08T04:58:21.998236Z[0m [32m INFO[0m [2mcc_index::memory_budget[0m[2m:[0m memory budget initialized [3mtotal_ram_mb[0m[2m=[0m15989 [3mbudget_mb[0m[2m=[0m7994 [3mfraction[0m[2m=[0m0.5
[2m2026-10-08T04:58:22.009785Z[0m [32m INFO[0m [2mcc_index::memory_budget[0m[2m:[0m memory budget initialized [3mtotal_ram_mb[0m[2m=[0m15989 [3mbudget_mb[0m[2m=[0m7994 [3mfraction[0m[2m=[0m0.5
[2m2026-10-08T04:58:22.014300Z[0m [32m INFO[0m [2mcc_index::memory_budget[0m[2m:[0m memory budget initialized [3mtotal_ram_mb[0m[2m=[0m15989 [3mbudget_mb[0m[2m=[0m7994 [3mfraction[0m[2m=[0m0.5
V18_JSON {"args":{"full":true,"path":"/tmp/.tmpkFCtBx/project"},"result":{"build_explain":{"gate_decisions":[{"pass":"synthesis_round","reason":"both signatures changed","run":true},{"pass":"community","reason":"full rebuild","run":true},{"pass":"git_cochange","reason":"cache key unavailable","run":true},{"pass":"infra","reason":"signature algorithm changed","run":true},{"pass":"adr","reason":"no recorded signature","run":true}]},"chunk_policy":{"bytes":16384,"chars":16384,"estimated_tokens":4096,"lines":80,"merge_min_bytes":256},"chunks_total":2,"dirty_plan":{"dependency_sql":{"fullscan_steps":0,"rows":0,"sorts":0,"statements":0,"vm_steps":0},"file_budget":0,"parsed_files":1,"reasons":[],"rebased":false,"resumed":false,"selected_dependents":0},"document_changes":{"files_projected":1,"removed":0,"render_failed":0,"reusable_inputs":0,"unchanged":0,"upserted":2},"elapsed_ms":613,"files_added":1,"files_parsed":1,"files_removed":0,"files_scanned":1,"files_skipped":0,"files_updated":0,"parse_errors":[],"phase_timing":{"analysis_ms":3,"parse_ms":21,"postprocess_ms":2,"resolve_ms":0,"scan_diff_ms":4,"write_ms":38},"project_model":{"catalog_files":1,"changed_configs":[],"config_inputs":0,"config_parse_cache_hits":0,"config_reads":0,"config_root_probes":5,"config_roots":0,"diagnostics":[],"go_fact_cache_hits":0,"go_source_reads":0,"input_digest":"6608a5a5cd33639a82b1be8d943f3148241d6520b8e0d9930909feaaf0ec5b8c","inventory_source":"shared_walk","modes":[],"rust_fact_cache_hits":0,"rust_source_reads":0,"version":3},"public_surface_coverage":{"known":1,"known_empty":0,"parsed_files":1,"unknown":0,"unknown_reasons":{}},"resolution_coverage":{"ambiguous":0,"incomplete_files":0,"modules_ambiguous":0,"modules_external":0,"modules_resolved":0,"modules_unknown":0,"modules_unresolved":0,"modules_unsupported":0,"omitted_records":0,"packages_resolved":0,"processed_files":1,"resolved":2,"unresolved":0,"unsupported":0},"resolution_freshness":{"basis_epoch":null,"complete":true,"completed_files":0,"index_epoch":5,"reason":null,"retry":null,"root_count":0,"scope":"observed_resolution_invalidations","status":"ready"},"symbols_total":2,"used_parallel_parse":false},"tool":"index"}
[2m2026-10-08T04:58:22.041181Z[0m [32m INFO[0m [2mcc_index::memory_budget[0m[2m:[0m memory budget initialized [3mtotal_ram_mb[0m[2m=[0m15989 [3mbudget_mb[0m[2m=[0m7994 [3mfraction[0m[2m=[0m0.5
V18_JSON {"args":{"query":"needle"},"result":{"evidence_summary":{"files":["needle.py"],"graph_enrichment":{"callees_added":1,"callers_added":1,"symbols_resolved":2,"tests_found":0},"packing":{"compacted":true,"configured_max_bytes":18000,"continuation":"Use files region/expand on retained references; recheck source version.","limit_bytes":16000,"omitted_hits":0,"omitted_nodes":0,"original_hits":2,"original_nodes":4,"partial":false,"spec":"whole-json-intent-facets-source-support-before-incidental-v5","token_estimate_method":"ceil(serialized_utf8_bytes/4); not a tokenizer","used_bytes":12538},"retrieval":{"cost":{"coverage":"originating_work; full scope: retrieval-cost schema v1","fused_candidates":2,"hydrate_requested":2,"hydration":{"sql":{"fullscan_steps":0,"rows":10,"sorts":0,"statements":9,"vm_steps":386},"text":{"cache_hits":2,"legacy_auto_reads":0,"storage_reads":0,"utf8_bytes":66,"zstd_decodes":0}},"lane_candidates":{"exact_symbol":1,"graph":2,"grep":2,"lexical":2,"path":1},"lexical_sql":{"fullscan_steps":0,"rows":2,"sorts":1,"statements":1,"vm_steps":59},"schema_version":1},"grep":{"fallback_scanned":0,"prefilter_failed":false,"prefilter_scanned":0,"reason":null,"scan_cap":20000,"scanned":2,"skipped_duplicates":4,"soft_scanned":2,"stages":[{"stage":"soft","work":{"sql":{"fullscan_steps":0,"rows":2,"sorts":0,"statements":1,"vm_steps":29},"text":{"cache_hits":0,"legacy_auto_reads":0,"storage_reads":2,"utf8_bytes":66,"zstd_decodes":0}}},{"stage":"prefilter","work":{"sql":{"fullscan_steps":0,"rows":2,"sorts":1,"statements":1,"vm_steps":58},"text":{"cache_hits":0,"legacy_auto_reads":0,"storage_reads":0,"utf8_bytes":0,"zstd_decodes":0}}},{"stage":"fallback","work":{"sql":{"fullscan_steps":1,"rows":2,"sorts":0,"statements":1,"vm_steps":23},"text":{"cache_hits":0,"legacy_auto_reads":0,"storage_reads":0,"utf8_bytes":0,"zstd_decodes":0}}}],"status":"complete"},"lane_receipts":[{"candidate_count":1,"candidate_details_omitted":true,"coverage":{"complete":true,"examined":null,"scope":"hard_scope","total_lower_bound":1},"elapsed_us":381,"lane_id":"exact_symbol","schema_version":1,"status":"complete","truncation_reason":null,"weight":1.1},{"candidate_count":1,"candidate_details_omitted":true,"coverage":{"complete":true,"examined":null,"scope":"hard_scope","total_lower_bound":1},"elapsed_us":2100,"lane_id":"path","schema_version":1,"status":"complete","truncation_reason":null,"weight":1.0},{"candidate_count":2,"candidate_details_omitted":true,"coverage":{"complete":true,"examined":null,"scope":"hard_scope","total_lower_bound":2},"elapsed_us":399,"lane_id":"lexical","schema_version":1,"status":"complete","truncation_reason":null,"weight":1.1},{"candidate_count":2,"candidate_details_omitted":true,"coverage":{"complete":true,"examined":2,"scope":"hard_scope","total_lower_bound":2},"elapsed_us":1949,"lane_id":"grep","schema_version":1,"status":"complete","truncation_reason":null,"weight":0.8},{"candidate_count":2,"candidate_details_omitted":true,"coverage":{"complete":true,"examined":null,"scope":"hard_scope","total_lower_bound":2},"elapsed_us":1308,"lane_id":"graph","schema_version":1,"status":"complete","truncation_reason":null,"weight":0.6}],"policy":{"deadline_ms":30000,"details_omitted":true,"effective":"local","graph_source_mapping":"uid_byte_decl_docs;not_whole_body:v2","intent":"locate","lane_timeout_ms":20000,"path_source_domain":"canonical_scoped_exact_else_bounded_tokens;not_whole_body:v3","requested":"local","semantic_state":"disabled","semantic_timeout_ms":5000,"semantic_top_k":24,"version":"query-policy-local-semantic-canonical-path-domain-v4"},"scope":{"budget":{"exact_symbol_candidates":24,"grep_candidates":12,"grep_enabled":true,"grep_scan_cap":20000,"lexical_candidates":24,"path_candidates":24,"rerank_window":40,"top_k":10,"units":"chunks; grep_scan_cap=decompressions; scope_receipt_v1; not_total_cost"},"details_omitted":true,"hard":{"empty":false,"explicit_file_count":null,"languages":null,"path_prefix":null,"path_prefix_truncated":false,"semantics":"conjunctive_case_sensitive_repo_paths; explicit_empty_denies"},"ordering":["exact_identity_first","rerank_score_desc","chunk_id_asc"],"policy":"canonical-scoped-exact-path-domain-compact-context-budget-v22","schema_version":1,"soft":{"contributions":"score_trace=additive; stage_a_already_included; raw_hint_paths_omitted","hint_entries":{"overlay":0,"pinned":0,"recent":0,"working":0},"preselected_count":1,"role":"ranking_and_scan_priority_only"}}},"search_hits":2,"selection":{"facets":{"implementation":2},"input_candidates":2,"intent":"locate","intent_facet_anchors":{},"limit_omitted":0,"original_ranks":[1,2],"overlap":{"fully_covered_candidates":0,"input_bytes":66,"redundant_bytes":0,"unique_bytes":66},"requested_limit":10,"selected":2,"selected_overlap":{"fully_covered_candidates":0,"input_bytes":66,"redundant_bytes":0,"unique_bytes":66},"source_covered_omissions":0,"source_support_anchors":[],"source_support_scope":"cue_window:v1","spec":"anchored-facets-distinctive-source-union-v2","unmet_facets":[]},"source_freshness":{"budget_exhausted":false,"checked_files":1,"dense_manifest_fence":{"checked":0,"skip_disposition":"stale_publication_skipped","skipped":0},"generation":{"evidence_epoch":1,"incarnation":[224,249,192,242,115,102,99,185,191,193,199,69,84,8,195,95],"index_epoch":5,"semantic_epoch":null},"hydrator":"current-document-scope-source-generation-v1","omitted_files":{},"partial":false,"read_budget_charged":66,"scope":"disk_generation:v1","validation_work":{"candidate_projection_sql":{"fullscan_steps":0,"rows":2,"sorts":0,"statements":1,"vm_steps":76},"coverage":"current final-assembly attempt SELECTs for manifest, symbol identity and candidate projection; excludes prior attempts, transaction control, originating retrieval, generation, dense fence, graph and disk work; not total cost","schema_version":1,"source_records_sql":{"fullscan_steps":0,"rows":10,"sorts":0,"statements":9,"vm_steps":292}},"verified_hits":2}},"intent":"locate","invalidations":[],"machine_pack":{"hits":[{"breadcrumb":"needle","chunk_id":"chunk:needle.py:0","end_line":2,"file_path":"needle.py","fused_score":0.08989441930618403,"graph_score":0.07931471805599452,"grep_score":0.5,"lane":null,"language":"python","lexical_score":1.0,"metadata":{"details_omitted":true,"document":{"doc_key":"29b2fa88c6d6c8741c47ad873ba80a25c628b882a28ea3cfaa7fcc69e6982938","doc_version":"9ba68969fd43b00f97a9fade36d3cd19b8f57a4b7c6dffacb8c050c2e9b29f62","encoding_key":"78fc8c83484a6639e37e832f30a8eb8310c8ad26eada3a4ec3d936c1f152fede","entity_key":"16a369932cc2a7589f395b34b3b8def8bbad6a04e00672428487964152c26486"},"qname":"needle","source_evidence":{"boundary":"symbol","owner":{"end":28,"start":0},"signature":{"end":18,"start":0},"slice_digest":"c748e325d98b5f174763b313c05ece587900d99690eedbce11f75639788c6b8b","source":{"byte_len":66,"content_digest":"bdb975ad92107a0524d6a7c217816cd1e50bb1d97a36ef892318fbe837bf8857","encoding":"utf8","snapshot_id":"735799399424072b1b6cc95488ff63f55c094da4b32573a4555bf731c014f141"},"span":{"end":28,"start":0}},"source_freshness":{"disk_checked":true,"hydrator":"current-document-scope-source-generation-v1","status":"current_verified"}},"reasons":["exact-target","exact_symbol@1","path@1","lexical@1","grep@2","symbol-exact","fts-summary","path-token:needle","symbol:needle","preselect:fts-summary:+1.40","preselect:token-search:+3.00"],"rerank_score":0.8196888975800265,"score_trace":[["rrf:exact_symbol",0.021568627450980395],["rrf:path",0.0196078431372549],["rrf:lexical",0.021568627450980395],["rrf:grep",0.015384615384615385],["rrf:graph",0.011764705882352941],["overlap",0.35],["boost:symbol-exact",0.18],["boost:stage-a",0.17600006285704412],["boost:graph-rerank",0.023794415416798356]],"source":"index","start_line":1,"symbol_kind":"function","symbol_name":"needle","text":"def needle():\n    return 731"},{"breadcrumb":"neighbor","chunk_id":"chunk:needle.py:1","end_line":5,"file_path":"needle.py","fused_score":0.048378582202111615,"graph_score":0.06931471805599453,"grep_score":1.0,"lane":null,"language":"python","lexical_score":0.5,"metadata":{"details_omitted":true,"document":{"doc_key":"3fd56c438273f4e97d76268fc1e74f7bccba6b16d9f0ef414ca67b0829003e65","doc_version":"09f385ca69393d6173161facbcb1551167f9785fcdd2ccc650f1c531bc0259ed","encoding_key":"02118b2a2349b99c9efe9684d529683cd659e52f1e28e19c864bc915175c7693","entity_key":"f8d3da2a91268bb9b93e59ca9b06d751804a9221f3d218b5a8798fab2dc8e40d"},"qname":"neighbor","source_evidence":{"boundary":"symbol","owner":{"end":65,"start":30},"signature":{"end":50,"start":30},"slice_digest":"dec7813dc4d5e300de152b45e0cb2a89c688f0a75f1501c57aa7eb68130081dd","source":{"byte_len":66,"content_digest":"bdb975ad92107a0524d6a7c217816cd1e50bb1d97a36ef892318fbe837bf8857","encoding":"utf8","snapshot_id":"735799399424072b1b6cc95488ff63f55c094da4b32573a4555bf731c014f141"},"span":{"end":66,"start":28}},"source_freshness":{"disk_checked":true,"hydrator":"current-document-scope-source-generation-v1","status":"current_verified"}},"reasons":["lexical@2","grep@1","fts-summary","path-token:needle","symbol:needle","preselect:fts-summary:+1.40","preselect:token-search:+3.00"],"rerank_score":0.5951730604759541,"score_trace":[["rrf:lexical",0.021153846153846155],["rrf:grep",0.01568627450980392],["rrf:graph",0.011538461538461537],["overlap",0.35],["boost:stage-a",0.17600006285704412],["boost:graph-rerank",0.020794415416798356]],"source":"index","start_line":2,"symbol_kind":"function","symbol_name":"neighbor","text":"\n\ndef neighbor():\n    return needle()\n"}],"kind":"code_index_context","query":"needle","repo_size_tier":"Tiny","token_budget":4000,"top_k":10},"nodes":[{"backing_file_path":"needle.py","backing_source":null,"confidence":0.8,"depends_on":[],"end_line":2,"file_path":"needle.py","freshness":null,"invalidation_keys":[],"metadata":{"representation":"machine_hit_reference"},"node_id":"search:chunk:needle.py:0","node_type":"SEARCH_HIT","rank_explanation":null,"reasons":[],"relation":null,"role":"primary","score":0.8196888975800265,"source":"index","source_end_line":2,"source_start_line":1,"span_kind":"reference","start_line":1,"text":"","title":"needle.py needle:1-2","token_estimate":0},{"backing_file_path":"needle.py","backing_source":null,"confidence":0.8,"depends_on":[],"end_line":5,"file_path":"needle.py","freshness":null,"invalidation_keys":[],"metadata":{"representation":"machine_hit_reference"},"node_id":"search:chunk:needle.py:1","node_type":"SEARCH_HIT","rank_explanation":null,"reasons":[],"relation":null,"role":"primary","score":0.5951730604759541,"source":"index","source_end_line":5,"source_start_line":2,"span_kind":"reference","start_line":2,"text":"","title":"needle.py neighbor:2-5","token_estimate":0},{"backing_file_path":null,"backing_source":null,"confidence":1.0,"depends_on":[],"end_line":null,"file_path":"needle.py","freshness":null,"invalidation_keys":[],"metadata":null,"node_id":"graph:caller:uid:ed8e61924345e59a924de3bf","node_type":"CALL_EDGE","rank_explanation":null,"reasons":[],"relation":null,"role":"neighbor","score":0.0,"source":"graph","source_end_line":null,"source_start_line":null,"span_kind":null,"start_line":5,"text":"caller: neighbor → needle (needle.py:5)","title":"Caller: neighbor","token_estimate":10},{"backing_file_path":null,"backing_source":null,"confidence":1.0,"depends_on":[],"end_line":null,"file_path":"needle.py","freshness":null,"invalidation_keys":[],"metadata":null,"node_id":"graph:callee:uid:3732066f97516c2c2f8efb6e","node_type":"CALL_EDGE","rank_explanation":null,"reasons":[],"relation":null,"role":"neighbor","score":0.0,"source":"graph","source_end_line":null,"source_start_line":null,"span_kind":null,"start_line":5,"text":"callee: neighbor → needle (needle.py:5)","title":"Callee: needle","token_estimate":10}],"query":"needle","reasons":["hybrid search over code index","graph-enriched"],"rendered_prompt":"Complete source is in machine_pack.hits; references have no source body.","resolution_freshness":{"basis_epoch":null,"complete":true,"completed_files":0,"index_epoch":5,"reason":null,"retry":null,"root_count":0,"scope":"observed_resolution_invalidations","status":"ready"},"revision":0,"spans":[{"end_line":2,"file_path":"needle.py","label":"needle","node_id":"search:chunk:needle.py:0","start_line":1},{"end_line":5,"file_path":"needle.py","label":"neighbor","node_id":"search:chunk:needle.py:1","start_line":2}],"summary":"Found 2 indexed code result(s) across 1 file(s) for `needle`.","task":"needle","token_budget":4000,"token_estimate":3135},"tool":"search"}
V18_JSON {"args":{"aspect":"capabilities"},"result":{"capabilities":{"graph":true,"impact":true,"search":true},"has_index":true,"has_project":true,"indexed_files":1,"indexed_symbols":2,"resolution_freshness":{"basis_epoch":null,"complete":true,"completed_files":0,"index_epoch":5,"reason":null,"retry":null,"root_count":0,"scope":"observed_resolution_invalidations","status":"ready"},"retrieval":{"consistency":"point_in_time","default_effective_strategy":"local","default_query_state":"available_with_per_query_checks","default_strategy":"local","dense_reason":"provider_and_vector_publication_not_implemented","dense_state":"disabled","diagnostic_sources":{"build":"BuildExplain on index response","graph":"GraphExplain on query response","lanes":"evidence_summary.retrieval.lanes or lane_receipts","packing":"evidence_summary.packing","selection":"evidence_summary.selection","semantic":"evidence_summary.retrieval.semantic (dense lane receipt projection)","source":"evidence_summary.source_freshness"},"execution":{"async_admitted":0,"async_in_flight":0,"async_limit":8,"completed":4,"cpu_admitted":0,"cpu_in_flight":0,"cpu_limit":4,"queue_limit":32,"rejected":0},"execution_scope":"process_shared_not_project_local","generation":{"evidence_epoch":1,"incarnation":[224,249,192,242,115,102,99,185,191,193,199,69,84,8,195,95],"index_epoch":5,"semantic_epoch":null},"generation_scope":"observed_database_snapshot","identity_validation":"checked_at_observation_boundary","index_state":"available","local_state":"available","pin_scope":"owned_query_views_including_inflight_clones_not_request_count","query_coverage":{"scope":"per_query_not_global","state":"not_measured"},"query_encoding":{"configured_opt_in":false,"network_authorized":false,"reason":"semantic_disabled","request_scope":"nonlocal_nonempty_only"},"query_pins":0,"resolution_freshness":{"basis_epoch":null,"complete":true,"completed_files":0,"index_epoch":5,"reason":null,"retry":null,"root_count":0,"scope":"observed_resolution_invalidations","status":"ready"},"semantic_active_space":null,"semantic_state":"not_configured","service_state_scope":"process_observed_separately","spec":"retrieval-capabilities-v2"}},"tool":"status"}
[2m2026-10-08T04:58:22.045950Z[0m [32m INFO[0m [1mserve_inner[0m[2m:[0m [2mrmcp::service[0m[2m:[0m input stream terminated
[2m2026-10-08T04:58:22.046019Z[0m [32m INFO[0m [1mserve_inner[0m[2m:[0m [2mrmcp::service[0m[2m:[0m serve finished [3mquit_reason[0m[2m=[0mClosed
[2m2026-10-08T04:58:22.046649Z[0m [32m INFO[0m [2mcc_index::memory_budget[0m[2m:[0m memory budget initialized [3mtotal_ram_mb[0m[2m=[0m15989 [3mbudget_mb[0m[2m=[0m7994 [3mfraction[0m[2m=[0m0.5
[2m2026-10-08T04:58:22.046681Z[0m [32m INFO[0m [2mcc_server::mcp[0m[2m:[0m MCP server shut down gracefully
V18_JSON {"args":{"full":true,"path":"/tmp/.tmpihpuj5/project"},"result":{"build_explain":{"gate_decisions":[{"pass":"synthesis_round","reason":"both signatures changed","run":true},{"pass":"community","reason":"full rebuild","run":true},{"pass":"git_cochange","reason":"cache key unavailable","run":true},{"pass":"infra","reason":"signature algorithm changed","run":true},{"pass":"adr","reason":"no recorded signature","run":true}]},"chunk_policy":{"bytes":16384,"chars":16384,"estimated_tokens":4096,"lines":80,"merge_min_bytes":256},"chunks_total":2,"dirty_plan":{"dependency_sql":{"fullscan_steps":0,"rows":0,"sorts":0,"statements":0,"vm_steps":0},"file_budget":0,"parsed_files":1,"reasons":[],"rebased":false,"resumed":false,"selected_dependents":0},"document_changes":{"files_projected":1,"removed":0,"render_failed":0,"reusable_inputs":0,"unchanged":0,"upserted":2},"elapsed_ms":649,"files_added":1,"files_parsed":1,"files_removed":0,"files_scanned":1,"files_skipped":0,"files_updated":0,"parse_errors":[],"phase_timing":{"analysis_ms":3,"parse_ms":21,"postprocess_ms":2,"resolve_ms":0,"scan_diff_ms":5,"write_ms":42},"project_model":{"catalog_files":1,"changed_configs":[],"config_inputs":0,"config_parse_cache_hits":0,"config_reads":0,"config_root_probes":5,"config_roots":0,"diagnostics":[],"go_fact_cache_hits":0,"go_source_reads":0,"input_digest":"6608a5a5cd33639a82b1be8d943f3148241d6520b8e0d9930909feaaf0ec5b8c","inventory_source":"shared_walk","modes":[],"rust_fact_cache_hits":0,"rust_source_reads":0,"version":3},"public_surface_coverage":{"known":1,"known_empty":0,"parsed_files":1,"unknown":0,"unknown_reasons":{}},"resolution_coverage":{"ambiguous":0,"incomplete_files":0,"modules_ambiguous":0,"modules_external":0,"modules_resolved":0,"modules_unknown":0,"modules_unresolved":0,"modules_unsupported":0,"omitted_records":0,"packages_resolved":0,"processed_files":1,"resolved":2,"unresolved":0,"unsupported":0},"resolution_freshness":{"basis_epoch":null,"complete":true,"completed_files":0,"index_epoch":5,"reason":null,"retry":null,"root_count":0,"scope":"observed_resolution_invalidations","status":"ready"},"symbols_total":2,"used_parallel_parse":false},"tool":"index"}
V18_JSON {"args":{"aspect":"capabilities"},"result":{"capabilities":{"graph":true,"impact":true,"search":true},"has_index":true,"has_project":true,"indexed_files":1,"indexed_symbols":2,"resolution_freshness":{"basis_epoch":null,"complete":true,"completed_files":0,"index_epoch":5,"reason":null,"retry":null,"root_count":0,"scope":"observed_resolution_invalidations","status":"ready"},"retrieval":{"consistency":"point_in_time","default_effective_strategy":"local","default_query_state":"available_with_per_query_checks","default_strategy":"auto","dense_reason":"provider_and_vector_publication_not_implemented","dense_state":"disabled","diagnostic_sources":{"build":"BuildExplain on index response","graph":"GraphExplain on query response","lanes":"evidence_summary.retrieval.lanes or lane_receipts","packing":"evidence_summary.packing","selection":"evidence_summary.selection","semantic":"evidence_summary.retrieval.semantic (dense lane receipt projection)","source":"evidence_summary.source_freshness"},"execution":{"async_admitted":0,"async_in_flight":0,"async_limit":8,"completed":0,"cpu_admitted":0,"cpu_in_flight":0,"cpu_limit":4,"queue_limit":32,"rejected":0},"execution_scope":"process_shared_not_project_local","generation":{"evidence_epoch":1,"incarnation":[110,86,44,4,134,64,55,113,119,115,202,240,97,44,84,135],"index_epoch":5,"semantic_epoch":null},"generation_scope":"observed_database_snapshot","identity_validation":"checked_at_observation_boundary","index_state":"available","local_state":"available","pin_scope":"owned_query_views_including_inflight_clones_not_request_count","query_coverage":{"scope":"per_query_not_global","state":"not_measured"},"query_encoding":{"configured_opt_in":false,"network_authorized":false,"reason":"semantic_disabled","request_scope":"nonlocal_nonempty_only"},"query_pins":0,"resolution_freshness":{"basis_epoch":null,"complete":true,"completed_files":0,"index_epoch":5,"reason":null,"retry":null,"root_count":0,"scope":"observed_resolution_invalidations","status":"ready"},"semantic_active_space":null,"semantic_state":"not_configured","service_state_scope":"process_observed_separately","spec":"retrieval-capabilities-v2"}},"tool":"status"}
test advertised_schema_keeps_fourteen_tools_and_optional_strategy_defaults ... ok
[2m2026-10-08T04:58:22.061026Z[0m [32m INFO[0m [2mcc_db::index_db_rebuild[0m[2m:[0m full rebuild: writing data to temp database
[2m2026-10-08T04:58:22.064158Z[0m [32m INFO[0m [2mcc_db::index_db_rebuild[0m[2m:[0m full rebuild: recreating indexes
[2m2026-10-08T04:58:22.066948Z[0m [32m INFO[0m [2mcc_db::index_migrate[0m[2m:[0m initializing index schema [3mversion[0m[2m=[0m25
V18_JSON {"args":{"query":"needle"},"result":{"evidence_summary":{"files":["needle.py"],"graph_enrichment":{"callees_added":1,"callers_added":1,"symbols_resolved":2,"tests_found":0},"packing":{"compacted":true,"configured_max_bytes":18000,"continuation":"Use files region/expand on retained references; recheck source version.","limit_bytes":16000,"omitted_hits":0,"omitted_nodes":0,"original_hits":2,"original_nodes":4,"partial":false,"spec":"whole-json-intent-facets-source-support-before-incidental-v5","token_estimate_method":"ceil(serialized_utf8_bytes/4); not a tokenizer","used_bytes":12539},"retrieval":{"cost":{"coverage":"originating_work; full scope: retrieval-cost schema v1","fused_candidates":2,"hydrate_requested":2,"hydration":{"sql":{"fullscan_steps":0,"rows":10,"sorts":0,"statements":9,"vm_steps":386},"text":{"cache_hits":2,"legacy_auto_reads":0,"storage_reads":0,"utf8_bytes":66,"zstd_decodes":0}},"lane_candidates":{"exact_symbol":1,"graph":2,"grep":2,"lexical":2,"path":1},"lexical_sql":{"fullscan_steps":0,"rows":2,"sorts":1,"statements":1,"vm_steps":59},"schema_version":1},"grep":{"fallback_scanned":0,"prefilter_failed":false,"prefilter_scanned":0,"reason":null,"scan_cap":20000,"scanned":2,"skipped_duplicates":4,"soft_scanned":2,"stages":[{"stage":"soft","work":{"sql":{"fullscan_steps":0,"rows":2,"sorts":0,"statements":1,"vm_steps":29},"text":{"cache_hits":0,"legacy_auto_reads":0,"storage_reads":2,"utf8_bytes":66,"zstd_decodes":0}}},{"stage":"prefilter","work":{"sql":{"fullscan_steps":0,"rows":2,"sorts":1,"statements":1,"vm_steps":58},"text":{"cache_hits":0,"legacy_auto_reads":0,"storage_reads":0,"utf8_bytes":0,"zstd_decodes":0}}},{"stage":"fallback","work":{"sql":{"fullscan_steps":1,"rows":2,"sorts":0,"statements":1,"vm_steps":23},"text":{"cache_hits":0,"legacy_auto_reads":0,"storage_reads":0,"utf8_bytes":0,"zstd_decodes":0}}}],"status":"complete"},"lane_receipts":[{"candidate_count":1,"candidate_details_omitted":true,"coverage":{"complete":true,"examined":null,"scope":"hard_scope","total_lower_bound":1},"elapsed_us":309,"lane_id":"exact_symbol","schema_version":1,"status":"complete","truncation_reason":null,"weight":1.1},{"candidate_count":1,"candidate_details_omitted":true,"coverage":{"complete":true,"examined":null,"scope":"hard_scope","total_lower_bound":1},"elapsed_us":345,"lane_id":"path","schema_version":1,"status":"complete","truncation_reason":null,"weight":1.0},{"candidate_count":2,"candidate_details_omitted":true,"coverage":{"complete":true,"examined":null,"scope":"hard_scope","total_lower_bound":2},"elapsed_us":357,"lane_id":"lexical","schema_version":1,"status":"complete","truncation_reason":null,"weight":1.1},{"candidate_count":2,"candidate_details_omitted":true,"coverage":{"complete":true,"examined":2,"scope":"hard_scope","total_lower_bound":2},"elapsed_us":2154,"lane_id":"grep","schema_version":1,"status":"complete","truncation_reason":null,"weight":0.8},{"candidate_count":2,"candidate_details_omitted":true,"coverage":{"complete":true,"examined":null,"scope":"hard_scope","total_lower_bound":2},"elapsed_us":1474,"lane_id":"graph","schema_version":1,"status":"complete","truncation_reason":null,"weight":0.6}],"policy":{"deadline_ms":30000,"details_omitted":true,"effective":"local","graph_source_mapping":"uid_byte_decl_docs;not_whole_body:v2","intent":"locate","lane_timeout_ms":20000,"path_source_domain":"canonical_scoped_exact_else_bounded_tokens;not_whole_body:v3","requested":"auto","semantic_state":"not_configured","semantic_timeout_ms":5000,"semantic_top_k":24,"version":"query-policy-local-semantic-canonical-path-domain-v4"},"scope":{"budget":{"exact_symbol_candidates":24,"grep_candidates":12,"grep_enabled":true,"grep_scan_cap":20000,"lexical_candidates":24,"path_candidates":24,"rerank_window":40,"top_k":10,"units":"chunks; grep_scan_cap=decompressions; scope_receipt_v1; not_total_cost"},"details_omitted":true,"hard":{"empty":false,"explicit_file_count":null,"languages":null,"path_prefix":null,"path_prefix_truncated":false,"semantics":"conjunctive_case_sensitive_repo_paths; explicit_empty_denies"},"ordering":["exact_identity_first","rerank_score_desc","chunk_id_asc"],"policy":"canonical-scoped-exact-path-domain-compact-context-budget-v22","schema_version":1,"soft":{"contributions":"score_trace=additive; stage_a_already_included; raw_hint_paths_omitted","hint_entries":{"overlay":0,"pinned":0,"recent":0,"working":0},"preselected_count":1,"role":"ranking_and_scan_priority_only"}}},"search_hits":2,"selection":{"facets":{"implementation":2},"input_candidates":2,"intent":"locate","intent_facet_anchors":{},"limit_omitted":0,"original_ranks":[1,2],"overlap":{"fully_covered_candidates":0,"input_bytes":66,"redundant_bytes":0,"unique_bytes":66},"requested_limit":10,"selected":2,"selected_overlap":{"fully_covered_candidates":0,"input_bytes":66,"redundant_bytes":0,"unique_bytes":66},"source_covered_omissions":0,"source_support_anchors":[],"source_support_scope":"cue_window:v1","spec":"anchored-facets-distinctive-source-union-v2","unmet_facets":[]},"source_freshness":{"budget_exhausted":false,"checked_files":1,"dense_manifest_fence":{"checked":0,"skip_disposition":"stale_publication_skipped","skipped":0},"generation":{"evidence_epoch":1,"incarnation":[110,86,44,4,134,64,55,113,119,115,202,240,97,44,84,135],"index_epoch":5,"semantic_epoch":null},"hydrator":"current-document-scope-source-generation-v1","omitted_files":{},"partial":false,"read_budget_charged":66,"scope":"disk_generation:v1","validation_work":{"candidate_projection_sql":{"fullscan_steps":0,"rows":2,"sorts":0,"statements":1,"vm_steps":76},"coverage":"current final-assembly attempt SELECTs for manifest, symbol identity and candidate projection; excludes prior attempts, transaction control, originating retrieval, generation, dense fence, graph and disk work; not total cost","schema_version":1,"source_records_sql":{"fullscan_steps":0,"rows":10,"sorts":0,"statements":9,"vm_steps":292}},"verified_hits":2}},"intent":"locate","invalidations":[],"machine_pack":{"hits":[{"breadcrumb":"needle","chunk_id":"chunk:needle.py:0","end_line":2,"file_path":"needle.py","fused_score":0.08989441930618403,"graph_score":0.07931471805599452,"grep_score":0.5,"lane":null,"language":"python","lexical_score":1.0,"metadata":{"details_omitted":true,"document":{"doc_key":"29b2fa88c6d6c8741c47ad873ba80a25c628b882a28ea3cfaa7fcc69e6982938","doc_version":"9ba68969fd43b00f97a9fade36d3cd19b8f57a4b7c6dffacb8c050c2e9b29f62","encoding_key":"78fc8c83484a6639e37e832f30a8eb8310c8ad26eada3a4ec3d936c1f152fede","entity_key":"16a369932cc2a7589f395b34b3b8def8bbad6a04e00672428487964152c26486"},"qname":"needle","source_evidence":{"boundary":"symbol","owner":{"end":28,"start":0},"signature":{"end":18,"start":0},"slice_digest":"c748e325d98b5f174763b313c05ece587900d99690eedbce11f75639788c6b8b","source":{"byte_len":66,"content_digest":"bdb975ad92107a0524d6a7c217816cd1e50bb1d97a36ef892318fbe837bf8857","encoding":"utf8","snapshot_id":"735799399424072b1b6cc95488ff63f55c094da4b32573a4555bf731c014f141"},"span":{"end":28,"start":0}},"source_freshness":{"disk_checked":true,"hydrator":"current-document-scope-source-generation-v1","status":"current_verified"}},"reasons":["exact-target","exact_symbol@1","path@1","lexical@1","grep@2","symbol-exact","fts-summary","path-token:needle","symbol:needle","preselect:fts-summary:+1.40","preselect:token-search:+3.00"],"rerank_score":0.8196888975800265,"score_trace":[["rrf:exact_symbol",0.021568627450980395],["rrf:path",0.0196078431372549],["rrf:lexical",0.021568627450980395],["rrf:grep",0.015384615384615385],["rrf:graph",0.011764705882352941],["overlap",0.35],["boost:symbol-exact",0.18],["boost:stage-a",0.17600006285704412],["boost:graph-rerank",0.023794415416798356]],"source":"index","start_line":1,"symbol_kind":"function","symbol_name":"needle","text":"def needle():\n    return 731"},{"breadcrumb":"neighbor","chunk_id":"chunk:needle.py:1","end_line":5,"file_path":"needle.py","fused_score":0.048378582202111615,"graph_score":0.06931471805599453,"grep_score":1.0,"lane":null,"language":"python","lexical_score":0.5,"metadata":{"details_omitted":true,"document":{"doc_key":"3fd56c438273f4e97d76268fc1e74f7bccba6b16d9f0ef414ca67b0829003e65","doc_version":"09f385ca69393d6173161facbcb1551167f9785fcdd2ccc650f1c531bc0259ed","encoding_key":"02118b2a2349b99c9efe9684d529683cd659e52f1e28e19c864bc915175c7693","entity_key":"f8d3da2a91268bb9b93e59ca9b06d751804a9221f3d218b5a8798fab2dc8e40d"},"qname":"neighbor","source_evidence":{"boundary":"symbol","owner":{"end":65,"start":30},"signature":{"end":50,"start":30},"slice_digest":"dec7813dc4d5e300de152b45e0cb2a89c688f0a75f1501c57aa7eb68130081dd","source":{"byte_len":66,"content_digest":"bdb975ad92107a0524d6a7c217816cd1e50bb1d97a36ef892318fbe837bf8857","encoding":"utf8","snapshot_id":"735799399424072b1b6cc95488ff63f55c094da4b32573a4555bf731c014f141"},"span":{"end":66,"start":28}},"source_freshness":{"disk_checked":true,"hydrator":"current-document-scope-source-generation-v1","status":"current_verified"}},"reasons":["lexical@2","grep@1","fts-summary","path-token:needle","symbol:needle","preselect:fts-summary:+1.40","preselect:token-search:+3.00"],"rerank_score":0.5951730604759541,"score_trace":[["rrf:lexical",0.021153846153846155],["rrf:grep",0.01568627450980392],["rrf:graph",0.011538461538461537],["overlap",0.35],["boost:stage-a",0.17600006285704412],["boost:graph-rerank",0.020794415416798356]],"source":"index","start_line":2,"symbol_kind":"function","symbol_name":"neighbor","text":"\n\ndef neighbor():\n    return needle()\n"}],"kind":"code_index_context","query":"needle","repo_size_tier":"Tiny","token_budget":4000,"top_k":10},"nodes":[{"backing_file_path":"needle.py","backing_source":null,"confidence":0.8,"depends_on":[],"end_line":2,"file_path":"needle.py","freshness":null,"invalidation_keys":[],"metadata":{"representation":"machine_hit_reference"},"node_id":"search:chunk:needle.py:0","node_type":"SEARCH_HIT","rank_explanation":null,"reasons":[],"relation":null,"role":"primary","score":0.8196888975800265,"source":"index","source_end_line":2,"source_start_line":1,"span_kind":"reference","start_line":1,"text":"","title":"needle.py needle:1-2","token_estimate":0},{"backing_file_path":"needle.py","backing_source":null,"confidence":0.8,"depends_on":[],"end_line":5,"file_path":"needle.py","freshness":null,"invalidation_keys":[],"metadata":{"representation":"machine_hit_reference"},"node_id":"search:chunk:needle.py:1","node_type":"SEARCH_HIT","rank_explanation":null,"reasons":[],"relation":null,"role":"primary","score":0.5951730604759541,"source":"index","source_end_line":5,"source_start_line":2,"span_kind":"reference","start_line":2,"text":"","title":"needle.py neighbor:2-5","token_estimate":0},{"backing_file_path":null,"backing_source":null,"confidence":1.0,"depends_on":[],"end_line":null,"file_path":"needle.py","freshness":null,"invalidation_keys":[],"metadata":null,"node_id":"graph:caller:uid:ed8e61924345e59a924de3bf","node_type":"CALL_EDGE","rank_explanation":null,"reasons":[],"relation":null,"role":"neighbor","score":0.0,"source":"graph","source_end_line":null,"source_start_line":null,"span_kind":null,"start_line":5,"text":"caller: neighbor → needle (needle.py:5)","title":"Caller: neighbor","token_estimate":10},{"backing_file_path":null,"backing_source":null,"confidence":1.0,"depends_on":[],"end_line":null,"file_path":"needle.py","freshness":null,"invalidation_keys":[],"metadata":null,"node_id":"graph:callee:uid:3732066f97516c2c2f8efb6e","node_type":"CALL_EDGE","rank_explanation":null,"reasons":[],"relation":null,"role":"neighbor","score":0.0,"source":"graph","source_end_line":null,"source_start_line":null,"span_kind":null,"start_line":5,"text":"callee: neighbor → needle (needle.py:5)","title":"Callee: needle","token_estimate":10}],"query":"needle","reasons":["hybrid search over code index","graph-enriched"],"rendered_prompt":"Complete source is in machine_pack.hits; references have no source body.","resolution_freshness":{"basis_epoch":null,"complete":true,"completed_files":0,"index_epoch":5,"reason":null,"retry":null,"root_count":0,"scope":"observed_resolution_invalidations","status":"ready"},"revision":0,"spans":[{"end_line":2,"file_path":"needle.py","label":"needle","node_id":"search:chunk:needle.py:0","start_line":1},{"end_line":5,"file_path":"needle.py","label":"neighbor","node_id":"search:chunk:needle.py:1","start_line":2}],"summary":"Found 2 indexed code result(s) across 1 file(s) for `needle`.","task":"needle","token_budget":4000,"token_estimate":3135},"tool":"search"}
[2m2026-10-08T04:58:22.085997Z[0m [32m INFO[0m [2mcc_db::index_db_rebuild[0m[2m:[0m full rebuild: temp database ready for swap
[2m2026-10-08T04:58:22.086459Z[0m [32m INFO[0m [2mcc_index::memory_budget[0m[2m:[0m memory budget initialized [3mtotal_ram_mb[0m[2m=[0m15989 [3mbudget_mb[0m[2m=[0m7994 [3mfraction[0m[2m=[0m0.5
[2m2026-10-08T04:58:22.093666Z[0m [32m INFO[0m [1mserve_inner[0m[2m:[0m [2mrmcp::service[0m[2m:[0m Service initialized as server [3mpeer_info[0m[2m=[0mSome(InitializeRequestParams { meta: None, protocol_version: ProtocolVersion("2025-11-25"), capabilities: ClientCapabilities { experimental: None, extensions: None, roots: None, sampling: None, elicitation: None, tasks: None }, client_info: Implementation { name: "rmcp", title: None, version: "2.2.0", description: None, icons: None, website_url: None } })
[2m2026-10-08T04:58:22.093736Z[0m [32m INFO[0m [2mcc_server::mcp[0m[2m:[0m MCP server started on stdio
[2m2026-10-08T04:58:22.093925Z[0m [32m INFO[0m [1mserve_inner[0m[2m:[0m [2mrmcp::service[0m[2m:[0m received notification [3mnotification[0m[2m=[0mInitializedNotification(NotificationNoParam { method: InitializedNotificationMethod, extensions: Extensions })
[2m2026-10-08T04:58:22.094104Z[0m [32m INFO[0m [1mserve_inner[0m[2m:[0m [2mrmcp::handler::server[0m[2m:[0m client initialized
[2m2026-10-08T04:58:22.097441Z[0m [32m INFO[0m [2mcc_index::memory_budget[0m[2m:[0m memory budget initialized [3mtotal_ram_mb[0m[2m=[0m15989 [3mbudget_mb[0m[2m=[0m7994 [3mfraction[0m[2m=[0m0.5
V18_JSON {"args":{"query":"needle","retrieval_strategy":null},"result":{"evidence_summary":{"files":["needle.py"],"graph_enrichment":{"callees_added":1,"callers_added":1,"symbols_resolved":2,"tests_found":0},"packing":{"compacted":true,"configured_max_bytes":18000,"continuation":"Use files region/expand on retained references; recheck source version.","limit_bytes":16000,"omitted_hits":0,"omitted_nodes":0,"original_hits":2,"original_nodes":4,"partial":false,"spec":"whole-json-intent-facets-source-support-before-incidental-v5","token_estimate_method":"ceil(serialized_utf8_bytes/4); not a tokenizer","used_bytes":12539},"retrieval":{"cost":{"coverage":"originating_work; full scope: retrieval-cost schema v1","fused_candidates":2,"hydrate_requested":2,"hydration":{"sql":{"fullscan_steps":0,"rows":10,"sorts":0,"statements":9,"vm_steps":386},"text":{"cache_hits":2,"legacy_auto_reads":0,"storage_reads":0,"utf8_bytes":66,"zstd_decodes":0}},"lane_candidates":{"exact_symbol":1,"graph":2,"grep":2,"lexical":2,"path":1},"lexical_sql":{"fullscan_steps":0,"rows":2,"sorts":1,"statements":1,"vm_steps":59},"schema_version":1},"grep":{"fallback_scanned":0,"prefilter_failed":false,"prefilter_scanned":0,"reason":null,"scan_cap":20000,"scanned":2,"skipped_duplicates":4,"soft_scanned":2,"stages":[{"stage":"soft","work":{"sql":{"fullscan_steps":0,"rows":2,"sorts":0,"statements":1,"vm_steps":29},"text":{"cache_hits":0,"legacy_auto_reads":0,"storage_reads":2,"utf8_bytes":66,"zstd_decodes":0}}},{"stage":"prefilter","work":{"sql":{"fullscan_steps":0,"rows":2,"sorts":1,"statements":1,"vm_steps":58},"text":{"cache_hits":0,"legacy_auto_reads":0,"storage_reads":0,"utf8_bytes":0,"zstd_decodes":0}}},{"stage":"fallback","work":{"sql":{"fullscan_steps":1,"rows":2,"sorts":0,"statements":1,"vm_steps":23},"text":{"cache_hits":0,"legacy_auto_reads":0,"storage_reads":0,"utf8_bytes":0,"zstd_decodes":0}}}],"status":"complete"},"lane_receipts":[{"candidate_count":1,"candidate_details_omitted":true,"coverage":{"complete":true,"examined":null,"scope":"hard_scope","total_lower_bound":1},"elapsed_us":309,"lane_id":"exact_symbol","schema_version":1,"status":"complete","truncation_reason":null,"weight":1.1},{"candidate_count":1,"candidate_details_omitted":true,"coverage":{"complete":true,"examined":null,"scope":"hard_scope","total_lower_bound":1},"elapsed_us":345,"lane_id":"path","schema_version":1,"status":"complete","truncation_reason":null,"weight":1.0},{"candidate_count":2,"candidate_details_omitted":true,"coverage":{"complete":true,"examined":null,"scope":"hard_scope","total_lower_bound":2},"elapsed_us":357,"lane_id":"lexical","schema_version":1,"status":"complete","truncation_reason":null,"weight":1.1},{"candidate_count":2,"candidate_details_omitted":true,"coverage":{"complete":true,"examined":2,"scope":"hard_scope","total_lower_bound":2},"elapsed_us":2154,"lane_id":"grep","schema_version":1,"status":"complete","truncation_reason":null,"weight":0.8},{"candidate_count":2,"candidate_details_omitted":true,"coverage":{"complete":true,"examined":null,"scope":"hard_scope","total_lower_bound":2},"elapsed_us":1474,"lane_id":"graph","schema_version":1,"status":"complete","truncation_reason":null,"weight":0.6}],"policy":{"deadline_ms":30000,"details_omitted":true,"effective":"local","graph_source_mapping":"uid_byte_decl_docs;not_whole_body:v2","intent":"locate","lane_timeout_ms":20000,"path_source_domain":"canonical_scoped_exact_else_bounded_tokens;not_whole_body:v3","requested":"auto","semantic_state":"not_configured","semantic_timeout_ms":5000,"semantic_top_k":24,"version":"query-policy-local-semantic-canonical-path-domain-v4"},"scope":{"budget":{"exact_symbol_candidates":24,"grep_candidates":12,"grep_enabled":true,"grep_scan_cap":20000,"lexical_candidates":24,"path_candidates":24,"rerank_window":40,"top_k":10,"units":"chunks; grep_scan_cap=decompressions; scope_receipt_v1; not_total_cost"},"details_omitted":true,"hard":{"empty":false,"explicit_file_count":null,"languages":null,"path_prefix":null,"path_prefix_truncated":false,"semantics":"conjunctive_case_sensitive_repo_paths; explicit_empty_denies"},"ordering":["exact_identity_first","rerank_score_desc","chunk_id_asc"],"policy":"canonical-scoped-exact-path-domain-compact-context-budget-v22","schema_version":1,"soft":{"contributions":"score_trace=additive; stage_a_already_included; raw_hint_paths_omitted","hint_entries":{"overlay":0,"pinned":0,"recent":0,"working":0},"preselected_count":1,"role":"ranking_and_scan_priority_only"}}},"search_hits":2,"selection":{"facets":{"implementation":2},"input_candidates":2,"intent":"locate","intent_facet_anchors":{},"limit_omitted":0,"original_ranks":[1,2],"overlap":{"fully_covered_candidates":0,"input_bytes":66,"redundant_bytes":0,"unique_bytes":66},"requested_limit":10,"selected":2,"selected_overlap":{"fully_covered_candidates":0,"input_bytes":66,"redundant_bytes":0,"unique_bytes":66},"source_covered_omissions":0,"source_support_anchors":[],"source_support_scope":"cue_window:v1","spec":"anchored-facets-distinctive-source-union-v2","unmet_facets":[]},"source_freshness":{"budget_exhausted":false,"checked_files":1,"dense_manifest_fence":{"checked":0,"skip_disposition":"stale_publication_skipped","skipped":0},"generation":{"evidence_epoch":1,"incarnation":[110,86,44,4,134,64,55,113,119,115,202,240,97,44,84,135],"index_epoch":5,"semantic_epoch":null},"hydrator":"current-document-scope-source-generation-v1","omitted_files":{},"partial":false,"read_budget_charged":66,"scope":"disk_generation:v1","validation_work":{"candidate_projection_sql":{"fullscan_steps":0,"rows":2,"sorts":0,"statements":1,"vm_steps":76},"coverage":"current final-assembly attempt SELECTs for manifest, symbol identity and candidate projection; excludes prior attempts, transaction control, originating retrieval, generation, dense fence, graph and disk work; not total cost","schema_version":1,"source_records_sql":{"fullscan_steps":0,"rows":10,"sorts":0,"statements":9,"vm_steps":292}},"verified_hits":2}},"intent":"locate","invalidations":[],"machine_pack":{"hits":[{"breadcrumb":"needle","chunk_id":"chunk:needle.py:0","end_line":2,"file_path":"needle.py","fused_score":0.08989441930618403,"graph_score":0.07931471805599452,"grep_score":0.5,"lane":null,"language":"python","lexical_score":1.0,"metadata":{"details_omitted":true,"document":{"doc_key":"29b2fa88c6d6c8741c47ad873ba80a25c628b882a28ea3cfaa7fcc69e6982938","doc_version":"9ba68969fd43b00f97a9fade36d3cd19b8f57a4b7c6dffacb8c050c2e9b29f62","encoding_key":"78fc8c83484a6639e37e832f30a8eb8310c8ad26eada3a4ec3d936c1f152fede","entity_key":"16a369932cc2a7589f395b34b3b8def8bbad6a04e00672428487964152c26486"},"qname":"needle","source_evidence":{"boundary":"symbol","owner":{"end":28,"start":0},"signature":{"end":18,"start":0},"slice_digest":"c748e325d98b5f174763b313c05ece587900d99690eedbce11f75639788c6b8b","source":{"byte_len":66,"content_digest":"bdb975ad92107a0524d6a7c217816cd1e50bb1d97a36ef892318fbe837bf8857","encoding":"utf8","snapshot_id":"735799399424072b1b6cc95488ff63f55c094da4b32573a4555bf731c014f141"},"span":{"end":28,"start":0}},"source_freshness":{"disk_checked":true,"hydrator":"current-document-scope-source-generation-v1","status":"current_verified"}},"reasons":["exact-target","exact_symbol@1","path@1","lexical@1","grep@2","symbol-exact","fts-summary","path-token:needle","symbol:needle","preselect:fts-summary:+1.40","preselect:token-search:+3.00"],"rerank_score":0.8196888975800265,"score_trace":[["rrf:exact_symbol",0.021568627450980395],["rrf:path",0.0196078431372549],["rrf:lexical",0.021568627450980395],["rrf:grep",0.015384615384615385],["rrf:graph",0.011764705882352941],["overlap",0.35],["boost:symbol-exact",0.18],["boost:stage-a",0.17600006285704412],["boost:graph-rerank",0.023794415416798356]],"source":"index","start_line":1,"symbol_kind":"function","symbol_name":"needle","text":"def needle():\n    return 731"},{"breadcrumb":"neighbor","chunk_id":"chunk:needle.py:1","end_line":5,"file_path":"needle.py","fused_score":0.048378582202111615,"graph_score":0.06931471805599453,"grep_score":1.0,"lane":null,"language":"python","lexical_score":0.5,"metadata":{"details_omitted":true,"document":{"doc_key":"3fd56c438273f4e97d76268fc1e74f7bccba6b16d9f0ef414ca67b0829003e65","doc_version":"09f385ca69393d6173161facbcb1551167f9785fcdd2ccc650f1c531bc0259ed","encoding_key":"02118b2a2349b99c9efe9684d529683cd659e52f1e28e19c864bc915175c7693","entity_key":"f8d3da2a91268bb9b93e59ca9b06d751804a9221f3d218b5a8798fab2dc8e40d"},"qname":"neighbor","source_evidence":{"boundary":"symbol","owner":{"end":65,"start":30},"signature":{"end":50,"start":30},"slice_digest":"dec7813dc4d5e300de152b45e0cb2a89c688f0a75f1501c57aa7eb68130081dd","source":{"byte_len":66,"content_digest":"bdb975ad92107a0524d6a7c217816cd1e50bb1d97a36ef892318fbe837bf8857","encoding":"utf8","snapshot_id":"735799399424072b1b6cc95488ff63f55c094da4b32573a4555bf731c014f141"},"span":{"end":66,"start":28}},"source_freshness":{"disk_checked":true,"hydrator":"current-document-scope-source-generation-v1","status":"current_verified"}},"reasons":["lexical@2","grep@1","fts-summary","path-token:needle","symbol:needle","preselect:fts-summary:+1.40","preselect:token-search:+3.00"],"rerank_score":0.5951730604759541,"score_trace":[["rrf:lexical",0.021153846153846155],["rrf:grep",0.01568627450980392],["rrf:graph",0.011538461538461537],["overlap",0.35],["boost:stage-a",0.17600006285704412],["boost:graph-rerank",0.020794415416798356]],"source":"index","start_line":2,"symbol_kind":"function","symbol_name":"neighbor","text":"\n\ndef neighbor():\n    return needle()\n"}],"kind":"code_index_context","query":"needle","repo_size_tier":"Tiny","token_budget":4000,"top_k":10},"nodes":[{"backing_file_path":"needle.py","backing_source":null,"confidence":0.8,"depends_on":[],"end_line":2,"file_path":"needle.py","freshness":null,"invalidation_keys":[],"metadata":{"representation":"machine_hit_reference"},"node_id":"search:chunk:needle.py:0","node_type":"SEARCH_HIT","rank_explanation":null,"reasons":[],"relation":null,"role":"primary","score":0.8196888975800265,"source":"index","source_end_line":2,"source_start_line":1,"span_kind":"reference","start_line":1,"text":"","title":"needle.py needle:1-2","token_estimate":0},{"backing_file_path":"needle.py","backing_source":null,"confidence":0.8,"depends_on":[],"end_line":5,"file_path":"needle.py","freshness":null,"invalidation_keys":[],"metadata":{"representation":"machine_hit_reference"},"node_id":"search:chunk:needle.py:1","node_type":"SEARCH_HIT","rank_explanation":null,"reasons":[],"relation":null,"role":"primary","score":0.5951730604759541,"source":"index","source_end_line":5,"source_start_line":2,"span_kind":"reference","start_line":2,"text":"","title":"needle.py neighbor:2-5","token_estimate":0},{"backing_file_path":null,"backing_source":null,"confidence":1.0,"depends_on":[],"end_line":null,"file_path":"needle.py","freshness":null,"invalidation_keys":[],"metadata":null,"node_id":"graph:caller:uid:ed8e61924345e59a924de3bf","node_type":"CALL_EDGE","rank_explanation":null,"reasons":[],"relation":null,"role":"neighbor","score":0.0,"source":"graph","source_end_line":null,"source_start_line":null,"span_kind":null,"start_line":5,"text":"caller: neighbor → needle (needle.py:5)","title":"Caller: neighbor","token_estimate":10},{"backing_file_path":null,"backing_source":null,"confidence":1.0,"depends_on":[],"end_line":null,"file_path":"needle.py","freshness":null,"invalidation_keys":[],"metadata":null,"node_id":"graph:callee:uid:3732066f97516c2c2f8efb6e","node_type":"CALL_EDGE","rank_explanation":null,"reasons":[],"relation":null,"role":"neighbor","score":0.0,"source":"graph","source_end_line":null,"source_start_line":null,"span_kind":null,"start_line":5,"text":"callee: neighbor → needle (needle.py:5)","title":"Callee: needle","token_estimate":10}],"query":"needle","reasons":["hybrid search over code index","graph-enriched"],"rendered_prompt":"Complete source is in machine_pack.hits; references have no source body.","resolution_freshness":{"basis_epoch":null,"complete":true,"completed_files":0,"index_epoch":5,"reason":null,"retry":null,"root_count":0,"scope":"observed_resolution_invalidations","status":"ready"},"revision":0,"spans":[{"end_line":2,"file_path":"needle.py","label":"needle","node_id":"search:chunk:needle.py:0","start_line":1},{"end_line":5,"file_path":"needle.py","label":"neighbor","node_id":"search:chunk:needle.py:1","start_line":2}],"summary":"Found 2 indexed code result(s) across 1 file(s) for `needle`.","task":"needle","token_budget":4000,"token_estimate":3135},"tool":"search"}
[2m2026-10-08T04:58:22.123292Z[0m [32m INFO[0m [2mcc_index::memory_budget[0m[2m:[0m memory budget initialized [3mtotal_ram_mb[0m[2m=[0m15989 [3mbudget_mb[0m[2m=[0m7994 [3mfraction[0m[2m=[0m0.5
[2m2026-10-08T04:58:22.128189Z[0m [32m INFO[0m [2mcc_index::memory_budget[0m[2m:[0m memory budget initialized [3mtotal_ram_mb[0m[2m=[0m15989 [3mbudget_mb[0m[2m=[0m7994 [3mfraction[0m[2m=[0m0.5
V18_JSON {"args":{"full":true,"path":"/tmp/.tmpgYksvw/project"},"result":{"build_explain":{"gate_decisions":[{"pass":"synthesis_round","reason":"both signatures changed","run":true},{"pass":"community","reason":"full rebuild","run":true},{"pass":"git_cochange","reason":"cache key unavailable","run":true},{"pass":"infra","reason":"signature algorithm changed","run":true},{"pass":"adr","reason":"no recorded signature","run":true}]},"chunk_policy":{"bytes":16384,"chars":16384,"estimated_tokens":4096,"lines":80,"merge_min_bytes":256},"chunks_total":2,"dirty_plan":{"dependency_sql":{"fullscan_steps":0,"rows":0,"sorts":0,"statements":0,"vm_steps":0},"file_budget":0,"parsed_files":1,"reasons":[],"rebased":false,"resumed":false,"selected_dependents":0},"document_changes":{"files_projected":1,"removed":0,"render_failed":0,"reusable_inputs":0,"unchanged":0,"upserted":2},"elapsed_ms":238,"files_added":1,"files_parsed":1,"files_removed":0,"files_scanned":1,"files_skipped":0,"files_updated":0,"parse_errors":[],"phase_timing":{"analysis_ms":3,"parse_ms":29,"postprocess_ms":1,"resolve_ms":0,"scan_diff_ms":4,"write_ms":35},"project_model":{"catalog_files":1,"changed_configs":[],"config_inputs":0,"config_parse_cache_hits":0,"config_reads":0,"config_root_probes":5,"config_roots":0,"diagnostics":[],"go_fact_cache_hits":0,"go_source_reads":0,"input_digest":"6608a5a5cd33639a82b1be8d943f3148241d6520b8e0d9930909feaaf0ec5b8c","inventory_source":"shared_walk","modes":[],"rust_fact_cache_hits":0,"rust_source_reads":0,"version":3},"public_surface_coverage":{"known":1,"known_empty":0,"parsed_files":1,"unknown":0,"unknown_reasons":{}},"resolution_coverage":{"ambiguous":0,"incomplete_files":0,"modules_ambiguous":0,"modules_external":0,"modules_resolved":0,"modules_unknown":0,"modules_unresolved":0,"modules_unsupported":0,"omitted_records":0,"packages_resolved":0,"processed_files":1,"resolved":2,"unresolved":0,"unsupported":0},"resolution_freshness":{"basis_epoch":null,"complete":true,"completed_files":0,"index_epoch":5,"reason":null,"retry":null,"root_count":0,"scope":"observed_resolution_invalidations","status":"ready"},"symbols_total":2,"used_parallel_parse":false},"tool":"index"}
V18_JSON {"args":{"aspect":"capabilities"},"result":{"capabilities":{"graph":true,"impact":true,"search":true},"has_index":true,"has_project":true,"indexed_files":1,"indexed_symbols":2,"resolution_freshness":{"basis_epoch":null,"complete":true,"completed_files":0,"index_epoch":5,"reason":null,"retry":null,"root_count":0,"scope":"observed_resolution_invalidations","status":"ready"},"retrieval":{"consistency":"point_in_time","default_effective_strategy":"local","default_query_state":"available_with_per_query_checks","default_strategy":"auto","dense_reason":"provider_and_vector_publication_not_implemented","dense_state":"disabled","diagnostic_sources":{"build":"BuildExplain on index response","graph":"GraphExplain on query response","lanes":"evidence_summary.retrieval.lanes or lane_receipts","packing":"evidence_summary.packing","selection":"evidence_summary.selection","semantic":"evidence_summary.retrieval.semantic (dense lane receipt projection)","source":"evidence_summary.source_freshness"},"execution":{"async_admitted":0,"async_in_flight":0,"async_limit":8,"completed":0,"cpu_admitted":0,"cpu_in_flight":0,"cpu_limit":4,"queue_limit":32,"rejected":0},"execution_scope":"process_shared_not_project_local","generation":{"evidence_epoch":1,"incarnation":[57,200,79,18,123,29,85,73,175,67,188,167,82,156,14,21],"index_epoch":5,"semantic_epoch":null},"generation_scope":"observed_database_snapshot","identity_validation":"checked_at_observation_boundary","index_state":"available","local_state":"available","pin_scope":"owned_query_views_including_inflight_clones_not_request_count","query_coverage":{"scope":"per_query_not_global","state":"not_measured"},"query_encoding":{"configured_opt_in":false,"network_authorized":false,"reason":"query_network_opt_in_required","request_scope":"nonlocal_nonempty_only"},"query_pins":0,"resolution_freshness":{"basis_epoch":null,"complete":true,"completed_files":0,"index_epoch":5,"reason":null,"retry":null,"root_count":0,"scope":"observed_resolution_invalidations","status":"ready"},"semantic_active_space":null,"semantic_state":"not_configured","service_state_scope":"process_observed_separately","spec":"retrieval-capabilities-v2"}},"tool":"status"}
[2m2026-10-08T04:58:22.136285Z[0m [32m INFO[0m [2mcc_db::index_db_rebuild[0m[2m:[0m full rebuild: creating temp database [3mtmp[0m[2m=[0m/tmp/.tmpH8t9ec/project/.codecortex/index.sqlite3.tmp
[2m2026-10-08T04:58:22.139888Z[0m [32m INFO[0m [2mcc_db::index_db_rebuild[0m[2m:[0m full rebuild: writing data to temp database
V18_JSON {"args":{"query":"needle","retrieval_strategy":"auto"},"result":{"evidence_summary":{"files":["needle.py"],"graph_enrichment":{"callees_added":1,"callers_added":1,"symbols_resolved":2,"tests_found":0},"packing":{"compacted":true,"configured_max_bytes":18000,"continuation":"Use files region/expand on retained references; recheck source version.","limit_bytes":16000,"omitted_hits":0,"omitted_nodes":0,"original_hits":2,"original_nodes":4,"partial":false,"spec":"whole-json-intent-facets-source-support-before-incidental-v5","token_estimate_method":"ceil(serialized_utf8_bytes/4); not a tokenizer","used_bytes":12539},"retrieval":{"cost":{"coverage":"originating_work; full scope: retrieval-cost schema v1","fused_candidates":2,"hydrate_requested":2,"hydration":{"sql":{"fullscan_steps":0,"rows":10,"sorts":0,"statements":9,"vm_steps":386},"text":{"cache_hits":2,"legacy_auto_reads":0,"storage_reads":0,"utf8_bytes":66,"zstd_decodes":0}},"lane_candidates":{"exact_symbol":1,"graph":2,"grep":2,"lexical":2,"path":1},"lexical_sql":{"fullscan_steps":0,"rows":2,"sorts":1,"statements":1,"vm_steps":59},"schema_version":1},"grep":{"fallback_scanned":0,"prefilter_failed":false,"prefilter_scanned":0,"reason":null,"scan_cap":20000,"scanned":2,"skipped_duplicates":4,"soft_scanned":2,"stages":[{"stage":"soft","work":{"sql":{"fullscan_steps":0,"rows":2,"sorts":0,"statements":1,"vm_steps":29},"text":{"cache_hits":0,"legacy_auto_reads":0,"storage_reads":2,"utf8_bytes":66,"zstd_decodes":0}}},{"stage":"prefilter","work":{"sql":{"fullscan_steps":0,"rows":2,"sorts":1,"statements":1,"vm_steps":58},"text":{"cache_hits":0,"legacy_auto_reads":0,"storage_reads":0,"utf8_bytes":0,"zstd_decodes":0}}},{"stage":"fallback","work":{"sql":{"fullscan_steps":1,"rows":2,"sorts":0,"statements":1,"vm_steps":23},"text":{"cache_hits":0,"legacy_auto_reads":0,"storage_reads":0,"utf8_bytes":0,"zstd_decodes":0}}}],"status":"complete"},"lane_receipts":[{"candidate_count":1,"candidate_details_omitted":true,"coverage":{"complete":true,"examined":null,"scope":"hard_scope","total_lower_bound":1},"elapsed_us":272,"lane_id":"exact_symbol","schema_version":1,"status":"complete","truncation_reason":null,"weight":1.1},{"candidate_count":1,"candidate_details_omitted":true,"coverage":{"complete":true,"examined":null,"scope":"hard_scope","total_lower_bound":1},"elapsed_us":434,"lane_id":"path","schema_version":1,"status":"complete","truncation_reason":null,"weight":1.0},{"candidate_count":2,"candidate_details_omitted":true,"coverage":{"complete":true,"examined":null,"scope":"hard_scope","total_lower_bound":2},"elapsed_us":178,"lane_id":"lexical","schema_version":1,"status":"complete","truncation_reason":null,"weight":1.1},{"candidate_count":2,"candidate_details_omitted":true,"coverage":{"complete":true,"examined":2,"scope":"hard_scope","total_lower_bound":2},"elapsed_us":2019,"lane_id":"grep","schema_version":1,"status":"complete","truncation_reason":null,"weight":0.8},{"candidate_count":2,"candidate_details_omitted":true,"coverage":{"complete":true,"examined":null,"scope":"hard_scope","total_lower_bound":2},"elapsed_us":2065,"lane_id":"graph","schema_version":1,"status":"complete","truncation_reason":null,"weight":0.6}],"policy":{"deadline_ms":30000,"details_omitted":true,"effective":"local","graph_source_mapping":"uid_byte_decl_docs;not_whole_body:v2","intent":"locate","lane_timeout_ms":20000,"path_source_domain":"canonical_scoped_exact_else_bounded_tokens;not_whole_body:v3","requested":"auto","semantic_state":"not_configured","semantic_timeout_ms":5000,"semantic_top_k":24,"version":"query-policy-local-semantic-canonical-path-domain-v4"},"scope":{"budget":{"exact_symbol_candidates":24,"grep_candidates":12,"grep_enabled":true,"grep_scan_cap":20000,"lexical_candidates":24,"path_candidates":24,"rerank_window":40,"top_k":10,"units":"chunks; grep_scan_cap=decompressions; scope_receipt_v1; not_total_cost"},"details_omitted":true,"hard":{"empty":false,"explicit_file_count":null,"languages":null,"path_prefix":null,"path_prefix_truncated":false,"semantics":"conjunctive_case_sensitive_repo_paths; explicit_empty_denies"},"ordering":["exact_identity_first","rerank_score_desc","chunk_id_asc"],"policy":"canonical-scoped-exact-path-domain-compact-context-budget-v22","schema_version":1,"soft":{"contributions":"score_trace=additive; stage_a_already_included; raw_hint_paths_omitted","hint_entries":{"overlay":0,"pinned":0,"recent":0,"working":0},"preselected_count":1,"role":"ranking_and_scan_priority_only"}}},"search_hits":2,"selection":{"facets":{"implementation":2},"input_candidates":2,"intent":"locate","intent_facet_anchors":{},"limit_omitted":0,"original_ranks":[1,2],"overlap":{"fully_covered_candidates":0,"input_bytes":66,"redundant_bytes":0,"unique_bytes":66},"requested_limit":10,"selected":2,"selected_overlap":{"fully_covered_candidates":0,"input_bytes":66,"redundant_bytes":0,"unique_bytes":66},"source_covered_omissions":0,"source_support_anchors":[],"source_support_scope":"cue_window:v1","spec":"anchored-facets-distinctive-source-union-v2","unmet_facets":[]},"source_freshness":{"budget_exhausted":false,"checked_files":1,"dense_manifest_fence":{"checked":0,"skip_disposition":"stale_publication_skipped","skipped":0},"generation":{"evidence_epoch":1,"incarnation":[110,86,44,4,134,64,55,113,119,115,202,240,97,44,84,135],"index_epoch":5,"semantic_epoch":null},"hydrator":"current-document-scope-source-generation-v1","omitted_files":{},"partial":false,"read_budget_charged":66,"scope":"disk_generation:v1","validation_work":{"candidate_projection_sql":{"fullscan_steps":0,"rows":2,"sorts":0,"statements":1,"vm_steps":76},"coverage":"current final-assembly attempt SELECTs for manifest, symbol identity and candidate projection; excludes prior attempts, transaction control, originating retrieval, generation, dense fence, graph and disk work; not total cost","schema_version":1,"source_records_sql":{"fullscan_steps":0,"rows":10,"sorts":0,"statements":9,"vm_steps":292}},"verified_hits":2}},"intent":"locate","invalidations":[],"machine_pack":{"hits":[{"breadcrumb":"needle","chunk_id":"chunk:needle.py:0","end_line":2,"file_path":"needle.py","fused_score":0.08989441930618403,"graph_score":0.07931471805599452,"grep_score":0.5,"lane":null,"language":"python","lexical_score":1.0,"metadata":{"details_omitted":true,"document":{"doc_key":"29b2fa88c6d6c8741c47ad873ba80a25c628b882a28ea3cfaa7fcc69e6982938","doc_version":"9ba68969fd43b00f97a9fade36d3cd19b8f57a4b7c6dffacb8c050c2e9b29f62","encoding_key":"78fc8c83484a6639e37e832f30a8eb8310c8ad26eada3a4ec3d936c1f152fede","entity_key":"16a369932cc2a7589f395b34b3b8def8bbad6a04e00672428487964152c26486"},"qname":"needle","source_evidence":{"boundary":"symbol","owner":{"end":28,"start":0},"signature":{"end":18,"start":0},"slice_digest":"c748e325d98b5f174763b313c05ece587900d99690eedbce11f75639788c6b8b","source":{"byte_len":66,"content_digest":"bdb975ad92107a0524d6a7c217816cd1e50bb1d97a36ef892318fbe837bf8857","encoding":"utf8","snapshot_id":"735799399424072b1b6cc95488ff63f55c094da4b32573a4555bf731c014f141"},"span":{"end":28,"start":0}},"source_freshness":{"disk_checked":true,"hydrator":"current-document-scope-source-generation-v1","status":"current_verified"}},"reasons":["exact-target","exact_symbol@1","path@1","lexical@1","grep@2","symbol-exact","fts-summary","path-token:needle","symbol:needle","preselect:fts-summary:+1.40","preselect:token-search:+3.00"],"rerank_score":0.8196888975800265,"score_trace":[["rrf:exact_symbol",0.021568627450980395],["rrf:path",0.0196078431372549],["rrf:lexical",0.021568627450980395],["rrf:grep",0.015384615384615385],["rrf:graph",0.011764705882352941],["overlap",0.35],["boost:symbol-exact",0.18],["boost:stage-a",0.17600006285704412],["boost:graph-rerank",0.023794415416798356]],"source":"index","start_line":1,"symbol_kind":"function","symbol_name":"needle","text":"def needle():\n    return 731"},{"breadcrumb":"neighbor","chunk_id":"chunk:needle.py:1","end_line":5,"file_path":"needle.py","fused_score":0.048378582202111615,"graph_score":0.06931471805599453,"grep_score":1.0,"lane":null,"language":"python","lexical_score":0.5,"metadata":{"details_omitted":true,"document":{"doc_key":"3fd56c438273f4e97d76268fc1e74f7bccba6b16d9f0ef414ca67b0829003e65","doc_version":"09f385ca69393d6173161facbcb1551167f9785fcdd2ccc650f1c531bc0259ed","encoding_key":"02118b2a2349b99c9efe9684d529683cd659e52f1e28e19c864bc915175c7693","entity_key":"f8d3da2a91268bb9b93e59ca9b06d751804a9221f3d218b5a8798fab2dc8e40d"},"qname":"neighbor","source_evidence":{"boundary":"symbol","owner":{"end":65,"start":30},"signature":{"end":50,"start":30},"slice_digest":"dec7813dc4d5e300de152b45e0cb2a89c688f0a75f1501c57aa7eb68130081dd","source":{"byte_len":66,"content_digest":"bdb975ad92107a0524d6a7c217816cd1e50bb1d97a36ef892318fbe837bf8857","encoding":"utf8","snapshot_id":"735799399424072b1b6cc95488ff63f55c094da4b32573a4555bf731c014f141"},"span":{"end":66,"start":28}},"source_freshness":{"disk_checked":true,"hydrator":"current-document-scope-source-generation-v1","status":"current_verified"}},"reasons":["lexical@2","grep@1","fts-summary","path-token:needle","symbol:needle","preselect:fts-summary:+1.40","preselect:token-search:+3.00"],"rerank_score":0.5951730604759541,"score_trace":[["rrf:lexical",0.021153846153846155],["rrf:grep",0.01568627450980392],["rrf:graph",0.011538461538461537],["overlap",0.35],["boost:stage-a",0.17600006285704412],["boost:graph-rerank",0.020794415416798356]],"source":"index","start_line":2,"symbol_kind":"function","symbol_name":"neighbor","text":"\n\ndef neighbor():\n    return needle()\n"}],"kind":"code_index_context","query":"needle","repo_size_tier":"Tiny","token_budget":4000,"top_k":10},"nodes":[{"backing_file_path":"needle.py","backing_source":null,"confidence":0.8,"depends_on":[],"end_line":2,"file_path":"needle.py","freshness":null,"invalidation_keys":[],"metadata":{"representation":"machine_hit_reference"},"node_id":"search:chunk:needle.py:0","node_type":"SEARCH_HIT","rank_explanation":null,"reasons":[],"relation":null,"role":"primary","score":0.8196888975800265,"source":"index","source_end_line":2,"source_start_line":1,"span_kind":"reference","start_line":1,"text":"","title":"needle.py needle:1-2","token_estimate":0},{"backing_file_path":"needle.py","backing_source":null,"confidence":0.8,"depends_on":[],"end_line":5,"file_path":"needle.py","freshness":null,"invalidation_keys":[],"metadata":{"representation":"machine_hit_reference"},"node_id":"search:chunk:needle.py:1","node_type":"SEARCH_HIT","rank_explanation":null,"reasons":[],"relation":null,"role":"primary","score":0.5951730604759541,"source":"index","source_end_line":5,"source_start_line":2,"span_kind":"reference","start_line":2,"text":"","title":"needle.py neighbor:2-5","token_estimate":0},{"backing_file_path":null,"backing_source":null,"confidence":1.0,"depends_on":[],"end_line":null,"file_path":"needle.py","freshness":null,"invalidation_keys":[],"metadata":null,"node_id":"graph:caller:uid:ed8e61924345e59a924de3bf","node_type":"CALL_EDGE","rank_explanation":null,"reasons":[],"relation":null,"role":"neighbor","score":0.0,"source":"graph","source_end_line":null,"source_start_line":null,"span_kind":null,"start_line":5,"text":"caller: neighbor → needle (needle.py:5)","title":"Caller: neighbor","token_estimate":10},{"backing_file_path":null,"backing_source":null,"confidence":1.0,"depends_on":[],"end_line":null,"file_path":"needle.py","freshness":null,"invalidation_keys":[],"metadata":null,"node_id":"graph:callee:uid:3732066f97516c2c2f8efb6e","node_type":"CALL_EDGE","rank_explanation":null,"reasons":[],"relation":null,"role":"neighbor","score":0.0,"source":"graph","source_end_line":null,"source_start_line":null,"span_kind":null,"start_line":5,"text":"callee: neighbor → needle (needle.py:5)","title":"Callee: needle","token_estimate":10}],"query":"needle","reasons":["hybrid search over code index","graph-enriched"],"rendered_prompt":"Complete source is in machine_pack.hits; references have no source body.","resolution_freshness":{"basis_epoch":null,"complete":true,"completed_files":0,"index_epoch":5,"reason":null,"retry":null,"root_count":0,"scope":"observed_resolution_invalidations","status":"ready"},"revision":0,"spans":[{"end_line":2,"file_path":"needle.py","label":"needle","node_id":"search:chunk:needle.py:0","start_line":1},{"end_line":5,"file_path":"needle.py","label":"neighbor","node_id":"search:chunk:needle.py:1","start_line":2}],"summary":"Found 2 indexed code result(s) across 1 file(s) for `needle`.","task":"needle","token_budget":4000,"token_estimate":3135},"tool":"search"}
[2m2026-10-08T04:58:22.143219Z[0m [32m INFO[0m [2mcc_db::index_db_rebuild[0m[2m:[0m full rebuild: recreating indexes
V18_JSON {"args":{"query":"v18_query_denied_local_search","retrieval_strategy":"local"},"result":{"evidence_summary":{"files":[],"graph_enrichment":{"callees_added":0,"callers_added":0,"symbols_resolved":0,"tests_found":0},"packing":{"compacted":false,"configured_max_bytes":18000,"continuation":"Use files region/expand on retained references; recheck source version.","limit_bytes":16000,"omitted_hits":0,"omitted_nodes":0,"original_hits":0,"original_nodes":0,"partial":false,"spec":"whole-json-intent-facets-source-support-before-incidental-v5","token_estimate_method":"ceil(serialized_utf8_bytes/4); not a tokenizer","used_bytes":7746},"retrieval":{"cost":{"coverage":"originating query work; lexical FTS and hydration SQL here; grep stage SQL in grep.stages; excludes preselection/exact lookup/graph SQL, FTS internal work and storage I/O; not total cost or a hard limit","fused_candidates":0,"hydrate_requested":0,"hydration":{"sql":{"fullscan_steps":0,"rows":0,"sorts":0,"statements":0,"vm_steps":0},"text":{"cache_hits":0,"legacy_auto_reads":0,"storage_reads":0,"utf8_bytes":0,"zstd_decodes":0}},"lane_candidates":{"exact_symbol":0,"graph":0,"grep":0,"lexical":0,"path":0},"lexical_sql":{"fullscan_steps":0,"rows":0,"sorts":1,"statements":1,"vm_steps":17},"schema_version":1},"grep":{"fallback_scanned":0,"prefilter_failed":false,"prefilter_scanned":0,"reason":null,"scan_cap":20000,"scanned":2,"skipped_duplicates":2,"soft_scanned":2,"stages":[{"stage":"soft","work":{"sql":{"fullscan_steps":0,"rows":2,"sorts":0,"statements":1,"vm_steps":29},"text":{"cache_hits":0,"legacy_auto_reads":0,"storage_reads":2,"utf8_bytes":66,"zstd_decodes":0}}},{"stage":"prefilter","work":{"sql":{"fullscan_steps":0,"rows":0,"sorts":1,"statements":1,"vm_steps":14},"text":{"cache_hits":0,"legacy_auto_reads":0,"storage_reads":0,"utf8_bytes":0,"zstd_decodes":0}}},{"stage":"fallback","work":{"sql":{"fullscan_steps":1,"rows":2,"sorts":0,"statements":1,"vm_steps":23},"text":{"cache_hits":0,"legacy_auto_reads":0,"storage_reads":0,"utf8_bytes":0,"zstd_decodes":0}}}],"status":"complete"},"lanes":[{"candidate_count":0,"candidates":[],"coverage":{"complete":true,"examined":null,"scope":"hard_scope","total_lower_bound":0},"elapsed_us":145,"lane_id":"exact_symbol","schema_version":1,"status":"complete","truncation_reason":null,"weight":1.1},{"candidate_count":0,"candidates":[],"coverage":{"complete":true,"examined":null,"scope":"hard_scope","total_lower_bound":0},"elapsed_us":296,"lane_id":"path","schema_version":1,"status":"complete","truncation_reason":null,"weight":1.0},{"candidate_count":0,"candidates":[],"coverage":{"complete":true,"examined":null,"scope":"hard_scope","total_lower_bound":0},"elapsed_us":324,"lane_id":"lexical","schema_version":1,"status":"complete","truncation_reason":null,"weight":1.1},{"candidate_count":0,"candidates":[],"coverage":{"complete":true,"examined":2,"scope":"hard_scope","total_lower_bound":0},"elapsed_us":2061,"lane_id":"grep","schema_version":1,"status":"complete","truncation_reason":null,"weight":0.8},{"candidate_count":0,"candidates":[],"coverage":{"complete":true,"examined":null,"scope":"hard_scope","total_lower_bound":0},"elapsed_us":264,"lane_id":"graph","schema_version":1,"status":"complete","truncation_reason":null,"weight":0.6}],"policy":{"completeness":"all_executed_lane_limits_remain_visible; obligation_role_does_not_erase_partial","deadline_ms":30000,"effective":"local","graph_source_mapping":"uid_byte_declaration_document; complete_mapping_is_not_whole_symbol_body_coverage","intent":"locate","lane_timeout_ms":20000,"no_answer":"empty_partial_is_not_absence; no_semantic_absence_claim_from_weak_rank","obligations":[{"lane_id":"exact_symbol","role":"identity","timeout_ms":20000},{"lane_id":"path","role":"identity","timeout_ms":20000},{"lane_id":"lexical","role":"source","timeout_ms":20000},{"lane_id":"grep","role":"source","timeout_ms":20000},{"lane_id":"graph","role":"supporting","timeout_ms":20000}],"path_source_domain":"canonical_scoped_existing_path_docs; else_bounded_tokens; not_whole_file_coverage","requested":"local","semantic_state":"disabled","semantic_timeout_ms":5000,"semantic_top_k":24,"version":"query-policy-local-semantic-canonical-path-domain-v4"},"scope":{"budget":{"exact_symbol_candidates":24,"grep_candidates":12,"grep_enabled":true,"grep_scan_cap":20000,"lexical_candidates":24,"path_candidates":24,"rerank_window":40,"top_k":10,"units":"candidate limits count chunks; grep_scan_cap counts decompressions, not SQL work, total memory or time; cached diagnostics describe originating computation, not work repeated on a cache hit"},"hard":{"empty":false,"explicit_file_count":null,"languages":null,"path_prefix":null,"path_prefix_truncated":false,"semantics":"conjunctive_repository_relative_case_sensitive_components; empty means contradictory/explicit-empty constraint, not an inventory count"},"ordering":["exact-target first (identity tier, not an additive score)","rerank_score descending = sum(score_trace)","chunk_id ascending"],"policy":"canonical-scoped-exact-path-domain-compact-context-budget-v22","schema_version":1,"soft":{"contributions":"per-hit score_trace is the additive bill; stage_a_layer_scores explain its capped stage-a component and must not be added twice; raw hint and excluded paths omitted","hint_entries":{"overlay":0,"pinned":0,"recent":0,"working":0},"preselected_count":1,"role":"ranking_and_scan_priority_only"}}},"search_hits":0,"selection":{"facets":{},"input_candidates":0,"intent":"locate","intent_facet_anchors":{},"limit_omitted":0,"original_ranks":[],"overlap":{"fully_covered_candidates":0,"input_bytes":0,"redundant_bytes":0,"unique_bytes":0},"requested_limit":10,"selected":0,"selected_overlap":{"fully_covered_candidates":0,"input_bytes":0,"redundant_bytes":0,"unique_bytes":0},"source_covered_omissions":0,"source_support_anchors":[],"source_support_scope":"literal_program_cue_in_validated_twice_topk_window_only; not_global_uniqueness_or_exact_identity","spec":"anchored-facets-distinctive-source-union-v2","unmet_facets":[]},"source_freshness":{"budget_exhausted":false,"checked_files":0,"dense_manifest_fence":{"checked":0,"skip_disposition":"stale_publication_skipped","skipped":0},"generation":{"evidence_epoch":1,"incarnation":[57,200,79,18,123,29,85,73,175,67,188,167,82,156,14,21],"index_epoch":5,"semantic_epoch":null},"hydrator":"current-document-scope-source-generation-v1","omitted_files":{},"partial":false,"read_budget_charged":0,"scope":"bounded per-file disk verification and optimistic full read generation; not an atomic filesystem snapshot","validation_work":{"candidate_projection_sql":{"fullscan_steps":0,"rows":0,"sorts":0,"statements":0,"vm_steps":0},"coverage":"current final-assembly attempt SELECTs for manifest, symbol identity and candidate projection; excludes prior attempts, transaction control, originating retrieval, generation, dense fence, graph and disk work; not total cost","schema_version":1,"source_records_sql":{"fullscan_steps":0,"rows":0,"sorts":0,"statements":0,"vm_steps":0}},"verified_hits":0}},"intent":"locate","invalidations":[],"machine_pack":{"hits":[],"kind":"code_index_context","query":"v18_query_denied_local_search","repo_size_tier":"Tiny","token_budget":4000,"top_k":10},"nodes":[],"query":"v18_query_denied_local_search","reasons":["hybrid search over code index"],"rendered_prompt":"Task: code-index search\nIntent: locate\nQuery: v18_query_denied_local_search\n\n","resolution_freshness":{"basis_epoch":null,"complete":true,"completed_files":0,"index_epoch":5,"reason":null,"retry":null,"root_count":0,"scope":"observed_resolution_invalidations","status":"ready"},"revision":0,"spans":[],"summary":"No indexed code results found for `v18_query_denied_local_search`.","task":"v18_query_denied_local_search","token_budget":4000,"token_estimate":1937},"tool":"search"}
[2m2026-10-08T04:58:22.165394Z[0m [32m INFO[0m [2mcc_db::index_db_rebuild[0m[2m:[0m full rebuild: temp database ready for swap
[2m2026-10-08T04:58:22.165597Z[0m [32m INFO[0m [2mcc_index::memory_budget[0m[2m:[0m memory budget initialized [3mtotal_ram_mb[0m[2m=[0m15989 [3mbudget_mb[0m[2m=[0m7994 [3mfraction[0m[2m=[0m0.5
V18_JSON {"args":{"query":"needle","retrieval_strategy":"local"},"result":{"evidence_summary":{"files":["needle.py"],"graph_enrichment":{"callees_added":1,"callers_added":1,"symbols_resolved":2,"tests_found":0},"packing":{"compacted":true,"configured_max_bytes":18000,"continuation":"Use files region/expand on retained references; recheck source version.","limit_bytes":16000,"omitted_hits":0,"omitted_nodes":0,"original_hits":2,"original_nodes":4,"partial":false,"spec":"whole-json-intent-facets-source-support-before-incidental-v5","token_estimate_method":"ceil(serialized_utf8_bytes/4); not a tokenizer","used_bytes":12534},"retrieval":{"cost":{"coverage":"originating_work; full scope: retrieval-cost schema v1","fused_candidates":2,"hydrate_requested":2,"hydration":{"sql":{"fullscan_steps":0,"rows":10,"sorts":0,"statements":9,"vm_steps":386},"text":{"cache_hits":2,"legacy_auto_reads":0,"storage_reads":0,"utf8_bytes":66,"zstd_decodes":0}},"lane_candidates":{"exact_symbol":1,"graph":2,"grep":2,"lexical":2,"path":1},"lexical_sql":{"fullscan_steps":0,"rows":2,"sorts":1,"statements":1,"vm_steps":59},"schema_version":1},"grep":{"fallback_scanned":0,"prefilter_failed":false,"prefilter_scanned":0,"reason":null,"scan_cap":20000,"scanned":2,"skipped_duplicates":4,"soft_scanned":2,"stages":[{"stage":"soft","work":{"sql":{"fullscan_steps":0,"rows":2,"sorts":0,"statements":1,"vm_steps":29},"text":{"cache_hits":0,"legacy_auto_reads":0,"storage_reads":2,"utf8_bytes":66,"zstd_decodes":0}}},{"stage":"prefilter","work":{"sql":{"fullscan_steps":0,"rows":2,"sorts":1,"statements":1,"vm_steps":58},"text":{"cache_hits":0,"legacy_auto_reads":0,"storage_reads":0,"utf8_bytes":0,"zstd_decodes":0}}},{"stage":"fallback","work":{"sql":{"fullscan_steps":1,"rows":2,"sorts":0,"statements":1,"vm_steps":23},"text":{"cache_hits":0,"legacy_auto_reads":0,"storage_reads":0,"utf8_bytes":0,"zstd_decodes":0}}}],"status":"complete"},"lane_receipts":[{"candidate_count":1,"candidate_details_omitted":true,"coverage":{"complete":true,"examined":null,"scope":"hard_scope","total_lower_bound":1},"elapsed_us":318,"lane_id":"exact_symbol","schema_version":1,"status":"complete","truncation_reason":null,"weight":1.1},{"candidate_count":1,"candidate_details_omitted":true,"coverage":{"complete":true,"examined":null,"scope":"hard_scope","total_lower_bound":1},"elapsed_us":282,"lane_id":"path","schema_version":1,"status":"complete","truncation_reason":null,"weight":1.0},{"candidate_count":2,"candidate_details_omitted":true,"coverage":{"complete":true,"examined":null,"scope":"hard_scope","total_lower_bound":2},"elapsed_us":154,"lane_id":"lexical","schema_version":1,"status":"complete","truncation_reason":null,"weight":1.1},{"candidate_count":2,"candidate_details_omitted":true,"coverage":{"complete":true,"examined":2,"scope":"hard_scope","total_lower_bound":2},"elapsed_us":3385,"lane_id":"grep","schema_version":1,"status":"complete","truncation_reason":null,"weight":0.8},{"candidate_count":2,"candidate_details_omitted":true,"coverage":{"complete":true,"examined":null,"scope":"hard_scope","total_lower_bound":2},"elapsed_us":1291,"lane_id":"graph","schema_version":1,"status":"complete","truncation_reason":null,"weight":0.6}],"policy":{"deadline_ms":30000,"details_omitted":true,"effective":"local","graph_source_mapping":"uid_byte_decl_docs;not_whole_body:v2","intent":"locate","lane_timeout_ms":20000,"path_source_domain":"canonical_scoped_exact_else_bounded_tokens;not_whole_body:v3","requested":"local","semantic_state":"disabled","semantic_timeout_ms":5000,"semantic_top_k":24,"version":"query-policy-local-semantic-canonical-path-domain-v4"},"scope":{"budget":{"exact_symbol_candidates":24,"grep_candidates":12,"grep_enabled":true,"grep_scan_cap":20000,"lexical_candidates":24,"path_candidates":24,"rerank_window":40,"top_k":10,"units":"chunks; grep_scan_cap=decompressions; scope_receipt_v1; not_total_cost"},"details_omitted":true,"hard":{"empty":false,"explicit_file_count":null,"languages":null,"path_prefix":null,"path_prefix_truncated":false,"semantics":"conjunctive_case_sensitive_repo_paths; explicit_empty_denies"},"ordering":["exact_identity_first","rerank_score_desc","chunk_id_asc"],"policy":"canonical-scoped-exact-path-domain-compact-context-budget-v22","schema_version":1,"soft":{"contributions":"score_trace=additive; stage_a_already_included; raw_hint_paths_omitted","hint_entries":{"overlay":0,"pinned":0,"recent":0,"working":0},"preselected_count":1,"role":"ranking_and_scan_priority_only"}}},"search_hits":2,"selection":{"facets":{"implementation":2},"input_candidates":2,"intent":"locate","intent_facet_anchors":{},"limit_omitted":0,"original_ranks":[1,2],"overlap":{"fully_covered_candidates":0,"input_bytes":66,"redundant_bytes":0,"unique_bytes":66},"requested_limit":10,"selected":2,"selected_overlap":{"fully_covered_candidates":0,"input_bytes":66,"redundant_bytes":0,"unique_bytes":66},"source_covered_omissions":0,"source_support_anchors":[],"source_support_scope":"cue_window:v1","spec":"anchored-facets-distinctive-source-union-v2","unmet_facets":[]},"source_freshness":{"budget_exhausted":false,"checked_files":1,"dense_manifest_fence":{"checked":0,"skip_disposition":"stale_publication_skipped","skipped":0},"generation":{"evidence_epoch":1,"incarnation":[110,86,44,4,134,64,55,113,119,115,202,240,97,44,84,135],"index_epoch":5,"semantic_epoch":null},"hydrator":"current-document-scope-source-generation-v1","omitted_files":{},"partial":false,"read_budget_charged":66,"scope":"disk_generation:v1","validation_work":{"candidate_projection_sql":{"fullscan_steps":0,"rows":2,"sorts":0,"statements":1,"vm_steps":76},"coverage":"current final-assembly attempt SELECTs for manifest, symbol identity and candidate projection; excludes prior attempts, transaction control, originating retrieval, generation, dense fence, graph and disk work; not total cost","schema_version":1,"source_records_sql":{"fullscan_steps":0,"rows":10,"sorts":0,"statements":9,"vm_steps":292}},"verified_hits":2}},"intent":"locate","invalidations":[],"machine_pack":{"hits":[{"breadcrumb":"needle","chunk_id":"chunk:needle.py:0","end_line":2,"file_path":"needle.py","fused_score":0.08989441930618403,"graph_score":0.07931471805599452,"grep_score":0.5,"lane":null,"language":"python","lexical_score":1.0,"metadata":{"details_omitted":true,"document":{"doc_key":"29b2fa88c6d6c8741c47ad873ba80a25c628b882a28ea3cfaa7fcc69e6982938","doc_version":"9ba68969fd43b00f97a9fade36d3cd19b8f57a4b7c6dffacb8c050c2e9b29f62","encoding_key":"78fc8c83484a6639e37e832f30a8eb8310c8ad26eada3a4ec3d936c1f152fede","entity_key":"16a369932cc2a7589f395b34b3b8def8bbad6a04e00672428487964152c26486"},"qname":"needle","source_evidence":{"boundary":"symbol","owner":{"end":28,"start":0},"signature":{"end":18,"start":0},"slice_digest":"c748e325d98b5f174763b313c05ece587900d99690eedbce11f75639788c6b8b","source":{"byte_len":66,"content_digest":"bdb975ad92107a0524d6a7c217816cd1e50bb1d97a36ef892318fbe837bf8857","encoding":"utf8","snapshot_id":"735799399424072b1b6cc95488ff63f55c094da4b32573a4555bf731c014f141"},"span":{"end":28,"start":0}},"source_freshness":{"disk_checked":true,"hydrator":"current-document-scope-source-generation-v1","status":"current_verified"}},"reasons":["exact-target","exact_symbol@1","path@1","lexical@1","grep@2","symbol-exact","fts-summary","path-token:needle","symbol:needle","preselect:fts-summary:+1.40","preselect:token-search:+3.00"],"rerank_score":0.8196888975800265,"score_trace":[["rrf:exact_symbol",0.021568627450980395],["rrf:path",0.0196078431372549],["rrf:lexical",0.021568627450980395],["rrf:grep",0.015384615384615385],["rrf:graph",0.011764705882352941],["overlap",0.35],["boost:symbol-exact",0.18],["boost:stage-a",0.17600006285704412],["boost:graph-rerank",0.023794415416798356]],"source":"index","start_line":1,"symbol_kind":"function","symbol_name":"needle","text":"def needle():\n    return 731"},{"breadcrumb":"neighbor","chunk_id":"chunk:needle.py:1","end_line":5,"file_path":"needle.py","fused_score":0.048378582202111615,"graph_score":0.06931471805599453,"grep_score":1.0,"lane":null,"language":"python","lexical_score":0.5,"metadata":{"details_omitted":true,"document":{"doc_key":"3fd56c438273f4e97d76268fc1e74f7bccba6b16d9f0ef414ca67b0829003e65","doc_version":"09f385ca69393d6173161facbcb1551167f9785fcdd2ccc650f1c531bc0259ed","encoding_key":"02118b2a2349b99c9efe9684d529683cd659e52f1e28e19c864bc915175c7693","entity_key":"f8d3da2a91268bb9b93e59ca9b06d751804a9221f3d218b5a8798fab2dc8e40d"},"qname":"neighbor","source_evidence":{"boundary":"symbol","owner":{"end":65,"start":30},"signature":{"end":50,"start":30},"slice_digest":"dec7813dc4d5e300de152b45e0cb2a89c688f0a75f1501c57aa7eb68130081dd","source":{"byte_len":66,"content_digest":"bdb975ad92107a0524d6a7c217816cd1e50bb1d97a36ef892318fbe837bf8857","encoding":"utf8","snapshot_id":"735799399424072b1b6cc95488ff63f55c094da4b32573a4555bf731c014f141"},"span":{"end":66,"start":28}},"source_freshness":{"disk_checked":true,"hydrator":"current-document-scope-source-generation-v1","status":"current_verified"}},"reasons":["lexical@2","grep@1","fts-summary","path-token:needle","symbol:needle","preselect:fts-summary:+1.40","preselect:token-search:+3.00"],"rerank_score":0.5951730604759541,"score_trace":[["rrf:lexical",0.021153846153846155],["rrf:grep",0.01568627450980392],["rrf:graph",0.011538461538461537],["overlap",0.35],["boost:stage-a",0.17600006285704412],["boost:graph-rerank",0.020794415416798356]],"source":"index","start_line":2,"symbol_kind":"function","symbol_name":"neighbor","text":"\n\ndef neighbor():\n    return needle()\n"}],"kind":"code_index_context","query":"needle","repo_size_tier":"Tiny","token_budget":4000,"top_k":10},"nodes":[{"backing_file_path":"needle.py","backing_source":null,"confidence":0.8,"depends_on":[],"end_line":2,"file_path":"needle.py","freshness":null,"invalidation_keys":[],"metadata":{"representation":"machine_hit_reference"},"node_id":"search:chunk:needle.py:0","node_type":"SEARCH_HIT","rank_explanation":null,"reasons":[],"relation":null,"role":"primary","score":0.8196888975800265,"source":"index","source_end_line":2,"source_start_line":1,"span_kind":"reference","start_line":1,"text":"","title":"needle.py needle:1-2","token_estimate":0},{"backing_file_path":"needle.py","backing_source":null,"confidence":0.8,"depends_on":[],"end_line":5,"file_path":"needle.py","freshness":null,"invalidation_keys":[],"metadata":{"representation":"machine_hit_reference"},"node_id":"search:chunk:needle.py:1","node_type":"SEARCH_HIT","rank_explanation":null,"reasons":[],"relation":null,"role":"primary","score":0.5951730604759541,"source":"index","source_end_line":5,"source_start_line":2,"span_kind":"reference","start_line":2,"text":"","title":"needle.py neighbor:2-5","token_estimate":0},{"backing_file_path":null,"backing_source":null,"confidence":1.0,"depends_on":[],"end_line":null,"file_path":"needle.py","freshness":null,"invalidation_keys":[],"metadata":null,"node_id":"graph:caller:uid:ed8e61924345e59a924de3bf","node_type":"CALL_EDGE","rank_explanation":null,"reasons":[],"relation":null,"role":"neighbor","score":0.0,"source":"graph","source_end_line":null,"source_start_line":null,"span_kind":null,"start_line":5,"text":"caller: neighbor → needle (needle.py:5)","title":"Caller: neighbor","token_estimate":10},{"backing_file_path":null,"backing_source":null,"confidence":1.0,"depends_on":[],"end_line":null,"file_path":"needle.py","freshness":null,"invalidation_keys":[],"metadata":null,"node_id":"graph:callee:uid:3732066f97516c2c2f8efb6e","node_type":"CALL_EDGE","rank_explanation":null,"reasons":[],"relation":null,"role":"neighbor","score":0.0,"source":"graph","source_end_line":null,"source_start_line":null,"span_kind":null,"start_line":5,"text":"callee: neighbor → needle (needle.py:5)","title":"Callee: needle","token_estimate":10}],"query":"needle","reasons":["hybrid search over code index","graph-enriched"],"rendered_prompt":"Complete source is in machine_pack.hits; references have no source body.","resolution_freshness":{"basis_epoch":null,"complete":true,"completed_files":0,"index_epoch":5,"reason":null,"retry":null,"root_count":0,"scope":"observed_resolution_invalidations","status":"ready"},"revision":0,"spans":[{"end_line":2,"file_path":"needle.py","label":"needle","node_id":"search:chunk:needle.py:0","start_line":1},{"end_line":5,"file_path":"needle.py","label":"neighbor","node_id":"search:chunk:needle.py:1","start_line":2}],"summary":"Found 2 indexed code result(s) across 1 file(s) for `needle`.","task":"needle","token_budget":4000,"token_estimate":3134},"tool":"search"}
V18_JSON {"args":{"retrieval_strategy":"local","task":"v18_query_denied_local_context"},"result":{"evidence_summary":{"files":[],"graph_enrichment":{"callees_added":0,"callers_added":0,"symbols_resolved":0,"tests_found":0},"packing":{"compacted":false,"configured_max_bytes":18000,"continuation":"Use files region/expand on retained references; recheck source version.","limit_bytes":16000,"omitted_hits":0,"omitted_nodes":0,"original_hits":0,"original_nodes":0,"partial":false,"spec":"whole-json-intent-facets-source-support-before-incidental-v5","token_estimate_method":"ceil(serialized_utf8_bytes/4); not a tokenizer","used_bytes":7751},"retrieval":{"cost":{"coverage":"originating query work; lexical FTS and hydration SQL here; grep stage SQL in grep.stages; excludes preselection/exact lookup/graph SQL, FTS internal work and storage I/O; not total cost or a hard limit","fused_candidates":0,"hydrate_requested":0,"hydration":{"sql":{"fullscan_steps":0,"rows":0,"sorts":0,"statements":0,"vm_steps":0},"text":{"cache_hits":0,"legacy_auto_reads":0,"storage_reads":0,"utf8_bytes":0,"zstd_decodes":0}},"lane_candidates":{"exact_symbol":0,"graph":0,"grep":0,"lexical":0,"path":0},"lexical_sql":{"fullscan_steps":0,"rows":0,"sorts":1,"statements":1,"vm_steps":17},"schema_version":1},"grep":{"fallback_scanned":0,"prefilter_failed":false,"prefilter_scanned":0,"reason":null,"scan_cap":20000,"scanned":2,"skipped_duplicates":2,"soft_scanned":2,"stages":[{"stage":"soft","work":{"sql":{"fullscan_steps":0,"rows":2,"sorts":0,"statements":1,"vm_steps":29},"text":{"cache_hits":0,"legacy_auto_reads":0,"storage_reads":2,"utf8_bytes":66,"zstd_decodes":0}}},{"stage":"prefilter","work":{"sql":{"fullscan_steps":0,"rows":0,"sorts":1,"statements":1,"vm_steps":14},"text":{"cache_hits":0,"legacy_auto_reads":0,"storage_reads":0,"utf8_bytes":0,"zstd_decodes":0}}},{"stage":"fallback","work":{"sql":{"fullscan_steps":1,"rows":2,"sorts":0,"statements":1,"vm_steps":23},"text":{"cache_hits":0,"legacy_auto_reads":0,"storage_reads":0,"utf8_bytes":0,"zstd_decodes":0}}}],"status":"complete"},"lanes":[{"candidate_count":0,"candidates":[],"coverage":{"complete":true,"examined":null,"scope":"hard_scope","total_lower_bound":0},"elapsed_us":109,"lane_id":"exact_symbol","schema_version":1,"status":"complete","truncation_reason":null,"weight":1.1},{"candidate_count":0,"candidates":[],"coverage":{"complete":true,"examined":null,"scope":"hard_scope","total_lower_bound":0},"elapsed_us":315,"lane_id":"path","schema_version":1,"status":"complete","truncation_reason":null,"weight":1.0},{"candidate_count":0,"candidates":[],"coverage":{"complete":true,"examined":null,"scope":"hard_scope","total_lower_bound":0},"elapsed_us":167,"lane_id":"lexical","schema_version":1,"status":"complete","truncation_reason":null,"weight":1.1},{"candidate_count":0,"candidates":[],"coverage":{"complete":true,"examined":2,"scope":"hard_scope","total_lower_bound":0},"elapsed_us":1488,"lane_id":"grep","schema_version":1,"status":"complete","truncation_reason":null,"weight":0.8},{"candidate_count":0,"candidates":[],"coverage":{"complete":true,"examined":null,"scope":"hard_scope","total_lower_bound":0},"elapsed_us":669,"lane_id":"graph","schema_version":1,"status":"complete","truncation_reason":null,"weight":0.6}],"policy":{"completeness":"all_executed_lane_limits_remain_visible; obligation_role_does_not_erase_partial","deadline_ms":30000,"effective":"local","graph_source_mapping":"uid_byte_declaration_document; complete_mapping_is_not_whole_symbol_body_coverage","intent":"locate","lane_timeout_ms":20000,"no_answer":"empty_partial_is_not_absence; no_semantic_absence_claim_from_weak_rank","obligations":[{"lane_id":"exact_symbol","role":"identity","timeout_ms":20000},{"lane_id":"path","role":"identity","timeout_ms":20000},{"lane_id":"lexical","role":"source","timeout_ms":20000},{"lane_id":"grep","role":"source","timeout_ms":20000},{"lane_id":"graph","role":"supporting","timeout_ms":20000}],"path_source_domain":"canonical_scoped_existing_path_docs; else_bounded_tokens; not_whole_file_coverage","requested":"local","semantic_state":"disabled","semantic_timeout_ms":5000,"semantic_top_k":24,"version":"query-policy-local-semantic-canonical-path-domain-v4"},"scope":{"budget":{"exact_symbol_candidates":24,"grep_candidates":12,"grep_enabled":true,"grep_scan_cap":20000,"lexical_candidates":24,"path_candidates":24,"rerank_window":40,"top_k":10,"units":"candidate limits count chunks; grep_scan_cap counts decompressions, not SQL work, total memory or time; cached diagnostics describe originating computation, not work repeated on a cache hit"},"hard":{"empty":false,"explicit_file_count":null,"languages":null,"path_prefix":null,"path_prefix_truncated":false,"semantics":"conjunctive_repository_relative_case_sensitive_components; empty means contradictory/explicit-empty constraint, not an inventory count"},"ordering":["exact-target first (identity tier, not an additive score)","rerank_score descending = sum(score_trace)","chunk_id ascending"],"policy":"canonical-scoped-exact-path-domain-compact-context-budget-v22","schema_version":1,"soft":{"contributions":"per-hit score_trace is the additive bill; stage_a_layer_scores explain its capped stage-a component and must not be added twice; raw hint and excluded paths omitted","hint_entries":{"overlay":0,"pinned":0,"recent":0,"working":0},"preselected_count":1,"role":"ranking_and_scan_priority_only"}}},"search_hits":0,"selection":{"facets":{},"input_candidates":0,"intent":"locate","intent_facet_anchors":{},"limit_omitted":0,"original_ranks":[],"overlap":{"fully_covered_candidates":0,"input_bytes":0,"redundant_bytes":0,"unique_bytes":0},"requested_limit":10,"selected":0,"selected_overlap":{"fully_covered_candidates":0,"input_bytes":0,"redundant_bytes":0,"unique_bytes":0},"source_covered_omissions":0,"source_support_anchors":[],"source_support_scope":"literal_program_cue_in_validated_twice_topk_window_only; not_global_uniqueness_or_exact_identity","spec":"anchored-facets-distinctive-source-union-v2","unmet_facets":[]},"source_freshness":{"budget_exhausted":false,"checked_files":0,"dense_manifest_fence":{"checked":0,"skip_disposition":"stale_publication_skipped","skipped":0},"generation":{"evidence_epoch":1,"incarnation":[57,200,79,18,123,29,85,73,175,67,188,167,82,156,14,21],"index_epoch":5,"semantic_epoch":null},"hydrator":"current-document-scope-source-generation-v1","omitted_files":{},"partial":false,"read_budget_charged":0,"scope":"bounded per-file disk verification and optimistic full read generation; not an atomic filesystem snapshot","validation_work":{"candidate_projection_sql":{"fullscan_steps":0,"rows":0,"sorts":0,"statements":0,"vm_steps":0},"coverage":"current final-assembly attempt SELECTs for manifest, symbol identity and candidate projection; excludes prior attempts, transaction control, originating retrieval, generation, dense fence, graph and disk work; not total cost","schema_version":1,"source_records_sql":{"fullscan_steps":0,"rows":0,"sorts":0,"statements":0,"vm_steps":0}},"verified_hits":0}},"intent":"locate","invalidations":[],"machine_pack":{"hits":[],"kind":"code_index_context","query":"v18_query_denied_local_context","repo_size_tier":"Tiny","token_budget":4000,"top_k":10},"nodes":[],"query":"v18_query_denied_local_context","reasons":["hybrid search over code index"],"rendered_prompt":"Task: code-index search\nIntent: locate\nQuery: v18_query_denied_local_context\n\n","resolution_freshness":{"basis_epoch":null,"complete":true,"completed_files":0,"index_epoch":5,"reason":null,"retry":null,"root_count":0,"scope":"observed_resolution_invalidations","status":"ready"},"revision":0,"spans":[],"summary":"No indexed code results found for `v18_query_denied_local_context`.","task":"v18_query_denied_local_context","token_budget":4000,"token_estimate":1938},"tool":"context"}
V18_JSON {"args":{"path_prefix":"absent/","query":"v18_query_denied_empty_scope","retrieval_strategy":"auto"},"result":{"evidence_summary":{"files":[],"graph_enrichment":{"callees_added":0,"callers_added":0,"symbols_resolved":0,"tests_found":0},"packing":{"compacted":false,"configured_max_bytes":18000,"continuation":"Use files region/expand on retained references; recheck source version.","limit_bytes":16000,"omitted_hits":0,"omitted_nodes":0,"original_hits":0,"original_nodes":0,"partial":false,"spec":"whole-json-intent-facets-source-support-before-incidental-v5","token_estimate_method":"ceil(serialized_utf8_bytes/4); not a tokenizer","used_bytes":7552},"retrieval":{"cost":{"coverage":"originating query work; lexical FTS and hydration SQL here; grep stage SQL in grep.stages; excludes preselection/exact lookup/graph SQL, FTS internal work and storage I/O; not total cost or a hard limit","fused_candidates":0,"hydrate_requested":0,"hydration":{"sql":{"fullscan_steps":0,"rows":0,"sorts":0,"statements":0,"vm_steps":0},"text":{"cache_hits":0,"legacy_auto_reads":0,"storage_reads":0,"utf8_bytes":0,"zstd_decodes":0}},"lane_candidates":{"exact_symbol":0,"graph":0,"grep":0,"lexical":0,"path":0},"lexical_sql":{"fullscan_steps":0,"rows":0,"sorts":1,"statements":1,"vm_steps":20},"schema_version":1},"grep":{"fallback_scanned":0,"prefilter_failed":false,"prefilter_scanned":0,"reason":null,"scan_cap":20000,"scanned":0,"skipped_duplicates":0,"soft_scanned":0,"stages":[{"stage":"prefilter","work":{"sql":{"fullscan_steps":0,"rows":0,"sorts":1,"statements":1,"vm_steps":17},"text":{"cache_hits":0,"legacy_auto_reads":0,"storage_reads":0,"utf8_bytes":0,"zstd_decodes":0}}},{"stage":"fallback","work":{"sql":{"fullscan_steps":1,"rows":0,"sorts":0,"statements":1,"vm_steps":24},"text":{"cache_hits":0,"legacy_auto_reads":0,"storage_reads":0,"utf8_bytes":0,"zstd_decodes":0}}}],"status":"complete"},"lanes":[{"candidate_count":0,"candidates":[],"coverage":{"complete":true,"examined":null,"scope":"hard_scope","total_lower_bound":0},"elapsed_us":149,"lane_id":"exact_symbol","schema_version":1,"status":"complete","truncation_reason":null,"weight":1.1},{"candidate_count":0,"candidates":[],"coverage":{"complete":true,"examined":null,"scope":"hard_scope","total_lower_bound":0},"elapsed_us":209,"lane_id":"path","schema_version":1,"status":"complete","truncation_reason":null,"weight":1.0},{"candidate_count":0,"candidates":[],"coverage":{"complete":true,"examined":null,"scope":"hard_scope","total_lower_bound":0},"elapsed_us":120,"lane_id":"lexical","schema_version":1,"status":"complete","truncation_reason":null,"weight":1.1},{"candidate_count":0,"candidates":[],"coverage":{"complete":true,"examined":0,"scope":"hard_scope","total_lower_bound":0},"elapsed_us":1724,"lane_id":"grep","schema_version":1,"status":"complete","truncation_reason":null,"weight":0.8},{"candidate_count":0,"candidates":[],"coverage":{"complete":true,"examined":null,"scope":"hard_scope","total_lower_bound":0},"elapsed_us":247,"lane_id":"graph","schema_version":1,"status":"complete","truncation_reason":null,"weight":0.6}],"policy":{"completeness":"all_executed_lane_limits_remain_visible; obligation_role_does_not_erase_partial","deadline_ms":30000,"effective":"local","graph_source_mapping":"uid_byte_declaration_document; complete_mapping_is_not_whole_symbol_body_coverage","intent":"locate","lane_timeout_ms":20000,"no_answer":"empty_partial_is_not_absence; no_semantic_absence_claim_from_weak_rank","obligations":[{"lane_id":"exact_symbol","role":"identity","timeout_ms":20000},{"lane_id":"path","role":"identity","timeout_ms":20000},{"lane_id":"lexical","role":"source","timeout_ms":20000},{"lane_id":"grep","role":"source","timeout_ms":20000},{"lane_id":"graph","role":"supporting","timeout_ms":20000}],"path_source_domain":"canonical_scoped_existing_path_docs; else_bounded_tokens; not_whole_file_coverage","requested":"auto","semantic_state":"not_configured","semantic_timeout_ms":5000,"semantic_top_k":24,"version":"query-policy-local-semantic-canonical-path-domain-v4"},"scope":{"budget":{"exact_symbol_candidates":24,"grep_candidates":12,"grep_enabled":true,"grep_scan_cap":20000,"lexical_candidates":24,"path_candidates":24,"rerank_window":40,"top_k":10,"units":"candidate limits count chunks; grep_scan_cap counts decompressions, not SQL work, total memory or time; cached diagnostics describe originating computation, not work repeated on a cache hit"},"hard":{"empty":false,"explicit_file_count":null,"languages":null,"path_prefix":"absent","path_prefix_truncated":false,"semantics":"conjunctive_repository_relative_case_sensitive_components; empty means contradictory/explicit-empty constraint, not an inventory count"},"ordering":["exact-target first (identity tier, not an additive score)","rerank_score descending = sum(score_trace)","chunk_id ascending"],"policy":"canonical-scoped-exact-path-domain-compact-context-budget-v22","schema_version":1,"soft":{"contributions":"per-hit score_trace is the additive bill; stage_a_layer_scores explain its capped stage-a component and must not be added twice; raw hint and excluded paths omitted","hint_entries":{"overlay":0,"pinned":0,"recent":0,"working":0},"preselected_count":0,"role":"ranking_and_scan_priority_only"}}},"search_hits":0,"selection":{"facets":{},"input_candidates":0,"intent":"locate","intent_facet_anchors":{},"limit_omitted":0,"original_ranks":[],"overlap":{"fully_covered_candidates":0,"input_bytes":0,"redundant_bytes":0,"unique_bytes":0},"requested_limit":10,"selected":0,"selected_overlap":{"fully_covered_candidates":0,"input_bytes":0,"redundant_bytes":0,"unique_bytes":0},"source_covered_omissions":0,"source_support_anchors":[],"source_support_scope":"literal_program_cue_in_validated_twice_topk_window_only; not_global_uniqueness_or_exact_identity","spec":"anchored-facets-distinctive-source-union-v2","unmet_facets":[]},"source_freshness":{"budget_exhausted":false,"checked_files":0,"dense_manifest_fence":{"checked":0,"skip_disposition":"stale_publication_skipped","skipped":0},"generation":{"evidence_epoch":1,"incarnation":[57,200,79,18,123,29,85,73,175,67,188,167,82,156,14,21],"index_epoch":5,"semantic_epoch":null},"hydrator":"current-document-scope-source-generation-v1","omitted_files":{},"partial":false,"read_budget_charged":0,"scope":"bounded per-file disk verification and optimistic full read generation; not an atomic filesystem snapshot","validation_work":{"candidate_projection_sql":{"fullscan_steps":0,"rows":0,"sorts":0,"statements":0,"vm_steps":0},"coverage":"current final-assembly attempt SELECTs for manifest, symbol identity and candidate projection; excludes prior attempts, transaction control, originating retrieval, generation, dense fence, graph and disk work; not total cost","schema_version":1,"source_records_sql":{"fullscan_steps":0,"rows":0,"sorts":0,"statements":0,"vm_steps":0}},"verified_hits":0}},"intent":"locate","invalidations":[],"machine_pack":{"hits":[],"kind":"code_index_context","query":"v18_query_denied_empty_scope","repo_size_tier":"Tiny","token_budget":4000,"top_k":10},"nodes":[],"query":"v18_query_denied_empty_scope","reasons":["hybrid search over code index"],"rendered_prompt":"Task: code-index search\nIntent: locate\nQuery: v18_query_denied_empty_scope\n\n","resolution_freshness":{"basis_epoch":null,"complete":true,"completed_files":0,"index_epoch":5,"reason":null,"retry":null,"root_count":0,"scope":"observed_resolution_invalidations","status":"ready"},"revision":0,"spans":[],"summary":"No indexed code results found for `v18_query_denied_empty_scope`.","task":"v18_query_denied_empty_scope","token_budget":4000,"token_estimate":1888},"tool":"search"}
V18_JSON {"document_http_calls":0,"only_loopback":true,"query_http_calls":0,"real_credentials":false,"requests":[],"synthetic_vectors":true}
[2m2026-10-08T04:58:22.187649Z[0m [32m INFO[0m [1mserve_inner[0m[2m:[0m [2mrmcp::service[0m[2m:[0m input stream terminated
[2m2026-10-08T04:58:22.187723Z[0m [32m INFO[0m [1mserve_inner[0m[2m:[0m [2mrmcp::service[0m[2m:[0m serve finished [3mquit_reason[0m[2m=[0mClosed
[2m2026-10-08T04:58:22.187969Z[0m [32m INFO[0m [2mcc_server::mcp[0m[2m:[0m MCP server shut down gracefully
[2m2026-10-08T04:58:22.190958Z[0m [32m INFO[0m [2mcc_index::memory_budget[0m[2m:[0m memory budget initialized [3mtotal_ram_mb[0m[2m=[0m15989 [3mbudget_mb[0m[2m=[0m7994 [3mfraction[0m[2m=[0m0.5
[2m2026-10-08T04:58:22.195980Z[0m [32m INFO[0m [2mcc_index::memory_budget[0m[2m:[0m memory budget initialized [3mtotal_ram_mb[0m[2m=[0m15989 [3mbudget_mb[0m[2m=[0m7994 [3mfraction[0m[2m=[0m0.5
V18_JSON {"args":{"task":"needle"},"result":{"evidence_summary":{"files":["needle.py"],"graph_enrichment":{"callees_added":1,"callers_added":1,"symbols_resolved":2,"tests_found":0},"packing":{"compacted":true,"configured_max_bytes":18000,"continuation":"Use files region/expand on retained references; recheck source version.","limit_bytes":16000,"omitted_hits":0,"omitted_nodes":0,"original_hits":2,"original_nodes":4,"partial":false,"spec":"whole-json-intent-facets-source-support-before-incidental-v5","token_estimate_method":"ceil(serialized_utf8_bytes/4); not a tokenizer","used_bytes":12539},"retrieval":{"cost":{"coverage":"originating_work; full scope: retrieval-cost schema v1","fused_candidates":2,"hydrate_requested":2,"hydration":{"sql":{"fullscan_steps":0,"rows":10,"sorts":0,"statements":9,"vm_steps":386},"text":{"cache_hits":2,"legacy_auto_reads":0,"storage_reads":0,"utf8_bytes":66,"zstd_decodes":0}},"lane_candidates":{"exact_symbol":1,"graph":2,"grep":2,"lexical":2,"path":1},"lexical_sql":{"fullscan_steps":0,"rows":2,"sorts":1,"statements":1,"vm_steps":59},"schema_version":1},"grep":{"fallback_scanned":0,"prefilter_failed":false,"prefilter_scanned":0,"reason":null,"scan_cap":20000,"scanned":2,"skipped_duplicates":4,"soft_scanned":2,"stages":[{"stage":"soft","work":{"sql":{"fullscan_steps":0,"rows":2,"sorts":0,"statements":1,"vm_steps":29},"text":{"cache_hits":0,"legacy_auto_reads":0,"storage_reads":2,"utf8_bytes":66,"zstd_decodes":0}}},{"stage":"prefilter","work":{"sql":{"fullscan_steps":0,"rows":2,"sorts":1,"statements":1,"vm_steps":58},"text":{"cache_hits":0,"legacy_auto_reads":0,"storage_reads":0,"utf8_bytes":0,"zstd_decodes":0}}},{"stage":"fallback","work":{"sql":{"fullscan_steps":1,"rows":2,"sorts":0,"statements":1,"vm_steps":23},"text":{"cache_hits":0,"legacy_auto_reads":0,"storage_reads":0,"utf8_bytes":0,"zstd_decodes":0}}}],"status":"complete"},"lane_receipts":[{"candidate_count":1,"candidate_details_omitted":true,"coverage":{"complete":true,"examined":null,"scope":"hard_scope","total_lower_bound":1},"elapsed_us":309,"lane_id":"exact_symbol","schema_version":1,"status":"complete","truncation_reason":null,"weight":1.1},{"candidate_count":1,"candidate_details_omitted":true,"coverage":{"complete":true,"examined":null,"scope":"hard_scope","total_lower_bound":1},"elapsed_us":345,"lane_id":"path","schema_version":1,"status":"complete","truncation_reason":null,"weight":1.0},{"candidate_count":2,"candidate_details_omitted":true,"coverage":{"complete":true,"examined":null,"scope":"hard_scope","total_lower_bound":2},"elapsed_us":357,"lane_id":"lexical","schema_version":1,"status":"complete","truncation_reason":null,"weight":1.1},{"candidate_count":2,"candidate_details_omitted":true,"coverage":{"complete":true,"examined":2,"scope":"hard_scope","total_lower_bound":2},"elapsed_us":2154,"lane_id":"grep","schema_version":1,"status":"complete","truncation_reason":null,"weight":0.8},{"candidate_count":2,"candidate_details_omitted":true,"coverage":{"complete":true,"examined":null,"scope":"hard_scope","total_lower_bound":2},"elapsed_us":1474,"lane_id":"graph","schema_version":1,"status":"complete","truncation_reason":null,"weight":0.6}],"policy":{"deadline_ms":30000,"details_omitted":true,"effective":"local","graph_source_mapping":"uid_byte_decl_docs;not_whole_body:v2","intent":"locate","lane_timeout_ms":20000,"path_source_domain":"canonical_scoped_exact_else_bounded_tokens;not_whole_body:v3","requested":"auto","semantic_state":"not_configured","semantic_timeout_ms":5000,"semantic_top_k":24,"version":"query-policy-local-semantic-canonical-path-domain-v4"},"scope":{"budget":{"exact_symbol_candidates":24,"grep_candidates":12,"grep_enabled":true,"grep_scan_cap":20000,"lexical_candidates":24,"path_candidates":24,"rerank_window":40,"top_k":10,"units":"chunks; grep_scan_cap=decompressions; scope_receipt_v1; not_total_cost"},"details_omitted":true,"hard":{"empty":false,"explicit_file_count":null,"languages":null,"path_prefix":null,"path_prefix_truncated":false,"semantics":"conjunctive_case_sensitive_repo_paths; explicit_empty_denies"},"ordering":["exact_identity_first","rerank_score_desc","chunk_id_asc"],"policy":"canonical-scoped-exact-path-domain-compact-context-budget-v22","schema_version":1,"soft":{"contributions":"score_trace=additive; stage_a_already_included; raw_hint_paths_omitted","hint_entries":{"overlay":0,"pinned":0,"recent":0,"working":0},"preselected_count":1,"role":"ranking_and_scan_priority_only"}}},"search_hits":2,"selection":{"facets":{"implementation":2},"input_candidates":2,"intent":"locate","intent_facet_anchors":{},"limit_omitted":0,"original_ranks":[1,2],"overlap":{"fully_covered_candidates":0,"input_bytes":66,"redundant_bytes":0,"unique_bytes":66},"requested_limit":10,"selected":2,"selected_overlap":{"fully_covered_candidates":0,"input_bytes":66,"redundant_bytes":0,"unique_bytes":66},"source_covered_omissions":0,"source_support_anchors":[],"source_support_scope":"cue_window:v1","spec":"anchored-facets-distinctive-source-union-v2","unmet_facets":[]},"source_freshness":{"budget_exhausted":false,"checked_files":1,"dense_manifest_fence":{"checked":0,"skip_disposition":"stale_publication_skipped","skipped":0},"generation":{"evidence_epoch":1,"incarnation":[110,86,44,4,134,64,55,113,119,115,202,240,97,44,84,135],"index_epoch":5,"semantic_epoch":null},"hydrator":"current-document-scope-source-generation-v1","omitted_files":{},"partial":false,"read_budget_charged":66,"scope":"disk_generation:v1","validation_work":{"candidate_projection_sql":{"fullscan_steps":0,"rows":2,"sorts":0,"statements":1,"vm_steps":76},"coverage":"current final-assembly attempt SELECTs for manifest, symbol identity and candidate projection; excludes prior attempts, transaction control, originating retrieval, generation, dense fence, graph and disk work; not total cost","schema_version":1,"source_records_sql":{"fullscan_steps":0,"rows":10,"sorts":0,"statements":9,"vm_steps":292}},"verified_hits":2}},"intent":"locate","invalidations":[],"machine_pack":{"hits":[{"breadcrumb":"needle","chunk_id":"chunk:needle.py:0","end_line":2,"file_path":"needle.py","fused_score":0.08989441930618403,"graph_score":0.07931471805599452,"grep_score":0.5,"lane":null,"language":"python","lexical_score":1.0,"metadata":{"details_omitted":true,"document":{"doc_key":"29b2fa88c6d6c8741c47ad873ba80a25c628b882a28ea3cfaa7fcc69e6982938","doc_version":"9ba68969fd43b00f97a9fade36d3cd19b8f57a4b7c6dffacb8c050c2e9b29f62","encoding_key":"78fc8c83484a6639e37e832f30a8eb8310c8ad26eada3a4ec3d936c1f152fede","entity_key":"16a369932cc2a7589f395b34b3b8def8bbad6a04e00672428487964152c26486"},"qname":"needle","source_evidence":{"boundary":"symbol","owner":{"end":28,"start":0},"signature":{"end":18,"start":0},"slice_digest":"c748e325d98b5f174763b313c05ece587900d99690eedbce11f75639788c6b8b","source":{"byte_len":66,"content_digest":"bdb975ad92107a0524d6a7c217816cd1e50bb1d97a36ef892318fbe837bf8857","encoding":"utf8","snapshot_id":"735799399424072b1b6cc95488ff63f55c094da4b32573a4555bf731c014f141"},"span":{"end":28,"start":0}},"source_freshness":{"disk_checked":true,"hydrator":"current-document-scope-source-generation-v1","status":"current_verified"}},"reasons":["exact-target","exact_symbol@1","path@1","lexical@1","grep@2","symbol-exact","fts-summary","path-token:needle","symbol:needle","preselect:fts-summary:+1.40","preselect:token-search:+3.00"],"rerank_score":0.8196888975800265,"score_trace":[["rrf:exact_symbol",0.021568627450980395],["rrf:path",0.0196078431372549],["rrf:lexical",0.021568627450980395],["rrf:grep",0.015384615384615385],["rrf:graph",0.011764705882352941],["overlap",0.35],["boost:symbol-exact",0.18],["boost:stage-a",0.17600006285704412],["boost:graph-rerank",0.023794415416798356]],"source":"index","start_line":1,"symbol_kind":"function","symbol_name":"needle","text":"def needle():\n    return 731"},{"breadcrumb":"neighbor","chunk_id":"chunk:needle.py:1","end_line":5,"file_path":"needle.py","fused_score":0.048378582202111615,"graph_score":0.06931471805599453,"grep_score":1.0,"lane":null,"language":"python","lexical_score":0.5,"metadata":{"details_omitted":true,"document":{"doc_key":"3fd56c438273f4e97d76268fc1e74f7bccba6b16d9f0ef414ca67b0829003e65","doc_version":"09f385ca69393d6173161facbcb1551167f9785fcdd2ccc650f1c531bc0259ed","encoding_key":"02118b2a2349b99c9efe9684d529683cd659e52f1e28e19c864bc915175c7693","entity_key":"f8d3da2a91268bb9b93e59ca9b06d751804a9221f3d218b5a8798fab2dc8e40d"},"qname":"neighbor","source_evidence":{"boundary":"symbol","owner":{"end":65,"start":30},"signature":{"end":50,"start":30},"slice_digest":"dec7813dc4d5e300de152b45e0cb2a89c688f0a75f1501c57aa7eb68130081dd","source":{"byte_len":66,"content_digest":"bdb975ad92107a0524d6a7c217816cd1e50bb1d97a36ef892318fbe837bf8857","encoding":"utf8","snapshot_id":"735799399424072b1b6cc95488ff63f55c094da4b32573a4555bf731c014f141"},"span":{"end":66,"start":28}},"source_freshness":{"disk_checked":true,"hydrator":"current-document-scope-source-generation-v1","status":"current_verified"}},"reasons":["lexical@2","grep@1","fts-summary","path-token:needle","symbol:needle","preselect:fts-summary:+1.40","preselect:token-search:+3.00"],"rerank_score":0.5951730604759541,"score_trace":[["rrf:lexical",0.021153846153846155],["rrf:grep",0.01568627450980392],["rrf:graph",0.011538461538461537],["overlap",0.35],["boost:stage-a",0.17600006285704412],["boost:graph-rerank",0.020794415416798356]],"source":"index","start_line":2,"symbol_kind":"function","symbol_name":"neighbor","text":"\n\ndef neighbor():\n    return needle()\n"}],"kind":"code_index_context","query":"needle","repo_size_tier":"Tiny","token_budget":4000,"top_k":10},"nodes":[{"backing_file_path":"needle.py","backing_source":null,"confidence":0.8,"depends_on":[],"end_line":2,"file_path":"needle.py","freshness":null,"invalidation_keys":[],"metadata":{"representation":"machine_hit_reference"},"node_id":"search:chunk:needle.py:0","node_type":"SEARCH_HIT","rank_explanation":null,"reasons":[],"relation":null,"role":"primary","score":0.8196888975800265,"source":"index","source_end_line":2,"source_start_line":1,"span_kind":"reference","start_line":1,"text":"","title":"needle.py needle:1-2","token_estimate":0},{"backing_file_path":"needle.py","backing_source":null,"confidence":0.8,"depends_on":[],"end_line":5,"file_path":"needle.py","freshness":null,"invalidation_keys":[],"metadata":{"representation":"machine_hit_reference"},"node_id":"search:chunk:needle.py:1","node_type":"SEARCH_HIT","rank_explanation":null,"reasons":[],"relation":null,"role":"primary","score":0.5951730604759541,"source":"index","source_end_line":5,"source_start_line":2,"span_kind":"reference","start_line":2,"text":"","title":"needle.py neighbor:2-5","token_estimate":0},{"backing_file_path":null,"backing_source":null,"confidence":1.0,"depends_on":[],"end_line":null,"file_path":"needle.py","freshness":null,"invalidation_keys":[],"metadata":null,"node_id":"graph:caller:uid:ed8e61924345e59a924de3bf","node_type":"CALL_EDGE","rank_explanation":null,"reasons":[],"relation":null,"role":"neighbor","score":0.0,"source":"graph","source_end_line":null,"source_start_line":null,"span_kind":null,"start_line":5,"text":"caller: neighbor → needle (needle.py:5)","title":"Caller: neighbor","token_estimate":10},{"backing_file_path":null,"backing_source":null,"confidence":1.0,"depends_on":[],"end_line":null,"file_path":"needle.py","freshness":null,"invalidation_keys":[],"metadata":null,"node_id":"graph:callee:uid:3732066f97516c2c2f8efb6e","node_type":"CALL_EDGE","rank_explanation":null,"reasons":[],"relation":null,"role":"neighbor","score":0.0,"source":"graph","source_end_line":null,"source_start_line":null,"span_kind":null,"start_line":5,"text":"callee: neighbor → needle (needle.py:5)","title":"Callee: needle","token_estimate":10}],"query":"needle","reasons":["hybrid search over code index","graph-enriched"],"rendered_prompt":"Complete source is in machine_pack.hits; references have no source body.","resolution_freshness":{"basis_epoch":null,"complete":true,"completed_files":0,"index_epoch":5,"reason":null,"retry":null,"root_count":0,"scope":"observed_resolution_invalidations","status":"ready"},"revision":0,"spans":[{"end_line":2,"file_path":"needle.py","label":"needle","node_id":"search:chunk:needle.py:0","start_line":1},{"end_line":5,"file_path":"needle.py","label":"neighbor","node_id":"search:chunk:needle.py:1","start_line":2}],"summary":"Found 2 indexed code result(s) across 1 file(s) for `needle`.","task":"needle","token_budget":4000,"token_estimate":3135},"tool":"context"}
test query_network_contract::denied_authority_local_and_empty_scope_make_no_query_calls ... ok
V18_JSON {"args":{"full":true,"path":"/tmp/.tmpR76rPS/project"},"result":{"build_explain":{"gate_decisions":[{"pass":"synthesis_round","reason":"both signatures changed","run":true},{"pass":"community","reason":"full rebuild","run":true},{"pass":"git_cochange","reason":"cache key unavailable","run":true},{"pass":"infra","reason":"signature algorithm changed","run":true},{"pass":"adr","reason":"no recorded signature","run":true}]},"chunk_policy":{"bytes":16384,"chars":16384,"estimated_tokens":4096,"lines":80,"merge_min_bytes":256},"chunks_total":2,"dirty_plan":{"dependency_sql":{"fullscan_steps":0,"rows":0,"sorts":0,"statements":0,"vm_steps":0},"file_budget":0,"parsed_files":1,"reasons":[],"rebased":false,"resumed":false,"selected_dependents":0},"document_changes":{"files_projected":1,"removed":0,"render_failed":0,"reusable_inputs":0,"unchanged":0,"upserted":2},"elapsed_ms":232,"files_added":1,"files_parsed":1,"files_removed":0,"files_scanned":1,"files_skipped":0,"files_updated":0,"parse_errors":[],"phase_timing":{"analysis_ms":3,"parse_ms":22,"postprocess_ms":1,"resolve_ms":0,"scan_diff_ms":4,"write_ms":25},"project_model":{"catalog_files":1,"changed_configs":[],"config_inputs":0,"config_parse_cache_hits":0,"config_reads":0,"config_root_probes":5,"config_roots":0,"diagnostics":[],"go_fact_cache_hits":0,"go_source_reads":0,"input_digest":"6608a5a5cd33639a82b1be8d943f3148241d6520b8e0d9930909feaaf0ec5b8c","inventory_source":"shared_walk","modes":[],"rust_fact_cache_hits":0,"rust_source_reads":0,"version":3},"public_surface_coverage":{"known":1,"known_empty":0,"parsed_files":1,"unknown":0,"unknown_reasons":{}},"resolution_coverage":{"ambiguous":0,"incomplete_files":0,"modules_ambiguous":0,"modules_external":0,"modules_resolved":0,"modules_unknown":0,"modules_unresolved":0,"modules_unsupported":0,"omitted_records":0,"packages_resolved":0,"processed_files":1,"resolved":2,"unresolved":0,"unsupported":0},"resolution_freshness":{"basis_epoch":null,"complete":true,"completed_files":0,"index_epoch":5,"reason":null,"retry":null,"root_count":0,"scope":"observed_resolution_invalidations","status":"ready"},"symbols_total":2,"used_parallel_parse":false},"tool":"index"}
V18_JSON {"args":{"aspect":"capabilities"},"result":{"capabilities":{"graph":true,"impact":true,"search":true},"has_index":true,"has_project":true,"indexed_files":1,"indexed_symbols":2,"resolution_freshness":{"basis_epoch":null,"complete":true,"completed_files":0,"index_epoch":5,"reason":null,"retry":null,"root_count":0,"scope":"observed_resolution_invalidations","status":"ready"},"retrieval":{"consistency":"point_in_time","default_effective_strategy":"local","default_query_state":"available_with_per_query_checks","default_strategy":"auto","dense_reason":"provider_and_vector_publication_not_implemented","dense_state":"disabled","diagnostic_sources":{"build":"BuildExplain on index response","graph":"GraphExplain on query response","lanes":"evidence_summary.retrieval.lanes or lane_receipts","packing":"evidence_summary.packing","selection":"evidence_summary.selection","semantic":"evidence_summary.retrieval.semantic (dense lane receipt projection)","source":"evidence_summary.source_freshness"},"execution":{"async_admitted":0,"async_in_flight":0,"async_limit":8,"completed":0,"cpu_admitted":0,"cpu_in_flight":0,"cpu_limit":4,"queue_limit":32,"rejected":0},"execution_scope":"process_shared_not_project_local","generation":{"evidence_epoch":1,"incarnation":[44,227,166,211,58,117,117,165,222,71,185,62,105,94,101,92],"index_epoch":5,"semantic_epoch":null},"generation_scope":"observed_database_snapshot","identity_validation":"checked_at_observation_boundary","index_state":"available","local_state":"available","pin_scope":"owned_query_views_including_inflight_clones_not_request_count","query_coverage":{"scope":"per_query_not_global","state":"not_measured"},"query_encoding":{"configured_opt_in":true,"network_authorized":false,"reason":"semantic_disabled","request_scope":"nonlocal_nonempty_only"},"query_pins":0,"resolution_freshness":{"basis_epoch":null,"complete":true,"completed_files":0,"index_epoch":5,"reason":null,"retry":null,"root_count":0,"scope":"observed_resolution_invalidations","status":"ready"},"semantic_active_space":null,"semantic_state":"not_configured","service_state_scope":"process_observed_separately","spec":"retrieval-capabilities-v2"}},"tool":"status"}
[2m2026-10-08T04:58:22.207480Z[0m [32m INFO[0m [2mcc_db::index_migrate[0m[2m:[0m initializing index schema [3mversion[0m[2m=[0m25
V18_JSON {"args":{"query":"v18_query_gate_disabled_search","retrieval_strategy":"auto"},"result":{"evidence_summary":{"files":[],"graph_enrichment":{"callees_added":0,"callers_added":0,"symbols_resolved":0,"tests_found":0},"packing":{"compacted":false,"configured_max_bytes":18000,"continuation":"Use files region/expand on retained references; recheck source version.","limit_bytes":16000,"omitted_hits":0,"omitted_nodes":0,"original_hits":0,"original_nodes":0,"partial":false,"spec":"whole-json-intent-facets-source-support-before-incidental-v5","token_estimate_method":"ceil(serialized_utf8_bytes/4); not a tokenizer","used_bytes":7761},"retrieval":{"cost":{"coverage":"originating query work; lexical FTS and hydration SQL here; grep stage SQL in grep.stages; excludes preselection/exact lookup/graph SQL, FTS internal work and storage I/O; not total cost or a hard limit","fused_candidates":0,"hydrate_requested":0,"hydration":{"sql":{"fullscan_steps":0,"rows":0,"sorts":0,"statements":0,"vm_steps":0},"text":{"cache_hits":0,"legacy_auto_reads":0,"storage_reads":0,"utf8_bytes":0,"zstd_decodes":0}},"lane_candidates":{"exact_symbol":0,"graph":0,"grep":0,"lexical":0,"path":0},"lexical_sql":{"fullscan_steps":0,"rows":0,"sorts":1,"statements":1,"vm_steps":17},"schema_version":1},"grep":{"fallback_scanned":0,"prefilter_failed":false,"prefilter_scanned":0,"reason":null,"scan_cap":20000,"scanned":2,"skipped_duplicates":2,"soft_scanned":2,"stages":[{"stage":"soft","work":{"sql":{"fullscan_steps":0,"rows":2,"sorts":0,"statements":1,"vm_steps":29},"text":{"cache_hits":0,"legacy_auto_reads":0,"storage_reads":2,"utf8_bytes":66,"zstd_decodes":0}}},{"stage":"prefilter","work":{"sql":{"fullscan_steps":0,"rows":0,"sorts":1,"statements":1,"vm_steps":14},"text":{"cache_hits":0,"legacy_auto_reads":0,"storage_reads":0,"utf8_bytes":0,"zstd_decodes":0}}},{"stage":"fallback","work":{"sql":{"fullscan_steps":1,"rows":2,"sorts":0,"statements":1,"vm_steps":23},"text":{"cache_hits":0,"legacy_auto_reads":0,"storage_reads":0,"utf8_bytes":0,"zstd_decodes":0}}}],"status":"complete"},"lanes":[{"candidate_count":0,"candidates":[],"coverage":{"complete":true,"examined":null,"scope":"hard_scope","total_lower_bound":0},"elapsed_us":138,"lane_id":"exact_symbol","schema_version":1,"status":"complete","truncation_reason":null,"weight":1.1},{"candidate_count":0,"candidates":[],"coverage":{"complete":true,"examined":null,"scope":"hard_scope","total_lower_bound":0},"elapsed_us":2087,"lane_id":"path","schema_version":1,"status":"complete","truncation_reason":null,"weight":1.0},{"candidate_count":0,"candidates":[],"coverage":{"complete":true,"examined":null,"scope":"hard_scope","total_lower_bound":0},"elapsed_us":266,"lane_id":"lexical","schema_version":1,"status":"complete","truncation_reason":null,"weight":1.1},{"candidate_count":0,"candidates":[],"coverage":{"complete":true,"examined":2,"scope":"hard_scope","total_lower_bound":0},"elapsed_us":3010,"lane_id":"grep","schema_version":1,"status":"complete","truncation_reason":null,"weight":0.8},{"candidate_count":0,"candidates":[],"coverage":{"complete":true,"examined":null,"scope":"hard_scope","total_lower_bound":0},"elapsed_us":768,"lane_id":"graph","schema_version":1,"status":"complete","truncation_reason":null,"weight":0.6}],"policy":{"completeness":"all_executed_lane_limits_remain_visible; obligation_role_does_not_erase_partial","deadline_ms":30000,"effective":"local","graph_source_mapping":"uid_byte_declaration_document; complete_mapping_is_not_whole_symbol_body_coverage","intent":"locate","lane_timeout_ms":20000,"no_answer":"empty_partial_is_not_absence; no_semantic_absence_claim_from_weak_rank","obligations":[{"lane_id":"exact_symbol","role":"identity","timeout_ms":20000},{"lane_id":"path","role":"identity","timeout_ms":20000},{"lane_id":"lexical","role":"source","timeout_ms":20000},{"lane_id":"grep","role":"source","timeout_ms":20000},{"lane_id":"graph","role":"supporting","timeout_ms":20000}],"path_source_domain":"canonical_scoped_existing_path_docs; else_bounded_tokens; not_whole_file_coverage","requested":"auto","semantic_state":"not_configured","semantic_timeout_ms":5000,"semantic_top_k":24,"version":"query-policy-local-semantic-canonical-path-domain-v4"},"scope":{"budget":{"exact_symbol_candidates":24,"grep_candidates":12,"grep_enabled":true,"grep_scan_cap":20000,"lexical_candidates":24,"path_candidates":24,"rerank_window":40,"top_k":10,"units":"candidate limits count chunks; grep_scan_cap counts decompressions, not SQL work, total memory or time; cached diagnostics describe originating computation, not work repeated on a cache hit"},"hard":{"empty":false,"explicit_file_count":null,"languages":null,"path_prefix":null,"path_prefix_truncated":false,"semantics":"conjunctive_repository_relative_case_sensitive_components; empty means contradictory/explicit-empty constraint, not an inventory count"},"ordering":["exact-target first (identity tier, not an additive score)","rerank_score descending = sum(score_trace)","chunk_id ascending"],"policy":"canonical-scoped-exact-path-domain-compact-context-budget-v22","schema_version":1,"soft":{"contributions":"per-hit score_trace is the additive bill; stage_a_layer_scores explain its capped stage-a component and must not be added twice; raw hint and excluded paths omitted","hint_entries":{"overlay":0,"pinned":0,"recent":0,"working":0},"preselected_count":1,"role":"ranking_and_scan_priority_only"}}},"search_hits":0,"selection":{"facets":{},"input_candidates":0,"intent":"locate","intent_facet_anchors":{},"limit_omitted":0,"original_ranks":[],"overlap":{"fully_covered_candidates":0,"input_bytes":0,"redundant_bytes":0,"unique_bytes":0},"requested_limit":10,"selected":0,"selected_overlap":{"fully_covered_candidates":0,"input_bytes":0,"redundant_bytes":0,"unique_bytes":0},"source_covered_omissions":0,"source_support_anchors":[],"source_support_scope":"literal_program_cue_in_validated_twice_topk_window_only; not_global_uniqueness_or_exact_identity","spec":"anchored-facets-distinctive-source-union-v2","unmet_facets":[]},"source_freshness":{"budget_exhausted":false,"checked_files":0,"dense_manifest_fence":{"checked":0,"skip_disposition":"stale_publication_skipped","skipped":0},"generation":{"evidence_epoch":1,"incarnation":[44,227,166,211,58,117,117,165,222,71,185,62,105,94,101,92],"index_epoch":5,"semantic_epoch":null},"hydrator":"current-document-scope-source-generation-v1","omitted_files":{},"partial":false,"read_budget_charged":0,"scope":"bounded per-file disk verification and optimistic full read generation; not an atomic filesystem snapshot","validation_work":{"candidate_projection_sql":{"fullscan_steps":0,"rows":0,"sorts":0,"statements":0,"vm_steps":0},"coverage":"current final-assembly attempt SELECTs for manifest, symbol identity and candidate projection; excludes prior attempts, transaction control, originating retrieval, generation, dense fence, graph and disk work; not total cost","schema_version":1,"source_records_sql":{"fullscan_steps":0,"rows":0,"sorts":0,"statements":0,"vm_steps":0}},"verified_hits":0}},"intent":"locate","invalidations":[],"machine_pack":{"hits":[],"kind":"code_index_context","query":"v18_query_gate_disabled_search","repo_size_tier":"Tiny","token_budget":4000,"top_k":10},"nodes":[],"query":"v18_query_gate_disabled_search","reasons":["hybrid search over code index"],"rendered_prompt":"Task: code-index search\nIntent: locate\nQuery: v18_query_gate_disabled_search\n\n","resolution_freshness":{"basis_epoch":null,"complete":true,"completed_files":0,"index_epoch":5,"reason":null,"retry":null,"root_count":0,"scope":"observed_resolution_invalidations","status":"ready"},"revision":0,"spans":[],"summary":"No indexed code results found for `v18_query_gate_disabled_search`.","task":"v18_query_gate_disabled_search","token_budget":4000,"token_estimate":1941},"tool":"search"}
V18_JSON {"args":{"retrieval_strategy":null,"task":"needle"},"result":{"evidence_summary":{"files":["needle.py"],"graph_enrichment":{"callees_added":1,"callers_added":1,"symbols_resolved":2,"tests_found":0},"packing":{"compacted":true,"configured_max_bytes":18000,"continuation":"Use files region/expand on retained references; recheck source version.","limit_bytes":16000,"omitted_hits":0,"omitted_nodes":0,"original_hits":2,"original_nodes":4,"partial":false,"spec":"whole-json-intent-facets-source-support-before-incidental-v5","token_estimate_method":"ceil(serialized_utf8_bytes/4); not a tokenizer","used_bytes":12539},"retrieval":{"cost":{"coverage":"originating_work; full scope: retrieval-cost schema v1","fused_candidates":2,"hydrate_requested":2,"hydration":{"sql":{"fullscan_steps":0,"rows":10,"sorts":0,"statements":9,"vm_steps":386},"text":{"cache_hits":2,"legacy_auto_reads":0,"storage_reads":0,"utf8_bytes":66,"zstd_decodes":0}},"lane_candidates":{"exact_symbol":1,"graph":2,"grep":2,"lexical":2,"path":1},"lexical_sql":{"fullscan_steps":0,"rows":2,"sorts":1,"statements":1,"vm_steps":59},"schema_version":1},"grep":{"fallback_scanned":0,"prefilter_failed":false,"prefilter_scanned":0,"reason":null,"scan_cap":20000,"scanned":2,"skipped_duplicates":4,"soft_scanned":2,"stages":[{"stage":"soft","work":{"sql":{"fullscan_steps":0,"rows":2,"sorts":0,"statements":1,"vm_steps":29},"text":{"cache_hits":0,"legacy_auto_reads":0,"storage_reads":2,"utf8_bytes":66,"zstd_decodes":0}}},{"stage":"prefilter","work":{"sql":{"fullscan_steps":0,"rows":2,"sorts":1,"statements":1,"vm_steps":58},"text":{"cache_hits":0,"legacy_auto_reads":0,"storage_reads":0,"utf8_bytes":0,"zstd_decodes":0}}},{"stage":"fallback","work":{"sql":{"fullscan_steps":1,"rows":2,"sorts":0,"statements":1,"vm_steps":23},"text":{"cache_hits":0,"legacy_auto_reads":0,"storage_reads":0,"utf8_bytes":0,"zstd_decodes":0}}}],"status":"complete"},"lane_receipts":[{"candidate_count":1,"candidate_details_omitted":true,"coverage":{"complete":true,"examined":null,"scope":"hard_scope","total_lower_bound":1},"elapsed_us":309,"lane_id":"exact_symbol","schema_version":1,"status":"complete","truncation_reason":null,"weight":1.1},{"candidate_count":1,"candidate_details_omitted":true,"coverage":{"complete":true,"examined":null,"scope":"hard_scope","total_lower_bound":1},"elapsed_us":345,"lane_id":"path","schema_version":1,"status":"complete","truncation_reason":null,"weight":1.0},{"candidate_count":2,"candidate_details_omitted":true,"coverage":{"complete":true,"examined":null,"scope":"hard_scope","total_lower_bound":2},"elapsed_us":357,"lane_id":"lexical","schema_version":1,"status":"complete","truncation_reason":null,"weight":1.1},{"candidate_count":2,"candidate_details_omitted":true,"coverage":{"complete":true,"examined":2,"scope":"hard_scope","total_lower_bound":2},"elapsed_us":2154,"lane_id":"grep","schema_version":1,"status":"complete","truncation_reason":null,"weight":0.8},{"candidate_count":2,"candidate_details_omitted":true,"coverage":{"complete":true,"examined":null,"scope":"hard_scope","total_lower_bound":2},"elapsed_us":1474,"lane_id":"graph","schema_version":1,"status":"complete","truncation_reason":null,"weight":0.6}],"policy":{"deadline_ms":30000,"details_omitted":true,"effective":"local","graph_source_mapping":"uid_byte_decl_docs;not_whole_body:v2","intent":"locate","lane_timeout_ms":20000,"path_source_domain":"canonical_scoped_exact_else_bounded_tokens;not_whole_body:v3","requested":"auto","semantic_state":"not_configured","semantic_timeout_ms":5000,"semantic_top_k":24,"version":"query-policy-local-semantic-canonical-path-domain-v4"},"scope":{"budget":{"exact_symbol_candidates":24,"grep_candidates":12,"grep_enabled":true,"grep_scan_cap":20000,"lexical_candidates":24,"path_candidates":24,"rerank_window":40,"top_k":10,"units":"chunks; grep_scan_cap=decompressions; scope_receipt_v1; not_total_cost"},"details_omitted":true,"hard":{"empty":false,"explicit_file_count":null,"languages":null,"path_prefix":null,"path_prefix_truncated":false,"semantics":"conjunctive_case_sensitive_repo_paths; explicit_empty_denies"},"ordering":["exact_identity_first","rerank_score_desc","chunk_id_asc"],"policy":"canonical-scoped-exact-path-domain-compact-context-budget-v22","schema_version":1,"soft":{"contributions":"score_trace=additive; stage_a_already_included; raw_hint_paths_omitted","hint_entries":{"overlay":0,"pinned":0,"recent":0,"working":0},"preselected_count":1,"role":"ranking_and_scan_priority_only"}}},"search_hits":2,"selection":{"facets":{"implementation":2},"input_candidates":2,"intent":"locate","intent_facet_anchors":{},"limit_omitted":0,"original_ranks":[1,2],"overlap":{"fully_covered_candidates":0,"input_bytes":66,"redundant_bytes":0,"unique_bytes":66},"requested_limit":10,"selected":2,"selected_overlap":{"fully_covered_candidates":0,"input_bytes":66,"redundant_bytes":0,"unique_bytes":66},"source_covered_omissions":0,"source_support_anchors":[],"source_support_scope":"cue_window:v1","spec":"anchored-facets-distinctive-source-union-v2","unmet_facets":[]},"source_freshness":{"budget_exhausted":false,"checked_files":1,"dense_manifest_fence":{"checked":0,"skip_disposition":"stale_publication_skipped","skipped":0},"generation":{"evidence_epoch":1,"incarnation":[110,86,44,4,134,64,55,113,119,115,202,240,97,44,84,135],"index_epoch":5,"semantic_epoch":null},"hydrator":"current-document-scope-source-generation-v1","omitted_files":{},"partial":false,"read_budget_charged":66,"scope":"disk_generation:v1","validation_work":{"candidate_projection_sql":{"fullscan_steps":0,"rows":2,"sorts":0,"statements":1,"vm_steps":76},"coverage":"current final-assembly attempt SELECTs for manifest, symbol identity and candidate projection; excludes prior attempts, transaction control, originating retrieval, generation, dense fence, graph and disk work; not total cost","schema_version":1,"source_records_sql":{"fullscan_steps":0,"rows":10,"sorts":0,"statements":9,"vm_steps":292}},"verified_hits":2}},"intent":"locate","invalidations":[],"machine_pack":{"hits":[{"breadcrumb":"needle","chunk_id":"chunk:needle.py:0","end_line":2,"file_path":"needle.py","fused_score":0.08989441930618403,"graph_score":0.07931471805599452,"grep_score":0.5,"lane":null,"language":"python","lexical_score":1.0,"metadata":{"details_omitted":true,"document":{"doc_key":"29b2fa88c6d6c8741c47ad873ba80a25c628b882a28ea3cfaa7fcc69e6982938","doc_version":"9ba68969fd43b00f97a9fade36d3cd19b8f57a4b7c6dffacb8c050c2e9b29f62","encoding_key":"78fc8c83484a6639e37e832f30a8eb8310c8ad26eada3a4ec3d936c1f152fede","entity_key":"16a369932cc2a7589f395b34b3b8def8bbad6a04e00672428487964152c26486"},"qname":"needle","source_evidence":{"boundary":"symbol","owner":{"end":28,"start":0},"signature":{"end":18,"start":0},"slice_digest":"c748e325d98b5f174763b313c05ece587900d99690eedbce11f75639788c6b8b","source":{"byte_len":66,"content_digest":"bdb975ad92107a0524d6a7c217816cd1e50bb1d97a36ef892318fbe837bf8857","encoding":"utf8","snapshot_id":"735799399424072b1b6cc95488ff63f55c094da4b32573a4555bf731c014f141"},"span":{"end":28,"start":0}},"source_freshness":{"disk_checked":true,"hydrator":"current-document-scope-source-generation-v1","status":"current_verified"}},"reasons":["exact-target","exact_symbol@1","path@1","lexical@1","grep@2","symbol-exact","fts-summary","path-token:needle","symbol:needle","preselect:fts-summary:+1.40","preselect:token-search:+3.00"],"rerank_score":0.8196888975800265,"score_trace":[["rrf:exact_symbol",0.021568627450980395],["rrf:path",0.0196078431372549],["rrf:lexical",0.021568627450980395],["rrf:grep",0.015384615384615385],["rrf:graph",0.011764705882352941],["overlap",0.35],["boost:symbol-exact",0.18],["boost:stage-a",0.17600006285704412],["boost:graph-rerank",0.023794415416798356]],"source":"index","start_line":1,"symbol_kind":"function","symbol_name":"needle","text":"def needle():\n    return 731"},{"breadcrumb":"neighbor","chunk_id":"chunk:needle.py:1","end_line":5,"file_path":"needle.py","fused_score":0.048378582202111615,"graph_score":0.06931471805599453,"grep_score":1.0,"lane":null,"language":"python","lexical_score":0.5,"metadata":{"details_omitted":true,"document":{"doc_key":"3fd56c438273f4e97d76268fc1e74f7bccba6b16d9f0ef414ca67b0829003e65","doc_version":"09f385ca69393d6173161facbcb1551167f9785fcdd2ccc650f1c531bc0259ed","encoding_key":"02118b2a2349b99c9efe9684d529683cd659e52f1e28e19c864bc915175c7693","entity_key":"f8d3da2a91268bb9b93e59ca9b06d751804a9221f3d218b5a8798fab2dc8e40d"},"qname":"neighbor","source_evidence":{"boundary":"symbol","owner":{"end":65,"start":30},"signature":{"end":50,"start":30},"slice_digest":"dec7813dc4d5e300de152b45e0cb2a89c688f0a75f1501c57aa7eb68130081dd","source":{"byte_len":66,"content_digest":"bdb975ad92107a0524d6a7c217816cd1e50bb1d97a36ef892318fbe837bf8857","encoding":"utf8","snapshot_id":"735799399424072b1b6cc95488ff63f55c094da4b32573a4555bf731c014f141"},"span":{"end":66,"start":28}},"source_freshness":{"disk_checked":true,"hydrator":"current-document-scope-source-generation-v1","status":"current_verified"}},"reasons":["lexical@2","grep@1","fts-summary","path-token:needle","symbol:needle","preselect:fts-summary:+1.40","preselect:token-search:+3.00"],"rerank_score":0.5951730604759541,"score_trace":[["rrf:lexical",0.021153846153846155],["rrf:grep",0.01568627450980392],["rrf:graph",0.011538461538461537],["overlap",0.35],["boost:stage-a",0.17600006285704412],["boost:graph-rerank",0.020794415416798356]],"source":"index","start_line":2,"symbol_kind":"function","symbol_name":"neighbor","text":"\n\ndef neighbor():\n    return needle()\n"}],"kind":"code_index_context","query":"needle","repo_size_tier":"Tiny","token_budget":4000,"top_k":10},"nodes":[{"backing_file_path":"needle.py","backing_source":null,"confidence":0.8,"depends_on":[],"end_line":2,"file_path":"needle.py","freshness":null,"invalidation_keys":[],"metadata":{"representation":"machine_hit_reference"},"node_id":"search:chunk:needle.py:0","node_type":"SEARCH_HIT","rank_explanation":null,"reasons":[],"relation":null,"role":"primary","score":0.8196888975800265,"source":"index","source_end_line":2,"source_start_line":1,"span_kind":"reference","start_line":1,"text":"","title":"needle.py needle:1-2","token_estimate":0},{"backing_file_path":"needle.py","backing_source":null,"confidence":0.8,"depends_on":[],"end_line":5,"file_path":"needle.py","freshness":null,"invalidation_keys":[],"metadata":{"representation":"machine_hit_reference"},"node_id":"search:chunk:needle.py:1","node_type":"SEARCH_HIT","rank_explanation":null,"reasons":[],"relation":null,"role":"primary","score":0.5951730604759541,"source":"index","source_end_line":5,"source_start_line":2,"span_kind":"reference","start_line":2,"text":"","title":"needle.py neighbor:2-5","token_estimate":0},{"backing_file_path":null,"backing_source":null,"confidence":1.0,"depends_on":[],"end_line":null,"file_path":"needle.py","freshness":null,"invalidation_keys":[],"metadata":null,"node_id":"graph:caller:uid:ed8e61924345e59a924de3bf","node_type":"CALL_EDGE","rank_explanation":null,"reasons":[],"relation":null,"role":"neighbor","score":0.0,"source":"graph","source_end_line":null,"source_start_line":null,"span_kind":null,"start_line":5,"text":"caller: neighbor → needle (needle.py:5)","title":"Caller: neighbor","token_estimate":10},{"backing_file_path":null,"backing_source":null,"confidence":1.0,"depends_on":[],"end_line":null,"file_path":"needle.py","freshness":null,"invalidation_keys":[],"metadata":null,"node_id":"graph:callee:uid:3732066f97516c2c2f8efb6e","node_type":"CALL_EDGE","rank_explanation":null,"reasons":[],"relation":null,"role":"neighbor","score":0.0,"source":"graph","source_end_line":null,"source_start_line":null,"span_kind":null,"start_line":5,"text":"callee: neighbor → needle (needle.py:5)","title":"Callee: needle","token_estimate":10}],"query":"needle","reasons":["hybrid search over code index","graph-enriched"],"rendered_prompt":"Complete source is in machine_pack.hits; references have no source body.","resolution_freshness":{"basis_epoch":null,"complete":true,"completed_files":0,"index_epoch":5,"reason":null,"retry":null,"root_count":0,"scope":"observed_resolution_invalidations","status":"ready"},"revision":0,"spans":[{"end_line":2,"file_path":"needle.py","label":"needle","node_id":"search:chunk:needle.py:0","start_line":1},{"end_line":5,"file_path":"needle.py","label":"neighbor","node_id":"search:chunk:needle.py:1","start_line":2}],"summary":"Found 2 indexed code result(s) across 1 file(s) for `needle`.","task":"needle","token_budget":4000,"token_estimate":3135},"tool":"context"}
[2m2026-10-08T04:58:22.229656Z[0m [32m INFO[0m [1mserve_inner[0m[2m:[0m [2mrmcp::service[0m[2m:[0m Service initialized as server [3mpeer_info[0m[2m=[0mSome(InitializeRequestParams { meta: None, protocol_version: ProtocolVersion("2025-11-25"), capabilities: ClientCapabilities { experimental: None, extensions: None, roots: None, sampling: None, elicitation: None, tasks: None }, client_info: Implementation { name: "rmcp", title: None, version: "2.2.0", description: None, icons: None, website_url: None } })
[2m2026-10-08T04:58:22.229762Z[0m [32m INFO[0m [2mcc_server::mcp[0m[2m:[0m MCP server started on stdio
[2m2026-10-08T04:58:22.230041Z[0m [32m INFO[0m [1mserve_inner[0m[2m:[0m [2mrmcp::service[0m[2m:[0m received notification [3mnotification[0m[2m=[0mInitializedNotification(NotificationNoParam { method: InitializedNotificationMethod, extensions: Extensions })
[2m2026-10-08T04:58:22.230337Z[0m [32m INFO[0m [1mserve_inner[0m[2m:[0m [2mrmcp::handler::server[0m[2m:[0m client initialized
[2m2026-10-08T04:58:22.233040Z[0m [32m INFO[0m [2mcc_index::memory_budget[0m[2m:[0m memory budget initialized [3mtotal_ram_mb[0m[2m=[0m15989 [3mbudget_mb[0m[2m=[0m7994 [3mfraction[0m[2m=[0m0.5
V18_JSON {"args":{"retrieval_strategy":"auto","task":"v18_query_gate_disabled_context"},"result":{"evidence_summary":{"files":[],"graph_enrichment":{"callees_added":0,"callers_added":0,"symbols_resolved":0,"tests_found":0},"packing":{"compacted":false,"configured_max_bytes":18000,"continuation":"Use files region/expand on retained references; recheck source version.","limit_bytes":16000,"omitted_hits":0,"omitted_nodes":0,"original_hits":0,"original_nodes":0,"partial":false,"spec":"whole-json-intent-facets-source-support-before-incidental-v5","token_estimate_method":"ceil(serialized_utf8_bytes/4); not a tokenizer","used_bytes":7765},"retrieval":{"cost":{"coverage":"originating query work; lexical FTS and hydration SQL here; grep stage SQL in grep.stages; excludes preselection/exact lookup/graph SQL, FTS internal work and storage I/O; not total cost or a hard limit","fused_candidates":0,"hydrate_requested":0,"hydration":{"sql":{"fullscan_steps":0,"rows":0,"sorts":0,"statements":0,"vm_steps":0},"text":{"cache_hits":0,"legacy_auto_reads":0,"storage_reads":0,"utf8_bytes":0,"zstd_decodes":0}},"lane_candidates":{"exact_symbol":0,"graph":0,"grep":0,"lexical":0,"path":0},"lexical_sql":{"fullscan_steps":0,"rows":0,"sorts":1,"statements":1,"vm_steps":17},"schema_version":1},"grep":{"fallback_scanned":0,"prefilter_failed":false,"prefilter_scanned":0,"reason":null,"scan_cap":20000,"scanned":2,"skipped_duplicates":2,"soft_scanned":2,"stages":[{"stage":"soft","work":{"sql":{"fullscan_steps":0,"rows":2,"sorts":0,"statements":1,"vm_steps":29},"text":{"cache_hits":0,"legacy_auto_reads":0,"storage_reads":2,"utf8_bytes":66,"zstd_decodes":0}}},{"stage":"prefilter","work":{"sql":{"fullscan_steps":0,"rows":0,"sorts":1,"statements":1,"vm_steps":14},"text":{"cache_hits":0,"legacy_auto_reads":0,"storage_reads":0,"utf8_bytes":0,"zstd_decodes":0}}},{"stage":"fallback","work":{"sql":{"fullscan_steps":1,"rows":2,"sorts":0,"statements":1,"vm_steps":23},"text":{"cache_hits":0,"legacy_auto_reads":0,"storage_reads":0,"utf8_bytes":0,"zstd_decodes":0}}}],"status":"complete"},"lanes":[{"candidate_count":0,"candidates":[],"coverage":{"complete":true,"examined":null,"scope":"hard_scope","total_lower_bound":0},"elapsed_us":118,"lane_id":"exact_symbol","schema_version":1,"status":"complete","truncation_reason":null,"weight":1.1},{"candidate_count":0,"candidates":[],"coverage":{"complete":true,"examined":null,"scope":"hard_scope","total_lower_bound":0},"elapsed_us":209,"lane_id":"path","schema_version":1,"status":"complete","truncation_reason":null,"weight":1.0},{"candidate_count":0,"candidates":[],"coverage":{"complete":true,"examined":null,"scope":"hard_scope","total_lower_bound":0},"elapsed_us":114,"lane_id":"lexical","schema_version":1,"status":"complete","truncation_reason":null,"weight":1.1},{"candidate_count":0,"candidates":[],"coverage":{"complete":true,"examined":2,"scope":"hard_scope","total_lower_bound":0},"elapsed_us":2468,"lane_id":"grep","schema_version":1,"status":"complete","truncation_reason":null,"weight":0.8},{"candidate_count":0,"candidates":[],"coverage":{"complete":true,"examined":null,"scope":"hard_scope","total_lower_bound":0},"elapsed_us":294,"lane_id":"graph","schema_version":1,"status":"complete","truncation_reason":null,"weight":0.6}],"policy":{"completeness":"all_executed_lane_limits_remain_visible; obligation_role_does_not_erase_partial","deadline_ms":30000,"effective":"local","graph_source_mapping":"uid_byte_declaration_document; complete_mapping_is_not_whole_symbol_body_coverage","intent":"locate","lane_timeout_ms":20000,"no_answer":"empty_partial_is_not_absence; no_semantic_absence_claim_from_weak_rank","obligations":[{"lane_id":"exact_symbol","role":"identity","timeout_ms":20000},{"lane_id":"path","role":"identity","timeout_ms":20000},{"lane_id":"lexical","role":"source","timeout_ms":20000},{"lane_id":"grep","role":"source","timeout_ms":20000},{"lane_id":"graph","role":"supporting","timeout_ms":20000}],"path_source_domain":"canonical_scoped_existing_path_docs; else_bounded_tokens; not_whole_file_coverage","requested":"auto","semantic_state":"not_configured","semantic_timeout_ms":5000,"semantic_top_k":24,"version":"query-policy-local-semantic-canonical-path-domain-v4"},"scope":{"budget":{"exact_symbol_candidates":24,"grep_candidates":12,"grep_enabled":true,"grep_scan_cap":20000,"lexical_candidates":24,"path_candidates":24,"rerank_window":40,"top_k":10,"units":"candidate limits count chunks; grep_scan_cap counts decompressions, not SQL work, total memory or time; cached diagnostics describe originating computation, not work repeated on a cache hit"},"hard":{"empty":false,"explicit_file_count":null,"languages":null,"path_prefix":null,"path_prefix_truncated":false,"semantics":"conjunctive_repository_relative_case_sensitive_components; empty means contradictory/explicit-empty constraint, not an inventory count"},"ordering":["exact-target first (identity tier, not an additive score)","rerank_score descending = sum(score_trace)","chunk_id ascending"],"policy":"canonical-scoped-exact-path-domain-compact-context-budget-v22","schema_version":1,"soft":{"contributions":"per-hit score_trace is the additive bill; stage_a_layer_scores explain its capped stage-a component and must not be added twice; raw hint and excluded paths omitted","hint_entries":{"overlay":0,"pinned":0,"recent":0,"working":0},"preselected_count":1,"role":"ranking_and_scan_priority_only"}}},"search_hits":0,"selection":{"facets":{},"input_candidates":0,"intent":"locate","intent_facet_anchors":{},"limit_omitted":0,"original_ranks":[],"overlap":{"fully_covered_candidates":0,"input_bytes":0,"redundant_bytes":0,"unique_bytes":0},"requested_limit":10,"selected":0,"selected_overlap":{"fully_covered_candidates":0,"input_bytes":0,"redundant_bytes":0,"unique_bytes":0},"source_covered_omissions":0,"source_support_anchors":[],"source_support_scope":"literal_program_cue_in_validated_twice_topk_window_only; not_global_uniqueness_or_exact_identity","spec":"anchored-facets-distinctive-source-union-v2","unmet_facets":[]},"source_freshness":{"budget_exhausted":false,"checked_files":0,"dense_manifest_fence":{"checked":0,"skip_disposition":"stale_publication_skipped","skipped":0},"generation":{"evidence_epoch":1,"incarnation":[44,227,166,211,58,117,117,165,222,71,185,62,105,94,101,92],"index_epoch":5,"semantic_epoch":null},"hydrator":"current-document-scope-source-generation-v1","omitted_files":{},"partial":false,"read_budget_charged":0,"scope":"bounded per-file disk verification and optimistic full read generation; not an atomic filesystem snapshot","validation_work":{"candidate_projection_sql":{"fullscan_steps":0,"rows":0,"sorts":0,"statements":0,"vm_steps":0},"coverage":"current final-assembly attempt SELECTs for manifest, symbol identity and candidate projection; excludes prior attempts, transaction control, originating retrieval, generation, dense fence, graph and disk work; not total cost","schema_version":1,"source_records_sql":{"fullscan_steps":0,"rows":0,"sorts":0,"statements":0,"vm_steps":0}},"verified_hits":0}},"intent":"locate","invalidations":[],"machine_pack":{"hits":[],"kind":"code_index_context","query":"v18_query_gate_disabled_context","repo_size_tier":"Tiny","token_budget":4000,"top_k":10},"nodes":[],"query":"v18_query_gate_disabled_context","reasons":["hybrid search over code index"],"rendered_prompt":"Task: code-index search\nIntent: locate\nQuery: v18_query_gate_disabled_context\n\n","resolution_freshness":{"basis_epoch":null,"complete":true,"completed_files":0,"index_epoch":5,"reason":null,"retry":null,"root_count":0,"scope":"observed_resolution_invalidations","status":"ready"},"revision":0,"spans":[],"summary":"No indexed code results found for `v18_query_gate_disabled_context`.","task":"v18_query_gate_disabled_context","token_budget":4000,"token_estimate":1942},"tool":"context"}
V18_JSON {"document_http_calls":0,"only_loopback":true,"query_http_calls":0,"real_credentials":false,"requests":[],"synthetic_vectors":true}
[2m2026-10-08T04:58:22.239800Z[0m [32m INFO[0m [1mserve_inner[0m[2m:[0m [2mrmcp::service[0m[2m:[0m input stream terminated
[2m2026-10-08T04:58:22.239861Z[0m [32m INFO[0m [1mserve_inner[0m[2m:[0m [2mrmcp::service[0m[2m:[0m serve finished [3mquit_reason[0m[2m=[0mClosed
[2m2026-10-08T04:58:22.240087Z[0m [32m INFO[0m [2mcc_server::mcp[0m[2m:[0m MCP server shut down gracefully
V18_JSON {"args":{"retrieval_strategy":"auto","task":"needle"},"result":{"evidence_summary":{"files":["needle.py"],"graph_enrichment":{"callees_added":1,"callers_added":1,"symbols_resolved":2,"tests_found":0},"packing":{"compacted":true,"configured_max_bytes":18000,"continuation":"Use files region/expand on retained references; recheck source version.","limit_bytes":16000,"omitted_hits":0,"omitted_nodes":0,"original_hits":2,"original_nodes":4,"partial":false,"spec":"whole-json-intent-facets-source-support-before-incidental-v5","token_estimate_method":"ceil(serialized_utf8_bytes/4); not a tokenizer","used_bytes":12539},"retrieval":{"cost":{"coverage":"originating_work; full scope: retrieval-cost schema v1","fused_candidates":2,"hydrate_requested":2,"hydration":{"sql":{"fullscan_steps":0,"rows":10,"sorts":0,"statements":9,"vm_steps":386},"text":{"cache_hits":2,"legacy_auto_reads":0,"storage_reads":0,"utf8_bytes":66,"zstd_decodes":0}},"lane_candidates":{"exact_symbol":1,"graph":2,"grep":2,"lexical":2,"path":1},"lexical_sql":{"fullscan_steps":0,"rows":2,"sorts":1,"statements":1,"vm_steps":59},"schema_version":1},"grep":{"fallback_scanned":0,"prefilter_failed":false,"prefilter_scanned":0,"reason":null,"scan_cap":20000,"scanned":2,"skipped_duplicates":4,"soft_scanned":2,"stages":[{"stage":"soft","work":{"sql":{"fullscan_steps":0,"rows":2,"sorts":0,"statements":1,"vm_steps":29},"text":{"cache_hits":0,"legacy_auto_reads":0,"storage_reads":2,"utf8_bytes":66,"zstd_decodes":0}}},{"stage":"prefilter","work":{"sql":{"fullscan_steps":0,"rows":2,"sorts":1,"statements":1,"vm_steps":58},"text":{"cache_hits":0,"legacy_auto_reads":0,"storage_reads":0,"utf8_bytes":0,"zstd_decodes":0}}},{"stage":"fallback","work":{"sql":{"fullscan_steps":1,"rows":2,"sorts":0,"statements":1,"vm_steps":23},"text":{"cache_hits":0,"legacy_auto_reads":0,"storage_reads":0,"utf8_bytes":0,"zstd_decodes":0}}}],"status":"complete"},"lane_receipts":[{"candidate_count":1,"candidate_details_omitted":true,"coverage":{"complete":true,"examined":null,"scope":"hard_scope","total_lower_bound":1},"elapsed_us":272,"lane_id":"exact_symbol","schema_version":1,"status":"complete","truncation_reason":null,"weight":1.1},{"candidate_count":1,"candidate_details_omitted":true,"coverage":{"complete":true,"examined":null,"scope":"hard_scope","total_lower_bound":1},"elapsed_us":434,"lane_id":"path","schema_version":1,"status":"complete","truncation_reason":null,"weight":1.0},{"candidate_count":2,"candidate_details_omitted":true,"coverage":{"complete":true,"examined":null,"scope":"hard_scope","total_lower_bound":2},"elapsed_us":178,"lane_id":"lexical","schema_version":1,"status":"complete","truncation_reason":null,"weight":1.1},{"candidate_count":2,"candidate_details_omitted":true,"coverage":{"complete":true,"examined":2,"scope":"hard_scope","total_lower_bound":2},"elapsed_us":2019,"lane_id":"grep","schema_version":1,"status":"complete","truncation_reason":null,"weight":0.8},{"candidate_count":2,"candidate_details_omitted":true,"coverage":{"complete":true,"examined":null,"scope":"hard_scope","total_lower_bound":2},"elapsed_us":2065,"lane_id":"graph","schema_version":1,"status":"complete","truncation_reason":null,"weight":0.6}],"policy":{"deadline_ms":30000,"details_omitted":true,"effective":"local","graph_source_mapping":"uid_byte_decl_docs;not_whole_body:v2","intent":"locate","lane_timeout_ms":20000,"path_source_domain":"canonical_scoped_exact_else_bounded_tokens;not_whole_body:v3","requested":"auto","semantic_state":"not_configured","semantic_timeout_ms":5000,"semantic_top_k":24,"version":"query-policy-local-semantic-canonical-path-domain-v4"},"scope":{"budget":{"exact_symbol_candidates":24,"grep_candidates":12,"grep_enabled":true,"grep_scan_cap":20000,"lexical_candidates":24,"path_candidates":24,"rerank_window":40,"top_k":10,"units":"chunks; grep_scan_cap=decompressions; scope_receipt_v1; not_total_cost"},"details_omitted":true,"hard":{"empty":false,"explicit_file_count":null,"languages":null,"path_prefix":null,"path_prefix_truncated":false,"semantics":"conjunctive_case_sensitive_repo_paths; explicit_empty_denies"},"ordering":["exact_identity_first","rerank_score_desc","chunk_id_asc"],"policy":"canonical-scoped-exact-path-domain-compact-context-budget-v22","schema_version":1,"soft":{"contributions":"score_trace=additive; stage_a_already_included; raw_hint_paths_omitted","hint_entries":{"overlay":0,"pinned":0,"recent":0,"working":0},"preselected_count":1,"role":"ranking_and_scan_priority_only"}}},"search_hits":2,"selection":{"facets":{"implementation":2},"input_candidates":2,"intent":"locate","intent_facet_anchors":{},"limit_omitted":0,"original_ranks":[1,2],"overlap":{"fully_covered_candidates":0,"input_bytes":66,"redundant_bytes":0,"unique_bytes":66},"requested_limit":10,"selected":2,"selected_overlap":{"fully_covered_candidates":0,"input_bytes":66,"redundant_bytes":0,"unique_bytes":66},"source_covered_omissions":0,"source_support_anchors":[],"source_support_scope":"cue_window:v1","spec":"anchored-facets-distinctive-source-union-v2","unmet_facets":[]},"source_freshness":{"budget_exhausted":false,"checked_files":1,"dense_manifest_fence":{"checked":0,"skip_disposition":"stale_publication_skipped","skipped":0},"generation":{"evidence_epoch":1,"incarnation":[110,86,44,4,134,64,55,113,119,115,202,240,97,44,84,135],"index_epoch":5,"semantic_epoch":null},"hydrator":"current-document-scope-source-generation-v1","omitted_files":{},"partial":false,"read_budget_charged":66,"scope":"disk_generation:v1","validation_work":{"candidate_projection_sql":{"fullscan_steps":0,"rows":2,"sorts":0,"statements":1,"vm_steps":76},"coverage":"current final-assembly attempt SELECTs for manifest, symbol identity and candidate projection; excludes prior attempts, transaction control, originating retrieval, generation, dense fence, graph and disk work; not total cost","schema_version":1,"source_records_sql":{"fullscan_steps":0,"rows":10,"sorts":0,"statements":9,"vm_steps":292}},"verified_hits":2}},"intent":"locate","invalidations":[],"machine_pack":{"hits":[{"breadcrumb":"needle","chunk_id":"chunk:needle.py:0","end_line":2,"file_path":"needle.py","fused_score":0.08989441930618403,"graph_score":0.07931471805599452,"grep_score":0.5,"lane":null,"language":"python","lexical_score":1.0,"metadata":{"details_omitted":true,"document":{"doc_key":"29b2fa88c6d6c8741c47ad873ba80a25c628b882a28ea3cfaa7fcc69e6982938","doc_version":"9ba68969fd43b00f97a9fade36d3cd19b8f57a4b7c6dffacb8c050c2e9b29f62","encoding_key":"78fc8c83484a6639e37e832f30a8eb8310c8ad26eada3a4ec3d936c1f152fede","entity_key":"16a369932cc2a7589f395b34b3b8def8bbad6a04e00672428487964152c26486"},"qname":"needle","source_evidence":{"boundary":"symbol","owner":{"end":28,"start":0},"signature":{"end":18,"start":0},"slice_digest":"c748e325d98b5f174763b313c05ece587900d99690eedbce11f75639788c6b8b","source":{"byte_len":66,"content_digest":"bdb975ad92107a0524d6a7c217816cd1e50bb1d97a36ef892318fbe837bf8857","encoding":"utf8","snapshot_id":"735799399424072b1b6cc95488ff63f55c094da4b32573a4555bf731c014f141"},"span":{"end":28,"start":0}},"source_freshness":{"disk_checked":true,"hydrator":"current-document-scope-source-generation-v1","status":"current_verified"}},"reasons":["exact-target","exact_symbol@1","path@1","lexical@1","grep@2","symbol-exact","fts-summary","path-token:needle","symbol:needle","preselect:fts-summary:+1.40","preselect:token-search:+3.00"],"rerank_score":0.8196888975800265,"score_trace":[["rrf:exact_symbol",0.021568627450980395],["rrf:path",0.0196078431372549],["rrf:lexical",0.021568627450980395],["rrf:grep",0.015384615384615385],["rrf:graph",0.011764705882352941],["overlap",0.35],["boost:symbol-exact",0.18],["boost:stage-a",0.17600006285704412],["boost:graph-rerank",0.023794415416798356]],"source":"index","start_line":1,"symbol_kind":"function","symbol_name":"needle","text":"def needle():\n    return 731"},{"breadcrumb":"neighbor","chunk_id":"chunk:needle.py:1","end_line":5,"file_path":"needle.py","fused_score":0.048378582202111615,"graph_score":0.06931471805599453,"grep_score":1.0,"lane":null,"language":"python","lexical_score":0.5,"metadata":{"details_omitted":true,"document":{"doc_key":"3fd56c438273f4e97d76268fc1e74f7bccba6b16d9f0ef414ca67b0829003e65","doc_version":"09f385ca69393d6173161facbcb1551167f9785fcdd2ccc650f1c531bc0259ed","encoding_key":"02118b2a2349b99c9efe9684d529683cd659e52f1e28e19c864bc915175c7693","entity_key":"f8d3da2a91268bb9b93e59ca9b06d751804a9221f3d218b5a8798fab2dc8e40d"},"qname":"neighbor","source_evidence":{"boundary":"symbol","owner":{"end":65,"start":30},"signature":{"end":50,"start":30},"slice_digest":"dec7813dc4d5e300de152b45e0cb2a89c688f0a75f1501c57aa7eb68130081dd","source":{"byte_len":66,"content_digest":"bdb975ad92107a0524d6a7c217816cd1e50bb1d97a36ef892318fbe837bf8857","encoding":"utf8","snapshot_id":"735799399424072b1b6cc95488ff63f55c094da4b32573a4555bf731c014f141"},"span":{"end":66,"start":28}},"source_freshness":{"disk_checked":true,"hydrator":"current-document-scope-source-generation-v1","status":"current_verified"}},"reasons":["lexical@2","grep@1","fts-summary","path-token:needle","symbol:needle","preselect:fts-summary:+1.40","preselect:token-search:+3.00"],"rerank_score":0.5951730604759541,"score_trace":[["rrf:lexical",0.021153846153846155],["rrf:grep",0.01568627450980392],["rrf:graph",0.011538461538461537],["overlap",0.35],["boost:stage-a",0.17600006285704412],["boost:graph-rerank",0.020794415416798356]],"source":"index","start_line":2,"symbol_kind":"function","symbol_name":"neighbor","text":"\n\ndef neighbor():\n    return needle()\n"}],"kind":"code_index_context","query":"needle","repo_size_tier":"Tiny","token_budget":4000,"top_k":10},"nodes":[{"backing_file_path":"needle.py","backing_source":null,"confidence":0.8,"depends_on":[],"end_line":2,"file_path":"needle.py","freshness":null,"invalidation_keys":[],"metadata":{"representation":"machine_hit_reference"},"node_id":"search:chunk:needle.py:0","node_type":"SEARCH_HIT","rank_explanation":null,"reasons":[],"relation":null,"role":"primary","score":0.8196888975800265,"source":"index","source_end_line":2,"source_start_line":1,"span_kind":"reference","start_line":1,"text":"","title":"needle.py needle:1-2","token_estimate":0},{"backing_file_path":"needle.py","backing_source":null,"confidence":0.8,"depends_on":[],"end_line":5,"file_path":"needle.py","freshness":null,"invalidation_keys":[],"metadata":{"representation":"machine_hit_reference"},"node_id":"search:chunk:needle.py:1","node_type":"SEARCH_HIT","rank_explanation":null,"reasons":[],"relation":null,"role":"primary","score":0.5951730604759541,"source":"index","source_end_line":5,"source_start_line":2,"span_kind":"reference","start_line":2,"text":"","title":"needle.py neighbor:2-5","token_estimate":0},{"backing_file_path":null,"backing_source":null,"confidence":1.0,"depends_on":[],"end_line":null,"file_path":"needle.py","freshness":null,"invalidation_keys":[],"metadata":null,"node_id":"graph:caller:uid:ed8e61924345e59a924de3bf","node_type":"CALL_EDGE","rank_explanation":null,"reasons":[],"relation":null,"role":"neighbor","score":0.0,"source":"graph","source_end_line":null,"source_start_line":null,"span_kind":null,"start_line":5,"text":"caller: neighbor → needle (needle.py:5)","title":"Caller: neighbor","token_estimate":10},{"backing_file_path":null,"backing_source":null,"confidence":1.0,"depends_on":[],"end_line":null,"file_path":"needle.py","freshness":null,"invalidation_keys":[],"metadata":null,"node_id":"graph:callee:uid:3732066f97516c2c2f8efb6e","node_type":"CALL_EDGE","rank_explanation":null,"reasons":[],"relation":null,"role":"neighbor","score":0.0,"source":"graph","source_end_line":null,"source_start_line":null,"span_kind":null,"start_line":5,"text":"callee: neighbor → needle (needle.py:5)","title":"Callee: needle","token_estimate":10}],"query":"needle","reasons":["hybrid search over code index","graph-enriched"],"rendered_prompt":"Complete source is in machine_pack.hits; references have no source body.","resolution_freshness":{"basis_epoch":null,"complete":true,"completed_files":0,"index_epoch":5,"reason":null,"retry":null,"root_count":0,"scope":"observed_resolution_invalidations","status":"ready"},"revision":0,"spans":[{"end_line":2,"file_path":"needle.py","label":"needle","node_id":"search:chunk:needle.py:0","start_line":1},{"end_line":5,"file_path":"needle.py","label":"neighbor","node_id":"search:chunk:needle.py:1","start_line":2}],"summary":"Found 2 indexed code result(s) across 1 file(s) for `needle`.","task":"needle","token_budget":4000,"token_estimate":3135},"tool":"context"}
[2m2026-10-08T04:58:22.257663Z[0m [32m INFO[0m [2mcc_db::index_migrate[0m[2m:[0m initializing index schema [3mversion[0m[2m=[0m25
V18_JSON {"args":{"retrieval_strategy":"local","task":"needle"},"result":{"evidence_summary":{"files":["needle.py"],"graph_enrichment":{"callees_added":1,"callers_added":1,"symbols_resolved":2,"tests_found":0},"packing":{"compacted":true,"configured_max_bytes":18000,"continuation":"Use files region/expand on retained references; recheck source version.","limit_bytes":16000,"omitted_hits":0,"omitted_nodes":0,"original_hits":2,"original_nodes":4,"partial":false,"spec":"whole-json-intent-facets-source-support-before-incidental-v5","token_estimate_method":"ceil(serialized_utf8_bytes/4); not a tokenizer","used_bytes":12534},"retrieval":{"cost":{"coverage":"originating_work; full scope: retrieval-cost schema v1","fused_candidates":2,"hydrate_requested":2,"hydration":{"sql":{"fullscan_steps":0,"rows":10,"sorts":0,"statements":9,"vm_steps":386},"text":{"cache_hits":2,"legacy_auto_reads":0,"storage_reads":0,"utf8_bytes":66,"zstd_decodes":0}},"lane_candidates":{"exact_symbol":1,"graph":2,"grep":2,"lexical":2,"path":1},"lexical_sql":{"fullscan_steps":0,"rows":2,"sorts":1,"statements":1,"vm_steps":59},"schema_version":1},"grep":{"fallback_scanned":0,"prefilter_failed":false,"prefilter_scanned":0,"reason":null,"scan_cap":20000,"scanned":2,"skipped_duplicates":4,"soft_scanned":2,"stages":[{"stage":"soft","work":{"sql":{"fullscan_steps":0,"rows":2,"sorts":0,"statements":1,"vm_steps":29},"text":{"cache_hits":0,"legacy_auto_reads":0,"storage_reads":2,"utf8_bytes":66,"zstd_decodes":0}}},{"stage":"prefilter","work":{"sql":{"fullscan_steps":0,"rows":2,"sorts":1,"statements":1,"vm_steps":58},"text":{"cache_hits":0,"legacy_auto_reads":0,"storage_reads":0,"utf8_bytes":0,"zstd_decodes":0}}},{"stage":"fallback","work":{"sql":{"fullscan_steps":1,"rows":2,"sorts":0,"statements":1,"vm_steps":23},"text":{"cache_hits":0,"legacy_auto_reads":0,"storage_reads":0,"utf8_bytes":0,"zstd_decodes":0}}}],"status":"complete"},"lane_receipts":[{"candidate_count":1,"candidate_details_omitted":true,"coverage":{"complete":true,"examined":null,"scope":"hard_scope","total_lower_bound":1},"elapsed_us":318,"lane_id":"exact_symbol","schema_version":1,"status":"complete","truncation_reason":null,"weight":1.1},{"candidate_count":1,"candidate_details_omitted":true,"coverage":{"complete":true,"examined":null,"scope":"hard_scope","total_lower_bound":1},"elapsed_us":282,"lane_id":"path","schema_version":1,"status":"complete","truncation_reason":null,"weight":1.0},{"candidate_count":2,"candidate_details_omitted":true,"coverage":{"complete":true,"examined":null,"scope":"hard_scope","total_lower_bound":2},"elapsed_us":154,"lane_id":"lexical","schema_version":1,"status":"complete","truncation_reason":null,"weight":1.1},{"candidate_count":2,"candidate_details_omitted":true,"coverage":{"complete":true,"examined":2,"scope":"hard_scope","total_lower_bound":2},"elapsed_us":3385,"lane_id":"grep","schema_version":1,"status":"complete","truncation_reason":null,"weight":0.8},{"candidate_count":2,"candidate_details_omitted":true,"coverage":{"complete":true,"examined":null,"scope":"hard_scope","total_lower_bound":2},"elapsed_us":1291,"lane_id":"graph","schema_version":1,"status":"complete","truncation_reason":null,"weight":0.6}],"policy":{"deadline_ms":30000,"details_omitted":true,"effective":"local","graph_source_mapping":"uid_byte_decl_docs;not_whole_body:v2","intent":"locate","lane_timeout_ms":20000,"path_source_domain":"canonical_scoped_exact_else_bounded_tokens;not_whole_body:v3","requested":"local","semantic_state":"disabled","semantic_timeout_ms":5000,"semantic_top_k":24,"version":"query-policy-local-semantic-canonical-path-domain-v4"},"scope":{"budget":{"exact_symbol_candidates":24,"grep_candidates":12,"grep_enabled":true,"grep_scan_cap":20000,"lexical_candidates":24,"path_candidates":24,"rerank_window":40,"top_k":10,"units":"chunks; grep_scan_cap=decompressions; scope_receipt_v1; not_total_cost"},"details_omitted":true,"hard":{"empty":false,"explicit_file_count":null,"languages":null,"path_prefix":null,"path_prefix_truncated":false,"semantics":"conjunctive_case_sensitive_repo_paths; explicit_empty_denies"},"ordering":["exact_identity_first","rerank_score_desc","chunk_id_asc"],"policy":"canonical-scoped-exact-path-domain-compact-context-budget-v22","schema_version":1,"soft":{"contributions":"score_trace=additive; stage_a_already_included; raw_hint_paths_omitted","hint_entries":{"overlay":0,"pinned":0,"recent":0,"working":0},"preselected_count":1,"role":"ranking_and_scan_priority_only"}}},"search_hits":2,"selection":{"facets":{"implementation":2},"input_candidates":2,"intent":"locate","intent_facet_anchors":{},"limit_omitted":0,"original_ranks":[1,2],"overlap":{"fully_covered_candidates":0,"input_bytes":66,"redundant_bytes":0,"unique_bytes":66},"requested_limit":10,"selected":2,"selected_overlap":{"fully_covered_candidates":0,"input_bytes":66,"redundant_bytes":0,"unique_bytes":66},"source_covered_omissions":0,"source_support_anchors":[],"source_support_scope":"cue_window:v1","spec":"anchored-facets-distinctive-source-union-v2","unmet_facets":[]},"source_freshness":{"budget_exhausted":false,"checked_files":1,"dense_manifest_fence":{"checked":0,"skip_disposition":"stale_publication_skipped","skipped":0},"generation":{"evidence_epoch":1,"incarnation":[110,86,44,4,134,64,55,113,119,115,202,240,97,44,84,135],"index_epoch":5,"semantic_epoch":null},"hydrator":"current-document-scope-source-generation-v1","omitted_files":{},"partial":false,"read_budget_charged":66,"scope":"disk_generation:v1","validation_work":{"candidate_projection_sql":{"fullscan_steps":0,"rows":2,"sorts":0,"statements":1,"vm_steps":76},"coverage":"current final-assembly attempt SELECTs for manifest, symbol identity and candidate projection; excludes prior attempts, transaction control, originating retrieval, generation, dense fence, graph and disk work; not total cost","schema_version":1,"source_records_sql":{"fullscan_steps":0,"rows":10,"sorts":0,"statements":9,"vm_steps":292}},"verified_hits":2}},"intent":"locate","invalidations":[],"machine_pack":{"hits":[{"breadcrumb":"needle","chunk_id":"chunk:needle.py:0","end_line":2,"file_path":"needle.py","fused_score":0.08989441930618403,"graph_score":0.07931471805599452,"grep_score":0.5,"lane":null,"language":"python","lexical_score":1.0,"metadata":{"details_omitted":true,"document":{"doc_key":"29b2fa88c6d6c8741c47ad873ba80a25c628b882a28ea3cfaa7fcc69e6982938","doc_version":"9ba68969fd43b00f97a9fade36d3cd19b8f57a4b7c6dffacb8c050c2e9b29f62","encoding_key":"78fc8c83484a6639e37e832f30a8eb8310c8ad26eada3a4ec3d936c1f152fede","entity_key":"16a369932cc2a7589f395b34b3b8def8bbad6a04e00672428487964152c26486"},"qname":"needle","source_evidence":{"boundary":"symbol","owner":{"end":28,"start":0},"signature":{"end":18,"start":0},"slice_digest":"c748e325d98b5f174763b313c05ece587900d99690eedbce11f75639788c6b8b","source":{"byte_len":66,"content_digest":"bdb975ad92107a0524d6a7c217816cd1e50bb1d97a36ef892318fbe837bf8857","encoding":"utf8","snapshot_id":"735799399424072b1b6cc95488ff63f55c094da4b32573a4555bf731c014f141"},"span":{"end":28,"start":0}},"source_freshness":{"disk_checked":true,"hydrator":"current-document-scope-source-generation-v1","status":"current_verified"}},"reasons":["exact-target","exact_symbol@1","path@1","lexical@1","grep@2","symbol-exact","fts-summary","path-token:needle","symbol:needle","preselect:fts-summary:+1.40","preselect:token-search:+3.00"],"rerank_score":0.8196888975800265,"score_trace":[["rrf:exact_symbol",0.021568627450980395],["rrf:path",0.0196078431372549],["rrf:lexical",0.021568627450980395],["rrf:grep",0.015384615384615385],["rrf:graph",0.011764705882352941],["overlap",0.35],["boost:symbol-exact",0.18],["boost:stage-a",0.17600006285704412],["boost:graph-rerank",0.023794415416798356]],"source":"index","start_line":1,"symbol_kind":"function","symbol_name":"needle","text":"def needle():\n    return 731"},{"breadcrumb":"neighbor","chunk_id":"chunk:needle.py:1","end_line":5,"file_path":"needle.py","fused_score":0.048378582202111615,"graph_score":0.06931471805599453,"grep_score":1.0,"lane":null,"language":"python","lexical_score":0.5,"metadata":{"details_omitted":true,"document":{"doc_key":"3fd56c438273f4e97d76268fc1e74f7bccba6b16d9f0ef414ca67b0829003e65","doc_version":"09f385ca69393d6173161facbcb1551167f9785fcdd2ccc650f1c531bc0259ed","encoding_key":"02118b2a2349b99c9efe9684d529683cd659e52f1e28e19c864bc915175c7693","entity_key":"f8d3da2a91268bb9b93e59ca9b06d751804a9221f3d218b5a8798fab2dc8e40d"},"qname":"neighbor","source_evidence":{"boundary":"symbol","owner":{"end":65,"start":30},"signature":{"end":50,"start":30},"slice_digest":"dec7813dc4d5e300de152b45e0cb2a89c688f0a75f1501c57aa7eb68130081dd","source":{"byte_len":66,"content_digest":"bdb975ad92107a0524d6a7c217816cd1e50bb1d97a36ef892318fbe837bf8857","encoding":"utf8","snapshot_id":"735799399424072b1b6cc95488ff63f55c094da4b32573a4555bf731c014f141"},"span":{"end":66,"start":28}},"source_freshness":{"disk_checked":true,"hydrator":"current-document-scope-source-generation-v1","status":"current_verified"}},"reasons":["lexical@2","grep@1","fts-summary","path-token:needle","symbol:needle","preselect:fts-summary:+1.40","preselect:token-search:+3.00"],"rerank_score":0.5951730604759541,"score_trace":[["rrf:lexical",0.021153846153846155],["rrf:grep",0.01568627450980392],["rrf:graph",0.011538461538461537],["overlap",0.35],["boost:stage-a",0.17600006285704412],["boost:graph-rerank",0.020794415416798356]],"source":"index","start_line":2,"symbol_kind":"function","symbol_name":"neighbor","text":"\n\ndef neighbor():\n    return needle()\n"}],"kind":"code_index_context","query":"needle","repo_size_tier":"Tiny","token_budget":4000,"top_k":10},"nodes":[{"backing_file_path":"needle.py","backing_source":null,"confidence":0.8,"depends_on":[],"end_line":2,"file_path":"needle.py","freshness":null,"invalidation_keys":[],"metadata":{"representation":"machine_hit_reference"},"node_id":"search:chunk:needle.py:0","node_type":"SEARCH_HIT","rank_explanation":null,"reasons":[],"relation":null,"role":"primary","score":0.8196888975800265,"source":"index","source_end_line":2,"source_start_line":1,"span_kind":"reference","start_line":1,"text":"","title":"needle.py needle:1-2","token_estimate":0},{"backing_file_path":"needle.py","backing_source":null,"confidence":0.8,"depends_on":[],"end_line":5,"file_path":"needle.py","freshness":null,"invalidation_keys":[],"metadata":{"representation":"machine_hit_reference"},"node_id":"search:chunk:needle.py:1","node_type":"SEARCH_HIT","rank_explanation":null,"reasons":[],"relation":null,"role":"primary","score":0.5951730604759541,"source":"index","source_end_line":5,"source_start_line":2,"span_kind":"reference","start_line":2,"text":"","title":"needle.py neighbor:2-5","token_estimate":0},{"backing_file_path":null,"backing_source":null,"confidence":1.0,"depends_on":[],"end_line":null,"file_path":"needle.py","freshness":null,"invalidation_keys":[],"metadata":null,"node_id":"graph:caller:uid:ed8e61924345e59a924de3bf","node_type":"CALL_EDGE","rank_explanation":null,"reasons":[],"relation":null,"role":"neighbor","score":0.0,"source":"graph","source_end_line":null,"source_start_line":null,"span_kind":null,"start_line":5,"text":"caller: neighbor → needle (needle.py:5)","title":"Caller: neighbor","token_estimate":10},{"backing_file_path":null,"backing_source":null,"confidence":1.0,"depends_on":[],"end_line":null,"file_path":"needle.py","freshness":null,"invalidation_keys":[],"metadata":null,"node_id":"graph:callee:uid:3732066f97516c2c2f8efb6e","node_type":"CALL_EDGE","rank_explanation":null,"reasons":[],"relation":null,"role":"neighbor","score":0.0,"source":"graph","source_end_line":null,"source_start_line":null,"span_kind":null,"start_line":5,"text":"callee: neighbor → needle (needle.py:5)","title":"Callee: needle","token_estimate":10}],"query":"needle","reasons":["hybrid search over code index","graph-enriched"],"rendered_prompt":"Complete source is in machine_pack.hits; references have no source body.","resolution_freshness":{"basis_epoch":null,"complete":true,"completed_files":0,"index_epoch":5,"reason":null,"retry":null,"root_count":0,"scope":"observed_resolution_invalidations","status":"ready"},"revision":0,"spans":[{"end_line":2,"file_path":"needle.py","label":"needle","node_id":"search:chunk:needle.py:0","start_line":1},{"end_line":5,"file_path":"needle.py","label":"neighbor","node_id":"search:chunk:needle.py:1","start_line":2}],"summary":"Found 2 indexed code result(s) across 1 file(s) for `needle`.","task":"needle","token_budget":4000,"token_estimate":3134},"tool":"context"}
V18_JSON {"args":{"aspect":"capabilities"},"result":{"capabilities":{"graph":true,"impact":true,"search":true},"has_index":true,"has_project":true,"indexed_files":1,"indexed_symbols":2,"resolution_freshness":{"basis_epoch":null,"complete":true,"completed_files":0,"index_epoch":5,"reason":null,"retry":null,"root_count":0,"scope":"observed_resolution_invalidations","status":"ready"},"retrieval":{"consistency":"point_in_time","default_effective_strategy":"local","default_query_state":"available_with_per_query_checks","default_strategy":"auto","dense_reason":"provider_and_vector_publication_not_implemented","dense_state":"disabled","diagnostic_sources":{"build":"BuildExplain on index response","graph":"GraphExplain on query response","lanes":"evidence_summary.retrieval.lanes or lane_receipts","packing":"evidence_summary.packing","selection":"evidence_summary.selection","semantic":"evidence_summary.retrieval.semantic (dense lane receipt projection)","source":"evidence_summary.source_freshness"},"execution":{"async_admitted":0,"async_in_flight":0,"async_limit":8,"completed":40,"cpu_admitted":0,"cpu_in_flight":0,"cpu_limit":4,"queue_limit":32,"rejected":0},"execution_scope":"process_shared_not_project_local","generation":{"evidence_epoch":1,"incarnation":[110,86,44,4,134,64,55,113,119,115,202,240,97,44,84,135],"index_epoch":5,"semantic_epoch":null},"generation_scope":"observed_database_snapshot","identity_validation":"checked_at_observation_boundary","index_state":"available","local_state":"available","pin_scope":"owned_query_views_including_inflight_clones_not_request_count","query_coverage":{"scope":"per_query_not_global","state":"not_measured"},"query_encoding":{"configured_opt_in":false,"network_authorized":false,"reason":"semantic_disabled","request_scope":"nonlocal_nonempty_only"},"query_pins":0,"resolution_freshness":{"basis_epoch":null,"complete":true,"completed_files":0,"index_epoch":5,"reason":null,"retry":null,"root_count":0,"scope":"observed_resolution_invalidations","status":"ready"},"semantic_active_space":null,"semantic_state":"not_configured","service_state_scope":"process_observed_separately","spec":"retrieval-capabilities-v2"}},"tool":"status"}
[2m2026-10-08T04:58:22.271161Z[0m [32m INFO[0m [1mserve_inner[0m[2m:[0m [2mrmcp::service[0m[2m:[0m input stream terminated
[2m2026-10-08T04:58:22.271297Z[0m [32m INFO[0m [1mserve_inner[0m[2m:[0m [2mrmcp::service[0m[2m:[0m serve finished [3mquit_reason[0m[2m=[0mClosed
[2m2026-10-08T04:58:22.273760Z[0m [32m INFO[0m [2mcc_server::mcp[0m[2m:[0m MCP server shut down gracefully
[2m2026-10-08T04:58:22.275280Z[0m [32m INFO[0m [2mcc_db::index_db_rebuild[0m[2m:[0m full rebuild: creating temp database [3mtmp[0m[2m=[0m/tmp/.tmpZKkurG/project/.codecortex/index.sqlite3.tmp
[2m2026-10-08T04:58:22.276189Z[0m [32m INFO[0m [2mcc_db::index_db_rebuild[0m[2m:[0m full rebuild: writing data to temp database
[2m2026-10-08T04:58:22.279870Z[0m [32m INFO[0m [2mcc_db::index_db_rebuild[0m[2m:[0m full rebuild: recreating indexes
test omitted_null_and_explicit_overrides_inherit_project_strategy_through_queries ... ok
[2m2026-10-08T04:58:22.285211Z[0m [32m INFO[0m [1mserve_inner[0m[2m:[0m [2mrmcp::service[0m[2m:[0m Service initialized as server [3mpeer_info[0m[2m=[0mSome(InitializeRequestParams { meta: None, protocol_version: ProtocolVersion("2025-11-25"), capabilities: ClientCapabilities { experimental: None, extensions: None, roots: None, sampling: None, elicitation: None, tasks: None }, client_info: Implementation { name: "rmcp", title: None, version: "2.2.0", description: None, icons: None, website_url: None } })
[2m2026-10-08T04:58:22.285287Z[0m [32m INFO[0m [2mcc_server::mcp[0m[2m:[0m MCP server started on stdio
[2m2026-10-08T04:58:22.285521Z[0m [32m INFO[0m [1mserve_inner[0m[2m:[0m [2mrmcp::service[0m[2m:[0m received notification [3mnotification[0m[2m=[0mInitializedNotification(NotificationNoParam { method: InitializedNotificationMethod, extensions: Extensions })
[2m2026-10-08T04:58:22.285620Z[0m [32m INFO[0m [1mserve_inner[0m[2m:[0m [2mrmcp::handler::server[0m[2m:[0m client initialized
[2m2026-10-08T04:58:22.286506Z[0m [32m INFO[0m [2mcc_index::memory_budget[0m[2m:[0m memory budget initialized [3mtotal_ram_mb[0m[2m=[0m15989 [3mbudget_mb[0m[2m=[0m7994 [3mfraction[0m[2m=[0m0.5
[2m2026-10-08T04:58:22.304751Z[0m [32m INFO[0m [2mcc_db::index_db_rebuild[0m[2m:[0m full rebuild: temp database ready for swap
[2m2026-10-08T04:58:22.304949Z[0m [32m INFO[0m [2mcc_index::memory_budget[0m[2m:[0m memory budget initialized [3mtotal_ram_mb[0m[2m=[0m15989 [3mbudget_mb[0m[2m=[0m7994 [3mfraction[0m[2m=[0m0.5
[2m2026-10-08T04:58:22.315623Z[0m [32m INFO[0m [2mcc_db::index_db_rebuild[0m[2m:[0m full rebuild: creating temp database [3mtmp[0m[2m=[0m/tmp/.tmpu694QB/project/.codecortex/index.sqlite3.tmp
[2m2026-10-08T04:58:22.474954Z[0m [32m INFO[0m [2mcc_index::memory_budget[0m[2m:[0m memory budget initialized [3mtotal_ram_mb[0m[2m=[0m15989 [3mbudget_mb[0m[2m=[0m7994 [3mfraction[0m[2m=[0m0.5
[2m2026-10-08T04:58:22.479664Z[0m [32m INFO[0m [2mcc_index::memory_budget[0m[2m:[0m memory budget initialized [3mtotal_ram_mb[0m[2m=[0m15989 [3mbudget_mb[0m[2m=[0m7994 [3mfraction[0m[2m=[0m0.5
V18_JSON {"args":{"full":true,"path":"/tmp/.tmpH8t9ec/project"},"result":{"build_explain":{"gate_decisions":[{"pass":"synthesis_round","reason":"both signatures changed","run":true},{"pass":"community","reason":"full rebuild","run":true},{"pass":"git_cochange","reason":"cache key unavailable","run":true},{"pass":"infra","reason":"signature algorithm changed","run":true},{"pass":"adr","reason":"no recorded signature","run":true}]},"chunk_policy":{"bytes":16384,"chars":16384,"estimated_tokens":4096,"lines":80,"merge_min_bytes":256},"chunks_total":2,"dirty_plan":{"dependency_sql":{"fullscan_steps":0,"rows":0,"sorts":0,"statements":0,"vm_steps":0},"file_budget":0,"parsed_files":1,"reasons":[],"rebased":false,"resumed":false,"selected_dependents":0},"document_changes":{"files_projected":1,"removed":0,"render_failed":0,"reusable_inputs":0,"unchanged":0,"upserted":2},"elapsed_ms":383,"files_added":1,"files_parsed":1,"files_removed":0,"files_scanned":1,"files_skipped":0,"files_updated":0,"parse_errors":[],"phase_timing":{"analysis_ms":3,"parse_ms":32,"postprocess_ms":1,"resolve_ms":0,"scan_diff_ms":4,"write_ms":169},"project_model":{"catalog_files":1,"changed_configs":[],"config_inputs":0,"config_parse_cache_hits":0,"config_reads":0,"config_root_probes":5,"config_roots":0,"diagnostics":[],"go_fact_cache_hits":0,"go_source_reads":0,"input_digest":"6608a5a5cd33639a82b1be8d943f3148241d6520b8e0d9930909feaaf0ec5b8c","inventory_source":"shared_walk","modes":[],"rust_fact_cache_hits":0,"rust_source_reads":0,"version":3},"public_surface_coverage":{"known":1,"known_empty":0,"parsed_files":1,"unknown":0,"unknown_reasons":{}},"resolution_coverage":{"ambiguous":0,"incomplete_files":0,"modules_ambiguous":0,"modules_external":0,"modules_resolved":0,"modules_unknown":0,"modules_unresolved":0,"modules_unsupported":0,"omitted_records":0,"packages_resolved":0,"processed_files":1,"resolved":2,"unresolved":0,"unsupported":0},"resolution_freshness":{"basis_epoch":null,"complete":true,"completed_files":0,"index_epoch":5,"reason":null,"retry":null,"root_count":0,"scope":"observed_resolution_invalidations","status":"ready"},"symbols_total":2,"used_parallel_parse":false},"tool":"index"}
V18_JSON {"args":{"allow_query_network":true,"query":"v18_query_bypass_search","retrieval_strategy":"auto"},"content":[{"text":"failed to deserialize parameters: unknown field `allow_query_network`, expected one of `query`, `retrieval_strategy`, `mode`, `top_k`, `intent`, `exact`, `boost_files`, `recent_files`, `pinned_files`, `conversation_queries`, `overlay_files`, `file_preselect_limit`, `path_prefix`, `project_path`","type":"text"}],"is_error":true,"tool":"search"}
V18_JSON {"args":{"allow_query_network":true,"retrieval_strategy":"auto","task":"v18_query_bypass_context"},"content":[{"text":"failed to deserialize parameters: unknown field `allow_query_network`, expected one of `task`, `retrieval_strategy`, `max_symbols`, `include_source`, `intent`, `project_path`","type":"text"}],"is_error":true,"tool":"context"}
V18_JSON {"args":{"aspect":"capabilities"},"result":{"capabilities":{"graph":true,"impact":true,"search":true},"has_index":true,"has_project":true,"indexed_files":1,"indexed_symbols":2,"resolution_freshness":{"basis_epoch":null,"complete":true,"completed_files":0,"index_epoch":5,"reason":null,"retry":null,"root_count":0,"scope":"observed_resolution_invalidations","status":"ready"},"retrieval":{"consistency":"point_in_time","default_effective_strategy":"local","default_query_state":"available_with_per_query_checks","default_strategy":"auto","dense_reason":"provider_and_vector_publication_not_implemented","dense_state":"disabled","diagnostic_sources":{"build":"BuildExplain on index response","graph":"GraphExplain on query response","lanes":"evidence_summary.retrieval.lanes or lane_receipts","packing":"evidence_summary.packing","selection":"evidence_summary.selection","semantic":"evidence_summary.retrieval.semantic (dense lane receipt projection)","source":"evidence_summary.source_freshness"},"execution":{"async_admitted":0,"async_in_flight":0,"async_limit":8,"completed":0,"cpu_admitted":0,"cpu_in_flight":0,"cpu_limit":4,"queue_limit":32,"rejected":0},"execution_scope":"process_shared_not_project_local","generation":{"evidence_epoch":1,"incarnation":[159,161,237,87,221,25,19,212,57,112,33,46,121,184,123,62],"index_epoch":5,"semantic_epoch":null},"generation_scope":"observed_database_snapshot","identity_validation":"checked_at_observation_boundary","index_state":"available","local_state":"available","pin_scope":"owned_query_views_including_inflight_clones_not_request_count","query_coverage":{"scope":"per_query_not_global","state":"not_measured"},"query_encoding":{"configured_opt_in":false,"network_authorized":false,"reason":"query_network_opt_in_required","request_scope":"nonlocal_nonempty_only"},"query_pins":0,"resolution_freshness":{"basis_epoch":null,"complete":true,"completed_files":0,"index_epoch":5,"reason":null,"retry":null,"root_count":0,"scope":"observed_resolution_invalidations","status":"ready"},"semantic_active_space":null,"semantic_state":"not_configured","service_state_scope":"process_observed_separately","spec":"retrieval-capabilities-v2"}},"tool":"status"}
V18_JSON {"document_http_calls":0,"only_loopback":true,"query_http_calls":0,"real_credentials":false,"requests":[],"synthetic_vectors":true}
[2m2026-10-08T04:58:22.486976Z[0m [32m INFO[0m [1mserve_inner[0m[2m:[0m [2mrmcp::service[0m[2m:[0m input stream terminated
[2m2026-10-08T04:58:22.487127Z[0m [32m INFO[0m [1mserve_inner[0m[2m:[0m [2mrmcp::service[0m[2m:[0m serve finished [3mquit_reason[0m[2m=[0mClosed
[2m2026-10-08T04:58:22.487334Z[0m [32m INFO[0m [2mcc_server::mcp[0m[2m:[0m MCP server shut down gracefully
test query_network_contract::mcp_input_cannot_enable_or_bypass_configuration_authority ... ok
[2m2026-10-08T04:58:22.511183Z[0m [32m INFO[0m [2mcc_db::index_db_rebuild[0m[2m:[0m full rebuild: writing data to temp database
[2m2026-10-08T04:58:22.514626Z[0m [32m INFO[0m [2mcc_db::index_db_rebuild[0m[2m:[0m full rebuild: recreating indexes
[2m2026-10-08T04:58:22.527381Z[0m [32m INFO[0m [2mcc_db::index_db_rebuild[0m[2m:[0m full rebuild: writing data to temp database
[2m2026-10-08T04:58:22.529892Z[0m [32m INFO[0m [2mcc_db::index_db_rebuild[0m[2m:[0m full rebuild: recreating indexes
[2m2026-10-08T04:58:22.535416Z[0m [32m INFO[0m [2mcc_db::index_db_rebuild[0m[2m:[0m full rebuild: temp database ready for swap
[2m2026-10-08T04:58:22.535609Z[0m [32m INFO[0m [2mcc_index::memory_budget[0m[2m:[0m memory budget initialized [3mtotal_ram_mb[0m[2m=[0m15989 [3mbudget_mb[0m[2m=[0m7994 [3mfraction[0m[2m=[0m0.5
[2m2026-10-08T04:58:22.559497Z[0m [32m INFO[0m [2mcc_db::index_db_rebuild[0m[2m:[0m full rebuild: temp database ready for swap
[2m2026-10-08T04:58:22.559694Z[0m [32m INFO[0m [2mcc_index::memory_budget[0m[2m:[0m memory budget initialized [3mtotal_ram_mb[0m[2m=[0m15989 [3mbudget_mb[0m[2m=[0m7994 [3mfraction[0m[2m=[0m0.5
[2m2026-10-08T04:58:22.569652Z[0m [32m INFO[0m [2mcc_index::memory_budget[0m[2m:[0m memory budget initialized [3mtotal_ram_mb[0m[2m=[0m15989 [3mbudget_mb[0m[2m=[0m7994 [3mfraction[0m[2m=[0m0.5
[2m2026-10-08T04:58:22.573667Z[0m [32m INFO[0m [2mcc_index::memory_budget[0m[2m:[0m memory budget initialized [3mtotal_ram_mb[0m[2m=[0m15989 [3mbudget_mb[0m[2m=[0m7994 [3mfraction[0m[2m=[0m0.5
V18_JSON {"args":{"full":true,"path":"/tmp/.tmpZKkurG/project"},"result":{"build_explain":{"gate_decisions":[{"pass":"synthesis_round","reason":"both signatures changed","run":true},{"pass":"community","reason":"full rebuild","run":true},{"pass":"git_cochange","reason":"cache key unavailable","run":true},{"pass":"infra","reason":"signature algorithm changed","run":true},{"pass":"adr","reason":"no recorded signature","run":true}]},"chunk_policy":{"bytes":16384,"chars":16384,"estimated_tokens":4096,"lines":80,"merge_min_bytes":256},"chunks_total":2,"dirty_plan":{"dependency_sql":{"fullscan_steps":0,"rows":0,"sorts":0,"statements":0,"vm_steps":0},"file_budget":0,"parsed_files":1,"reasons":[],"rebased":false,"resumed":false,"selected_dependents":0},"document_changes":{"files_projected":1,"removed":0,"render_failed":0,"reusable_inputs":0,"unchanged":0,"upserted":2},"elapsed_ms":342,"files_added":1,"files_parsed":1,"files_removed":0,"files_scanned":1,"files_skipped":0,"files_updated":0,"parse_errors":[],"phase_timing":{"analysis_ms":2,"parse_ms":36,"postprocess_ms":2,"resolve_ms":0,"scan_diff_ms":4,"write_ms":33},"project_model":{"catalog_files":1,"changed_configs":[],"config_inputs":0,"config_parse_cache_hits":0,"config_reads":0,"config_root_probes":5,"config_roots":0,"diagnostics":[],"go_fact_cache_hits":0,"go_source_reads":0,"input_digest":"6608a5a5cd33639a82b1be8d943f3148241d6520b8e0d9930909feaaf0ec5b8c","inventory_source":"shared_walk","modes":[],"rust_fact_cache_hits":0,"rust_source_reads":0,"version":3},"public_surface_coverage":{"known":1,"known_empty":0,"parsed_files":1,"unknown":0,"unknown_reasons":{}},"resolution_coverage":{"ambiguous":0,"incomplete_files":0,"modules_ambiguous":0,"modules_external":0,"modules_resolved":0,"modules_unknown":0,"modules_unresolved":0,"modules_unsupported":0,"omitted_records":0,"packages_resolved":0,"processed_files":1,"resolved":2,"unresolved":0,"unsupported":0},"resolution_freshness":{"basis_epoch":null,"complete":true,"completed_files":0,"index_epoch":5,"reason":null,"retry":null,"root_count":0,"scope":"observed_resolution_invalidations","status":"ready"},"symbols_total":2,"used_parallel_parse":false},"tool":"index"}
V18_JSON {"args":{"exact":true,"mode":"symbol","query":"needle","top_k":0},"result":[{"container":null,"end_line":2,"file_path":"needle.py","kind":"function","name":"needle","qname":"needle","signature":"def needle()","start_line":1,"symbol_id":"sym:f660a80f1a754bab","symbol_uid":"uid:3732066f97516c2c2f8efb6e"}],"tool":"search"}
[2m2026-10-08T04:58:22.580233Z[0m [32m INFO[0m [2mcc_index::memory_budget[0m[2m:[0m memory budget initialized [3mtotal_ram_mb[0m[2m=[0m15989 [3mbudget_mb[0m[2m=[0m7994 [3mfraction[0m[2m=[0m0.5
V18_JSON {"args":{"exact":true,"mode":"symbol","query":"needle","retrieval_strategy":null,"top_k":0},"result":[{"container":null,"end_line":2,"file_path":"needle.py","kind":"function","name":"needle","qname":"needle","signature":"def needle()","start_line":1,"symbol_id":"sym:f660a80f1a754bab","symbol_uid":"uid:3732066f97516c2c2f8efb6e"}],"tool":"search"}
V18_JSON {"args":{"exact":true,"mode":"symbol","query":"needle","retrieval_strategy":"local","top_k":0},"result":[{"container":null,"end_line":2,"file_path":"needle.py","kind":"function","name":"needle","qname":"needle","signature":"def needle()","start_line":1,"symbol_id":"sym:f660a80f1a754bab","symbol_uid":"uid:3732066f97516c2c2f8efb6e"}],"tool":"search"}
[2m2026-10-08T04:58:22.582183Z[0m [32m INFO[0m [1mserve_inner[0m[2m:[0m [2mrmcp::service[0m[2m:[0m input stream terminated
[2m2026-10-08T04:58:22.582241Z[0m [32m INFO[0m [1mserve_inner[0m[2m:[0m [2mrmcp::service[0m[2m:[0m serve finished [3mquit_reason[0m[2m=[0mClosed
[2m2026-10-08T04:58:22.582496Z[0m [32m INFO[0m [2mcc_server::mcp[0m[2m:[0m MCP server shut down gracefully
[2m2026-10-08T04:58:22.584199Z[0m [32m INFO[0m [2mcc_index::memory_budget[0m[2m:[0m memory budget initialized [3mtotal_ram_mb[0m[2m=[0m15989 [3mbudget_mb[0m[2m=[0m7994 [3mfraction[0m[2m=[0m0.5
V18_JSON {"args":{"full":true,"path":"/tmp/.tmpu694QB/project"},"result":{"build_explain":{"gate_decisions":[{"pass":"synthesis_round","reason":"both signatures changed","run":true},{"pass":"community","reason":"full rebuild","run":true},{"pass":"git_cochange","reason":"cache key unavailable","run":true},{"pass":"infra","reason":"signature algorithm changed","run":true},{"pass":"adr","reason":"no recorded signature","run":true}]},"chunk_policy":{"bytes":16384,"chars":16384,"estimated_tokens":4096,"lines":80,"merge_min_bytes":256},"chunks_total":2,"dirty_plan":{"dependency_sql":{"fullscan_steps":0,"rows":0,"sorts":0,"statements":0,"vm_steps":0},"file_budget":0,"parsed_files":1,"reasons":[],"rebased":false,"resumed":false,"selected_dependents":0},"document_changes":{"files_projected":1,"removed":0,"render_failed":0,"reusable_inputs":0,"unchanged":0,"upserted":2},"elapsed_ms":299,"files_added":1,"files_parsed":1,"files_removed":0,"files_scanned":1,"files_skipped":0,"files_updated":0,"parse_errors":[],"phase_timing":{"analysis_ms":2,"parse_ms":24,"postprocess_ms":2,"resolve_ms":0,"scan_diff_ms":3,"write_ms":20},"project_model":{"catalog_files":1,"changed_configs":[],"config_inputs":0,"config_parse_cache_hits":0,"config_reads":0,"config_root_probes":5,"config_roots":0,"diagnostics":[],"go_fact_cache_hits":0,"go_source_reads":0,"input_digest":"6608a5a5cd33639a82b1be8d943f3148241d6520b8e0d9930909feaaf0ec5b8c","inventory_source":"shared_walk","modes":[],"rust_fact_cache_hits":0,"rust_source_reads":0,"version":3},"public_surface_coverage":{"known":1,"known_empty":0,"parsed_files":1,"unknown":0,"unknown_reasons":{}},"resolution_coverage":{"ambiguous":0,"incomplete_files":0,"modules_ambiguous":0,"modules_external":0,"modules_resolved":0,"modules_unknown":0,"modules_unresolved":0,"modules_unsupported":0,"omitted_records":0,"packages_resolved":0,"processed_files":1,"resolved":2,"unresolved":0,"unsupported":0},"resolution_freshness":{"basis_epoch":null,"complete":true,"completed_files":0,"index_epoch":5,"reason":null,"retry":null,"root_count":0,"scope":"observed_resolution_invalidations","status":"ready"},"symbols_total":2,"used_parallel_parse":false},"tool":"index"}
test symbol_mode_preserves_legacy_array_and_sanitized_limits ... ok
V18_JSON {"args":{"aspect":"capabilities"},"result":{"capabilities":{"graph":true,"impact":true,"search":true},"has_index":true,"has_project":true,"indexed_files":1,"indexed_symbols":2,"resolution_freshness":{"basis_epoch":null,"complete":true,"completed_files":0,"index_epoch":5,"reason":null,"retry":null,"root_count":0,"scope":"observed_resolution_invalidations","status":"ready"},"retrieval":{"consistency":"point_in_time","default_effective_strategy":"local","default_query_state":"available_with_per_query_checks","default_strategy":"auto","dense_reason":"provider_and_vector_publication_not_implemented","dense_state":"disabled","diagnostic_sources":{"build":"BuildExplain on index response","graph":"GraphExplain on query response","lanes":"evidence_summary.retrieval.lanes or lane_receipts","packing":"evidence_summary.packing","selection":"evidence_summary.selection","semantic":"evidence_summary.retrieval.semantic (dense lane receipt projection)","source":"evidence_summary.source_freshness"},"execution":{"async_admitted":0,"async_in_flight":0,"async_limit":8,"completed":0,"cpu_admitted":0,"cpu_in_flight":0,"cpu_limit":4,"queue_limit":32,"rejected":0},"execution_scope":"process_shared_not_project_local","generation":{"evidence_epoch":1,"incarnation":[251,224,51,74,216,126,161,159,242,138,220,117,140,167,89,145],"index_epoch":5,"semantic_epoch":null},"generation_scope":"observed_database_snapshot","identity_validation":"checked_at_observation_boundary","index_state":"available","local_state":"available","pin_scope":"owned_query_views_including_inflight_clones_not_request_count","query_coverage":{"scope":"per_query_not_global","state":"not_measured"},"query_encoding":{"configured_opt_in":true,"network_authorized":false,"reason":"network_opt_in_required","request_scope":"nonlocal_nonempty_only"},"query_pins":0,"resolution_freshness":{"basis_epoch":null,"complete":true,"completed_files":0,"index_epoch":5,"reason":null,"retry":null,"root_count":0,"scope":"observed_resolution_invalidations","status":"ready"},"semantic_active_space":null,"semantic_state":"not_configured","service_state_scope":"process_observed_separately","spec":"retrieval-capabilities-v2"}},"tool":"status"}
V18_JSON {"args":{"query":"v18_query_gate_network_off_search","retrieval_strategy":"auto"},"result":{"evidence_summary":{"files":[],"graph_enrichment":{"callees_added":0,"callers_added":0,"symbols_resolved":0,"tests_found":0},"packing":{"compacted":false,"configured_max_bytes":18000,"continuation":"Use files region/expand on retained references; recheck source version.","limit_bytes":16000,"omitted_hits":0,"omitted_nodes":0,"original_hits":0,"original_nodes":0,"partial":false,"spec":"whole-json-intent-facets-source-support-before-incidental-v5","token_estimate_method":"ceil(serialized_utf8_bytes/4); not a tokenizer","used_bytes":7778},"retrieval":{"cost":{"coverage":"originating query work; lexical FTS and hydration SQL here; grep stage SQL in grep.stages; excludes preselection/exact lookup/graph SQL, FTS internal work and storage I/O; not total cost or a hard limit","fused_candidates":0,"hydrate_requested":0,"hydration":{"sql":{"fullscan_steps":0,"rows":0,"sorts":0,"statements":0,"vm_steps":0},"text":{"cache_hits":0,"legacy_auto_reads":0,"storage_reads":0,"utf8_bytes":0,"zstd_decodes":0}},"lane_candidates":{"exact_symbol":0,"graph":0,"grep":0,"lexical":0,"path":0},"lexical_sql":{"fullscan_steps":0,"rows":0,"sorts":1,"statements":1,"vm_steps":17},"schema_version":1},"grep":{"fallback_scanned":0,"prefilter_failed":false,"prefilter_scanned":0,"reason":null,"scan_cap":20000,"scanned":2,"skipped_duplicates":2,"soft_scanned":2,"stages":[{"stage":"soft","work":{"sql":{"fullscan_steps":0,"rows":2,"sorts":0,"statements":1,"vm_steps":29},"text":{"cache_hits":0,"legacy_auto_reads":0,"storage_reads":2,"utf8_bytes":66,"zstd_decodes":0}}},{"stage":"prefilter","work":{"sql":{"fullscan_steps":0,"rows":0,"sorts":1,"statements":1,"vm_steps":14},"text":{"cache_hits":0,"legacy_auto_reads":0,"storage_reads":0,"utf8_bytes":0,"zstd_decodes":0}}},{"stage":"fallback","work":{"sql":{"fullscan_steps":1,"rows":2,"sorts":0,"statements":1,"vm_steps":23},"text":{"cache_hits":0,"legacy_auto_reads":0,"storage_reads":0,"utf8_bytes":0,"zstd_decodes":0}}}],"status":"complete"},"lanes":[{"candidate_count":0,"candidates":[],"coverage":{"complete":true,"examined":null,"scope":"hard_scope","total_lower_bound":0},"elapsed_us":140,"lane_id":"exact_symbol","schema_version":1,"status":"complete","truncation_reason":null,"weight":1.1},{"candidate_count":0,"candidates":[],"coverage":{"complete":true,"examined":null,"scope":"hard_scope","total_lower_bound":0},"elapsed_us":347,"lane_id":"path","schema_version":1,"status":"complete","truncation_reason":null,"weight":1.0},{"candidate_count":0,"candidates":[],"coverage":{"complete":true,"examined":null,"scope":"hard_scope","total_lower_bound":0},"elapsed_us":394,"lane_id":"lexical","schema_version":1,"status":"complete","truncation_reason":null,"weight":1.1},{"candidate_count":0,"candidates":[],"coverage":{"complete":true,"examined":2,"scope":"hard_scope","total_lower_bound":0},"elapsed_us":1684,"lane_id":"grep","schema_version":1,"status":"complete","truncation_reason":null,"weight":0.8},{"candidate_count":0,"candidates":[],"coverage":{"complete":true,"examined":null,"scope":"hard_scope","total_lower_bound":0},"elapsed_us":460,"lane_id":"graph","schema_version":1,"status":"complete","truncation_reason":null,"weight":0.6}],"policy":{"completeness":"all_executed_lane_limits_remain_visible; obligation_role_does_not_erase_partial","deadline_ms":30000,"effective":"local","graph_source_mapping":"uid_byte_declaration_document; complete_mapping_is_not_whole_symbol_body_coverage","intent":"locate","lane_timeout_ms":20000,"no_answer":"empty_partial_is_not_absence; no_semantic_absence_claim_from_weak_rank","obligations":[{"lane_id":"exact_symbol","role":"identity","timeout_ms":20000},{"lane_id":"path","role":"identity","timeout_ms":20000},{"lane_id":"lexical","role":"source","timeout_ms":20000},{"lane_id":"grep","role":"source","timeout_ms":20000},{"lane_id":"graph","role":"supporting","timeout_ms":20000}],"path_source_domain":"canonical_scoped_existing_path_docs; else_bounded_tokens; not_whole_file_coverage","requested":"auto","semantic_state":"not_configured","semantic_timeout_ms":5000,"semantic_top_k":24,"version":"query-policy-local-semantic-canonical-path-domain-v4"},"scope":{"budget":{"exact_symbol_candidates":24,"grep_candidates":12,"grep_enabled":true,"grep_scan_cap":20000,"lexical_candidates":24,"path_candidates":24,"rerank_window":40,"top_k":10,"units":"candidate limits count chunks; grep_scan_cap counts decompressions, not SQL work, total memory or time; cached diagnostics describe originating computation, not work repeated on a cache hit"},"hard":{"empty":false,"explicit_file_count":null,"languages":null,"path_prefix":null,"path_prefix_truncated":false,"semantics":"conjunctive_repository_relative_case_sensitive_components; empty means contradictory/explicit-empty constraint, not an inventory count"},"ordering":["exact-target first (identity tier, not an additive score)","rerank_score descending = sum(score_trace)","chunk_id ascending"],"policy":"canonical-scoped-exact-path-domain-compact-context-budget-v22","schema_version":1,"soft":{"contributions":"per-hit score_trace is the additive bill; stage_a_layer_scores explain its capped stage-a component and must not be added twice; raw hint and excluded paths omitted","hint_entries":{"overlay":0,"pinned":0,"recent":0,"working":0},"preselected_count":1,"role":"ranking_and_scan_priority_only"}}},"search_hits":0,"selection":{"facets":{},"input_candidates":0,"intent":"locate","intent_facet_anchors":{},"limit_omitted":0,"original_ranks":[],"overlap":{"fully_covered_candidates":0,"input_bytes":0,"redundant_bytes":0,"unique_bytes":0},"requested_limit":10,"selected":0,"selected_overlap":{"fully_covered_candidates":0,"input_bytes":0,"redundant_bytes":0,"unique_bytes":0},"source_covered_omissions":0,"source_support_anchors":[],"source_support_scope":"literal_program_cue_in_validated_twice_topk_window_only; not_global_uniqueness_or_exact_identity","spec":"anchored-facets-distinctive-source-union-v2","unmet_facets":[]},"source_freshness":{"budget_exhausted":false,"checked_files":0,"dense_manifest_fence":{"checked":0,"skip_disposition":"stale_publication_skipped","skipped":0},"generation":{"evidence_epoch":1,"incarnation":[251,224,51,74,216,126,161,159,242,138,220,117,140,167,89,145],"index_epoch":5,"semantic_epoch":null},"hydrator":"current-document-scope-source-generation-v1","omitted_files":{},"partial":false,"read_budget_charged":0,"scope":"bounded per-file disk verification and optimistic full read generation; not an atomic filesystem snapshot","validation_work":{"candidate_projection_sql":{"fullscan_steps":0,"rows":0,"sorts":0,"statements":0,"vm_steps":0},"coverage":"current final-assembly attempt SELECTs for manifest, symbol identity and candidate projection; excludes prior attempts, transaction control, originating retrieval, generation, dense fence, graph and disk work; not total cost","schema_version":1,"source_records_sql":{"fullscan_steps":0,"rows":0,"sorts":0,"statements":0,"vm_steps":0}},"verified_hits":0}},"intent":"locate","invalidations":[],"machine_pack":{"hits":[],"kind":"code_index_context","query":"v18_query_gate_network_off_search","repo_size_tier":"Tiny","token_budget":4000,"top_k":10},"nodes":[],"query":"v18_query_gate_network_off_search","reasons":["hybrid search over code index"],"rendered_prompt":"Task: code-index search\nIntent: locate\nQuery: v18_query_gate_network_off_search\n\n","resolution_freshness":{"basis_epoch":null,"complete":true,"completed_files":0,"index_epoch":5,"reason":null,"retry":null,"root_count":0,"scope":"observed_resolution_invalidations","status":"ready"},"revision":0,"spans":[],"summary":"No indexed code results found for `v18_query_gate_network_off_search`.","task":"v18_query_gate_network_off_search","token_budget":4000,"token_estimate":1945},"tool":"search"}
V18_JSON {"args":{"retrieval_strategy":"auto","task":"v18_query_gate_network_off_context"},"result":{"evidence_summary":{"files":[],"graph_enrichment":{"callees_added":0,"callers_added":0,"symbols_resolved":0,"tests_found":0},"packing":{"compacted":false,"configured_max_bytes":18000,"continuation":"Use files region/expand on retained references; recheck source version.","limit_bytes":16000,"omitted_hits":0,"omitted_nodes":0,"original_hits":0,"original_nodes":0,"partial":false,"spec":"whole-json-intent-facets-source-support-before-incidental-v5","token_estimate_method":"ceil(serialized_utf8_bytes/4); not a tokenizer","used_bytes":7783},"retrieval":{"cost":{"coverage":"originating query work; lexical FTS and hydration SQL here; grep stage SQL in grep.stages; excludes preselection/exact lookup/graph SQL, FTS internal work and storage I/O; not total cost or a hard limit","fused_candidates":0,"hydrate_requested":0,"hydration":{"sql":{"fullscan_steps":0,"rows":0,"sorts":0,"statements":0,"vm_steps":0},"text":{"cache_hits":0,"legacy_auto_reads":0,"storage_reads":0,"utf8_bytes":0,"zstd_decodes":0}},"lane_candidates":{"exact_symbol":0,"graph":0,"grep":0,"lexical":0,"path":0},"lexical_sql":{"fullscan_steps":0,"rows":0,"sorts":1,"statements":1,"vm_steps":17},"schema_version":1},"grep":{"fallback_scanned":0,"prefilter_failed":false,"prefilter_scanned":0,"reason":null,"scan_cap":20000,"scanned":2,"skipped_duplicates":2,"soft_scanned":2,"stages":[{"stage":"soft","work":{"sql":{"fullscan_steps":0,"rows":2,"sorts":0,"statements":1,"vm_steps":29},"text":{"cache_hits":0,"legacy_auto_reads":0,"storage_reads":2,"utf8_bytes":66,"zstd_decodes":0}}},{"stage":"prefilter","work":{"sql":{"fullscan_steps":0,"rows":0,"sorts":1,"statements":1,"vm_steps":14},"text":{"cache_hits":0,"legacy_auto_reads":0,"storage_reads":0,"utf8_bytes":0,"zstd_decodes":0}}},{"stage":"fallback","work":{"sql":{"fullscan_steps":1,"rows":2,"sorts":0,"statements":1,"vm_steps":23},"text":{"cache_hits":0,"legacy_auto_reads":0,"storage_reads":0,"utf8_bytes":0,"zstd_decodes":0}}}],"status":"complete"},"lanes":[{"candidate_count":0,"candidates":[],"coverage":{"complete":true,"examined":null,"scope":"hard_scope","total_lower_bound":0},"elapsed_us":570,"lane_id":"exact_symbol","schema_version":1,"status":"complete","truncation_reason":null,"weight":1.1},{"candidate_count":0,"candidates":[],"coverage":{"complete":true,"examined":null,"scope":"hard_scope","total_lower_bound":0},"elapsed_us":735,"lane_id":"path","schema_version":1,"status":"complete","truncation_reason":null,"weight":1.0},{"candidate_count":0,"candidates":[],"coverage":{"complete":true,"examined":null,"scope":"hard_scope","total_lower_bound":0},"elapsed_us":136,"lane_id":"lexical","schema_version":1,"status":"complete","truncation_reason":null,"weight":1.1},{"candidate_count":0,"candidates":[],"coverage":{"complete":true,"examined":2,"scope":"hard_scope","total_lower_bound":0},"elapsed_us":1640,"lane_id":"grep","schema_version":1,"status":"complete","truncation_reason":null,"weight":0.8},{"candidate_count":0,"candidates":[],"coverage":{"complete":true,"examined":null,"scope":"hard_scope","total_lower_bound":0},"elapsed_us":259,"lane_id":"graph","schema_version":1,"status":"complete","truncation_reason":null,"weight":0.6}],"policy":{"completeness":"all_executed_lane_limits_remain_visible; obligation_role_does_not_erase_partial","deadline_ms":30000,"effective":"local","graph_source_mapping":"uid_byte_declaration_document; complete_mapping_is_not_whole_symbol_body_coverage","intent":"locate","lane_timeout_ms":20000,"no_answer":"empty_partial_is_not_absence; no_semantic_absence_claim_from_weak_rank","obligations":[{"lane_id":"exact_symbol","role":"identity","timeout_ms":20000},{"lane_id":"path","role":"identity","timeout_ms":20000},{"lane_id":"lexical","role":"source","timeout_ms":20000},{"lane_id":"grep","role":"source","timeout_ms":20000},{"lane_id":"graph","role":"supporting","timeout_ms":20000}],"path_source_domain":"canonical_scoped_existing_path_docs; else_bounded_tokens; not_whole_file_coverage","requested":"auto","semantic_state":"not_configured","semantic_timeout_ms":5000,"semantic_top_k":24,"version":"query-policy-local-semantic-canonical-path-domain-v4"},"scope":{"budget":{"exact_symbol_candidates":24,"grep_candidates":12,"grep_enabled":true,"grep_scan_cap":20000,"lexical_candidates":24,"path_candidates":24,"rerank_window":40,"top_k":10,"units":"candidate limits count chunks; grep_scan_cap counts decompressions, not SQL work, total memory or time; cached diagnostics describe originating computation, not work repeated on a cache hit"},"hard":{"empty":false,"explicit_file_count":null,"languages":null,"path_prefix":null,"path_prefix_truncated":false,"semantics":"conjunctive_repository_relative_case_sensitive_components; empty means contradictory/explicit-empty constraint, not an inventory count"},"ordering":["exact-target first (identity tier, not an additive score)","rerank_score descending = sum(score_trace)","chunk_id ascending"],"policy":"canonical-scoped-exact-path-domain-compact-context-budget-v22","schema_version":1,"soft":{"contributions":"per-hit score_trace is the additive bill; stage_a_layer_scores explain its capped stage-a component and must not be added twice; raw hint and excluded paths omitted","hint_entries":{"overlay":0,"pinned":0,"recent":0,"working":0},"preselected_count":1,"role":"ranking_and_scan_priority_only"}}},"search_hits":0,"selection":{"facets":{},"input_candidates":0,"intent":"locate","intent_facet_anchors":{},"limit_omitted":0,"original_ranks":[],"overlap":{"fully_covered_candidates":0,"input_bytes":0,"redundant_bytes":0,"unique_bytes":0},"requested_limit":10,"selected":0,"selected_overlap":{"fully_covered_candidates":0,"input_bytes":0,"redundant_bytes":0,"unique_bytes":0},"source_covered_omissions":0,"source_support_anchors":[],"source_support_scope":"literal_program_cue_in_validated_twice_topk_window_only; not_global_uniqueness_or_exact_identity","spec":"anchored-facets-distinctive-source-union-v2","unmet_facets":[]},"source_freshness":{"budget_exhausted":false,"checked_files":0,"dense_manifest_fence":{"checked":0,"skip_disposition":"stale_publication_skipped","skipped":0},"generation":{"evidence_epoch":1,"incarnation":[251,224,51,74,216,126,161,159,242,138,220,117,140,167,89,145],"index_epoch":5,"semantic_epoch":null},"hydrator":"current-document-scope-source-generation-v1","omitted_files":{},"partial":false,"read_budget_charged":0,"scope":"bounded per-file disk verification and optimistic full read generation; not an atomic filesystem snapshot","validation_work":{"candidate_projection_sql":{"fullscan_steps":0,"rows":0,"sorts":0,"statements":0,"vm_steps":0},"coverage":"current final-assembly attempt SELECTs for manifest, symbol identity and candidate projection; excludes prior attempts, transaction control, originating retrieval, generation, dense fence, graph and disk work; not total cost","schema_version":1,"source_records_sql":{"fullscan_steps":0,"rows":0,"sorts":0,"statements":0,"vm_steps":0}},"verified_hits":0}},"intent":"locate","invalidations":[],"machine_pack":{"hits":[],"kind":"code_index_context","query":"v18_query_gate_network_off_context","repo_size_tier":"Tiny","token_budget":4000,"top_k":10},"nodes":[],"query":"v18_query_gate_network_off_context","reasons":["hybrid search over code index"],"rendered_prompt":"Task: code-index search\nIntent: locate\nQuery: v18_query_gate_network_off_context\n\n","resolution_freshness":{"basis_epoch":null,"complete":true,"completed_files":0,"index_epoch":5,"reason":null,"retry":null,"root_count":0,"scope":"observed_resolution_invalidations","status":"ready"},"revision":0,"spans":[],"summary":"No indexed code results found for `v18_query_gate_network_off_context`.","task":"v18_query_gate_network_off_context","token_budget":4000,"token_estimate":1946},"tool":"context"}
V18_JSON {"document_http_calls":0,"only_loopback":true,"query_http_calls":0,"real_credentials":false,"requests":[],"synthetic_vectors":true}
[2m2026-10-08T04:58:22.609492Z[0m [32m INFO[0m [1mserve_inner[0m[2m:[0m [2mrmcp::service[0m[2m:[0m input stream terminated
[2m2026-10-08T04:58:22.609553Z[0m [32m INFO[0m [1mserve_inner[0m[2m:[0m [2mrmcp::service[0m[2m:[0m serve finished [3mquit_reason[0m[2m=[0mClosed
[2m2026-10-08T04:58:22.609751Z[0m [32m INFO[0m [2mcc_server::mcp[0m[2m:[0m MCP server shut down gracefully
[2m2026-10-08T04:58:22.825737Z[0m [32m INFO[0m [2mcc_db::index_migrate[0m[2m:[0m initializing index schema [3mversion[0m[2m=[0m25
[2m2026-10-08T04:58:22.841172Z[0m [32m INFO[0m [1mserve_inner[0m[2m:[0m [2mrmcp::service[0m[2m:[0m Service initialized as server [3mpeer_info[0m[2m=[0mSome(InitializeRequestParams { meta: None, protocol_version: ProtocolVersion("2025-11-25"), capabilities: ClientCapabilities { experimental: None, extensions: None, roots: None, sampling: None, elicitation: None, tasks: None }, client_info: Implementation { name: "rmcp", title: None, version: "2.2.0", description: None, icons: None, website_url: None } })
[2m2026-10-08T04:58:22.841246Z[0m [32m INFO[0m [2mcc_server::mcp[0m[2m:[0m MCP server started on stdio
[2m2026-10-08T04:58:22.841649Z[0m [32m INFO[0m [1mserve_inner[0m[2m:[0m [2mrmcp::service[0m[2m:[0m received notification [3mnotification[0m[2m=[0mInitializedNotification(NotificationNoParam { method: InitializedNotificationMethod, extensions: Extensions })
[2m2026-10-08T04:58:22.841725Z[0m [32m INFO[0m [1mserve_inner[0m[2m:[0m [2mrmcp::handler::server[0m[2m:[0m client initialized
[2m2026-10-08T04:58:22.842385Z[0m [32m INFO[0m [2mcc_index::memory_budget[0m[2m:[0m memory budget initialized [3mtotal_ram_mb[0m[2m=[0m15989 [3mbudget_mb[0m[2m=[0m7994 [3mfraction[0m[2m=[0m0.5
[2m2026-10-08T04:58:22.868148Z[0m [32m INFO[0m [2mcc_db::index_db_rebuild[0m[2m:[0m full rebuild: creating temp database [3mtmp[0m[2m=[0m/tmp/.tmpwEdIQC/project/.codecortex/index.sqlite3.tmp
[2m2026-10-08T04:58:22.987459Z[0m [32m INFO[0m [2mcc_db::index_db_rebuild[0m[2m:[0m full rebuild: writing data to temp database
[2m2026-10-08T04:58:22.990118Z[0m [32m INFO[0m [2mcc_db::index_db_rebuild[0m[2m:[0m full rebuild: recreating indexes
[2m2026-10-08T04:58:23.096724Z[0m [32m INFO[0m [2mcc_db::index_db_rebuild[0m[2m:[0m full rebuild: temp database ready for swap
[2m2026-10-08T04:58:23.096977Z[0m [32m INFO[0m [2mcc_index::memory_budget[0m[2m:[0m memory budget initialized [3mtotal_ram_mb[0m[2m=[0m15989 [3mbudget_mb[0m[2m=[0m7994 [3mfraction[0m[2m=[0m0.5
[2m2026-10-08T04:58:23.121433Z[0m [32m INFO[0m [2mcc_index::memory_budget[0m[2m:[0m memory budget initialized [3mtotal_ram_mb[0m[2m=[0m15989 [3mbudget_mb[0m[2m=[0m7994 [3mfraction[0m[2m=[0m0.5
[2m2026-10-08T04:58:23.125275Z[0m [32m INFO[0m [2mcc_index::memory_budget[0m[2m:[0m memory budget initialized [3mtotal_ram_mb[0m[2m=[0m15989 [3mbudget_mb[0m[2m=[0m7994 [3mfraction[0m[2m=[0m0.5
V18_JSON {"args":{"full":true,"path":"/tmp/.tmpwEdIQC/project"},"result":{"build_explain":{"gate_decisions":[{"pass":"synthesis_round","reason":"both signatures changed","run":true},{"pass":"community","reason":"full rebuild","run":true},{"pass":"git_cochange","reason":"cache key unavailable","run":true},{"pass":"infra","reason":"signature algorithm changed","run":true},{"pass":"adr","reason":"no recorded signature","run":true}]},"chunk_policy":{"bytes":16384,"chars":16384,"estimated_tokens":4096,"lines":80,"merge_min_bytes":256},"chunks_total":2,"dirty_plan":{"dependency_sql":{"fullscan_steps":0,"rows":0,"sorts":0,"statements":0,"vm_steps":0},"file_budget":0,"parsed_files":1,"reasons":[],"rebased":false,"resumed":false,"selected_dependents":0},"document_changes":{"files_projected":1,"removed":0,"render_failed":0,"reusable_inputs":0,"unchanged":0,"upserted":2},"elapsed_ms":283,"files_added":1,"files_parsed":1,"files_removed":0,"files_scanned":1,"files_skipped":0,"files_updated":0,"parse_errors":[],"phase_timing":{"analysis_ms":2,"parse_ms":21,"postprocess_ms":0,"resolve_ms":0,"scan_diff_ms":3,"write_ms":23},"project_model":{"catalog_files":1,"changed_configs":[],"config_inputs":0,"config_parse_cache_hits":0,"config_reads":0,"config_root_probes":5,"config_roots":0,"diagnostics":[],"go_fact_cache_hits":0,"go_source_reads":0,"input_digest":"6608a5a5cd33639a82b1be8d943f3148241d6520b8e0d9930909feaaf0ec5b8c","inventory_source":"shared_walk","modes":[],"rust_fact_cache_hits":0,"rust_source_reads":0,"version":3},"public_surface_coverage":{"known":1,"known_empty":0,"parsed_files":1,"unknown":0,"unknown_reasons":{}},"resolution_coverage":{"ambiguous":0,"incomplete_files":0,"modules_ambiguous":0,"modules_external":0,"modules_resolved":0,"modules_unknown":0,"modules_unresolved":0,"modules_unsupported":0,"omitted_records":0,"packages_resolved":0,"processed_files":1,"resolved":2,"unresolved":0,"unsupported":0},"resolution_freshness":{"basis_epoch":null,"complete":true,"completed_files":0,"index_epoch":5,"reason":null,"retry":null,"root_count":0,"scope":"observed_resolution_invalidations","status":"ready"},"symbols_total":2,"used_parallel_parse":false},"tool":"index"}
V18_JSON {"args":{"aspect":"capabilities"},"result":{"capabilities":{"graph":true,"impact":true,"search":true},"has_index":true,"has_project":true,"indexed_files":1,"indexed_symbols":2,"resolution_freshness":{"basis_epoch":null,"complete":true,"completed_files":0,"index_epoch":5,"reason":null,"retry":null,"root_count":0,"scope":"observed_resolution_invalidations","status":"ready"},"retrieval":{"consistency":"point_in_time","default_effective_strategy":"local","default_query_state":"available_with_per_query_checks","default_strategy":"auto","dense_reason":"provider_and_vector_publication_not_implemented","dense_state":"disabled","diagnostic_sources":{"build":"BuildExplain on index response","graph":"GraphExplain on query response","lanes":"evidence_summary.retrieval.lanes or lane_receipts","packing":"evidence_summary.packing","selection":"evidence_summary.selection","semantic":"evidence_summary.retrieval.semantic (dense lane receipt projection)","source":"evidence_summary.source_freshness"},"execution":{"async_admitted":0,"async_in_flight":0,"async_limit":8,"completed":0,"cpu_admitted":0,"cpu_in_flight":0,"cpu_limit":4,"queue_limit":32,"rejected":0},"execution_scope":"process_shared_not_project_local","generation":{"evidence_epoch":1,"incarnation":[66,136,253,103,118,116,20,210,104,195,59,26,136,57,127,31],"index_epoch":5,"semantic_epoch":null},"generation_scope":"observed_database_snapshot","identity_validation":"checked_at_observation_boundary","index_state":"available","local_state":"available","pin_scope":"owned_query_views_including_inflight_clones_not_request_count","query_coverage":{"scope":"per_query_not_global","state":"not_measured"},"query_encoding":{"configured_opt_in":false,"network_authorized":false,"reason":"query_network_opt_in_required","request_scope":"nonlocal_nonempty_only"},"query_pins":0,"resolution_freshness":{"basis_epoch":null,"complete":true,"completed_files":0,"index_epoch":5,"reason":null,"retry":null,"root_count":0,"scope":"observed_resolution_invalidations","status":"ready"},"semantic_active_space":null,"semantic_state":"not_configured","service_state_scope":"process_observed_separately","spec":"retrieval-capabilities-v2"}},"tool":"status"}
V18_JSON {"args":{"query":"v18_query_gate_omitted_search","retrieval_strategy":"auto"},"result":{"evidence_summary":{"files":[],"graph_enrichment":{"callees_added":0,"callers_added":0,"symbols_resolved":0,"tests_found":0},"packing":{"compacted":false,"configured_max_bytes":18000,"continuation":"Use files region/expand on retained references; recheck source version.","limit_bytes":16000,"omitted_hits":0,"omitted_nodes":0,"original_hits":0,"original_nodes":0,"partial":false,"spec":"whole-json-intent-facets-source-support-before-incidental-v5","token_estimate_method":"ceil(serialized_utf8_bytes/4); not a tokenizer","used_bytes":7755},"retrieval":{"cost":{"coverage":"originating query work; lexical FTS and hydration SQL here; grep stage SQL in grep.stages; excludes preselection/exact lookup/graph SQL, FTS internal work and storage I/O; not total cost or a hard limit","fused_candidates":0,"hydrate_requested":0,"hydration":{"sql":{"fullscan_steps":0,"rows":0,"sorts":0,"statements":0,"vm_steps":0},"text":{"cache_hits":0,"legacy_auto_reads":0,"storage_reads":0,"utf8_bytes":0,"zstd_decodes":0}},"lane_candidates":{"exact_symbol":0,"graph":0,"grep":0,"lexical":0,"path":0},"lexical_sql":{"fullscan_steps":0,"rows":0,"sorts":1,"statements":1,"vm_steps":17},"schema_version":1},"grep":{"fallback_scanned":0,"prefilter_failed":false,"prefilter_scanned":0,"reason":null,"scan_cap":20000,"scanned":2,"skipped_duplicates":2,"soft_scanned":2,"stages":[{"stage":"soft","work":{"sql":{"fullscan_steps":0,"rows":2,"sorts":0,"statements":1,"vm_steps":29},"text":{"cache_hits":0,"legacy_auto_reads":0,"storage_reads":2,"utf8_bytes":66,"zstd_decodes":0}}},{"stage":"prefilter","work":{"sql":{"fullscan_steps":0,"rows":0,"sorts":1,"statements":1,"vm_steps":14},"text":{"cache_hits":0,"legacy_auto_reads":0,"storage_reads":0,"utf8_bytes":0,"zstd_decodes":0}}},{"stage":"fallback","work":{"sql":{"fullscan_steps":1,"rows":2,"sorts":0,"statements":1,"vm_steps":23},"text":{"cache_hits":0,"legacy_auto_reads":0,"storage_reads":0,"utf8_bytes":0,"zstd_decodes":0}}}],"status":"complete"},"lanes":[{"candidate_count":0,"candidates":[],"coverage":{"complete":true,"examined":null,"scope":"hard_scope","total_lower_bound":0},"elapsed_us":191,"lane_id":"exact_symbol","schema_version":1,"status":"complete","truncation_reason":null,"weight":1.1},{"candidate_count":0,"candidates":[],"coverage":{"complete":true,"examined":null,"scope":"hard_scope","total_lower_bound":0},"elapsed_us":455,"lane_id":"path","schema_version":1,"status":"complete","truncation_reason":null,"weight":1.0},{"candidate_count":0,"candidates":[],"coverage":{"complete":true,"examined":null,"scope":"hard_scope","total_lower_bound":0},"elapsed_us":308,"lane_id":"lexical","schema_version":1,"status":"complete","truncation_reason":null,"weight":1.1},{"candidate_count":0,"candidates":[],"coverage":{"complete":true,"examined":2,"scope":"hard_scope","total_lower_bound":0},"elapsed_us":1694,"lane_id":"grep","schema_version":1,"status":"complete","truncation_reason":null,"weight":0.8},{"candidate_count":0,"candidates":[],"coverage":{"complete":true,"examined":null,"scope":"hard_scope","total_lower_bound":0},"elapsed_us":403,"lane_id":"graph","schema_version":1,"status":"complete","truncation_reason":null,"weight":0.6}],"policy":{"completeness":"all_executed_lane_limits_remain_visible; obligation_role_does_not_erase_partial","deadline_ms":30000,"effective":"local","graph_source_mapping":"uid_byte_declaration_document; complete_mapping_is_not_whole_symbol_body_coverage","intent":"locate","lane_timeout_ms":20000,"no_answer":"empty_partial_is_not_absence; no_semantic_absence_claim_from_weak_rank","obligations":[{"lane_id":"exact_symbol","role":"identity","timeout_ms":20000},{"lane_id":"path","role":"identity","timeout_ms":20000},{"lane_id":"lexical","role":"source","timeout_ms":20000},{"lane_id":"grep","role":"source","timeout_ms":20000},{"lane_id":"graph","role":"supporting","timeout_ms":20000}],"path_source_domain":"canonical_scoped_existing_path_docs; else_bounded_tokens; not_whole_file_coverage","requested":"auto","semantic_state":"not_configured","semantic_timeout_ms":5000,"semantic_top_k":24,"version":"query-policy-local-semantic-canonical-path-domain-v4"},"scope":{"budget":{"exact_symbol_candidates":24,"grep_candidates":12,"grep_enabled":true,"grep_scan_cap":20000,"lexical_candidates":24,"path_candidates":24,"rerank_window":40,"top_k":10,"units":"candidate limits count chunks; grep_scan_cap counts decompressions, not SQL work, total memory or time; cached diagnostics describe originating computation, not work repeated on a cache hit"},"hard":{"empty":false,"explicit_file_count":null,"languages":null,"path_prefix":null,"path_prefix_truncated":false,"semantics":"conjunctive_repository_relative_case_sensitive_components; empty means contradictory/explicit-empty constraint, not an inventory count"},"ordering":["exact-target first (identity tier, not an additive score)","rerank_score descending = sum(score_trace)","chunk_id ascending"],"policy":"canonical-scoped-exact-path-domain-compact-context-budget-v22","schema_version":1,"soft":{"contributions":"per-hit score_trace is the additive bill; stage_a_layer_scores explain its capped stage-a component and must not be added twice; raw hint and excluded paths omitted","hint_entries":{"overlay":0,"pinned":0,"recent":0,"working":0},"preselected_count":1,"role":"ranking_and_scan_priority_only"}}},"search_hits":0,"selection":{"facets":{},"input_candidates":0,"intent":"locate","intent_facet_anchors":{},"limit_omitted":0,"original_ranks":[],"overlap":{"fully_covered_candidates":0,"input_bytes":0,"redundant_bytes":0,"unique_bytes":0},"requested_limit":10,"selected":0,"selected_overlap":{"fully_covered_candidates":0,"input_bytes":0,"redundant_bytes":0,"unique_bytes":0},"source_covered_omissions":0,"source_support_anchors":[],"source_support_scope":"literal_program_cue_in_validated_twice_topk_window_only; not_global_uniqueness_or_exact_identity","spec":"anchored-facets-distinctive-source-union-v2","unmet_facets":[]},"source_freshness":{"budget_exhausted":false,"checked_files":0,"dense_manifest_fence":{"checked":0,"skip_disposition":"stale_publication_skipped","skipped":0},"generation":{"evidence_epoch":1,"incarnation":[66,136,253,103,118,116,20,210,104,195,59,26,136,57,127,31],"index_epoch":5,"semantic_epoch":null},"hydrator":"current-document-scope-source-generation-v1","omitted_files":{},"partial":false,"read_budget_charged":0,"scope":"bounded per-file disk verification and optimistic full read generation; not an atomic filesystem snapshot","validation_work":{"candidate_projection_sql":{"fullscan_steps":0,"rows":0,"sorts":0,"statements":0,"vm_steps":0},"coverage":"current final-assembly attempt SELECTs for manifest, symbol identity and candidate projection; excludes prior attempts, transaction control, originating retrieval, generation, dense fence, graph and disk work; not total cost","schema_version":1,"source_records_sql":{"fullscan_steps":0,"rows":0,"sorts":0,"statements":0,"vm_steps":0}},"verified_hits":0}},"intent":"locate","invalidations":[],"machine_pack":{"hits":[],"kind":"code_index_context","query":"v18_query_gate_omitted_search","repo_size_tier":"Tiny","token_budget":4000,"top_k":10},"nodes":[],"query":"v18_query_gate_omitted_search","reasons":["hybrid search over code index"],"rendered_prompt":"Task: code-index search\nIntent: locate\nQuery: v18_query_gate_omitted_search\n\n","resolution_freshness":{"basis_epoch":null,"complete":true,"completed_files":0,"index_epoch":5,"reason":null,"retry":null,"root_count":0,"scope":"observed_resolution_invalidations","status":"ready"},"revision":0,"spans":[],"summary":"No indexed code results found for `v18_query_gate_omitted_search`.","task":"v18_query_gate_omitted_search","token_budget":4000,"token_estimate":1939},"tool":"search"}
V18_JSON {"args":{"retrieval_strategy":"auto","task":"v18_query_gate_omitted_context"},"result":{"evidence_summary":{"files":[],"graph_enrichment":{"callees_added":0,"callers_added":0,"symbols_resolved":0,"tests_found":0},"packing":{"compacted":false,"configured_max_bytes":18000,"continuation":"Use files region/expand on retained references; recheck source version.","limit_bytes":16000,"omitted_hits":0,"omitted_nodes":0,"original_hits":0,"original_nodes":0,"partial":false,"spec":"whole-json-intent-facets-source-support-before-incidental-v5","token_estimate_method":"ceil(serialized_utf8_bytes/4); not a tokenizer","used_bytes":7762},"retrieval":{"cost":{"coverage":"originating query work; lexical FTS and hydration SQL here; grep stage SQL in grep.stages; excludes preselection/exact lookup/graph SQL, FTS internal work and storage I/O; not total cost or a hard limit","fused_candidates":0,"hydrate_requested":0,"hydration":{"sql":{"fullscan_steps":0,"rows":0,"sorts":0,"statements":0,"vm_steps":0},"text":{"cache_hits":0,"legacy_auto_reads":0,"storage_reads":0,"utf8_bytes":0,"zstd_decodes":0}},"lane_candidates":{"exact_symbol":0,"graph":0,"grep":0,"lexical":0,"path":0},"lexical_sql":{"fullscan_steps":0,"rows":0,"sorts":1,"statements":1,"vm_steps":17},"schema_version":1},"grep":{"fallback_scanned":0,"prefilter_failed":false,"prefilter_scanned":0,"reason":null,"scan_cap":20000,"scanned":2,"skipped_duplicates":2,"soft_scanned":2,"stages":[{"stage":"soft","work":{"sql":{"fullscan_steps":0,"rows":2,"sorts":0,"statements":1,"vm_steps":29},"text":{"cache_hits":0,"legacy_auto_reads":0,"storage_reads":2,"utf8_bytes":66,"zstd_decodes":0}}},{"stage":"prefilter","work":{"sql":{"fullscan_steps":0,"rows":0,"sorts":1,"statements":1,"vm_steps":14},"text":{"cache_hits":0,"legacy_auto_reads":0,"storage_reads":0,"utf8_bytes":0,"zstd_decodes":0}}},{"stage":"fallback","work":{"sql":{"fullscan_steps":1,"rows":2,"sorts":0,"statements":1,"vm_steps":23},"text":{"cache_hits":0,"legacy_auto_reads":0,"storage_reads":0,"utf8_bytes":0,"zstd_decodes":0}}}],"status":"complete"},"lanes":[{"candidate_count":0,"candidates":[],"coverage":{"complete":true,"examined":null,"scope":"hard_scope","total_lower_bound":0},"elapsed_us":1334,"lane_id":"exact_symbol","schema_version":1,"status":"complete","truncation_reason":null,"weight":1.1},{"candidate_count":0,"candidates":[],"coverage":{"complete":true,"examined":null,"scope":"hard_scope","total_lower_bound":0},"elapsed_us":262,"lane_id":"path","schema_version":1,"status":"complete","truncation_reason":null,"weight":1.0},{"candidate_count":0,"candidates":[],"coverage":{"complete":true,"examined":null,"scope":"hard_scope","total_lower_bound":0},"elapsed_us":1458,"lane_id":"lexical","schema_version":1,"status":"complete","truncation_reason":null,"weight":1.1},{"candidate_count":0,"candidates":[],"coverage":{"complete":true,"examined":2,"scope":"hard_scope","total_lower_bound":0},"elapsed_us":1187,"lane_id":"grep","schema_version":1,"status":"complete","truncation_reason":null,"weight":0.8},{"candidate_count":0,"candidates":[],"coverage":{"complete":true,"examined":null,"scope":"hard_scope","total_lower_bound":0},"elapsed_us":269,"lane_id":"graph","schema_version":1,"status":"complete","truncation_reason":null,"weight":0.6}],"policy":{"completeness":"all_executed_lane_limits_remain_visible; obligation_role_does_not_erase_partial","deadline_ms":30000,"effective":"local","graph_source_mapping":"uid_byte_declaration_document; complete_mapping_is_not_whole_symbol_body_coverage","intent":"locate","lane_timeout_ms":20000,"no_answer":"empty_partial_is_not_absence; no_semantic_absence_claim_from_weak_rank","obligations":[{"lane_id":"exact_symbol","role":"identity","timeout_ms":20000},{"lane_id":"path","role":"identity","timeout_ms":20000},{"lane_id":"lexical","role":"source","timeout_ms":20000},{"lane_id":"grep","role":"source","timeout_ms":20000},{"lane_id":"graph","role":"supporting","timeout_ms":20000}],"path_source_domain":"canonical_scoped_existing_path_docs; else_bounded_tokens; not_whole_file_coverage","requested":"auto","semantic_state":"not_configured","semantic_timeout_ms":5000,"semantic_top_k":24,"version":"query-policy-local-semantic-canonical-path-domain-v4"},"scope":{"budget":{"exact_symbol_candidates":24,"grep_candidates":12,"grep_enabled":true,"grep_scan_cap":20000,"lexical_candidates":24,"path_candidates":24,"rerank_window":40,"top_k":10,"units":"candidate limits count chunks; grep_scan_cap counts decompressions, not SQL work, total memory or time; cached diagnostics describe originating computation, not work repeated on a cache hit"},"hard":{"empty":false,"explicit_file_count":null,"languages":null,"path_prefix":null,"path_prefix_truncated":false,"semantics":"conjunctive_repository_relative_case_sensitive_components; empty means contradictory/explicit-empty constraint, not an inventory count"},"ordering":["exact-target first (identity tier, not an additive score)","rerank_score descending = sum(score_trace)","chunk_id ascending"],"policy":"canonical-scoped-exact-path-domain-compact-context-budget-v22","schema_version":1,"soft":{"contributions":"per-hit score_trace is the additive bill; stage_a_layer_scores explain its capped stage-a component and must not be added twice; raw hint and excluded paths omitted","hint_entries":{"overlay":0,"pinned":0,"recent":0,"working":0},"preselected_count":1,"role":"ranking_and_scan_priority_only"}}},"search_hits":0,"selection":{"facets":{},"input_candidates":0,"intent":"locate","intent_facet_anchors":{},"limit_omitted":0,"original_ranks":[],"overlap":{"fully_covered_candidates":0,"input_bytes":0,"redundant_bytes":0,"unique_bytes":0},"requested_limit":10,"selected":0,"selected_overlap":{"fully_covered_candidates":0,"input_bytes":0,"redundant_bytes":0,"unique_bytes":0},"source_covered_omissions":0,"source_support_anchors":[],"source_support_scope":"literal_program_cue_in_validated_twice_topk_window_only; not_global_uniqueness_or_exact_identity","spec":"anchored-facets-distinctive-source-union-v2","unmet_facets":[]},"source_freshness":{"budget_exhausted":false,"checked_files":0,"dense_manifest_fence":{"checked":0,"skip_disposition":"stale_publication_skipped","skipped":0},"generation":{"evidence_epoch":1,"incarnation":[66,136,253,103,118,116,20,210,104,195,59,26,136,57,127,31],"index_epoch":5,"semantic_epoch":null},"hydrator":"current-document-scope-source-generation-v1","omitted_files":{},"partial":false,"read_budget_charged":0,"scope":"bounded per-file disk verification and optimistic full read generation; not an atomic filesystem snapshot","validation_work":{"candidate_projection_sql":{"fullscan_steps":0,"rows":0,"sorts":0,"statements":0,"vm_steps":0},"coverage":"current final-assembly attempt SELECTs for manifest, symbol identity and candidate projection; excludes prior attempts, transaction control, originating retrieval, generation, dense fence, graph and disk work; not total cost","schema_version":1,"source_records_sql":{"fullscan_steps":0,"rows":0,"sorts":0,"statements":0,"vm_steps":0}},"verified_hits":0}},"intent":"locate","invalidations":[],"machine_pack":{"hits":[],"kind":"code_index_context","query":"v18_query_gate_omitted_context","repo_size_tier":"Tiny","token_budget":4000,"top_k":10},"nodes":[],"query":"v18_query_gate_omitted_context","reasons":["hybrid search over code index"],"rendered_prompt":"Task: code-index search\nIntent: locate\nQuery: v18_query_gate_omitted_context\n\n","resolution_freshness":{"basis_epoch":null,"complete":true,"completed_files":0,"index_epoch":5,"reason":null,"retry":null,"root_count":0,"scope":"observed_resolution_invalidations","status":"ready"},"revision":0,"spans":[],"summary":"No indexed code results found for `v18_query_gate_omitted_context`.","task":"v18_query_gate_omitted_context","token_budget":4000,"token_estimate":1941},"tool":"context"}
V18_JSON {"document_http_calls":0,"only_loopback":true,"query_http_calls":0,"real_credentials":false,"requests":[],"synthetic_vectors":true}
[2m2026-10-08T04:58:23.150119Z[0m [32m INFO[0m [1mserve_inner[0m[2m:[0m [2mrmcp::service[0m[2m:[0m input stream terminated
[2m2026-10-08T04:58:23.150180Z[0m [32m INFO[0m [1mserve_inner[0m[2m:[0m [2mrmcp::service[0m[2m:[0m serve finished [3mquit_reason[0m[2m=[0mClosed
[2m2026-10-08T04:58:23.150376Z[0m [32m INFO[0m [2mcc_server::mcp[0m[2m:[0m MCP server shut down gracefully
[2m2026-10-08T04:58:23.160845Z[0m [32m INFO[0m [2mcc_db::index_migrate[0m[2m:[0m initializing index schema [3mversion[0m[2m=[0m25
[2m2026-10-08T04:58:23.175930Z[0m [32m INFO[0m [1mserve_inner[0m[2m:[0m [2mrmcp::service[0m[2m:[0m Service initialized as server [3mpeer_info[0m[2m=[0mSome(InitializeRequestParams { meta: None, protocol_version: ProtocolVersion("2025-11-25"), capabilities: ClientCapabilities { experimental: None, extensions: None, roots: None, sampling: None, elicitation: None, tasks: None }, client_info: Implementation { name: "rmcp", title: None, version: "2.2.0", description: None, icons: None, website_url: None } })
[2m2026-10-08T04:58:23.176094Z[0m [32m INFO[0m [2mcc_server::mcp[0m[2m:[0m MCP server started on stdio
[2m2026-10-08T04:58:23.176241Z[0m [32m INFO[0m [1mserve_inner[0m[2m:[0m [2mrmcp::service[0m[2m:[0m received notification [3mnotification[0m[2m=[0mInitializedNotification(NotificationNoParam { method: InitializedNotificationMethod, extensions: Extensions })
[2m2026-10-08T04:58:23.176309Z[0m [32m INFO[0m [1mserve_inner[0m[2m:[0m [2mrmcp::handler::server[0m[2m:[0m client initialized
[2m2026-10-08T04:58:23.176986Z[0m [32m INFO[0m [2mcc_index::memory_budget[0m[2m:[0m memory budget initialized [3mtotal_ram_mb[0m[2m=[0m15989 [3mbudget_mb[0m[2m=[0m7994 [3mfraction[0m[2m=[0m0.5
[2m2026-10-08T04:58:23.203493Z[0m [32m INFO[0m [2mcc_db::index_db_rebuild[0m[2m:[0m full rebuild: creating temp database [3mtmp[0m[2m=[0m/tmp/.tmpEvbD6i/project/.codecortex/index.sqlite3.tmp
[2m2026-10-08T04:58:23.249055Z[0m [32m INFO[0m [2mcc_db::index_db_rebuild[0m[2m:[0m full rebuild: writing data to temp database
[2m2026-10-08T04:58:23.251559Z[0m [32m INFO[0m [2mcc_db::index_db_rebuild[0m[2m:[0m full rebuild: recreating indexes
[2m2026-10-08T04:58:23.268483Z[0m [32m INFO[0m [2mcc_db::index_db_rebuild[0m[2m:[0m full rebuild: temp database ready for swap
[2m2026-10-08T04:58:23.268663Z[0m [32m INFO[0m [2mcc_index::memory_budget[0m[2m:[0m memory budget initialized [3mtotal_ram_mb[0m[2m=[0m15989 [3mbudget_mb[0m[2m=[0m7994 [3mfraction[0m[2m=[0m0.5
[2m2026-10-08T04:58:23.287073Z[0m [32m INFO[0m [2mcc_index::memory_budget[0m[2m:[0m memory budget initialized [3mtotal_ram_mb[0m[2m=[0m15989 [3mbudget_mb[0m[2m=[0m7994 [3mfraction[0m[2m=[0m0.5
[2m2026-10-08T04:58:23.290952Z[0m [32m INFO[0m [2mcc_index::memory_budget[0m[2m:[0m memory budget initialized [3mtotal_ram_mb[0m[2m=[0m15989 [3mbudget_mb[0m[2m=[0m7994 [3mfraction[0m[2m=[0m0.5
V18_JSON {"args":{"full":true,"path":"/tmp/.tmpEvbD6i/project"},"result":{"build_explain":{"gate_decisions":[{"pass":"synthesis_round","reason":"both signatures changed","run":true},{"pass":"community","reason":"full rebuild","run":true},{"pass":"git_cochange","reason":"cache key unavailable","run":true},{"pass":"infra","reason":"signature algorithm changed","run":true},{"pass":"adr","reason":"no recorded signature","run":true}]},"chunk_policy":{"bytes":16384,"chars":16384,"estimated_tokens":4096,"lines":80,"merge_min_bytes":256},"chunks_total":2,"dirty_plan":{"dependency_sql":{"fullscan_steps":0,"rows":0,"sorts":0,"statements":0,"vm_steps":0},"file_budget":0,"parsed_files":1,"reasons":[],"rebased":false,"resumed":false,"selected_dependents":0},"document_changes":{"files_projected":1,"removed":0,"render_failed":0,"reusable_inputs":0,"unchanged":0,"upserted":2},"elapsed_ms":114,"files_added":1,"files_parsed":1,"files_removed":0,"files_scanned":1,"files_skipped":0,"files_updated":0,"parse_errors":[],"phase_timing":{"analysis_ms":2,"parse_ms":21,"postprocess_ms":1,"resolve_ms":0,"scan_diff_ms":4,"write_ms":17},"project_model":{"catalog_files":1,"changed_configs":[],"config_inputs":0,"config_parse_cache_hits":0,"config_reads":0,"config_root_probes":5,"config_roots":0,"diagnostics":[],"go_fact_cache_hits":0,"go_source_reads":0,"input_digest":"6608a5a5cd33639a82b1be8d943f3148241d6520b8e0d9930909feaaf0ec5b8c","inventory_source":"shared_walk","modes":[],"rust_fact_cache_hits":0,"rust_source_reads":0,"version":3},"public_surface_coverage":{"known":1,"known_empty":0,"parsed_files":1,"unknown":0,"unknown_reasons":{}},"resolution_coverage":{"ambiguous":0,"incomplete_files":0,"modules_ambiguous":0,"modules_external":0,"modules_resolved":0,"modules_unknown":0,"modules_unresolved":0,"modules_unsupported":0,"omitted_records":0,"packages_resolved":0,"processed_files":1,"resolved":2,"unresolved":0,"unsupported":0},"resolution_freshness":{"basis_epoch":null,"complete":true,"completed_files":0,"index_epoch":5,"reason":null,"retry":null,"root_count":0,"scope":"observed_resolution_invalidations","status":"ready"},"symbols_total":2,"used_parallel_parse":false},"tool":"index"}
V18_JSON {"args":{"aspect":"capabilities"},"result":{"capabilities":{"graph":true,"impact":true,"search":true},"has_index":true,"has_project":true,"indexed_files":1,"indexed_symbols":2,"resolution_freshness":{"basis_epoch":null,"complete":true,"completed_files":0,"index_epoch":5,"reason":null,"retry":null,"root_count":0,"scope":"observed_resolution_invalidations","status":"ready"},"retrieval":{"consistency":"point_in_time","default_effective_strategy":"local","default_query_state":"available_with_per_query_checks","default_strategy":"auto","dense_reason":"provider_and_vector_publication_not_implemented","dense_state":"disabled","diagnostic_sources":{"build":"BuildExplain on index response","graph":"GraphExplain on query response","lanes":"evidence_summary.retrieval.lanes or lane_receipts","packing":"evidence_summary.packing","selection":"evidence_summary.selection","semantic":"evidence_summary.retrieval.semantic (dense lane receipt projection)","source":"evidence_summary.source_freshness"},"execution":{"async_admitted":0,"async_in_flight":0,"async_limit":8,"completed":0,"cpu_admitted":0,"cpu_in_flight":0,"cpu_limit":4,"queue_limit":32,"rejected":0},"execution_scope":"process_shared_not_project_local","generation":{"evidence_epoch":1,"incarnation":[161,246,167,186,104,176,28,247,124,220,7,231,143,26,17,232],"index_epoch":5,"semantic_epoch":null},"generation_scope":"observed_database_snapshot","identity_validation":"checked_at_observation_boundary","index_state":"available","local_state":"available","pin_scope":"owned_query_views_including_inflight_clones_not_request_count","query_coverage":{"scope":"per_query_not_global","state":"not_measured"},"query_encoding":{"configured_opt_in":false,"network_authorized":false,"reason":"query_network_opt_in_required","request_scope":"nonlocal_nonempty_only"},"query_pins":0,"resolution_freshness":{"basis_epoch":null,"complete":true,"completed_files":0,"index_epoch":5,"reason":null,"retry":null,"root_count":0,"scope":"observed_resolution_invalidations","status":"ready"},"semantic_active_space":null,"semantic_state":"not_configured","service_state_scope":"process_observed_separately","spec":"retrieval-capabilities-v2"}},"tool":"status"}
V18_JSON {"args":{"query":"v18_query_gate_false_search","retrieval_strategy":"auto"},"result":{"evidence_summary":{"files":[],"graph_enrichment":{"callees_added":0,"callers_added":0,"symbols_resolved":0,"tests_found":0},"packing":{"compacted":false,"configured_max_bytes":18000,"continuation":"Use files region/expand on retained references; recheck source version.","limit_bytes":16000,"omitted_hits":0,"omitted_nodes":0,"original_hits":0,"original_nodes":0,"partial":false,"spec":"whole-json-intent-facets-source-support-before-incidental-v5","token_estimate_method":"ceil(serialized_utf8_bytes/4); not a tokenizer","used_bytes":7746},"retrieval":{"cost":{"coverage":"originating query work; lexical FTS and hydration SQL here; grep stage SQL in grep.stages; excludes preselection/exact lookup/graph SQL, FTS internal work and storage I/O; not total cost or a hard limit","fused_candidates":0,"hydrate_requested":0,"hydration":{"sql":{"fullscan_steps":0,"rows":0,"sorts":0,"statements":0,"vm_steps":0},"text":{"cache_hits":0,"legacy_auto_reads":0,"storage_reads":0,"utf8_bytes":0,"zstd_decodes":0}},"lane_candidates":{"exact_symbol":0,"graph":0,"grep":0,"lexical":0,"path":0},"lexical_sql":{"fullscan_steps":0,"rows":0,"sorts":1,"statements":1,"vm_steps":17},"schema_version":1},"grep":{"fallback_scanned":0,"prefilter_failed":false,"prefilter_scanned":0,"reason":null,"scan_cap":20000,"scanned":2,"skipped_duplicates":2,"soft_scanned":2,"stages":[{"stage":"soft","work":{"sql":{"fullscan_steps":0,"rows":2,"sorts":0,"statements":1,"vm_steps":29},"text":{"cache_hits":0,"legacy_auto_reads":0,"storage_reads":2,"utf8_bytes":66,"zstd_decodes":0}}},{"stage":"prefilter","work":{"sql":{"fullscan_steps":0,"rows":0,"sorts":1,"statements":1,"vm_steps":14},"text":{"cache_hits":0,"legacy_auto_reads":0,"storage_reads":0,"utf8_bytes":0,"zstd_decodes":0}}},{"stage":"fallback","work":{"sql":{"fullscan_steps":1,"rows":2,"sorts":0,"statements":1,"vm_steps":23},"text":{"cache_hits":0,"legacy_auto_reads":0,"storage_reads":0,"utf8_bytes":0,"zstd_decodes":0}}}],"status":"complete"},"lanes":[{"candidate_count":0,"candidates":[],"coverage":{"complete":true,"examined":null,"scope":"hard_scope","total_lower_bound":0},"elapsed_us":187,"lane_id":"exact_symbol","schema_version":1,"status":"complete","truncation_reason":null,"weight":1.1},{"candidate_count":0,"candidates":[],"coverage":{"complete":true,"examined":null,"scope":"hard_scope","total_lower_bound":0},"elapsed_us":369,"lane_id":"path","schema_version":1,"status":"complete","truncation_reason":null,"weight":1.0},{"candidate_count":0,"candidates":[],"coverage":{"complete":true,"examined":null,"scope":"hard_scope","total_lower_bound":0},"elapsed_us":291,"lane_id":"lexical","schema_version":1,"status":"complete","truncation_reason":null,"weight":1.1},{"candidate_count":0,"candidates":[],"coverage":{"complete":true,"examined":2,"scope":"hard_scope","total_lower_bound":0},"elapsed_us":1653,"lane_id":"grep","schema_version":1,"status":"complete","truncation_reason":null,"weight":0.8},{"candidate_count":0,"candidates":[],"coverage":{"complete":true,"examined":null,"scope":"hard_scope","total_lower_bound":0},"elapsed_us":382,"lane_id":"graph","schema_version":1,"status":"complete","truncation_reason":null,"weight":0.6}],"policy":{"completeness":"all_executed_lane_limits_remain_visible; obligation_role_does_not_erase_partial","deadline_ms":30000,"effective":"local","graph_source_mapping":"uid_byte_declaration_document; complete_mapping_is_not_whole_symbol_body_coverage","intent":"locate","lane_timeout_ms":20000,"no_answer":"empty_partial_is_not_absence; no_semantic_absence_claim_from_weak_rank","obligations":[{"lane_id":"exact_symbol","role":"identity","timeout_ms":20000},{"lane_id":"path","role":"identity","timeout_ms":20000},{"lane_id":"lexical","role":"source","timeout_ms":20000},{"lane_id":"grep","role":"source","timeout_ms":20000},{"lane_id":"graph","role":"supporting","timeout_ms":20000}],"path_source_domain":"canonical_scoped_existing_path_docs; else_bounded_tokens; not_whole_file_coverage","requested":"auto","semantic_state":"not_configured","semantic_timeout_ms":5000,"semantic_top_k":24,"version":"query-policy-local-semantic-canonical-path-domain-v4"},"scope":{"budget":{"exact_symbol_candidates":24,"grep_candidates":12,"grep_enabled":true,"grep_scan_cap":20000,"lexical_candidates":24,"path_candidates":24,"rerank_window":40,"top_k":10,"units":"candidate limits count chunks; grep_scan_cap counts decompressions, not SQL work, total memory or time; cached diagnostics describe originating computation, not work repeated on a cache hit"},"hard":{"empty":false,"explicit_file_count":null,"languages":null,"path_prefix":null,"path_prefix_truncated":false,"semantics":"conjunctive_repository_relative_case_sensitive_components; empty means contradictory/explicit-empty constraint, not an inventory count"},"ordering":["exact-target first (identity tier, not an additive score)","rerank_score descending = sum(score_trace)","chunk_id ascending"],"policy":"canonical-scoped-exact-path-domain-compact-context-budget-v22","schema_version":1,"soft":{"contributions":"per-hit score_trace is the additive bill; stage_a_layer_scores explain its capped stage-a component and must not be added twice; raw hint and excluded paths omitted","hint_entries":{"overlay":0,"pinned":0,"recent":0,"working":0},"preselected_count":1,"role":"ranking_and_scan_priority_only"}}},"search_hits":0,"selection":{"facets":{},"input_candidates":0,"intent":"locate","intent_facet_anchors":{},"limit_omitted":0,"original_ranks":[],"overlap":{"fully_covered_candidates":0,"input_bytes":0,"redundant_bytes":0,"unique_bytes":0},"requested_limit":10,"selected":0,"selected_overlap":{"fully_covered_candidates":0,"input_bytes":0,"redundant_bytes":0,"unique_bytes":0},"source_covered_omissions":0,"source_support_anchors":[],"source_support_scope":"literal_program_cue_in_validated_twice_topk_window_only; not_global_uniqueness_or_exact_identity","spec":"anchored-facets-distinctive-source-union-v2","unmet_facets":[]},"source_freshness":{"budget_exhausted":false,"checked_files":0,"dense_manifest_fence":{"checked":0,"skip_disposition":"stale_publication_skipped","skipped":0},"generation":{"evidence_epoch":1,"incarnation":[161,246,167,186,104,176,28,247,124,220,7,231,143,26,17,232],"index_epoch":5,"semantic_epoch":null},"hydrator":"current-document-scope-source-generation-v1","omitted_files":{},"partial":false,"read_budget_charged":0,"scope":"bounded per-file disk verification and optimistic full read generation; not an atomic filesystem snapshot","validation_work":{"candidate_projection_sql":{"fullscan_steps":0,"rows":0,"sorts":0,"statements":0,"vm_steps":0},"coverage":"current final-assembly attempt SELECTs for manifest, symbol identity and candidate projection; excludes prior attempts, transaction control, originating retrieval, generation, dense fence, graph and disk work; not total cost","schema_version":1,"source_records_sql":{"fullscan_steps":0,"rows":0,"sorts":0,"statements":0,"vm_steps":0}},"verified_hits":0}},"intent":"locate","invalidations":[],"machine_pack":{"hits":[],"kind":"code_index_context","query":"v18_query_gate_false_search","repo_size_tier":"Tiny","token_budget":4000,"top_k":10},"nodes":[],"query":"v18_query_gate_false_search","reasons":["hybrid search over code index"],"rendered_prompt":"Task: code-index search\nIntent: locate\nQuery: v18_query_gate_false_search\n\n","resolution_freshness":{"basis_epoch":null,"complete":true,"completed_files":0,"index_epoch":5,"reason":null,"retry":null,"root_count":0,"scope":"observed_resolution_invalidations","status":"ready"},"revision":0,"spans":[],"summary":"No indexed code results found for `v18_query_gate_false_search`.","task":"v18_query_gate_false_search","token_budget":4000,"token_estimate":1937},"tool":"search"}
V18_JSON {"args":{"retrieval_strategy":"auto","task":"v18_query_gate_false_context"},"result":{"evidence_summary":{"files":[],"graph_enrichment":{"callees_added":0,"callers_added":0,"symbols_resolved":0,"tests_found":0},"packing":{"compacted":false,"configured_max_bytes":18000,"continuation":"Use files region/expand on retained references; recheck source version.","limit_bytes":16000,"omitted_hits":0,"omitted_nodes":0,"original_hits":0,"original_nodes":0,"partial":false,"spec":"whole-json-intent-facets-source-support-before-incidental-v5","token_estimate_method":"ceil(serialized_utf8_bytes/4); not a tokenizer","used_bytes":7752},"retrieval":{"cost":{"coverage":"originating query work; lexical FTS and hydration SQL here; grep stage SQL in grep.stages; excludes preselection/exact lookup/graph SQL, FTS internal work and storage I/O; not total cost or a hard limit","fused_candidates":0,"hydrate_requested":0,"hydration":{"sql":{"fullscan_steps":0,"rows":0,"sorts":0,"statements":0,"vm_steps":0},"text":{"cache_hits":0,"legacy_auto_reads":0,"storage_reads":0,"utf8_bytes":0,"zstd_decodes":0}},"lane_candidates":{"exact_symbol":0,"graph":0,"grep":0,"lexical":0,"path":0},"lexical_sql":{"fullscan_steps":0,"rows":0,"sorts":1,"statements":1,"vm_steps":17},"schema_version":1},"grep":{"fallback_scanned":0,"prefilter_failed":false,"prefilter_scanned":0,"reason":null,"scan_cap":20000,"scanned":2,"skipped_duplicates":2,"soft_scanned":2,"stages":[{"stage":"soft","work":{"sql":{"fullscan_steps":0,"rows":2,"sorts":0,"statements":1,"vm_steps":29},"text":{"cache_hits":0,"legacy_auto_reads":0,"storage_reads":2,"utf8_bytes":66,"zstd_decodes":0}}},{"stage":"prefilter","work":{"sql":{"fullscan_steps":0,"rows":0,"sorts":1,"statements":1,"vm_steps":14},"text":{"cache_hits":0,"legacy_auto_reads":0,"storage_reads":0,"utf8_bytes":0,"zstd_decodes":0}}},{"stage":"fallback","work":{"sql":{"fullscan_steps":1,"rows":2,"sorts":0,"statements":1,"vm_steps":23},"text":{"cache_hits":0,"legacy_auto_reads":0,"storage_reads":0,"utf8_bytes":0,"zstd_decodes":0}}}],"status":"complete"},"lanes":[{"candidate_count":0,"candidates":[],"coverage":{"complete":true,"examined":null,"scope":"hard_scope","total_lower_bound":0},"elapsed_us":1726,"lane_id":"exact_symbol","schema_version":1,"status":"complete","truncation_reason":null,"weight":1.1},{"candidate_count":0,"candidates":[],"coverage":{"complete":true,"examined":null,"scope":"hard_scope","total_lower_bound":0},"elapsed_us":267,"lane_id":"path","schema_version":1,"status":"complete","truncation_reason":null,"weight":1.0},{"candidate_count":0,"candidates":[],"coverage":{"complete":true,"examined":null,"scope":"hard_scope","total_lower_bound":0},"elapsed_us":156,"lane_id":"lexical","schema_version":1,"status":"complete","truncation_reason":null,"weight":1.1},{"candidate_count":0,"candidates":[],"coverage":{"complete":true,"examined":2,"scope":"hard_scope","total_lower_bound":0},"elapsed_us":1740,"lane_id":"grep","schema_version":1,"status":"complete","truncation_reason":null,"weight":0.8},{"candidate_count":0,"candidates":[],"coverage":{"complete":true,"examined":null,"scope":"hard_scope","total_lower_bound":0},"elapsed_us":201,"lane_id":"graph","schema_version":1,"status":"complete","truncation_reason":null,"weight":0.6}],"policy":{"completeness":"all_executed_lane_limits_remain_visible; obligation_role_does_not_erase_partial","deadline_ms":30000,"effective":"local","graph_source_mapping":"uid_byte_declaration_document; complete_mapping_is_not_whole_symbol_body_coverage","intent":"locate","lane_timeout_ms":20000,"no_answer":"empty_partial_is_not_absence; no_semantic_absence_claim_from_weak_rank","obligations":[{"lane_id":"exact_symbol","role":"identity","timeout_ms":20000},{"lane_id":"path","role":"identity","timeout_ms":20000},{"lane_id":"lexical","role":"source","timeout_ms":20000},{"lane_id":"grep","role":"source","timeout_ms":20000},{"lane_id":"graph","role":"supporting","timeout_ms":20000}],"path_source_domain":"canonical_scoped_existing_path_docs; else_bounded_tokens; not_whole_file_coverage","requested":"auto","semantic_state":"not_configured","semantic_timeout_ms":5000,"semantic_top_k":24,"version":"query-policy-local-semantic-canonical-path-domain-v4"},"scope":{"budget":{"exact_symbol_candidates":24,"grep_candidates":12,"grep_enabled":true,"grep_scan_cap":20000,"lexical_candidates":24,"path_candidates":24,"rerank_window":40,"top_k":10,"units":"candidate limits count chunks; grep_scan_cap counts decompressions, not SQL work, total memory or time; cached diagnostics describe originating computation, not work repeated on a cache hit"},"hard":{"empty":false,"explicit_file_count":null,"languages":null,"path_prefix":null,"path_prefix_truncated":false,"semantics":"conjunctive_repository_relative_case_sensitive_components; empty means contradictory/explicit-empty constraint, not an inventory count"},"ordering":["exact-target first (identity tier, not an additive score)","rerank_score descending = sum(score_trace)","chunk_id ascending"],"policy":"canonical-scoped-exact-path-domain-compact-context-budget-v22","schema_version":1,"soft":{"contributions":"per-hit score_trace is the additive bill; stage_a_layer_scores explain its capped stage-a component and must not be added twice; raw hint and excluded paths omitted","hint_entries":{"overlay":0,"pinned":0,"recent":0,"working":0},"preselected_count":1,"role":"ranking_and_scan_priority_only"}}},"search_hits":0,"selection":{"facets":{},"input_candidates":0,"intent":"locate","intent_facet_anchors":{},"limit_omitted":0,"original_ranks":[],"overlap":{"fully_covered_candidates":0,"input_bytes":0,"redundant_bytes":0,"unique_bytes":0},"requested_limit":10,"selected":0,"selected_overlap":{"fully_covered_candidates":0,"input_bytes":0,"redundant_bytes":0,"unique_bytes":0},"source_covered_omissions":0,"source_support_anchors":[],"source_support_scope":"literal_program_cue_in_validated_twice_topk_window_only; not_global_uniqueness_or_exact_identity","spec":"anchored-facets-distinctive-source-union-v2","unmet_facets":[]},"source_freshness":{"budget_exhausted":false,"checked_files":0,"dense_manifest_fence":{"checked":0,"skip_disposition":"stale_publication_skipped","skipped":0},"generation":{"evidence_epoch":1,"incarnation":[161,246,167,186,104,176,28,247,124,220,7,231,143,26,17,232],"index_epoch":5,"semantic_epoch":null},"hydrator":"current-document-scope-source-generation-v1","omitted_files":{},"partial":false,"read_budget_charged":0,"scope":"bounded per-file disk verification and optimistic full read generation; not an atomic filesystem snapshot","validation_work":{"candidate_projection_sql":{"fullscan_steps":0,"rows":0,"sorts":0,"statements":0,"vm_steps":0},"coverage":"current final-assembly attempt SELECTs for manifest, symbol identity and candidate projection; excludes prior attempts, transaction control, originating retrieval, generation, dense fence, graph and disk work; not total cost","schema_version":1,"source_records_sql":{"fullscan_steps":0,"rows":0,"sorts":0,"statements":0,"vm_steps":0}},"verified_hits":0}},"intent":"locate","invalidations":[],"machine_pack":{"hits":[],"kind":"code_index_context","query":"v18_query_gate_false_context","repo_size_tier":"Tiny","token_budget":4000,"top_k":10},"nodes":[],"query":"v18_query_gate_false_context","reasons":["hybrid search over code index"],"rendered_prompt":"Task: code-index search\nIntent: locate\nQuery: v18_query_gate_false_context\n\n","resolution_freshness":{"basis_epoch":null,"complete":true,"completed_files":0,"index_epoch":5,"reason":null,"retry":null,"root_count":0,"scope":"observed_resolution_invalidations","status":"ready"},"revision":0,"spans":[],"summary":"No indexed code results found for `v18_query_gate_false_context`.","task":"v18_query_gate_false_context","token_budget":4000,"token_estimate":1938},"tool":"context"}
V18_JSON {"document_http_calls":0,"only_loopback":true,"query_http_calls":0,"real_credentials":false,"requests":[],"synthetic_vectors":true}
[2m2026-10-08T04:58:23.316328Z[0m [32m INFO[0m [1mserve_inner[0m[2m:[0m [2mrmcp::service[0m[2m:[0m input stream terminated
[2m2026-10-08T04:58:23.316392Z[0m [32m INFO[0m [1mserve_inner[0m[2m:[0m [2mrmcp::service[0m[2m:[0m serve finished [3mquit_reason[0m[2m=[0mClosed
[2m2026-10-08T04:58:23.316588Z[0m [32m INFO[0m [2mcc_server::mcp[0m[2m:[0m MCP server shut down gracefully
[2m2026-10-08T04:58:23.329084Z[0m [32m INFO[0m [2mcc_db::index_migrate[0m[2m:[0m initializing index schema [3mversion[0m[2m=[0m25
[2m2026-10-08T04:58:23.344485Z[0m [32m INFO[0m [1mserve_inner[0m[2m:[0m [2mrmcp::service[0m[2m:[0m Service initialized as server [3mpeer_info[0m[2m=[0mSome(InitializeRequestParams { meta: None, protocol_version: ProtocolVersion("2025-11-25"), capabilities: ClientCapabilities { experimental: None, extensions: None, roots: None, sampling: None, elicitation: None, tasks: None }, client_info: Implementation { name: "rmcp", title: None, version: "2.2.0", description: None, icons: None, website_url: None } })
[2m2026-10-08T04:58:23.344555Z[0m [32m INFO[0m [2mcc_server::mcp[0m[2m:[0m MCP server started on stdio
[2m2026-10-08T04:58:23.344810Z[0m [32m INFO[0m [1mserve_inner[0m[2m:[0m [2mrmcp::service[0m[2m:[0m received notification [3mnotification[0m[2m=[0mInitializedNotification(NotificationNoParam { method: InitializedNotificationMethod, extensions: Extensions })
[2m2026-10-08T04:58:23.345112Z[0m [32m INFO[0m [1mserve_inner[0m[2m:[0m [2mrmcp::handler::server[0m[2m:[0m client initialized
[2m2026-10-08T04:58:23.345451Z[0m [32m INFO[0m [2mcc_index::memory_budget[0m[2m:[0m memory budget initialized [3mtotal_ram_mb[0m[2m=[0m15989 [3mbudget_mb[0m[2m=[0m7994 [3mfraction[0m[2m=[0m0.5
[2m2026-10-08T04:58:23.372023Z[0m [32m INFO[0m [2mcc_db::index_db_rebuild[0m[2m:[0m full rebuild: creating temp database [3mtmp[0m[2m=[0m/tmp/.tmppqiLLB/project/.codecortex/index.sqlite3.tmp
[2m2026-10-08T04:58:23.516987Z[0m [32m INFO[0m [2mcc_db::index_db_rebuild[0m[2m:[0m full rebuild: writing data to temp database
[2m2026-10-08T04:58:23.519623Z[0m [32m INFO[0m [2mcc_db::index_db_rebuild[0m[2m:[0m full rebuild: recreating indexes
[2m2026-10-08T04:58:23.536528Z[0m [32m INFO[0m [2mcc_db::index_db_rebuild[0m[2m:[0m full rebuild: temp database ready for swap
[2m2026-10-08T04:58:23.536715Z[0m [32m INFO[0m [2mcc_index::memory_budget[0m[2m:[0m memory budget initialized [3mtotal_ram_mb[0m[2m=[0m15989 [3mbudget_mb[0m[2m=[0m7994 [3mfraction[0m[2m=[0m0.5
[2m2026-10-08T04:58:23.646645Z[0m [32m INFO[0m [2mcc_index::memory_budget[0m[2m:[0m memory budget initialized [3mtotal_ram_mb[0m[2m=[0m15989 [3mbudget_mb[0m[2m=[0m7994 [3mfraction[0m[2m=[0m0.5
[2m2026-10-08T04:58:23.650481Z[0m [32m INFO[0m [2mcc_index::memory_budget[0m[2m:[0m memory budget initialized [3mtotal_ram_mb[0m[2m=[0m15989 [3mbudget_mb[0m[2m=[0m7994 [3mfraction[0m[2m=[0m0.5
V18_JSON {"args":{"full":true,"path":"/tmp/.tmppqiLLB/project"},"result":{"build_explain":{"gate_decisions":[{"pass":"synthesis_round","reason":"both signatures changed","run":true},{"pass":"community","reason":"full rebuild","run":true},{"pass":"git_cochange","reason":"cache key unavailable","run":true},{"pass":"infra","reason":"signature algorithm changed","run":true},{"pass":"adr","reason":"no recorded signature","run":true}]},"chunk_policy":{"bytes":16384,"chars":16384,"estimated_tokens":4096,"lines":80,"merge_min_bytes":256},"chunks_total":2,"dirty_plan":{"dependency_sql":{"fullscan_steps":0,"rows":0,"sorts":0,"statements":0,"vm_steps":0},"file_budget":0,"parsed_files":1,"reasons":[],"rebased":false,"resumed":false,"selected_dependents":0},"document_changes":{"files_projected":1,"removed":0,"render_failed":0,"reusable_inputs":0,"unchanged":0,"upserted":2},"elapsed_ms":306,"files_added":1,"files_parsed":1,"files_removed":0,"files_scanned":1,"files_skipped":0,"files_updated":0,"parse_errors":[],"phase_timing":{"analysis_ms":2,"parse_ms":21,"postprocess_ms":0,"resolve_ms":0,"scan_diff_ms":4,"write_ms":109},"project_model":{"catalog_files":1,"changed_configs":[],"config_inputs":0,"config_parse_cache_hits":0,"config_reads":0,"config_root_probes":5,"config_roots":0,"diagnostics":[],"go_fact_cache_hits":0,"go_source_reads":0,"input_digest":"6608a5a5cd33639a82b1be8d943f3148241d6520b8e0d9930909feaaf0ec5b8c","inventory_source":"shared_walk","modes":[],"rust_fact_cache_hits":0,"rust_source_reads":0,"version":3},"public_surface_coverage":{"known":1,"known_empty":0,"parsed_files":1,"unknown":0,"unknown_reasons":{}},"resolution_coverage":{"ambiguous":0,"incomplete_files":0,"modules_ambiguous":0,"modules_external":0,"modules_resolved":0,"modules_unknown":0,"modules_unresolved":0,"modules_unsupported":0,"omitted_records":0,"packages_resolved":0,"processed_files":1,"resolved":2,"unresolved":0,"unsupported":0},"resolution_freshness":{"basis_epoch":null,"complete":true,"completed_files":0,"index_epoch":5,"reason":null,"retry":null,"root_count":0,"scope":"observed_resolution_invalidations","status":"ready"},"symbols_total":2,"used_parallel_parse":false},"tool":"index"}
V18_JSON {"args":{"aspect":"capabilities"},"result":{"capabilities":{"graph":true,"impact":true,"search":true},"has_index":true,"has_project":true,"indexed_files":1,"indexed_symbols":2,"resolution_freshness":{"basis_epoch":null,"complete":true,"completed_files":0,"index_epoch":5,"reason":null,"retry":null,"root_count":0,"scope":"observed_resolution_invalidations","status":"ready"},"retrieval":{"consistency":"point_in_time","default_effective_strategy":"local","default_query_state":"available_with_per_query_checks","default_strategy":"auto","dense_reason":"provider_and_vector_publication_not_implemented","dense_state":"disabled","diagnostic_sources":{"build":"BuildExplain on index response","graph":"GraphExplain on query response","lanes":"evidence_summary.retrieval.lanes or lane_receipts","packing":"evidence_summary.packing","selection":"evidence_summary.selection","semantic":"evidence_summary.retrieval.semantic (dense lane receipt projection)","source":"evidence_summary.source_freshness"},"execution":{"async_admitted":0,"async_in_flight":0,"async_limit":8,"completed":0,"cpu_admitted":0,"cpu_in_flight":0,"cpu_limit":4,"queue_limit":32,"rejected":0},"execution_scope":"process_shared_not_project_local","generation":{"evidence_epoch":1,"incarnation":[17,69,74,87,196,20,245,123,21,249,6,236,99,252,243,22],"index_epoch":5,"semantic_epoch":null},"generation_scope":"observed_database_snapshot","identity_validation":"checked_at_observation_boundary","index_state":"available","local_state":"available","pin_scope":"owned_query_views_including_inflight_clones_not_request_count","query_coverage":{"scope":"per_query_not_global","state":"not_measured"},"query_encoding":{"configured_opt_in":true,"network_authorized":false,"reason":"semantic_http_feature_required","request_scope":"nonlocal_nonempty_only"},"query_pins":0,"resolution_freshness":{"basis_epoch":null,"complete":true,"completed_files":0,"index_epoch":5,"reason":null,"retry":null,"root_count":0,"scope":"observed_resolution_invalidations","status":"ready"},"semantic_active_space":null,"semantic_state":"not_configured","service_state_scope":"process_observed_separately","spec":"retrieval-capabilities-v2"}},"tool":"status"}
V18_JSON {"args":{"query":"v18_query_gate_feature_off_search","retrieval_strategy":"auto"},"result":{"evidence_summary":{"files":[],"graph_enrichment":{"callees_added":0,"callers_added":0,"symbols_resolved":0,"tests_found":0},"packing":{"compacted":false,"configured_max_bytes":18000,"continuation":"Use files region/expand on retained references; recheck source version.","limit_bytes":16000,"omitted_hits":0,"omitted_nodes":0,"original_hits":0,"original_nodes":0,"partial":false,"spec":"whole-json-intent-facets-source-support-before-incidental-v5","token_estimate_method":"ceil(serialized_utf8_bytes/4); not a tokenizer","used_bytes":7771},"retrieval":{"cost":{"coverage":"originating query work; lexical FTS and hydration SQL here; grep stage SQL in grep.stages; excludes preselection/exact lookup/graph SQL, FTS internal work and storage I/O; not total cost or a hard limit","fused_candidates":0,"hydrate_requested":0,"hydration":{"sql":{"fullscan_steps":0,"rows":0,"sorts":0,"statements":0,"vm_steps":0},"text":{"cache_hits":0,"legacy_auto_reads":0,"storage_reads":0,"utf8_bytes":0,"zstd_decodes":0}},"lane_candidates":{"exact_symbol":0,"graph":0,"grep":0,"lexical":0,"path":0},"lexical_sql":{"fullscan_steps":0,"rows":0,"sorts":1,"statements":1,"vm_steps":17},"schema_version":1},"grep":{"fallback_scanned":0,"prefilter_failed":false,"prefilter_scanned":0,"reason":null,"scan_cap":20000,"scanned":2,"skipped_duplicates":2,"soft_scanned":2,"stages":[{"stage":"soft","work":{"sql":{"fullscan_steps":0,"rows":2,"sorts":0,"statements":1,"vm_steps":29},"text":{"cache_hits":0,"legacy_auto_reads":0,"storage_reads":2,"utf8_bytes":66,"zstd_decodes":0}}},{"stage":"prefilter","work":{"sql":{"fullscan_steps":0,"rows":0,"sorts":1,"statements":1,"vm_steps":14},"text":{"cache_hits":0,"legacy_auto_reads":0,"storage_reads":0,"utf8_bytes":0,"zstd_decodes":0}}},{"stage":"fallback","work":{"sql":{"fullscan_steps":1,"rows":2,"sorts":0,"statements":1,"vm_steps":23},"text":{"cache_hits":0,"legacy_auto_reads":0,"storage_reads":0,"utf8_bytes":0,"zstd_decodes":0}}}],"status":"complete"},"lanes":[{"candidate_count":0,"candidates":[],"coverage":{"complete":true,"examined":null,"scope":"hard_scope","total_lower_bound":0},"elapsed_us":195,"lane_id":"exact_symbol","schema_version":1,"status":"complete","truncation_reason":null,"weight":1.1},{"candidate_count":0,"candidates":[],"coverage":{"complete":true,"examined":null,"scope":"hard_scope","total_lower_bound":0},"elapsed_us":324,"lane_id":"path","schema_version":1,"status":"complete","truncation_reason":null,"weight":1.0},{"candidate_count":0,"candidates":[],"coverage":{"complete":true,"examined":null,"scope":"hard_scope","total_lower_bound":0},"elapsed_us":436,"lane_id":"lexical","schema_version":1,"status":"complete","truncation_reason":null,"weight":1.1},{"candidate_count":0,"candidates":[],"coverage":{"complete":true,"examined":2,"scope":"hard_scope","total_lower_bound":0},"elapsed_us":1666,"lane_id":"grep","schema_version":1,"status":"complete","truncation_reason":null,"weight":0.8},{"candidate_count":0,"candidates":[],"coverage":{"complete":true,"examined":null,"scope":"hard_scope","total_lower_bound":0},"elapsed_us":465,"lane_id":"graph","schema_version":1,"status":"complete","truncation_reason":null,"weight":0.6}],"policy":{"completeness":"all_executed_lane_limits_remain_visible; obligation_role_does_not_erase_partial","deadline_ms":30000,"effective":"local","graph_source_mapping":"uid_byte_declaration_document; complete_mapping_is_not_whole_symbol_body_coverage","intent":"locate","lane_timeout_ms":20000,"no_answer":"empty_partial_is_not_absence; no_semantic_absence_claim_from_weak_rank","obligations":[{"lane_id":"exact_symbol","role":"identity","timeout_ms":20000},{"lane_id":"path","role":"identity","timeout_ms":20000},{"lane_id":"lexical","role":"source","timeout_ms":20000},{"lane_id":"grep","role":"source","timeout_ms":20000},{"lane_id":"graph","role":"supporting","timeout_ms":20000}],"path_source_domain":"canonical_scoped_existing_path_docs; else_bounded_tokens; not_whole_file_coverage","requested":"auto","semantic_state":"not_configured","semantic_timeout_ms":5000,"semantic_top_k":24,"version":"query-policy-local-semantic-canonical-path-domain-v4"},"scope":{"budget":{"exact_symbol_candidates":24,"grep_candidates":12,"grep_enabled":true,"grep_scan_cap":20000,"lexical_candidates":24,"path_candidates":24,"rerank_window":40,"top_k":10,"units":"candidate limits count chunks; grep_scan_cap counts decompressions, not SQL work, total memory or time; cached diagnostics describe originating computation, not work repeated on a cache hit"},"hard":{"empty":false,"explicit_file_count":null,"languages":null,"path_prefix":null,"path_prefix_truncated":false,"semantics":"conjunctive_repository_relative_case_sensitive_components; empty means contradictory/explicit-empty constraint, not an inventory count"},"ordering":["exact-target first (identity tier, not an additive score)","rerank_score descending = sum(score_trace)","chunk_id ascending"],"policy":"canonical-scoped-exact-path-domain-compact-context-budget-v22","schema_version":1,"soft":{"contributions":"per-hit score_trace is the additive bill; stage_a_layer_scores explain its capped stage-a component and must not be added twice; raw hint and excluded paths omitted","hint_entries":{"overlay":0,"pinned":0,"recent":0,"working":0},"preselected_count":1,"role":"ranking_and_scan_priority_only"}}},"search_hits":0,"selection":{"facets":{},"input_candidates":0,"intent":"locate","intent_facet_anchors":{},"limit_omitted":0,"original_ranks":[],"overlap":{"fully_covered_candidates":0,"input_bytes":0,"redundant_bytes":0,"unique_bytes":0},"requested_limit":10,"selected":0,"selected_overlap":{"fully_covered_candidates":0,"input_bytes":0,"redundant_bytes":0,"unique_bytes":0},"source_covered_omissions":0,"source_support_anchors":[],"source_support_scope":"literal_program_cue_in_validated_twice_topk_window_only; not_global_uniqueness_or_exact_identity","spec":"anchored-facets-distinctive-source-union-v2","unmet_facets":[]},"source_freshness":{"budget_exhausted":false,"checked_files":0,"dense_manifest_fence":{"checked":0,"skip_disposition":"stale_publication_skipped","skipped":0},"generation":{"evidence_epoch":1,"incarnation":[17,69,74,87,196,20,245,123,21,249,6,236,99,252,243,22],"index_epoch":5,"semantic_epoch":null},"hydrator":"current-document-scope-source-generation-v1","omitted_files":{},"partial":false,"read_budget_charged":0,"scope":"bounded per-file disk verification and optimistic full read generation; not an atomic filesystem snapshot","validation_work":{"candidate_projection_sql":{"fullscan_steps":0,"rows":0,"sorts":0,"statements":0,"vm_steps":0},"coverage":"current final-assembly attempt SELECTs for manifest, symbol identity and candidate projection; excludes prior attempts, transaction control, originating retrieval, generation, dense fence, graph and disk work; not total cost","schema_version":1,"source_records_sql":{"fullscan_steps":0,"rows":0,"sorts":0,"statements":0,"vm_steps":0}},"verified_hits":0}},"intent":"locate","invalidations":[],"machine_pack":{"hits":[],"kind":"code_index_context","query":"v18_query_gate_feature_off_search","repo_size_tier":"Tiny","token_budget":4000,"top_k":10},"nodes":[],"query":"v18_query_gate_feature_off_search","reasons":["hybrid search over code index"],"rendered_prompt":"Task: code-index search\nIntent: locate\nQuery: v18_query_gate_feature_off_search\n\n","resolution_freshness":{"basis_epoch":null,"complete":true,"completed_files":0,"index_epoch":5,"reason":null,"retry":null,"root_count":0,"scope":"observed_resolution_invalidations","status":"ready"},"revision":0,"spans":[],"summary":"No indexed code results found for `v18_query_gate_feature_off_search`.","task":"v18_query_gate_feature_off_search","token_budget":4000,"token_estimate":1943},"tool":"search"}
V18_JSON {"args":{"retrieval_strategy":"auto","task":"v18_query_gate_feature_off_context"},"result":{"evidence_summary":{"files":[],"graph_enrichment":{"callees_added":0,"callers_added":0,"symbols_resolved":0,"tests_found":0},"packing":{"compacted":false,"configured_max_bytes":18000,"continuation":"Use files region/expand on retained references; recheck source version.","limit_bytes":16000,"omitted_hits":0,"omitted_nodes":0,"original_hits":0,"original_nodes":0,"partial":false,"spec":"whole-json-intent-facets-source-support-before-incidental-v5","token_estimate_method":"ceil(serialized_utf8_bytes/4); not a tokenizer","used_bytes":7778},"retrieval":{"cost":{"coverage":"originating query work; lexical FTS and hydration SQL here; grep stage SQL in grep.stages; excludes preselection/exact lookup/graph SQL, FTS internal work and storage I/O; not total cost or a hard limit","fused_candidates":0,"hydrate_requested":0,"hydration":{"sql":{"fullscan_steps":0,"rows":0,"sorts":0,"statements":0,"vm_steps":0},"text":{"cache_hits":0,"legacy_auto_reads":0,"storage_reads":0,"utf8_bytes":0,"zstd_decodes":0}},"lane_candidates":{"exact_symbol":0,"graph":0,"grep":0,"lexical":0,"path":0},"lexical_sql":{"fullscan_steps":0,"rows":0,"sorts":1,"statements":1,"vm_steps":17},"schema_version":1},"grep":{"fallback_scanned":0,"prefilter_failed":false,"prefilter_scanned":0,"reason":null,"scan_cap":20000,"scanned":2,"skipped_duplicates":2,"soft_scanned":2,"stages":[{"stage":"soft","work":{"sql":{"fullscan_steps":0,"rows":2,"sorts":0,"statements":1,"vm_steps":29},"text":{"cache_hits":0,"legacy_auto_reads":0,"storage_reads":2,"utf8_bytes":66,"zstd_decodes":0}}},{"stage":"prefilter","work":{"sql":{"fullscan_steps":0,"rows":0,"sorts":1,"statements":1,"vm_steps":14},"text":{"cache_hits":0,"legacy_auto_reads":0,"storage_reads":0,"utf8_bytes":0,"zstd_decodes":0}}},{"stage":"fallback","work":{"sql":{"fullscan_steps":1,"rows":2,"sorts":0,"statements":1,"vm_steps":23},"text":{"cache_hits":0,"legacy_auto_reads":0,"storage_reads":0,"utf8_bytes":0,"zstd_decodes":0}}}],"status":"complete"},"lanes":[{"candidate_count":0,"candidates":[],"coverage":{"complete":true,"examined":null,"scope":"hard_scope","total_lower_bound":0},"elapsed_us":1429,"lane_id":"exact_symbol","schema_version":1,"status":"complete","truncation_reason":null,"weight":1.1},{"candidate_count":0,"candidates":[],"coverage":{"complete":true,"examined":null,"scope":"hard_scope","total_lower_bound":0},"elapsed_us":1618,"lane_id":"path","schema_version":1,"status":"complete","truncation_reason":null,"weight":1.0},{"candidate_count":0,"candidates":[],"coverage":{"complete":true,"examined":null,"scope":"hard_scope","total_lower_bound":0},"elapsed_us":117,"lane_id":"lexical","schema_version":1,"status":"complete","truncation_reason":null,"weight":1.1},{"candidate_count":0,"candidates":[],"coverage":{"complete":true,"examined":2,"scope":"hard_scope","total_lower_bound":0},"elapsed_us":1270,"lane_id":"grep","schema_version":1,"status":"complete","truncation_reason":null,"weight":0.8},{"candidate_count":0,"candidates":[],"coverage":{"complete":true,"examined":null,"scope":"hard_scope","total_lower_bound":0},"elapsed_us":214,"lane_id":"graph","schema_version":1,"status":"complete","truncation_reason":null,"weight":0.6}],"policy":{"completeness":"all_executed_lane_limits_remain_visible; obligation_role_does_not_erase_partial","deadline_ms":30000,"effective":"local","graph_source_mapping":"uid_byte_declaration_document; complete_mapping_is_not_whole_symbol_body_coverage","intent":"locate","lane_timeout_ms":20000,"no_answer":"empty_partial_is_not_absence; no_semantic_absence_claim_from_weak_rank","obligations":[{"lane_id":"exact_symbol","role":"identity","timeout_ms":20000},{"lane_id":"path","role":"identity","timeout_ms":20000},{"lane_id":"lexical","role":"source","timeout_ms":20000},{"lane_id":"grep","role":"source","timeout_ms":20000},{"lane_id":"graph","role":"supporting","timeout_ms":20000}],"path_source_domain":"canonical_scoped_existing_path_docs; else_bounded_tokens; not_whole_file_coverage","requested":"auto","semantic_state":"not_configured","semantic_timeout_ms":5000,"semantic_top_k":24,"version":"query-policy-local-semantic-canonical-path-domain-v4"},"scope":{"budget":{"exact_symbol_candidates":24,"grep_candidates":12,"grep_enabled":true,"grep_scan_cap":20000,"lexical_candidates":24,"path_candidates":24,"rerank_window":40,"top_k":10,"units":"candidate limits count chunks; grep_scan_cap counts decompressions, not SQL work, total memory or time; cached diagnostics describe originating computation, not work repeated on a cache hit"},"hard":{"empty":false,"explicit_file_count":null,"languages":null,"path_prefix":null,"path_prefix_truncated":false,"semantics":"conjunctive_repository_relative_case_sensitive_components; empty means contradictory/explicit-empty constraint, not an inventory count"},"ordering":["exact-target first (identity tier, not an additive score)","rerank_score descending = sum(score_trace)","chunk_id ascending"],"policy":"canonical-scoped-exact-path-domain-compact-context-budget-v22","schema_version":1,"soft":{"contributions":"per-hit score_trace is the additive bill; stage_a_layer_scores explain its capped stage-a component and must not be added twice; raw hint and excluded paths omitted","hint_entries":{"overlay":0,"pinned":0,"recent":0,"working":0},"preselected_count":1,"role":"ranking_and_scan_priority_only"}}},"search_hits":0,"selection":{"facets":{},"input_candidates":0,"intent":"locate","intent_facet_anchors":{},"limit_omitted":0,"original_ranks":[],"overlap":{"fully_covered_candidates":0,"input_bytes":0,"redundant_bytes":0,"unique_bytes":0},"requested_limit":10,"selected":0,"selected_overlap":{"fully_covered_candidates":0,"input_bytes":0,"redundant_bytes":0,"unique_bytes":0},"source_covered_omissions":0,"source_support_anchors":[],"source_support_scope":"literal_program_cue_in_validated_twice_topk_window_only; not_global_uniqueness_or_exact_identity","spec":"anchored-facets-distinctive-source-union-v2","unmet_facets":[]},"source_freshness":{"budget_exhausted":false,"checked_files":0,"dense_manifest_fence":{"checked":0,"skip_disposition":"stale_publication_skipped","skipped":0},"generation":{"evidence_epoch":1,"incarnation":[17,69,74,87,196,20,245,123,21,249,6,236,99,252,243,22],"index_epoch":5,"semantic_epoch":null},"hydrator":"current-document-scope-source-generation-v1","omitted_files":{},"partial":false,"read_budget_charged":0,"scope":"bounded per-file disk verification and optimistic full read generation; not an atomic filesystem snapshot","validation_work":{"candidate_projection_sql":{"fullscan_steps":0,"rows":0,"sorts":0,"statements":0,"vm_steps":0},"coverage":"current final-assembly attempt SELECTs for manifest, symbol identity and candidate projection; excludes prior attempts, transaction control, originating retrieval, generation, dense fence, graph and disk work; not total cost","schema_version":1,"source_records_sql":{"fullscan_steps":0,"rows":0,"sorts":0,"statements":0,"vm_steps":0}},"verified_hits":0}},"intent":"locate","invalidations":[],"machine_pack":{"hits":[],"kind":"code_index_context","query":"v18_query_gate_feature_off_context","repo_size_tier":"Tiny","token_budget":4000,"top_k":10},"nodes":[],"query":"v18_query_gate_feature_off_context","reasons":["hybrid search over code index"],"rendered_prompt":"Task: code-index search\nIntent: locate\nQuery: v18_query_gate_feature_off_context\n\n","resolution_freshness":{"basis_epoch":null,"complete":true,"completed_files":0,"index_epoch":5,"reason":null,"retry":null,"root_count":0,"scope":"observed_resolution_invalidations","status":"ready"},"revision":0,"spans":[],"summary":"No indexed code results found for `v18_query_gate_feature_off_context`.","task":"v18_query_gate_feature_off_context","token_budget":4000,"token_estimate":1945},"tool":"context"}
V18_JSON {"document_http_calls":0,"only_loopback":true,"query_http_calls":0,"real_credentials":false,"requests":[],"synthetic_vectors":true}
[2m2026-10-08T04:58:23.675511Z[0m [32m INFO[0m [1mserve_inner[0m[2m:[0m [2mrmcp::service[0m[2m:[0m input stream terminated
[2m2026-10-08T04:58:23.675586Z[0m [32m INFO[0m [1mserve_inner[0m[2m:[0m [2mrmcp::service[0m[2m:[0m serve finished [3mquit_reason[0m[2m=[0mClosed
[2m2026-10-08T04:58:23.675759Z[0m [32m INFO[0m [2mcc_server::mcp[0m[2m:[0m MCP server shut down gracefully
test query_network_contract::each_missing_gate_keeps_cold_requests_off_the_network ... ok

test result: ok. 8 passed; 0 failed; 0 ignored; 0 measured; 0 filtered out; finished in 2.31s

