   Compiling cc-server v1.0.0 (/home/runner/work/codecortex/codecortex/crates/cc-server)
    Finished `test` profile [unoptimized] target(s) in 9.25s
     Running tests/mcp_stdio.rs (/home/runner/work/_temp/p7-closeout-target/debug/deps/mcp_stdio-b2d33fc58c41fb62)

running 9 tests
[2m2026-10-08T04:59:43.938237Z[0m [32m INFO[0m [2mcc_db::index_migrate[0m[2m:[0m initializing index schema [3mversion[0m[2m=[0m25
[2m2026-10-08T04:59:43.938613Z[0m [32m INFO[0m [2mcc_db::index_migrate[0m[2m:[0m initializing index schema [3mversion[0m[2m=[0m25
[2m2026-10-08T04:59:43.938784Z[0m [32m INFO[0m [2mcc_db::index_migrate[0m[2m:[0m initializing index schema [3mversion[0m[2m=[0m25
[2m2026-10-08T04:59:43.938776Z[0m [32m INFO[0m [2mcc_db::index_migrate[0m[2m:[0m initializing index schema [3mversion[0m[2m=[0m25
[2m2026-10-08T04:59:43.961401Z[0m [32m INFO[0m [2mcc_index::memory_budget[0m[2m:[0m memory budget initialized [3mtotal_ram_mb[0m[2m=[0m15989 [3mbudget_mb[0m[2m=[0m7994 [3mfraction[0m[2m=[0m0.5
[2m2026-10-08T04:59:43.963981Z[0m [32m INFO[0m [1mserve_inner[0m[2m:[0m [2mrmcp::service[0m[2m:[0m Service initialized as server [3mpeer_info[0m[2m=[0mSome(InitializeRequestParams { meta: None, protocol_version: ProtocolVersion("2025-11-25"), capabilities: ClientCapabilities { experimental: None, extensions: None, roots: None, sampling: None, elicitation: None, tasks: None }, client_info: Implementation { name: "rmcp", title: None, version: "2.2.0", description: None, icons: None, website_url: None } })
[2m2026-10-08T04:59:43.964296Z[0m [32m INFO[0m [1mserve_inner[0m[2m:[0m [2mrmcp::service[0m[2m:[0m received notification [3mnotification[0m[2m=[0mInitializedNotification(NotificationNoParam { method: InitializedNotificationMethod, extensions: Extensions })
[2m2026-10-08T04:59:43.964564Z[0m [32m INFO[0m [2mcc_index::memory_budget[0m[2m:[0m memory budget initialized [3mtotal_ram_mb[0m[2m=[0m15989 [3mbudget_mb[0m[2m=[0m7994 [3mfraction[0m[2m=[0m0.5
[2m2026-10-08T04:59:43.964648Z[0m [32m INFO[0m [1mserve_inner[0m[2m:[0m [2mrmcp::handler::server[0m[2m:[0m client initialized
[2m2026-10-08T04:59:43.964952Z[0m [32m INFO[0m [2mcc_index::memory_budget[0m[2m:[0m memory budget initialized [3mtotal_ram_mb[0m[2m=[0m15989 [3mbudget_mb[0m[2m=[0m7994 [3mfraction[0m[2m=[0m0.5
[2m2026-10-08T04:59:43.965155Z[0m [32m INFO[0m [2mcc_server::watcher[0m[2m:[0m watcher: counted project files for adaptive debounce [3mfile_count[0m[2m=[0m3
[2m2026-10-08T04:59:43.965173Z[0m [32m INFO[0m [2mcc_server::watcher[0m[2m:[0m watcher: adaptive debounce interval computed [3mdebounce_ms[0m[2m=[0m500
[2m2026-10-08T04:59:43.965291Z[0m [32m INFO[0m [2mcc_server::mcp[0m[2m:[0m MCP server started on stdio
[2m2026-10-08T04:59:43.966027Z[0m [32m INFO[0m [2mcc_index::memory_budget[0m[2m:[0m memory budget initialized [3mtotal_ram_mb[0m[2m=[0m15989 [3mbudget_mb[0m[2m=[0m7994 [3mfraction[0m[2m=[0m0.5
[2m2026-10-08T04:59:43.966677Z[0m [32m INFO[0m [1mserve_inner[0m[2m:[0m [2mrmcp::service[0m[2m:[0m Service initialized as server [3mpeer_info[0m[2m=[0mSome(InitializeRequestParams { meta: None, protocol_version: ProtocolVersion("2025-11-25"), capabilities: ClientCapabilities { experimental: None, extensions: None, roots: None, sampling: None, elicitation: None, tasks: None }, client_info: Implementation { name: "rmcp", title: None, version: "2.2.0", description: None, icons: None, website_url: None } })
[2m2026-10-08T04:59:43.966740Z[0m [32m INFO[0m [2mcc_server::mcp[0m[2m:[0m MCP server started on stdio
[2m2026-10-08T04:59:43.968809Z[0m [32m INFO[0m [2mcc_server::watcher[0m[2m:[0m watcher: counted project files for adaptive debounce [3mfile_count[0m[2m=[0m3
[2m2026-10-08T04:59:43.968833Z[0m [32m INFO[0m [2mcc_server::watcher[0m[2m:[0m watcher: adaptive debounce interval computed [3mdebounce_ms[0m[2m=[0m500
[2m2026-10-08T04:59:43.969056Z[0m [32m INFO[0m [1mserve_inner[0m[2m:[0m [2mrmcp::service[0m[2m:[0m Service initialized as server [3mpeer_info[0m[2m=[0mSome(InitializeRequestParams { meta: None, protocol_version: ProtocolVersion("2025-11-25"), capabilities: ClientCapabilities { experimental: None, extensions: None, roots: None, sampling: None, elicitation: None, tasks: None }, client_info: Implementation { name: "rmcp", title: None, version: "2.2.0", description: None, icons: None, website_url: None } })
[2m2026-10-08T04:59:43.969119Z[0m [32m INFO[0m [2mcc_server::mcp[0m[2m:[0m MCP server started on stdio
[2m2026-10-08T04:59:43.969391Z[0m [32m INFO[0m [1mserve_inner[0m[2m:[0m [2mrmcp::service[0m[2m:[0m received notification [3mnotification[0m[2m=[0mInitializedNotification(NotificationNoParam { method: InitializedNotificationMethod, extensions: Extensions })
[2m2026-10-08T04:59:43.969468Z[0m [32m INFO[0m [1mserve_inner[0m[2m:[0m [2mrmcp::handler::server[0m[2m:[0m client initialized
[2m2026-10-08T04:59:43.969979Z[0m [32m INFO[0m [1mserve_inner[0m[2m:[0m [2mrmcp::service[0m[2m:[0m Service initialized as server [3mpeer_info[0m[2m=[0mSome(InitializeRequestParams { meta: None, protocol_version: ProtocolVersion("2025-11-25"), capabilities: ClientCapabilities { experimental: None, extensions: None, roots: None, sampling: None, elicitation: None, tasks: None }, client_info: Implementation { name: "rmcp", title: None, version: "2.2.0", description: None, icons: None, website_url: None } })
[2m2026-10-08T04:59:43.970047Z[0m [32m INFO[0m [2mcc_server::mcp[0m[2m:[0m MCP server started on stdio
[2m2026-10-08T04:59:43.971893Z[0m [32m INFO[0m [2mcc_server::watcher[0m[2m:[0m watcher: counted project files for adaptive debounce [3mfile_count[0m[2m=[0m3
[2m2026-10-08T04:59:43.972219Z[0m [32m INFO[0m [2mcc_server::watcher[0m[2m:[0m watcher: adaptive debounce interval computed [3mdebounce_ms[0m[2m=[0m500
[2m2026-10-08T04:59:43.972377Z[0m [32m INFO[0m [2mcc_server::watcher[0m[2m:[0m watcher: counted project files for adaptive debounce [3mfile_count[0m[2m=[0m3
[2m2026-10-08T04:59:43.972406Z[0m [32m INFO[0m [2mcc_server::watcher[0m[2m:[0m watcher: adaptive debounce interval computed [3mdebounce_ms[0m[2m=[0m500
[2m2026-10-08T04:59:43.972732Z[0m [32m INFO[0m [1mserve_inner[0m[2m:[0m [2mrmcp::service[0m[2m:[0m received notification [3mnotification[0m[2m=[0mInitializedNotification(NotificationNoParam { method: InitializedNotificationMethod, extensions: Extensions })
[2m2026-10-08T04:59:43.972816Z[0m [32m INFO[0m [1mserve_inner[0m[2m:[0m [2mrmcp::handler::server[0m[2m:[0m client initialized
[2m2026-10-08T04:59:43.972871Z[0m [32m INFO[0m [2mcc_server::project_session[0m[2m:[0m watcher native subscription ready [3mnative_start_ms[0m[2m=[0m8
[2m2026-10-08T04:59:43.973081Z[0m [32m INFO[0m [2mcc_server::watcher[0m[2m:[0m watcher: counted project files for adaptive debounce [3mfile_count[0m[2m=[0m3
[2m2026-10-08T04:59:43.973103Z[0m [32m INFO[0m [2mcc_server::watcher[0m[2m:[0m watcher: adaptive debounce interval computed [3mdebounce_ms[0m[2m=[0m500
[2m2026-10-08T04:59:43.973497Z[0m [32m INFO[0m [2mcc_server::project_session[0m[2m:[0m watcher native subscription ready [3mnative_start_ms[0m[2m=[0m7
[2m2026-10-08T04:59:43.976892Z[0m [32m INFO[0m [2mcc_server::watcher[0m[2m:[0m watcher: counted project files for adaptive debounce [3mfile_count[0m[2m=[0m3
[2m2026-10-08T04:59:43.976915Z[0m [32m INFO[0m [2mcc_server::watcher[0m[2m:[0m watcher: adaptive debounce interval computed [3mdebounce_ms[0m[2m=[0m500
[2m2026-10-08T04:59:43.977389Z[0m [32m INFO[0m [2mcc_server::project_session[0m[2m:[0m watcher native subscription ready [3mnative_start_ms[0m[2m=[0m2
[2m2026-10-08T04:59:43.977542Z[0m [32m INFO[0m [1mserve_inner[0m[2m:[0m [2mrmcp::service[0m[2m:[0m received notification [3mnotification[0m[2m=[0mInitializedNotification(NotificationNoParam { method: InitializedNotificationMethod, extensions: Extensions })
[2m2026-10-08T04:59:43.977918Z[0m [32m INFO[0m [1mserve_inner[0m[2m:[0m [2mrmcp::handler::server[0m[2m:[0m client initialized
[2m2026-10-08T04:59:43.979021Z[0m [32m INFO[0m [2mcc_server::watcher[0m[2m:[0m watcher: counted project files for adaptive debounce [3mfile_count[0m[2m=[0m3
[2m2026-10-08T04:59:43.979040Z[0m [32m INFO[0m [2mcc_server::watcher[0m[2m:[0m watcher: adaptive debounce interval computed [3mdebounce_ms[0m[2m=[0m500
[2m2026-10-08T04:59:43.981028Z[0m [32m INFO[0m [2mcc_server::watcher[0m[2m:[0m watcher: counted project files for adaptive debounce [3mfile_count[0m[2m=[0m3
[2m2026-10-08T04:59:43.981679Z[0m [32m INFO[0m [2mcc_server::project_session[0m[2m:[0m watcher native subscription ready [3mnative_start_ms[0m[2m=[0m11
[2m2026-10-08T04:59:43.982211Z[0m [32m INFO[0m [2mcc_server::watcher[0m[2m:[0m watcher: adaptive debounce interval computed [3mdebounce_ms[0m[2m=[0m500
[2m2026-10-08T04:59:43.988741Z[0m [32m INFO[0m [2mcc_server::project_session[0m[2m:[0m watcher native subscription ready [3mnative_start_ms[0m[2m=[0m10
[2m2026-10-08T04:59:44.028524Z[0m [32m INFO[0m [2mcc_index::indexer[0m[2m:[0m pre-resolve framework enrichment active [3mresolvers[0m[2m=[0m["flask"] [3mhas_go_router[0m[2m=[0mfalse
[2m2026-10-08T04:59:44.031047Z[0m [32m INFO[0m [2mcc_index::indexer[0m[2m:[0m pre-resolve framework enrichment active [3mresolvers[0m[2m=[0m["flask"] [3mhas_go_router[0m[2m=[0mfalse
[2m2026-10-08T04:59:44.043203Z[0m [32m INFO[0m [2mcc_index::indexer[0m[2m:[0m pre-resolve framework enrichment active [3mresolvers[0m[2m=[0m["flask"] [3mhas_go_router[0m[2m=[0mfalse
[2m2026-10-08T04:59:44.043226Z[0m [32m INFO[0m [2mcc_index::indexer[0m[2m:[0m pre-resolve framework enrichment active [3mresolvers[0m[2m=[0m["flask"] [3mhas_go_router[0m[2m=[0mfalse
[2m2026-10-08T04:59:44.069253Z[0m [32m INFO[0m [2mcc_index::memory_budget[0m[2m:[0m memory budget initialized [3mtotal_ram_mb[0m[2m=[0m15989 [3mbudget_mb[0m[2m=[0m7994 [3mfraction[0m[2m=[0m0.5
[2m2026-10-08T04:59:44.071672Z[0m [32m INFO[0m [2mcc_index::memory_budget[0m[2m:[0m memory budget initialized [3mtotal_ram_mb[0m[2m=[0m15989 [3mbudget_mb[0m[2m=[0m7994 [3mfraction[0m[2m=[0m0.5
[2m2026-10-08T04:59:44.083686Z[0m [32m INFO[0m [2mcc_index::memory_budget[0m[2m:[0m memory budget initialized [3mtotal_ram_mb[0m[2m=[0m15989 [3mbudget_mb[0m[2m=[0m7994 [3mfraction[0m[2m=[0m0.5
[2m2026-10-08T04:59:44.084133Z[0m [32m INFO[0m [2mcc_index::indexer_phases::write[0m[2m:[0m generated hierarchy edges [3mcount[0m[2m=[0m10
[2m2026-10-08T04:59:44.084535Z[0m [32m INFO[0m [2mcc_index::memory_budget[0m[2m:[0m memory budget initialized [3mtotal_ram_mb[0m[2m=[0m15989 [3mbudget_mb[0m[2m=[0m7994 [3mfraction[0m[2m=[0m0.5
[2m2026-10-08T04:59:44.086664Z[0m [32m INFO[0m [2mcc_index::memory_budget[0m[2m:[0m memory budget initialized [3mtotal_ram_mb[0m[2m=[0m15989 [3mbudget_mb[0m[2m=[0m7994 [3mfraction[0m[2m=[0m0.5
[2m2026-10-08T04:59:44.087674Z[0m [32m INFO[0m [2mcc_index::indexer_phases::write[0m[2m:[0m generated hierarchy edges [3mcount[0m[2m=[0m10
[2m2026-10-08T04:59:44.089537Z[0m [32m INFO[0m [2mcc_index::memory_budget[0m[2m:[0m memory budget initialized [3mtotal_ram_mb[0m[2m=[0m15989 [3mbudget_mb[0m[2m=[0m7994 [3mfraction[0m[2m=[0m0.5
[2m2026-10-08T04:59:44.091911Z[0m [32m INFO[0m [2mcc_index::memory_budget[0m[2m:[0m memory budget initialized [3mtotal_ram_mb[0m[2m=[0m15989 [3mbudget_mb[0m[2m=[0m7994 [3mfraction[0m[2m=[0m0.5
[2m2026-10-08T04:59:44.094406Z[0m [32m INFO[0m [2mcc_index::memory_budget[0m[2m:[0m memory budget initialized [3mtotal_ram_mb[0m[2m=[0m15989 [3mbudget_mb[0m[2m=[0m7994 [3mfraction[0m[2m=[0m0.5
[2m2026-10-08T04:59:44.095196Z[0m [32m INFO[0m [2mcc_index::memory_budget[0m[2m:[0m memory budget initialized [3mtotal_ram_mb[0m[2m=[0m15989 [3mbudget_mb[0m[2m=[0m7994 [3mfraction[0m[2m=[0m0.5
[2m2026-10-08T04:59:44.097143Z[0m [32m INFO[0m [2mcc_index::memory_budget[0m[2m:[0m memory budget initialized [3mtotal_ram_mb[0m[2m=[0m15989 [3mbudget_mb[0m[2m=[0m7994 [3mfraction[0m[2m=[0m0.5
[2m2026-10-08T04:59:44.098489Z[0m [32m INFO[0m [2mcc_index::indexer_phases::write[0m[2m:[0m generated hierarchy edges [3mcount[0m[2m=[0m10
[2m2026-10-08T04:59:44.098800Z[0m [32m INFO[0m [2mcc_index::indexer_phases::write[0m[2m:[0m generated hierarchy edges [3mcount[0m[2m=[0m10
[2m2026-10-08T04:59:44.100253Z[0m [32m INFO[0m [2mcc_index::memory_budget[0m[2m:[0m memory budget initialized [3mtotal_ram_mb[0m[2m=[0m15989 [3mbudget_mb[0m[2m=[0m7994 [3mfraction[0m[2m=[0m0.5
[2m2026-10-08T04:59:44.101259Z[0m [32m INFO[0m [2mcc_index::memory_budget[0m[2m:[0m memory budget initialized [3mtotal_ram_mb[0m[2m=[0m15989 [3mbudget_mb[0m[2m=[0m7994 [3mfraction[0m[2m=[0m0.5
[2m2026-10-08T04:59:44.107373Z[0m [32m INFO[0m [2mcc_index::memory_budget[0m[2m:[0m memory budget initialized [3mtotal_ram_mb[0m[2m=[0m15989 [3mbudget_mb[0m[2m=[0m7994 [3mfraction[0m[2m=[0m0.5
[2m2026-10-08T04:59:44.108545Z[0m [32m INFO[0m [2mcc_index::memory_budget[0m[2m:[0m memory budget initialized [3mtotal_ram_mb[0m[2m=[0m15989 [3mbudget_mb[0m[2m=[0m7994 [3mfraction[0m[2m=[0m0.5
[2m2026-10-08T04:59:44.109450Z[0m [32m INFO[0m [2mcc_index::memory_budget[0m[2m:[0m memory budget initialized [3mtotal_ram_mb[0m[2m=[0m15989 [3mbudget_mb[0m[2m=[0m7994 [3mfraction[0m[2m=[0m0.5
[2m2026-10-08T04:59:44.110336Z[0m [32m INFO[0m [2mcc_index::memory_budget[0m[2m:[0m memory budget initialized [3mtotal_ram_mb[0m[2m=[0m15989 [3mbudget_mb[0m[2m=[0m7994 [3mfraction[0m[2m=[0m0.5
[2m2026-10-08T04:59:44.112840Z[0m [32m INFO[0m [2mcc_index::indexer[0m[2m:[0m pre-resolve framework enrichment active [3mresolvers[0m[2m=[0m["flask"] [3mhas_go_router[0m[2m=[0mfalse
[2m2026-10-08T04:59:44.113090Z[0m [32m INFO[0m [2mcc_index::indexer[0m[2m:[0m pre-resolve framework enrichment active [3mresolvers[0m[2m=[0m["flask"] [3mhas_go_router[0m[2m=[0mfalse
[2m2026-10-08T04:59:44.122349Z[0m [32m INFO[0m [2mcc_db::index_db_rebuild[0m[2m:[0m full rebuild: creating temp database [3mtmp[0m[2m=[0m/tmp/.tmpR2AHc8/.codecortex/index.sqlite3.tmp
[2m2026-10-08T04:59:44.122546Z[0m [32m INFO[0m [2mcc_db::index_db_rebuild[0m[2m:[0m full rebuild: creating temp database [3mtmp[0m[2m=[0m/tmp/.tmp4jFii6/.codecortex/index.sqlite3.tmp
[2m2026-10-08T04:59:44.124865Z[0m [32m INFO[0m [2mcc_index::indexer[0m[2m:[0m pre-resolve framework enrichment active [3mresolvers[0m[2m=[0m["flask"] [3mhas_go_router[0m[2m=[0mfalse
[2m2026-10-08T04:59:44.125277Z[0m [32m INFO[0m [2mcc_index::indexer[0m[2m:[0m pre-resolve framework enrichment active [3mresolvers[0m[2m=[0m["flask"] [3mhas_go_router[0m[2m=[0mfalse
[2m2026-10-08T04:59:44.131879Z[0m [32m INFO[0m [2mcc_db::index_db_rebuild[0m[2m:[0m full rebuild: creating temp database [3mtmp[0m[2m=[0m/tmp/.tmpt9YMXZ/.codecortex/index.sqlite3.tmp
[2m2026-10-08T04:59:44.132534Z[0m [32m INFO[0m [2mcc_db::index_db_rebuild[0m[2m:[0m full rebuild: creating temp database [3mtmp[0m[2m=[0m/tmp/.tmpQWsoX3/.codecortex/index.sqlite3.tmp
[2m2026-10-08T04:59:44.516302Z[0m [32m INFO[0m [2mcc_db::index_db_rebuild[0m[2m:[0m full rebuild: writing data to temp database
[2m2026-10-08T04:59:44.523000Z[0m [32m INFO[0m [2mcc_db::index_db_rebuild[0m[2m:[0m full rebuild: writing data to temp database
[2m2026-10-08T04:59:44.526823Z[0m [32m INFO[0m [2mcc_db::index_db_rebuild[0m[2m:[0m full rebuild: recreating indexes
[2m2026-10-08T04:59:44.532495Z[0m [32m INFO[0m [2mcc_db::index_db_rebuild[0m[2m:[0m full rebuild: writing data to temp database
[2m2026-10-08T04:59:44.532598Z[0m [32m INFO[0m [2mcc_db::index_db_rebuild[0m[2m:[0m full rebuild: writing data to temp database
[2m2026-10-08T04:59:44.534790Z[0m [32m INFO[0m [2mcc_db::index_db_rebuild[0m[2m:[0m full rebuild: recreating indexes
[2m2026-10-08T04:59:44.551161Z[0m [32m INFO[0m [2mcc_db::index_db_rebuild[0m[2m:[0m full rebuild: recreating indexes
[2m2026-10-08T04:59:44.551201Z[0m [32m INFO[0m [2mcc_db::index_db_rebuild[0m[2m:[0m full rebuild: recreating indexes
[2m2026-10-08T04:59:44.586696Z[0m [32m INFO[0m [2mcc_db::index_db_rebuild[0m[2m:[0m full rebuild: temp database ready for swap
[2m2026-10-08T04:59:44.587008Z[0m [32m INFO[0m [2mcc_index::memory_budget[0m[2m:[0m memory budget initialized [3mtotal_ram_mb[0m[2m=[0m15989 [3mbudget_mb[0m[2m=[0m7994 [3mfraction[0m[2m=[0m0.5
[2m2026-10-08T04:59:44.598479Z[0m [32m INFO[0m [2mcc_db::index_db_rebuild[0m[2m:[0m full rebuild: temp database ready for swap
[2m2026-10-08T04:59:44.598740Z[0m [32m INFO[0m [2mcc_index::memory_budget[0m[2m:[0m memory budget initialized [3mtotal_ram_mb[0m[2m=[0m15989 [3mbudget_mb[0m[2m=[0m7994 [3mfraction[0m[2m=[0m0.5
[2m2026-10-08T04:59:44.603073Z[0m [32m INFO[0m [2mcc_db::index_db_rebuild[0m[2m:[0m full rebuild: temp database ready for swap
[2m2026-10-08T04:59:44.603360Z[0m [32m INFO[0m [2mcc_index::memory_budget[0m[2m:[0m memory budget initialized [3mtotal_ram_mb[0m[2m=[0m15989 [3mbudget_mb[0m[2m=[0m7994 [3mfraction[0m[2m=[0m0.5
[2m2026-10-08T04:59:44.603566Z[0m [32m INFO[0m [2mcc_db::index_db_rebuild[0m[2m:[0m full rebuild: temp database ready for swap
[2m2026-10-08T04:59:44.603829Z[0m [32m INFO[0m [2mcc_index::memory_budget[0m[2m:[0m memory budget initialized [3mtotal_ram_mb[0m[2m=[0m15989 [3mbudget_mb[0m[2m=[0m7994 [3mfraction[0m[2m=[0m0.5
[2m2026-10-08T04:59:44.744278Z[0m [32m INFO[0m [2mcc_index::memory_budget[0m[2m:[0m memory budget initialized [3mtotal_ram_mb[0m[2m=[0m15989 [3mbudget_mb[0m[2m=[0m7994 [3mfraction[0m[2m=[0m0.5
[2m2026-10-08T04:59:44.749806Z[0m [32m INFO[0m [2mcc_index::memory_budget[0m[2m:[0m memory budget initialized [3mtotal_ram_mb[0m[2m=[0m15989 [3mbudget_mb[0m[2m=[0m7994 [3mfraction[0m[2m=[0m0.5
[2m2026-10-08T04:59:44.764117Z[0m [32m INFO[0m [2mcc_index::memory_budget[0m[2m:[0m memory budget initialized [3mtotal_ram_mb[0m[2m=[0m15989 [3mbudget_mb[0m[2m=[0m7994 [3mfraction[0m[2m=[0m0.5
[2m2026-10-08T04:59:44.767333Z[0m [32m INFO[0m [1mserve_inner[0m[2m:[0m [2mrmcp::service[0m[2m:[0m input stream terminated
[2m2026-10-08T04:59:44.767401Z[0m [32m INFO[0m [1mserve_inner[0m[2m:[0m [2mrmcp::service[0m[2m:[0m serve finished [3mquit_reason[0m[2m=[0mClosed
[2m2026-10-08T04:59:44.768469Z[0m [32m INFO[0m [2mcc_index::memory_budget[0m[2m:[0m memory budget initialized [3mtotal_ram_mb[0m[2m=[0m15989 [3mbudget_mb[0m[2m=[0m7994 [3mfraction[0m[2m=[0m0.5
[2m2026-10-08T04:59:44.810393Z[0m [32m INFO[0m [1mserve_inner[0m[2m:[0m [2mrmcp::service[0m[2m:[0m input stream terminated
[2m2026-10-08T04:59:44.810452Z[0m [32m INFO[0m [1mserve_inner[0m[2m:[0m [2mrmcp::service[0m[2m:[0m serve finished [3mquit_reason[0m[2m=[0mClosed
[2m2026-10-08T04:59:44.846518Z[0m [32m INFO[0m [2mcc_index::memory_budget[0m[2m:[0m memory budget initialized [3mtotal_ram_mb[0m[2m=[0m15989 [3mbudget_mb[0m[2m=[0m7994 [3mfraction[0m[2m=[0m0.5
[2m2026-10-08T04:59:44.850371Z[0m [32m INFO[0m [2mcc_index::memory_budget[0m[2m:[0m memory budget initialized [3mtotal_ram_mb[0m[2m=[0m15989 [3mbudget_mb[0m[2m=[0m7994 [3mfraction[0m[2m=[0m0.5
[2m2026-10-08T04:59:44.915158Z[0m [32m INFO[0m [1mserve_inner[0m[2m:[0m [2mrmcp::service[0m[2m:[0m input stream terminated
[2m2026-10-08T04:59:44.915230Z[0m [32m INFO[0m [1mserve_inner[0m[2m:[0m [2mrmcp::service[0m[2m:[0m serve finished [3mquit_reason[0m[2m=[0mClosed
[2m2026-10-08T04:59:44.973739Z[0m [32m INFO[0m [2mcc_server::mcp[0m[2m:[0m MCP server shut down gracefully
[2m2026-10-08T04:59:44.977709Z[0m [32m INFO[0m [2mcc_server::mcp[0m[2m:[0m MCP server shut down gracefully
[2m2026-10-08T04:59:44.981892Z[0m [32m INFO[0m [2mcc_server::mcp[0m[2m:[0m MCP server shut down gracefully
[2m2026-10-08T04:59:45.086130Z[0m [32m INFO[0m [2mcc_index::memory_budget[0m[2m:[0m memory budget initialized [3mtotal_ram_mb[0m[2m=[0m15989 [3mbudget_mb[0m[2m=[0m7994 [3mfraction[0m[2m=[0m0.5
test stdio_hybrid_search_context_envelope_and_impact_blast_radius ... ok
[2m2026-10-08T04:59:45.090371Z[0m [32m INFO[0m [2mcc_index::memory_budget[0m[2m:[0m memory budget initialized [3mtotal_ram_mb[0m[2m=[0m15989 [3mbudget_mb[0m[2m=[0m7994 [3mfraction[0m[2m=[0m0.5
[2m2026-10-08T04:59:45.130532Z[0m [32m INFO[0m [2mcc_db::index_migrate[0m[2m:[0m initializing index schema [3mversion[0m[2m=[0m25
test stdio_analysis_tools_smoke ... ok
test stdio_architecture_files_node_and_relations_views ... ok
[2m2026-10-08T04:59:45.147051Z[0m [32m INFO[0m [2mcc_db::index_migrate[0m[2m:[0m initializing index schema [3mversion[0m[2m=[0m25
[2m2026-10-08T04:59:45.152950Z[0m [32m INFO[0m [2mcc_index::memory_budget[0m[2m:[0m memory budget initialized [3mtotal_ram_mb[0m[2m=[0m15989 [3mbudget_mb[0m[2m=[0m7994 [3mfraction[0m[2m=[0m0.5
[2m2026-10-08T04:59:45.153492Z[0m [32m INFO[0m [1mserve_inner[0m[2m:[0m [2mrmcp::service[0m[2m:[0m Service initialized as server [3mpeer_info[0m[2m=[0mSome(InitializeRequestParams { meta: None, protocol_version: ProtocolVersion("2025-11-25"), capabilities: ClientCapabilities { experimental: None, extensions: None, roots: None, sampling: None, elicitation: None, tasks: None }, client_info: Implementation { name: "rmcp", title: None, version: "2.2.0", description: None, icons: None, website_url: None } })
[2m2026-10-08T04:59:45.153563Z[0m [32m INFO[0m [2mcc_server::mcp[0m[2m:[0m MCP server started on stdio
[2m2026-10-08T04:59:45.155175Z[0m [32m INFO[0m [1mserve_inner[0m[2m:[0m [2mrmcp::service[0m[2m:[0m input stream terminated
[2m2026-10-08T04:59:45.155249Z[0m [32m INFO[0m [1mserve_inner[0m[2m:[0m [2mrmcp::service[0m[2m:[0m serve finished [3mquit_reason[0m[2m=[0mClosed
[2m2026-10-08T04:59:45.156078Z[0m [32m INFO[0m [2mcc_server::watcher[0m[2m:[0m watcher: counted project files for adaptive debounce [3mfile_count[0m[2m=[0m3
[2m2026-10-08T04:59:45.156123Z[0m [32m INFO[0m [2mcc_server::watcher[0m[2m:[0m watcher: adaptive debounce interval computed [3mdebounce_ms[0m[2m=[0m500
[2m2026-10-08T04:59:45.156499Z[0m [32m INFO[0m [2mcc_server::project_session[0m[2m:[0m watcher native subscription ready [3mnative_start_ms[0m[2m=[0m2
[2m2026-10-08T04:59:45.156792Z[0m [32m INFO[0m [1mserve_inner[0m[2m:[0m [2mrmcp::service[0m[2m:[0m received notification [3mnotification[0m[2m=[0mInitializedNotification(NotificationNoParam { method: InitializedNotificationMethod, extensions: Extensions })
[2m2026-10-08T04:59:45.157076Z[0m [32m INFO[0m [1mserve_inner[0m[2m:[0m [2mrmcp::handler::server[0m[2m:[0m client initialized
[2m2026-10-08T04:59:45.158642Z[0m [32m INFO[0m [2mcc_db::index_migrate[0m[2m:[0m initializing index schema [3mversion[0m[2m=[0m25
[2m2026-10-08T04:59:45.159659Z[0m [32m INFO[0m [2mcc_server::watcher[0m[2m:[0m watcher: counted project files for adaptive debounce [3mfile_count[0m[2m=[0m3
[2m2026-10-08T04:59:45.159683Z[0m [32m INFO[0m [2mcc_server::watcher[0m[2m:[0m watcher: adaptive debounce interval computed [3mdebounce_ms[0m[2m=[0m500
[2m2026-10-08T04:59:45.160298Z[0m [32m INFO[0m [2mcc_server::project_session[0m[2m:[0m watcher native subscription ready [3mnative_start_ms[0m[2m=[0m2
[2m2026-10-08T04:59:45.170381Z[0m [32m INFO[0m [2mcc_index::memory_budget[0m[2m:[0m memory budget initialized [3mtotal_ram_mb[0m[2m=[0m15989 [3mbudget_mb[0m[2m=[0m7994 [3mfraction[0m[2m=[0m0.5
[2m2026-10-08T04:59:45.174690Z[0m [32m INFO[0m [1mserve_inner[0m[2m:[0m [2mrmcp::service[0m[2m:[0m Service initialized as server [3mpeer_info[0m[2m=[0mSome(InitializeRequestParams { meta: None, protocol_version: ProtocolVersion("2025-11-25"), capabilities: ClientCapabilities { experimental: None, extensions: None, roots: None, sampling: None, elicitation: None, tasks: None }, client_info: Implementation { name: "rmcp", title: None, version: "2.2.0", description: None, icons: None, website_url: None } })
[2m2026-10-08T04:59:45.175328Z[0m [32m INFO[0m [2mcc_server::mcp[0m[2m:[0m MCP server started on stdio
[2m2026-10-08T04:59:45.177110Z[0m [32m INFO[0m [2mcc_server::watcher[0m[2m:[0m watcher: counted project files for adaptive debounce [3mfile_count[0m[2m=[0m3
[2m2026-10-08T04:59:45.177133Z[0m [32m INFO[0m [2mcc_server::watcher[0m[2m:[0m watcher: adaptive debounce interval computed [3mdebounce_ms[0m[2m=[0m500
[2m2026-10-08T04:59:45.178024Z[0m [32m INFO[0m [1mserve_inner[0m[2m:[0m [2mrmcp::service[0m[2m:[0m received notification [3mnotification[0m[2m=[0mInitializedNotification(NotificationNoParam { method: InitializedNotificationMethod, extensions: Extensions })
[2m2026-10-08T04:59:45.178283Z[0m [33m WARN[0m [1mserve_inner[0m[2m:[0m [2mrmcp::service[0m[2m:[0m response error [3mid[0m[2m=[0m1 [3merror[0m[2m=[0mErrorData { code: ErrorCode(-32602), message: "invalid kind: 'sideways' (valid: callers, callees, both, refs, hierarchy)", data: None }
[2m2026-10-08T04:59:45.178454Z[0m [32m INFO[0m [2mcc_server::project_session[0m[2m:[0m watcher native subscription ready [3mnative_start_ms[0m[2m=[0m3
[2m2026-10-08T04:59:45.178493Z[0m [32m INFO[0m [1mserve_inner[0m[2m:[0m [2mrmcp::handler::server[0m[2m:[0m client initialized
[2m2026-10-08T04:59:45.182052Z[0m [33m WARN[0m [1mserve_inner[0m[2m:[0m [2mrmcp::service[0m[2m:[0m response error [3mid[0m[2m=[0m2 [3merror[0m[2m=[0mErrorData { code: ErrorCode(-32602), message: "invalid aspect: 'bogus' (valid: overview, communities, frameworks, routes, services, async, boundaries, env, unresolved)", data: None }
[2m2026-10-08T04:59:45.182523Z[0m [32m INFO[0m [2mcc_index::memory_budget[0m[2m:[0m memory budget initialized [3mtotal_ram_mb[0m[2m=[0m15989 [3mbudget_mb[0m[2m=[0m7994 [3mfraction[0m[2m=[0m0.5
[2m2026-10-08T04:59:45.183314Z[0m [32m INFO[0m [1mserve_inner[0m[2m:[0m [2mrmcp::service[0m[2m:[0m input stream terminated
[2m2026-10-08T04:59:45.183368Z[0m [32m INFO[0m [1mserve_inner[0m[2m:[0m [2mrmcp::service[0m[2m:[0m serve finished [3mquit_reason[0m[2m=[0mClosed
[2m2026-10-08T04:59:45.184008Z[0m [32m INFO[0m [1mserve_inner[0m[2m:[0m [2mrmcp::service[0m[2m:[0m Service initialized as server [3mpeer_info[0m[2m=[0mSome(InitializeRequestParams { meta: None, protocol_version: ProtocolVersion("2025-11-25"), capabilities: ClientCapabilities { experimental: None, extensions: None, roots: None, sampling: None, elicitation: None, tasks: None }, client_info: Implementation { name: "rmcp", title: None, version: "2.2.0", description: None, icons: None, website_url: None } })
[2m2026-10-08T04:59:45.184077Z[0m [32m INFO[0m [2mcc_server::mcp[0m[2m:[0m MCP server started on stdio
[2m2026-10-08T04:59:45.185736Z[0m [32m INFO[0m [2mcc_server::watcher[0m[2m:[0m watcher: counted project files for adaptive debounce [3mfile_count[0m[2m=[0m2
[2m2026-10-08T04:59:45.186178Z[0m [32m INFO[0m [1mserve_inner[0m[2m:[0m [2mrmcp::service[0m[2m:[0m received notification [3mnotification[0m[2m=[0mInitializedNotification(NotificationNoParam { method: InitializedNotificationMethod, extensions: Extensions })
[2m2026-10-08T04:59:45.186659Z[0m [32m INFO[0m [1mserve_inner[0m[2m:[0m [2mrmcp::handler::server[0m[2m:[0m client initialized
[2m2026-10-08T04:59:45.186737Z[0m [32m INFO[0m [2mcc_server::watcher[0m[2m:[0m watcher: adaptive debounce interval computed [3mdebounce_ms[0m[2m=[0m500
[2m2026-10-08T04:59:45.188151Z[0m [32m INFO[0m [2mcc_server::project_session[0m[2m:[0m watcher native subscription ready [3mnative_start_ms[0m[2m=[0m5
[2m2026-10-08T04:59:45.192224Z[0m [32m INFO[0m [2mcc_server::watcher[0m[2m:[0m watcher: counted project files for adaptive debounce [3mfile_count[0m[2m=[0m2
[2m2026-10-08T04:59:45.192245Z[0m [32m INFO[0m [2mcc_server::watcher[0m[2m:[0m watcher: adaptive debounce interval computed [3mdebounce_ms[0m[2m=[0m500
[2m2026-10-08T04:59:45.194978Z[0m [32m INFO[0m [2mcc_server::project_session[0m[2m:[0m watcher native subscription ready [3mnative_start_ms[0m[2m=[0m4
[2m2026-10-08T04:59:45.211443Z[0m [32m INFO[0m [2mcc_index::memory_budget[0m[2m:[0m memory budget initialized [3mtotal_ram_mb[0m[2m=[0m15989 [3mbudget_mb[0m[2m=[0m7994 [3mfraction[0m[2m=[0m0.5
[2m2026-10-08T04:59:45.212656Z[0m [32m INFO[0m [2mcc_index::indexer[0m[2m:[0m pre-resolve framework enrichment active [3mresolvers[0m[2m=[0m["flask"] [3mhas_go_router[0m[2m=[0mfalse
[2m2026-10-08T04:59:45.224501Z[0m [32m INFO[0m [2mcc_index::indexer_phases::write[0m[2m:[0m generated hierarchy edges [3mcount[0m[2m=[0m4
[2m2026-10-08T04:59:45.226038Z[0m [32m INFO[0m [2mcc_index::memory_budget[0m[2m:[0m memory budget initialized [3mtotal_ram_mb[0m[2m=[0m15989 [3mbudget_mb[0m[2m=[0m7994 [3mfraction[0m[2m=[0m0.5
[2m2026-10-08T04:59:45.228029Z[0m [32m INFO[0m [2mcc_index::indexer[0m[2m:[0m pre-resolve framework enrichment active [3mresolvers[0m[2m=[0m["flask"] [3mhas_go_router[0m[2m=[0mfalse
[2m2026-10-08T04:59:45.230863Z[0m [32m INFO[0m [2mcc_index::memory_budget[0m[2m:[0m memory budget initialized [3mtotal_ram_mb[0m[2m=[0m15989 [3mbudget_mb[0m[2m=[0m7994 [3mfraction[0m[2m=[0m0.5
[2m2026-10-08T04:59:45.234249Z[0m [32m INFO[0m [2mcc_index::memory_budget[0m[2m:[0m memory budget initialized [3mtotal_ram_mb[0m[2m=[0m15989 [3mbudget_mb[0m[2m=[0m7994 [3mfraction[0m[2m=[0m0.5
[2m2026-10-08T04:59:45.244188Z[0m [32m INFO[0m [2mcc_db::index_db_rebuild[0m[2m:[0m full rebuild: creating temp database [3mtmp[0m[2m=[0m/tmp/.tmptETPRv/.codecortex/index.sqlite3.tmp
[2m2026-10-08T04:59:45.249185Z[0m [32m INFO[0m [2mcc_index::memory_budget[0m[2m:[0m memory budget initialized [3mtotal_ram_mb[0m[2m=[0m15989 [3mbudget_mb[0m[2m=[0m7994 [3mfraction[0m[2m=[0m0.5
[2m2026-10-08T04:59:45.258605Z[0m [32m INFO[0m [2mcc_index::memory_budget[0m[2m:[0m memory budget initialized [3mtotal_ram_mb[0m[2m=[0m15989 [3mbudget_mb[0m[2m=[0m7994 [3mfraction[0m[2m=[0m0.5
[2m2026-10-08T04:59:45.261818Z[0m [32m INFO[0m [2mcc_index::indexer_phases::write[0m[2m:[0m generated hierarchy edges [3mcount[0m[2m=[0m10
[2m2026-10-08T04:59:45.263933Z[0m [32m INFO[0m [2mcc_index::memory_budget[0m[2m:[0m memory budget initialized [3mtotal_ram_mb[0m[2m=[0m15989 [3mbudget_mb[0m[2m=[0m7994 [3mfraction[0m[2m=[0m0.5
[2m2026-10-08T04:59:45.268635Z[0m [32m INFO[0m [2mcc_index::memory_budget[0m[2m:[0m memory budget initialized [3mtotal_ram_mb[0m[2m=[0m15989 [3mbudget_mb[0m[2m=[0m7994 [3mfraction[0m[2m=[0m0.5
[2m2026-10-08T04:59:45.295072Z[0m [32m INFO[0m [2mcc_index::indexer_phases::write[0m[2m:[0m generated hierarchy edges [3mcount[0m[2m=[0m10
[2m2026-10-08T04:59:45.295371Z[0m [32m INFO[0m [2mcc_index::memory_budget[0m[2m:[0m memory budget initialized [3mtotal_ram_mb[0m[2m=[0m15989 [3mbudget_mb[0m[2m=[0m7994 [3mfraction[0m[2m=[0m0.5
[2m2026-10-08T04:59:45.297121Z[0m [32m INFO[0m [2mcc_index::memory_budget[0m[2m:[0m memory budget initialized [3mtotal_ram_mb[0m[2m=[0m15989 [3mbudget_mb[0m[2m=[0m7994 [3mfraction[0m[2m=[0m0.5
[2m2026-10-08T04:59:45.301445Z[0m [32m INFO[0m [2mcc_index::memory_budget[0m[2m:[0m memory budget initialized [3mtotal_ram_mb[0m[2m=[0m15989 [3mbudget_mb[0m[2m=[0m7994 [3mfraction[0m[2m=[0m0.5
[2m2026-10-08T04:59:45.307752Z[0m [32m INFO[0m [2mcc_index::indexer[0m[2m:[0m pre-resolve framework enrichment active [3mresolvers[0m[2m=[0m["flask"] [3mhas_go_router[0m[2m=[0mfalse
[2m2026-10-08T04:59:45.316012Z[0m [32m INFO[0m [2mcc_db::index_db_rebuild[0m[2m:[0m full rebuild: creating temp database [3mtmp[0m[2m=[0m/tmp/.tmpF3BGKA/.codecortex/index.sqlite3.tmp
[2m2026-10-08T04:59:45.503961Z[0m [32m INFO[0m [2mcc_db::index_db_rebuild[0m[2m:[0m full rebuild: writing data to temp database
[2m2026-10-08T04:59:45.509384Z[0m [32m INFO[0m [2mcc_db::index_db_rebuild[0m[2m:[0m full rebuild: recreating indexes
[2m2026-10-08T04:59:45.626905Z[0m [32m INFO[0m [2mcc_db::index_db_rebuild[0m[2m:[0m full rebuild: temp database ready for swap
[2m2026-10-08T04:59:45.627206Z[0m [32m INFO[0m [2mcc_index::memory_budget[0m[2m:[0m memory budget initialized [3mtotal_ram_mb[0m[2m=[0m15989 [3mbudget_mb[0m[2m=[0m7994 [3mfraction[0m[2m=[0m0.5
[2m2026-10-08T04:59:45.645785Z[0m [32m INFO[0m [2mcc_db::index_db_rebuild[0m[2m:[0m full rebuild: writing data to temp database
[2m2026-10-08T04:59:45.651235Z[0m [32m INFO[0m [2mcc_index::memory_budget[0m[2m:[0m memory budget initialized [3mtotal_ram_mb[0m[2m=[0m15989 [3mbudget_mb[0m[2m=[0m7994 [3mfraction[0m[2m=[0m0.5
[2m2026-10-08T04:59:45.654157Z[0m [32m INFO[0m [2mcc_db::index_db_rebuild[0m[2m:[0m full rebuild: recreating indexes
[2m2026-10-08T04:59:45.655299Z[0m [32m INFO[0m [2mcc_index::memory_budget[0m[2m:[0m memory budget initialized [3mtotal_ram_mb[0m[2m=[0m15989 [3mbudget_mb[0m[2m=[0m7994 [3mfraction[0m[2m=[0m0.5
[2m2026-10-08T04:59:45.663338Z[0m [32m INFO[0m [1mserve_inner[0m[2m:[0m [2mrmcp::service[0m[2m:[0m input stream terminated
[2m2026-10-08T04:59:45.663446Z[0m [32m INFO[0m [1mserve_inner[0m[2m:[0m [2mrmcp::service[0m[2m:[0m serve finished [3mquit_reason[0m[2m=[0mClosed
[2m2026-10-08T04:59:45.676315Z[0m [32m INFO[0m [2mcc_db::index_db_rebuild[0m[2m:[0m full rebuild: temp database ready for swap
[2m2026-10-08T04:59:45.676553Z[0m [32m INFO[0m [2mcc_index::memory_budget[0m[2m:[0m memory budget initialized [3mtotal_ram_mb[0m[2m=[0m15989 [3mbudget_mb[0m[2m=[0m7994 [3mfraction[0m[2m=[0m0.5
[2m2026-10-08T04:59:45.782161Z[0m [32m INFO[0m [2mcc_index::memory_budget[0m[2m:[0m memory budget initialized [3mtotal_ram_mb[0m[2m=[0m15989 [3mbudget_mb[0m[2m=[0m7994 [3mfraction[0m[2m=[0m0.5
[2m2026-10-08T04:59:45.786052Z[0m [32m INFO[0m [2mcc_index::memory_budget[0m[2m:[0m memory budget initialized [3mtotal_ram_mb[0m[2m=[0m15989 [3mbudget_mb[0m[2m=[0m7994 [3mfraction[0m[2m=[0m0.5
[2m2026-10-08T04:59:45.794947Z[0m [32m INFO[0m [1mserve_inner[0m[2m:[0m [2mrmcp::service[0m[2m:[0m input stream terminated
[2m2026-10-08T04:59:45.795013Z[0m [32m INFO[0m [1mserve_inner[0m[2m:[0m [2mrmcp::service[0m[2m:[0m serve finished [3mquit_reason[0m[2m=[0mClosed
[2m2026-10-08T04:59:45.989120Z[0m [32m INFO[0m [2mcc_server::mcp[0m[2m:[0m MCP server shut down gracefully
test stdio_graph_tools_smoke ... ok
[2m2026-10-08T04:59:46.148530Z[0m [32m INFO[0m [2mcc_db::index_migrate[0m[2m:[0m initializing index schema [3mversion[0m[2m=[0m25
[2m2026-10-08T04:59:46.160456Z[0m [32m INFO[0m [2mcc_server::mcp[0m[2m:[0m MCP server shut down gracefully
[2m2026-10-08T04:59:46.164062Z[0m [32m INFO[0m [2mcc_index::memory_budget[0m[2m:[0m memory budget initialized [3mtotal_ram_mb[0m[2m=[0m15989 [3mbudget_mb[0m[2m=[0m7994 [3mfraction[0m[2m=[0m0.5
[2m2026-10-08T04:59:46.165169Z[0m [32m INFO[0m [1mserve_inner[0m[2m:[0m [2mrmcp::service[0m[2m:[0m Service initialized as server [3mpeer_info[0m[2m=[0mSome(InitializeRequestParams { meta: None, protocol_version: ProtocolVersion("2025-11-25"), capabilities: ClientCapabilities { experimental: None, extensions: None, roots: None, sampling: None, elicitation: None, tasks: None }, client_info: Implementation { name: "rmcp", title: None, version: "2.2.0", description: None, icons: None, website_url: None } })
[2m2026-10-08T04:59:46.165242Z[0m [32m INFO[0m [2mcc_server::mcp[0m[2m:[0m MCP server started on stdio
[2m2026-10-08T04:59:46.165487Z[0m [32m INFO[0m [1mserve_inner[0m[2m:[0m [2mrmcp::service[0m[2m:[0m received notification [3mnotification[0m[2m=[0mInitializedNotification(NotificationNoParam { method: InitializedNotificationMethod, extensions: Extensions })
[2m2026-10-08T04:59:46.165563Z[0m [32m INFO[0m [1mserve_inner[0m[2m:[0m [2mrmcp::handler::server[0m[2m:[0m client initialized
[2m2026-10-08T04:59:46.166151Z[0m [32m INFO[0m [2mcc_server::watcher[0m[2m:[0m watcher: counted project files for adaptive debounce [3mfile_count[0m[2m=[0m3
[2m2026-10-08T04:59:46.166170Z[0m [32m INFO[0m [2mcc_server::watcher[0m[2m:[0m watcher: adaptive debounce interval computed [3mdebounce_ms[0m[2m=[0m500
[2m2026-10-08T04:59:46.167646Z[0m [32m INFO[0m [2mcc_server::watcher[0m[2m:[0m watcher: counted project files for adaptive debounce [3mfile_count[0m[2m=[0m3
[2m2026-10-08T04:59:46.167659Z[0m [32m INFO[0m [2mcc_server::watcher[0m[2m:[0m watcher: adaptive debounce interval computed [3mdebounce_ms[0m[2m=[0m500
[2m2026-10-08T04:59:46.167985Z[0m [32m INFO[0m [2mcc_server::project_session[0m[2m:[0m watcher native subscription ready [3mnative_start_ms[0m[2m=[0m1
[2m2026-10-08T04:59:46.178865Z[0m [32m INFO[0m [2mcc_server::mcp[0m[2m:[0m MCP server shut down gracefully
[2m2026-10-08T04:59:46.196829Z[0m [32m INFO[0m [2mcc_server::mcp[0m[2m:[0m MCP server shut down gracefully
[2m2026-10-08T04:59:46.254745Z[0m [32m INFO[0m [2mcc_index::indexer[0m[2m:[0m pre-resolve framework enrichment active [3mresolvers[0m[2m=[0m["flask"] [3mhas_go_router[0m[2m=[0mfalse
test stdio_mcp_lists_tools_and_calls_core_tools ... ok
test stdio_ingest_traces_and_adr_delete ... ok
test stdio_invalid_enum_value_maps_to_invalid_params ... ok
[2m2026-10-08T04:59:46.284851Z[0m [32m INFO[0m [2mcc_db::index_migrate[0m[2m:[0m initializing index schema [3mversion[0m[2m=[0m25
[2m2026-10-08T04:59:46.285370Z[0m [32m INFO[0m [2mcc_index::memory_budget[0m[2m:[0m memory budget initialized [3mtotal_ram_mb[0m[2m=[0m15989 [3mbudget_mb[0m[2m=[0m7994 [3mfraction[0m[2m=[0m0.5
[2m2026-10-08T04:59:46.293998Z[0m [32m INFO[0m [2mcc_index::indexer_phases::write[0m[2m:[0m generated hierarchy edges [3mcount[0m[2m=[0m10
[2m2026-10-08T04:59:46.295404Z[0m [32m INFO[0m [2mcc_index::memory_budget[0m[2m:[0m memory budget initialized [3mtotal_ram_mb[0m[2m=[0m15989 [3mbudget_mb[0m[2m=[0m7994 [3mfraction[0m[2m=[0m0.5
[2m2026-10-08T04:59:46.299152Z[0m [32m INFO[0m [2mcc_index::memory_budget[0m[2m:[0m memory budget initialized [3mtotal_ram_mb[0m[2m=[0m15989 [3mbudget_mb[0m[2m=[0m7994 [3mfraction[0m[2m=[0m0.5
[2m2026-10-08T04:59:46.300480Z[0m [32m INFO[0m [2mcc_index::memory_budget[0m[2m:[0m memory budget initialized [3mtotal_ram_mb[0m[2m=[0m15989 [3mbudget_mb[0m[2m=[0m7994 [3mfraction[0m[2m=[0m0.5
[2m2026-10-08T04:59:46.310718Z[0m [32m INFO[0m [2mcc_index::indexer[0m[2m:[0m pre-resolve framework enrichment active [3mresolvers[0m[2m=[0m["flask"] [3mhas_go_router[0m[2m=[0mfalse
[2m2026-10-08T04:59:46.317287Z[0m [32m INFO[0m [2mcc_db::index_db_rebuild[0m[2m:[0m full rebuild: creating temp database [3mtmp[0m[2m=[0m/tmp/.tmps7vwJM/.codecortex/index.sqlite3.tmp
[2m2026-10-08T04:59:46.359222Z[0m [32m INFO[0m [1mserve_inner[0m[2m:[0m [2mrmcp::service[0m[2m:[0m Service initialized as server [3mpeer_info[0m[2m=[0mSome(InitializeRequestParams { meta: None, protocol_version: ProtocolVersion("2025-11-25"), capabilities: ClientCapabilities { experimental: None, extensions: None, roots: None, sampling: None, elicitation: None, tasks: None }, client_info: Implementation { name: "rmcp", title: None, version: "2.2.0", description: None, icons: None, website_url: None } })
[2m2026-10-08T04:59:46.359296Z[0m [32m INFO[0m [2mcc_server::mcp[0m[2m:[0m MCP server started on stdio
[2m2026-10-08T04:59:46.359288Z[0m [32m INFO[0m [2mcc_index::memory_budget[0m[2m:[0m memory budget initialized [3mtotal_ram_mb[0m[2m=[0m15989 [3mbudget_mb[0m[2m=[0m7994 [3mfraction[0m[2m=[0m0.5
[2m2026-10-08T04:59:46.360171Z[0m [32m INFO[0m [1mserve_inner[0m[2m:[0m [2mrmcp::service[0m[2m:[0m received notification [3mnotification[0m[2m=[0mInitializedNotification(NotificationNoParam { method: InitializedNotificationMethod, extensions: Extensions })
[2m2026-10-08T04:59:46.360258Z[0m [32m INFO[0m [1mserve_inner[0m[2m:[0m [2mrmcp::handler::server[0m[2m:[0m client initialized
[2m2026-10-08T04:59:46.361993Z[0m [32m INFO[0m [2mcc_server::watcher[0m[2m:[0m watcher: counted project files for adaptive debounce [3mfile_count[0m[2m=[0m3
[2m2026-10-08T04:59:46.362017Z[0m [32m INFO[0m [2mcc_server::watcher[0m[2m:[0m watcher: adaptive debounce interval computed [3mdebounce_ms[0m[2m=[0m500
[2m2026-10-08T04:59:46.364007Z[0m [32m INFO[0m [2mcc_server::watcher[0m[2m:[0m watcher: counted project files for adaptive debounce [3mfile_count[0m[2m=[0m3
[2m2026-10-08T04:59:46.364031Z[0m [32m INFO[0m [2mcc_server::watcher[0m[2m:[0m watcher: adaptive debounce interval computed [3mdebounce_ms[0m[2m=[0m500
[2m2026-10-08T04:59:46.364375Z[0m [32m INFO[0m [2mcc_server::project_session[0m[2m:[0m watcher native subscription ready [3mnative_start_ms[0m[2m=[0m2
[2m2026-10-08T04:59:46.400906Z[0m [32m INFO[0m [2mcc_index::indexer[0m[2m:[0m pre-resolve framework enrichment active [3mresolvers[0m[2m=[0m["flask"] [3mhas_go_router[0m[2m=[0mfalse
[2m2026-10-08T04:59:46.427592Z[0m [32m INFO[0m [2mcc_index::memory_budget[0m[2m:[0m memory budget initialized [3mtotal_ram_mb[0m[2m=[0m15989 [3mbudget_mb[0m[2m=[0m7994 [3mfraction[0m[2m=[0m0.5
[2m2026-10-08T04:59:46.437327Z[0m [32m INFO[0m [2mcc_index::indexer_phases::write[0m[2m:[0m generated hierarchy edges [3mcount[0m[2m=[0m10
[2m2026-10-08T04:59:46.438966Z[0m [32m INFO[0m [2mcc_index::memory_budget[0m[2m:[0m memory budget initialized [3mtotal_ram_mb[0m[2m=[0m15989 [3mbudget_mb[0m[2m=[0m7994 [3mfraction[0m[2m=[0m0.5
[2m2026-10-08T04:59:46.443319Z[0m [32m INFO[0m [2mcc_index::memory_budget[0m[2m:[0m memory budget initialized [3mtotal_ram_mb[0m[2m=[0m15989 [3mbudget_mb[0m[2m=[0m7994 [3mfraction[0m[2m=[0m0.5
[2m2026-10-08T04:59:46.445164Z[0m [32m INFO[0m [2mcc_index::memory_budget[0m[2m:[0m memory budget initialized [3mtotal_ram_mb[0m[2m=[0m15989 [3mbudget_mb[0m[2m=[0m7994 [3mfraction[0m[2m=[0m0.5
[2m2026-10-08T04:59:46.455789Z[0m [32m INFO[0m [2mcc_index::indexer[0m[2m:[0m pre-resolve framework enrichment active [3mresolvers[0m[2m=[0m["flask"] [3mhas_go_router[0m[2m=[0mfalse
[2m2026-10-08T04:59:46.462396Z[0m [32m INFO[0m [2mcc_db::index_db_rebuild[0m[2m:[0m full rebuild: creating temp database [3mtmp[0m[2m=[0m/tmp/.tmpY9Yfi1/.codecortex/index.sqlite3.tmp
[2m2026-10-08T04:59:46.464954Z[0m [32m INFO[0m [2mcc_db::index_db_rebuild[0m[2m:[0m full rebuild: writing data to temp database
[2m2026-10-08T04:59:46.474952Z[0m [32m INFO[0m [2mcc_db::index_db_rebuild[0m[2m:[0m full rebuild: recreating indexes
[2m2026-10-08T04:59:46.590483Z[0m [32m INFO[0m [2mcc_db::index_db_rebuild[0m[2m:[0m full rebuild: temp database ready for swap
[2m2026-10-08T04:59:46.590876Z[0m [32m INFO[0m [2mcc_index::memory_budget[0m[2m:[0m memory budget initialized [3mtotal_ram_mb[0m[2m=[0m15989 [3mbudget_mb[0m[2m=[0m7994 [3mfraction[0m[2m=[0m0.5
[2m2026-10-08T04:59:46.618110Z[0m [32m INFO[0m [2mcc_index::memory_budget[0m[2m:[0m memory budget initialized [3mtotal_ram_mb[0m[2m=[0m15989 [3mbudget_mb[0m[2m=[0m7994 [3mfraction[0m[2m=[0m0.5
[2m2026-10-08T04:59:46.622442Z[0m [32m INFO[0m [2mcc_index::memory_budget[0m[2m:[0m memory budget initialized [3mtotal_ram_mb[0m[2m=[0m15989 [3mbudget_mb[0m[2m=[0m7994 [3mfraction[0m[2m=[0m0.5
[2m2026-10-08T04:59:46.627675Z[0m [32m INFO[0m [2mcc_db::index_migrate[0m[2m:[0m initializing index schema [3mversion[0m[2m=[0m25
[2m2026-10-08T04:59:46.639090Z[0m [32m INFO[0m [2mcc_db::index_db_rebuild[0m[2m:[0m full rebuild: writing data to temp database
[2m2026-10-08T04:59:46.647075Z[0m [32m INFO[0m [2mcc_index::memory_budget[0m[2m:[0m memory budget initialized [3mtotal_ram_mb[0m[2m=[0m15989 [3mbudget_mb[0m[2m=[0m7994 [3mfraction[0m[2m=[0m0.5
[2m2026-10-08T04:59:46.648533Z[0m [32m INFO[0m [2mcc_server::watcher[0m[2m:[0m watcher: counted project files for adaptive debounce [3mfile_count[0m[2m=[0m2
[2m2026-10-08T04:59:46.648560Z[0m [32m INFO[0m [2mcc_server::watcher[0m[2m:[0m watcher: adaptive debounce interval computed [3mdebounce_ms[0m[2m=[0m500
[2m2026-10-08T04:59:46.649771Z[0m [32m INFO[0m [2mcc_server::project_session[0m[2m:[0m watcher native subscription ready [3mnative_start_ms[0m[2m=[0m2
[2m2026-10-08T04:59:46.650419Z[0m [32m INFO[0m [2mcc_db::index_db_rebuild[0m[2m:[0m full rebuild: recreating indexes
[2m2026-10-08T04:59:46.655415Z[0m [32m INFO[0m [2mcc_db::index_db_rebuild[0m[2m:[0m full rebuild: creating temp database [3mtmp[0m[2m=[0m/tmp/.tmpTEnPog/.codecortex/index.sqlite3.tmp
[2m2026-10-08T04:59:46.692622Z[0m [32m INFO[0m [2mcc_db::index_db_rebuild[0m[2m:[0m full rebuild: temp database ready for swap
[2m2026-10-08T04:59:46.692931Z[0m [32m INFO[0m [2mcc_index::memory_budget[0m[2m:[0m memory budget initialized [3mtotal_ram_mb[0m[2m=[0m15989 [3mbudget_mb[0m[2m=[0m7994 [3mfraction[0m[2m=[0m0.5
[2m2026-10-08T04:59:46.719181Z[0m [32m INFO[0m [2mcc_index::memory_budget[0m[2m:[0m memory budget initialized [3mtotal_ram_mb[0m[2m=[0m15989 [3mbudget_mb[0m[2m=[0m7994 [3mfraction[0m[2m=[0m0.5
[2m2026-10-08T04:59:46.723705Z[0m [32m INFO[0m [2mcc_index::memory_budget[0m[2m:[0m memory budget initialized [3mtotal_ram_mb[0m[2m=[0m15989 [3mbudget_mb[0m[2m=[0m7994 [3mfraction[0m[2m=[0m0.5
[2m2026-10-08T04:59:46.733931Z[0m [32m INFO[0m [1mserve_inner[0m[2m:[0m [2mrmcp::service[0m[2m:[0m input stream terminated
[2m2026-10-08T04:59:46.733988Z[0m [32m INFO[0m [1mserve_inner[0m[2m:[0m [2mrmcp::service[0m[2m:[0m serve finished [3mquit_reason[0m[2m=[0mClosed
[2m2026-10-08T04:59:46.748074Z[0m [32m INFO[0m [2mcc_db::index_db_rebuild[0m[2m:[0m full rebuild: writing data to temp database
[2m2026-10-08T04:59:46.750502Z[0m [32m INFO[0m [2mcc_db::index_db_rebuild[0m[2m:[0m full rebuild: recreating indexes
[2m2026-10-08T04:59:46.881253Z[0m [32m INFO[0m [2mcc_db::index_db_rebuild[0m[2m:[0m full rebuild: temp database ready for swap
[2m2026-10-08T04:59:46.881473Z[0m [32m INFO[0m [2mcc_index::memory_budget[0m[2m:[0m memory budget initialized [3mtotal_ram_mb[0m[2m=[0m15989 [3mbudget_mb[0m[2m=[0m7994 [3mfraction[0m[2m=[0m0.5
[2m2026-10-08T04:59:46.901300Z[0m [32m INFO[0m [2mcc_index::memory_budget[0m[2m:[0m memory budget initialized [3mtotal_ram_mb[0m[2m=[0m15989 [3mbudget_mb[0m[2m=[0m7994 [3mfraction[0m[2m=[0m0.5
[2m2026-10-08T04:59:46.905019Z[0m [32m INFO[0m [2mcc_index::memory_budget[0m[2m:[0m memory budget initialized [3mtotal_ram_mb[0m[2m=[0m15989 [3mbudget_mb[0m[2m=[0m7994 [3mfraction[0m[2m=[0m0.5
[2m2026-10-08T04:59:46.910689Z[0m [32m INFO[0m [1mserve_inner[0m[2m:[0m [2mrmcp::service[0m[2m:[0m input stream terminated
[2m2026-10-08T04:59:46.910742Z[0m [32m INFO[0m [1mserve_inner[0m[2m:[0m [2mrmcp::service[0m[2m:[0m serve finished [3mquit_reason[0m[2m=[0mClosed
[2m2026-10-08T04:59:47.364845Z[0m [32m INFO[0m [2mcc_server::mcp[0m[2m:[0m MCP server shut down gracefully
test stdio_status_capabilities_and_schema ... ok
[2m2026-10-08T04:59:47.650115Z[0m [32m INFO[0m [2mcc_server::mcp[0m[2m:[0m MCP server shut down gracefully
test stdio_project_switch_isolates_cache ... ok

test result: ok. 9 passed; 0 failed; 0 ignored; 0 measured; 0 filtered out; finished in 3.84s

     Running tests/p7_gc_retention_config.rs (/home/runner/work/_temp/p7-closeout-target/debug/deps/p7_gc_retention_config-52c83d8f14b09c51)

running 4 tests
test zero_gc_grace_is_still_rejected_before_cache_root_resolution ... ok
test overflowing_gc_grace_is_rejected_before_cache_root_resolution ... ok
test disabled_semantic_config_remains_inert_even_for_unusable_gc_graces ... ok
test representable_grace_keeps_fresh_objects_and_expires_at_its_exact_boundary ... ok

test result: ok. 4 passed; 0 failed; 0 ignored; 0 measured; 0 filtered out; finished in 0.33s

     Running tests/p7_runtime_independent_review.rs (/home/runner/work/_temp/p7-closeout-target/debug/deps/p7_runtime_independent_review-2e2e9b54c5d91f64)

running 3 tests
test close_after_response_before_publish_still_fences_old_worker ... ok
test retired_worker_cannot_clear_reopened_degradation_projection ... ok
test closing_one_inflight_call_does_not_charge_unstarted_documents ... ok

test result: ok. 3 passed; 0 failed; 0 ignored; 0 measured; 0 filtered out; finished in 0.39s

     Running tests/p7_v18_fault_contract.rs (/home/runner/work/_temp/p7-closeout-target/debug/deps/p7_v18_fault_contract-d7a3b2a4fbce0b30)

running 2 tests
test unconfigured_auto_stays_local_and_explicit_semantic_is_a_public_error ... ok
test provider_server_transport_timeout_faults_and_recovery_keep_honest_public_results ... ok

test result: ok. 2 passed; 0 failed; 0 ignored; 0 measured; 0 filtered out; finished in 33.48s

     Running tests/p7_v18_parameter_contract.rs (/home/runner/work/_temp/p7-closeout-target/debug/deps/p7_v18_parameter_contract-72ce0c268a0466f9)

running 12 tests
[2m2026-10-08T05:00:22.023673Z[0m [32m INFO[0m [2mcc_db::index_migrate[0m[2m:[0m initializing index schema [3mversion[0m[2m=[0m25
[2m2026-10-08T05:00:22.023739Z[0m [32m INFO[0m [2mcc_db::index_migrate[0m[2m:[0m initializing index schema [3mversion[0m[2m=[0m25
[2m2026-10-08T05:00:22.023742Z[0m [32m INFO[0m [2mcc_db::index_migrate[0m[2m:[0m initializing index schema [3mversion[0m[2m=[0m25
[2m2026-10-08T05:00:22.024841Z[0m [32m INFO[0m [2mcc_db::index_migrate[0m[2m:[0m initializing index schema [3mversion[0m[2m=[0m25
[2m2026-10-08T05:00:22.048250Z[0m [32m INFO[0m [1mserve_inner[0m[2m:[0m [2mrmcp::service[0m[2m:[0m Service initialized as server [3mpeer_info[0m[2m=[0mSome(InitializeRequestParams { meta: None, protocol_version: ProtocolVersion("2025-11-25"), capabilities: ClientCapabilities { experimental: None, extensions: None, roots: None, sampling: None, elicitation: None, tasks: None }, client_info: Implementation { name: "rmcp", title: None, version: "2.2.0", description: None, icons: None, website_url: None } })
[2m2026-10-08T05:00:22.048326Z[0m [32m INFO[0m [2mcc_server::mcp[0m[2m:[0m MCP server started on stdio
[2m2026-10-08T05:00:22.049201Z[0m [32m INFO[0m [1mserve_inner[0m[2m:[0m [2mrmcp::service[0m[2m:[0m Service initialized as server [3mpeer_info[0m[2m=[0mSome(InitializeRequestParams { meta: None, protocol_version: ProtocolVersion("2025-11-25"), capabilities: ClientCapabilities { experimental: None, extensions: None, roots: None, sampling: None, elicitation: None, tasks: None }, client_info: Implementation { name: "rmcp", title: None, version: "2.2.0", description: None, icons: None, website_url: None } })
[2m2026-10-08T05:00:22.049285Z[0m [32m INFO[0m [2mcc_server::mcp[0m[2m:[0m MCP server started on stdio
[2m2026-10-08T05:00:22.049529Z[0m [32m INFO[0m [1mserve_inner[0m[2m:[0m [2mrmcp::service[0m[2m:[0m received notification [3mnotification[0m[2m=[0mInitializedNotification(NotificationNoParam { method: InitializedNotificationMethod, extensions: Extensions })
[2m2026-10-08T05:00:22.049941Z[0m [32m INFO[0m [1mserve_inner[0m[2m:[0m [2mrmcp::handler::server[0m[2m:[0m client initialized
[2m2026-10-08T05:00:22.049975Z[0m [32m INFO[0m [1mserve_inner[0m[2m:[0m [2mrmcp::service[0m[2m:[0m Service initialized as server [3mpeer_info[0m[2m=[0mSome(InitializeRequestParams { meta: None, protocol_version: ProtocolVersion("2025-11-25"), capabilities: ClientCapabilities { experimental: None, extensions: None, roots: None, sampling: None, elicitation: None, tasks: None }, client_info: Implementation { name: "rmcp", title: None, version: "2.2.0", description: None, icons: None, website_url: None } })
[2m2026-10-08T05:00:22.050030Z[0m [32m INFO[0m [2mcc_server::mcp[0m[2m:[0m MCP server started on stdio
[2m2026-10-08T05:00:22.050105Z[0m [32m INFO[0m [1mserve_inner[0m[2m:[0m [2mrmcp::service[0m[2m:[0m Service initialized as server [3mpeer_info[0m[2m=[0mSome(InitializeRequestParams { meta: None, protocol_version: ProtocolVersion("2025-11-25"), capabilities: ClientCapabilities { experimental: None, extensions: None, roots: None, sampling: None, elicitation: None, tasks: None }, client_info: Implementation { name: "rmcp", title: None, version: "2.2.0", description: None, icons: None, website_url: None } })
[2m2026-10-08T05:00:22.050177Z[0m [32m INFO[0m [2mcc_server::mcp[0m[2m:[0m MCP server started on stdio
[2m2026-10-08T05:00:22.050425Z[0m [32m INFO[0m [1mserve_inner[0m[2m:[0m [2mrmcp::service[0m[2m:[0m received notification [3mnotification[0m[2m=[0mInitializedNotification(NotificationNoParam { method: InitializedNotificationMethod, extensions: Extensions })
[2m2026-10-08T05:00:22.050644Z[0m [32m INFO[0m [1mserve_inner[0m[2m:[0m [2mrmcp::handler::server[0m[2m:[0m client initialized
[2m2026-10-08T05:00:22.051375Z[0m [32m INFO[0m [1mserve_inner[0m[2m:[0m [2mrmcp::service[0m[2m:[0m received notification [3mnotification[0m[2m=[0mInitializedNotification(NotificationNoParam { method: InitializedNotificationMethod, extensions: Extensions })
[2m2026-10-08T05:00:22.051729Z[0m [32m INFO[0m [1mserve_inner[0m[2m:[0m [2mrmcp::handler::server[0m[2m:[0m client initialized
[2m2026-10-08T05:00:22.052438Z[0m [32m INFO[0m [1mserve_inner[0m[2m:[0m [2mrmcp::service[0m[2m:[0m received notification [3mnotification[0m[2m=[0mInitializedNotification(NotificationNoParam { method: InitializedNotificationMethod, extensions: Extensions })
[2m2026-10-08T05:00:22.052523Z[0m [32m INFO[0m [2mcc_index::memory_budget[0m[2m:[0m memory budget initialized [3mtotal_ram_mb[0m[2m=[0m15989 [3mbudget_mb[0m[2m=[0m7994 [3mfraction[0m[2m=[0m0.5
[2m2026-10-08T05:00:22.052694Z[0m [32m INFO[0m [1mserve_inner[0m[2m:[0m [2mrmcp::handler::server[0m[2m:[0m client initialized
[2m2026-10-08T05:00:22.053220Z[0m [32m INFO[0m [2mcc_index::memory_budget[0m[2m:[0m memory budget initialized [3mtotal_ram_mb[0m[2m=[0m15989 [3mbudget_mb[0m[2m=[0m7994 [3mfraction[0m[2m=[0m0.5
V18_JSON {"schema":{"$schema":"https://json-schema.org/draft/2020-12/schema","additionalProperties":false,"properties":{"boost_files":{"default":null,"description":"File paths the agent is currently focused on. These files receive a\nranking boost in search results (they are not used as an exclusive filter).","items":{"type":"string"},"type":["array","null"]},"conversation_queries":{"default":null,"description":"Prior conversational queries that bias lexical / semantic retrieval\ntoward the ongoing discussion.","items":{"type":"string"},"type":["array","null"]},"exact":{"default":false,"description":"When `true`, require an exact symbol-name match instead of fuzzy.","type":"boolean"},"file_preselect_limit":{"default":null,"description":"Maximum number of candidate files to consider during the preselection\nstage. Higher values trade latency for recall on large repos. Default\nis auto-tuned based on `top_k`.","format":"uint","minimum":0,"type":["integer","null"]},"intent":{"default":null,"description":"Optional intent hint to guide ranking (e.g. \"find error handling logic\").","type":["string","null"]},"mode":{"default":"hybrid","description":"Search strategy.\n- `\"hybrid\"` – combines text and graph signals (default)\n- `\"symbol\"` – exact / fuzzy symbol-name lookup only","type":"string"},"overlay_files":{"default":null,"description":"In-memory / unsaved file paths (editor overlays) that should be treated\nas part of the working set when ranking results.","items":{"type":"string"},"type":["array","null"]},"path_prefix":{"default":null,"description":"Restrict results to files whose path begins with this prefix\n(e.g. `\"src/api/\"`). Applied as an exclusive filter.","type":["string","null"]},"pinned_files":{"default":null,"description":"Pinned / bookmarked file paths that should always rank highly when they\nmatch the query.","items":{"type":"string"},"type":["array","null"]},"project_path":{"default":null,"description":"Optional project root override.","type":["string","null"]},"query":{"description":"The search query string (natural language or symbol name).","type":"string"},"recent_files":{"default":null,"description":"Recently viewed / edited file paths. Receives a smaller ranking boost\nthan `boost_files`.","items":{"type":"string"},"type":["array","null"]},"retrieval_strategy":{"default":null,"description":"Retrieval policy for hybrid mode: local, auto, or semantic. Omitted uses\nproject configuration; auto without a semantic port stays local. An\nunconfigured explicit semantic request fails instead of pretending ready.","type":["string","null"]},"top_k":{"default":10,"description":"Maximum number of results to return. Default 10.","format":"uint","minimum":0,"type":"integer"}},"required":["query"],"type":"object"},"tool":"search"}
V18_JSON {"schema":{"$schema":"https://json-schema.org/draft/2020-12/schema","additionalProperties":false,"properties":{"include_source":{"default":true,"description":"Whether to include source code for each symbol. Default `true`.","type":"boolean"},"intent":{"default":null,"description":"Optional intent hint to steer retrieval (e.g. \"refactor\", \"debug\").","type":["string","null"]},"max_symbols":{"default":null,"description":"Maximum number of symbols to include in the context window.","format":"uint","minimum":0,"type":["integer","null"]},"project_path":{"default":null,"description":"Optional project root override.","type":["string","null"]},"retrieval_strategy":{"default":null,"description":"Optional local/auto/semantic policy. An explicit policy uses the unified\nretrieval path rather than the legacy direct-symbol shortcut.","type":["string","null"]},"task":{"description":"Natural-language description of the task or question.","type":"string"}},"required":["task"],"type":"object"},"tool":"context"}
V18_JSON {"args":{"aspect":"capabilities"},"result":{"capabilities":{"graph":true,"impact":true,"search":true},"has_index":true,"has_project":true,"indexed_files":0,"indexed_symbols":0,"resolution_freshness":{"basis_epoch":null,"complete":true,"completed_files":0,"index_epoch":0,"reason":null,"retry":null,"root_count":0,"scope":"observed_resolution_invalidations","status":"ready"},"retrieval":{"consistency":"point_in_time","default_effective_strategy":"local","default_query_state":"available_with_per_query_checks","default_strategy":"local","dense_reason":"provider_and_vector_publication_not_implemented","dense_state":"disabled","diagnostic_sources":{"build":"BuildExplain on index response","graph":"GraphExplain on query response","lanes":"evidence_summary.retrieval.lanes or lane_receipts","packing":"evidence_summary.packing","selection":"evidence_summary.selection","semantic":"evidence_summary.retrieval.semantic (dense lane receipt projection)","source":"evidence_summary.source_freshness"},"execution":{"async_admitted":0,"async_in_flight":0,"async_limit":8,"completed":0,"cpu_admitted":0,"cpu_in_flight":0,"cpu_limit":4,"queue_limit":32,"rejected":0},"execution_scope":"process_shared_not_project_local","generation":{"evidence_epoch":0,"incarnation":[236,23,220,148,222,230,50,237,190,171,85,206,237,217,85,44],"index_epoch":0,"semantic_epoch":null},"generation_scope":"observed_database_snapshot","identity_validation":"checked_at_observation_boundary","index_state":"empty","local_state":"available","pin_scope":"owned_query_views_including_inflight_clones_not_request_count","query_coverage":{"scope":"per_query_not_global","state":"not_measured"},"query_encoding":{"configured_opt_in":false,"network_authorized":false,"reason":"semantic_disabled","request_scope":"nonlocal_nonempty_only"},"query_pins":0,"resolution_freshness":{"basis_epoch":null,"complete":true,"completed_files":0,"index_epoch":0,"reason":null,"retry":null,"root_count":0,"scope":"observed_resolution_invalidations","status":"ready"},"semantic_active_space":null,"semantic_state":"not_configured","service_state_scope":"process_observed_separately","spec":"retrieval-capabilities-v2"}},"tool":"status"}
[2m2026-10-08T05:00:22.055032Z[0m [32m INFO[0m [2mcc_index::memory_budget[0m[2m:[0m memory budget initialized [3mtotal_ram_mb[0m[2m=[0m15989 [3mbudget_mb[0m[2m=[0m7994 [3mfraction[0m[2m=[0m0.5
[2m2026-10-08T05:00:22.055217Z[0m [33m WARN[0m [1mserve_inner[0m[2m:[0m [2mrmcp::service[0m[2m:[0m response error [3mid[0m[2m=[0m2 [3merror[0m[2m=[0mErrorData { code: ErrorCode(-32602), message: "retrieval_strategy must be local, auto, or semantic", data: None }
V18_JSON {"args":{"query":"needle","retrieval_strategy":"dense"},"error_code":-32602,"message":"retrieval_strategy must be local, auto, or semantic","tool":"search"}
[2m2026-10-08T05:00:22.056061Z[0m [33m WARN[0m [1mserve_inner[0m[2m:[0m [2mrmcp::service[0m[2m:[0m response error [3mid[0m[2m=[0m3 [3merror[0m[2m=[0mErrorData { code: ErrorCode(-32602), message: "retrieval_strategy must be local, auto, or semantic", data: None }
V18_JSON {"args":{"query":"needle","retrieval_strategy":"AUTO"},"error_code":-32602,"message":"retrieval_strategy must be local, auto, or semantic","tool":"search"}
[2m2026-10-08T05:00:22.057064Z[0m [33m WARN[0m [1mserve_inner[0m[2m:[0m [2mrmcp::service[0m[2m:[0m response error [3mid[0m[2m=[0m4 [3merror[0m[2m=[0mErrorData { code: ErrorCode(-32602), message: "retrieval_strategy must be local, auto, or semantic", data: None }
V18_JSON {"args":{"query":"needle","retrieval_strategy":""},"error_code":-32602,"message":"retrieval_strategy must be local, auto, or semantic","tool":"search"}
V18_JSON {"args":{"query":"needle","retrieval_strategy":1},"content":[{"text":"failed to deserialize parameters: invalid type: integer `1`, expected a string","type":"text"}],"is_error":true,"tool":"search"}
V18_JSON {"args":{"query":"needle","retrieval_strategy":{}},"content":[{"text":"failed to deserialize parameters: invalid type: map, expected a string","type":"text"}],"is_error":true,"tool":"search"}
V18_JSON {"args":{"query":"needle","retrieval_strategy":[]},"content":[{"text":"failed to deserialize parameters: invalid type: sequence, expected a string","type":"text"}],"is_error":true,"tool":"search"}
V18_JSON {"args":{"query":"needle","retrieval_stratgey":"auto"},"content":[{"text":"failed to deserialize parameters: unknown field `retrieval_stratgey`, expected one of `query`, `retrieval_strategy`, `mode`, `top_k`, `intent`, `exact`, `boost_files`, `recent_files`, `pinned_files`, `conversation_queries`, `overlay_files`, `file_preselect_limit`, `path_prefix`, `project_path`","type":"text"}],"is_error":true,"tool":"search"}
V18_JSON {"args":{"endpoint":"https://provider.invalid","query":"needle"},"content":[{"text":"failed to deserialize parameters: unknown field `endpoint`, expected one of `query`, `retrieval_strategy`, `mode`, `top_k`, `intent`, `exact`, `boost_files`, `recent_files`, `pinned_files`, `conversation_queries`, `overlay_files`, `file_preselect_limit`, `path_prefix`, `project_path`","type":"text"}],"is_error":true,"tool":"search"}
[2m2026-10-08T05:00:22.068627Z[0m [33m WARN[0m [1mserve_inner[0m[2m:[0m [2mrmcp::service[0m[2m:[0m response error [3mid[0m[2m=[0m10 [3merror[0m[2m=[0mErrorData { code: ErrorCode(-32602), message: "retrieval_strategy must be local, auto, or semantic", data: None }
V18_JSON {"args":{"retrieval_strategy":"dense","task":"needle"},"error_code":-32602,"message":"retrieval_strategy must be local, auto, or semantic","tool":"context"}
[2m2026-10-08T05:00:22.069322Z[0m [33m WARN[0m [1mserve_inner[0m[2m:[0m [2mrmcp::service[0m[2m:[0m response error [3mid[0m[2m=[0m11 [3merror[0m[2m=[0mErrorData { code: ErrorCode(-32602), message: "retrieval_strategy must be local, auto, or semantic", data: None }
V18_JSON {"args":{"retrieval_strategy":"AUTO","task":"needle"},"error_code":-32602,"message":"retrieval_strategy must be local, auto, or semantic","tool":"context"}
[2m2026-10-08T05:00:22.072936Z[0m [33m WARN[0m [1mserve_inner[0m[2m:[0m [2mrmcp::service[0m[2m:[0m response error [3mid[0m[2m=[0m12 [3merror[0m[2m=[0mErrorData { code: ErrorCode(-32602), message: "retrieval_strategy must be local, auto, or semantic", data: None }
V18_JSON {"args":{"retrieval_strategy":"","task":"needle"},"error_code":-32602,"message":"retrieval_strategy must be local, auto, or semantic","tool":"context"}
V18_JSON {"args":{"retrieval_strategy":1,"task":"needle"},"content":[{"text":"failed to deserialize parameters: invalid type: integer `1`, expected a string","type":"text"}],"is_error":true,"tool":"context"}
V18_JSON {"args":{"retrieval_strategy":{},"task":"needle"},"content":[{"text":"failed to deserialize parameters: invalid type: map, expected a string","type":"text"}],"is_error":true,"tool":"context"}
V18_JSON {"args":{"retrieval_strategy":[],"task":"needle"},"content":[{"text":"failed to deserialize parameters: invalid type: sequence, expected a string","type":"text"}],"is_error":true,"tool":"context"}
V18_JSON {"args":{"retrieval_stratgey":"auto","task":"needle"},"content":[{"text":"failed to deserialize parameters: unknown field `retrieval_stratgey`, expected one of `task`, `retrieval_strategy`, `max_symbols`, `include_source`, `intent`, `project_path`","type":"text"}],"is_error":true,"tool":"context"}
V18_JSON {"args":{"endpoint":"https://provider.invalid","task":"needle"},"content":[{"text":"failed to deserialize parameters: unknown field `endpoint`, expected one of `task`, `retrieval_strategy`, `max_symbols`, `include_source`, `intent`, `project_path`","type":"text"}],"is_error":true,"tool":"context"}
[2m2026-10-08T05:00:22.080111Z[0m [33m WARN[0m [1mserve_inner[0m[2m:[0m [2mrmcp::service[0m[2m:[0m response error [3mid[0m[2m=[0m18 [3merror[0m[2m=[0mErrorData { code: ErrorCode(-32602), message: "invalid mode: 'semantic' (valid: hybrid, symbol)", data: None }
V18_JSON {"args":{"mode":"semantic","query":"needle"},"error_code":-32602,"message":"invalid mode: 'semantic' (valid: hybrid, symbol)","tool":"search"}
V18_JSON {"args":{"query":"needle","top_k":"10"},"content":[{"text":"failed to deserialize parameters: invalid type: string \"10\", expected usize","type":"text"}],"is_error":true,"tool":"search"}
[2m2026-10-08T05:00:22.081424Z[0m [33m WARN[0m [1mserve_inner[0m[2m:[0m [2mrmcp::service[0m[2m:[0m response error [3mid[0m[2m=[0m20 [3merror[0m[2m=[0mErrorData { code: ErrorCode(-32602), message: "symbol mode supports only local retrieval_strategy", data: None }
V18_JSON {"args":{"mode":"symbol","query":"needle","retrieval_strategy":"auto"},"error_code":-32602,"message":"symbol mode supports only local retrieval_strategy","tool":"search"}
[2m2026-10-08T05:00:22.082073Z[0m [33m WARN[0m [1mserve_inner[0m[2m:[0m [2mrmcp::service[0m[2m:[0m response error [3mid[0m[2m=[0m21 [3merror[0m[2m=[0mErrorData { code: ErrorCode(-32602), message: "symbol mode supports only local retrieval_strategy", data: None }
V18_JSON {"args":{"mode":"symbol","query":"needle","retrieval_strategy":"semantic"},"error_code":-32602,"message":"symbol mode supports only local retrieval_strategy","tool":"search"}
[2m2026-10-08T05:00:22.082781Z[0m [33m WARN[0m [1mserve_inner[0m[2m:[0m [2mrmcp::service[0m[2m:[0m response error [3mid[0m[2m=[0m22 [3merror[0m[2m=[0mErrorData { code: ErrorCode(-32602), message: "invalid aspect: 'semantic' (valid: index, capabilities, schema, all)", data: None }
V18_JSON {"args":{"aspect":"semantic"},"error_code":-32602,"message":"invalid aspect: 'semantic' (valid: index, capabilities, schema, all)","tool":"status"}
V18_JSON {"args":{"aspect":1},"content":[{"text":"failed to deserialize parameters: invalid type: integer `1`, expected a string","type":"text"}],"is_error":true,"tool":"status"}
V18_JSON {"args":{"aspect":"capabilities"},"result":{"capabilities":{"graph":true,"impact":true,"search":true},"has_index":true,"has_project":true,"indexed_files":0,"indexed_symbols":0,"resolution_freshness":{"basis_epoch":null,"complete":true,"completed_files":0,"index_epoch":0,"reason":null,"retry":null,"root_count":0,"scope":"observed_resolution_invalidations","status":"ready"},"retrieval":{"consistency":"point_in_time","default_effective_strategy":"local","default_query_state":"available_with_per_query_checks","default_strategy":"local","dense_reason":"provider_and_vector_publication_not_implemented","dense_state":"disabled","diagnostic_sources":{"build":"BuildExplain on index response","graph":"GraphExplain on query response","lanes":"evidence_summary.retrieval.lanes or lane_receipts","packing":"evidence_summary.packing","selection":"evidence_summary.selection","semantic":"evidence_summary.retrieval.semantic (dense lane receipt projection)","source":"evidence_summary.source_freshness"},"execution":{"async_admitted":0,"async_in_flight":0,"async_limit":8,"completed":0,"cpu_admitted":0,"cpu_in_flight":0,"cpu_limit":4,"queue_limit":32,"rejected":0},"execution_scope":"process_shared_not_project_local","generation":{"evidence_epoch":0,"incarnation":[236,23,220,148,222,230,50,237,190,171,85,206,237,217,85,44],"index_epoch":0,"semantic_epoch":null},"generation_scope":"observed_database_snapshot","identity_validation":"checked_at_observation_boundary","index_state":"empty","local_state":"available","pin_scope":"owned_query_views_including_inflight_clones_not_request_count","query_coverage":{"scope":"per_query_not_global","state":"not_measured"},"query_encoding":{"configured_opt_in":false,"network_authorized":false,"reason":"semantic_disabled","request_scope":"nonlocal_nonempty_only"},"query_pins":0,"resolution_freshness":{"basis_epoch":null,"complete":true,"completed_files":0,"index_epoch":0,"reason":null,"retry":null,"root_count":0,"scope":"observed_resolution_invalidations","status":"ready"},"semantic_active_space":null,"semantic_state":"not_configured","service_state_scope":"process_observed_separately","spec":"retrieval-capabilities-v2"}},"tool":"status"}
[2m2026-10-08T05:00:22.086821Z[0m [32m INFO[0m [1mserve_inner[0m[2m:[0m [2mrmcp::service[0m[2m:[0m input stream terminated
[2m2026-10-08T05:00:22.086901Z[0m [32m INFO[0m [1mserve_inner[0m[2m:[0m [2mrmcp::service[0m[2m:[0m serve finished [3mquit_reason[0m[2m=[0mClosed
[2m2026-10-08T05:00:22.087102Z[0m [32m INFO[0m [2mcc_server::mcp[0m[2m:[0m MCP server shut down gracefully
[2m2026-10-08T05:00:22.087522Z[0m [32m INFO[0m [2mcc_db::index_db_rebuild[0m[2m:[0m full rebuild: creating temp database [3mtmp[0m[2m=[0m/tmp/.tmpDpVAh7/project/.codecortex/index.sqlite3.tmp
[2m2026-10-08T05:00:22.095621Z[0m [32m INFO[0m [2mcc_db::index_db_rebuild[0m[2m:[0m full rebuild: creating temp database [3mtmp[0m[2m=[0m/tmp/.tmp7M5jUf/project/.codecortex/index.sqlite3.tmp
[2m2026-10-08T05:00:22.097243Z[0m [32m INFO[0m [2mcc_db::index_db_rebuild[0m[2m:[0m full rebuild: creating temp database [3mtmp[0m[2m=[0m/tmp/.tmpWaKWwO/project/.codecortex/index.sqlite3.tmp
test malformed_strategy_and_symbol_incompatibility_are_public_parameter_errors ... ok
[2m2026-10-08T05:00:22.195418Z[0m [32m INFO[0m [2mcc_db::index_migrate[0m[2m:[0m initializing index schema [3mversion[0m[2m=[0m25
[2m2026-10-08T05:00:22.217133Z[0m [32m INFO[0m [1mserve_inner[0m[2m:[0m [2mrmcp::service[0m[2m:[0m Service initialized as server [3mpeer_info[0m[2m=[0mSome(InitializeRequestParams { meta: None, protocol_version: ProtocolVersion("2025-11-25"), capabilities: ClientCapabilities { experimental: None, extensions: None, roots: None, sampling: None, elicitation: None, tasks: None }, client_info: Implementation { name: "rmcp", title: None, version: "2.2.0", description: None, icons: None, website_url: None } })
[2m2026-10-08T05:00:22.217243Z[0m [32m INFO[0m [2mcc_server::mcp[0m[2m:[0m MCP server started on stdio
[2m2026-10-08T05:00:22.218408Z[0m [32m INFO[0m [1mserve_inner[0m[2m:[0m [2mrmcp::service[0m[2m:[0m received notification [3mnotification[0m[2m=[0mInitializedNotification(NotificationNoParam { method: InitializedNotificationMethod, extensions: Extensions })
[2m2026-10-08T05:00:22.219174Z[0m [32m INFO[0m [2mcc_index::memory_budget[0m[2m:[0m memory budget initialized [3mtotal_ram_mb[0m[2m=[0m15989 [3mbudget_mb[0m[2m=[0m7994 [3mfraction[0m[2m=[0m0.5
[2m2026-10-08T05:00:22.219643Z[0m [32m INFO[0m [1mserve_inner[0m[2m:[0m [2mrmcp::handler::server[0m[2m:[0m client initialized
[2m2026-10-08T05:00:22.254884Z[0m [32m INFO[0m [2mcc_db::index_db_rebuild[0m[2m:[0m full rebuild: creating temp database [3mtmp[0m[2m=[0m/tmp/.tmpZKGWpY/project/.codecortex/index.sqlite3.tmp
[2m2026-10-08T05:00:22.256641Z[0m [32m INFO[0m [2mcc_db::index_db_rebuild[0m[2m:[0m full rebuild: writing data to temp database
[2m2026-10-08T05:00:22.256925Z[0m [32m INFO[0m [2mcc_db::index_db_rebuild[0m[2m:[0m full rebuild: writing data to temp database
[2m2026-10-08T05:00:22.259842Z[0m [32m INFO[0m [2mcc_db::index_db_rebuild[0m[2m:[0m full rebuild: writing data to temp database
[2m2026-10-08T05:00:22.260431Z[0m [32m INFO[0m [2mcc_db::index_db_rebuild[0m[2m:[0m full rebuild: recreating indexes
[2m2026-10-08T05:00:22.261016Z[0m [32m INFO[0m [2mcc_db::index_db_rebuild[0m[2m:[0m full rebuild: recreating indexes
[2m2026-10-08T05:00:22.263411Z[0m [32m INFO[0m [2mcc_db::index_db_rebuild[0m[2m:[0m full rebuild: recreating indexes
[2m2026-10-08T05:00:22.316066Z[0m [32m INFO[0m [2mcc_db::index_db_rebuild[0m[2m:[0m full rebuild: temp database ready for swap
[2m2026-10-08T05:00:22.316289Z[0m [32m INFO[0m [2mcc_index::memory_budget[0m[2m:[0m memory budget initialized [3mtotal_ram_mb[0m[2m=[0m15989 [3mbudget_mb[0m[2m=[0m7994 [3mfraction[0m[2m=[0m0.5
[2m2026-10-08T05:00:22.317946Z[0m [32m INFO[0m [2mcc_db::index_db_rebuild[0m[2m:[0m full rebuild: temp database ready for swap
[2m2026-10-08T05:00:22.318124Z[0m [32m INFO[0m [2mcc_index::memory_budget[0m[2m:[0m memory budget initialized [3mtotal_ram_mb[0m[2m=[0m15989 [3mbudget_mb[0m[2m=[0m7994 [3mfraction[0m[2m=[0m0.5
[2m2026-10-08T05:00:22.318700Z[0m [32m INFO[0m [2mcc_db::index_db_rebuild[0m[2m:[0m full rebuild: temp database ready for swap
[2m2026-10-08T05:00:22.318863Z[0m [32m INFO[0m [2mcc_index::memory_budget[0m[2m:[0m memory budget initialized [3mtotal_ram_mb[0m[2m=[0m15989 [3mbudget_mb[0m[2m=[0m7994 [3mfraction[0m[2m=[0m0.5
[2m2026-10-08T05:00:22.361859Z[0m [32m INFO[0m [2mcc_index::memory_budget[0m[2m:[0m memory budget initialized [3mtotal_ram_mb[0m[2m=[0m15989 [3mbudget_mb[0m[2m=[0m7994 [3mfraction[0m[2m=[0m0.5
[2m2026-10-08T05:00:22.366427Z[0m [32m INFO[0m [2mcc_index::memory_budget[0m[2m:[0m memory budget initialized [3mtotal_ram_mb[0m[2m=[0m15989 [3mbudget_mb[0m[2m=[0m7994 [3mfraction[0m[2m=[0m0.5
[2m2026-10-08T05:00:22.366651Z[0m [32m INFO[0m [2mcc_index::memory_budget[0m[2m:[0m memory budget initialized [3mtotal_ram_mb[0m[2m=[0m15989 [3mbudget_mb[0m[2m=[0m7994 [3mfraction[0m[2m=[0m0.5
[2m2026-10-08T05:00:22.369372Z[0m [32m INFO[0m [2mcc_index::memory_budget[0m[2m:[0m memory budget initialized [3mtotal_ram_mb[0m[2m=[0m15989 [3mbudget_mb[0m[2m=[0m7994 [3mfraction[0m[2m=[0m0.5
V18_JSON {"args":{"full":true,"path":"/tmp/.tmpDpVAh7/project"},"result":{"build_explain":{"gate_decisions":[{"pass":"synthesis_round","reason":"both signatures changed","run":true},{"pass":"community","reason":"full rebuild","run":true},{"pass":"git_cochange","reason":"cache key unavailable","run":true},{"pass":"infra","reason":"signature algorithm changed","run":true},{"pass":"adr","reason":"no recorded signature","run":true}]},"chunk_policy":{"bytes":16384,"chars":16384,"estimated_tokens":4096,"lines":80,"merge_min_bytes":256},"chunks_total":2,"dirty_plan":{"dependency_sql":{"fullscan_steps":0,"rows":0,"sorts":0,"statements":0,"vm_steps":0},"file_budget":0,"parsed_files":1,"reasons":[],"rebased":false,"resumed":false,"selected_dependents":0},"document_changes":{"files_projected":1,"removed":0,"render_failed":0,"reusable_inputs":0,"unchanged":0,"upserted":2},"elapsed_ms":315,"files_added":1,"files_parsed":1,"files_removed":0,"files_scanned":1,"files_skipped":0,"files_updated":0,"parse_errors":[],"phase_timing":{"analysis_ms":3,"parse_ms":28,"postprocess_ms":2,"resolve_ms":0,"scan_diff_ms":5,"write_ms":45},"project_model":{"catalog_files":1,"changed_configs":[],"config_inputs":0,"config_parse_cache_hits":0,"config_reads":0,"config_root_probes":5,"config_roots":0,"diagnostics":[],"go_fact_cache_hits":0,"go_source_reads":0,"input_digest":"6608a5a5cd33639a82b1be8d943f3148241d6520b8e0d9930909feaaf0ec5b8c","inventory_source":"shared_walk","modes":[],"rust_fact_cache_hits":0,"rust_source_reads":0,"version":3},"public_surface_coverage":{"known":1,"known_empty":0,"parsed_files":1,"unknown":0,"unknown_reasons":{}},"resolution_coverage":{"ambiguous":0,"incomplete_files":0,"modules_ambiguous":0,"modules_external":0,"modules_resolved":0,"modules_unknown":0,"modules_unresolved":0,"modules_unsupported":0,"omitted_records":0,"packages_resolved":0,"processed_files":1,"resolved":2,"unresolved":0,"unsupported":0},"resolution_freshness":{"basis_epoch":null,"complete":true,"completed_files":0,"index_epoch":5,"reason":null,"retry":null,"root_count":0,"scope":"observed_resolution_invalidations","status":"ready"},"symbols_total":2,"used_parallel_parse":false},"tool":"index"}
[2m2026-10-08T05:00:22.371235Z[0m [32m INFO[0m [2mcc_index::memory_budget[0m[2m:[0m memory budget initialized [3mtotal_ram_mb[0m[2m=[0m15989 [3mbudget_mb[0m[2m=[0m7994 [3mfraction[0m[2m=[0m0.5
V18_JSON {"args":{"aspect":"capabilities"},"result":{"capabilities":{"graph":true,"impact":true,"search":true},"has_index":true,"has_project":true,"indexed_files":1,"indexed_symbols":2,"resolution_freshness":{"basis_epoch":null,"complete":true,"completed_files":0,"index_epoch":5,"reason":null,"retry":null,"root_count":0,"scope":"observed_resolution_invalidations","status":"ready"},"retrieval":{"consistency":"point_in_time","default_effective_strategy":"semantic","default_query_state":"available_with_per_query_checks","default_strategy":"semantic","dense_reason":"semantic_no_active_space","dense_state":"disabled","diagnostic_sources":{"build":"BuildExplain on index response","graph":"GraphExplain on query response","lanes":"evidence_summary.retrieval.lanes or lane_receipts","packing":"evidence_summary.packing","selection":"evidence_summary.selection","semantic":"evidence_summary.retrieval.semantic (dense lane receipt projection)","source":"evidence_summary.source_freshness"},"execution":{"async_admitted":0,"async_in_flight":0,"async_limit":8,"completed":0,"cpu_admitted":0,"cpu_in_flight":0,"cpu_limit":4,"queue_limit":32,"rejected":0},"execution_scope":"process_shared_not_project_local","generation":{"evidence_epoch":1,"incarnation":[90,44,160,158,32,83,228,166,125,252,45,198,179,10,244,239],"index_epoch":5,"semantic_epoch":null},"generation_scope":"observed_database_snapshot","identity_validation":"checked_at_observation_boundary","index_state":"available","local_state":"available","pin_scope":"owned_query_views_including_inflight_clones_not_request_count","query_coverage":{"scope":"per_query_not_global","state":"not_measured"},"query_encoding":{"configured_opt_in":false,"network_authorized":false,"reason":"network_opt_in_required","request_scope":"nonlocal_nonempty_only"},"query_pins":0,"resolution_freshness":{"basis_epoch":null,"complete":true,"completed_files":0,"index_epoch":5,"reason":null,"retry":null,"root_count":0,"scope":"observed_resolution_invalidations","status":"ready"},"semantic_active_space":null,"semantic_state":"port_attached_unverified","service_state_scope":"process_observed_separately","spec":"retrieval-capabilities-v2"}},"tool":"status"}
[2m2026-10-08T05:00:22.373773Z[0m [32m INFO[0m [2mcc_index::memory_budget[0m[2m:[0m memory budget initialized [3mtotal_ram_mb[0m[2m=[0m15989 [3mbudget_mb[0m[2m=[0m7994 [3mfraction[0m[2m=[0m0.5
V18_JSON {"args":{"full":true,"path":"/tmp/.tmpWaKWwO/project"},"result":{"build_explain":{"gate_decisions":[{"pass":"synthesis_round","reason":"both signatures changed","run":true},{"pass":"community","reason":"full rebuild","run":true},{"pass":"git_cochange","reason":"cache key unavailable","run":true},{"pass":"infra","reason":"signature algorithm changed","run":true},{"pass":"adr","reason":"no recorded signature","run":true}]},"chunk_policy":{"bytes":16384,"chars":16384,"estimated_tokens":4096,"lines":80,"merge_min_bytes":256},"chunks_total":2,"dirty_plan":{"dependency_sql":{"fullscan_steps":0,"rows":0,"sorts":0,"statements":0,"vm_steps":0},"file_budget":0,"parsed_files":1,"reasons":[],"rebased":false,"resumed":false,"selected_dependents":0},"document_changes":{"files_projected":1,"removed":0,"render_failed":0,"reusable_inputs":0,"unchanged":0,"upserted":2},"elapsed_ms":319,"files_added":1,"files_parsed":1,"files_removed":0,"files_scanned":1,"files_skipped":0,"files_updated":0,"parse_errors":[],"phase_timing":{"analysis_ms":3,"parse_ms":33,"postprocess_ms":0,"resolve_ms":0,"scan_diff_ms":8,"write_ms":50},"project_model":{"catalog_files":1,"changed_configs":[],"config_inputs":0,"config_parse_cache_hits":0,"config_reads":0,"config_root_probes":5,"config_roots":0,"diagnostics":[],"go_fact_cache_hits":0,"go_source_reads":0,"input_digest":"6608a5a5cd33639a82b1be8d943f3148241d6520b8e0d9930909feaaf0ec5b8c","inventory_source":"shared_walk","modes":[],"rust_fact_cache_hits":0,"rust_source_reads":0,"version":3},"public_surface_coverage":{"known":1,"known_empty":0,"parsed_files":1,"unknown":0,"unknown_reasons":{}},"resolution_coverage":{"ambiguous":0,"incomplete_files":0,"modules_ambiguous":0,"modules_external":0,"modules_resolved":0,"modules_unknown":0,"modules_unresolved":0,"modules_unsupported":0,"omitted_records":0,"packages_resolved":0,"processed_files":1,"resolved":2,"unresolved":0,"unsupported":0},"resolution_freshness":{"basis_epoch":null,"complete":true,"completed_files":0,"index_epoch":5,"reason":null,"retry":null,"root_count":0,"scope":"observed_resolution_invalidations","status":"ready"},"symbols_total":2,"used_parallel_parse":false},"tool":"index"}
V18_JSON {"args":{"full":true,"path":"/tmp/.tmp7M5jUf/project"},"result":{"build_explain":{"gate_decisions":[{"pass":"synthesis_round","reason":"both signatures changed","run":true},{"pass":"community","reason":"full rebuild","run":true},{"pass":"git_cochange","reason":"cache key unavailable","run":true},{"pass":"infra","reason":"signature algorithm changed","run":true},{"pass":"adr","reason":"no recorded signature","run":true}]},"chunk_policy":{"bytes":16384,"chars":16384,"estimated_tokens":4096,"lines":80,"merge_min_bytes":256},"chunks_total":2,"dirty_plan":{"dependency_sql":{"fullscan_steps":0,"rows":0,"sorts":0,"statements":0,"vm_steps":0},"file_budget":0,"parsed_files":1,"reasons":[],"rebased":false,"resumed":false,"selected_dependents":0},"document_changes":{"files_projected":1,"removed":0,"render_failed":0,"reusable_inputs":0,"unchanged":0,"upserted":2},"elapsed_ms":319,"files_added":1,"files_parsed":1,"files_removed":0,"files_scanned":1,"files_skipped":0,"files_updated":0,"parse_errors":[],"phase_timing":{"analysis_ms":3,"parse_ms":33,"postprocess_ms":2,"resolve_ms":0,"scan_diff_ms":7,"write_ms":48},"project_model":{"catalog_files":1,"changed_configs":[],"config_inputs":0,"config_parse_cache_hits":0,"config_reads":0,"config_root_probes":5,"config_roots":0,"diagnostics":[],"go_fact_cache_hits":0,"go_source_reads":0,"input_digest":"6608a5a5cd33639a82b1be8d943f3148241d6520b8e0d9930909feaaf0ec5b8c","inventory_source":"shared_walk","modes":[],"rust_fact_cache_hits":0,"rust_source_reads":0,"version":3},"public_surface_coverage":{"known":1,"known_empty":0,"parsed_files":1,"unknown":0,"unknown_reasons":{}},"resolution_coverage":{"ambiguous":0,"incomplete_files":0,"modules_ambiguous":0,"modules_external":0,"modules_resolved":0,"modules_unknown":0,"modules_unresolved":0,"modules_unsupported":0,"omitted_records":0,"packages_resolved":0,"processed_files":1,"resolved":2,"unresolved":0,"unsupported":0},"resolution_freshness":{"basis_epoch":null,"complete":true,"completed_files":0,"index_epoch":5,"reason":null,"retry":null,"root_count":0,"scope":"observed_resolution_invalidations","status":"ready"},"symbols_total":2,"used_parallel_parse":false},"tool":"index"}
V18_JSON {"args":{"aspect":"capabilities"},"result":{"capabilities":{"graph":true,"impact":true,"search":true},"has_index":true,"has_project":true,"indexed_files":1,"indexed_symbols":2,"resolution_freshness":{"basis_epoch":null,"complete":true,"completed_files":0,"index_epoch":5,"reason":null,"retry":null,"root_count":0,"scope":"observed_resolution_invalidations","status":"ready"},"retrieval":{"consistency":"point_in_time","default_effective_strategy":"auto","default_query_state":"available_with_per_query_checks","default_strategy":"auto","dense_desired":2,"dense_published":0,"dense_reason":"semantic_coverage_uncovered","dense_state":"partial","diagnostic_sources":{"build":"BuildExplain on index response","graph":"GraphExplain on query response","lanes":"evidence_summary.retrieval.lanes or lane_receipts","packing":"evidence_summary.packing","selection":"evidence_summary.selection","semantic":"evidence_summary.retrieval.semantic (dense lane receipt projection)","source":"evidence_summary.source_freshness"},"execution":{"async_admitted":0,"async_in_flight":0,"async_limit":8,"completed":0,"cpu_admitted":0,"cpu_in_flight":0,"cpu_limit":4,"queue_limit":32,"rejected":0},"execution_scope":"process_shared_not_project_local","generation":{"evidence_epoch":1,"incarnation":[56,71,219,93,56,188,73,151,21,10,35,37,164,137,90,206],"index_epoch":5,"semantic_epoch":1},"generation_scope":"observed_database_snapshot","identity_validation":"checked_at_observation_boundary","index_state":"available","local_state":"available","pin_scope":"owned_query_views_including_inflight_clones_not_request_count","query_coverage":{"scope":"per_query_not_global","state":"not_measured"},"query_encoding":{"configured_opt_in":false,"network_authorized":false,"reason":"query_network_opt_in_required","request_scope":"nonlocal_nonempty_only"},"query_pins":1,"resolution_freshness":{"basis_epoch":null,"complete":true,"completed_files":0,"index_epoch":5,"reason":null,"retry":null,"root_count":0,"scope":"observed_resolution_invalidations","status":"ready"},"semantic_active_space":"2eac300964ae66ba95651ecaa7c7c6aafb0c9aecbd8a130cfc50c030cd8688d4","semantic_failed":0,"semantic_pending":2,"semantic_state":"backfilling","service_state_scope":"process_observed_separately","spec":"retrieval-capabilities-v2"}},"tool":"status"}
V18_JSON {"args":{"aspect":"capabilities"},"result":{"capabilities":{"graph":true,"impact":true,"search":true},"has_index":true,"has_project":true,"indexed_files":1,"indexed_symbols":2,"resolution_freshness":{"basis_epoch":null,"complete":true,"completed_files":0,"index_epoch":5,"reason":null,"retry":null,"root_count":0,"scope":"observed_resolution_invalidations","status":"ready"},"retrieval":{"consistency":"point_in_time","default_effective_strategy":"auto","default_query_state":"available_with_per_query_checks","default_strategy":"auto","dense_desired":2,"dense_published":0,"dense_reason":"semantic_coverage_uncovered","dense_state":"partial","diagnostic_sources":{"build":"BuildExplain on index response","graph":"GraphExplain on query response","lanes":"evidence_summary.retrieval.lanes or lane_receipts","packing":"evidence_summary.packing","selection":"evidence_summary.selection","semantic":"evidence_summary.retrieval.semantic (dense lane receipt projection)","source":"evidence_summary.source_freshness"},"execution":{"async_admitted":0,"async_in_flight":0,"async_limit":8,"completed":0,"cpu_admitted":0,"cpu_in_flight":0,"cpu_limit":4,"queue_limit":32,"rejected":0},"execution_scope":"process_shared_not_project_local","generation":{"evidence_epoch":1,"incarnation":[56,71,219,93,56,188,73,151,21,10,35,37,164,137,90,206],"index_epoch":5,"semantic_epoch":1},"generation_scope":"observed_database_snapshot","identity_validation":"checked_at_observation_boundary","index_state":"available","local_state":"available","pin_scope":"owned_query_views_including_inflight_clones_not_request_count","query_coverage":{"scope":"per_query_not_global","state":"not_measured"},"query_encoding":{"configured_opt_in":false,"network_authorized":false,"reason":"query_network_opt_in_required","request_scope":"nonlocal_nonempty_only"},"query_pins":1,"resolution_freshness":{"basis_epoch":null,"complete":true,"completed_files":0,"index_epoch":5,"reason":null,"retry":null,"root_count":0,"scope":"observed_resolution_invalidations","status":"ready"},"semantic_active_space":"2eac300964ae66ba95651ecaa7c7c6aafb0c9aecbd8a130cfc50c030cd8688d4","semantic_failed":0,"semantic_pending":2,"semantic_state":"backfilling","service_state_scope":"process_observed_separately","spec":"retrieval-capabilities-v2"}},"tool":"status"}
V18_JSON {"args":{"aspect":"capabilities"},"result":{"capabilities":{"graph":true,"impact":true,"search":true},"has_index":true,"has_project":true,"indexed_files":1,"indexed_symbols":2,"resolution_freshness":{"basis_epoch":null,"complete":true,"completed_files":0,"index_epoch":5,"reason":null,"retry":null,"root_count":0,"scope":"observed_resolution_invalidations","status":"ready"},"retrieval":{"consistency":"point_in_time","default_effective_strategy":"auto","default_query_state":"available_with_per_query_checks","default_strategy":"auto","dense_desired":2,"dense_published":0,"dense_reason":"semantic_coverage_uncovered","dense_state":"partial","diagnostic_sources":{"build":"BuildExplain on index response","graph":"GraphExplain on query response","lanes":"evidence_summary.retrieval.lanes or lane_receipts","packing":"evidence_summary.packing","selection":"evidence_summary.selection","semantic":"evidence_summary.retrieval.semantic (dense lane receipt projection)","source":"evidence_summary.source_freshness"},"execution":{"async_admitted":0,"async_in_flight":0,"async_limit":8,"completed":0,"cpu_admitted":0,"cpu_in_flight":0,"cpu_limit":4,"queue_limit":32,"rejected":0},"execution_scope":"process_shared_not_project_local","generation":{"evidence_epoch":1,"incarnation":[56,71,219,93,56,188,73,151,21,10,35,37,164,137,90,206],"index_epoch":5,"semantic_epoch":1},"generation_scope":"observed_database_snapshot","identity_validation":"checked_at_observation_boundary","index_state":"available","local_state":"available","pin_scope":"owned_query_views_including_inflight_clones_not_request_count","query_coverage":{"scope":"per_query_not_global","state":"not_measured"},"query_encoding":{"configured_opt_in":false,"network_authorized":false,"reason":"query_network_opt_in_required","request_scope":"nonlocal_nonempty_only"},"query_pins":1,"resolution_freshness":{"basis_epoch":null,"complete":true,"completed_files":0,"index_epoch":5,"reason":null,"retry":null,"root_count":0,"scope":"observed_resolution_invalidations","status":"ready"},"semantic_active_space":"2eac300964ae66ba95651ecaa7c7c6aafb0c9aecbd8a130cfc50c030cd8688d4","semantic_failed":0,"semantic_pending":2,"semantic_state":"backfilling","service_state_scope":"process_observed_separately","spec":"retrieval-capabilities-v2"}},"tool":"status"}
V18_JSON {"args":{"query":"needle"},"result":{"evidence_summary":{"files":["needle.py"],"graph_enrichment":{"callees_added":1,"callers_added":1,"symbols_resolved":2,"tests_found":0},"packing":{"compacted":true,"configured_max_bytes":18000,"continuation":"Use files region/expand on retained references; recheck source version.","limit_bytes":16000,"omitted_hits":0,"omitted_nodes":0,"original_hits":2,"original_nodes":4,"partial":false,"spec":"whole-json-intent-facets-source-support-before-incidental-v5","token_estimate_method":"ceil(serialized_utf8_bytes/4); not a tokenizer","used_bytes":12844},"retrieval":{"cost":{"coverage":"originating_work; full scope: retrieval-cost schema v1","fused_candidates":2,"hydrate_requested":2,"hydration":{"sql":{"fullscan_steps":0,"rows":10,"sorts":0,"statements":9,"vm_steps":386},"text":{"cache_hits":2,"legacy_auto_reads":0,"storage_reads":0,"utf8_bytes":66,"zstd_decodes":0}},"lane_candidates":{"exact_symbol":1,"graph":2,"grep":2,"lexical":2,"path":1,"semantic":0},"lexical_sql":{"fullscan_steps":0,"rows":2,"sorts":1,"statements":1,"vm_steps":59},"schema_version":1},"grep":{"fallback_scanned":0,"prefilter_failed":false,"prefilter_scanned":0,"reason":null,"scan_cap":20000,"scanned":2,"skipped_duplicates":4,"soft_scanned":2,"stages":[{"stage":"soft","work":{"sql":{"fullscan_steps":0,"rows":2,"sorts":0,"statements":1,"vm_steps":29},"text":{"cache_hits":0,"legacy_auto_reads":0,"storage_reads":2,"utf8_bytes":66,"zstd_decodes":0}}},{"stage":"prefilter","work":{"sql":{"fullscan_steps":0,"rows":2,"sorts":1,"statements":1,"vm_steps":58},"text":{"cache_hits":0,"legacy_auto_reads":0,"storage_reads":0,"utf8_bytes":0,"zstd_decodes":0}}},{"stage":"fallback","work":{"sql":{"fullscan_steps":1,"rows":2,"sorts":0,"statements":1,"vm_steps":23},"text":{"cache_hits":0,"legacy_auto_reads":0,"storage_reads":0,"utf8_bytes":0,"zstd_decodes":0}}}],"status":"complete"},"lane_receipts":[{"candidate_count":1,"candidate_details_omitted":true,"coverage":{"complete":true,"examined":null,"scope":"hard_scope","total_lower_bound":1},"elapsed_us":612,"lane_id":"exact_symbol","schema_version":1,"status":"complete","truncation_reason":null,"weight":1.1},{"candidate_count":1,"candidate_details_omitted":true,"coverage":{"complete":true,"examined":null,"scope":"hard_scope","total_lower_bound":1},"elapsed_us":2815,"lane_id":"path","schema_version":1,"status":"complete","truncation_reason":null,"weight":1.0},{"candidate_count":2,"candidate_details_omitted":true,"coverage":{"complete":true,"examined":null,"scope":"hard_scope","total_lower_bound":2},"elapsed_us":1918,"lane_id":"lexical","schema_version":1,"status":"complete","truncation_reason":null,"weight":1.1},{"candidate_count":2,"candidate_details_omitted":true,"coverage":{"complete":true,"examined":2,"scope":"hard_scope","total_lower_bound":2},"elapsed_us":2834,"lane_id":"grep","schema_version":1,"status":"complete","truncation_reason":null,"weight":0.8},{"candidate_count":2,"candidate_details_omitted":true,"coverage":{"complete":true,"examined":null,"scope":"hard_scope","total_lower_bound":2},"elapsed_us":2099,"lane_id":"graph","schema_version":1,"status":"complete","truncation_reason":null,"weight":0.6},{"candidate_count":0,"candidate_details_omitted":true,"coverage":{"complete":false,"examined":null,"scope":"hard_scope","total_lower_bound":0},"elapsed_us":223,"lane_id":"semantic","schema_version":1,"status":"unavailable","truncation_reason":"query_vector_not_encoded","weight":1.0}],"policy":{"deadline_ms":30000,"details_omitted":true,"effective":"semantic","graph_source_mapping":"uid_byte_decl_docs;not_whole_body:v2","intent":"locate","lane_timeout_ms":20000,"path_source_domain":"canonical_scoped_exact_else_bounded_tokens;not_whole_body:v3","requested":"semantic","semantic_state":"configured","semantic_timeout_ms":5000,"semantic_top_k":24,"version":"query-policy-local-semantic-canonical-path-domain-v4"},"scope":{"budget":{"exact_symbol_candidates":24,"grep_candidates":12,"grep_enabled":true,"grep_scan_cap":20000,"lexical_candidates":24,"path_candidates":24,"rerank_window":40,"top_k":10,"units":"chunks; grep_scan_cap=decompressions; scope_receipt_v1; not_total_cost"},"details_omitted":true,"hard":{"empty":false,"explicit_file_count":null,"languages":null,"path_prefix":null,"path_prefix_truncated":false,"semantics":"conjunctive_case_sensitive_repo_paths; explicit_empty_denies"},"ordering":["exact_identity_first","rerank_score_desc","chunk_id_asc"],"policy":"canonical-scoped-exact-path-domain-compact-context-budget-v22","schema_version":1,"soft":{"contributions":"score_trace=additive; stage_a_already_included; raw_hint_paths_omitted","hint_entries":{"overlay":0,"pinned":0,"recent":0,"working":0},"preselected_count":1,"role":"ranking_and_scan_priority_only"}}},"search_hits":2,"selection":{"facets":{"implementation":2},"input_candidates":2,"intent":"locate","intent_facet_anchors":{},"limit_omitted":0,"original_ranks":[1,2],"overlap":{"fully_covered_candidates":0,"input_bytes":66,"redundant_bytes":0,"unique_bytes":66},"requested_limit":10,"selected":2,"selected_overlap":{"fully_covered_candidates":0,"input_bytes":66,"redundant_bytes":0,"unique_bytes":66},"source_covered_omissions":0,"source_support_anchors":[],"source_support_scope":"cue_window:v1","spec":"anchored-facets-distinctive-source-union-v2","unmet_facets":[]},"source_freshness":{"budget_exhausted":false,"checked_files":1,"dense_manifest_fence":{"checked":0,"skip_disposition":"stale_publication_skipped","skipped":0},"generation":{"evidence_epoch":1,"incarnation":[90,44,160,158,32,83,228,166,125,252,45,198,179,10,244,239],"index_epoch":5,"semantic_epoch":null},"hydrator":"current-document-scope-source-generation-v1","omitted_files":{},"partial":false,"read_budget_charged":66,"scope":"disk_generation:v1","validation_work":{"candidate_projection_sql":{"fullscan_steps":0,"rows":2,"sorts":0,"statements":1,"vm_steps":76},"coverage":"current final-assembly attempt SELECTs for manifest, symbol identity and candidate projection; excludes prior attempts, transaction control, originating retrieval, generation, dense fence, graph and disk work; not total cost","schema_version":1,"source_records_sql":{"fullscan_steps":0,"rows":10,"sorts":0,"statements":9,"vm_steps":292}},"verified_hits":2}},"intent":"locate","invalidations":[],"machine_pack":{"hits":[{"breadcrumb":"needle","chunk_id":"chunk:needle.py:0","end_line":2,"file_path":"needle.py","fused_score":0.08989441930618403,"graph_score":0.07931471805599452,"grep_score":0.5,"lane":null,"language":"python","lexical_score":1.0,"metadata":{"details_omitted":true,"document":{"doc_key":"29b2fa88c6d6c8741c47ad873ba80a25c628b882a28ea3cfaa7fcc69e6982938","doc_version":"9ba68969fd43b00f97a9fade36d3cd19b8f57a4b7c6dffacb8c050c2e9b29f62","encoding_key":"78fc8c83484a6639e37e832f30a8eb8310c8ad26eada3a4ec3d936c1f152fede","entity_key":"16a369932cc2a7589f395b34b3b8def8bbad6a04e00672428487964152c26486"},"qname":"needle","source_evidence":{"boundary":"symbol","owner":{"end":28,"start":0},"signature":{"end":18,"start":0},"slice_digest":"c748e325d98b5f174763b313c05ece587900d99690eedbce11f75639788c6b8b","source":{"byte_len":66,"content_digest":"bdb975ad92107a0524d6a7c217816cd1e50bb1d97a36ef892318fbe837bf8857","encoding":"utf8","snapshot_id":"735799399424072b1b6cc95488ff63f55c094da4b32573a4555bf731c014f141"},"span":{"end":28,"start":0}},"source_freshness":{"disk_checked":true,"hydrator":"current-document-scope-source-generation-v1","status":"current_verified"}},"reasons":["exact-target","exact_symbol@1","path@1","lexical@1","grep@2","symbol-exact","fts-summary","path-token:needle","symbol:needle","preselect:fts-summary:+1.40","preselect:token-search:+3.00"],"rerank_score":0.8196888975800265,"score_trace":[["rrf:exact_symbol",0.021568627450980395],["rrf:path",0.0196078431372549],["rrf:lexical",0.021568627450980395],["rrf:grep",0.015384615384615385],["rrf:graph",0.011764705882352941],["overlap",0.35],["boost:symbol-exact",0.18],["boost:stage-a",0.17600006285704412],["boost:graph-rerank",0.023794415416798356]],"source":"index","start_line":1,"symbol_kind":"function","symbol_name":"needle","text":"def needle():\n    return 731"},{"breadcrumb":"neighbor","chunk_id":"chunk:needle.py:1","end_line":5,"file_path":"needle.py","fused_score":0.048378582202111615,"graph_score":0.06931471805599453,"grep_score":1.0,"lane":null,"language":"python","lexical_score":0.5,"metadata":{"details_omitted":true,"document":{"doc_key":"3fd56c438273f4e97d76268fc1e74f7bccba6b16d9f0ef414ca67b0829003e65","doc_version":"09f385ca69393d6173161facbcb1551167f9785fcdd2ccc650f1c531bc0259ed","encoding_key":"02118b2a2349b99c9efe9684d529683cd659e52f1e28e19c864bc915175c7693","entity_key":"f8d3da2a91268bb9b93e59ca9b06d751804a9221f3d218b5a8798fab2dc8e40d"},"qname":"neighbor","source_evidence":{"boundary":"symbol","owner":{"end":65,"start":30},"signature":{"end":50,"start":30},"slice_digest":"dec7813dc4d5e300de152b45e0cb2a89c688f0a75f1501c57aa7eb68130081dd","source":{"byte_len":66,"content_digest":"bdb975ad92107a0524d6a7c217816cd1e50bb1d97a36ef892318fbe837bf8857","encoding":"utf8","snapshot_id":"735799399424072b1b6cc95488ff63f55c094da4b32573a4555bf731c014f141"},"span":{"end":66,"start":28}},"source_freshness":{"disk_checked":true,"hydrator":"current-document-scope-source-generation-v1","status":"current_verified"}},"reasons":["lexical@2","grep@1","fts-summary","path-token:needle","symbol:needle","preselect:fts-summary:+1.40","preselect:token-search:+3.00"],"rerank_score":0.5951730604759541,"score_trace":[["rrf:lexical",0.021153846153846155],["rrf:grep",0.01568627450980392],["rrf:graph",0.011538461538461537],["overlap",0.35],["boost:stage-a",0.17600006285704412],["boost:graph-rerank",0.020794415416798356]],"source":"index","start_line":2,"symbol_kind":"function","symbol_name":"neighbor","text":"\n\ndef neighbor():\n    return needle()\n"}],"kind":"code_index_context","query":"needle","repo_size_tier":"Tiny","token_budget":4000,"top_k":10},"nodes":[{"backing_file_path":"needle.py","backing_source":null,"confidence":0.8,"depends_on":[],"end_line":2,"file_path":"needle.py","freshness":null,"invalidation_keys":[],"metadata":{"representation":"machine_hit_reference"},"node_id":"search:chunk:needle.py:0","node_type":"SEARCH_HIT","rank_explanation":null,"reasons":[],"relation":null,"role":"primary","score":0.8196888975800265,"source":"index","source_end_line":2,"source_start_line":1,"span_kind":"reference","start_line":1,"text":"","title":"needle.py needle:1-2","token_estimate":0},{"backing_file_path":"needle.py","backing_source":null,"confidence":0.8,"depends_on":[],"end_line":5,"file_path":"needle.py","freshness":null,"invalidation_keys":[],"metadata":{"representation":"machine_hit_reference"},"node_id":"search:chunk:needle.py:1","node_type":"SEARCH_HIT","rank_explanation":null,"reasons":[],"relation":null,"role":"primary","score":0.5951730604759541,"source":"index","source_end_line":5,"source_start_line":2,"span_kind":"reference","start_line":2,"text":"","title":"needle.py neighbor:2-5","token_estimate":0},{"backing_file_path":null,"backing_source":null,"confidence":1.0,"depends_on":[],"end_line":null,"file_path":"needle.py","freshness":null,"invalidation_keys":[],"metadata":null,"node_id":"graph:caller:uid:ed8e61924345e59a924de3bf","node_type":"CALL_EDGE","rank_explanation":null,"reasons":[],"relation":null,"role":"neighbor","score":0.0,"source":"graph","source_end_line":null,"source_start_line":null,"span_kind":null,"start_line":5,"text":"caller: neighbor → needle (needle.py:5)","title":"Caller: neighbor","token_estimate":10},{"backing_file_path":null,"backing_source":null,"confidence":1.0,"depends_on":[],"end_line":null,"file_path":"needle.py","freshness":null,"invalidation_keys":[],"metadata":null,"node_id":"graph:callee:uid:3732066f97516c2c2f8efb6e","node_type":"CALL_EDGE","rank_explanation":null,"reasons":[],"relation":null,"role":"neighbor","score":0.0,"source":"graph","source_end_line":null,"source_start_line":null,"span_kind":null,"start_line":5,"text":"callee: neighbor → needle (needle.py:5)","title":"Callee: needle","token_estimate":10}],"query":"needle","reasons":["hybrid search over code index","graph-enriched"],"rendered_prompt":"Complete source is in machine_pack.hits; references have no source body.","resolution_freshness":{"basis_epoch":null,"complete":true,"completed_files":0,"index_epoch":5,"reason":null,"retry":null,"root_count":0,"scope":"observed_resolution_invalidations","status":"ready"},"revision":0,"spans":[{"end_line":2,"file_path":"needle.py","label":"needle","node_id":"search:chunk:needle.py:0","start_line":1},{"end_line":5,"file_path":"needle.py","label":"neighbor","node_id":"search:chunk:needle.py:1","start_line":2}],"summary":"Found 2 indexed code result(s) across 1 file(s) for `needle`.","task":"needle","token_budget":4000,"token_estimate":3211},"tool":"search"}
[2m2026-10-08T05:00:22.412353Z[0m [32m INFO[0m [2mcc_server::semantic_runtime[0m[2m:[0m semantic worker GC page completed [3mkept_fresh[0m[2m=[0m0 [3mkept_referenced[0m[2m=[0m2 [3mkept_live_task[0m[2m=[0m0 [3mdeleted_objects[0m[2m=[0m0 [3mdeleted_halves[0m[2m=[0m0 [3mdeleted_temps[0m[2m=[0m0 [3mpruned_dirs[0m[2m=[0m0 [3mexhausted[0m[2m=[0mtrue
V18_JSON {"args":{"aspect":"capabilities"},"result":{"capabilities":{"graph":true,"impact":true,"search":true},"has_index":true,"has_project":true,"indexed_files":1,"indexed_symbols":2,"resolution_freshness":{"basis_epoch":null,"complete":true,"completed_files":0,"index_epoch":5,"reason":null,"retry":null,"root_count":0,"scope":"observed_resolution_invalidations","status":"ready"},"retrieval":{"consistency":"point_in_time","default_effective_strategy":"auto","default_query_state":"available_with_per_query_checks","default_strategy":"auto","dense_desired":2,"dense_published":2,"dense_reason":null,"dense_state":"ready","diagnostic_sources":{"build":"BuildExplain on index response","graph":"GraphExplain on query response","lanes":"evidence_summary.retrieval.lanes or lane_receipts","packing":"evidence_summary.packing","selection":"evidence_summary.selection","semantic":"evidence_summary.retrieval.semantic (dense lane receipt projection)","source":"evidence_summary.source_freshness"},"execution":{"async_admitted":0,"async_in_flight":0,"async_limit":8,"completed":0,"cpu_admitted":0,"cpu_in_flight":0,"cpu_limit":4,"queue_limit":32,"rejected":0},"execution_scope":"process_shared_not_project_local","generation":{"evidence_epoch":1,"incarnation":[56,71,219,93,56,188,73,151,21,10,35,37,164,137,90,206],"index_epoch":5,"semantic_epoch":3},"generation_scope":"observed_database_snapshot","identity_validation":"checked_at_observation_boundary","index_state":"available","local_state":"available","pin_scope":"owned_query_views_including_inflight_clones_not_request_count","query_coverage":{"scope":"per_query_not_global","state":"not_measured"},"query_encoding":{"configured_opt_in":false,"network_authorized":false,"reason":"query_network_opt_in_required","request_scope":"nonlocal_nonempty_only"},"query_pins":0,"resolution_freshness":{"basis_epoch":null,"complete":true,"completed_files":0,"index_epoch":5,"reason":null,"retry":null,"root_count":0,"scope":"observed_resolution_invalidations","status":"ready"},"semantic_active_space":"2eac300964ae66ba95651ecaa7c7c6aafb0c9aecbd8a130cfc50c030cd8688d4","semantic_failed":0,"semantic_pending":0,"semantic_state":"ready","service_state_scope":"process_observed_separately","spec":"retrieval-capabilities-v2"}},"tool":"status"}
V18_JSON {"args":{"query":"needle"},"result":{"evidence_summary":{"files":["needle.py"],"graph_enrichment":{"callees_added":1,"callers_added":1,"symbols_resolved":2,"tests_found":0},"packing":{"compacted":true,"configured_max_bytes":18000,"continuation":"Use files region/expand on retained references; recheck source version.","limit_bytes":16000,"omitted_hits":0,"omitted_nodes":0,"original_hits":2,"original_nodes":4,"partial":false,"spec":"whole-json-intent-facets-source-support-before-incidental-v5","token_estimate_method":"ceil(serialized_utf8_bytes/4); not a tokenizer","used_bytes":12540},"retrieval":{"cost":{"coverage":"originating_work; full scope: retrieval-cost schema v1","fused_candidates":2,"hydrate_requested":2,"hydration":{"sql":{"fullscan_steps":0,"rows":10,"sorts":0,"statements":9,"vm_steps":386},"text":{"cache_hits":2,"legacy_auto_reads":0,"storage_reads":0,"utf8_bytes":66,"zstd_decodes":0}},"lane_candidates":{"exact_symbol":1,"graph":2,"grep":2,"lexical":2,"path":1},"lexical_sql":{"fullscan_steps":0,"rows":2,"sorts":1,"statements":1,"vm_steps":59},"schema_version":1},"grep":{"fallback_scanned":0,"prefilter_failed":false,"prefilter_scanned":0,"reason":null,"scan_cap":20000,"scanned":2,"skipped_duplicates":4,"soft_scanned":2,"stages":[{"stage":"soft","work":{"sql":{"fullscan_steps":0,"rows":2,"sorts":0,"statements":1,"vm_steps":29},"text":{"cache_hits":0,"legacy_auto_reads":0,"storage_reads":2,"utf8_bytes":66,"zstd_decodes":0}}},{"stage":"prefilter","work":{"sql":{"fullscan_steps":0,"rows":2,"sorts":1,"statements":1,"vm_steps":58},"text":{"cache_hits":0,"legacy_auto_reads":0,"storage_reads":0,"utf8_bytes":0,"zstd_decodes":0}}},{"stage":"fallback","work":{"sql":{"fullscan_steps":1,"rows":2,"sorts":0,"statements":1,"vm_steps":23},"text":{"cache_hits":0,"legacy_auto_reads":0,"storage_reads":0,"utf8_bytes":0,"zstd_decodes":0}}}],"status":"complete"},"lane_receipts":[{"candidate_count":1,"candidate_details_omitted":true,"coverage":{"complete":true,"examined":null,"scope":"hard_scope","total_lower_bound":1},"elapsed_us":310,"lane_id":"exact_symbol","schema_version":1,"status":"complete","truncation_reason":null,"weight":1.1},{"candidate_count":1,"candidate_details_omitted":true,"coverage":{"complete":true,"examined":null,"scope":"hard_scope","total_lower_bound":1},"elapsed_us":323,"lane_id":"path","schema_version":1,"status":"complete","truncation_reason":null,"weight":1.0},{"candidate_count":2,"candidate_details_omitted":true,"coverage":{"complete":true,"examined":null,"scope":"hard_scope","total_lower_bound":2},"elapsed_us":303,"lane_id":"lexical","schema_version":1,"status":"complete","truncation_reason":null,"weight":1.1},{"candidate_count":2,"candidate_details_omitted":true,"coverage":{"complete":true,"examined":2,"scope":"hard_scope","total_lower_bound":2},"elapsed_us":3531,"lane_id":"grep","schema_version":1,"status":"complete","truncation_reason":null,"weight":0.8},{"candidate_count":2,"candidate_details_omitted":true,"coverage":{"complete":true,"examined":null,"scope":"hard_scope","total_lower_bound":2},"elapsed_us":1360,"lane_id":"graph","schema_version":1,"status":"complete","truncation_reason":null,"weight":0.6}],"policy":{"deadline_ms":30000,"details_omitted":true,"effective":"local","graph_source_mapping":"uid_byte_decl_docs;not_whole_body:v2","intent":"locate","lane_timeout_ms":20000,"path_source_domain":"canonical_scoped_exact_else_bounded_tokens;not_whole_body:v3","requested":"local","semantic_state":"disabled","semantic_timeout_ms":5000,"semantic_top_k":24,"version":"query-policy-local-semantic-canonical-path-domain-v4"},"scope":{"budget":{"exact_symbol_candidates":24,"grep_candidates":12,"grep_enabled":true,"grep_scan_cap":20000,"lexical_candidates":24,"path_candidates":24,"rerank_window":40,"top_k":10,"units":"chunks; grep_scan_cap=decompressions; scope_receipt_v1; not_total_cost"},"details_omitted":true,"hard":{"empty":false,"explicit_file_count":null,"languages":null,"path_prefix":null,"path_prefix_truncated":false,"semantics":"conjunctive_case_sensitive_repo_paths; explicit_empty_denies"},"ordering":["exact_identity_first","rerank_score_desc","chunk_id_asc"],"policy":"canonical-scoped-exact-path-domain-compact-context-budget-v22","schema_version":1,"soft":{"contributions":"score_trace=additive; stage_a_already_included; raw_hint_paths_omitted","hint_entries":{"overlay":0,"pinned":0,"recent":0,"working":0},"preselected_count":1,"role":"ranking_and_scan_priority_only"}}},"search_hits":2,"selection":{"facets":{"implementation":2},"input_candidates":2,"intent":"locate","intent_facet_anchors":{},"limit_omitted":0,"original_ranks":[1,2],"overlap":{"fully_covered_candidates":0,"input_bytes":66,"redundant_bytes":0,"unique_bytes":66},"requested_limit":10,"selected":2,"selected_overlap":{"fully_covered_candidates":0,"input_bytes":66,"redundant_bytes":0,"unique_bytes":66},"source_covered_omissions":0,"source_support_anchors":[],"source_support_scope":"cue_window:v1","spec":"anchored-facets-distinctive-source-union-v2","unmet_facets":[]},"source_freshness":{"budget_exhausted":false,"checked_files":1,"dense_manifest_fence":{"checked":0,"skip_disposition":"stale_publication_skipped","skipped":0},"generation":{"evidence_epoch":1,"incarnation":[244,218,134,195,224,167,15,219,217,194,83,43,177,159,234,118],"index_epoch":5,"semantic_epoch":null},"hydrator":"current-document-scope-source-generation-v1","omitted_files":{},"partial":false,"read_budget_charged":66,"scope":"disk_generation:v1","validation_work":{"candidate_projection_sql":{"fullscan_steps":0,"rows":2,"sorts":0,"statements":1,"vm_steps":76},"coverage":"current final-assembly attempt SELECTs for manifest, symbol identity and candidate projection; excludes prior attempts, transaction control, originating retrieval, generation, dense fence, graph and disk work; not total cost","schema_version":1,"source_records_sql":{"fullscan_steps":0,"rows":10,"sorts":0,"statements":9,"vm_steps":292}},"verified_hits":2}},"intent":"locate","invalidations":[],"machine_pack":{"hits":[{"breadcrumb":"needle","chunk_id":"chunk:needle.py:0","end_line":2,"file_path":"needle.py","fused_score":0.08989441930618403,"graph_score":0.07931471805599452,"grep_score":0.5,"lane":null,"language":"python","lexical_score":1.0,"metadata":{"details_omitted":true,"document":{"doc_key":"29b2fa88c6d6c8741c47ad873ba80a25c628b882a28ea3cfaa7fcc69e6982938","doc_version":"9ba68969fd43b00f97a9fade36d3cd19b8f57a4b7c6dffacb8c050c2e9b29f62","encoding_key":"78fc8c83484a6639e37e832f30a8eb8310c8ad26eada3a4ec3d936c1f152fede","entity_key":"16a369932cc2a7589f395b34b3b8def8bbad6a04e00672428487964152c26486"},"qname":"needle","source_evidence":{"boundary":"symbol","owner":{"end":28,"start":0},"signature":{"end":18,"start":0},"slice_digest":"c748e325d98b5f174763b313c05ece587900d99690eedbce11f75639788c6b8b","source":{"byte_len":66,"content_digest":"bdb975ad92107a0524d6a7c217816cd1e50bb1d97a36ef892318fbe837bf8857","encoding":"utf8","snapshot_id":"735799399424072b1b6cc95488ff63f55c094da4b32573a4555bf731c014f141"},"span":{"end":28,"start":0}},"source_freshness":{"disk_checked":true,"hydrator":"current-document-scope-source-generation-v1","status":"current_verified"}},"reasons":["exact-target","exact_symbol@1","path@1","lexical@1","grep@2","symbol-exact","fts-summary","path-token:needle","symbol:needle","preselect:fts-summary:+1.40","preselect:token-search:+3.00"],"rerank_score":0.8196888975800265,"score_trace":[["rrf:exact_symbol",0.021568627450980395],["rrf:path",0.0196078431372549],["rrf:lexical",0.021568627450980395],["rrf:grep",0.015384615384615385],["rrf:graph",0.011764705882352941],["overlap",0.35],["boost:symbol-exact",0.18],["boost:stage-a",0.17600006285704412],["boost:graph-rerank",0.023794415416798356]],"source":"index","start_line":1,"symbol_kind":"function","symbol_name":"needle","text":"def needle():\n    return 731"},{"breadcrumb":"neighbor","chunk_id":"chunk:needle.py:1","end_line":5,"file_path":"needle.py","fused_score":0.048378582202111615,"graph_score":0.06931471805599453,"grep_score":1.0,"lane":null,"language":"python","lexical_score":0.5,"metadata":{"details_omitted":true,"document":{"doc_key":"3fd56c438273f4e97d76268fc1e74f7bccba6b16d9f0ef414ca67b0829003e65","doc_version":"09f385ca69393d6173161facbcb1551167f9785fcdd2ccc650f1c531bc0259ed","encoding_key":"02118b2a2349b99c9efe9684d529683cd659e52f1e28e19c864bc915175c7693","entity_key":"f8d3da2a91268bb9b93e59ca9b06d751804a9221f3d218b5a8798fab2dc8e40d"},"qname":"neighbor","source_evidence":{"boundary":"symbol","owner":{"end":65,"start":30},"signature":{"end":50,"start":30},"slice_digest":"dec7813dc4d5e300de152b45e0cb2a89c688f0a75f1501c57aa7eb68130081dd","source":{"byte_len":66,"content_digest":"bdb975ad92107a0524d6a7c217816cd1e50bb1d97a36ef892318fbe837bf8857","encoding":"utf8","snapshot_id":"735799399424072b1b6cc95488ff63f55c094da4b32573a4555bf731c014f141"},"span":{"end":66,"start":28}},"source_freshness":{"disk_checked":true,"hydrator":"current-document-scope-source-generation-v1","status":"current_verified"}},"reasons":["lexical@2","grep@1","fts-summary","path-token:needle","symbol:needle","preselect:fts-summary:+1.40","preselect:token-search:+3.00"],"rerank_score":0.5951730604759541,"score_trace":[["rrf:lexical",0.021153846153846155],["rrf:grep",0.01568627450980392],["rrf:graph",0.011538461538461537],["overlap",0.35],["boost:stage-a",0.17600006285704412],["boost:graph-rerank",0.020794415416798356]],"source":"index","start_line":2,"symbol_kind":"function","symbol_name":"neighbor","text":"\n\ndef neighbor():\n    return needle()\n"}],"kind":"code_index_context","query":"needle","repo_size_tier":"Tiny","token_budget":4000,"top_k":10},"nodes":[{"backing_file_path":"needle.py","backing_source":null,"confidence":0.8,"depends_on":[],"end_line":2,"file_path":"needle.py","freshness":null,"invalidation_keys":[],"metadata":{"representation":"machine_hit_reference"},"node_id":"search:chunk:needle.py:0","node_type":"SEARCH_HIT","rank_explanation":null,"reasons":[],"relation":null,"role":"primary","score":0.8196888975800265,"source":"index","source_end_line":2,"source_start_line":1,"span_kind":"reference","start_line":1,"text":"","title":"needle.py needle:1-2","token_estimate":0},{"backing_file_path":"needle.py","backing_source":null,"confidence":0.8,"depends_on":[],"end_line":5,"file_path":"needle.py","freshness":null,"invalidation_keys":[],"metadata":{"representation":"machine_hit_reference"},"node_id":"search:chunk:needle.py:1","node_type":"SEARCH_HIT","rank_explanation":null,"reasons":[],"relation":null,"role":"primary","score":0.5951730604759541,"source":"index","source_end_line":5,"source_start_line":2,"span_kind":"reference","start_line":2,"text":"","title":"needle.py neighbor:2-5","token_estimate":0},{"backing_file_path":null,"backing_source":null,"confidence":1.0,"depends_on":[],"end_line":null,"file_path":"needle.py","freshness":null,"invalidation_keys":[],"metadata":null,"node_id":"graph:caller:uid:ed8e61924345e59a924de3bf","node_type":"CALL_EDGE","rank_explanation":null,"reasons":[],"relation":null,"role":"neighbor","score":0.0,"source":"graph","source_end_line":null,"source_start_line":null,"span_kind":null,"start_line":5,"text":"caller: neighbor → needle (needle.py:5)","title":"Caller: neighbor","token_estimate":10},{"backing_file_path":null,"backing_source":null,"confidence":1.0,"depends_on":[],"end_line":null,"file_path":"needle.py","freshness":null,"invalidation_keys":[],"metadata":null,"node_id":"graph:callee:uid:3732066f97516c2c2f8efb6e","node_type":"CALL_EDGE","rank_explanation":null,"reasons":[],"relation":null,"role":"neighbor","score":0.0,"source":"graph","source_end_line":null,"source_start_line":null,"span_kind":null,"start_line":5,"text":"callee: neighbor → needle (needle.py:5)","title":"Callee: needle","token_estimate":10}],"query":"needle","reasons":["hybrid search over code index","graph-enriched"],"rendered_prompt":"Complete source is in machine_pack.hits; references have no source body.","resolution_freshness":{"basis_epoch":null,"complete":true,"completed_files":0,"index_epoch":5,"reason":null,"retry":null,"root_count":0,"scope":"observed_resolution_invalidations","status":"ready"},"revision":0,"spans":[{"end_line":2,"file_path":"needle.py","label":"needle","node_id":"search:chunk:needle.py:0","start_line":1},{"end_line":5,"file_path":"needle.py","label":"neighbor","node_id":"search:chunk:needle.py:1","start_line":2}],"summary":"Found 2 indexed code result(s) across 1 file(s) for `needle`.","task":"needle","token_budget":4000,"token_estimate":3135},"tool":"search"}
V18_JSON {"args":{"aspect":"capabilities"},"result":{"capabilities":{"graph":true,"impact":true,"search":true},"has_index":true,"has_project":true,"indexed_files":1,"indexed_symbols":2,"resolution_freshness":{"basis_epoch":null,"complete":true,"completed_files":0,"index_epoch":5,"reason":null,"retry":null,"root_count":0,"scope":"observed_resolution_invalidations","status":"ready"},"retrieval":{"consistency":"point_in_time","default_effective_strategy":"local","default_query_state":"available_with_per_query_checks","default_strategy":"local","dense_reason":"provider_and_vector_publication_not_implemented","dense_state":"disabled","diagnostic_sources":{"build":"BuildExplain on index response","graph":"GraphExplain on query response","lanes":"evidence_summary.retrieval.lanes or lane_receipts","packing":"evidence_summary.packing","selection":"evidence_summary.selection","semantic":"evidence_summary.retrieval.semantic (dense lane receipt projection)","source":"evidence_summary.source_freshness"},"execution":{"async_admitted":0,"async_in_flight":0,"async_limit":8,"completed":4,"cpu_admitted":0,"cpu_in_flight":0,"cpu_limit":4,"queue_limit":32,"rejected":0},"execution_scope":"process_shared_not_project_local","generation":{"evidence_epoch":1,"incarnation":[244,218,134,195,224,167,15,219,217,194,83,43,177,159,234,118],"index_epoch":5,"semantic_epoch":null},"generation_scope":"observed_database_snapshot","identity_validation":"checked_at_observation_boundary","index_state":"available","local_state":"available","pin_scope":"owned_query_views_including_inflight_clones_not_request_count","query_coverage":{"scope":"per_query_not_global","state":"not_measured"},"query_encoding":{"configured_opt_in":false,"network_authorized":false,"reason":"semantic_disabled","request_scope":"nonlocal_nonempty_only"},"query_pins":0,"resolution_freshness":{"basis_epoch":null,"complete":true,"completed_files":0,"index_epoch":5,"reason":null,"retry":null,"root_count":0,"scope":"observed_resolution_invalidations","status":"ready"},"semantic_active_space":null,"semantic_state":"not_configured","service_state_scope":"process_observed_separately","spec":"retrieval-capabilities-v2"}},"tool":"status"}
[2m2026-10-08T05:00:22.425992Z[0m [32m INFO[0m [1mserve_inner[0m[2m:[0m [2mrmcp::service[0m[2m:[0m input stream terminated
[2m2026-10-08T05:00:22.426203Z[0m [32m INFO[0m [1mserve_inner[0m[2m:[0m [2mrmcp::service[0m[2m:[0m serve finished [3mquit_reason[0m[2m=[0mClosed
[2m2026-10-08T05:00:22.426549Z[0m [32m INFO[0m [2mcc_db::index_db_rebuild[0m[2m:[0m full rebuild: writing data to temp database
[2m2026-10-08T05:00:22.429114Z[0m [32m INFO[0m [2mcc_server::mcp[0m[2m:[0m MCP server shut down gracefully
[2m2026-10-08T05:00:22.429853Z[0m [32m INFO[0m [2mcc_db::index_db_rebuild[0m[2m:[0m full rebuild: recreating indexes
V18_JSON {"args":{"query":"needle","retrieval_strategy":null},"result":{"evidence_summary":{"files":["needle.py"],"graph_enrichment":{"callees_added":1,"callers_added":1,"symbols_resolved":2,"tests_found":0},"packing":{"compacted":true,"configured_max_bytes":18000,"continuation":"Use files region/expand on retained references; recheck source version.","limit_bytes":16000,"omitted_hits":0,"omitted_nodes":0,"original_hits":2,"original_nodes":4,"partial":false,"spec":"whole-json-intent-facets-source-support-before-incidental-v5","token_estimate_method":"ceil(serialized_utf8_bytes/4); not a tokenizer","used_bytes":12845},"retrieval":{"cost":{"coverage":"originating_work; full scope: retrieval-cost schema v1","fused_candidates":2,"hydrate_requested":2,"hydration":{"sql":{"fullscan_steps":0,"rows":10,"sorts":0,"statements":9,"vm_steps":386},"text":{"cache_hits":2,"legacy_auto_reads":0,"storage_reads":0,"utf8_bytes":66,"zstd_decodes":0}},"lane_candidates":{"exact_symbol":1,"graph":2,"grep":2,"lexical":2,"path":1,"semantic":0},"lexical_sql":{"fullscan_steps":0,"rows":2,"sorts":1,"statements":1,"vm_steps":59},"schema_version":1},"grep":{"fallback_scanned":0,"prefilter_failed":false,"prefilter_scanned":0,"reason":null,"scan_cap":20000,"scanned":2,"skipped_duplicates":4,"soft_scanned":2,"stages":[{"stage":"soft","work":{"sql":{"fullscan_steps":0,"rows":2,"sorts":0,"statements":1,"vm_steps":29},"text":{"cache_hits":0,"legacy_auto_reads":0,"storage_reads":2,"utf8_bytes":66,"zstd_decodes":0}}},{"stage":"prefilter","work":{"sql":{"fullscan_steps":0,"rows":2,"sorts":1,"statements":1,"vm_steps":58},"text":{"cache_hits":0,"legacy_auto_reads":0,"storage_reads":0,"utf8_bytes":0,"zstd_decodes":0}}},{"stage":"fallback","work":{"sql":{"fullscan_steps":1,"rows":2,"sorts":0,"statements":1,"vm_steps":23},"text":{"cache_hits":0,"legacy_auto_reads":0,"storage_reads":0,"utf8_bytes":0,"zstd_decodes":0}}}],"status":"complete"},"lane_receipts":[{"candidate_count":1,"candidate_details_omitted":true,"coverage":{"complete":true,"examined":null,"scope":"hard_scope","total_lower_bound":1},"elapsed_us":1563,"lane_id":"exact_symbol","schema_version":1,"status":"complete","truncation_reason":null,"weight":1.1},{"candidate_count":1,"candidate_details_omitted":true,"coverage":{"complete":true,"examined":null,"scope":"hard_scope","total_lower_bound":1},"elapsed_us":1643,"lane_id":"path","schema_version":1,"status":"complete","truncation_reason":null,"weight":1.0},{"candidate_count":2,"candidate_details_omitted":true,"coverage":{"complete":true,"examined":null,"scope":"hard_scope","total_lower_bound":2},"elapsed_us":2399,"lane_id":"lexical","schema_version":1,"status":"complete","truncation_reason":null,"weight":1.1},{"candidate_count":2,"candidate_details_omitted":true,"coverage":{"complete":true,"examined":2,"scope":"hard_scope","total_lower_bound":2},"elapsed_us":2336,"lane_id":"grep","schema_version":1,"status":"complete","truncation_reason":null,"weight":0.8},{"candidate_count":2,"candidate_details_omitted":true,"coverage":{"complete":true,"examined":null,"scope":"hard_scope","total_lower_bound":2},"elapsed_us":1928,"lane_id":"graph","schema_version":1,"status":"complete","truncation_reason":null,"weight":0.6},{"candidate_count":0,"candidate_details_omitted":true,"coverage":{"complete":false,"examined":null,"scope":"hard_scope","total_lower_bound":0},"elapsed_us":198,"lane_id":"semantic","schema_version":1,"status":"unavailable","truncation_reason":"query_vector_not_encoded","weight":1.0}],"policy":{"deadline_ms":30000,"details_omitted":true,"effective":"semantic","graph_source_mapping":"uid_byte_decl_docs;not_whole_body:v2","intent":"locate","lane_timeout_ms":20000,"path_source_domain":"canonical_scoped_exact_else_bounded_tokens;not_whole_body:v3","requested":"semantic","semantic_state":"configured","semantic_timeout_ms":5000,"semantic_top_k":24,"version":"query-policy-local-semantic-canonical-path-domain-v4"},"scope":{"budget":{"exact_symbol_candidates":24,"grep_candidates":12,"grep_enabled":true,"grep_scan_cap":20000,"lexical_candidates":24,"path_candidates":24,"rerank_window":40,"top_k":10,"units":"chunks; grep_scan_cap=decompressions; scope_receipt_v1; not_total_cost"},"details_omitted":true,"hard":{"empty":false,"explicit_file_count":null,"languages":null,"path_prefix":null,"path_prefix_truncated":false,"semantics":"conjunctive_case_sensitive_repo_paths; explicit_empty_denies"},"ordering":["exact_identity_first","rerank_score_desc","chunk_id_asc"],"policy":"canonical-scoped-exact-path-domain-compact-context-budget-v22","schema_version":1,"soft":{"contributions":"score_trace=additive; stage_a_already_included; raw_hint_paths_omitted","hint_entries":{"overlay":0,"pinned":0,"recent":0,"working":0},"preselected_count":1,"role":"ranking_and_scan_priority_only"}}},"search_hits":2,"selection":{"facets":{"implementation":2},"input_candidates":2,"intent":"locate","intent_facet_anchors":{},"limit_omitted":0,"original_ranks":[1,2],"overlap":{"fully_covered_candidates":0,"input_bytes":66,"redundant_bytes":0,"unique_bytes":66},"requested_limit":10,"selected":2,"selected_overlap":{"fully_covered_candidates":0,"input_bytes":66,"redundant_bytes":0,"unique_bytes":66},"source_covered_omissions":0,"source_support_anchors":[],"source_support_scope":"cue_window:v1","spec":"anchored-facets-distinctive-source-union-v2","unmet_facets":[]},"source_freshness":{"budget_exhausted":false,"checked_files":1,"dense_manifest_fence":{"checked":0,"skip_disposition":"stale_publication_skipped","skipped":0},"generation":{"evidence_epoch":1,"incarnation":[90,44,160,158,32,83,228,166,125,252,45,198,179,10,244,239],"index_epoch":5,"semantic_epoch":null},"hydrator":"current-document-scope-source-generation-v1","omitted_files":{},"partial":false,"read_budget_charged":66,"scope":"disk_generation:v1","validation_work":{"candidate_projection_sql":{"fullscan_steps":0,"rows":2,"sorts":0,"statements":1,"vm_steps":76},"coverage":"current final-assembly attempt SELECTs for manifest, symbol identity and candidate projection; excludes prior attempts, transaction control, originating retrieval, generation, dense fence, graph and disk work; not total cost","schema_version":1,"source_records_sql":{"fullscan_steps":0,"rows":10,"sorts":0,"statements":9,"vm_steps":292}},"verified_hits":2}},"intent":"locate","invalidations":[],"machine_pack":{"hits":[{"breadcrumb":"needle","chunk_id":"chunk:needle.py:0","end_line":2,"file_path":"needle.py","fused_score":0.08989441930618403,"graph_score":0.07931471805599452,"grep_score":0.5,"lane":null,"language":"python","lexical_score":1.0,"metadata":{"details_omitted":true,"document":{"doc_key":"29b2fa88c6d6c8741c47ad873ba80a25c628b882a28ea3cfaa7fcc69e6982938","doc_version":"9ba68969fd43b00f97a9fade36d3cd19b8f57a4b7c6dffacb8c050c2e9b29f62","encoding_key":"78fc8c83484a6639e37e832f30a8eb8310c8ad26eada3a4ec3d936c1f152fede","entity_key":"16a369932cc2a7589f395b34b3b8def8bbad6a04e00672428487964152c26486"},"qname":"needle","source_evidence":{"boundary":"symbol","owner":{"end":28,"start":0},"signature":{"end":18,"start":0},"slice_digest":"c748e325d98b5f174763b313c05ece587900d99690eedbce11f75639788c6b8b","source":{"byte_len":66,"content_digest":"bdb975ad92107a0524d6a7c217816cd1e50bb1d97a36ef892318fbe837bf8857","encoding":"utf8","snapshot_id":"735799399424072b1b6cc95488ff63f55c094da4b32573a4555bf731c014f141"},"span":{"end":28,"start":0}},"source_freshness":{"disk_checked":true,"hydrator":"current-document-scope-source-generation-v1","status":"current_verified"}},"reasons":["exact-target","exact_symbol@1","path@1","lexical@1","grep@2","symbol-exact","fts-summary","path-token:needle","symbol:needle","preselect:fts-summary:+1.40","preselect:token-search:+3.00"],"rerank_score":0.8196888975800265,"score_trace":[["rrf:exact_symbol",0.021568627450980395],["rrf:path",0.0196078431372549],["rrf:lexical",0.021568627450980395],["rrf:grep",0.015384615384615385],["rrf:graph",0.011764705882352941],["overlap",0.35],["boost:symbol-exact",0.18],["boost:stage-a",0.17600006285704412],["boost:graph-rerank",0.023794415416798356]],"source":"index","start_line":1,"symbol_kind":"function","symbol_name":"needle","text":"def needle():\n    return 731"},{"breadcrumb":"neighbor","chunk_id":"chunk:needle.py:1","end_line":5,"file_path":"needle.py","fused_score":0.048378582202111615,"graph_score":0.06931471805599453,"grep_score":1.0,"lane":null,"language":"python","lexical_score":0.5,"metadata":{"details_omitted":true,"document":{"doc_key":"3fd56c438273f4e97d76268fc1e74f7bccba6b16d9f0ef414ca67b0829003e65","doc_version":"09f385ca69393d6173161facbcb1551167f9785fcdd2ccc650f1c531bc0259ed","encoding_key":"02118b2a2349b99c9efe9684d529683cd659e52f1e28e19c864bc915175c7693","entity_key":"f8d3da2a91268bb9b93e59ca9b06d751804a9221f3d218b5a8798fab2dc8e40d"},"qname":"neighbor","source_evidence":{"boundary":"symbol","owner":{"end":65,"start":30},"signature":{"end":50,"start":30},"slice_digest":"dec7813dc4d5e300de152b45e0cb2a89c688f0a75f1501c57aa7eb68130081dd","source":{"byte_len":66,"content_digest":"bdb975ad92107a0524d6a7c217816cd1e50bb1d97a36ef892318fbe837bf8857","encoding":"utf8","snapshot_id":"735799399424072b1b6cc95488ff63f55c094da4b32573a4555bf731c014f141"},"span":{"end":66,"start":28}},"source_freshness":{"disk_checked":true,"hydrator":"current-document-scope-source-generation-v1","status":"current_verified"}},"reasons":["lexical@2","grep@1","fts-summary","path-token:needle","symbol:needle","preselect:fts-summary:+1.40","preselect:token-search:+3.00"],"rerank_score":0.5951730604759541,"score_trace":[["rrf:lexical",0.021153846153846155],["rrf:grep",0.01568627450980392],["rrf:graph",0.011538461538461537],["overlap",0.35],["boost:stage-a",0.17600006285704412],["boost:graph-rerank",0.020794415416798356]],"source":"index","start_line":2,"symbol_kind":"function","symbol_name":"neighbor","text":"\n\ndef neighbor():\n    return needle()\n"}],"kind":"code_index_context","query":"needle","repo_size_tier":"Tiny","token_budget":4000,"top_k":10},"nodes":[{"backing_file_path":"needle.py","backing_source":null,"confidence":0.8,"depends_on":[],"end_line":2,"file_path":"needle.py","freshness":null,"invalidation_keys":[],"metadata":{"representation":"machine_hit_reference"},"node_id":"search:chunk:needle.py:0","node_type":"SEARCH_HIT","rank_explanation":null,"reasons":[],"relation":null,"role":"primary","score":0.8196888975800265,"source":"index","source_end_line":2,"source_start_line":1,"span_kind":"reference","start_line":1,"text":"","title":"needle.py needle:1-2","token_estimate":0},{"backing_file_path":"needle.py","backing_source":null,"confidence":0.8,"depends_on":[],"end_line":5,"file_path":"needle.py","freshness":null,"invalidation_keys":[],"metadata":{"representation":"machine_hit_reference"},"node_id":"search:chunk:needle.py:1","node_type":"SEARCH_HIT","rank_explanation":null,"reasons":[],"relation":null,"role":"primary","score":0.5951730604759541,"source":"index","source_end_line":5,"source_start_line":2,"span_kind":"reference","start_line":2,"text":"","title":"needle.py neighbor:2-5","token_estimate":0},{"backing_file_path":null,"backing_source":null,"confidence":1.0,"depends_on":[],"end_line":null,"file_path":"needle.py","freshness":null,"invalidation_keys":[],"metadata":null,"node_id":"graph:caller:uid:ed8e61924345e59a924de3bf","node_type":"CALL_EDGE","rank_explanation":null,"reasons":[],"relation":null,"role":"neighbor","score":0.0,"source":"graph","source_end_line":null,"source_start_line":null,"span_kind":null,"start_line":5,"text":"caller: neighbor → needle (needle.py:5)","title":"Caller: neighbor","token_estimate":10},{"backing_file_path":null,"backing_source":null,"confidence":1.0,"depends_on":[],"end_line":null,"file_path":"needle.py","freshness":null,"invalidation_keys":[],"metadata":null,"node_id":"graph:callee:uid:3732066f97516c2c2f8efb6e","node_type":"CALL_EDGE","rank_explanation":null,"reasons":[],"relation":null,"role":"neighbor","score":0.0,"source":"graph","source_end_line":null,"source_start_line":null,"span_kind":null,"start_line":5,"text":"callee: neighbor → needle (needle.py:5)","title":"Callee: needle","token_estimate":10}],"query":"needle","reasons":["hybrid search over code index","graph-enriched"],"rendered_prompt":"Complete source is in machine_pack.hits; references have no source body.","resolution_freshness":{"basis_epoch":null,"complete":true,"completed_files":0,"index_epoch":5,"reason":null,"retry":null,"root_count":0,"scope":"observed_resolution_invalidations","status":"ready"},"revision":0,"spans":[{"end_line":2,"file_path":"needle.py","label":"needle","node_id":"search:chunk:needle.py:0","start_line":1},{"end_line":5,"file_path":"needle.py","label":"neighbor","node_id":"search:chunk:needle.py:1","start_line":2}],"summary":"Found 2 indexed code result(s) across 1 file(s) for `needle`.","task":"needle","token_budget":4000,"token_estimate":3212},"tool":"search"}
test advertised_schema_keeps_fourteen_tools_and_optional_strategy_defaults ... ok
test query_network_contract::config_bool_is_default_false_and_rejects_non_boolean_values ... ok
V18_JSON {"args":{"query":"needle","retrieval_strategy":"local"},"result":{"evidence_summary":{"files":["needle.py"],"graph_enrichment":{"callees_added":1,"callers_added":1,"symbols_resolved":2,"tests_found":0},"packing":{"compacted":true,"configured_max_bytes":18000,"continuation":"Use files region/expand on retained references; recheck source version.","limit_bytes":16000,"omitted_hits":0,"omitted_nodes":0,"original_hits":2,"original_nodes":4,"partial":false,"spec":"whole-json-intent-facets-source-support-before-incidental-v5","token_estimate_method":"ceil(serialized_utf8_bytes/4); not a tokenizer","used_bytes":12532},"retrieval":{"cost":{"coverage":"originating_work; full scope: retrieval-cost schema v1","fused_candidates":2,"hydrate_requested":2,"hydration":{"sql":{"fullscan_steps":0,"rows":10,"sorts":0,"statements":9,"vm_steps":386},"text":{"cache_hits":2,"legacy_auto_reads":0,"storage_reads":0,"utf8_bytes":66,"zstd_decodes":0}},"lane_candidates":{"exact_symbol":1,"graph":2,"grep":2,"lexical":2,"path":1},"lexical_sql":{"fullscan_steps":0,"rows":2,"sorts":1,"statements":1,"vm_steps":59},"schema_version":1},"grep":{"fallback_scanned":0,"prefilter_failed":false,"prefilter_scanned":0,"reason":null,"scan_cap":20000,"scanned":2,"skipped_duplicates":4,"soft_scanned":2,"stages":[{"stage":"soft","work":{"sql":{"fullscan_steps":0,"rows":2,"sorts":0,"statements":1,"vm_steps":29},"text":{"cache_hits":0,"legacy_auto_reads":0,"storage_reads":2,"utf8_bytes":66,"zstd_decodes":0}}},{"stage":"prefilter","work":{"sql":{"fullscan_steps":0,"rows":2,"sorts":1,"statements":1,"vm_steps":58},"text":{"cache_hits":0,"legacy_auto_reads":0,"storage_reads":0,"utf8_bytes":0,"zstd_decodes":0}}},{"stage":"fallback","work":{"sql":{"fullscan_steps":1,"rows":2,"sorts":0,"statements":1,"vm_steps":23},"text":{"cache_hits":0,"legacy_auto_reads":0,"storage_reads":0,"utf8_bytes":0,"zstd_decodes":0}}}],"status":"complete"},"lane_receipts":[{"candidate_count":1,"candidate_details_omitted":true,"coverage":{"complete":true,"examined":null,"scope":"hard_scope","total_lower_bound":1},"elapsed_us":2149,"lane_id":"exact_symbol","schema_version":1,"status":"complete","truncation_reason":null,"weight":1.1},{"candidate_count":1,"candidate_details_omitted":true,"coverage":{"complete":true,"examined":null,"scope":"hard_scope","total_lower_bound":1},"elapsed_us":1807,"lane_id":"path","schema_version":1,"status":"complete","truncation_reason":null,"weight":1.0},{"candidate_count":2,"candidate_details_omitted":true,"coverage":{"complete":true,"examined":null,"scope":"hard_scope","total_lower_bound":2},"elapsed_us":437,"lane_id":"lexical","schema_version":1,"status":"complete","truncation_reason":null,"weight":1.1},{"candidate_count":2,"candidate_details_omitted":true,"coverage":{"complete":true,"examined":2,"scope":"hard_scope","total_lower_bound":2},"elapsed_us":5166,"lane_id":"grep","schema_version":1,"status":"complete","truncation_reason":null,"weight":0.8},{"candidate_count":2,"candidate_details_omitted":true,"coverage":{"complete":true,"examined":null,"scope":"hard_scope","total_lower_bound":2},"elapsed_us":3091,"lane_id":"graph","schema_version":1,"status":"complete","truncation_reason":null,"weight":0.6}],"policy":{"deadline_ms":30000,"details_omitted":true,"effective":"local","graph_source_mapping":"uid_byte_decl_docs;not_whole_body:v2","intent":"locate","lane_timeout_ms":20000,"path_source_domain":"canonical_scoped_exact_else_bounded_tokens;not_whole_body:v3","requested":"local","semantic_state":"disabled","semantic_timeout_ms":5000,"semantic_top_k":24,"version":"query-policy-local-semantic-canonical-path-domain-v4"},"scope":{"budget":{"exact_symbol_candidates":24,"grep_candidates":12,"grep_enabled":true,"grep_scan_cap":20000,"lexical_candidates":24,"path_candidates":24,"rerank_window":40,"top_k":10,"units":"chunks; grep_scan_cap=decompressions; scope_receipt_v1; not_total_cost"},"details_omitted":true,"hard":{"empty":false,"explicit_file_count":null,"languages":null,"path_prefix":null,"path_prefix_truncated":false,"semantics":"conjunctive_case_sensitive_repo_paths; explicit_empty_denies"},"ordering":["exact_identity_first","rerank_score_desc","chunk_id_asc"],"policy":"canonical-scoped-exact-path-domain-compact-context-budget-v22","schema_version":1,"soft":{"contributions":"score_trace=additive; stage_a_already_included; raw_hint_paths_omitted","hint_entries":{"overlay":0,"pinned":0,"recent":0,"working":0},"preselected_count":1,"role":"ranking_and_scan_priority_only"}}},"search_hits":2,"selection":{"facets":{"implementation":2},"input_candidates":2,"intent":"locate","intent_facet_anchors":{},"limit_omitted":0,"original_ranks":[1,2],"overlap":{"fully_covered_candidates":0,"input_bytes":66,"redundant_bytes":0,"unique_bytes":66},"requested_limit":10,"selected":2,"selected_overlap":{"fully_covered_candidates":0,"input_bytes":66,"redundant_bytes":0,"unique_bytes":66},"source_covered_omissions":0,"source_support_anchors":[],"source_support_scope":"cue_window:v1","spec":"anchored-facets-distinctive-source-union-v2","unmet_facets":[]},"source_freshness":{"budget_exhausted":false,"checked_files":1,"dense_manifest_fence":{"checked":0,"skip_disposition":"stale_publication_skipped","skipped":0},"generation":{"evidence_epoch":1,"incarnation":[56,71,219,93,56,188,73,151,21,10,35,37,164,137,90,206],"index_epoch":5,"semantic_epoch":3},"hydrator":"current-document-scope-source-generation-v1","omitted_files":{},"partial":false,"read_budget_charged":66,"scope":"disk_generation:v1","validation_work":{"candidate_projection_sql":{"fullscan_steps":0,"rows":2,"sorts":0,"statements":1,"vm_steps":76},"coverage":"current final-assembly attempt SELECTs for manifest, symbol identity and candidate projection; excludes prior attempts, transaction control, originating retrieval, generation, dense fence, graph and disk work; not total cost","schema_version":1,"source_records_sql":{"fullscan_steps":0,"rows":10,"sorts":0,"statements":9,"vm_steps":292}},"verified_hits":2}},"intent":"locate","invalidations":[],"machine_pack":{"hits":[{"breadcrumb":"needle","chunk_id":"chunk:needle.py:0","end_line":2,"file_path":"needle.py","fused_score":0.08989441930618403,"graph_score":0.07931471805599452,"grep_score":0.5,"lane":null,"language":"python","lexical_score":1.0,"metadata":{"details_omitted":true,"document":{"doc_key":"29b2fa88c6d6c8741c47ad873ba80a25c628b882a28ea3cfaa7fcc69e6982938","doc_version":"9ba68969fd43b00f97a9fade36d3cd19b8f57a4b7c6dffacb8c050c2e9b29f62","encoding_key":"78fc8c83484a6639e37e832f30a8eb8310c8ad26eada3a4ec3d936c1f152fede","entity_key":"16a369932cc2a7589f395b34b3b8def8bbad6a04e00672428487964152c26486"},"qname":"needle","source_evidence":{"boundary":"symbol","owner":{"end":28,"start":0},"signature":{"end":18,"start":0},"slice_digest":"c748e325d98b5f174763b313c05ece587900d99690eedbce11f75639788c6b8b","source":{"byte_len":66,"content_digest":"bdb975ad92107a0524d6a7c217816cd1e50bb1d97a36ef892318fbe837bf8857","encoding":"utf8","snapshot_id":"735799399424072b1b6cc95488ff63f55c094da4b32573a4555bf731c014f141"},"span":{"end":28,"start":0}},"source_freshness":{"disk_checked":true,"hydrator":"current-document-scope-source-generation-v1","status":"current_verified"}},"reasons":["exact-target","exact_symbol@1","path@1","lexical@1","grep@2","symbol-exact","fts-summary","path-token:needle","symbol:needle","preselect:fts-summary:+1.40","preselect:token-search:+3.00"],"rerank_score":0.8196888975800265,"score_trace":[["rrf:exact_symbol",0.021568627450980395],["rrf:path",0.0196078431372549],["rrf:lexical",0.021568627450980395],["rrf:grep",0.015384615384615385],["rrf:graph",0.011764705882352941],["overlap",0.35],["boost:symbol-exact",0.18],["boost:stage-a",0.17600006285704412],["boost:graph-rerank",0.023794415416798356]],"source":"index","start_line":1,"symbol_kind":"function","symbol_name":"needle","text":"def needle():\n    return 731"},{"breadcrumb":"neighbor","chunk_id":"chunk:needle.py:1","end_line":5,"file_path":"needle.py","fused_score":0.048378582202111615,"graph_score":0.06931471805599453,"grep_score":1.0,"lane":null,"language":"python","lexical_score":0.5,"metadata":{"details_omitted":true,"document":{"doc_key":"3fd56c438273f4e97d76268fc1e74f7bccba6b16d9f0ef414ca67b0829003e65","doc_version":"09f385ca69393d6173161facbcb1551167f9785fcdd2ccc650f1c531bc0259ed","encoding_key":"02118b2a2349b99c9efe9684d529683cd659e52f1e28e19c864bc915175c7693","entity_key":"f8d3da2a91268bb9b93e59ca9b06d751804a9221f3d218b5a8798fab2dc8e40d"},"qname":"neighbor","source_evidence":{"boundary":"symbol","owner":{"end":65,"start":30},"signature":{"end":50,"start":30},"slice_digest":"dec7813dc4d5e300de152b45e0cb2a89c688f0a75f1501c57aa7eb68130081dd","source":{"byte_len":66,"content_digest":"bdb975ad92107a0524d6a7c217816cd1e50bb1d97a36ef892318fbe837bf8857","encoding":"utf8","snapshot_id":"735799399424072b1b6cc95488ff63f55c094da4b32573a4555bf731c014f141"},"span":{"end":66,"start":28}},"source_freshness":{"disk_checked":true,"hydrator":"current-document-scope-source-generation-v1","status":"current_verified"}},"reasons":["lexical@2","grep@1","fts-summary","path-token:needle","symbol:needle","preselect:fts-summary:+1.40","preselect:token-search:+3.00"],"rerank_score":0.5951730604759541,"score_trace":[["rrf:lexical",0.021153846153846155],["rrf:grep",0.01568627450980392],["rrf:graph",0.011538461538461537],["overlap",0.35],["boost:stage-a",0.17600006285704412],["boost:graph-rerank",0.020794415416798356]],"source":"index","start_line":2,"symbol_kind":"function","symbol_name":"neighbor","text":"\n\ndef neighbor():\n    return needle()\n"}],"kind":"code_index_context","query":"needle","repo_size_tier":"Tiny","token_budget":4000,"top_k":10},"nodes":[{"backing_file_path":"needle.py","backing_source":null,"confidence":0.8,"depends_on":[],"end_line":2,"file_path":"needle.py","freshness":null,"invalidation_keys":[],"metadata":{"representation":"machine_hit_reference"},"node_id":"search:chunk:needle.py:0","node_type":"SEARCH_HIT","rank_explanation":null,"reasons":[],"relation":null,"role":"primary","score":0.8196888975800265,"source":"index","source_end_line":2,"source_start_line":1,"span_kind":"reference","start_line":1,"text":"","title":"needle.py needle:1-2","token_estimate":0},{"backing_file_path":"needle.py","backing_source":null,"confidence":0.8,"depends_on":[],"end_line":5,"file_path":"needle.py","freshness":null,"invalidation_keys":[],"metadata":{"representation":"machine_hit_reference"},"node_id":"search:chunk:needle.py:1","node_type":"SEARCH_HIT","rank_explanation":null,"reasons":[],"relation":null,"role":"primary","score":0.5951730604759541,"source":"index","source_end_line":5,"source_start_line":2,"span_kind":"reference","start_line":2,"text":"","title":"needle.py neighbor:2-5","token_estimate":0},{"backing_file_path":null,"backing_source":null,"confidence":1.0,"depends_on":[],"end_line":null,"file_path":"needle.py","freshness":null,"invalidation_keys":[],"metadata":null,"node_id":"graph:caller:uid:ed8e61924345e59a924de3bf","node_type":"CALL_EDGE","rank_explanation":null,"reasons":[],"relation":null,"role":"neighbor","score":0.0,"source":"graph","source_end_line":null,"source_start_line":null,"span_kind":null,"start_line":5,"text":"caller: neighbor → needle (needle.py:5)","title":"Caller: neighbor","token_estimate":10},{"backing_file_path":null,"backing_source":null,"confidence":1.0,"depends_on":[],"end_line":null,"file_path":"needle.py","freshness":null,"invalidation_keys":[],"metadata":null,"node_id":"graph:callee:uid:3732066f97516c2c2f8efb6e","node_type":"CALL_EDGE","rank_explanation":null,"reasons":[],"relation":null,"role":"neighbor","score":0.0,"source":"graph","source_end_line":null,"source_start_line":null,"span_kind":null,"start_line":5,"text":"callee: neighbor → needle (needle.py:5)","title":"Callee: needle","token_estimate":10}],"query":"needle","reasons":["hybrid search over code index","graph-enriched"],"rendered_prompt":"Complete source is in machine_pack.hits; references have no source body.","resolution_freshness":{"basis_epoch":null,"complete":true,"completed_files":0,"index_epoch":5,"reason":null,"retry":null,"root_count":0,"scope":"observed_resolution_invalidations","status":"ready"},"revision":0,"spans":[{"end_line":2,"file_path":"needle.py","label":"needle","node_id":"search:chunk:needle.py:0","start_line":1},{"end_line":5,"file_path":"needle.py","label":"neighbor","node_id":"search:chunk:needle.py:1","start_line":2}],"summary":"Found 2 indexed code result(s) across 1 file(s) for `needle`.","task":"needle","token_budget":4000,"token_estimate":3133},"tool":"search"}
[2m2026-10-08T05:00:22.457410Z[0m [32m INFO[0m [2mcc_db::index_migrate[0m[2m:[0m initializing index schema [3mversion[0m[2m=[0m25
[2m2026-10-08T05:00:22.458788Z[0m [32m INFO[0m [2mcc_db::index_db_rebuild[0m[2m:[0m full rebuild: temp database ready for swap
[2m2026-10-08T05:00:22.458999Z[0m [32m INFO[0m [2mcc_index::memory_budget[0m[2m:[0m memory budget initialized [3mtotal_ram_mb[0m[2m=[0m15989 [3mbudget_mb[0m[2m=[0m7994 [3mfraction[0m[2m=[0m0.5
V18_JSON {"args":{"query":"needle","retrieval_strategy":"semantic"},"result":{"evidence_summary":{"files":["needle.py"],"graph_enrichment":{"callees_added":1,"callers_added":1,"symbols_resolved":2,"tests_found":0},"packing":{"compacted":true,"configured_max_bytes":18000,"continuation":"Use files region/expand on retained references; recheck source version.","limit_bytes":16000,"omitted_hits":0,"omitted_nodes":0,"original_hits":2,"original_nodes":4,"partial":false,"spec":"whole-json-intent-facets-source-support-before-incidental-v5","token_estimate_method":"ceil(serialized_utf8_bytes/4); not a tokenizer","used_bytes":12842},"retrieval":{"cost":{"coverage":"originating_work; full scope: retrieval-cost schema v1","fused_candidates":2,"hydrate_requested":2,"hydration":{"sql":{"fullscan_steps":0,"rows":10,"sorts":0,"statements":9,"vm_steps":386},"text":{"cache_hits":2,"legacy_auto_reads":0,"storage_reads":0,"utf8_bytes":66,"zstd_decodes":0}},"lane_candidates":{"exact_symbol":1,"graph":2,"grep":2,"lexical":2,"path":1,"semantic":0},"lexical_sql":{"fullscan_steps":0,"rows":2,"sorts":1,"statements":1,"vm_steps":59},"schema_version":1},"grep":{"fallback_scanned":0,"prefilter_failed":false,"prefilter_scanned":0,"reason":null,"scan_cap":20000,"scanned":2,"skipped_duplicates":4,"soft_scanned":2,"stages":[{"stage":"soft","work":{"sql":{"fullscan_steps":0,"rows":2,"sorts":0,"statements":1,"vm_steps":29},"text":{"cache_hits":0,"legacy_auto_reads":0,"storage_reads":2,"utf8_bytes":66,"zstd_decodes":0}}},{"stage":"prefilter","work":{"sql":{"fullscan_steps":0,"rows":2,"sorts":1,"statements":1,"vm_steps":58},"text":{"cache_hits":0,"legacy_auto_reads":0,"storage_reads":0,"utf8_bytes":0,"zstd_decodes":0}}},{"stage":"fallback","work":{"sql":{"fullscan_steps":1,"rows":2,"sorts":0,"statements":1,"vm_steps":23},"text":{"cache_hits":0,"legacy_auto_reads":0,"storage_reads":0,"utf8_bytes":0,"zstd_decodes":0}}}],"status":"complete"},"lane_receipts":[{"candidate_count":1,"candidate_details_omitted":true,"coverage":{"complete":true,"examined":null,"scope":"hard_scope","total_lower_bound":1},"elapsed_us":286,"lane_id":"exact_symbol","schema_version":1,"status":"complete","truncation_reason":null,"weight":1.1},{"candidate_count":1,"candidate_details_omitted":true,"coverage":{"complete":true,"examined":null,"scope":"hard_scope","total_lower_bound":1},"elapsed_us":261,"lane_id":"path","schema_version":1,"status":"complete","truncation_reason":null,"weight":1.0},{"candidate_count":2,"candidate_details_omitted":true,"coverage":{"complete":true,"examined":null,"scope":"hard_scope","total_lower_bound":2},"elapsed_us":148,"lane_id":"lexical","schema_version":1,"status":"complete","truncation_reason":null,"weight":1.1},{"candidate_count":2,"candidate_details_omitted":true,"coverage":{"complete":true,"examined":2,"scope":"hard_scope","total_lower_bound":2},"elapsed_us":2172,"lane_id":"grep","schema_version":1,"status":"complete","truncation_reason":null,"weight":0.8},{"candidate_count":2,"candidate_details_omitted":true,"coverage":{"complete":true,"examined":null,"scope":"hard_scope","total_lower_bound":2},"elapsed_us":1443,"lane_id":"graph","schema_version":1,"status":"complete","truncation_reason":null,"weight":0.6},{"candidate_count":0,"candidate_details_omitted":true,"coverage":{"complete":false,"examined":null,"scope":"hard_scope","total_lower_bound":0},"elapsed_us":155,"lane_id":"semantic","schema_version":1,"status":"unavailable","truncation_reason":"query_vector_not_encoded","weight":1.0}],"policy":{"deadline_ms":30000,"details_omitted":true,"effective":"semantic","graph_source_mapping":"uid_byte_decl_docs;not_whole_body:v2","intent":"locate","lane_timeout_ms":20000,"path_source_domain":"canonical_scoped_exact_else_bounded_tokens;not_whole_body:v3","requested":"semantic","semantic_state":"configured","semantic_timeout_ms":5000,"semantic_top_k":24,"version":"query-policy-local-semantic-canonical-path-domain-v4"},"scope":{"budget":{"exact_symbol_candidates":24,"grep_candidates":12,"grep_enabled":true,"grep_scan_cap":20000,"lexical_candidates":24,"path_candidates":24,"rerank_window":40,"top_k":10,"units":"chunks; grep_scan_cap=decompressions; scope_receipt_v1; not_total_cost"},"details_omitted":true,"hard":{"empty":false,"explicit_file_count":null,"languages":null,"path_prefix":null,"path_prefix_truncated":false,"semantics":"conjunctive_case_sensitive_repo_paths; explicit_empty_denies"},"ordering":["exact_identity_first","rerank_score_desc","chunk_id_asc"],"policy":"canonical-scoped-exact-path-domain-compact-context-budget-v22","schema_version":1,"soft":{"contributions":"score_trace=additive; stage_a_already_included; raw_hint_paths_omitted","hint_entries":{"overlay":0,"pinned":0,"recent":0,"working":0},"preselected_count":1,"role":"ranking_and_scan_priority_only"}}},"search_hits":2,"selection":{"facets":{"implementation":2},"input_candidates":2,"intent":"locate","intent_facet_anchors":{},"limit_omitted":0,"original_ranks":[1,2],"overlap":{"fully_covered_candidates":0,"input_bytes":66,"redundant_bytes":0,"unique_bytes":66},"requested_limit":10,"selected":2,"selected_overlap":{"fully_covered_candidates":0,"input_bytes":66,"redundant_bytes":0,"unique_bytes":66},"source_covered_omissions":0,"source_support_anchors":[],"source_support_scope":"cue_window:v1","spec":"anchored-facets-distinctive-source-union-v2","unmet_facets":[]},"source_freshness":{"budget_exhausted":false,"checked_files":1,"dense_manifest_fence":{"checked":0,"skip_disposition":"stale_publication_skipped","skipped":0},"generation":{"evidence_epoch":1,"incarnation":[90,44,160,158,32,83,228,166,125,252,45,198,179,10,244,239],"index_epoch":5,"semantic_epoch":null},"hydrator":"current-document-scope-source-generation-v1","omitted_files":{},"partial":false,"read_budget_charged":66,"scope":"disk_generation:v1","validation_work":{"candidate_projection_sql":{"fullscan_steps":0,"rows":2,"sorts":0,"statements":1,"vm_steps":76},"coverage":"current final-assembly attempt SELECTs for manifest, symbol identity and candidate projection; excludes prior attempts, transaction control, originating retrieval, generation, dense fence, graph and disk work; not total cost","schema_version":1,"source_records_sql":{"fullscan_steps":0,"rows":10,"sorts":0,"statements":9,"vm_steps":292}},"verified_hits":2}},"intent":"locate","invalidations":[],"machine_pack":{"hits":[{"breadcrumb":"needle","chunk_id":"chunk:needle.py:0","end_line":2,"file_path":"needle.py","fused_score":0.08989441930618403,"graph_score":0.07931471805599452,"grep_score":0.5,"lane":null,"language":"python","lexical_score":1.0,"metadata":{"details_omitted":true,"document":{"doc_key":"29b2fa88c6d6c8741c47ad873ba80a25c628b882a28ea3cfaa7fcc69e6982938","doc_version":"9ba68969fd43b00f97a9fade36d3cd19b8f57a4b7c6dffacb8c050c2e9b29f62","encoding_key":"78fc8c83484a6639e37e832f30a8eb8310c8ad26eada3a4ec3d936c1f152fede","entity_key":"16a369932cc2a7589f395b34b3b8def8bbad6a04e00672428487964152c26486"},"qname":"needle","source_evidence":{"boundary":"symbol","owner":{"end":28,"start":0},"signature":{"end":18,"start":0},"slice_digest":"c748e325d98b5f174763b313c05ece587900d99690eedbce11f75639788c6b8b","source":{"byte_len":66,"content_digest":"bdb975ad92107a0524d6a7c217816cd1e50bb1d97a36ef892318fbe837bf8857","encoding":"utf8","snapshot_id":"735799399424072b1b6cc95488ff63f55c094da4b32573a4555bf731c014f141"},"span":{"end":28,"start":0}},"source_freshness":{"disk_checked":true,"hydrator":"current-document-scope-source-generation-v1","status":"current_verified"}},"reasons":["exact-target","exact_symbol@1","path@1","lexical@1","grep@2","symbol-exact","fts-summary","path-token:needle","symbol:needle","preselect:fts-summary:+1.40","preselect:token-search:+3.00"],"rerank_score":0.8196888975800265,"score_trace":[["rrf:exact_symbol",0.021568627450980395],["rrf:path",0.0196078431372549],["rrf:lexical",0.021568627450980395],["rrf:grep",0.015384615384615385],["rrf:graph",0.011764705882352941],["overlap",0.35],["boost:symbol-exact",0.18],["boost:stage-a",0.17600006285704412],["boost:graph-rerank",0.023794415416798356]],"source":"index","start_line":1,"symbol_kind":"function","symbol_name":"needle","text":"def needle():\n    return 731"},{"breadcrumb":"neighbor","chunk_id":"chunk:needle.py:1","end_line":5,"file_path":"needle.py","fused_score":0.048378582202111615,"graph_score":0.06931471805599453,"grep_score":1.0,"lane":null,"language":"python","lexical_score":0.5,"metadata":{"details_omitted":true,"document":{"doc_key":"3fd56c438273f4e97d76268fc1e74f7bccba6b16d9f0ef414ca67b0829003e65","doc_version":"09f385ca69393d6173161facbcb1551167f9785fcdd2ccc650f1c531bc0259ed","encoding_key":"02118b2a2349b99c9efe9684d529683cd659e52f1e28e19c864bc915175c7693","entity_key":"f8d3da2a91268bb9b93e59ca9b06d751804a9221f3d218b5a8798fab2dc8e40d"},"qname":"neighbor","source_evidence":{"boundary":"symbol","owner":{"end":65,"start":30},"signature":{"end":50,"start":30},"slice_digest":"dec7813dc4d5e300de152b45e0cb2a89c688f0a75f1501c57aa7eb68130081dd","source":{"byte_len":66,"content_digest":"bdb975ad92107a0524d6a7c217816cd1e50bb1d97a36ef892318fbe837bf8857","encoding":"utf8","snapshot_id":"735799399424072b1b6cc95488ff63f55c094da4b32573a4555bf731c014f141"},"span":{"end":66,"start":28}},"source_freshness":{"disk_checked":true,"hydrator":"current-document-scope-source-generation-v1","status":"current_verified"}},"reasons":["lexical@2","grep@1","fts-summary","path-token:needle","symbol:needle","preselect:fts-summary:+1.40","preselect:token-search:+3.00"],"rerank_score":0.5951730604759541,"score_trace":[["rrf:lexical",0.021153846153846155],["rrf:grep",0.01568627450980392],["rrf:graph",0.011538461538461537],["overlap",0.35],["boost:stage-a",0.17600006285704412],["boost:graph-rerank",0.020794415416798356]],"source":"index","start_line":2,"symbol_kind":"function","symbol_name":"neighbor","text":"\n\ndef neighbor():\n    return needle()\n"}],"kind":"code_index_context","query":"needle","repo_size_tier":"Tiny","token_budget":4000,"top_k":10},"nodes":[{"backing_file_path":"needle.py","backing_source":null,"confidence":0.8,"depends_on":[],"end_line":2,"file_path":"needle.py","freshness":null,"invalidation_keys":[],"metadata":{"representation":"machine_hit_reference"},"node_id":"search:chunk:needle.py:0","node_type":"SEARCH_HIT","rank_explanation":null,"reasons":[],"relation":null,"role":"primary","score":0.8196888975800265,"source":"index","source_end_line":2,"source_start_line":1,"span_kind":"reference","start_line":1,"text":"","title":"needle.py needle:1-2","token_estimate":0},{"backing_file_path":"needle.py","backing_source":null,"confidence":0.8,"depends_on":[],"end_line":5,"file_path":"needle.py","freshness":null,"invalidation_keys":[],"metadata":{"representation":"machine_hit_reference"},"node_id":"search:chunk:needle.py:1","node_type":"SEARCH_HIT","rank_explanation":null,"reasons":[],"relation":null,"role":"primary","score":0.5951730604759541,"source":"index","source_end_line":5,"source_start_line":2,"span_kind":"reference","start_line":2,"text":"","title":"needle.py neighbor:2-5","token_estimate":0},{"backing_file_path":null,"backing_source":null,"confidence":1.0,"depends_on":[],"end_line":null,"file_path":"needle.py","freshness":null,"invalidation_keys":[],"metadata":null,"node_id":"graph:caller:uid:ed8e61924345e59a924de3bf","node_type":"CALL_EDGE","rank_explanation":null,"reasons":[],"relation":null,"role":"neighbor","score":0.0,"source":"graph","source_end_line":null,"source_start_line":null,"span_kind":null,"start_line":5,"text":"caller: neighbor → needle (needle.py:5)","title":"Caller: neighbor","token_estimate":10},{"backing_file_path":null,"backing_source":null,"confidence":1.0,"depends_on":[],"end_line":null,"file_path":"needle.py","freshness":null,"invalidation_keys":[],"metadata":null,"node_id":"graph:callee:uid:3732066f97516c2c2f8efb6e","node_type":"CALL_EDGE","rank_explanation":null,"reasons":[],"relation":null,"role":"neighbor","score":0.0,"source":"graph","source_end_line":null,"source_start_line":null,"span_kind":null,"start_line":5,"text":"callee: neighbor → needle (needle.py:5)","title":"Callee: needle","token_estimate":10}],"query":"needle","reasons":["hybrid search over code index","graph-enriched"],"rendered_prompt":"Complete source is in machine_pack.hits; references have no source body.","resolution_freshness":{"basis_epoch":null,"complete":true,"completed_files":0,"index_epoch":5,"reason":null,"retry":null,"root_count":0,"scope":"observed_resolution_invalidations","status":"ready"},"revision":0,"spans":[{"end_line":2,"file_path":"needle.py","label":"needle","node_id":"search:chunk:needle.py:0","start_line":1},{"end_line":5,"file_path":"needle.py","label":"neighbor","node_id":"search:chunk:needle.py:1","start_line":2}],"summary":"Found 2 indexed code result(s) across 1 file(s) for `needle`.","task":"needle","token_budget":4000,"token_estimate":3211},"tool":"search"}
[2m2026-10-08T05:00:22.487184Z[0m [32m INFO[0m [2mcc_index::memory_budget[0m[2m:[0m memory budget initialized [3mtotal_ram_mb[0m[2m=[0m15989 [3mbudget_mb[0m[2m=[0m7994 [3mfraction[0m[2m=[0m0.5
[2m2026-10-08T05:00:22.488767Z[0m [32m INFO[0m [1mserve_inner[0m[2m:[0m [2mrmcp::service[0m[2m:[0m Service initialized as server [3mpeer_info[0m[2m=[0mSome(InitializeRequestParams { meta: None, protocol_version: ProtocolVersion("2025-11-25"), capabilities: ClientCapabilities { experimental: None, extensions: None, roots: None, sampling: None, elicitation: None, tasks: None }, client_info: Implementation { name: "rmcp", title: None, version: "2.2.0", description: None, icons: None, website_url: None } })
[2m2026-10-08T05:00:22.488843Z[0m [32m INFO[0m [2mcc_server::mcp[0m[2m:[0m MCP server started on stdio
[2m2026-10-08T05:00:22.489902Z[0m [32m INFO[0m [1mserve_inner[0m[2m:[0m [2mrmcp::service[0m[2m:[0m received notification [3mnotification[0m[2m=[0mInitializedNotification(NotificationNoParam { method: InitializedNotificationMethod, extensions: Extensions })
[2m2026-10-08T05:00:22.489980Z[0m [32m INFO[0m [1mserve_inner[0m[2m:[0m [2mrmcp::handler::server[0m[2m:[0m client initialized
[2m2026-10-08T05:00:22.490604Z[0m [32m INFO[0m [2mcc_index::memory_budget[0m[2m:[0m memory budget initialized [3mtotal_ram_mb[0m[2m=[0m15989 [3mbudget_mb[0m[2m=[0m7994 [3mfraction[0m[2m=[0m0.5
[2m2026-10-08T05:00:22.494092Z[0m [32m INFO[0m [2mcc_index::memory_budget[0m[2m:[0m memory budget initialized [3mtotal_ram_mb[0m[2m=[0m15989 [3mbudget_mb[0m[2m=[0m7994 [3mfraction[0m[2m=[0m0.5
V18_JSON {"args":{"query":"needle","retrieval_strategy":"auto"},"result":{"evidence_summary":{"files":["needle.py"],"graph_enrichment":{"callees_added":1,"callers_added":1,"symbols_resolved":2,"tests_found":0},"packing":{"compacted":true,"configured_max_bytes":18000,"continuation":"Use files region/expand on retained references; recheck source version.","limit_bytes":16000,"omitted_hits":0,"omitted_nodes":0,"original_hits":2,"original_nodes":4,"partial":false,"spec":"whole-json-intent-facets-source-support-before-incidental-v5","token_estimate_method":"ceil(serialized_utf8_bytes/4); not a tokenizer","used_bytes":12827},"retrieval":{"cost":{"coverage":"originating_work; full scope: retrieval-cost schema v1","fused_candidates":2,"hydrate_requested":2,"hydration":{"sql":{"fullscan_steps":0,"rows":10,"sorts":0,"statements":9,"vm_steps":386},"text":{"cache_hits":2,"legacy_auto_reads":0,"storage_reads":0,"utf8_bytes":66,"zstd_decodes":0}},"lane_candidates":{"exact_symbol":1,"graph":2,"grep":2,"lexical":2,"path":1,"semantic":0},"lexical_sql":{"fullscan_steps":0,"rows":2,"sorts":1,"statements":1,"vm_steps":59},"schema_version":1},"grep":{"fallback_scanned":0,"prefilter_failed":false,"prefilter_scanned":0,"reason":null,"scan_cap":20000,"scanned":2,"skipped_duplicates":4,"soft_scanned":2,"stages":[{"stage":"soft","work":{"sql":{"fullscan_steps":0,"rows":2,"sorts":0,"statements":1,"vm_steps":29},"text":{"cache_hits":0,"legacy_auto_reads":0,"storage_reads":2,"utf8_bytes":66,"zstd_decodes":0}}},{"stage":"prefilter","work":{"sql":{"fullscan_steps":0,"rows":2,"sorts":1,"statements":1,"vm_steps":58},"text":{"cache_hits":0,"legacy_auto_reads":0,"storage_reads":0,"utf8_bytes":0,"zstd_decodes":0}}},{"stage":"fallback","work":{"sql":{"fullscan_steps":1,"rows":2,"sorts":0,"statements":1,"vm_steps":23},"text":{"cache_hits":0,"legacy_auto_reads":0,"storage_reads":0,"utf8_bytes":0,"zstd_decodes":0}}}],"status":"complete"},"lane_receipts":[{"candidate_count":1,"candidate_details_omitted":true,"coverage":{"complete":true,"examined":null,"scope":"hard_scope","total_lower_bound":1},"elapsed_us":309,"lane_id":"exact_symbol","schema_version":1,"status":"complete","truncation_reason":null,"weight":1.1},{"candidate_count":1,"candidate_details_omitted":true,"coverage":{"complete":true,"examined":null,"scope":"hard_scope","total_lower_bound":1},"elapsed_us":345,"lane_id":"path","schema_version":1,"status":"complete","truncation_reason":null,"weight":1.0},{"candidate_count":2,"candidate_details_omitted":true,"coverage":{"complete":true,"examined":null,"scope":"hard_scope","total_lower_bound":2},"elapsed_us":155,"lane_id":"lexical","schema_version":1,"status":"complete","truncation_reason":null,"weight":1.1},{"candidate_count":2,"candidate_details_omitted":true,"coverage":{"complete":true,"examined":2,"scope":"hard_scope","total_lower_bound":2},"elapsed_us":3650,"lane_id":"grep","schema_version":1,"status":"complete","truncation_reason":null,"weight":0.8},{"candidate_count":2,"candidate_details_omitted":true,"coverage":{"complete":true,"examined":null,"scope":"hard_scope","total_lower_bound":2},"elapsed_us":1426,"lane_id":"graph","schema_version":1,"status":"complete","truncation_reason":null,"weight":0.6},{"candidate_count":0,"candidate_details_omitted":true,"coverage":{"complete":false,"examined":null,"scope":"hard_scope","total_lower_bound":0},"elapsed_us":250,"lane_id":"semantic","schema_version":1,"status":"unavailable","truncation_reason":"query_vector_not_encoded","weight":1.0}],"policy":{"deadline_ms":30000,"details_omitted":true,"effective":"auto","graph_source_mapping":"uid_byte_decl_docs;not_whole_body:v2","intent":"locate","lane_timeout_ms":20000,"path_source_domain":"canonical_scoped_exact_else_bounded_tokens;not_whole_body:v3","requested":"auto","semantic_state":"configured","semantic_timeout_ms":5000,"semantic_top_k":24,"version":"query-policy-local-semantic-canonical-path-domain-v4"},"scope":{"budget":{"exact_symbol_candidates":24,"grep_candidates":12,"grep_enabled":true,"grep_scan_cap":20000,"lexical_candidates":24,"path_candidates":24,"rerank_window":40,"top_k":10,"units":"chunks; grep_scan_cap=decompressions; scope_receipt_v1; not_total_cost"},"details_omitted":true,"hard":{"empty":false,"explicit_file_count":null,"languages":null,"path_prefix":null,"path_prefix_truncated":false,"semantics":"conjunctive_case_sensitive_repo_paths; explicit_empty_denies"},"ordering":["exact_identity_first","rerank_score_desc","chunk_id_asc"],"policy":"canonical-scoped-exact-path-domain-compact-context-budget-v22","schema_version":1,"soft":{"contributions":"score_trace=additive; stage_a_already_included; raw_hint_paths_omitted","hint_entries":{"overlay":0,"pinned":0,"recent":0,"working":0},"preselected_count":1,"role":"ranking_and_scan_priority_only"}}},"search_hits":2,"selection":{"facets":{"implementation":2},"input_candidates":2,"intent":"locate","intent_facet_anchors":{},"limit_omitted":0,"original_ranks":[1,2],"overlap":{"fully_covered_candidates":0,"input_bytes":66,"redundant_bytes":0,"unique_bytes":66},"requested_limit":10,"selected":2,"selected_overlap":{"fully_covered_candidates":0,"input_bytes":66,"redundant_bytes":0,"unique_bytes":66},"source_covered_omissions":0,"source_support_anchors":[],"source_support_scope":"cue_window:v1","spec":"anchored-facets-distinctive-source-union-v2","unmet_facets":[]},"source_freshness":{"budget_exhausted":false,"checked_files":1,"dense_manifest_fence":{"checked":0,"skip_disposition":"stale_publication_skipped","skipped":0},"generation":{"evidence_epoch":1,"incarnation":[56,71,219,93,56,188,73,151,21,10,35,37,164,137,90,206],"index_epoch":5,"semantic_epoch":3},"hydrator":"current-document-scope-source-generation-v1","omitted_files":{},"partial":false,"read_budget_charged":66,"scope":"disk_generation:v1","validation_work":{"candidate_projection_sql":{"fullscan_steps":0,"rows":2,"sorts":0,"statements":1,"vm_steps":76},"coverage":"current final-assembly attempt SELECTs for manifest, symbol identity and candidate projection; excludes prior attempts, transaction control, originating retrieval, generation, dense fence, graph and disk work; not total cost","schema_version":1,"source_records_sql":{"fullscan_steps":0,"rows":10,"sorts":0,"statements":9,"vm_steps":292}},"verified_hits":2}},"intent":"locate","invalidations":[],"machine_pack":{"hits":[{"breadcrumb":"needle","chunk_id":"chunk:needle.py:0","end_line":2,"file_path":"needle.py","fused_score":0.08989441930618403,"graph_score":0.07931471805599452,"grep_score":0.5,"lane":null,"language":"python","lexical_score":1.0,"metadata":{"details_omitted":true,"document":{"doc_key":"29b2fa88c6d6c8741c47ad873ba80a25c628b882a28ea3cfaa7fcc69e6982938","doc_version":"9ba68969fd43b00f97a9fade36d3cd19b8f57a4b7c6dffacb8c050c2e9b29f62","encoding_key":"78fc8c83484a6639e37e832f30a8eb8310c8ad26eada3a4ec3d936c1f152fede","entity_key":"16a369932cc2a7589f395b34b3b8def8bbad6a04e00672428487964152c26486"},"qname":"needle","source_evidence":{"boundary":"symbol","owner":{"end":28,"start":0},"signature":{"end":18,"start":0},"slice_digest":"c748e325d98b5f174763b313c05ece587900d99690eedbce11f75639788c6b8b","source":{"byte_len":66,"content_digest":"bdb975ad92107a0524d6a7c217816cd1e50bb1d97a36ef892318fbe837bf8857","encoding":"utf8","snapshot_id":"735799399424072b1b6cc95488ff63f55c094da4b32573a4555bf731c014f141"},"span":{"end":28,"start":0}},"source_freshness":{"disk_checked":true,"hydrator":"current-document-scope-source-generation-v1","status":"current_verified"}},"reasons":["exact-target","exact_symbol@1","path@1","lexical@1","grep@2","symbol-exact","fts-summary","path-token:needle","symbol:needle","preselect:fts-summary:+1.40","preselect:token-search:+3.00"],"rerank_score":0.8196888975800265,"score_trace":[["rrf:exact_symbol",0.021568627450980395],["rrf:path",0.0196078431372549],["rrf:lexical",0.021568627450980395],["rrf:grep",0.015384615384615385],["rrf:graph",0.011764705882352941],["overlap",0.35],["boost:symbol-exact",0.18],["boost:stage-a",0.17600006285704412],["boost:graph-rerank",0.023794415416798356]],"source":"index","start_line":1,"symbol_kind":"function","symbol_name":"needle","text":"def needle():\n    return 731"},{"breadcrumb":"neighbor","chunk_id":"chunk:needle.py:1","end_line":5,"file_path":"needle.py","fused_score":0.048378582202111615,"graph_score":0.06931471805599453,"grep_score":1.0,"lane":null,"language":"python","lexical_score":0.5,"metadata":{"details_omitted":true,"document":{"doc_key":"3fd56c438273f4e97d76268fc1e74f7bccba6b16d9f0ef414ca67b0829003e65","doc_version":"09f385ca69393d6173161facbcb1551167f9785fcdd2ccc650f1c531bc0259ed","encoding_key":"02118b2a2349b99c9efe9684d529683cd659e52f1e28e19c864bc915175c7693","entity_key":"f8d3da2a91268bb9b93e59ca9b06d751804a9221f3d218b5a8798fab2dc8e40d"},"qname":"neighbor","source_evidence":{"boundary":"symbol","owner":{"end":65,"start":30},"signature":{"end":50,"start":30},"slice_digest":"dec7813dc4d5e300de152b45e0cb2a89c688f0a75f1501c57aa7eb68130081dd","source":{"byte_len":66,"content_digest":"bdb975ad92107a0524d6a7c217816cd1e50bb1d97a36ef892318fbe837bf8857","encoding":"utf8","snapshot_id":"735799399424072b1b6cc95488ff63f55c094da4b32573a4555bf731c014f141"},"span":{"end":66,"start":28}},"source_freshness":{"disk_checked":true,"hydrator":"current-document-scope-source-generation-v1","status":"current_verified"}},"reasons":["lexical@2","grep@1","fts-summary","path-token:needle","symbol:needle","preselect:fts-summary:+1.40","preselect:token-search:+3.00"],"rerank_score":0.5951730604759541,"score_trace":[["rrf:lexical",0.021153846153846155],["rrf:grep",0.01568627450980392],["rrf:graph",0.011538461538461537],["overlap",0.35],["boost:stage-a",0.17600006285704412],["boost:graph-rerank",0.020794415416798356]],"source":"index","start_line":2,"symbol_kind":"function","symbol_name":"neighbor","text":"\n\ndef neighbor():\n    return needle()\n"}],"kind":"code_index_context","query":"needle","repo_size_tier":"Tiny","token_budget":4000,"top_k":10},"nodes":[{"backing_file_path":"needle.py","backing_source":null,"confidence":0.8,"depends_on":[],"end_line":2,"file_path":"needle.py","freshness":null,"invalidation_keys":[],"metadata":{"representation":"machine_hit_reference"},"node_id":"search:chunk:needle.py:0","node_type":"SEARCH_HIT","rank_explanation":null,"reasons":[],"relation":null,"role":"primary","score":0.8196888975800265,"source":"index","source_end_line":2,"source_start_line":1,"span_kind":"reference","start_line":1,"text":"","title":"needle.py needle:1-2","token_estimate":0},{"backing_file_path":"needle.py","backing_source":null,"confidence":0.8,"depends_on":[],"end_line":5,"file_path":"needle.py","freshness":null,"invalidation_keys":[],"metadata":{"representation":"machine_hit_reference"},"node_id":"search:chunk:needle.py:1","node_type":"SEARCH_HIT","rank_explanation":null,"reasons":[],"relation":null,"role":"primary","score":0.5951730604759541,"source":"index","source_end_line":5,"source_start_line":2,"span_kind":"reference","start_line":2,"text":"","title":"needle.py neighbor:2-5","token_estimate":0},{"backing_file_path":null,"backing_source":null,"confidence":1.0,"depends_on":[],"end_line":null,"file_path":"needle.py","freshness":null,"invalidation_keys":[],"metadata":null,"node_id":"graph:caller:uid:ed8e61924345e59a924de3bf","node_type":"CALL_EDGE","rank_explanation":null,"reasons":[],"relation":null,"role":"neighbor","score":0.0,"source":"graph","source_end_line":null,"source_start_line":null,"span_kind":null,"start_line":5,"text":"caller: neighbor → needle (needle.py:5)","title":"Caller: neighbor","token_estimate":10},{"backing_file_path":null,"backing_source":null,"confidence":1.0,"depends_on":[],"end_line":null,"file_path":"needle.py","freshness":null,"invalidation_keys":[],"metadata":null,"node_id":"graph:callee:uid:3732066f97516c2c2f8efb6e","node_type":"CALL_EDGE","rank_explanation":null,"reasons":[],"relation":null,"role":"neighbor","score":0.0,"source":"graph","source_end_line":null,"source_start_line":null,"span_kind":null,"start_line":5,"text":"callee: neighbor → needle (needle.py:5)","title":"Callee: needle","token_estimate":10}],"query":"needle","reasons":["hybrid search over code index","graph-enriched"],"rendered_prompt":"Complete source is in machine_pack.hits; references have no source body.","resolution_freshness":{"basis_epoch":null,"complete":true,"completed_files":0,"index_epoch":5,"reason":null,"retry":null,"root_count":0,"scope":"observed_resolution_invalidations","status":"ready"},"revision":0,"spans":[{"end_line":2,"file_path":"needle.py","label":"needle","node_id":"search:chunk:needle.py:0","start_line":1},{"end_line":5,"file_path":"needle.py","label":"neighbor","node_id":"search:chunk:needle.py:1","start_line":2}],"summary":"Found 2 indexed code result(s) across 1 file(s) for `needle`.","task":"needle","token_budget":4000,"token_estimate":3207},"tool":"search"}
V18_JSON {"args":{"full":true,"path":"/tmp/.tmpZKGWpY/project"},"result":{"build_explain":{"gate_decisions":[{"pass":"synthesis_round","reason":"both signatures changed","run":true},{"pass":"community","reason":"full rebuild","run":true},{"pass":"git_cochange","reason":"cache key unavailable","run":true},{"pass":"infra","reason":"signature algorithm changed","run":true},{"pass":"adr","reason":"no recorded signature","run":true}]},"chunk_policy":{"bytes":16384,"chars":16384,"estimated_tokens":4096,"lines":80,"merge_min_bytes":256},"chunks_total":2,"dirty_plan":{"dependency_sql":{"fullscan_steps":0,"rows":0,"sorts":0,"statements":0,"vm_steps":0},"file_budget":0,"parsed_files":1,"reasons":[],"rebased":false,"resumed":false,"selected_dependents":0},"document_changes":{"files_projected":1,"removed":0,"render_failed":0,"reusable_inputs":0,"unchanged":0,"upserted":2},"elapsed_ms":276,"files_added":1,"files_parsed":1,"files_removed":0,"files_scanned":1,"files_skipped":0,"files_updated":0,"parse_errors":[],"phase_timing":{"analysis_ms":5,"parse_ms":29,"postprocess_ms":2,"resolve_ms":0,"scan_diff_ms":5,"write_ms":27},"project_model":{"catalog_files":1,"changed_configs":[],"config_inputs":0,"config_parse_cache_hits":0,"config_reads":0,"config_root_probes":5,"config_roots":0,"diagnostics":[],"go_fact_cache_hits":0,"go_source_reads":0,"input_digest":"6608a5a5cd33639a82b1be8d943f3148241d6520b8e0d9930909feaaf0ec5b8c","inventory_source":"shared_walk","modes":[],"rust_fact_cache_hits":0,"rust_source_reads":0,"version":3},"public_surface_coverage":{"known":1,"known_empty":0,"parsed_files":1,"unknown":0,"unknown_reasons":{}},"resolution_coverage":{"ambiguous":0,"incomplete_files":0,"modules_ambiguous":0,"modules_external":0,"modules_resolved":0,"modules_unknown":0,"modules_unresolved":0,"modules_unsupported":0,"omitted_records":0,"packages_resolved":0,"processed_files":1,"resolved":2,"unresolved":0,"unsupported":0},"resolution_freshness":{"basis_epoch":null,"complete":true,"completed_files":0,"index_epoch":5,"reason":null,"retry":null,"root_count":0,"scope":"observed_resolution_invalidations","status":"ready"},"symbols_total":2,"used_parallel_parse":false},"tool":"index"}
V18_JSON {"args":{"aspect":"capabilities"},"result":{"capabilities":{"graph":true,"impact":true,"search":true},"has_index":true,"has_project":true,"indexed_files":1,"indexed_symbols":2,"resolution_freshness":{"basis_epoch":null,"complete":true,"completed_files":0,"index_epoch":5,"reason":null,"retry":null,"root_count":0,"scope":"observed_resolution_invalidations","status":"ready"},"retrieval":{"consistency":"point_in_time","default_effective_strategy":"local","default_query_state":"available_with_per_query_checks","default_strategy":"auto","dense_reason":"provider_and_vector_publication_not_implemented","dense_state":"disabled","diagnostic_sources":{"build":"BuildExplain on index response","graph":"GraphExplain on query response","lanes":"evidence_summary.retrieval.lanes or lane_receipts","packing":"evidence_summary.packing","selection":"evidence_summary.selection","semantic":"evidence_summary.retrieval.semantic (dense lane receipt projection)","source":"evidence_summary.source_freshness"},"execution":{"async_admitted":0,"async_in_flight":0,"async_limit":8,"completed":0,"cpu_admitted":0,"cpu_in_flight":0,"cpu_limit":4,"queue_limit":32,"rejected":0},"execution_scope":"process_shared_not_project_local","generation":{"evidence_epoch":1,"incarnation":[117,108,193,211,95,60,163,249,1,167,18,91,80,104,126,116],"index_epoch":5,"semantic_epoch":null},"generation_scope":"observed_database_snapshot","identity_validation":"checked_at_observation_boundary","index_state":"available","local_state":"available","pin_scope":"owned_query_views_including_inflight_clones_not_request_count","query_coverage":{"scope":"per_query_not_global","state":"not_measured"},"query_encoding":{"configured_opt_in":false,"network_authorized":false,"reason":"semantic_disabled","request_scope":"nonlocal_nonempty_only"},"query_pins":0,"resolution_freshness":{"basis_epoch":null,"complete":true,"completed_files":0,"index_epoch":5,"reason":null,"retry":null,"root_count":0,"scope":"observed_resolution_invalidations","status":"ready"},"semantic_active_space":null,"semantic_state":"not_configured","service_state_scope":"process_observed_separately","spec":"retrieval-capabilities-v2"}},"tool":"status"}
V18_JSON {"args":{"query":"needle","retrieval_strategy":"auto"},"result":{"evidence_summary":{"files":["needle.py"],"graph_enrichment":{"callees_added":1,"callers_added":1,"symbols_resolved":2,"tests_found":0},"packing":{"compacted":true,"configured_max_bytes":18000,"continuation":"Use files region/expand on retained references; recheck source version.","limit_bytes":16000,"omitted_hits":0,"omitted_nodes":0,"original_hits":2,"original_nodes":4,"partial":false,"spec":"whole-json-intent-facets-source-support-before-incidental-v5","token_estimate_method":"ceil(serialized_utf8_bytes/4); not a tokenizer","used_bytes":12835},"retrieval":{"cost":{"coverage":"originating_work; full scope: retrieval-cost schema v1","fused_candidates":2,"hydrate_requested":2,"hydration":{"sql":{"fullscan_steps":0,"rows":10,"sorts":0,"statements":9,"vm_steps":386},"text":{"cache_hits":2,"legacy_auto_reads":0,"storage_reads":0,"utf8_bytes":66,"zstd_decodes":0}},"lane_candidates":{"exact_symbol":1,"graph":2,"grep":2,"lexical":2,"path":1,"semantic":0},"lexical_sql":{"fullscan_steps":0,"rows":2,"sorts":1,"statements":1,"vm_steps":59},"schema_version":1},"grep":{"fallback_scanned":0,"prefilter_failed":false,"prefilter_scanned":0,"reason":null,"scan_cap":20000,"scanned":2,"skipped_duplicates":4,"soft_scanned":2,"stages":[{"stage":"soft","work":{"sql":{"fullscan_steps":0,"rows":2,"sorts":0,"statements":1,"vm_steps":29},"text":{"cache_hits":0,"legacy_auto_reads":0,"storage_reads":2,"utf8_bytes":66,"zstd_decodes":0}}},{"stage":"prefilter","work":{"sql":{"fullscan_steps":0,"rows":2,"sorts":1,"statements":1,"vm_steps":58},"text":{"cache_hits":0,"legacy_auto_reads":0,"storage_reads":0,"utf8_bytes":0,"zstd_decodes":0}}},{"stage":"fallback","work":{"sql":{"fullscan_steps":1,"rows":2,"sorts":0,"statements":1,"vm_steps":23},"text":{"cache_hits":0,"legacy_auto_reads":0,"storage_reads":0,"utf8_bytes":0,"zstd_decodes":0}}}],"status":"complete"},"lane_receipts":[{"candidate_count":1,"candidate_details_omitted":true,"coverage":{"complete":true,"examined":null,"scope":"hard_scope","total_lower_bound":1},"elapsed_us":2515,"lane_id":"exact_symbol","schema_version":1,"status":"complete","truncation_reason":null,"weight":1.1},{"candidate_count":1,"candidate_details_omitted":true,"coverage":{"complete":true,"examined":null,"scope":"hard_scope","total_lower_bound":1},"elapsed_us":299,"lane_id":"path","schema_version":1,"status":"complete","truncation_reason":null,"weight":1.0},{"candidate_count":2,"candidate_details_omitted":true,"coverage":{"complete":true,"examined":null,"scope":"hard_scope","total_lower_bound":2},"elapsed_us":184,"lane_id":"lexical","schema_version":1,"status":"complete","truncation_reason":null,"weight":1.1},{"candidate_count":2,"candidate_details_omitted":true,"coverage":{"complete":true,"examined":2,"scope":"hard_scope","total_lower_bound":2},"elapsed_us":2028,"lane_id":"grep","schema_version":1,"status":"complete","truncation_reason":null,"weight":0.8},{"candidate_count":2,"candidate_details_omitted":true,"coverage":{"complete":true,"examined":null,"scope":"hard_scope","total_lower_bound":2},"elapsed_us":3858,"lane_id":"graph","schema_version":1,"status":"complete","truncation_reason":null,"weight":0.6},{"candidate_count":0,"candidate_details_omitted":true,"coverage":{"complete":false,"examined":null,"scope":"hard_scope","total_lower_bound":0},"elapsed_us":124,"lane_id":"semantic","schema_version":1,"status":"unavailable","truncation_reason":"query_vector_not_encoded","weight":1.0}],"policy":{"deadline_ms":30000,"details_omitted":true,"effective":"auto","graph_source_mapping":"uid_byte_decl_docs;not_whole_body:v2","intent":"locate","lane_timeout_ms":20000,"path_source_domain":"canonical_scoped_exact_else_bounded_tokens;not_whole_body:v3","requested":"auto","semantic_state":"configured","semantic_timeout_ms":5000,"semantic_top_k":24,"version":"query-policy-local-semantic-canonical-path-domain-v4"},"scope":{"budget":{"exact_symbol_candidates":24,"grep_candidates":12,"grep_enabled":true,"grep_scan_cap":20000,"lexical_candidates":24,"path_candidates":24,"rerank_window":40,"top_k":10,"units":"chunks; grep_scan_cap=decompressions; scope_receipt_v1; not_total_cost"},"details_omitted":true,"hard":{"empty":false,"explicit_file_count":null,"languages":null,"path_prefix":null,"path_prefix_truncated":false,"semantics":"conjunctive_case_sensitive_repo_paths; explicit_empty_denies"},"ordering":["exact_identity_first","rerank_score_desc","chunk_id_asc"],"policy":"canonical-scoped-exact-path-domain-compact-context-budget-v22","schema_version":1,"soft":{"contributions":"score_trace=additive; stage_a_already_included; raw_hint_paths_omitted","hint_entries":{"overlay":0,"pinned":0,"recent":0,"working":0},"preselected_count":1,"role":"ranking_and_scan_priority_only"}}},"search_hits":2,"selection":{"facets":{"implementation":2},"input_candidates":2,"intent":"locate","intent_facet_anchors":{},"limit_omitted":0,"original_ranks":[1,2],"overlap":{"fully_covered_candidates":0,"input_bytes":66,"redundant_bytes":0,"unique_bytes":66},"requested_limit":10,"selected":2,"selected_overlap":{"fully_covered_candidates":0,"input_bytes":66,"redundant_bytes":0,"unique_bytes":66},"source_covered_omissions":0,"source_support_anchors":[],"source_support_scope":"cue_window:v1","spec":"anchored-facets-distinctive-source-union-v2","unmet_facets":[]},"source_freshness":{"budget_exhausted":false,"checked_files":1,"dense_manifest_fence":{"checked":0,"skip_disposition":"stale_publication_skipped","skipped":0},"generation":{"evidence_epoch":1,"incarnation":[90,44,160,158,32,83,228,166,125,252,45,198,179,10,244,239],"index_epoch":5,"semantic_epoch":null},"hydrator":"current-document-scope-source-generation-v1","omitted_files":{},"partial":false,"read_budget_charged":66,"scope":"disk_generation:v1","validation_work":{"candidate_projection_sql":{"fullscan_steps":0,"rows":2,"sorts":0,"statements":1,"vm_steps":76},"coverage":"current final-assembly attempt SELECTs for manifest, symbol identity and candidate projection; excludes prior attempts, transaction control, originating retrieval, generation, dense fence, graph and disk work; not total cost","schema_version":1,"source_records_sql":{"fullscan_steps":0,"rows":10,"sorts":0,"statements":9,"vm_steps":292}},"verified_hits":2}},"intent":"locate","invalidations":[],"machine_pack":{"hits":[{"breadcrumb":"needle","chunk_id":"chunk:needle.py:0","end_line":2,"file_path":"needle.py","fused_score":0.08989441930618403,"graph_score":0.07931471805599452,"grep_score":0.5,"lane":null,"language":"python","lexical_score":1.0,"metadata":{"details_omitted":true,"document":{"doc_key":"29b2fa88c6d6c8741c47ad873ba80a25c628b882a28ea3cfaa7fcc69e6982938","doc_version":"9ba68969fd43b00f97a9fade36d3cd19b8f57a4b7c6dffacb8c050c2e9b29f62","encoding_key":"78fc8c83484a6639e37e832f30a8eb8310c8ad26eada3a4ec3d936c1f152fede","entity_key":"16a369932cc2a7589f395b34b3b8def8bbad6a04e00672428487964152c26486"},"qname":"needle","source_evidence":{"boundary":"symbol","owner":{"end":28,"start":0},"signature":{"end":18,"start":0},"slice_digest":"c748e325d98b5f174763b313c05ece587900d99690eedbce11f75639788c6b8b","source":{"byte_len":66,"content_digest":"bdb975ad92107a0524d6a7c217816cd1e50bb1d97a36ef892318fbe837bf8857","encoding":"utf8","snapshot_id":"735799399424072b1b6cc95488ff63f55c094da4b32573a4555bf731c014f141"},"span":{"end":28,"start":0}},"source_freshness":{"disk_checked":true,"hydrator":"current-document-scope-source-generation-v1","status":"current_verified"}},"reasons":["exact-target","exact_symbol@1","path@1","lexical@1","grep@2","symbol-exact","fts-summary","path-token:needle","symbol:needle","preselect:fts-summary:+1.40","preselect:token-search:+3.00"],"rerank_score":0.8196888975800265,"score_trace":[["rrf:exact_symbol",0.021568627450980395],["rrf:path",0.0196078431372549],["rrf:lexical",0.021568627450980395],["rrf:grep",0.015384615384615385],["rrf:graph",0.011764705882352941],["overlap",0.35],["boost:symbol-exact",0.18],["boost:stage-a",0.17600006285704412],["boost:graph-rerank",0.023794415416798356]],"source":"index","start_line":1,"symbol_kind":"function","symbol_name":"needle","text":"def needle():\n    return 731"},{"breadcrumb":"neighbor","chunk_id":"chunk:needle.py:1","end_line":5,"file_path":"needle.py","fused_score":0.048378582202111615,"graph_score":0.06931471805599453,"grep_score":1.0,"lane":null,"language":"python","lexical_score":0.5,"metadata":{"details_omitted":true,"document":{"doc_key":"3fd56c438273f4e97d76268fc1e74f7bccba6b16d9f0ef414ca67b0829003e65","doc_version":"09f385ca69393d6173161facbcb1551167f9785fcdd2ccc650f1c531bc0259ed","encoding_key":"02118b2a2349b99c9efe9684d529683cd659e52f1e28e19c864bc915175c7693","entity_key":"f8d3da2a91268bb9b93e59ca9b06d751804a9221f3d218b5a8798fab2dc8e40d"},"qname":"neighbor","source_evidence":{"boundary":"symbol","owner":{"end":65,"start":30},"signature":{"end":50,"start":30},"slice_digest":"dec7813dc4d5e300de152b45e0cb2a89c688f0a75f1501c57aa7eb68130081dd","source":{"byte_len":66,"content_digest":"bdb975ad92107a0524d6a7c217816cd1e50bb1d97a36ef892318fbe837bf8857","encoding":"utf8","snapshot_id":"735799399424072b1b6cc95488ff63f55c094da4b32573a4555bf731c014f141"},"span":{"end":66,"start":28}},"source_freshness":{"disk_checked":true,"hydrator":"current-document-scope-source-generation-v1","status":"current_verified"}},"reasons":["lexical@2","grep@1","fts-summary","path-token:needle","symbol:needle","preselect:fts-summary:+1.40","preselect:token-search:+3.00"],"rerank_score":0.5951730604759541,"score_trace":[["rrf:lexical",0.021153846153846155],["rrf:grep",0.01568627450980392],["rrf:graph",0.011538461538461537],["overlap",0.35],["boost:stage-a",0.17600006285704412],["boost:graph-rerank",0.020794415416798356]],"source":"index","start_line":2,"symbol_kind":"function","symbol_name":"neighbor","text":"\n\ndef neighbor():\n    return needle()\n"}],"kind":"code_index_context","query":"needle","repo_size_tier":"Tiny","token_budget":4000,"top_k":10},"nodes":[{"backing_file_path":"needle.py","backing_source":null,"confidence":0.8,"depends_on":[],"end_line":2,"file_path":"needle.py","freshness":null,"invalidation_keys":[],"metadata":{"representation":"machine_hit_reference"},"node_id":"search:chunk:needle.py:0","node_type":"SEARCH_HIT","rank_explanation":null,"reasons":[],"relation":null,"role":"primary","score":0.8196888975800265,"source":"index","source_end_line":2,"source_start_line":1,"span_kind":"reference","start_line":1,"text":"","title":"needle.py needle:1-2","token_estimate":0},{"backing_file_path":"needle.py","backing_source":null,"confidence":0.8,"depends_on":[],"end_line":5,"file_path":"needle.py","freshness":null,"invalidation_keys":[],"metadata":{"representation":"machine_hit_reference"},"node_id":"search:chunk:needle.py:1","node_type":"SEARCH_HIT","rank_explanation":null,"reasons":[],"relation":null,"role":"primary","score":0.5951730604759541,"source":"index","source_end_line":5,"source_start_line":2,"span_kind":"reference","start_line":2,"text":"","title":"needle.py neighbor:2-5","token_estimate":0},{"backing_file_path":null,"backing_source":null,"confidence":1.0,"depends_on":[],"end_line":null,"file_path":"needle.py","freshness":null,"invalidation_keys":[],"metadata":null,"node_id":"graph:caller:uid:ed8e61924345e59a924de3bf","node_type":"CALL_EDGE","rank_explanation":null,"reasons":[],"relation":null,"role":"neighbor","score":0.0,"source":"graph","source_end_line":null,"source_start_line":null,"span_kind":null,"start_line":5,"text":"caller: neighbor → needle (needle.py:5)","title":"Caller: neighbor","token_estimate":10},{"backing_file_path":null,"backing_source":null,"confidence":1.0,"depends_on":[],"end_line":null,"file_path":"needle.py","freshness":null,"invalidation_keys":[],"metadata":null,"node_id":"graph:callee:uid:3732066f97516c2c2f8efb6e","node_type":"CALL_EDGE","rank_explanation":null,"reasons":[],"relation":null,"role":"neighbor","score":0.0,"source":"graph","source_end_line":null,"source_start_line":null,"span_kind":null,"start_line":5,"text":"callee: neighbor → needle (needle.py:5)","title":"Callee: needle","token_estimate":10}],"query":"needle","reasons":["hybrid search over code index","graph-enriched"],"rendered_prompt":"Complete source is in machine_pack.hits; references have no source body.","resolution_freshness":{"basis_epoch":null,"complete":true,"completed_files":0,"index_epoch":5,"reason":null,"retry":null,"root_count":0,"scope":"observed_resolution_invalidations","status":"ready"},"revision":0,"spans":[{"end_line":2,"file_path":"needle.py","label":"needle","node_id":"search:chunk:needle.py:0","start_line":1},{"end_line":5,"file_path":"needle.py","label":"neighbor","node_id":"search:chunk:needle.py:1","start_line":2}],"summary":"Found 2 indexed code result(s) across 1 file(s) for `needle`.","task":"needle","token_budget":4000,"token_estimate":3209},"tool":"search"}
V18_JSON {"args":{"query":"needle","retrieval_strategy":"semantic"},"result":{"evidence_summary":{"files":["needle.py"],"graph_enrichment":{"callees_added":1,"callers_added":1,"symbols_resolved":2,"tests_found":0},"packing":{"compacted":true,"configured_max_bytes":18000,"continuation":"Use files region/expand on retained references; recheck source version.","limit_bytes":16000,"omitted_hits":0,"omitted_nodes":0,"original_hits":2,"original_nodes":4,"partial":false,"spec":"whole-json-intent-facets-source-support-before-incidental-v5","token_estimate_method":"ceil(serialized_utf8_bytes/4); not a tokenizer","used_bytes":12835},"retrieval":{"cost":{"coverage":"originating_work; full scope: retrieval-cost schema v1","fused_candidates":2,"hydrate_requested":2,"hydration":{"sql":{"fullscan_steps":0,"rows":10,"sorts":0,"statements":9,"vm_steps":386},"text":{"cache_hits":2,"legacy_auto_reads":0,"storage_reads":0,"utf8_bytes":66,"zstd_decodes":0}},"lane_candidates":{"exact_symbol":1,"graph":2,"grep":2,"lexical":2,"path":1,"semantic":0},"lexical_sql":{"fullscan_steps":0,"rows":2,"sorts":1,"statements":1,"vm_steps":59},"schema_version":1},"grep":{"fallback_scanned":0,"prefilter_failed":false,"prefilter_scanned":0,"reason":null,"scan_cap":20000,"scanned":2,"skipped_duplicates":4,"soft_scanned":2,"stages":[{"stage":"soft","work":{"sql":{"fullscan_steps":0,"rows":2,"sorts":0,"statements":1,"vm_steps":29},"text":{"cache_hits":0,"legacy_auto_reads":0,"storage_reads":2,"utf8_bytes":66,"zstd_decodes":0}}},{"stage":"prefilter","work":{"sql":{"fullscan_steps":0,"rows":2,"sorts":1,"statements":1,"vm_steps":58},"text":{"cache_hits":0,"legacy_auto_reads":0,"storage_reads":0,"utf8_bytes":0,"zstd_decodes":0}}},{"stage":"fallback","work":{"sql":{"fullscan_steps":1,"rows":2,"sorts":0,"statements":1,"vm_steps":23},"text":{"cache_hits":0,"legacy_auto_reads":0,"storage_reads":0,"utf8_bytes":0,"zstd_decodes":0}}}],"status":"complete"},"lane_receipts":[{"candidate_count":1,"candidate_details_omitted":true,"coverage":{"complete":true,"examined":null,"scope":"hard_scope","total_lower_bound":1},"elapsed_us":241,"lane_id":"exact_symbol","schema_version":1,"status":"complete","truncation_reason":null,"weight":1.1},{"candidate_count":1,"candidate_details_omitted":true,"coverage":{"complete":true,"examined":null,"scope":"hard_scope","total_lower_bound":1},"elapsed_us":256,"lane_id":"path","schema_version":1,"status":"complete","truncation_reason":null,"weight":1.0},{"candidate_count":2,"candidate_details_omitted":true,"coverage":{"complete":true,"examined":null,"scope":"hard_scope","total_lower_bound":2},"elapsed_us":298,"lane_id":"lexical","schema_version":1,"status":"complete","truncation_reason":null,"weight":1.1},{"candidate_count":2,"candidate_details_omitted":true,"coverage":{"complete":true,"examined":2,"scope":"hard_scope","total_lower_bound":2},"elapsed_us":2111,"lane_id":"grep","schema_version":1,"status":"complete","truncation_reason":null,"weight":0.8},{"candidate_count":2,"candidate_details_omitted":true,"coverage":{"complete":true,"examined":null,"scope":"hard_scope","total_lower_bound":2},"elapsed_us":1545,"lane_id":"graph","schema_version":1,"status":"complete","truncation_reason":null,"weight":0.6},{"candidate_count":0,"candidate_details_omitted":true,"coverage":{"complete":false,"examined":null,"scope":"hard_scope","total_lower_bound":0},"elapsed_us":150,"lane_id":"semantic","schema_version":1,"status":"unavailable","truncation_reason":"query_vector_not_encoded","weight":1.0}],"policy":{"deadline_ms":30000,"details_omitted":true,"effective":"semantic","graph_source_mapping":"uid_byte_decl_docs;not_whole_body:v2","intent":"locate","lane_timeout_ms":20000,"path_source_domain":"canonical_scoped_exact_else_bounded_tokens;not_whole_body:v3","requested":"semantic","semantic_state":"configured","semantic_timeout_ms":5000,"semantic_top_k":24,"version":"query-policy-local-semantic-canonical-path-domain-v4"},"scope":{"budget":{"exact_symbol_candidates":24,"grep_candidates":12,"grep_enabled":true,"grep_scan_cap":20000,"lexical_candidates":24,"path_candidates":24,"rerank_window":40,"top_k":10,"units":"chunks; grep_scan_cap=decompressions; scope_receipt_v1; not_total_cost"},"details_omitted":true,"hard":{"empty":false,"explicit_file_count":null,"languages":null,"path_prefix":null,"path_prefix_truncated":false,"semantics":"conjunctive_case_sensitive_repo_paths; explicit_empty_denies"},"ordering":["exact_identity_first","rerank_score_desc","chunk_id_asc"],"policy":"canonical-scoped-exact-path-domain-compact-context-budget-v22","schema_version":1,"soft":{"contributions":"score_trace=additive; stage_a_already_included; raw_hint_paths_omitted","hint_entries":{"overlay":0,"pinned":0,"recent":0,"working":0},"preselected_count":1,"role":"ranking_and_scan_priority_only"}}},"search_hits":2,"selection":{"facets":{"implementation":2},"input_candidates":2,"intent":"locate","intent_facet_anchors":{},"limit_omitted":0,"original_ranks":[1,2],"overlap":{"fully_covered_candidates":0,"input_bytes":66,"redundant_bytes":0,"unique_bytes":66},"requested_limit":10,"selected":2,"selected_overlap":{"fully_covered_candidates":0,"input_bytes":66,"redundant_bytes":0,"unique_bytes":66},"source_covered_omissions":0,"source_support_anchors":[],"source_support_scope":"cue_window:v1","spec":"anchored-facets-distinctive-source-union-v2","unmet_facets":[]},"source_freshness":{"budget_exhausted":false,"checked_files":1,"dense_manifest_fence":{"checked":0,"skip_disposition":"stale_publication_skipped","skipped":0},"generation":{"evidence_epoch":1,"incarnation":[56,71,219,93,56,188,73,151,21,10,35,37,164,137,90,206],"index_epoch":5,"semantic_epoch":3},"hydrator":"current-document-scope-source-generation-v1","omitted_files":{},"partial":false,"read_budget_charged":66,"scope":"disk_generation:v1","validation_work":{"candidate_projection_sql":{"fullscan_steps":0,"rows":2,"sorts":0,"statements":1,"vm_steps":76},"coverage":"current final-assembly attempt SELECTs for manifest, symbol identity and candidate projection; excludes prior attempts, transaction control, originating retrieval, generation, dense fence, graph and disk work; not total cost","schema_version":1,"source_records_sql":{"fullscan_steps":0,"rows":10,"sorts":0,"statements":9,"vm_steps":292}},"verified_hits":2}},"intent":"locate","invalidations":[],"machine_pack":{"hits":[{"breadcrumb":"needle","chunk_id":"chunk:needle.py:0","end_line":2,"file_path":"needle.py","fused_score":0.08989441930618403,"graph_score":0.07931471805599452,"grep_score":0.5,"lane":null,"language":"python","lexical_score":1.0,"metadata":{"details_omitted":true,"document":{"doc_key":"29b2fa88c6d6c8741c47ad873ba80a25c628b882a28ea3cfaa7fcc69e6982938","doc_version":"9ba68969fd43b00f97a9fade36d3cd19b8f57a4b7c6dffacb8c050c2e9b29f62","encoding_key":"78fc8c83484a6639e37e832f30a8eb8310c8ad26eada3a4ec3d936c1f152fede","entity_key":"16a369932cc2a7589f395b34b3b8def8bbad6a04e00672428487964152c26486"},"qname":"needle","source_evidence":{"boundary":"symbol","owner":{"end":28,"start":0},"signature":{"end":18,"start":0},"slice_digest":"c748e325d98b5f174763b313c05ece587900d99690eedbce11f75639788c6b8b","source":{"byte_len":66,"content_digest":"bdb975ad92107a0524d6a7c217816cd1e50bb1d97a36ef892318fbe837bf8857","encoding":"utf8","snapshot_id":"735799399424072b1b6cc95488ff63f55c094da4b32573a4555bf731c014f141"},"span":{"end":28,"start":0}},"source_freshness":{"disk_checked":true,"hydrator":"current-document-scope-source-generation-v1","status":"current_verified"}},"reasons":["exact-target","exact_symbol@1","path@1","lexical@1","grep@2","symbol-exact","fts-summary","path-token:needle","symbol:needle","preselect:fts-summary:+1.40","preselect:token-search:+3.00"],"rerank_score":0.8196888975800265,"score_trace":[["rrf:exact_symbol",0.021568627450980395],["rrf:path",0.0196078431372549],["rrf:lexical",0.021568627450980395],["rrf:grep",0.015384615384615385],["rrf:graph",0.011764705882352941],["overlap",0.35],["boost:symbol-exact",0.18],["boost:stage-a",0.17600006285704412],["boost:graph-rerank",0.023794415416798356]],"source":"index","start_line":1,"symbol_kind":"function","symbol_name":"needle","text":"def needle():\n    return 731"},{"breadcrumb":"neighbor","chunk_id":"chunk:needle.py:1","end_line":5,"file_path":"needle.py","fused_score":0.048378582202111615,"graph_score":0.06931471805599453,"grep_score":1.0,"lane":null,"language":"python","lexical_score":0.5,"metadata":{"details_omitted":true,"document":{"doc_key":"3fd56c438273f4e97d76268fc1e74f7bccba6b16d9f0ef414ca67b0829003e65","doc_version":"09f385ca69393d6173161facbcb1551167f9785fcdd2ccc650f1c531bc0259ed","encoding_key":"02118b2a2349b99c9efe9684d529683cd659e52f1e28e19c864bc915175c7693","entity_key":"f8d3da2a91268bb9b93e59ca9b06d751804a9221f3d218b5a8798fab2dc8e40d"},"qname":"neighbor","source_evidence":{"boundary":"symbol","owner":{"end":65,"start":30},"signature":{"end":50,"start":30},"slice_digest":"dec7813dc4d5e300de152b45e0cb2a89c688f0a75f1501c57aa7eb68130081dd","source":{"byte_len":66,"content_digest":"bdb975ad92107a0524d6a7c217816cd1e50bb1d97a36ef892318fbe837bf8857","encoding":"utf8","snapshot_id":"735799399424072b1b6cc95488ff63f55c094da4b32573a4555bf731c014f141"},"span":{"end":66,"start":28}},"source_freshness":{"disk_checked":true,"hydrator":"current-document-scope-source-generation-v1","status":"current_verified"}},"reasons":["lexical@2","grep@1","fts-summary","path-token:needle","symbol:needle","preselect:fts-summary:+1.40","preselect:token-search:+3.00"],"rerank_score":0.5951730604759541,"score_trace":[["rrf:lexical",0.021153846153846155],["rrf:grep",0.01568627450980392],["rrf:graph",0.011538461538461537],["overlap",0.35],["boost:stage-a",0.17600006285704412],["boost:graph-rerank",0.020794415416798356]],"source":"index","start_line":2,"symbol_kind":"function","symbol_name":"neighbor","text":"\n\ndef neighbor():\n    return needle()\n"}],"kind":"code_index_context","query":"needle","repo_size_tier":"Tiny","token_budget":4000,"top_k":10},"nodes":[{"backing_file_path":"needle.py","backing_source":null,"confidence":0.8,"depends_on":[],"end_line":2,"file_path":"needle.py","freshness":null,"invalidation_keys":[],"metadata":{"representation":"machine_hit_reference"},"node_id":"search:chunk:needle.py:0","node_type":"SEARCH_HIT","rank_explanation":null,"reasons":[],"relation":null,"role":"primary","score":0.8196888975800265,"source":"index","source_end_line":2,"source_start_line":1,"span_kind":"reference","start_line":1,"text":"","title":"needle.py needle:1-2","token_estimate":0},{"backing_file_path":"needle.py","backing_source":null,"confidence":0.8,"depends_on":[],"end_line":5,"file_path":"needle.py","freshness":null,"invalidation_keys":[],"metadata":{"representation":"machine_hit_reference"},"node_id":"search:chunk:needle.py:1","node_type":"SEARCH_HIT","rank_explanation":null,"reasons":[],"relation":null,"role":"primary","score":0.5951730604759541,"source":"index","source_end_line":5,"source_start_line":2,"span_kind":"reference","start_line":2,"text":"","title":"needle.py neighbor:2-5","token_estimate":0},{"backing_file_path":null,"backing_source":null,"confidence":1.0,"depends_on":[],"end_line":null,"file_path":"needle.py","freshness":null,"invalidation_keys":[],"metadata":null,"node_id":"graph:caller:uid:ed8e61924345e59a924de3bf","node_type":"CALL_EDGE","rank_explanation":null,"reasons":[],"relation":null,"role":"neighbor","score":0.0,"source":"graph","source_end_line":null,"source_start_line":null,"span_kind":null,"start_line":5,"text":"caller: neighbor → needle (needle.py:5)","title":"Caller: neighbor","token_estimate":10},{"backing_file_path":null,"backing_source":null,"confidence":1.0,"depends_on":[],"end_line":null,"file_path":"needle.py","freshness":null,"invalidation_keys":[],"metadata":null,"node_id":"graph:callee:uid:3732066f97516c2c2f8efb6e","node_type":"CALL_EDGE","rank_explanation":null,"reasons":[],"relation":null,"role":"neighbor","score":0.0,"source":"graph","source_end_line":null,"source_start_line":null,"span_kind":null,"start_line":5,"text":"callee: neighbor → needle (needle.py:5)","title":"Callee: needle","token_estimate":10}],"query":"needle","reasons":["hybrid search over code index","graph-enriched"],"rendered_prompt":"Complete source is in machine_pack.hits; references have no source body.","resolution_freshness":{"basis_epoch":null,"complete":true,"completed_files":0,"index_epoch":5,"reason":null,"retry":null,"root_count":0,"scope":"observed_resolution_invalidations","status":"ready"},"revision":0,"spans":[{"end_line":2,"file_path":"needle.py","label":"needle","node_id":"search:chunk:needle.py:0","start_line":1},{"end_line":5,"file_path":"needle.py","label":"neighbor","node_id":"search:chunk:needle.py:1","start_line":2}],"summary":"Found 2 indexed code result(s) across 1 file(s) for `needle`.","task":"needle","token_budget":4000,"token_estimate":3209},"tool":"search"}
[2m2026-10-08T05:00:22.533230Z[0m [32m INFO[0m [2mcc_db::index_db_rebuild[0m[2m:[0m full rebuild: creating temp database [3mtmp[0m[2m=[0m/tmp/.tmpsNYDqd/project/.codecortex/index.sqlite3.tmp
V18_JSON {"args":{"query":"needle","retrieval_strategy":"local"},"result":{"evidence_summary":{"files":["needle.py"],"graph_enrichment":{"callees_added":1,"callers_added":1,"symbols_resolved":2,"tests_found":0},"packing":{"compacted":true,"configured_max_bytes":18000,"continuation":"Use files region/expand on retained references; recheck source version.","limit_bytes":16000,"omitted_hits":0,"omitted_nodes":0,"original_hits":2,"original_nodes":4,"partial":false,"spec":"whole-json-intent-facets-source-support-before-incidental-v5","token_estimate_method":"ceil(serialized_utf8_bytes/4); not a tokenizer","used_bytes":12538},"retrieval":{"cost":{"coverage":"originating_work; full scope: retrieval-cost schema v1","fused_candidates":2,"hydrate_requested":2,"hydration":{"sql":{"fullscan_steps":0,"rows":10,"sorts":0,"statements":9,"vm_steps":386},"text":{"cache_hits":2,"legacy_auto_reads":0,"storage_reads":0,"utf8_bytes":66,"zstd_decodes":0}},"lane_candidates":{"exact_symbol":1,"graph":2,"grep":2,"lexical":2,"path":1},"lexical_sql":{"fullscan_steps":0,"rows":2,"sorts":1,"statements":1,"vm_steps":59},"schema_version":1},"grep":{"fallback_scanned":0,"prefilter_failed":false,"prefilter_scanned":0,"reason":null,"scan_cap":20000,"scanned":2,"skipped_duplicates":4,"soft_scanned":2,"stages":[{"stage":"soft","work":{"sql":{"fullscan_steps":0,"rows":2,"sorts":0,"statements":1,"vm_steps":29},"text":{"cache_hits":0,"legacy_auto_reads":0,"storage_reads":2,"utf8_bytes":66,"zstd_decodes":0}}},{"stage":"prefilter","work":{"sql":{"fullscan_steps":0,"rows":2,"sorts":1,"statements":1,"vm_steps":58},"text":{"cache_hits":0,"legacy_auto_reads":0,"storage_reads":0,"utf8_bytes":0,"zstd_decodes":0}}},{"stage":"fallback","work":{"sql":{"fullscan_steps":1,"rows":2,"sorts":0,"statements":1,"vm_steps":23},"text":{"cache_hits":0,"legacy_auto_reads":0,"storage_reads":0,"utf8_bytes":0,"zstd_decodes":0}}}],"status":"complete"},"lane_receipts":[{"candidate_count":1,"candidate_details_omitted":true,"coverage":{"complete":true,"examined":null,"scope":"hard_scope","total_lower_bound":1},"elapsed_us":2169,"lane_id":"exact_symbol","schema_version":1,"status":"complete","truncation_reason":null,"weight":1.1},{"candidate_count":1,"candidate_details_omitted":true,"coverage":{"complete":true,"examined":null,"scope":"hard_scope","total_lower_bound":1},"elapsed_us":326,"lane_id":"path","schema_version":1,"status":"complete","truncation_reason":null,"weight":1.0},{"candidate_count":2,"candidate_details_omitted":true,"coverage":{"complete":true,"examined":null,"scope":"hard_scope","total_lower_bound":2},"elapsed_us":211,"lane_id":"lexical","schema_version":1,"status":"complete","truncation_reason":null,"weight":1.1},{"candidate_count":2,"candidate_details_omitted":true,"coverage":{"complete":true,"examined":2,"scope":"hard_scope","total_lower_bound":2},"elapsed_us":2093,"lane_id":"grep","schema_version":1,"status":"complete","truncation_reason":null,"weight":0.8},{"candidate_count":2,"candidate_details_omitted":true,"coverage":{"complete":true,"examined":null,"scope":"hard_scope","total_lower_bound":2},"elapsed_us":1552,"lane_id":"graph","schema_version":1,"status":"complete","truncation_reason":null,"weight":0.6}],"policy":{"deadline_ms":30000,"details_omitted":true,"effective":"local","graph_source_mapping":"uid_byte_decl_docs;not_whole_body:v2","intent":"locate","lane_timeout_ms":20000,"path_source_domain":"canonical_scoped_exact_else_bounded_tokens;not_whole_body:v3","requested":"local","semantic_state":"disabled","semantic_timeout_ms":5000,"semantic_top_k":24,"version":"query-policy-local-semantic-canonical-path-domain-v4"},"scope":{"budget":{"exact_symbol_candidates":24,"grep_candidates":12,"grep_enabled":true,"grep_scan_cap":20000,"lexical_candidates":24,"path_candidates":24,"rerank_window":40,"top_k":10,"units":"chunks; grep_scan_cap=decompressions; scope_receipt_v1; not_total_cost"},"details_omitted":true,"hard":{"empty":false,"explicit_file_count":null,"languages":null,"path_prefix":null,"path_prefix_truncated":false,"semantics":"conjunctive_case_sensitive_repo_paths; explicit_empty_denies"},"ordering":["exact_identity_first","rerank_score_desc","chunk_id_asc"],"policy":"canonical-scoped-exact-path-domain-compact-context-budget-v22","schema_version":1,"soft":{"contributions":"score_trace=additive; stage_a_already_included; raw_hint_paths_omitted","hint_entries":{"overlay":0,"pinned":0,"recent":0,"working":0},"preselected_count":1,"role":"ranking_and_scan_priority_only"}}},"search_hits":2,"selection":{"facets":{"implementation":2},"input_candidates":2,"intent":"locate","intent_facet_anchors":{},"limit_omitted":0,"original_ranks":[1,2],"overlap":{"fully_covered_candidates":0,"input_bytes":66,"redundant_bytes":0,"unique_bytes":66},"requested_limit":10,"selected":2,"selected_overlap":{"fully_covered_candidates":0,"input_bytes":66,"redundant_bytes":0,"unique_bytes":66},"source_covered_omissions":0,"source_support_anchors":[],"source_support_scope":"cue_window:v1","spec":"anchored-facets-distinctive-source-union-v2","unmet_facets":[]},"source_freshness":{"budget_exhausted":false,"checked_files":1,"dense_manifest_fence":{"checked":0,"skip_disposition":"stale_publication_skipped","skipped":0},"generation":{"evidence_epoch":1,"incarnation":[90,44,160,158,32,83,228,166,125,252,45,198,179,10,244,239],"index_epoch":5,"semantic_epoch":null},"hydrator":"current-document-scope-source-generation-v1","omitted_files":{},"partial":false,"read_budget_charged":66,"scope":"disk_generation:v1","validation_work":{"candidate_projection_sql":{"fullscan_steps":0,"rows":2,"sorts":0,"statements":1,"vm_steps":76},"coverage":"current final-assembly attempt SELECTs for manifest, symbol identity and candidate projection; excludes prior attempts, transaction control, originating retrieval, generation, dense fence, graph and disk work; not total cost","schema_version":1,"source_records_sql":{"fullscan_steps":0,"rows":10,"sorts":0,"statements":9,"vm_steps":292}},"verified_hits":2}},"intent":"locate","invalidations":[],"machine_pack":{"hits":[{"breadcrumb":"needle","chunk_id":"chunk:needle.py:0","end_line":2,"file_path":"needle.py","fused_score":0.08989441930618403,"graph_score":0.07931471805599452,"grep_score":0.5,"lane":null,"language":"python","lexical_score":1.0,"metadata":{"details_omitted":true,"document":{"doc_key":"29b2fa88c6d6c8741c47ad873ba80a25c628b882a28ea3cfaa7fcc69e6982938","doc_version":"9ba68969fd43b00f97a9fade36d3cd19b8f57a4b7c6dffacb8c050c2e9b29f62","encoding_key":"78fc8c83484a6639e37e832f30a8eb8310c8ad26eada3a4ec3d936c1f152fede","entity_key":"16a369932cc2a7589f395b34b3b8def8bbad6a04e00672428487964152c26486"},"qname":"needle","source_evidence":{"boundary":"symbol","owner":{"end":28,"start":0},"signature":{"end":18,"start":0},"slice_digest":"c748e325d98b5f174763b313c05ece587900d99690eedbce11f75639788c6b8b","source":{"byte_len":66,"content_digest":"bdb975ad92107a0524d6a7c217816cd1e50bb1d97a36ef892318fbe837bf8857","encoding":"utf8","snapshot_id":"735799399424072b1b6cc95488ff63f55c094da4b32573a4555bf731c014f141"},"span":{"end":28,"start":0}},"source_freshness":{"disk_checked":true,"hydrator":"current-document-scope-source-generation-v1","status":"current_verified"}},"reasons":["exact-target","exact_symbol@1","path@1","lexical@1","grep@2","symbol-exact","fts-summary","path-token:needle","symbol:needle","preselect:fts-summary:+1.40","preselect:token-search:+3.00"],"rerank_score":0.8196888975800265,"score_trace":[["rrf:exact_symbol",0.021568627450980395],["rrf:path",0.0196078431372549],["rrf:lexical",0.021568627450980395],["rrf:grep",0.015384615384615385],["rrf:graph",0.011764705882352941],["overlap",0.35],["boost:symbol-exact",0.18],["boost:stage-a",0.17600006285704412],["boost:graph-rerank",0.023794415416798356]],"source":"index","start_line":1,"symbol_kind":"function","symbol_name":"needle","text":"def needle():\n    return 731"},{"breadcrumb":"neighbor","chunk_id":"chunk:needle.py:1","end_line":5,"file_path":"needle.py","fused_score":0.048378582202111615,"graph_score":0.06931471805599453,"grep_score":1.0,"lane":null,"language":"python","lexical_score":0.5,"metadata":{"details_omitted":true,"document":{"doc_key":"3fd56c438273f4e97d76268fc1e74f7bccba6b16d9f0ef414ca67b0829003e65","doc_version":"09f385ca69393d6173161facbcb1551167f9785fcdd2ccc650f1c531bc0259ed","encoding_key":"02118b2a2349b99c9efe9684d529683cd659e52f1e28e19c864bc915175c7693","entity_key":"f8d3da2a91268bb9b93e59ca9b06d751804a9221f3d218b5a8798fab2dc8e40d"},"qname":"neighbor","source_evidence":{"boundary":"symbol","owner":{"end":65,"start":30},"signature":{"end":50,"start":30},"slice_digest":"dec7813dc4d5e300de152b45e0cb2a89c688f0a75f1501c57aa7eb68130081dd","source":{"byte_len":66,"content_digest":"bdb975ad92107a0524d6a7c217816cd1e50bb1d97a36ef892318fbe837bf8857","encoding":"utf8","snapshot_id":"735799399424072b1b6cc95488ff63f55c094da4b32573a4555bf731c014f141"},"span":{"end":66,"start":28}},"source_freshness":{"disk_checked":true,"hydrator":"current-document-scope-source-generation-v1","status":"current_verified"}},"reasons":["lexical@2","grep@1","fts-summary","path-token:needle","symbol:needle","preselect:fts-summary:+1.40","preselect:token-search:+3.00"],"rerank_score":0.5951730604759541,"score_trace":[["rrf:lexical",0.021153846153846155],["rrf:grep",0.01568627450980392],["rrf:graph",0.011538461538461537],["overlap",0.35],["boost:stage-a",0.17600006285704412],["boost:graph-rerank",0.020794415416798356]],"source":"index","start_line":2,"symbol_kind":"function","symbol_name":"neighbor","text":"\n\ndef neighbor():\n    return needle()\n"}],"kind":"code_index_context","query":"needle","repo_size_tier":"Tiny","token_budget":4000,"top_k":10},"nodes":[{"backing_file_path":"needle.py","backing_source":null,"confidence":0.8,"depends_on":[],"end_line":2,"file_path":"needle.py","freshness":null,"invalidation_keys":[],"metadata":{"representation":"machine_hit_reference"},"node_id":"search:chunk:needle.py:0","node_type":"SEARCH_HIT","rank_explanation":null,"reasons":[],"relation":null,"role":"primary","score":0.8196888975800265,"source":"index","source_end_line":2,"source_start_line":1,"span_kind":"reference","start_line":1,"text":"","title":"needle.py needle:1-2","token_estimate":0},{"backing_file_path":"needle.py","backing_source":null,"confidence":0.8,"depends_on":[],"end_line":5,"file_path":"needle.py","freshness":null,"invalidation_keys":[],"metadata":{"representation":"machine_hit_reference"},"node_id":"search:chunk:needle.py:1","node_type":"SEARCH_HIT","rank_explanation":null,"reasons":[],"relation":null,"role":"primary","score":0.5951730604759541,"source":"index","source_end_line":5,"source_start_line":2,"span_kind":"reference","start_line":2,"text":"","title":"needle.py neighbor:2-5","token_estimate":0},{"backing_file_path":null,"backing_source":null,"confidence":1.0,"depends_on":[],"end_line":null,"file_path":"needle.py","freshness":null,"invalidation_keys":[],"metadata":null,"node_id":"graph:caller:uid:ed8e61924345e59a924de3bf","node_type":"CALL_EDGE","rank_explanation":null,"reasons":[],"relation":null,"role":"neighbor","score":0.0,"source":"graph","source_end_line":null,"source_start_line":null,"span_kind":null,"start_line":5,"text":"caller: neighbor → needle (needle.py:5)","title":"Caller: neighbor","token_estimate":10},{"backing_file_path":null,"backing_source":null,"confidence":1.0,"depends_on":[],"end_line":null,"file_path":"needle.py","freshness":null,"invalidation_keys":[],"metadata":null,"node_id":"graph:callee:uid:3732066f97516c2c2f8efb6e","node_type":"CALL_EDGE","rank_explanation":null,"reasons":[],"relation":null,"role":"neighbor","score":0.0,"source":"graph","source_end_line":null,"source_start_line":null,"span_kind":null,"start_line":5,"text":"callee: neighbor → needle (needle.py:5)","title":"Callee: needle","token_estimate":10}],"query":"needle","reasons":["hybrid search over code index","graph-enriched"],"rendered_prompt":"Complete source is in machine_pack.hits; references have no source body.","resolution_freshness":{"basis_epoch":null,"complete":true,"completed_files":0,"index_epoch":5,"reason":null,"retry":null,"root_count":0,"scope":"observed_resolution_invalidations","status":"ready"},"revision":0,"spans":[{"end_line":2,"file_path":"needle.py","label":"needle","node_id":"search:chunk:needle.py:0","start_line":1},{"end_line":5,"file_path":"needle.py","label":"neighbor","node_id":"search:chunk:needle.py:1","start_line":2}],"summary":"Found 2 indexed code result(s) across 1 file(s) for `needle`.","task":"needle","token_budget":4000,"token_estimate":3135},"tool":"search"}
V18_JSON {"args":{"query":"needle"},"result":{"evidence_summary":{"files":["needle.py"],"graph_enrichment":{"callees_added":1,"callers_added":1,"symbols_resolved":2,"tests_found":0},"packing":{"compacted":true,"configured_max_bytes":18000,"continuation":"Use files region/expand on retained references; recheck source version.","limit_bytes":16000,"omitted_hits":0,"omitted_nodes":0,"original_hits":2,"original_nodes":4,"partial":false,"spec":"whole-json-intent-facets-source-support-before-incidental-v5","token_estimate_method":"ceil(serialized_utf8_bytes/4); not a tokenizer","used_bytes":12541},"retrieval":{"cost":{"coverage":"originating_work; full scope: retrieval-cost schema v1","fused_candidates":2,"hydrate_requested":2,"hydration":{"sql":{"fullscan_steps":0,"rows":10,"sorts":0,"statements":9,"vm_steps":386},"text":{"cache_hits":2,"legacy_auto_reads":0,"storage_reads":0,"utf8_bytes":66,"zstd_decodes":0}},"lane_candidates":{"exact_symbol":1,"graph":2,"grep":2,"lexical":2,"path":1},"lexical_sql":{"fullscan_steps":0,"rows":2,"sorts":1,"statements":1,"vm_steps":59},"schema_version":1},"grep":{"fallback_scanned":0,"prefilter_failed":false,"prefilter_scanned":0,"reason":null,"scan_cap":20000,"scanned":2,"skipped_duplicates":4,"soft_scanned":2,"stages":[{"stage":"soft","work":{"sql":{"fullscan_steps":0,"rows":2,"sorts":0,"statements":1,"vm_steps":29},"text":{"cache_hits":0,"legacy_auto_reads":0,"storage_reads":2,"utf8_bytes":66,"zstd_decodes":0}}},{"stage":"prefilter","work":{"sql":{"fullscan_steps":0,"rows":2,"sorts":1,"statements":1,"vm_steps":58},"text":{"cache_hits":0,"legacy_auto_reads":0,"storage_reads":0,"utf8_bytes":0,"zstd_decodes":0}}},{"stage":"fallback","work":{"sql":{"fullscan_steps":1,"rows":2,"sorts":0,"statements":1,"vm_steps":23},"text":{"cache_hits":0,"legacy_auto_reads":0,"storage_reads":0,"utf8_bytes":0,"zstd_decodes":0}}}],"status":"complete"},"lane_receipts":[{"candidate_count":1,"candidate_details_omitted":true,"coverage":{"complete":true,"examined":null,"scope":"hard_scope","total_lower_bound":1},"elapsed_us":327,"lane_id":"exact_symbol","schema_version":1,"status":"complete","truncation_reason":null,"weight":1.1},{"candidate_count":1,"candidate_details_omitted":true,"coverage":{"complete":true,"examined":null,"scope":"hard_scope","total_lower_bound":1},"elapsed_us":392,"lane_id":"path","schema_version":1,"status":"complete","truncation_reason":null,"weight":1.0},{"candidate_count":2,"candidate_details_omitted":true,"coverage":{"complete":true,"examined":null,"scope":"hard_scope","total_lower_bound":2},"elapsed_us":313,"lane_id":"lexical","schema_version":1,"status":"complete","truncation_reason":null,"weight":1.1},{"candidate_count":2,"candidate_details_omitted":true,"coverage":{"complete":true,"examined":2,"scope":"hard_scope","total_lower_bound":2},"elapsed_us":7268,"lane_id":"grep","schema_version":1,"status":"complete","truncation_reason":null,"weight":0.8},{"candidate_count":2,"candidate_details_omitted":true,"coverage":{"complete":true,"examined":null,"scope":"hard_scope","total_lower_bound":2},"elapsed_us":1430,"lane_id":"graph","schema_version":1,"status":"complete","truncation_reason":null,"weight":0.6}],"policy":{"deadline_ms":30000,"details_omitted":true,"effective":"local","graph_source_mapping":"uid_byte_decl_docs;not_whole_body:v2","intent":"locate","lane_timeout_ms":20000,"path_source_domain":"canonical_scoped_exact_else_bounded_tokens;not_whole_body:v3","requested":"auto","semantic_state":"not_configured","semantic_timeout_ms":5000,"semantic_top_k":24,"version":"query-policy-local-semantic-canonical-path-domain-v4"},"scope":{"budget":{"exact_symbol_candidates":24,"grep_candidates":12,"grep_enabled":true,"grep_scan_cap":20000,"lexical_candidates":24,"path_candidates":24,"rerank_window":40,"top_k":10,"units":"chunks; grep_scan_cap=decompressions; scope_receipt_v1; not_total_cost"},"details_omitted":true,"hard":{"empty":false,"explicit_file_count":null,"languages":null,"path_prefix":null,"path_prefix_truncated":false,"semantics":"conjunctive_case_sensitive_repo_paths; explicit_empty_denies"},"ordering":["exact_identity_first","rerank_score_desc","chunk_id_asc"],"policy":"canonical-scoped-exact-path-domain-compact-context-budget-v22","schema_version":1,"soft":{"contributions":"score_trace=additive; stage_a_already_included; raw_hint_paths_omitted","hint_entries":{"overlay":0,"pinned":0,"recent":0,"working":0},"preselected_count":1,"role":"ranking_and_scan_priority_only"}}},"search_hits":2,"selection":{"facets":{"implementation":2},"input_candidates":2,"intent":"locate","intent_facet_anchors":{},"limit_omitted":0,"original_ranks":[1,2],"overlap":{"fully_covered_candidates":0,"input_bytes":66,"redundant_bytes":0,"unique_bytes":66},"requested_limit":10,"selected":2,"selected_overlap":{"fully_covered_candidates":0,"input_bytes":66,"redundant_bytes":0,"unique_bytes":66},"source_covered_omissions":0,"source_support_anchors":[],"source_support_scope":"cue_window:v1","spec":"anchored-facets-distinctive-source-union-v2","unmet_facets":[]},"source_freshness":{"budget_exhausted":false,"checked_files":1,"dense_manifest_fence":{"checked":0,"skip_disposition":"stale_publication_skipped","skipped":0},"generation":{"evidence_epoch":1,"incarnation":[117,108,193,211,95,60,163,249,1,167,18,91,80,104,126,116],"index_epoch":5,"semantic_epoch":null},"hydrator":"current-document-scope-source-generation-v1","omitted_files":{},"partial":false,"read_budget_charged":66,"scope":"disk_generation:v1","validation_work":{"candidate_projection_sql":{"fullscan_steps":0,"rows":2,"sorts":0,"statements":1,"vm_steps":76},"coverage":"current final-assembly attempt SELECTs for manifest, symbol identity and candidate projection; excludes prior attempts, transaction control, originating retrieval, generation, dense fence, graph and disk work; not total cost","schema_version":1,"source_records_sql":{"fullscan_steps":0,"rows":10,"sorts":0,"statements":9,"vm_steps":292}},"verified_hits":2}},"intent":"locate","invalidations":[],"machine_pack":{"hits":[{"breadcrumb":"needle","chunk_id":"chunk:needle.py:0","end_line":2,"file_path":"needle.py","fused_score":0.08989441930618403,"graph_score":0.07931471805599452,"grep_score":0.5,"lane":null,"language":"python","lexical_score":1.0,"metadata":{"details_omitted":true,"document":{"doc_key":"29b2fa88c6d6c8741c47ad873ba80a25c628b882a28ea3cfaa7fcc69e6982938","doc_version":"9ba68969fd43b00f97a9fade36d3cd19b8f57a4b7c6dffacb8c050c2e9b29f62","encoding_key":"78fc8c83484a6639e37e832f30a8eb8310c8ad26eada3a4ec3d936c1f152fede","entity_key":"16a369932cc2a7589f395b34b3b8def8bbad6a04e00672428487964152c26486"},"qname":"needle","source_evidence":{"boundary":"symbol","owner":{"end":28,"start":0},"signature":{"end":18,"start":0},"slice_digest":"c748e325d98b5f174763b313c05ece587900d99690eedbce11f75639788c6b8b","source":{"byte_len":66,"content_digest":"bdb975ad92107a0524d6a7c217816cd1e50bb1d97a36ef892318fbe837bf8857","encoding":"utf8","snapshot_id":"735799399424072b1b6cc95488ff63f55c094da4b32573a4555bf731c014f141"},"span":{"end":28,"start":0}},"source_freshness":{"disk_checked":true,"hydrator":"current-document-scope-source-generation-v1","status":"current_verified"}},"reasons":["exact-target","exact_symbol@1","path@1","lexical@1","grep@2","symbol-exact","fts-summary","path-token:needle","symbol:needle","preselect:fts-summary:+1.40","preselect:token-search:+3.00"],"rerank_score":0.8196888975800265,"score_trace":[["rrf:exact_symbol",0.021568627450980395],["rrf:path",0.0196078431372549],["rrf:lexical",0.021568627450980395],["rrf:grep",0.015384615384615385],["rrf:graph",0.011764705882352941],["overlap",0.35],["boost:symbol-exact",0.18],["boost:stage-a",0.17600006285704412],["boost:graph-rerank",0.023794415416798356]],"source":"index","start_line":1,"symbol_kind":"function","symbol_name":"needle","text":"def needle():\n    return 731"},{"breadcrumb":"neighbor","chunk_id":"chunk:needle.py:1","end_line":5,"file_path":"needle.py","fused_score":0.048378582202111615,"graph_score":0.06931471805599453,"grep_score":1.0,"lane":null,"language":"python","lexical_score":0.5,"metadata":{"details_omitted":true,"document":{"doc_key":"3fd56c438273f4e97d76268fc1e74f7bccba6b16d9f0ef414ca67b0829003e65","doc_version":"09f385ca69393d6173161facbcb1551167f9785fcdd2ccc650f1c531bc0259ed","encoding_key":"02118b2a2349b99c9efe9684d529683cd659e52f1e28e19c864bc915175c7693","entity_key":"f8d3da2a91268bb9b93e59ca9b06d751804a9221f3d218b5a8798fab2dc8e40d"},"qname":"neighbor","source_evidence":{"boundary":"symbol","owner":{"end":65,"start":30},"signature":{"end":50,"start":30},"slice_digest":"dec7813dc4d5e300de152b45e0cb2a89c688f0a75f1501c57aa7eb68130081dd","source":{"byte_len":66,"content_digest":"bdb975ad92107a0524d6a7c217816cd1e50bb1d97a36ef892318fbe837bf8857","encoding":"utf8","snapshot_id":"735799399424072b1b6cc95488ff63f55c094da4b32573a4555bf731c014f141"},"span":{"end":66,"start":28}},"source_freshness":{"disk_checked":true,"hydrator":"current-document-scope-source-generation-v1","status":"current_verified"}},"reasons":["lexical@2","grep@1","fts-summary","path-token:needle","symbol:needle","preselect:fts-summary:+1.40","preselect:token-search:+3.00"],"rerank_score":0.5951730604759541,"score_trace":[["rrf:lexical",0.021153846153846155],["rrf:grep",0.01568627450980392],["rrf:graph",0.011538461538461537],["overlap",0.35],["boost:stage-a",0.17600006285704412],["boost:graph-rerank",0.020794415416798356]],"source":"index","start_line":2,"symbol_kind":"function","symbol_name":"neighbor","text":"\n\ndef neighbor():\n    return needle()\n"}],"kind":"code_index_context","query":"needle","repo_size_tier":"Tiny","token_budget":4000,"top_k":10},"nodes":[{"backing_file_path":"needle.py","backing_source":null,"confidence":0.8,"depends_on":[],"end_line":2,"file_path":"needle.py","freshness":null,"invalidation_keys":[],"metadata":{"representation":"machine_hit_reference"},"node_id":"search:chunk:needle.py:0","node_type":"SEARCH_HIT","rank_explanation":null,"reasons":[],"relation":null,"role":"primary","score":0.8196888975800265,"source":"index","source_end_line":2,"source_start_line":1,"span_kind":"reference","start_line":1,"text":"","title":"needle.py needle:1-2","token_estimate":0},{"backing_file_path":"needle.py","backing_source":null,"confidence":0.8,"depends_on":[],"end_line":5,"file_path":"needle.py","freshness":null,"invalidation_keys":[],"metadata":{"representation":"machine_hit_reference"},"node_id":"search:chunk:needle.py:1","node_type":"SEARCH_HIT","rank_explanation":null,"reasons":[],"relation":null,"role":"primary","score":0.5951730604759541,"source":"index","source_end_line":5,"source_start_line":2,"span_kind":"reference","start_line":2,"text":"","title":"needle.py neighbor:2-5","token_estimate":0},{"backing_file_path":null,"backing_source":null,"confidence":1.0,"depends_on":[],"end_line":null,"file_path":"needle.py","freshness":null,"invalidation_keys":[],"metadata":null,"node_id":"graph:caller:uid:ed8e61924345e59a924de3bf","node_type":"CALL_EDGE","rank_explanation":null,"reasons":[],"relation":null,"role":"neighbor","score":0.0,"source":"graph","source_end_line":null,"source_start_line":null,"span_kind":null,"start_line":5,"text":"caller: neighbor → needle (needle.py:5)","title":"Caller: neighbor","token_estimate":10},{"backing_file_path":null,"backing_source":null,"confidence":1.0,"depends_on":[],"end_line":null,"file_path":"needle.py","freshness":null,"invalidation_keys":[],"metadata":null,"node_id":"graph:callee:uid:3732066f97516c2c2f8efb6e","node_type":"CALL_EDGE","rank_explanation":null,"reasons":[],"relation":null,"role":"neighbor","score":0.0,"source":"graph","source_end_line":null,"source_start_line":null,"span_kind":null,"start_line":5,"text":"callee: neighbor → needle (needle.py:5)","title":"Callee: needle","token_estimate":10}],"query":"needle","reasons":["hybrid search over code index","graph-enriched"],"rendered_prompt":"Complete source is in machine_pack.hits; references have no source body.","resolution_freshness":{"basis_epoch":null,"complete":true,"completed_files":0,"index_epoch":5,"reason":null,"retry":null,"root_count":0,"scope":"observed_resolution_invalidations","status":"ready"},"revision":0,"spans":[{"end_line":2,"file_path":"needle.py","label":"needle","node_id":"search:chunk:needle.py:0","start_line":1},{"end_line":5,"file_path":"needle.py","label":"neighbor","node_id":"search:chunk:needle.py:1","start_line":2}],"summary":"Found 2 indexed code result(s) across 1 file(s) for `needle`.","task":"needle","token_budget":4000,"token_estimate":3136},"tool":"search"}
V18_JSON {"args":{"retrieval_strategy":"local","task":"needle"},"result":{"evidence_summary":{"files":["needle.py"],"graph_enrichment":{"callees_added":1,"callers_added":1,"symbols_resolved":2,"tests_found":0},"packing":{"compacted":true,"configured_max_bytes":18000,"continuation":"Use files region/expand on retained references; recheck source version.","limit_bytes":16000,"omitted_hits":0,"omitted_nodes":0,"original_hits":2,"original_nodes":4,"partial":false,"spec":"whole-json-intent-facets-source-support-before-incidental-v5","token_estimate_method":"ceil(serialized_utf8_bytes/4); not a tokenizer","used_bytes":12532},"retrieval":{"cost":{"coverage":"originating_work; full scope: retrieval-cost schema v1","fused_candidates":2,"hydrate_requested":2,"hydration":{"sql":{"fullscan_steps":0,"rows":10,"sorts":0,"statements":9,"vm_steps":386},"text":{"cache_hits":2,"legacy_auto_reads":0,"storage_reads":0,"utf8_bytes":66,"zstd_decodes":0}},"lane_candidates":{"exact_symbol":1,"graph":2,"grep":2,"lexical":2,"path":1},"lexical_sql":{"fullscan_steps":0,"rows":2,"sorts":1,"statements":1,"vm_steps":59},"schema_version":1},"grep":{"fallback_scanned":0,"prefilter_failed":false,"prefilter_scanned":0,"reason":null,"scan_cap":20000,"scanned":2,"skipped_duplicates":4,"soft_scanned":2,"stages":[{"stage":"soft","work":{"sql":{"fullscan_steps":0,"rows":2,"sorts":0,"statements":1,"vm_steps":29},"text":{"cache_hits":0,"legacy_auto_reads":0,"storage_reads":2,"utf8_bytes":66,"zstd_decodes":0}}},{"stage":"prefilter","work":{"sql":{"fullscan_steps":0,"rows":2,"sorts":1,"statements":1,"vm_steps":58},"text":{"cache_hits":0,"legacy_auto_reads":0,"storage_reads":0,"utf8_bytes":0,"zstd_decodes":0}}},{"stage":"fallback","work":{"sql":{"fullscan_steps":1,"rows":2,"sorts":0,"statements":1,"vm_steps":23},"text":{"cache_hits":0,"legacy_auto_reads":0,"storage_reads":0,"utf8_bytes":0,"zstd_decodes":0}}}],"status":"complete"},"lane_receipts":[{"candidate_count":1,"candidate_details_omitted":true,"coverage":{"complete":true,"examined":null,"scope":"hard_scope","total_lower_bound":1},"elapsed_us":2149,"lane_id":"exact_symbol","schema_version":1,"status":"complete","truncation_reason":null,"weight":1.1},{"candidate_count":1,"candidate_details_omitted":true,"coverage":{"complete":true,"examined":null,"scope":"hard_scope","total_lower_bound":1},"elapsed_us":1807,"lane_id":"path","schema_version":1,"status":"complete","truncation_reason":null,"weight":1.0},{"candidate_count":2,"candidate_details_omitted":true,"coverage":{"complete":true,"examined":null,"scope":"hard_scope","total_lower_bound":2},"elapsed_us":437,"lane_id":"lexical","schema_version":1,"status":"complete","truncation_reason":null,"weight":1.1},{"candidate_count":2,"candidate_details_omitted":true,"coverage":{"complete":true,"examined":2,"scope":"hard_scope","total_lower_bound":2},"elapsed_us":5166,"lane_id":"grep","schema_version":1,"status":"complete","truncation_reason":null,"weight":0.8},{"candidate_count":2,"candidate_details_omitted":true,"coverage":{"complete":true,"examined":null,"scope":"hard_scope","total_lower_bound":2},"elapsed_us":3091,"lane_id":"graph","schema_version":1,"status":"complete","truncation_reason":null,"weight":0.6}],"policy":{"deadline_ms":30000,"details_omitted":true,"effective":"local","graph_source_mapping":"uid_byte_decl_docs;not_whole_body:v2","intent":"locate","lane_timeout_ms":20000,"path_source_domain":"canonical_scoped_exact_else_bounded_tokens;not_whole_body:v3","requested":"local","semantic_state":"disabled","semantic_timeout_ms":5000,"semantic_top_k":24,"version":"query-policy-local-semantic-canonical-path-domain-v4"},"scope":{"budget":{"exact_symbol_candidates":24,"grep_candidates":12,"grep_enabled":true,"grep_scan_cap":20000,"lexical_candidates":24,"path_candidates":24,"rerank_window":40,"top_k":10,"units":"chunks; grep_scan_cap=decompressions; scope_receipt_v1; not_total_cost"},"details_omitted":true,"hard":{"empty":false,"explicit_file_count":null,"languages":null,"path_prefix":null,"path_prefix_truncated":false,"semantics":"conjunctive_case_sensitive_repo_paths; explicit_empty_denies"},"ordering":["exact_identity_first","rerank_score_desc","chunk_id_asc"],"policy":"canonical-scoped-exact-path-domain-compact-context-budget-v22","schema_version":1,"soft":{"contributions":"score_trace=additive; stage_a_already_included; raw_hint_paths_omitted","hint_entries":{"overlay":0,"pinned":0,"recent":0,"working":0},"preselected_count":1,"role":"ranking_and_scan_priority_only"}}},"search_hits":2,"selection":{"facets":{"implementation":2},"input_candidates":2,"intent":"locate","intent_facet_anchors":{},"limit_omitted":0,"original_ranks":[1,2],"overlap":{"fully_covered_candidates":0,"input_bytes":66,"redundant_bytes":0,"unique_bytes":66},"requested_limit":10,"selected":2,"selected_overlap":{"fully_covered_candidates":0,"input_bytes":66,"redundant_bytes":0,"unique_bytes":66},"source_covered_omissions":0,"source_support_anchors":[],"source_support_scope":"cue_window:v1","spec":"anchored-facets-distinctive-source-union-v2","unmet_facets":[]},"source_freshness":{"budget_exhausted":false,"checked_files":1,"dense_manifest_fence":{"checked":0,"skip_disposition":"stale_publication_skipped","skipped":0},"generation":{"evidence_epoch":1,"incarnation":[56,71,219,93,56,188,73,151,21,10,35,37,164,137,90,206],"index_epoch":5,"semantic_epoch":3},"hydrator":"current-document-scope-source-generation-v1","omitted_files":{},"partial":false,"read_budget_charged":66,"scope":"disk_generation:v1","validation_work":{"candidate_projection_sql":{"fullscan_steps":0,"rows":2,"sorts":0,"statements":1,"vm_steps":76},"coverage":"current final-assembly attempt SELECTs for manifest, symbol identity and candidate projection; excludes prior attempts, transaction control, originating retrieval, generation, dense fence, graph and disk work; not total cost","schema_version":1,"source_records_sql":{"fullscan_steps":0,"rows":10,"sorts":0,"statements":9,"vm_steps":292}},"verified_hits":2}},"intent":"locate","invalidations":[],"machine_pack":{"hits":[{"breadcrumb":"needle","chunk_id":"chunk:needle.py:0","end_line":2,"file_path":"needle.py","fused_score":0.08989441930618403,"graph_score":0.07931471805599452,"grep_score":0.5,"lane":null,"language":"python","lexical_score":1.0,"metadata":{"details_omitted":true,"document":{"doc_key":"29b2fa88c6d6c8741c47ad873ba80a25c628b882a28ea3cfaa7fcc69e6982938","doc_version":"9ba68969fd43b00f97a9fade36d3cd19b8f57a4b7c6dffacb8c050c2e9b29f62","encoding_key":"78fc8c83484a6639e37e832f30a8eb8310c8ad26eada3a4ec3d936c1f152fede","entity_key":"16a369932cc2a7589f395b34b3b8def8bbad6a04e00672428487964152c26486"},"qname":"needle","source_evidence":{"boundary":"symbol","owner":{"end":28,"start":0},"signature":{"end":18,"start":0},"slice_digest":"c748e325d98b5f174763b313c05ece587900d99690eedbce11f75639788c6b8b","source":{"byte_len":66,"content_digest":"bdb975ad92107a0524d6a7c217816cd1e50bb1d97a36ef892318fbe837bf8857","encoding":"utf8","snapshot_id":"735799399424072b1b6cc95488ff63f55c094da4b32573a4555bf731c014f141"},"span":{"end":28,"start":0}},"source_freshness":{"disk_checked":true,"hydrator":"current-document-scope-source-generation-v1","status":"current_verified"}},"reasons":["exact-target","exact_symbol@1","path@1","lexical@1","grep@2","symbol-exact","fts-summary","path-token:needle","symbol:needle","preselect:fts-summary:+1.40","preselect:token-search:+3.00"],"rerank_score":0.8196888975800265,"score_trace":[["rrf:exact_symbol",0.021568627450980395],["rrf:path",0.0196078431372549],["rrf:lexical",0.021568627450980395],["rrf:grep",0.015384615384615385],["rrf:graph",0.011764705882352941],["overlap",0.35],["boost:symbol-exact",0.18],["boost:stage-a",0.17600006285704412],["boost:graph-rerank",0.023794415416798356]],"source":"index","start_line":1,"symbol_kind":"function","symbol_name":"needle","text":"def needle():\n    return 731"},{"breadcrumb":"neighbor","chunk_id":"chunk:needle.py:1","end_line":5,"file_path":"needle.py","fused_score":0.048378582202111615,"graph_score":0.06931471805599453,"grep_score":1.0,"lane":null,"language":"python","lexical_score":0.5,"metadata":{"details_omitted":true,"document":{"doc_key":"3fd56c438273f4e97d76268fc1e74f7bccba6b16d9f0ef414ca67b0829003e65","doc_version":"09f385ca69393d6173161facbcb1551167f9785fcdd2ccc650f1c531bc0259ed","encoding_key":"02118b2a2349b99c9efe9684d529683cd659e52f1e28e19c864bc915175c7693","entity_key":"f8d3da2a91268bb9b93e59ca9b06d751804a9221f3d218b5a8798fab2dc8e40d"},"qname":"neighbor","source_evidence":{"boundary":"symbol","owner":{"end":65,"start":30},"signature":{"end":50,"start":30},"slice_digest":"dec7813dc4d5e300de152b45e0cb2a89c688f0a75f1501c57aa7eb68130081dd","source":{"byte_len":66,"content_digest":"bdb975ad92107a0524d6a7c217816cd1e50bb1d97a36ef892318fbe837bf8857","encoding":"utf8","snapshot_id":"735799399424072b1b6cc95488ff63f55c094da4b32573a4555bf731c014f141"},"span":{"end":66,"start":28}},"source_freshness":{"disk_checked":true,"hydrator":"current-document-scope-source-generation-v1","status":"current_verified"}},"reasons":["lexical@2","grep@1","fts-summary","path-token:needle","symbol:needle","preselect:fts-summary:+1.40","preselect:token-search:+3.00"],"rerank_score":0.5951730604759541,"score_trace":[["rrf:lexical",0.021153846153846155],["rrf:grep",0.01568627450980392],["rrf:graph",0.011538461538461537],["overlap",0.35],["boost:stage-a",0.17600006285704412],["boost:graph-rerank",0.020794415416798356]],"source":"index","start_line":2,"symbol_kind":"function","symbol_name":"neighbor","text":"\n\ndef neighbor():\n    return needle()\n"}],"kind":"code_index_context","query":"needle","repo_size_tier":"Tiny","token_budget":4000,"top_k":10},"nodes":[{"backing_file_path":"needle.py","backing_source":null,"confidence":0.8,"depends_on":[],"end_line":2,"file_path":"needle.py","freshness":null,"invalidation_keys":[],"metadata":{"representation":"machine_hit_reference"},"node_id":"search:chunk:needle.py:0","node_type":"SEARCH_HIT","rank_explanation":null,"reasons":[],"relation":null,"role":"primary","score":0.8196888975800265,"source":"index","source_end_line":2,"source_start_line":1,"span_kind":"reference","start_line":1,"text":"","title":"needle.py needle:1-2","token_estimate":0},{"backing_file_path":"needle.py","backing_source":null,"confidence":0.8,"depends_on":[],"end_line":5,"file_path":"needle.py","freshness":null,"invalidation_keys":[],"metadata":{"representation":"machine_hit_reference"},"node_id":"search:chunk:needle.py:1","node_type":"SEARCH_HIT","rank_explanation":null,"reasons":[],"relation":null,"role":"primary","score":0.5951730604759541,"source":"index","source_end_line":5,"source_start_line":2,"span_kind":"reference","start_line":2,"text":"","title":"needle.py neighbor:2-5","token_estimate":0},{"backing_file_path":null,"backing_source":null,"confidence":1.0,"depends_on":[],"end_line":null,"file_path":"needle.py","freshness":null,"invalidation_keys":[],"metadata":null,"node_id":"graph:caller:uid:ed8e61924345e59a924de3bf","node_type":"CALL_EDGE","rank_explanation":null,"reasons":[],"relation":null,"role":"neighbor","score":0.0,"source":"graph","source_end_line":null,"source_start_line":null,"span_kind":null,"start_line":5,"text":"caller: neighbor → needle (needle.py:5)","title":"Caller: neighbor","token_estimate":10},{"backing_file_path":null,"backing_source":null,"confidence":1.0,"depends_on":[],"end_line":null,"file_path":"needle.py","freshness":null,"invalidation_keys":[],"metadata":null,"node_id":"graph:callee:uid:3732066f97516c2c2f8efb6e","node_type":"CALL_EDGE","rank_explanation":null,"reasons":[],"relation":null,"role":"neighbor","score":0.0,"source":"graph","source_end_line":null,"source_start_line":null,"span_kind":null,"start_line":5,"text":"callee: neighbor → needle (needle.py:5)","title":"Callee: needle","token_estimate":10}],"query":"needle","reasons":["hybrid search over code index","graph-enriched"],"rendered_prompt":"Complete source is in machine_pack.hits; references have no source body.","resolution_freshness":{"basis_epoch":null,"complete":true,"completed_files":0,"index_epoch":5,"reason":null,"retry":null,"root_count":0,"scope":"observed_resolution_invalidations","status":"ready"},"revision":0,"spans":[{"end_line":2,"file_path":"needle.py","label":"needle","node_id":"search:chunk:needle.py:0","start_line":1},{"end_line":5,"file_path":"needle.py","label":"neighbor","node_id":"search:chunk:needle.py:1","start_line":2}],"summary":"Found 2 indexed code result(s) across 1 file(s) for `needle`.","task":"needle","token_budget":4000,"token_estimate":3133},"tool":"context"}
V18_JSON {"args":{"query":"needle","retrieval_strategy":null},"result":{"evidence_summary":{"files":["needle.py"],"graph_enrichment":{"callees_added":1,"callers_added":1,"symbols_resolved":2,"tests_found":0},"packing":{"compacted":true,"configured_max_bytes":18000,"continuation":"Use files region/expand on retained references; recheck source version.","limit_bytes":16000,"omitted_hits":0,"omitted_nodes":0,"original_hits":2,"original_nodes":4,"partial":false,"spec":"whole-json-intent-facets-source-support-before-incidental-v5","token_estimate_method":"ceil(serialized_utf8_bytes/4); not a tokenizer","used_bytes":12541},"retrieval":{"cost":{"coverage":"originating_work; full scope: retrieval-cost schema v1","fused_candidates":2,"hydrate_requested":2,"hydration":{"sql":{"fullscan_steps":0,"rows":10,"sorts":0,"statements":9,"vm_steps":386},"text":{"cache_hits":2,"legacy_auto_reads":0,"storage_reads":0,"utf8_bytes":66,"zstd_decodes":0}},"lane_candidates":{"exact_symbol":1,"graph":2,"grep":2,"lexical":2,"path":1},"lexical_sql":{"fullscan_steps":0,"rows":2,"sorts":1,"statements":1,"vm_steps":59},"schema_version":1},"grep":{"fallback_scanned":0,"prefilter_failed":false,"prefilter_scanned":0,"reason":null,"scan_cap":20000,"scanned":2,"skipped_duplicates":4,"soft_scanned":2,"stages":[{"stage":"soft","work":{"sql":{"fullscan_steps":0,"rows":2,"sorts":0,"statements":1,"vm_steps":29},"text":{"cache_hits":0,"legacy_auto_reads":0,"storage_reads":2,"utf8_bytes":66,"zstd_decodes":0}}},{"stage":"prefilter","work":{"sql":{"fullscan_steps":0,"rows":2,"sorts":1,"statements":1,"vm_steps":58},"text":{"cache_hits":0,"legacy_auto_reads":0,"storage_reads":0,"utf8_bytes":0,"zstd_decodes":0}}},{"stage":"fallback","work":{"sql":{"fullscan_steps":1,"rows":2,"sorts":0,"statements":1,"vm_steps":23},"text":{"cache_hits":0,"legacy_auto_reads":0,"storage_reads":0,"utf8_bytes":0,"zstd_decodes":0}}}],"status":"complete"},"lane_receipts":[{"candidate_count":1,"candidate_details_omitted":true,"coverage":{"complete":true,"examined":null,"scope":"hard_scope","total_lower_bound":1},"elapsed_us":327,"lane_id":"exact_symbol","schema_version":1,"status":"complete","truncation_reason":null,"weight":1.1},{"candidate_count":1,"candidate_details_omitted":true,"coverage":{"complete":true,"examined":null,"scope":"hard_scope","total_lower_bound":1},"elapsed_us":392,"lane_id":"path","schema_version":1,"status":"complete","truncation_reason":null,"weight":1.0},{"candidate_count":2,"candidate_details_omitted":true,"coverage":{"complete":true,"examined":null,"scope":"hard_scope","total_lower_bound":2},"elapsed_us":313,"lane_id":"lexical","schema_version":1,"status":"complete","truncation_reason":null,"weight":1.1},{"candidate_count":2,"candidate_details_omitted":true,"coverage":{"complete":true,"examined":2,"scope":"hard_scope","total_lower_bound":2},"elapsed_us":7268,"lane_id":"grep","schema_version":1,"status":"complete","truncation_reason":null,"weight":0.8},{"candidate_count":2,"candidate_details_omitted":true,"coverage":{"complete":true,"examined":null,"scope":"hard_scope","total_lower_bound":2},"elapsed_us":1430,"lane_id":"graph","schema_version":1,"status":"complete","truncation_reason":null,"weight":0.6}],"policy":{"deadline_ms":30000,"details_omitted":true,"effective":"local","graph_source_mapping":"uid_byte_decl_docs;not_whole_body:v2","intent":"locate","lane_timeout_ms":20000,"path_source_domain":"canonical_scoped_exact_else_bounded_tokens;not_whole_body:v3","requested":"auto","semantic_state":"not_configured","semantic_timeout_ms":5000,"semantic_top_k":24,"version":"query-policy-local-semantic-canonical-path-domain-v4"},"scope":{"budget":{"exact_symbol_candidates":24,"grep_candidates":12,"grep_enabled":true,"grep_scan_cap":20000,"lexical_candidates":24,"path_candidates":24,"rerank_window":40,"top_k":10,"units":"chunks; grep_scan_cap=decompressions; scope_receipt_v1; not_total_cost"},"details_omitted":true,"hard":{"empty":false,"explicit_file_count":null,"languages":null,"path_prefix":null,"path_prefix_truncated":false,"semantics":"conjunctive_case_sensitive_repo_paths; explicit_empty_denies"},"ordering":["exact_identity_first","rerank_score_desc","chunk_id_asc"],"policy":"canonical-scoped-exact-path-domain-compact-context-budget-v22","schema_version":1,"soft":{"contributions":"score_trace=additive; stage_a_already_included; raw_hint_paths_omitted","hint_entries":{"overlay":0,"pinned":0,"recent":0,"working":0},"preselected_count":1,"role":"ranking_and_scan_priority_only"}}},"search_hits":2,"selection":{"facets":{"implementation":2},"input_candidates":2,"intent":"locate","intent_facet_anchors":{},"limit_omitted":0,"original_ranks":[1,2],"overlap":{"fully_covered_candidates":0,"input_bytes":66,"redundant_bytes":0,"unique_bytes":66},"requested_limit":10,"selected":2,"selected_overlap":{"fully_covered_candidates":0,"input_bytes":66,"redundant_bytes":0,"unique_bytes":66},"source_covered_omissions":0,"source_support_anchors":[],"source_support_scope":"cue_window:v1","spec":"anchored-facets-distinctive-source-union-v2","unmet_facets":[]},"source_freshness":{"budget_exhausted":false,"checked_files":1,"dense_manifest_fence":{"checked":0,"skip_disposition":"stale_publication_skipped","skipped":0},"generation":{"evidence_epoch":1,"incarnation":[117,108,193,211,95,60,163,249,1,167,18,91,80,104,126,116],"index_epoch":5,"semantic_epoch":null},"hydrator":"current-document-scope-source-generation-v1","omitted_files":{},"partial":false,"read_budget_charged":66,"scope":"disk_generation:v1","validation_work":{"candidate_projection_sql":{"fullscan_steps":0,"rows":2,"sorts":0,"statements":1,"vm_steps":76},"coverage":"current final-assembly attempt SELECTs for manifest, symbol identity and candidate projection; excludes prior attempts, transaction control, originating retrieval, generation, dense fence, graph and disk work; not total cost","schema_version":1,"source_records_sql":{"fullscan_steps":0,"rows":10,"sorts":0,"statements":9,"vm_steps":292}},"verified_hits":2}},"intent":"locate","invalidations":[],"machine_pack":{"hits":[{"breadcrumb":"needle","chunk_id":"chunk:needle.py:0","end_line":2,"file_path":"needle.py","fused_score":0.08989441930618403,"graph_score":0.07931471805599452,"grep_score":0.5,"lane":null,"language":"python","lexical_score":1.0,"metadata":{"details_omitted":true,"document":{"doc_key":"29b2fa88c6d6c8741c47ad873ba80a25c628b882a28ea3cfaa7fcc69e6982938","doc_version":"9ba68969fd43b00f97a9fade36d3cd19b8f57a4b7c6dffacb8c050c2e9b29f62","encoding_key":"78fc8c83484a6639e37e832f30a8eb8310c8ad26eada3a4ec3d936c1f152fede","entity_key":"16a369932cc2a7589f395b34b3b8def8bbad6a04e00672428487964152c26486"},"qname":"needle","source_evidence":{"boundary":"symbol","owner":{"end":28,"start":0},"signature":{"end":18,"start":0},"slice_digest":"c748e325d98b5f174763b313c05ece587900d99690eedbce11f75639788c6b8b","source":{"byte_len":66,"content_digest":"bdb975ad92107a0524d6a7c217816cd1e50bb1d97a36ef892318fbe837bf8857","encoding":"utf8","snapshot_id":"735799399424072b1b6cc95488ff63f55c094da4b32573a4555bf731c014f141"},"span":{"end":28,"start":0}},"source_freshness":{"disk_checked":true,"hydrator":"current-document-scope-source-generation-v1","status":"current_verified"}},"reasons":["exact-target","exact_symbol@1","path@1","lexical@1","grep@2","symbol-exact","fts-summary","path-token:needle","symbol:needle","preselect:fts-summary:+1.40","preselect:token-search:+3.00"],"rerank_score":0.8196888975800265,"score_trace":[["rrf:exact_symbol",0.021568627450980395],["rrf:path",0.0196078431372549],["rrf:lexical",0.021568627450980395],["rrf:grep",0.015384615384615385],["rrf:graph",0.011764705882352941],["overlap",0.35],["boost:symbol-exact",0.18],["boost:stage-a",0.17600006285704412],["boost:graph-rerank",0.023794415416798356]],"source":"index","start_line":1,"symbol_kind":"function","symbol_name":"needle","text":"def needle():\n    return 731"},{"breadcrumb":"neighbor","chunk_id":"chunk:needle.py:1","end_line":5,"file_path":"needle.py","fused_score":0.048378582202111615,"graph_score":0.06931471805599453,"grep_score":1.0,"lane":null,"language":"python","lexical_score":0.5,"metadata":{"details_omitted":true,"document":{"doc_key":"3fd56c438273f4e97d76268fc1e74f7bccba6b16d9f0ef414ca67b0829003e65","doc_version":"09f385ca69393d6173161facbcb1551167f9785fcdd2ccc650f1c531bc0259ed","encoding_key":"02118b2a2349b99c9efe9684d529683cd659e52f1e28e19c864bc915175c7693","entity_key":"f8d3da2a91268bb9b93e59ca9b06d751804a9221f3d218b5a8798fab2dc8e40d"},"qname":"neighbor","source_evidence":{"boundary":"symbol","owner":{"end":65,"start":30},"signature":{"end":50,"start":30},"slice_digest":"dec7813dc4d5e300de152b45e0cb2a89c688f0a75f1501c57aa7eb68130081dd","source":{"byte_len":66,"content_digest":"bdb975ad92107a0524d6a7c217816cd1e50bb1d97a36ef892318fbe837bf8857","encoding":"utf8","snapshot_id":"735799399424072b1b6cc95488ff63f55c094da4b32573a4555bf731c014f141"},"span":{"end":66,"start":28}},"source_freshness":{"disk_checked":true,"hydrator":"current-document-scope-source-generation-v1","status":"current_verified"}},"reasons":["lexical@2","grep@1","fts-summary","path-token:needle","symbol:needle","preselect:fts-summary:+1.40","preselect:token-search:+3.00"],"rerank_score":0.5951730604759541,"score_trace":[["rrf:lexical",0.021153846153846155],["rrf:grep",0.01568627450980392],["rrf:graph",0.011538461538461537],["overlap",0.35],["boost:stage-a",0.17600006285704412],["boost:graph-rerank",0.020794415416798356]],"source":"index","start_line":2,"symbol_kind":"function","symbol_name":"neighbor","text":"\n\ndef neighbor():\n    return needle()\n"}],"kind":"code_index_context","query":"needle","repo_size_tier":"Tiny","token_budget":4000,"top_k":10},"nodes":[{"backing_file_path":"needle.py","backing_source":null,"confidence":0.8,"depends_on":[],"end_line":2,"file_path":"needle.py","freshness":null,"invalidation_keys":[],"metadata":{"representation":"machine_hit_reference"},"node_id":"search:chunk:needle.py:0","node_type":"SEARCH_HIT","rank_explanation":null,"reasons":[],"relation":null,"role":"primary","score":0.8196888975800265,"source":"index","source_end_line":2,"source_start_line":1,"span_kind":"reference","start_line":1,"text":"","title":"needle.py needle:1-2","token_estimate":0},{"backing_file_path":"needle.py","backing_source":null,"confidence":0.8,"depends_on":[],"end_line":5,"file_path":"needle.py","freshness":null,"invalidation_keys":[],"metadata":{"representation":"machine_hit_reference"},"node_id":"search:chunk:needle.py:1","node_type":"SEARCH_HIT","rank_explanation":null,"reasons":[],"relation":null,"role":"primary","score":0.5951730604759541,"source":"index","source_end_line":5,"source_start_line":2,"span_kind":"reference","start_line":2,"text":"","title":"needle.py neighbor:2-5","token_estimate":0},{"backing_file_path":null,"backing_source":null,"confidence":1.0,"depends_on":[],"end_line":null,"file_path":"needle.py","freshness":null,"invalidation_keys":[],"metadata":null,"node_id":"graph:caller:uid:ed8e61924345e59a924de3bf","node_type":"CALL_EDGE","rank_explanation":null,"reasons":[],"relation":null,"role":"neighbor","score":0.0,"source":"graph","source_end_line":null,"source_start_line":null,"span_kind":null,"start_line":5,"text":"caller: neighbor → needle (needle.py:5)","title":"Caller: neighbor","token_estimate":10},{"backing_file_path":null,"backing_source":null,"confidence":1.0,"depends_on":[],"end_line":null,"file_path":"needle.py","freshness":null,"invalidation_keys":[],"metadata":null,"node_id":"graph:callee:uid:3732066f97516c2c2f8efb6e","node_type":"CALL_EDGE","rank_explanation":null,"reasons":[],"relation":null,"role":"neighbor","score":0.0,"source":"graph","source_end_line":null,"source_start_line":null,"span_kind":null,"start_line":5,"text":"callee: neighbor → needle (needle.py:5)","title":"Callee: needle","token_estimate":10}],"query":"needle","reasons":["hybrid search over code index","graph-enriched"],"rendered_prompt":"Complete source is in machine_pack.hits; references have no source body.","resolution_freshness":{"basis_epoch":null,"complete":true,"completed_files":0,"index_epoch":5,"reason":null,"retry":null,"root_count":0,"scope":"observed_resolution_invalidations","status":"ready"},"revision":0,"spans":[{"end_line":2,"file_path":"needle.py","label":"needle","node_id":"search:chunk:needle.py:0","start_line":1},{"end_line":5,"file_path":"needle.py","label":"neighbor","node_id":"search:chunk:needle.py:1","start_line":2}],"summary":"Found 2 indexed code result(s) across 1 file(s) for `needle`.","task":"needle","token_budget":4000,"token_estimate":3136},"tool":"search"}
V18_JSON {"args":{"task":"needle"},"result":{"evidence_summary":{"files":["needle.py"],"graph_enrichment":{"callees_added":1,"callers_added":1,"symbols_resolved":2,"tests_found":0},"packing":{"compacted":true,"configured_max_bytes":18000,"continuation":"Use files region/expand on retained references; recheck source version.","limit_bytes":16000,"omitted_hits":0,"omitted_nodes":0,"original_hits":2,"original_nodes":4,"partial":false,"spec":"whole-json-intent-facets-source-support-before-incidental-v5","token_estimate_method":"ceil(serialized_utf8_bytes/4); not a tokenizer","used_bytes":12843},"retrieval":{"cost":{"coverage":"originating_work; full scope: retrieval-cost schema v1","fused_candidates":2,"hydrate_requested":2,"hydration":{"sql":{"fullscan_steps":0,"rows":10,"sorts":0,"statements":9,"vm_steps":386},"text":{"cache_hits":2,"legacy_auto_reads":0,"storage_reads":0,"utf8_bytes":66,"zstd_decodes":0}},"lane_candidates":{"exact_symbol":1,"graph":2,"grep":2,"lexical":2,"path":1,"semantic":0},"lexical_sql":{"fullscan_steps":0,"rows":2,"sorts":1,"statements":1,"vm_steps":59},"schema_version":1},"grep":{"fallback_scanned":0,"prefilter_failed":false,"prefilter_scanned":0,"reason":null,"scan_cap":20000,"scanned":2,"skipped_duplicates":4,"soft_scanned":2,"stages":[{"stage":"soft","work":{"sql":{"fullscan_steps":0,"rows":2,"sorts":0,"statements":1,"vm_steps":29},"text":{"cache_hits":0,"legacy_auto_reads":0,"storage_reads":2,"utf8_bytes":66,"zstd_decodes":0}}},{"stage":"prefilter","work":{"sql":{"fullscan_steps":0,"rows":2,"sorts":1,"statements":1,"vm_steps":58},"text":{"cache_hits":0,"legacy_auto_reads":0,"storage_reads":0,"utf8_bytes":0,"zstd_decodes":0}}},{"stage":"fallback","work":{"sql":{"fullscan_steps":1,"rows":2,"sorts":0,"statements":1,"vm_steps":23},"text":{"cache_hits":0,"legacy_auto_reads":0,"storage_reads":0,"utf8_bytes":0,"zstd_decodes":0}}}],"status":"complete"},"lane_receipts":[{"candidate_count":1,"candidate_details_omitted":true,"coverage":{"complete":true,"examined":null,"scope":"hard_scope","total_lower_bound":1},"elapsed_us":1986,"lane_id":"exact_symbol","schema_version":1,"status":"complete","truncation_reason":null,"weight":1.1},{"candidate_count":1,"candidate_details_omitted":true,"coverage":{"complete":true,"examined":null,"scope":"hard_scope","total_lower_bound":1},"elapsed_us":257,"lane_id":"path","schema_version":1,"status":"complete","truncation_reason":null,"weight":1.0},{"candidate_count":2,"candidate_details_omitted":true,"coverage":{"complete":true,"examined":null,"scope":"hard_scope","total_lower_bound":2},"elapsed_us":223,"lane_id":"lexical","schema_version":1,"status":"complete","truncation_reason":null,"weight":1.1},{"candidate_count":2,"candidate_details_omitted":true,"coverage":{"complete":true,"examined":2,"scope":"hard_scope","total_lower_bound":2},"elapsed_us":3877,"lane_id":"grep","schema_version":1,"status":"complete","truncation_reason":null,"weight":0.8},{"candidate_count":2,"candidate_details_omitted":true,"coverage":{"complete":true,"examined":null,"scope":"hard_scope","total_lower_bound":2},"elapsed_us":1251,"lane_id":"graph","schema_version":1,"status":"complete","truncation_reason":null,"weight":0.6},{"candidate_count":0,"candidate_details_omitted":true,"coverage":{"complete":false,"examined":null,"scope":"hard_scope","total_lower_bound":0},"elapsed_us":150,"lane_id":"semantic","schema_version":1,"status":"unavailable","truncation_reason":"query_vector_not_encoded","weight":1.0}],"policy":{"deadline_ms":30000,"details_omitted":true,"effective":"semantic","graph_source_mapping":"uid_byte_decl_docs;not_whole_body:v2","intent":"locate","lane_timeout_ms":20000,"path_source_domain":"canonical_scoped_exact_else_bounded_tokens;not_whole_body:v3","requested":"semantic","semantic_state":"configured","semantic_timeout_ms":5000,"semantic_top_k":24,"version":"query-policy-local-semantic-canonical-path-domain-v4"},"scope":{"budget":{"exact_symbol_candidates":24,"grep_candidates":12,"grep_enabled":true,"grep_scan_cap":20000,"lexical_candidates":24,"path_candidates":24,"rerank_window":40,"top_k":10,"units":"chunks; grep_scan_cap=decompressions; scope_receipt_v1; not_total_cost"},"details_omitted":true,"hard":{"empty":false,"explicit_file_count":null,"languages":null,"path_prefix":null,"path_prefix_truncated":false,"semantics":"conjunctive_case_sensitive_repo_paths; explicit_empty_denies"},"ordering":["exact_identity_first","rerank_score_desc","chunk_id_asc"],"policy":"canonical-scoped-exact-path-domain-compact-context-budget-v22","schema_version":1,"soft":{"contributions":"score_trace=additive; stage_a_already_included; raw_hint_paths_omitted","hint_entries":{"overlay":0,"pinned":0,"recent":0,"working":0},"preselected_count":1,"role":"ranking_and_scan_priority_only"}}},"search_hits":2,"selection":{"facets":{"implementation":2},"input_candidates":2,"intent":"locate","intent_facet_anchors":{},"limit_omitted":0,"original_ranks":[1,2],"overlap":{"fully_covered_candidates":0,"input_bytes":66,"redundant_bytes":0,"unique_bytes":66},"requested_limit":10,"selected":2,"selected_overlap":{"fully_covered_candidates":0,"input_bytes":66,"redundant_bytes":0,"unique_bytes":66},"source_covered_omissions":0,"source_support_anchors":[],"source_support_scope":"cue_window:v1","spec":"anchored-facets-distinctive-source-union-v2","unmet_facets":[]},"source_freshness":{"budget_exhausted":false,"checked_files":1,"dense_manifest_fence":{"checked":0,"skip_disposition":"stale_publication_skipped","skipped":0},"generation":{"evidence_epoch":1,"incarnation":[90,44,160,158,32,83,228,166,125,252,45,198,179,10,244,239],"index_epoch":5,"semantic_epoch":null},"hydrator":"current-document-scope-source-generation-v1","omitted_files":{},"partial":false,"read_budget_charged":66,"scope":"disk_generation:v1","validation_work":{"candidate_projection_sql":{"fullscan_steps":0,"rows":2,"sorts":0,"statements":1,"vm_steps":76},"coverage":"current final-assembly attempt SELECTs for manifest, symbol identity and candidate projection; excludes prior attempts, transaction control, originating retrieval, generation, dense fence, graph and disk work; not total cost","schema_version":1,"source_records_sql":{"fullscan_steps":0,"rows":10,"sorts":0,"statements":9,"vm_steps":292}},"verified_hits":2}},"intent":"locate","invalidations":[],"machine_pack":{"hits":[{"breadcrumb":"needle","chunk_id":"chunk:needle.py:0","end_line":2,"file_path":"needle.py","fused_score":0.08989441930618403,"graph_score":0.07931471805599452,"grep_score":0.5,"lane":null,"language":"python","lexical_score":1.0,"metadata":{"details_omitted":true,"document":{"doc_key":"29b2fa88c6d6c8741c47ad873ba80a25c628b882a28ea3cfaa7fcc69e6982938","doc_version":"9ba68969fd43b00f97a9fade36d3cd19b8f57a4b7c6dffacb8c050c2e9b29f62","encoding_key":"78fc8c83484a6639e37e832f30a8eb8310c8ad26eada3a4ec3d936c1f152fede","entity_key":"16a369932cc2a7589f395b34b3b8def8bbad6a04e00672428487964152c26486"},"qname":"needle","source_evidence":{"boundary":"symbol","owner":{"end":28,"start":0},"signature":{"end":18,"start":0},"slice_digest":"c748e325d98b5f174763b313c05ece587900d99690eedbce11f75639788c6b8b","source":{"byte_len":66,"content_digest":"bdb975ad92107a0524d6a7c217816cd1e50bb1d97a36ef892318fbe837bf8857","encoding":"utf8","snapshot_id":"735799399424072b1b6cc95488ff63f55c094da4b32573a4555bf731c014f141"},"span":{"end":28,"start":0}},"source_freshness":{"disk_checked":true,"hydrator":"current-document-scope-source-generation-v1","status":"current_verified"}},"reasons":["exact-target","exact_symbol@1","path@1","lexical@1","grep@2","symbol-exact","fts-summary","path-token:needle","symbol:needle","preselect:fts-summary:+1.40","preselect:token-search:+3.00"],"rerank_score":0.8196888975800265,"score_trace":[["rrf:exact_symbol",0.021568627450980395],["rrf:path",0.0196078431372549],["rrf:lexical",0.021568627450980395],["rrf:grep",0.015384615384615385],["rrf:graph",0.011764705882352941],["overlap",0.35],["boost:symbol-exact",0.18],["boost:stage-a",0.17600006285704412],["boost:graph-rerank",0.023794415416798356]],"source":"index","start_line":1,"symbol_kind":"function","symbol_name":"needle","text":"def needle():\n    return 731"},{"breadcrumb":"neighbor","chunk_id":"chunk:needle.py:1","end_line":5,"file_path":"needle.py","fused_score":0.048378582202111615,"graph_score":0.06931471805599453,"grep_score":1.0,"lane":null,"language":"python","lexical_score":0.5,"metadata":{"details_omitted":true,"document":{"doc_key":"3fd56c438273f4e97d76268fc1e74f7bccba6b16d9f0ef414ca67b0829003e65","doc_version":"09f385ca69393d6173161facbcb1551167f9785fcdd2ccc650f1c531bc0259ed","encoding_key":"02118b2a2349b99c9efe9684d529683cd659e52f1e28e19c864bc915175c7693","entity_key":"f8d3da2a91268bb9b93e59ca9b06d751804a9221f3d218b5a8798fab2dc8e40d"},"qname":"neighbor","source_evidence":{"boundary":"symbol","owner":{"end":65,"start":30},"signature":{"end":50,"start":30},"slice_digest":"dec7813dc4d5e300de152b45e0cb2a89c688f0a75f1501c57aa7eb68130081dd","source":{"byte_len":66,"content_digest":"bdb975ad92107a0524d6a7c217816cd1e50bb1d97a36ef892318fbe837bf8857","encoding":"utf8","snapshot_id":"735799399424072b1b6cc95488ff63f55c094da4b32573a4555bf731c014f141"},"span":{"end":66,"start":28}},"source_freshness":{"disk_checked":true,"hydrator":"current-document-scope-source-generation-v1","status":"current_verified"}},"reasons":["lexical@2","grep@1","fts-summary","path-token:needle","symbol:needle","preselect:fts-summary:+1.40","preselect:token-search:+3.00"],"rerank_score":0.5951730604759541,"score_trace":[["rrf:lexical",0.021153846153846155],["rrf:grep",0.01568627450980392],["rrf:graph",0.011538461538461537],["overlap",0.35],["boost:stage-a",0.17600006285704412],["boost:graph-rerank",0.020794415416798356]],"source":"index","start_line":2,"symbol_kind":"function","symbol_name":"neighbor","text":"\n\ndef neighbor():\n    return needle()\n"}],"kind":"code_index_context","query":"needle","repo_size_tier":"Tiny","token_budget":4000,"top_k":10},"nodes":[{"backing_file_path":"needle.py","backing_source":null,"confidence":0.8,"depends_on":[],"end_line":2,"file_path":"needle.py","freshness":null,"invalidation_keys":[],"metadata":{"representation":"machine_hit_reference"},"node_id":"search:chunk:needle.py:0","node_type":"SEARCH_HIT","rank_explanation":null,"reasons":[],"relation":null,"role":"primary","score":0.8196888975800265,"source":"index","source_end_line":2,"source_start_line":1,"span_kind":"reference","start_line":1,"text":"","title":"needle.py needle:1-2","token_estimate":0},{"backing_file_path":"needle.py","backing_source":null,"confidence":0.8,"depends_on":[],"end_line":5,"file_path":"needle.py","freshness":null,"invalidation_keys":[],"metadata":{"representation":"machine_hit_reference"},"node_id":"search:chunk:needle.py:1","node_type":"SEARCH_HIT","rank_explanation":null,"reasons":[],"relation":null,"role":"primary","score":0.5951730604759541,"source":"index","source_end_line":5,"source_start_line":2,"span_kind":"reference","start_line":2,"text":"","title":"needle.py neighbor:2-5","token_estimate":0},{"backing_file_path":null,"backing_source":null,"confidence":1.0,"depends_on":[],"end_line":null,"file_path":"needle.py","freshness":null,"invalidation_keys":[],"metadata":null,"node_id":"graph:caller:uid:ed8e61924345e59a924de3bf","node_type":"CALL_EDGE","rank_explanation":null,"reasons":[],"relation":null,"role":"neighbor","score":0.0,"source":"graph","source_end_line":null,"source_start_line":null,"span_kind":null,"start_line":5,"text":"caller: neighbor → needle (needle.py:5)","title":"Caller: neighbor","token_estimate":10},{"backing_file_path":null,"backing_source":null,"confidence":1.0,"depends_on":[],"end_line":null,"file_path":"needle.py","freshness":null,"invalidation_keys":[],"metadata":null,"node_id":"graph:callee:uid:3732066f97516c2c2f8efb6e","node_type":"CALL_EDGE","rank_explanation":null,"reasons":[],"relation":null,"role":"neighbor","score":0.0,"source":"graph","source_end_line":null,"source_start_line":null,"span_kind":null,"start_line":5,"text":"callee: neighbor → needle (needle.py:5)","title":"Callee: needle","token_estimate":10}],"query":"needle","reasons":["hybrid search over code index","graph-enriched"],"rendered_prompt":"Complete source is in machine_pack.hits; references have no source body.","resolution_freshness":{"basis_epoch":null,"complete":true,"completed_files":0,"index_epoch":5,"reason":null,"retry":null,"root_count":0,"scope":"observed_resolution_invalidations","status":"ready"},"revision":0,"spans":[{"end_line":2,"file_path":"needle.py","label":"needle","node_id":"search:chunk:needle.py:0","start_line":1},{"end_line":5,"file_path":"needle.py","label":"neighbor","node_id":"search:chunk:needle.py:1","start_line":2}],"summary":"Found 2 indexed code result(s) across 1 file(s) for `needle`.","task":"needle","token_budget":4000,"token_estimate":3211},"tool":"context"}
V18_JSON {"args":{"retrieval_strategy":"auto","task":"needle"},"result":{"evidence_summary":{"files":["needle.py"],"graph_enrichment":{"callees_added":1,"callers_added":1,"symbols_resolved":2,"tests_found":0},"packing":{"compacted":true,"configured_max_bytes":18000,"continuation":"Use files region/expand on retained references; recheck source version.","limit_bytes":16000,"omitted_hits":0,"omitted_nodes":0,"original_hits":2,"original_nodes":4,"partial":false,"spec":"whole-json-intent-facets-source-support-before-incidental-v5","token_estimate_method":"ceil(serialized_utf8_bytes/4); not a tokenizer","used_bytes":12827},"retrieval":{"cost":{"coverage":"originating_work; full scope: retrieval-cost schema v1","fused_candidates":2,"hydrate_requested":2,"hydration":{"sql":{"fullscan_steps":0,"rows":10,"sorts":0,"statements":9,"vm_steps":386},"text":{"cache_hits":2,"legacy_auto_reads":0,"storage_reads":0,"utf8_bytes":66,"zstd_decodes":0}},"lane_candidates":{"exact_symbol":1,"graph":2,"grep":2,"lexical":2,"path":1,"semantic":0},"lexical_sql":{"fullscan_steps":0,"rows":2,"sorts":1,"statements":1,"vm_steps":59},"schema_version":1},"grep":{"fallback_scanned":0,"prefilter_failed":false,"prefilter_scanned":0,"reason":null,"scan_cap":20000,"scanned":2,"skipped_duplicates":4,"soft_scanned":2,"stages":[{"stage":"soft","work":{"sql":{"fullscan_steps":0,"rows":2,"sorts":0,"statements":1,"vm_steps":29},"text":{"cache_hits":0,"legacy_auto_reads":0,"storage_reads":2,"utf8_bytes":66,"zstd_decodes":0}}},{"stage":"prefilter","work":{"sql":{"fullscan_steps":0,"rows":2,"sorts":1,"statements":1,"vm_steps":58},"text":{"cache_hits":0,"legacy_auto_reads":0,"storage_reads":0,"utf8_bytes":0,"zstd_decodes":0}}},{"stage":"fallback","work":{"sql":{"fullscan_steps":1,"rows":2,"sorts":0,"statements":1,"vm_steps":23},"text":{"cache_hits":0,"legacy_auto_reads":0,"storage_reads":0,"utf8_bytes":0,"zstd_decodes":0}}}],"status":"complete"},"lane_receipts":[{"candidate_count":1,"candidate_details_omitted":true,"coverage":{"complete":true,"examined":null,"scope":"hard_scope","total_lower_bound":1},"elapsed_us":281,"lane_id":"exact_symbol","schema_version":1,"status":"complete","truncation_reason":null,"weight":1.1},{"candidate_count":1,"candidate_details_omitted":true,"coverage":{"complete":true,"examined":null,"scope":"hard_scope","total_lower_bound":1},"elapsed_us":259,"lane_id":"path","schema_version":1,"status":"complete","truncation_reason":null,"weight":1.0},{"candidate_count":2,"candidate_details_omitted":true,"coverage":{"complete":true,"examined":null,"scope":"hard_scope","total_lower_bound":2},"elapsed_us":194,"lane_id":"lexical","schema_version":1,"status":"complete","truncation_reason":null,"weight":1.1},{"candidate_count":2,"candidate_details_omitted":true,"coverage":{"complete":true,"examined":2,"scope":"hard_scope","total_lower_bound":2},"elapsed_us":2034,"lane_id":"grep","schema_version":1,"status":"complete","truncation_reason":null,"weight":0.8},{"candidate_count":2,"candidate_details_omitted":true,"coverage":{"complete":true,"examined":null,"scope":"hard_scope","total_lower_bound":2},"elapsed_us":1269,"lane_id":"graph","schema_version":1,"status":"complete","truncation_reason":null,"weight":0.6},{"candidate_count":0,"candidate_details_omitted":true,"coverage":{"complete":false,"examined":null,"scope":"hard_scope","total_lower_bound":0},"elapsed_us":174,"lane_id":"semantic","schema_version":1,"status":"unavailable","truncation_reason":"query_vector_not_encoded","weight":1.0}],"policy":{"deadline_ms":30000,"details_omitted":true,"effective":"auto","graph_source_mapping":"uid_byte_decl_docs;not_whole_body:v2","intent":"locate","lane_timeout_ms":20000,"path_source_domain":"canonical_scoped_exact_else_bounded_tokens;not_whole_body:v3","requested":"auto","semantic_state":"configured","semantic_timeout_ms":5000,"semantic_top_k":24,"version":"query-policy-local-semantic-canonical-path-domain-v4"},"scope":{"budget":{"exact_symbol_candidates":24,"grep_candidates":12,"grep_enabled":true,"grep_scan_cap":20000,"lexical_candidates":24,"path_candidates":24,"rerank_window":40,"top_k":10,"units":"chunks; grep_scan_cap=decompressions; scope_receipt_v1; not_total_cost"},"details_omitted":true,"hard":{"empty":false,"explicit_file_count":null,"languages":null,"path_prefix":null,"path_prefix_truncated":false,"semantics":"conjunctive_case_sensitive_repo_paths; explicit_empty_denies"},"ordering":["exact_identity_first","rerank_score_desc","chunk_id_asc"],"policy":"canonical-scoped-exact-path-domain-compact-context-budget-v22","schema_version":1,"soft":{"contributions":"score_trace=additive; stage_a_already_included; raw_hint_paths_omitted","hint_entries":{"overlay":0,"pinned":0,"recent":0,"working":0},"preselected_count":1,"role":"ranking_and_scan_priority_only"}}},"search_hits":2,"selection":{"facets":{"implementation":2},"input_candidates":2,"intent":"locate","intent_facet_anchors":{},"limit_omitted":0,"original_ranks":[1,2],"overlap":{"fully_covered_candidates":0,"input_bytes":66,"redundant_bytes":0,"unique_bytes":66},"requested_limit":10,"selected":2,"selected_overlap":{"fully_covered_candidates":0,"input_bytes":66,"redundant_bytes":0,"unique_bytes":66},"source_covered_omissions":0,"source_support_anchors":[],"source_support_scope":"cue_window:v1","spec":"anchored-facets-distinctive-source-union-v2","unmet_facets":[]},"source_freshness":{"budget_exhausted":false,"checked_files":1,"dense_manifest_fence":{"checked":0,"skip_disposition":"stale_publication_skipped","skipped":0},"generation":{"evidence_epoch":1,"incarnation":[56,71,219,93,56,188,73,151,21,10,35,37,164,137,90,206],"index_epoch":5,"semantic_epoch":3},"hydrator":"current-document-scope-source-generation-v1","omitted_files":{},"partial":false,"read_budget_charged":66,"scope":"disk_generation:v1","validation_work":{"candidate_projection_sql":{"fullscan_steps":0,"rows":2,"sorts":0,"statements":1,"vm_steps":76},"coverage":"current final-assembly attempt SELECTs for manifest, symbol identity and candidate projection; excludes prior attempts, transaction control, originating retrieval, generation, dense fence, graph and disk work; not total cost","schema_version":1,"source_records_sql":{"fullscan_steps":0,"rows":10,"sorts":0,"statements":9,"vm_steps":292}},"verified_hits":2}},"intent":"locate","invalidations":[],"machine_pack":{"hits":[{"breadcrumb":"needle","chunk_id":"chunk:needle.py:0","end_line":2,"file_path":"needle.py","fused_score":0.08989441930618403,"graph_score":0.07931471805599452,"grep_score":0.5,"lane":null,"language":"python","lexical_score":1.0,"metadata":{"details_omitted":true,"document":{"doc_key":"29b2fa88c6d6c8741c47ad873ba80a25c628b882a28ea3cfaa7fcc69e6982938","doc_version":"9ba68969fd43b00f97a9fade36d3cd19b8f57a4b7c6dffacb8c050c2e9b29f62","encoding_key":"78fc8c83484a6639e37e832f30a8eb8310c8ad26eada3a4ec3d936c1f152fede","entity_key":"16a369932cc2a7589f395b34b3b8def8bbad6a04e00672428487964152c26486"},"qname":"needle","source_evidence":{"boundary":"symbol","owner":{"end":28,"start":0},"signature":{"end":18,"start":0},"slice_digest":"c748e325d98b5f174763b313c05ece587900d99690eedbce11f75639788c6b8b","source":{"byte_len":66,"content_digest":"bdb975ad92107a0524d6a7c217816cd1e50bb1d97a36ef892318fbe837bf8857","encoding":"utf8","snapshot_id":"735799399424072b1b6cc95488ff63f55c094da4b32573a4555bf731c014f141"},"span":{"end":28,"start":0}},"source_freshness":{"disk_checked":true,"hydrator":"current-document-scope-source-generation-v1","status":"current_verified"}},"reasons":["exact-target","exact_symbol@1","path@1","lexical@1","grep@2","symbol-exact","fts-summary","path-token:needle","symbol:needle","preselect:fts-summary:+1.40","preselect:token-search:+3.00"],"rerank_score":0.8196888975800265,"score_trace":[["rrf:exact_symbol",0.021568627450980395],["rrf:path",0.0196078431372549],["rrf:lexical",0.021568627450980395],["rrf:grep",0.015384615384615385],["rrf:graph",0.011764705882352941],["overlap",0.35],["boost:symbol-exact",0.18],["boost:stage-a",0.17600006285704412],["boost:graph-rerank",0.023794415416798356]],"source":"index","start_line":1,"symbol_kind":"function","symbol_name":"needle","text":"def needle():\n    return 731"},{"breadcrumb":"neighbor","chunk_id":"chunk:needle.py:1","end_line":5,"file_path":"needle.py","fused_score":0.048378582202111615,"graph_score":0.06931471805599453,"grep_score":1.0,"lane":null,"language":"python","lexical_score":0.5,"metadata":{"details_omitted":true,"document":{"doc_key":"3fd56c438273f4e97d76268fc1e74f7bccba6b16d9f0ef414ca67b0829003e65","doc_version":"09f385ca69393d6173161facbcb1551167f9785fcdd2ccc650f1c531bc0259ed","encoding_key":"02118b2a2349b99c9efe9684d529683cd659e52f1e28e19c864bc915175c7693","entity_key":"f8d3da2a91268bb9b93e59ca9b06d751804a9221f3d218b5a8798fab2dc8e40d"},"qname":"neighbor","source_evidence":{"boundary":"symbol","owner":{"end":65,"start":30},"signature":{"end":50,"start":30},"slice_digest":"dec7813dc4d5e300de152b45e0cb2a89c688f0a75f1501c57aa7eb68130081dd","source":{"byte_len":66,"content_digest":"bdb975ad92107a0524d6a7c217816cd1e50bb1d97a36ef892318fbe837bf8857","encoding":"utf8","snapshot_id":"735799399424072b1b6cc95488ff63f55c094da4b32573a4555bf731c014f141"},"span":{"end":66,"start":28}},"source_freshness":{"disk_checked":true,"hydrator":"current-document-scope-source-generation-v1","status":"current_verified"}},"reasons":["lexical@2","grep@1","fts-summary","path-token:needle","symbol:needle","preselect:fts-summary:+1.40","preselect:token-search:+3.00"],"rerank_score":0.5951730604759541,"score_trace":[["rrf:lexical",0.021153846153846155],["rrf:grep",0.01568627450980392],["rrf:graph",0.011538461538461537],["overlap",0.35],["boost:stage-a",0.17600006285704412],["boost:graph-rerank",0.020794415416798356]],"source":"index","start_line":2,"symbol_kind":"function","symbol_name":"neighbor","text":"\n\ndef neighbor():\n    return needle()\n"}],"kind":"code_index_context","query":"needle","repo_size_tier":"Tiny","token_budget":4000,"top_k":10},"nodes":[{"backing_file_path":"needle.py","backing_source":null,"confidence":0.8,"depends_on":[],"end_line":2,"file_path":"needle.py","freshness":null,"invalidation_keys":[],"metadata":{"representation":"machine_hit_reference"},"node_id":"search:chunk:needle.py:0","node_type":"SEARCH_HIT","rank_explanation":null,"reasons":[],"relation":null,"role":"primary","score":0.8196888975800265,"source":"index","source_end_line":2,"source_start_line":1,"span_kind":"reference","start_line":1,"text":"","title":"needle.py needle:1-2","token_estimate":0},{"backing_file_path":"needle.py","backing_source":null,"confidence":0.8,"depends_on":[],"end_line":5,"file_path":"needle.py","freshness":null,"invalidation_keys":[],"metadata":{"representation":"machine_hit_reference"},"node_id":"search:chunk:needle.py:1","node_type":"SEARCH_HIT","rank_explanation":null,"reasons":[],"relation":null,"role":"primary","score":0.5951730604759541,"source":"index","source_end_line":5,"source_start_line":2,"span_kind":"reference","start_line":2,"text":"","title":"needle.py neighbor:2-5","token_estimate":0},{"backing_file_path":null,"backing_source":null,"confidence":1.0,"depends_on":[],"end_line":null,"file_path":"needle.py","freshness":null,"invalidation_keys":[],"metadata":null,"node_id":"graph:caller:uid:ed8e61924345e59a924de3bf","node_type":"CALL_EDGE","rank_explanation":null,"reasons":[],"relation":null,"role":"neighbor","score":0.0,"source":"graph","source_end_line":null,"source_start_line":null,"span_kind":null,"start_line":5,"text":"caller: neighbor → needle (needle.py:5)","title":"Caller: neighbor","token_estimate":10},{"backing_file_path":null,"backing_source":null,"confidence":1.0,"depends_on":[],"end_line":null,"file_path":"needle.py","freshness":null,"invalidation_keys":[],"metadata":null,"node_id":"graph:callee:uid:3732066f97516c2c2f8efb6e","node_type":"CALL_EDGE","rank_explanation":null,"reasons":[],"relation":null,"role":"neighbor","score":0.0,"source":"graph","source_end_line":null,"source_start_line":null,"span_kind":null,"start_line":5,"text":"callee: neighbor → needle (needle.py:5)","title":"Callee: needle","token_estimate":10}],"query":"needle","reasons":["hybrid search over code index","graph-enriched"],"rendered_prompt":"Complete source is in machine_pack.hits; references have no source body.","resolution_freshness":{"basis_epoch":null,"complete":true,"completed_files":0,"index_epoch":5,"reason":null,"retry":null,"root_count":0,"scope":"observed_resolution_invalidations","status":"ready"},"revision":0,"spans":[{"end_line":2,"file_path":"needle.py","label":"needle","node_id":"search:chunk:needle.py:0","start_line":1},{"end_line":5,"file_path":"needle.py","label":"neighbor","node_id":"search:chunk:needle.py:1","start_line":2}],"summary":"Found 2 indexed code result(s) across 1 file(s) for `needle`.","task":"needle","token_budget":4000,"token_estimate":3207},"tool":"context"}
V18_JSON {"args":{"retrieval_strategy":null,"task":"needle"},"result":{"evidence_summary":{"files":["needle.py"],"graph_enrichment":{"callees_added":1,"callers_added":1,"symbols_resolved":2,"tests_found":0},"packing":{"compacted":true,"configured_max_bytes":18000,"continuation":"Use files region/expand on retained references; recheck source version.","limit_bytes":16000,"omitted_hits":0,"omitted_nodes":0,"original_hits":2,"original_nodes":4,"partial":false,"spec":"whole-json-intent-facets-source-support-before-incidental-v5","token_estimate_method":"ceil(serialized_utf8_bytes/4); not a tokenizer","used_bytes":12842},"retrieval":{"cost":{"coverage":"originating_work; full scope: retrieval-cost schema v1","fused_candidates":2,"hydrate_requested":2,"hydration":{"sql":{"fullscan_steps":0,"rows":10,"sorts":0,"statements":9,"vm_steps":386},"text":{"cache_hits":2,"legacy_auto_reads":0,"storage_reads":0,"utf8_bytes":66,"zstd_decodes":0}},"lane_candidates":{"exact_symbol":1,"graph":2,"grep":2,"lexical":2,"path":1,"semantic":0},"lexical_sql":{"fullscan_steps":0,"rows":2,"sorts":1,"statements":1,"vm_steps":59},"schema_version":1},"grep":{"fallback_scanned":0,"prefilter_failed":false,"prefilter_scanned":0,"reason":null,"scan_cap":20000,"scanned":2,"skipped_duplicates":4,"soft_scanned":2,"stages":[{"stage":"soft","work":{"sql":{"fullscan_steps":0,"rows":2,"sorts":0,"statements":1,"vm_steps":29},"text":{"cache_hits":0,"legacy_auto_reads":0,"storage_reads":2,"utf8_bytes":66,"zstd_decodes":0}}},{"stage":"prefilter","work":{"sql":{"fullscan_steps":0,"rows":2,"sorts":1,"statements":1,"vm_steps":58},"text":{"cache_hits":0,"legacy_auto_reads":0,"storage_reads":0,"utf8_bytes":0,"zstd_decodes":0}}},{"stage":"fallback","work":{"sql":{"fullscan_steps":1,"rows":2,"sorts":0,"statements":1,"vm_steps":23},"text":{"cache_hits":0,"legacy_auto_reads":0,"storage_reads":0,"utf8_bytes":0,"zstd_decodes":0}}}],"status":"complete"},"lane_receipts":[{"candidate_count":1,"candidate_details_omitted":true,"coverage":{"complete":true,"examined":null,"scope":"hard_scope","total_lower_bound":1},"elapsed_us":256,"lane_id":"exact_symbol","schema_version":1,"status":"complete","truncation_reason":null,"weight":1.1},{"candidate_count":1,"candidate_details_omitted":true,"coverage":{"complete":true,"examined":null,"scope":"hard_scope","total_lower_bound":1},"elapsed_us":280,"lane_id":"path","schema_version":1,"status":"complete","truncation_reason":null,"weight":1.0},{"candidate_count":2,"candidate_details_omitted":true,"coverage":{"complete":true,"examined":null,"scope":"hard_scope","total_lower_bound":2},"elapsed_us":150,"lane_id":"lexical","schema_version":1,"status":"complete","truncation_reason":null,"weight":1.1},{"candidate_count":2,"candidate_details_omitted":true,"coverage":{"complete":true,"examined":2,"scope":"hard_scope","total_lower_bound":2},"elapsed_us":2342,"lane_id":"grep","schema_version":1,"status":"complete","truncation_reason":null,"weight":0.8},{"candidate_count":2,"candidate_details_omitted":true,"coverage":{"complete":true,"examined":null,"scope":"hard_scope","total_lower_bound":2},"elapsed_us":1272,"lane_id":"graph","schema_version":1,"status":"complete","truncation_reason":null,"weight":0.6},{"candidate_count":0,"candidate_details_omitted":true,"coverage":{"complete":false,"examined":null,"scope":"hard_scope","total_lower_bound":0},"elapsed_us":142,"lane_id":"semantic","schema_version":1,"status":"unavailable","truncation_reason":"query_vector_not_encoded","weight":1.0}],"policy":{"deadline_ms":30000,"details_omitted":true,"effective":"semantic","graph_source_mapping":"uid_byte_decl_docs;not_whole_body:v2","intent":"locate","lane_timeout_ms":20000,"path_source_domain":"canonical_scoped_exact_else_bounded_tokens;not_whole_body:v3","requested":"semantic","semantic_state":"configured","semantic_timeout_ms":5000,"semantic_top_k":24,"version":"query-policy-local-semantic-canonical-path-domain-v4"},"scope":{"budget":{"exact_symbol_candidates":24,"grep_candidates":12,"grep_enabled":true,"grep_scan_cap":20000,"lexical_candidates":24,"path_candidates":24,"rerank_window":40,"top_k":10,"units":"chunks; grep_scan_cap=decompressions; scope_receipt_v1; not_total_cost"},"details_omitted":true,"hard":{"empty":false,"explicit_file_count":null,"languages":null,"path_prefix":null,"path_prefix_truncated":false,"semantics":"conjunctive_case_sensitive_repo_paths; explicit_empty_denies"},"ordering":["exact_identity_first","rerank_score_desc","chunk_id_asc"],"policy":"canonical-scoped-exact-path-domain-compact-context-budget-v22","schema_version":1,"soft":{"contributions":"score_trace=additive; stage_a_already_included; raw_hint_paths_omitted","hint_entries":{"overlay":0,"pinned":0,"recent":0,"working":0},"preselected_count":1,"role":"ranking_and_scan_priority_only"}}},"search_hits":2,"selection":{"facets":{"implementation":2},"input_candidates":2,"intent":"locate","intent_facet_anchors":{},"limit_omitted":0,"original_ranks":[1,2],"overlap":{"fully_covered_candidates":0,"input_bytes":66,"redundant_bytes":0,"unique_bytes":66},"requested_limit":10,"selected":2,"selected_overlap":{"fully_covered_candidates":0,"input_bytes":66,"redundant_bytes":0,"unique_bytes":66},"source_covered_omissions":0,"source_support_anchors":[],"source_support_scope":"cue_window:v1","spec":"anchored-facets-distinctive-source-union-v2","unmet_facets":[]},"source_freshness":{"budget_exhausted":false,"checked_files":1,"dense_manifest_fence":{"checked":0,"skip_disposition":"stale_publication_skipped","skipped":0},"generation":{"evidence_epoch":1,"incarnation":[90,44,160,158,32,83,228,166,125,252,45,198,179,10,244,239],"index_epoch":5,"semantic_epoch":null},"hydrator":"current-document-scope-source-generation-v1","omitted_files":{},"partial":false,"read_budget_charged":66,"scope":"disk_generation:v1","validation_work":{"candidate_projection_sql":{"fullscan_steps":0,"rows":2,"sorts":0,"statements":1,"vm_steps":76},"coverage":"current final-assembly attempt SELECTs for manifest, symbol identity and candidate projection; excludes prior attempts, transaction control, originating retrieval, generation, dense fence, graph and disk work; not total cost","schema_version":1,"source_records_sql":{"fullscan_steps":0,"rows":10,"sorts":0,"statements":9,"vm_steps":292}},"verified_hits":2}},"intent":"locate","invalidations":[],"machine_pack":{"hits":[{"breadcrumb":"needle","chunk_id":"chunk:needle.py:0","end_line":2,"file_path":"needle.py","fused_score":0.08989441930618403,"graph_score":0.07931471805599452,"grep_score":0.5,"lane":null,"language":"python","lexical_score":1.0,"metadata":{"details_omitted":true,"document":{"doc_key":"29b2fa88c6d6c8741c47ad873ba80a25c628b882a28ea3cfaa7fcc69e6982938","doc_version":"9ba68969fd43b00f97a9fade36d3cd19b8f57a4b7c6dffacb8c050c2e9b29f62","encoding_key":"78fc8c83484a6639e37e832f30a8eb8310c8ad26eada3a4ec3d936c1f152fede","entity_key":"16a369932cc2a7589f395b34b3b8def8bbad6a04e00672428487964152c26486"},"qname":"needle","source_evidence":{"boundary":"symbol","owner":{"end":28,"start":0},"signature":{"end":18,"start":0},"slice_digest":"c748e325d98b5f174763b313c05ece587900d99690eedbce11f75639788c6b8b","source":{"byte_len":66,"content_digest":"bdb975ad92107a0524d6a7c217816cd1e50bb1d97a36ef892318fbe837bf8857","encoding":"utf8","snapshot_id":"735799399424072b1b6cc95488ff63f55c094da4b32573a4555bf731c014f141"},"span":{"end":28,"start":0}},"source_freshness":{"disk_checked":true,"hydrator":"current-document-scope-source-generation-v1","status":"current_verified"}},"reasons":["exact-target","exact_symbol@1","path@1","lexical@1","grep@2","symbol-exact","fts-summary","path-token:needle","symbol:needle","preselect:fts-summary:+1.40","preselect:token-search:+3.00"],"rerank_score":0.8196888975800265,"score_trace":[["rrf:exact_symbol",0.021568627450980395],["rrf:path",0.0196078431372549],["rrf:lexical",0.021568627450980395],["rrf:grep",0.015384615384615385],["rrf:graph",0.011764705882352941],["overlap",0.35],["boost:symbol-exact",0.18],["boost:stage-a",0.17600006285704412],["boost:graph-rerank",0.023794415416798356]],"source":"index","start_line":1,"symbol_kind":"function","symbol_name":"needle","text":"def needle():\n    return 731"},{"breadcrumb":"neighbor","chunk_id":"chunk:needle.py:1","end_line":5,"file_path":"needle.py","fused_score":0.048378582202111615,"graph_score":0.06931471805599453,"grep_score":1.0,"lane":null,"language":"python","lexical_score":0.5,"metadata":{"details_omitted":true,"document":{"doc_key":"3fd56c438273f4e97d76268fc1e74f7bccba6b16d9f0ef414ca67b0829003e65","doc_version":"09f385ca69393d6173161facbcb1551167f9785fcdd2ccc650f1c531bc0259ed","encoding_key":"02118b2a2349b99c9efe9684d529683cd659e52f1e28e19c864bc915175c7693","entity_key":"f8d3da2a91268bb9b93e59ca9b06d751804a9221f3d218b5a8798fab2dc8e40d"},"qname":"neighbor","source_evidence":{"boundary":"symbol","owner":{"end":65,"start":30},"signature":{"end":50,"start":30},"slice_digest":"dec7813dc4d5e300de152b45e0cb2a89c688f0a75f1501c57aa7eb68130081dd","source":{"byte_len":66,"content_digest":"bdb975ad92107a0524d6a7c217816cd1e50bb1d97a36ef892318fbe837bf8857","encoding":"utf8","snapshot_id":"735799399424072b1b6cc95488ff63f55c094da4b32573a4555bf731c014f141"},"span":{"end":66,"start":28}},"source_freshness":{"disk_checked":true,"hydrator":"current-document-scope-source-generation-v1","status":"current_verified"}},"reasons":["lexical@2","grep@1","fts-summary","path-token:needle","symbol:needle","preselect:fts-summary:+1.40","preselect:token-search:+3.00"],"rerank_score":0.5951730604759541,"score_trace":[["rrf:lexical",0.021153846153846155],["rrf:grep",0.01568627450980392],["rrf:graph",0.011538461538461537],["overlap",0.35],["boost:stage-a",0.17600006285704412],["boost:graph-rerank",0.020794415416798356]],"source":"index","start_line":2,"symbol_kind":"function","symbol_name":"neighbor","text":"\n\ndef neighbor():\n    return needle()\n"}],"kind":"code_index_context","query":"needle","repo_size_tier":"Tiny","token_budget":4000,"top_k":10},"nodes":[{"backing_file_path":"needle.py","backing_source":null,"confidence":0.8,"depends_on":[],"end_line":2,"file_path":"needle.py","freshness":null,"invalidation_keys":[],"metadata":{"representation":"machine_hit_reference"},"node_id":"search:chunk:needle.py:0","node_type":"SEARCH_HIT","rank_explanation":null,"reasons":[],"relation":null,"role":"primary","score":0.8196888975800265,"source":"index","source_end_line":2,"source_start_line":1,"span_kind":"reference","start_line":1,"text":"","title":"needle.py needle:1-2","token_estimate":0},{"backing_file_path":"needle.py","backing_source":null,"confidence":0.8,"depends_on":[],"end_line":5,"file_path":"needle.py","freshness":null,"invalidation_keys":[],"metadata":{"representation":"machine_hit_reference"},"node_id":"search:chunk:needle.py:1","node_type":"SEARCH_HIT","rank_explanation":null,"reasons":[],"relation":null,"role":"primary","score":0.5951730604759541,"source":"index","source_end_line":5,"source_start_line":2,"span_kind":"reference","start_line":2,"text":"","title":"needle.py neighbor:2-5","token_estimate":0},{"backing_file_path":null,"backing_source":null,"confidence":1.0,"depends_on":[],"end_line":null,"file_path":"needle.py","freshness":null,"invalidation_keys":[],"metadata":null,"node_id":"graph:caller:uid:ed8e61924345e59a924de3bf","node_type":"CALL_EDGE","rank_explanation":null,"reasons":[],"relation":null,"role":"neighbor","score":0.0,"source":"graph","source_end_line":null,"source_start_line":null,"span_kind":null,"start_line":5,"text":"caller: neighbor → needle (needle.py:5)","title":"Caller: neighbor","token_estimate":10},{"backing_file_path":null,"backing_source":null,"confidence":1.0,"depends_on":[],"end_line":null,"file_path":"needle.py","freshness":null,"invalidation_keys":[],"metadata":null,"node_id":"graph:callee:uid:3732066f97516c2c2f8efb6e","node_type":"CALL_EDGE","rank_explanation":null,"reasons":[],"relation":null,"role":"neighbor","score":0.0,"source":"graph","source_end_line":null,"source_start_line":null,"span_kind":null,"start_line":5,"text":"callee: neighbor → needle (needle.py:5)","title":"Callee: needle","token_estimate":10}],"query":"needle","reasons":["hybrid search over code index","graph-enriched"],"rendered_prompt":"Complete source is in machine_pack.hits; references have no source body.","resolution_freshness":{"basis_epoch":null,"complete":true,"completed_files":0,"index_epoch":5,"reason":null,"retry":null,"root_count":0,"scope":"observed_resolution_invalidations","status":"ready"},"revision":0,"spans":[{"end_line":2,"file_path":"needle.py","label":"needle","node_id":"search:chunk:needle.py:0","start_line":1},{"end_line":5,"file_path":"needle.py","label":"neighbor","node_id":"search:chunk:needle.py:1","start_line":2}],"summary":"Found 2 indexed code result(s) across 1 file(s) for `needle`.","task":"needle","token_budget":4000,"token_estimate":3211},"tool":"context"}
V18_JSON {"args":{"query":"needle","retrieval_strategy":"auto"},"result":{"evidence_summary":{"files":["needle.py"],"graph_enrichment":{"callees_added":1,"callers_added":1,"symbols_resolved":2,"tests_found":0},"packing":{"compacted":true,"configured_max_bytes":18000,"continuation":"Use files region/expand on retained references; recheck source version.","limit_bytes":16000,"omitted_hits":0,"omitted_nodes":0,"original_hits":2,"original_nodes":4,"partial":false,"spec":"whole-json-intent-facets-source-support-before-incidental-v5","token_estimate_method":"ceil(serialized_utf8_bytes/4); not a tokenizer","used_bytes":12541},"retrieval":{"cost":{"coverage":"originating_work; full scope: retrieval-cost schema v1","fused_candidates":2,"hydrate_requested":2,"hydration":{"sql":{"fullscan_steps":0,"rows":10,"sorts":0,"statements":9,"vm_steps":386},"text":{"cache_hits":2,"legacy_auto_reads":0,"storage_reads":0,"utf8_bytes":66,"zstd_decodes":0}},"lane_candidates":{"exact_symbol":1,"graph":2,"grep":2,"lexical":2,"path":1},"lexical_sql":{"fullscan_steps":0,"rows":2,"sorts":1,"statements":1,"vm_steps":59},"schema_version":1},"grep":{"fallback_scanned":0,"prefilter_failed":false,"prefilter_scanned":0,"reason":null,"scan_cap":20000,"scanned":2,"skipped_duplicates":4,"soft_scanned":2,"stages":[{"stage":"soft","work":{"sql":{"fullscan_steps":0,"rows":2,"sorts":0,"statements":1,"vm_steps":29},"text":{"cache_hits":0,"legacy_auto_reads":0,"storage_reads":2,"utf8_bytes":66,"zstd_decodes":0}}},{"stage":"prefilter","work":{"sql":{"fullscan_steps":0,"rows":2,"sorts":1,"statements":1,"vm_steps":58},"text":{"cache_hits":0,"legacy_auto_reads":0,"storage_reads":0,"utf8_bytes":0,"zstd_decodes":0}}},{"stage":"fallback","work":{"sql":{"fullscan_steps":1,"rows":2,"sorts":0,"statements":1,"vm_steps":23},"text":{"cache_hits":0,"legacy_auto_reads":0,"storage_reads":0,"utf8_bytes":0,"zstd_decodes":0}}}],"status":"complete"},"lane_receipts":[{"candidate_count":1,"candidate_details_omitted":true,"coverage":{"complete":true,"examined":null,"scope":"hard_scope","total_lower_bound":1},"elapsed_us":309,"lane_id":"exact_symbol","schema_version":1,"status":"complete","truncation_reason":null,"weight":1.1},{"candidate_count":1,"candidate_details_omitted":true,"coverage":{"complete":true,"examined":null,"scope":"hard_scope","total_lower_bound":1},"elapsed_us":823,"lane_id":"path","schema_version":1,"status":"complete","truncation_reason":null,"weight":1.0},{"candidate_count":2,"candidate_details_omitted":true,"coverage":{"complete":true,"examined":null,"scope":"hard_scope","total_lower_bound":2},"elapsed_us":843,"lane_id":"lexical","schema_version":1,"status":"complete","truncation_reason":null,"weight":1.1},{"candidate_count":2,"candidate_details_omitted":true,"coverage":{"complete":true,"examined":2,"scope":"hard_scope","total_lower_bound":2},"elapsed_us":5316,"lane_id":"grep","schema_version":1,"status":"complete","truncation_reason":null,"weight":0.8},{"candidate_count":2,"candidate_details_omitted":true,"coverage":{"complete":true,"examined":null,"scope":"hard_scope","total_lower_bound":2},"elapsed_us":3143,"lane_id":"graph","schema_version":1,"status":"complete","truncation_reason":null,"weight":0.6}],"policy":{"deadline_ms":30000,"details_omitted":true,"effective":"local","graph_source_mapping":"uid_byte_decl_docs;not_whole_body:v2","intent":"locate","lane_timeout_ms":20000,"path_source_domain":"canonical_scoped_exact_else_bounded_tokens;not_whole_body:v3","requested":"auto","semantic_state":"not_configured","semantic_timeout_ms":5000,"semantic_top_k":24,"version":"query-policy-local-semantic-canonical-path-domain-v4"},"scope":{"budget":{"exact_symbol_candidates":24,"grep_candidates":12,"grep_enabled":true,"grep_scan_cap":20000,"lexical_candidates":24,"path_candidates":24,"rerank_window":40,"top_k":10,"units":"chunks; grep_scan_cap=decompressions; scope_receipt_v1; not_total_cost"},"details_omitted":true,"hard":{"empty":false,"explicit_file_count":null,"languages":null,"path_prefix":null,"path_prefix_truncated":false,"semantics":"conjunctive_case_sensitive_repo_paths; explicit_empty_denies"},"ordering":["exact_identity_first","rerank_score_desc","chunk_id_asc"],"policy":"canonical-scoped-exact-path-domain-compact-context-budget-v22","schema_version":1,"soft":{"contributions":"score_trace=additive; stage_a_already_included; raw_hint_paths_omitted","hint_entries":{"overlay":0,"pinned":0,"recent":0,"working":0},"preselected_count":1,"role":"ranking_and_scan_priority_only"}}},"search_hits":2,"selection":{"facets":{"implementation":2},"input_candidates":2,"intent":"locate","intent_facet_anchors":{},"limit_omitted":0,"original_ranks":[1,2],"overlap":{"fully_covered_candidates":0,"input_bytes":66,"redundant_bytes":0,"unique_bytes":66},"requested_limit":10,"selected":2,"selected_overlap":{"fully_covered_candidates":0,"input_bytes":66,"redundant_bytes":0,"unique_bytes":66},"source_covered_omissions":0,"source_support_anchors":[],"source_support_scope":"cue_window:v1","spec":"anchored-facets-distinctive-source-union-v2","unmet_facets":[]},"source_freshness":{"budget_exhausted":false,"checked_files":1,"dense_manifest_fence":{"checked":0,"skip_disposition":"stale_publication_skipped","skipped":0},"generation":{"evidence_epoch":1,"incarnation":[117,108,193,211,95,60,163,249,1,167,18,91,80,104,126,116],"index_epoch":5,"semantic_epoch":null},"hydrator":"current-document-scope-source-generation-v1","omitted_files":{},"partial":false,"read_budget_charged":66,"scope":"disk_generation:v1","validation_work":{"candidate_projection_sql":{"fullscan_steps":0,"rows":2,"sorts":0,"statements":1,"vm_steps":76},"coverage":"current final-assembly attempt SELECTs for manifest, symbol identity and candidate projection; excludes prior attempts, transaction control, originating retrieval, generation, dense fence, graph and disk work; not total cost","schema_version":1,"source_records_sql":{"fullscan_steps":0,"rows":10,"sorts":0,"statements":9,"vm_steps":292}},"verified_hits":2}},"intent":"locate","invalidations":[],"machine_pack":{"hits":[{"breadcrumb":"needle","chunk_id":"chunk:needle.py:0","end_line":2,"file_path":"needle.py","fused_score":0.08989441930618403,"graph_score":0.07931471805599452,"grep_score":0.5,"lane":null,"language":"python","lexical_score":1.0,"metadata":{"details_omitted":true,"document":{"doc_key":"29b2fa88c6d6c8741c47ad873ba80a25c628b882a28ea3cfaa7fcc69e6982938","doc_version":"9ba68969fd43b00f97a9fade36d3cd19b8f57a4b7c6dffacb8c050c2e9b29f62","encoding_key":"78fc8c83484a6639e37e832f30a8eb8310c8ad26eada3a4ec3d936c1f152fede","entity_key":"16a369932cc2a7589f395b34b3b8def8bbad6a04e00672428487964152c26486"},"qname":"needle","source_evidence":{"boundary":"symbol","owner":{"end":28,"start":0},"signature":{"end":18,"start":0},"slice_digest":"c748e325d98b5f174763b313c05ece587900d99690eedbce11f75639788c6b8b","source":{"byte_len":66,"content_digest":"bdb975ad92107a0524d6a7c217816cd1e50bb1d97a36ef892318fbe837bf8857","encoding":"utf8","snapshot_id":"735799399424072b1b6cc95488ff63f55c094da4b32573a4555bf731c014f141"},"span":{"end":28,"start":0}},"source_freshness":{"disk_checked":true,"hydrator":"current-document-scope-source-generation-v1","status":"current_verified"}},"reasons":["exact-target","exact_symbol@1","path@1","lexical@1","grep@2","symbol-exact","fts-summary","path-token:needle","symbol:needle","preselect:fts-summary:+1.40","preselect:token-search:+3.00"],"rerank_score":0.8196888975800265,"score_trace":[["rrf:exact_symbol",0.021568627450980395],["rrf:path",0.0196078431372549],["rrf:lexical",0.021568627450980395],["rrf:grep",0.015384615384615385],["rrf:graph",0.011764705882352941],["overlap",0.35],["boost:symbol-exact",0.18],["boost:stage-a",0.17600006285704412],["boost:graph-rerank",0.023794415416798356]],"source":"index","start_line":1,"symbol_kind":"function","symbol_name":"needle","text":"def needle():\n    return 731"},{"breadcrumb":"neighbor","chunk_id":"chunk:needle.py:1","end_line":5,"file_path":"needle.py","fused_score":0.048378582202111615,"graph_score":0.06931471805599453,"grep_score":1.0,"lane":null,"language":"python","lexical_score":0.5,"metadata":{"details_omitted":true,"document":{"doc_key":"3fd56c438273f4e97d76268fc1e74f7bccba6b16d9f0ef414ca67b0829003e65","doc_version":"09f385ca69393d6173161facbcb1551167f9785fcdd2ccc650f1c531bc0259ed","encoding_key":"02118b2a2349b99c9efe9684d529683cd659e52f1e28e19c864bc915175c7693","entity_key":"f8d3da2a91268bb9b93e59ca9b06d751804a9221f3d218b5a8798fab2dc8e40d"},"qname":"neighbor","source_evidence":{"boundary":"symbol","owner":{"end":65,"start":30},"signature":{"end":50,"start":30},"slice_digest":"dec7813dc4d5e300de152b45e0cb2a89c688f0a75f1501c57aa7eb68130081dd","source":{"byte_len":66,"content_digest":"bdb975ad92107a0524d6a7c217816cd1e50bb1d97a36ef892318fbe837bf8857","encoding":"utf8","snapshot_id":"735799399424072b1b6cc95488ff63f55c094da4b32573a4555bf731c014f141"},"span":{"end":66,"start":28}},"source_freshness":{"disk_checked":true,"hydrator":"current-document-scope-source-generation-v1","status":"current_verified"}},"reasons":["lexical@2","grep@1","fts-summary","path-token:needle","symbol:needle","preselect:fts-summary:+1.40","preselect:token-search:+3.00"],"rerank_score":0.5951730604759541,"score_trace":[["rrf:lexical",0.021153846153846155],["rrf:grep",0.01568627450980392],["rrf:graph",0.011538461538461537],["overlap",0.35],["boost:stage-a",0.17600006285704412],["boost:graph-rerank",0.020794415416798356]],"source":"index","start_line":2,"symbol_kind":"function","symbol_name":"neighbor","text":"\n\ndef neighbor():\n    return needle()\n"}],"kind":"code_index_context","query":"needle","repo_size_tier":"Tiny","token_budget":4000,"top_k":10},"nodes":[{"backing_file_path":"needle.py","backing_source":null,"confidence":0.8,"depends_on":[],"end_line":2,"file_path":"needle.py","freshness":null,"invalidation_keys":[],"metadata":{"representation":"machine_hit_reference"},"node_id":"search:chunk:needle.py:0","node_type":"SEARCH_HIT","rank_explanation":null,"reasons":[],"relation":null,"role":"primary","score":0.8196888975800265,"source":"index","source_end_line":2,"source_start_line":1,"span_kind":"reference","start_line":1,"text":"","title":"needle.py needle:1-2","token_estimate":0},{"backing_file_path":"needle.py","backing_source":null,"confidence":0.8,"depends_on":[],"end_line":5,"file_path":"needle.py","freshness":null,"invalidation_keys":[],"metadata":{"representation":"machine_hit_reference"},"node_id":"search:chunk:needle.py:1","node_type":"SEARCH_HIT","rank_explanation":null,"reasons":[],"relation":null,"role":"primary","score":0.5951730604759541,"source":"index","source_end_line":5,"source_start_line":2,"span_kind":"reference","start_line":2,"text":"","title":"needle.py neighbor:2-5","token_estimate":0},{"backing_file_path":null,"backing_source":null,"confidence":1.0,"depends_on":[],"end_line":null,"file_path":"needle.py","freshness":null,"invalidation_keys":[],"metadata":null,"node_id":"graph:caller:uid:ed8e61924345e59a924de3bf","node_type":"CALL_EDGE","rank_explanation":null,"reasons":[],"relation":null,"role":"neighbor","score":0.0,"source":"graph","source_end_line":null,"source_start_line":null,"span_kind":null,"start_line":5,"text":"caller: neighbor → needle (needle.py:5)","title":"Caller: neighbor","token_estimate":10},{"backing_file_path":null,"backing_source":null,"confidence":1.0,"depends_on":[],"end_line":null,"file_path":"needle.py","freshness":null,"invalidation_keys":[],"metadata":null,"node_id":"graph:callee:uid:3732066f97516c2c2f8efb6e","node_type":"CALL_EDGE","rank_explanation":null,"reasons":[],"relation":null,"role":"neighbor","score":0.0,"source":"graph","source_end_line":null,"source_start_line":null,"span_kind":null,"start_line":5,"text":"callee: neighbor → needle (needle.py:5)","title":"Callee: needle","token_estimate":10}],"query":"needle","reasons":["hybrid search over code index","graph-enriched"],"rendered_prompt":"Complete source is in machine_pack.hits; references have no source body.","resolution_freshness":{"basis_epoch":null,"complete":true,"completed_files":0,"index_epoch":5,"reason":null,"retry":null,"root_count":0,"scope":"observed_resolution_invalidations","status":"ready"},"revision":0,"spans":[{"end_line":2,"file_path":"needle.py","label":"needle","node_id":"search:chunk:needle.py:0","start_line":1},{"end_line":5,"file_path":"needle.py","label":"neighbor","node_id":"search:chunk:needle.py:1","start_line":2}],"summary":"Found 2 indexed code result(s) across 1 file(s) for `needle`.","task":"needle","token_budget":4000,"token_estimate":3136},"tool":"search"}
[2m2026-10-08T05:00:22.646401Z[0m [32m INFO[0m [2mcc_db::index_db_rebuild[0m[2m:[0m full rebuild: writing data to temp database
V18_JSON {"args":{"retrieval_strategy":"semantic","task":"needle"},"result":{"evidence_summary":{"files":["needle.py"],"graph_enrichment":{"callees_added":1,"callers_added":1,"symbols_resolved":2,"tests_found":0},"packing":{"compacted":true,"configured_max_bytes":18000,"continuation":"Use files region/expand on retained references; recheck source version.","limit_bytes":16000,"omitted_hits":0,"omitted_nodes":0,"original_hits":2,"original_nodes":4,"partial":false,"spec":"whole-json-intent-facets-source-support-before-incidental-v5","token_estimate_method":"ceil(serialized_utf8_bytes/4); not a tokenizer","used_bytes":12842},"retrieval":{"cost":{"coverage":"originating_work; full scope: retrieval-cost schema v1","fused_candidates":2,"hydrate_requested":2,"hydration":{"sql":{"fullscan_steps":0,"rows":10,"sorts":0,"statements":9,"vm_steps":386},"text":{"cache_hits":2,"legacy_auto_reads":0,"storage_reads":0,"utf8_bytes":66,"zstd_decodes":0}},"lane_candidates":{"exact_symbol":1,"graph":2,"grep":2,"lexical":2,"path":1,"semantic":0},"lexical_sql":{"fullscan_steps":0,"rows":2,"sorts":1,"statements":1,"vm_steps":59},"schema_version":1},"grep":{"fallback_scanned":0,"prefilter_failed":false,"prefilter_scanned":0,"reason":null,"scan_cap":20000,"scanned":2,"skipped_duplicates":4,"soft_scanned":2,"stages":[{"stage":"soft","work":{"sql":{"fullscan_steps":0,"rows":2,"sorts":0,"statements":1,"vm_steps":29},"text":{"cache_hits":0,"legacy_auto_reads":0,"storage_reads":2,"utf8_bytes":66,"zstd_decodes":0}}},{"stage":"prefilter","work":{"sql":{"fullscan_steps":0,"rows":2,"sorts":1,"statements":1,"vm_steps":58},"text":{"cache_hits":0,"legacy_auto_reads":0,"storage_reads":0,"utf8_bytes":0,"zstd_decodes":0}}},{"stage":"fallback","work":{"sql":{"fullscan_steps":1,"rows":2,"sorts":0,"statements":1,"vm_steps":23},"text":{"cache_hits":0,"legacy_auto_reads":0,"storage_reads":0,"utf8_bytes":0,"zstd_decodes":0}}}],"status":"complete"},"lane_receipts":[{"candidate_count":1,"candidate_details_omitted":true,"coverage":{"complete":true,"examined":null,"scope":"hard_scope","total_lower_bound":1},"elapsed_us":263,"lane_id":"exact_symbol","schema_version":1,"status":"complete","truncation_reason":null,"weight":1.1},{"candidate_count":1,"candidate_details_omitted":true,"coverage":{"complete":true,"examined":null,"scope":"hard_scope","total_lower_bound":1},"elapsed_us":315,"lane_id":"path","schema_version":1,"status":"complete","truncation_reason":null,"weight":1.0},{"candidate_count":2,"candidate_details_omitted":true,"coverage":{"complete":true,"examined":null,"scope":"hard_scope","total_lower_bound":2},"elapsed_us":152,"lane_id":"lexical","schema_version":1,"status":"complete","truncation_reason":null,"weight":1.1},{"candidate_count":2,"candidate_details_omitted":true,"coverage":{"complete":true,"examined":2,"scope":"hard_scope","total_lower_bound":2},"elapsed_us":1521,"lane_id":"grep","schema_version":1,"status":"complete","truncation_reason":null,"weight":0.8},{"candidate_count":2,"candidate_details_omitted":true,"coverage":{"complete":true,"examined":null,"scope":"hard_scope","total_lower_bound":2},"elapsed_us":1544,"lane_id":"graph","schema_version":1,"status":"complete","truncation_reason":null,"weight":0.6},{"candidate_count":0,"candidate_details_omitted":true,"coverage":{"complete":false,"examined":null,"scope":"hard_scope","total_lower_bound":0},"elapsed_us":113,"lane_id":"semantic","schema_version":1,"status":"unavailable","truncation_reason":"query_vector_not_encoded","weight":1.0}],"policy":{"deadline_ms":30000,"details_omitted":true,"effective":"semantic","graph_source_mapping":"uid_byte_decl_docs;not_whole_body:v2","intent":"locate","lane_timeout_ms":20000,"path_source_domain":"canonical_scoped_exact_else_bounded_tokens;not_whole_body:v3","requested":"semantic","semantic_state":"configured","semantic_timeout_ms":5000,"semantic_top_k":24,"version":"query-policy-local-semantic-canonical-path-domain-v4"},"scope":{"budget":{"exact_symbol_candidates":24,"grep_candidates":12,"grep_enabled":true,"grep_scan_cap":20000,"lexical_candidates":24,"path_candidates":24,"rerank_window":40,"top_k":10,"units":"chunks; grep_scan_cap=decompressions; scope_receipt_v1; not_total_cost"},"details_omitted":true,"hard":{"empty":false,"explicit_file_count":null,"languages":null,"path_prefix":null,"path_prefix_truncated":false,"semantics":"conjunctive_case_sensitive_repo_paths; explicit_empty_denies"},"ordering":["exact_identity_first","rerank_score_desc","chunk_id_asc"],"policy":"canonical-scoped-exact-path-domain-compact-context-budget-v22","schema_version":1,"soft":{"contributions":"score_trace=additive; stage_a_already_included; raw_hint_paths_omitted","hint_entries":{"overlay":0,"pinned":0,"recent":0,"working":0},"preselected_count":1,"role":"ranking_and_scan_priority_only"}}},"search_hits":2,"selection":{"facets":{"implementation":2},"input_candidates":2,"intent":"locate","intent_facet_anchors":{},"limit_omitted":0,"original_ranks":[1,2],"overlap":{"fully_covered_candidates":0,"input_bytes":66,"redundant_bytes":0,"unique_bytes":66},"requested_limit":10,"selected":2,"selected_overlap":{"fully_covered_candidates":0,"input_bytes":66,"redundant_bytes":0,"unique_bytes":66},"source_covered_omissions":0,"source_support_anchors":[],"source_support_scope":"cue_window:v1","spec":"anchored-facets-distinctive-source-union-v2","unmet_facets":[]},"source_freshness":{"budget_exhausted":false,"checked_files":1,"dense_manifest_fence":{"checked":0,"skip_disposition":"stale_publication_skipped","skipped":0},"generation":{"evidence_epoch":1,"incarnation":[90,44,160,158,32,83,228,166,125,252,45,198,179,10,244,239],"index_epoch":5,"semantic_epoch":null},"hydrator":"current-document-scope-source-generation-v1","omitted_files":{},"partial":false,"read_budget_charged":66,"scope":"disk_generation:v1","validation_work":{"candidate_projection_sql":{"fullscan_steps":0,"rows":2,"sorts":0,"statements":1,"vm_steps":76},"coverage":"current final-assembly attempt SELECTs for manifest, symbol identity and candidate projection; excludes prior attempts, transaction control, originating retrieval, generation, dense fence, graph and disk work; not total cost","schema_version":1,"source_records_sql":{"fullscan_steps":0,"rows":10,"sorts":0,"statements":9,"vm_steps":292}},"verified_hits":2}},"intent":"locate","invalidations":[],"machine_pack":{"hits":[{"breadcrumb":"needle","chunk_id":"chunk:needle.py:0","end_line":2,"file_path":"needle.py","fused_score":0.08989441930618403,"graph_score":0.07931471805599452,"grep_score":0.5,"lane":null,"language":"python","lexical_score":1.0,"metadata":{"details_omitted":true,"document":{"doc_key":"29b2fa88c6d6c8741c47ad873ba80a25c628b882a28ea3cfaa7fcc69e6982938","doc_version":"9ba68969fd43b00f97a9fade36d3cd19b8f57a4b7c6dffacb8c050c2e9b29f62","encoding_key":"78fc8c83484a6639e37e832f30a8eb8310c8ad26eada3a4ec3d936c1f152fede","entity_key":"16a369932cc2a7589f395b34b3b8def8bbad6a04e00672428487964152c26486"},"qname":"needle","source_evidence":{"boundary":"symbol","owner":{"end":28,"start":0},"signature":{"end":18,"start":0},"slice_digest":"c748e325d98b5f174763b313c05ece587900d99690eedbce11f75639788c6b8b","source":{"byte_len":66,"content_digest":"bdb975ad92107a0524d6a7c217816cd1e50bb1d97a36ef892318fbe837bf8857","encoding":"utf8","snapshot_id":"735799399424072b1b6cc95488ff63f55c094da4b32573a4555bf731c014f141"},"span":{"end":28,"start":0}},"source_freshness":{"disk_checked":true,"hydrator":"current-document-scope-source-generation-v1","status":"current_verified"}},"reasons":["exact-target","exact_symbol@1","path@1","lexical@1","grep@2","symbol-exact","fts-summary","path-token:needle","symbol:needle","preselect:fts-summary:+1.40","preselect:token-search:+3.00"],"rerank_score":0.8196888975800265,"score_trace":[["rrf:exact_symbol",0.021568627450980395],["rrf:path",0.0196078431372549],["rrf:lexical",0.021568627450980395],["rrf:grep",0.015384615384615385],["rrf:graph",0.011764705882352941],["overlap",0.35],["boost:symbol-exact",0.18],["boost:stage-a",0.17600006285704412],["boost:graph-rerank",0.023794415416798356]],"source":"index","start_line":1,"symbol_kind":"function","symbol_name":"needle","text":"def needle():\n    return 731"},{"breadcrumb":"neighbor","chunk_id":"chunk:needle.py:1","end_line":5,"file_path":"needle.py","fused_score":0.048378582202111615,"graph_score":0.06931471805599453,"grep_score":1.0,"lane":null,"language":"python","lexical_score":0.5,"metadata":{"details_omitted":true,"document":{"doc_key":"3fd56c438273f4e97d76268fc1e74f7bccba6b16d9f0ef414ca67b0829003e65","doc_version":"09f385ca69393d6173161facbcb1551167f9785fcdd2ccc650f1c531bc0259ed","encoding_key":"02118b2a2349b99c9efe9684d529683cd659e52f1e28e19c864bc915175c7693","entity_key":"f8d3da2a91268bb9b93e59ca9b06d751804a9221f3d218b5a8798fab2dc8e40d"},"qname":"neighbor","source_evidence":{"boundary":"symbol","owner":{"end":65,"start":30},"signature":{"end":50,"start":30},"slice_digest":"dec7813dc4d5e300de152b45e0cb2a89c688f0a75f1501c57aa7eb68130081dd","source":{"byte_len":66,"content_digest":"bdb975ad92107a0524d6a7c217816cd1e50bb1d97a36ef892318fbe837bf8857","encoding":"utf8","snapshot_id":"735799399424072b1b6cc95488ff63f55c094da4b32573a4555bf731c014f141"},"span":{"end":66,"start":28}},"source_freshness":{"disk_checked":true,"hydrator":"current-document-scope-source-generation-v1","status":"current_verified"}},"reasons":["lexical@2","grep@1","fts-summary","path-token:needle","symbol:needle","preselect:fts-summary:+1.40","preselect:token-search:+3.00"],"rerank_score":0.5951730604759541,"score_trace":[["rrf:lexical",0.021153846153846155],["rrf:grep",0.01568627450980392],["rrf:graph",0.011538461538461537],["overlap",0.35],["boost:stage-a",0.17600006285704412],["boost:graph-rerank",0.020794415416798356]],"source":"index","start_line":2,"symbol_kind":"function","symbol_name":"neighbor","text":"\n\ndef neighbor():\n    return needle()\n"}],"kind":"code_index_context","query":"needle","repo_size_tier":"Tiny","token_budget":4000,"top_k":10},"nodes":[{"backing_file_path":"needle.py","backing_source":null,"confidence":0.8,"depends_on":[],"end_line":2,"file_path":"needle.py","freshness":null,"invalidation_keys":[],"metadata":{"representation":"machine_hit_reference"},"node_id":"search:chunk:needle.py:0","node_type":"SEARCH_HIT","rank_explanation":null,"reasons":[],"relation":null,"role":"primary","score":0.8196888975800265,"source":"index","source_end_line":2,"source_start_line":1,"span_kind":"reference","start_line":1,"text":"","title":"needle.py needle:1-2","token_estimate":0},{"backing_file_path":"needle.py","backing_source":null,"confidence":0.8,"depends_on":[],"end_line":5,"file_path":"needle.py","freshness":null,"invalidation_keys":[],"metadata":{"representation":"machine_hit_reference"},"node_id":"search:chunk:needle.py:1","node_type":"SEARCH_HIT","rank_explanation":null,"reasons":[],"relation":null,"role":"primary","score":0.5951730604759541,"source":"index","source_end_line":5,"source_start_line":2,"span_kind":"reference","start_line":2,"text":"","title":"needle.py neighbor:2-5","token_estimate":0},{"backing_file_path":null,"backing_source":null,"confidence":1.0,"depends_on":[],"end_line":null,"file_path":"needle.py","freshness":null,"invalidation_keys":[],"metadata":null,"node_id":"graph:caller:uid:ed8e61924345e59a924de3bf","node_type":"CALL_EDGE","rank_explanation":null,"reasons":[],"relation":null,"role":"neighbor","score":0.0,"source":"graph","source_end_line":null,"source_start_line":null,"span_kind":null,"start_line":5,"text":"caller: neighbor → needle (needle.py:5)","title":"Caller: neighbor","token_estimate":10},{"backing_file_path":null,"backing_source":null,"confidence":1.0,"depends_on":[],"end_line":null,"file_path":"needle.py","freshness":null,"invalidation_keys":[],"metadata":null,"node_id":"graph:callee:uid:3732066f97516c2c2f8efb6e","node_type":"CALL_EDGE","rank_explanation":null,"reasons":[],"relation":null,"role":"neighbor","score":0.0,"source":"graph","source_end_line":null,"source_start_line":null,"span_kind":null,"start_line":5,"text":"callee: neighbor → needle (needle.py:5)","title":"Callee: needle","token_estimate":10}],"query":"needle","reasons":["hybrid search over code index","graph-enriched"],"rendered_prompt":"Complete source is in machine_pack.hits; references have no source body.","resolution_freshness":{"basis_epoch":null,"complete":true,"completed_files":0,"index_epoch":5,"reason":null,"retry":null,"root_count":0,"scope":"observed_resolution_invalidations","status":"ready"},"revision":0,"spans":[{"end_line":2,"file_path":"needle.py","label":"needle","node_id":"search:chunk:needle.py:0","start_line":1},{"end_line":5,"file_path":"needle.py","label":"neighbor","node_id":"search:chunk:needle.py:1","start_line":2}],"summary":"Found 2 indexed code result(s) across 1 file(s) for `needle`.","task":"needle","token_budget":4000,"token_estimate":3211},"tool":"context"}
[2m2026-10-08T05:00:22.649830Z[0m [32m INFO[0m [2mcc_db::index_db_rebuild[0m[2m:[0m full rebuild: recreating indexes
V18_JSON {"args":{"query":"needle","retrieval_strategy":"local"},"result":{"evidence_summary":{"files":["needle.py"],"graph_enrichment":{"callees_added":1,"callers_added":1,"symbols_resolved":2,"tests_found":0},"packing":{"compacted":true,"configured_max_bytes":18000,"continuation":"Use files region/expand on retained references; recheck source version.","limit_bytes":16000,"omitted_hits":0,"omitted_nodes":0,"original_hits":2,"original_nodes":4,"partial":false,"spec":"whole-json-intent-facets-source-support-before-incidental-v5","token_estimate_method":"ceil(serialized_utf8_bytes/4); not a tokenizer","used_bytes":12536},"retrieval":{"cost":{"coverage":"originating_work; full scope: retrieval-cost schema v1","fused_candidates":2,"hydrate_requested":2,"hydration":{"sql":{"fullscan_steps":0,"rows":10,"sorts":0,"statements":9,"vm_steps":386},"text":{"cache_hits":2,"legacy_auto_reads":0,"storage_reads":0,"utf8_bytes":66,"zstd_decodes":0}},"lane_candidates":{"exact_symbol":1,"graph":2,"grep":2,"lexical":2,"path":1},"lexical_sql":{"fullscan_steps":0,"rows":2,"sorts":1,"statements":1,"vm_steps":59},"schema_version":1},"grep":{"fallback_scanned":0,"prefilter_failed":false,"prefilter_scanned":0,"reason":null,"scan_cap":20000,"scanned":2,"skipped_duplicates":4,"soft_scanned":2,"stages":[{"stage":"soft","work":{"sql":{"fullscan_steps":0,"rows":2,"sorts":0,"statements":1,"vm_steps":29},"text":{"cache_hits":0,"legacy_auto_reads":0,"storage_reads":2,"utf8_bytes":66,"zstd_decodes":0}}},{"stage":"prefilter","work":{"sql":{"fullscan_steps":0,"rows":2,"sorts":1,"statements":1,"vm_steps":58},"text":{"cache_hits":0,"legacy_auto_reads":0,"storage_reads":0,"utf8_bytes":0,"zstd_decodes":0}}},{"stage":"fallback","work":{"sql":{"fullscan_steps":1,"rows":2,"sorts":0,"statements":1,"vm_steps":23},"text":{"cache_hits":0,"legacy_auto_reads":0,"storage_reads":0,"utf8_bytes":0,"zstd_decodes":0}}}],"status":"complete"},"lane_receipts":[{"candidate_count":1,"candidate_details_omitted":true,"coverage":{"complete":true,"examined":null,"scope":"hard_scope","total_lower_bound":1},"elapsed_us":284,"lane_id":"exact_symbol","schema_version":1,"status":"complete","truncation_reason":null,"weight":1.1},{"candidate_count":1,"candidate_details_omitted":true,"coverage":{"complete":true,"examined":null,"scope":"hard_scope","total_lower_bound":1},"elapsed_us":276,"lane_id":"path","schema_version":1,"status":"complete","truncation_reason":null,"weight":1.0},{"candidate_count":2,"candidate_details_omitted":true,"coverage":{"complete":true,"examined":null,"scope":"hard_scope","total_lower_bound":2},"elapsed_us":190,"lane_id":"lexical","schema_version":1,"status":"complete","truncation_reason":null,"weight":1.1},{"candidate_count":2,"candidate_details_omitted":true,"coverage":{"complete":true,"examined":2,"scope":"hard_scope","total_lower_bound":2},"elapsed_us":3551,"lane_id":"grep","schema_version":1,"status":"complete","truncation_reason":null,"weight":0.8},{"candidate_count":2,"candidate_details_omitted":true,"coverage":{"complete":true,"examined":null,"scope":"hard_scope","total_lower_bound":2},"elapsed_us":1425,"lane_id":"graph","schema_version":1,"status":"complete","truncation_reason":null,"weight":0.6}],"policy":{"deadline_ms":30000,"details_omitted":true,"effective":"local","graph_source_mapping":"uid_byte_decl_docs;not_whole_body:v2","intent":"locate","lane_timeout_ms":20000,"path_source_domain":"canonical_scoped_exact_else_bounded_tokens;not_whole_body:v3","requested":"local","semantic_state":"disabled","semantic_timeout_ms":5000,"semantic_top_k":24,"version":"query-policy-local-semantic-canonical-path-domain-v4"},"scope":{"budget":{"exact_symbol_candidates":24,"grep_candidates":12,"grep_enabled":true,"grep_scan_cap":20000,"lexical_candidates":24,"path_candidates":24,"rerank_window":40,"top_k":10,"units":"chunks; grep_scan_cap=decompressions; scope_receipt_v1; not_total_cost"},"details_omitted":true,"hard":{"empty":false,"explicit_file_count":null,"languages":null,"path_prefix":null,"path_prefix_truncated":false,"semantics":"conjunctive_case_sensitive_repo_paths; explicit_empty_denies"},"ordering":["exact_identity_first","rerank_score_desc","chunk_id_asc"],"policy":"canonical-scoped-exact-path-domain-compact-context-budget-v22","schema_version":1,"soft":{"contributions":"score_trace=additive; stage_a_already_included; raw_hint_paths_omitted","hint_entries":{"overlay":0,"pinned":0,"recent":0,"working":0},"preselected_count":1,"role":"ranking_and_scan_priority_only"}}},"search_hits":2,"selection":{"facets":{"implementation":2},"input_candidates":2,"intent":"locate","intent_facet_anchors":{},"limit_omitted":0,"original_ranks":[1,2],"overlap":{"fully_covered_candidates":0,"input_bytes":66,"redundant_bytes":0,"unique_bytes":66},"requested_limit":10,"selected":2,"selected_overlap":{"fully_covered_candidates":0,"input_bytes":66,"redundant_bytes":0,"unique_bytes":66},"source_covered_omissions":0,"source_support_anchors":[],"source_support_scope":"cue_window:v1","spec":"anchored-facets-distinctive-source-union-v2","unmet_facets":[]},"source_freshness":{"budget_exhausted":false,"checked_files":1,"dense_manifest_fence":{"checked":0,"skip_disposition":"stale_publication_skipped","skipped":0},"generation":{"evidence_epoch":1,"incarnation":[117,108,193,211,95,60,163,249,1,167,18,91,80,104,126,116],"index_epoch":5,"semantic_epoch":null},"hydrator":"current-document-scope-source-generation-v1","omitted_files":{},"partial":false,"read_budget_charged":66,"scope":"disk_generation:v1","validation_work":{"candidate_projection_sql":{"fullscan_steps":0,"rows":2,"sorts":0,"statements":1,"vm_steps":76},"coverage":"current final-assembly attempt SELECTs for manifest, symbol identity and candidate projection; excludes prior attempts, transaction control, originating retrieval, generation, dense fence, graph and disk work; not total cost","schema_version":1,"source_records_sql":{"fullscan_steps":0,"rows":10,"sorts":0,"statements":9,"vm_steps":292}},"verified_hits":2}},"intent":"locate","invalidations":[],"machine_pack":{"hits":[{"breadcrumb":"needle","chunk_id":"chunk:needle.py:0","end_line":2,"file_path":"needle.py","fused_score":0.08989441930618403,"graph_score":0.07931471805599452,"grep_score":0.5,"lane":null,"language":"python","lexical_score":1.0,"metadata":{"details_omitted":true,"document":{"doc_key":"29b2fa88c6d6c8741c47ad873ba80a25c628b882a28ea3cfaa7fcc69e6982938","doc_version":"9ba68969fd43b00f97a9fade36d3cd19b8f57a4b7c6dffacb8c050c2e9b29f62","encoding_key":"78fc8c83484a6639e37e832f30a8eb8310c8ad26eada3a4ec3d936c1f152fede","entity_key":"16a369932cc2a7589f395b34b3b8def8bbad6a04e00672428487964152c26486"},"qname":"needle","source_evidence":{"boundary":"symbol","owner":{"end":28,"start":0},"signature":{"end":18,"start":0},"slice_digest":"c748e325d98b5f174763b313c05ece587900d99690eedbce11f75639788c6b8b","source":{"byte_len":66,"content_digest":"bdb975ad92107a0524d6a7c217816cd1e50bb1d97a36ef892318fbe837bf8857","encoding":"utf8","snapshot_id":"735799399424072b1b6cc95488ff63f55c094da4b32573a4555bf731c014f141"},"span":{"end":28,"start":0}},"source_freshness":{"disk_checked":true,"hydrator":"current-document-scope-source-generation-v1","status":"current_verified"}},"reasons":["exact-target","exact_symbol@1","path@1","lexical@1","grep@2","symbol-exact","fts-summary","path-token:needle","symbol:needle","preselect:fts-summary:+1.40","preselect:token-search:+3.00"],"rerank_score":0.8196888975800265,"score_trace":[["rrf:exact_symbol",0.021568627450980395],["rrf:path",0.0196078431372549],["rrf:lexical",0.021568627450980395],["rrf:grep",0.015384615384615385],["rrf:graph",0.011764705882352941],["overlap",0.35],["boost:symbol-exact",0.18],["boost:stage-a",0.17600006285704412],["boost:graph-rerank",0.023794415416798356]],"source":"index","start_line":1,"symbol_kind":"function","symbol_name":"needle","text":"def needle():\n    return 731"},{"breadcrumb":"neighbor","chunk_id":"chunk:needle.py:1","end_line":5,"file_path":"needle.py","fused_score":0.048378582202111615,"graph_score":0.06931471805599453,"grep_score":1.0,"lane":null,"language":"python","lexical_score":0.5,"metadata":{"details_omitted":true,"document":{"doc_key":"3fd56c438273f4e97d76268fc1e74f7bccba6b16d9f0ef414ca67b0829003e65","doc_version":"09f385ca69393d6173161facbcb1551167f9785fcdd2ccc650f1c531bc0259ed","encoding_key":"02118b2a2349b99c9efe9684d529683cd659e52f1e28e19c864bc915175c7693","entity_key":"f8d3da2a91268bb9b93e59ca9b06d751804a9221f3d218b5a8798fab2dc8e40d"},"qname":"neighbor","source_evidence":{"boundary":"symbol","owner":{"end":65,"start":30},"signature":{"end":50,"start":30},"slice_digest":"dec7813dc4d5e300de152b45e0cb2a89c688f0a75f1501c57aa7eb68130081dd","source":{"byte_len":66,"content_digest":"bdb975ad92107a0524d6a7c217816cd1e50bb1d97a36ef892318fbe837bf8857","encoding":"utf8","snapshot_id":"735799399424072b1b6cc95488ff63f55c094da4b32573a4555bf731c014f141"},"span":{"end":66,"start":28}},"source_freshness":{"disk_checked":true,"hydrator":"current-document-scope-source-generation-v1","status":"current_verified"}},"reasons":["lexical@2","grep@1","fts-summary","path-token:needle","symbol:needle","preselect:fts-summary:+1.40","preselect:token-search:+3.00"],"rerank_score":0.5951730604759541,"score_trace":[["rrf:lexical",0.021153846153846155],["rrf:grep",0.01568627450980392],["rrf:graph",0.011538461538461537],["overlap",0.35],["boost:stage-a",0.17600006285704412],["boost:graph-rerank",0.020794415416798356]],"source":"index","start_line":2,"symbol_kind":"function","symbol_name":"neighbor","text":"\n\ndef neighbor():\n    return needle()\n"}],"kind":"code_index_context","query":"needle","repo_size_tier":"Tiny","token_budget":4000,"top_k":10},"nodes":[{"backing_file_path":"needle.py","backing_source":null,"confidence":0.8,"depends_on":[],"end_line":2,"file_path":"needle.py","freshness":null,"invalidation_keys":[],"metadata":{"representation":"machine_hit_reference"},"node_id":"search:chunk:needle.py:0","node_type":"SEARCH_HIT","rank_explanation":null,"reasons":[],"relation":null,"role":"primary","score":0.8196888975800265,"source":"index","source_end_line":2,"source_start_line":1,"span_kind":"reference","start_line":1,"text":"","title":"needle.py needle:1-2","token_estimate":0},{"backing_file_path":"needle.py","backing_source":null,"confidence":0.8,"depends_on":[],"end_line":5,"file_path":"needle.py","freshness":null,"invalidation_keys":[],"metadata":{"representation":"machine_hit_reference"},"node_id":"search:chunk:needle.py:1","node_type":"SEARCH_HIT","rank_explanation":null,"reasons":[],"relation":null,"role":"primary","score":0.5951730604759541,"source":"index","source_end_line":5,"source_start_line":2,"span_kind":"reference","start_line":2,"text":"","title":"needle.py neighbor:2-5","token_estimate":0},{"backing_file_path":null,"backing_source":null,"confidence":1.0,"depends_on":[],"end_line":null,"file_path":"needle.py","freshness":null,"invalidation_keys":[],"metadata":null,"node_id":"graph:caller:uid:ed8e61924345e59a924de3bf","node_type":"CALL_EDGE","rank_explanation":null,"reasons":[],"relation":null,"role":"neighbor","score":0.0,"source":"graph","source_end_line":null,"source_start_line":null,"span_kind":null,"start_line":5,"text":"caller: neighbor → needle (needle.py:5)","title":"Caller: neighbor","token_estimate":10},{"backing_file_path":null,"backing_source":null,"confidence":1.0,"depends_on":[],"end_line":null,"file_path":"needle.py","freshness":null,"invalidation_keys":[],"metadata":null,"node_id":"graph:callee:uid:3732066f97516c2c2f8efb6e","node_type":"CALL_EDGE","rank_explanation":null,"reasons":[],"relation":null,"role":"neighbor","score":0.0,"source":"graph","source_end_line":null,"source_start_line":null,"span_kind":null,"start_line":5,"text":"callee: neighbor → needle (needle.py:5)","title":"Callee: needle","token_estimate":10}],"query":"needle","reasons":["hybrid search over code index","graph-enriched"],"rendered_prompt":"Complete source is in machine_pack.hits; references have no source body.","resolution_freshness":{"basis_epoch":null,"complete":true,"completed_files":0,"index_epoch":5,"reason":null,"retry":null,"root_count":0,"scope":"observed_resolution_invalidations","status":"ready"},"revision":0,"spans":[{"end_line":2,"file_path":"needle.py","label":"needle","node_id":"search:chunk:needle.py:0","start_line":1},{"end_line":5,"file_path":"needle.py","label":"neighbor","node_id":"search:chunk:needle.py:1","start_line":2}],"summary":"Found 2 indexed code result(s) across 1 file(s) for `needle`.","task":"needle","token_budget":4000,"token_estimate":3134},"tool":"search"}
V18_JSON {"args":{"retrieval_strategy":"semantic","task":"needle"},"result":{"evidence_summary":{"files":["needle.py"],"graph_enrichment":{"callees_added":1,"callers_added":1,"symbols_resolved":2,"tests_found":0},"packing":{"compacted":true,"configured_max_bytes":18000,"continuation":"Use files region/expand on retained references; recheck source version.","limit_bytes":16000,"omitted_hits":0,"omitted_nodes":0,"original_hits":2,"original_nodes":4,"partial":false,"spec":"whole-json-intent-facets-source-support-before-incidental-v5","token_estimate_method":"ceil(serialized_utf8_bytes/4); not a tokenizer","used_bytes":12836},"retrieval":{"cost":{"coverage":"originating_work; full scope: retrieval-cost schema v1","fused_candidates":2,"hydrate_requested":2,"hydration":{"sql":{"fullscan_steps":0,"rows":10,"sorts":0,"statements":9,"vm_steps":386},"text":{"cache_hits":2,"legacy_auto_reads":0,"storage_reads":0,"utf8_bytes":66,"zstd_decodes":0}},"lane_candidates":{"exact_symbol":1,"graph":2,"grep":2,"lexical":2,"path":1,"semantic":0},"lexical_sql":{"fullscan_steps":0,"rows":2,"sorts":1,"statements":1,"vm_steps":59},"schema_version":1},"grep":{"fallback_scanned":0,"prefilter_failed":false,"prefilter_scanned":0,"reason":null,"scan_cap":20000,"scanned":2,"skipped_duplicates":4,"soft_scanned":2,"stages":[{"stage":"soft","work":{"sql":{"fullscan_steps":0,"rows":2,"sorts":0,"statements":1,"vm_steps":29},"text":{"cache_hits":0,"legacy_auto_reads":0,"storage_reads":2,"utf8_bytes":66,"zstd_decodes":0}}},{"stage":"prefilter","work":{"sql":{"fullscan_steps":0,"rows":2,"sorts":1,"statements":1,"vm_steps":58},"text":{"cache_hits":0,"legacy_auto_reads":0,"storage_reads":0,"utf8_bytes":0,"zstd_decodes":0}}},{"stage":"fallback","work":{"sql":{"fullscan_steps":1,"rows":2,"sorts":0,"statements":1,"vm_steps":23},"text":{"cache_hits":0,"legacy_auto_reads":0,"storage_reads":0,"utf8_bytes":0,"zstd_decodes":0}}}],"status":"complete"},"lane_receipts":[{"candidate_count":1,"candidate_details_omitted":true,"coverage":{"complete":true,"examined":null,"scope":"hard_scope","total_lower_bound":1},"elapsed_us":1156,"lane_id":"exact_symbol","schema_version":1,"status":"complete","truncation_reason":null,"weight":1.1},{"candidate_count":1,"candidate_details_omitted":true,"coverage":{"complete":true,"examined":null,"scope":"hard_scope","total_lower_bound":1},"elapsed_us":241,"lane_id":"path","schema_version":1,"status":"complete","truncation_reason":null,"weight":1.0},{"candidate_count":2,"candidate_details_omitted":true,"coverage":{"complete":true,"examined":null,"scope":"hard_scope","total_lower_bound":2},"elapsed_us":215,"lane_id":"lexical","schema_version":1,"status":"complete","truncation_reason":null,"weight":1.1},{"candidate_count":2,"candidate_details_omitted":true,"coverage":{"complete":true,"examined":2,"scope":"hard_scope","total_lower_bound":2},"elapsed_us":3658,"lane_id":"grep","schema_version":1,"status":"complete","truncation_reason":null,"weight":0.8},{"candidate_count":2,"candidate_details_omitted":true,"coverage":{"complete":true,"examined":null,"scope":"hard_scope","total_lower_bound":2},"elapsed_us":1193,"lane_id":"graph","schema_version":1,"status":"complete","truncation_reason":null,"weight":0.6},{"candidate_count":0,"candidate_details_omitted":true,"coverage":{"complete":false,"examined":null,"scope":"hard_scope","total_lower_bound":0},"elapsed_us":464,"lane_id":"semantic","schema_version":1,"status":"unavailable","truncation_reason":"query_vector_not_encoded","weight":1.0}],"policy":{"deadline_ms":30000,"details_omitted":true,"effective":"semantic","graph_source_mapping":"uid_byte_decl_docs;not_whole_body:v2","intent":"locate","lane_timeout_ms":20000,"path_source_domain":"canonical_scoped_exact_else_bounded_tokens;not_whole_body:v3","requested":"semantic","semantic_state":"configured","semantic_timeout_ms":5000,"semantic_top_k":24,"version":"query-policy-local-semantic-canonical-path-domain-v4"},"scope":{"budget":{"exact_symbol_candidates":24,"grep_candidates":12,"grep_enabled":true,"grep_scan_cap":20000,"lexical_candidates":24,"path_candidates":24,"rerank_window":40,"top_k":10,"units":"chunks; grep_scan_cap=decompressions; scope_receipt_v1; not_total_cost"},"details_omitted":true,"hard":{"empty":false,"explicit_file_count":null,"languages":null,"path_prefix":null,"path_prefix_truncated":false,"semantics":"conjunctive_case_sensitive_repo_paths; explicit_empty_denies"},"ordering":["exact_identity_first","rerank_score_desc","chunk_id_asc"],"policy":"canonical-scoped-exact-path-domain-compact-context-budget-v22","schema_version":1,"soft":{"contributions":"score_trace=additive; stage_a_already_included; raw_hint_paths_omitted","hint_entries":{"overlay":0,"pinned":0,"recent":0,"working":0},"preselected_count":1,"role":"ranking_and_scan_priority_only"}}},"search_hits":2,"selection":{"facets":{"implementation":2},"input_candidates":2,"intent":"locate","intent_facet_anchors":{},"limit_omitted":0,"original_ranks":[1,2],"overlap":{"fully_covered_candidates":0,"input_bytes":66,"redundant_bytes":0,"unique_bytes":66},"requested_limit":10,"selected":2,"selected_overlap":{"fully_covered_candidates":0,"input_bytes":66,"redundant_bytes":0,"unique_bytes":66},"source_covered_omissions":0,"source_support_anchors":[],"source_support_scope":"cue_window:v1","spec":"anchored-facets-distinctive-source-union-v2","unmet_facets":[]},"source_freshness":{"budget_exhausted":false,"checked_files":1,"dense_manifest_fence":{"checked":0,"skip_disposition":"stale_publication_skipped","skipped":0},"generation":{"evidence_epoch":1,"incarnation":[56,71,219,93,56,188,73,151,21,10,35,37,164,137,90,206],"index_epoch":5,"semantic_epoch":3},"hydrator":"current-document-scope-source-generation-v1","omitted_files":{},"partial":false,"read_budget_charged":66,"scope":"disk_generation:v1","validation_work":{"candidate_projection_sql":{"fullscan_steps":0,"rows":2,"sorts":0,"statements":1,"vm_steps":76},"coverage":"current final-assembly attempt SELECTs for manifest, symbol identity and candidate projection; excludes prior attempts, transaction control, originating retrieval, generation, dense fence, graph and disk work; not total cost","schema_version":1,"source_records_sql":{"fullscan_steps":0,"rows":10,"sorts":0,"statements":9,"vm_steps":292}},"verified_hits":2}},"intent":"locate","invalidations":[],"machine_pack":{"hits":[{"breadcrumb":"needle","chunk_id":"chunk:needle.py:0","end_line":2,"file_path":"needle.py","fused_score":0.08989441930618403,"graph_score":0.07931471805599452,"grep_score":0.5,"lane":null,"language":"python","lexical_score":1.0,"metadata":{"details_omitted":true,"document":{"doc_key":"29b2fa88c6d6c8741c47ad873ba80a25c628b882a28ea3cfaa7fcc69e6982938","doc_version":"9ba68969fd43b00f97a9fade36d3cd19b8f57a4b7c6dffacb8c050c2e9b29f62","encoding_key":"78fc8c83484a6639e37e832f30a8eb8310c8ad26eada3a4ec3d936c1f152fede","entity_key":"16a369932cc2a7589f395b34b3b8def8bbad6a04e00672428487964152c26486"},"qname":"needle","source_evidence":{"boundary":"symbol","owner":{"end":28,"start":0},"signature":{"end":18,"start":0},"slice_digest":"c748e325d98b5f174763b313c05ece587900d99690eedbce11f75639788c6b8b","source":{"byte_len":66,"content_digest":"bdb975ad92107a0524d6a7c217816cd1e50bb1d97a36ef892318fbe837bf8857","encoding":"utf8","snapshot_id":"735799399424072b1b6cc95488ff63f55c094da4b32573a4555bf731c014f141"},"span":{"end":28,"start":0}},"source_freshness":{"disk_checked":true,"hydrator":"current-document-scope-source-generation-v1","status":"current_verified"}},"reasons":["exact-target","exact_symbol@1","path@1","lexical@1","grep@2","symbol-exact","fts-summary","path-token:needle","symbol:needle","preselect:fts-summary:+1.40","preselect:token-search:+3.00"],"rerank_score":0.8196888975800265,"score_trace":[["rrf:exact_symbol",0.021568627450980395],["rrf:path",0.0196078431372549],["rrf:lexical",0.021568627450980395],["rrf:grep",0.015384615384615385],["rrf:graph",0.011764705882352941],["overlap",0.35],["boost:symbol-exact",0.18],["boost:stage-a",0.17600006285704412],["boost:graph-rerank",0.023794415416798356]],"source":"index","start_line":1,"symbol_kind":"function","symbol_name":"needle","text":"def needle():\n    return 731"},{"breadcrumb":"neighbor","chunk_id":"chunk:needle.py:1","end_line":5,"file_path":"needle.py","fused_score":0.048378582202111615,"graph_score":0.06931471805599453,"grep_score":1.0,"lane":null,"language":"python","lexical_score":0.5,"metadata":{"details_omitted":true,"document":{"doc_key":"3fd56c438273f4e97d76268fc1e74f7bccba6b16d9f0ef414ca67b0829003e65","doc_version":"09f385ca69393d6173161facbcb1551167f9785fcdd2ccc650f1c531bc0259ed","encoding_key":"02118b2a2349b99c9efe9684d529683cd659e52f1e28e19c864bc915175c7693","entity_key":"f8d3da2a91268bb9b93e59ca9b06d751804a9221f3d218b5a8798fab2dc8e40d"},"qname":"neighbor","source_evidence":{"boundary":"symbol","owner":{"end":65,"start":30},"signature":{"end":50,"start":30},"slice_digest":"dec7813dc4d5e300de152b45e0cb2a89c688f0a75f1501c57aa7eb68130081dd","source":{"byte_len":66,"content_digest":"bdb975ad92107a0524d6a7c217816cd1e50bb1d97a36ef892318fbe837bf8857","encoding":"utf8","snapshot_id":"735799399424072b1b6cc95488ff63f55c094da4b32573a4555bf731c014f141"},"span":{"end":66,"start":28}},"source_freshness":{"disk_checked":true,"hydrator":"current-document-scope-source-generation-v1","status":"current_verified"}},"reasons":["lexical@2","grep@1","fts-summary","path-token:needle","symbol:needle","preselect:fts-summary:+1.40","preselect:token-search:+3.00"],"rerank_score":0.5951730604759541,"score_trace":[["rrf:lexical",0.021153846153846155],["rrf:grep",0.01568627450980392],["rrf:graph",0.011538461538461537],["overlap",0.35],["boost:stage-a",0.17600006285704412],["boost:graph-rerank",0.020794415416798356]],"source":"index","start_line":2,"symbol_kind":"function","symbol_name":"neighbor","text":"\n\ndef neighbor():\n    return needle()\n"}],"kind":"code_index_context","query":"needle","repo_size_tier":"Tiny","token_budget":4000,"top_k":10},"nodes":[{"backing_file_path":"needle.py","backing_source":null,"confidence":0.8,"depends_on":[],"end_line":2,"file_path":"needle.py","freshness":null,"invalidation_keys":[],"metadata":{"representation":"machine_hit_reference"},"node_id":"search:chunk:needle.py:0","node_type":"SEARCH_HIT","rank_explanation":null,"reasons":[],"relation":null,"role":"primary","score":0.8196888975800265,"source":"index","source_end_line":2,"source_start_line":1,"span_kind":"reference","start_line":1,"text":"","title":"needle.py needle:1-2","token_estimate":0},{"backing_file_path":"needle.py","backing_source":null,"confidence":0.8,"depends_on":[],"end_line":5,"file_path":"needle.py","freshness":null,"invalidation_keys":[],"metadata":{"representation":"machine_hit_reference"},"node_id":"search:chunk:needle.py:1","node_type":"SEARCH_HIT","rank_explanation":null,"reasons":[],"relation":null,"role":"primary","score":0.5951730604759541,"source":"index","source_end_line":5,"source_start_line":2,"span_kind":"reference","start_line":2,"text":"","title":"needle.py neighbor:2-5","token_estimate":0},{"backing_file_path":null,"backing_source":null,"confidence":1.0,"depends_on":[],"end_line":null,"file_path":"needle.py","freshness":null,"invalidation_keys":[],"metadata":null,"node_id":"graph:caller:uid:ed8e61924345e59a924de3bf","node_type":"CALL_EDGE","rank_explanation":null,"reasons":[],"relation":null,"role":"neighbor","score":0.0,"source":"graph","source_end_line":null,"source_start_line":null,"span_kind":null,"start_line":5,"text":"caller: neighbor → needle (needle.py:5)","title":"Caller: neighbor","token_estimate":10},{"backing_file_path":null,"backing_source":null,"confidence":1.0,"depends_on":[],"end_line":null,"file_path":"needle.py","freshness":null,"invalidation_keys":[],"metadata":null,"node_id":"graph:callee:uid:3732066f97516c2c2f8efb6e","node_type":"CALL_EDGE","rank_explanation":null,"reasons":[],"relation":null,"role":"neighbor","score":0.0,"source":"graph","source_end_line":null,"source_start_line":null,"span_kind":null,"start_line":5,"text":"callee: neighbor → needle (needle.py:5)","title":"Callee: needle","token_estimate":10}],"query":"needle","reasons":["hybrid search over code index","graph-enriched"],"rendered_prompt":"Complete source is in machine_pack.hits; references have no source body.","resolution_freshness":{"basis_epoch":null,"complete":true,"completed_files":0,"index_epoch":5,"reason":null,"retry":null,"root_count":0,"scope":"observed_resolution_invalidations","status":"ready"},"revision":0,"spans":[{"end_line":2,"file_path":"needle.py","label":"needle","node_id":"search:chunk:needle.py:0","start_line":1},{"end_line":5,"file_path":"needle.py","label":"neighbor","node_id":"search:chunk:needle.py:1","start_line":2}],"summary":"Found 2 indexed code result(s) across 1 file(s) for `needle`.","task":"needle","token_budget":4000,"token_estimate":3209},"tool":"context"}
V18_JSON {"args":{"aspect":"capabilities"},"result":{"capabilities":{"graph":true,"impact":true,"search":true},"has_index":true,"has_project":true,"indexed_files":1,"indexed_symbols":2,"resolution_freshness":{"basis_epoch":null,"complete":true,"completed_files":0,"index_epoch":5,"reason":null,"retry":null,"root_count":0,"scope":"observed_resolution_invalidations","status":"ready"},"retrieval":{"consistency":"point_in_time","default_effective_strategy":"auto","default_query_state":"available_with_per_query_checks","default_strategy":"auto","dense_desired":2,"dense_published":2,"dense_reason":null,"dense_state":"ready","diagnostic_sources":{"build":"BuildExplain on index response","graph":"GraphExplain on query response","lanes":"evidence_summary.retrieval.lanes or lane_receipts","packing":"evidence_summary.packing","selection":"evidence_summary.selection","semantic":"evidence_summary.retrieval.semantic (dense lane receipt projection)","source":"evidence_summary.source_freshness"},"execution":{"async_admitted":0,"async_in_flight":0,"async_limit":8,"completed":38,"cpu_admitted":0,"cpu_in_flight":0,"cpu_limit":4,"queue_limit":32,"rejected":0},"execution_scope":"process_shared_not_project_local","generation":{"evidence_epoch":1,"incarnation":[56,71,219,93,56,188,73,151,21,10,35,37,164,137,90,206],"index_epoch":5,"semantic_epoch":3},"generation_scope":"observed_database_snapshot","identity_validation":"checked_at_observation_boundary","index_state":"available","local_state":"available","pin_scope":"owned_query_views_including_inflight_clones_not_request_count","query_coverage":{"scope":"per_query_not_global","state":"not_measured"},"query_encoding":{"configured_opt_in":false,"network_authorized":false,"reason":"query_network_opt_in_required","request_scope":"nonlocal_nonempty_only"},"query_pins":0,"resolution_freshness":{"basis_epoch":null,"complete":true,"completed_files":0,"index_epoch":5,"reason":null,"retry":null,"root_count":0,"scope":"observed_resolution_invalidations","status":"ready"},"semantic_active_space":"2eac300964ae66ba95651ecaa7c7c6aafb0c9aecbd8a130cfc50c030cd8688d4","semantic_failed":0,"semantic_pending":0,"semantic_state":"ready","service_state_scope":"process_observed_separately","spec":"retrieval-capabilities-v2"}},"tool":"status"}
V18_JSON {"args":{"aspect":"all"},"result":{"capabilities":{"capabilities":{"graph":true,"impact":true,"search":true},"has_index":true,"has_project":true,"indexed_files":1,"indexed_symbols":2,"retrieval":{"consistency":"point_in_time","default_effective_strategy":"auto","default_query_state":"available_with_per_query_checks","default_strategy":"auto","dense_desired":2,"dense_published":2,"dense_reason":null,"dense_state":"ready","diagnostic_sources":{"build":"BuildExplain on index response","graph":"GraphExplain on query response","lanes":"evidence_summary.retrieval.lanes or lane_receipts","packing":"evidence_summary.packing","selection":"evidence_summary.selection","semantic":"evidence_summary.retrieval.semantic (dense lane receipt projection)","source":"evidence_summary.source_freshness"},"execution":{"async_admitted":0,"async_in_flight":0,"async_limit":8,"completed":38,"cpu_admitted":0,"cpu_in_flight":0,"cpu_limit":4,"queue_limit":32,"rejected":0},"execution_scope":"process_shared_not_project_local","generation":{"evidence_epoch":1,"incarnation":[56,71,219,93,56,188,73,151,21,10,35,37,164,137,90,206],"index_epoch":5,"semantic_epoch":3},"generation_scope":"observed_database_snapshot","identity_validation":"checked_at_observation_boundary","index_state":"available","local_state":"available","pin_scope":"owned_query_views_including_inflight_clones_not_request_count","query_coverage":{"scope":"per_query_not_global","state":"not_measured"},"query_encoding":{"configured_opt_in":false,"network_authorized":false,"reason":"query_network_opt_in_required","request_scope":"nonlocal_nonempty_only"},"query_pins":0,"resolution_freshness":{"basis_epoch":null,"complete":true,"completed_files":0,"index_epoch":5,"reason":null,"retry":null,"root_count":0,"scope":"observed_resolution_invalidations","status":"ready"},"semantic_active_space":"2eac300964ae66ba95651ecaa7c7c6aafb0c9aecbd8a130cfc50c030cd8688d4","semantic_failed":0,"semantic_pending":0,"semantic_state":"ready","service_state_scope":"process_observed_separately","spec":"retrieval-capabilities-v2"}},"diagnostics":{"auto_index_enabled":false,"db_schema_version":25,"last_indexed_at":"2026-10-08T05:00:22.095508932+00:00","lock_poison_recovered":false,"query_execution":{"async_admitted":0,"async_in_flight":0,"async_limit":8,"completed":38,"cpu_admitted":0,"cpu_in_flight":0,"cpu_limit":4,"queue_limit":32,"rejected":0},"retrieval":{"consistency":"point_in_time","default_effective_strategy":"auto","default_query_state":"available_with_per_query_checks","default_strategy":"auto","dense_desired":2,"dense_published":2,"dense_reason":null,"dense_state":"ready","diagnostic_sources":{"build":"BuildExplain on index response","graph":"GraphExplain on query response","lanes":"evidence_summary.retrieval.lanes or lane_receipts","packing":"evidence_summary.packing","selection":"evidence_summary.selection","semantic":"evidence_summary.retrieval.semantic (dense lane receipt projection)","source":"evidence_summary.source_freshness"},"execution":{"async_admitted":0,"async_in_flight":0,"async_limit":8,"completed":38,"cpu_admitted":0,"cpu_in_flight":0,"cpu_limit":4,"queue_limit":32,"rejected":0},"execution_scope":"process_shared_not_project_local","generation":{"evidence_epoch":1,"incarnation":[56,71,219,93,56,188,73,151,21,10,35,37,164,137,90,206],"index_epoch":5,"semantic_epoch":3},"generation_scope":"observed_database_snapshot","identity_validation":"checked_at_observation_boundary","index_state":"available","local_state":"available","pin_scope":"owned_query_views_including_inflight_clones_not_request_count","query_coverage":{"scope":"per_query_not_global","state":"not_measured"},"query_encoding":{"configured_opt_in":false,"network_authorized":false,"reason":"query_network_opt_in_required","request_scope":"nonlocal_nonempty_only"},"query_pins":0,"resolution_freshness":{"basis_epoch":null,"complete":true,"completed_files":0,"index_epoch":5,"reason":null,"retry":null,"root_count":0,"scope":"observed_resolution_invalidations","status":"ready"},"semantic_active_space":"2eac300964ae66ba95651ecaa7c7c6aafb0c9aecbd8a130cfc50c030cd8688d4","semantic_failed":0,"semantic_pending":0,"semantic_state":"ready","service_state_scope":"process_observed_separately","spec":"retrieval-capabilities-v2"},"schema_version":25,"search_cache":{"graph_hit_rate":0.16666666666666666,"graph_hits":1,"graph_misses":5,"result_hit_rate":0.0,"result_hits":0,"result_misses":0},"semantic_configured":true},"index":{"index_version":"1.0.0","indexed_call_edges":1,"indexed_chunks":2,"indexed_diagnostics":0,"indexed_files":1,"indexed_literals":0,"indexed_route_edges":0,"indexed_symbol_refs":1,"indexed_symbols":2,"indexed_test_edges":0,"last_indexed_at":"2026-10-08T05:00:22.095508932+00:00","project_path":"/tmp/.tmp7M5jUf/project","resolution_freshness":{"basis_epoch":null,"complete":true,"completed_files":0,"index_epoch":5,"reason":null,"retry":null,"root_count":0,"scope":"observed_resolution_invalidations","status":"ready"}},"resolution_freshness":{"basis_epoch":null,"complete":true,"completed_files":0,"index_epoch":5,"reason":null,"retry":null,"root_count":0,"scope":"observed_resolution_invalidations","status":"ready"},"runtime_evidence":{"distinct_linked_edges":0,"evidence_rows":0,"linked_evidence_rows":0,"total_observations":0},"schema":{"edge_counts":{"call_edges":1,"co_change_edges":0,"data_flow_edges":1,"http_call_edges":0,"imports":0,"routes":0,"semantic_edges":3,"symbol_refs":1,"test_edges":0},"edge_properties":{"ASYNC_CALLS":{"filterable":["method","call_kind","broker_type"],"informational":["confidence","url_or_path","normalized_path"]},"CALLS":{"filterable":["dispatch_kind","call_kind","resolution_kind","parser_tier","synthesized_by"],"informational":["confidence","parser_confidence","synthesis_key","registered_file"]},"CONTAINS_FILE":{"filterable":["relation_kind"],"informational":["confidence"]},"CONTAINS_MODULE":{"filterable":["relation_kind"],"informational":["confidence"]},"CO_CHANGE":{"filterable":[],"informational":["confidence","co_change_count","total_commits_a","total_commits_b"]},"DATA_FLOW":{"filterable":["flow_kind"],"informational":["confidence","env_key"]},"DECORATES":{"filterable":["relation_kind"],"informational":["confidence"]},"DEFINES":{"filterable":["relation_kind"],"informational":["confidence"]},"DEFINES_METHOD":{"filterable":["relation_kind"],"informational":["confidence"]},"HANDLES":{"filterable":["method","framework","route_kind"],"informational":["confidence","route_path","handler_name","normalized_path"]},"HTTP_CALL":{"filterable":["method","call_kind","broker_type"],"informational":["confidence","url_or_path","normalized_path"]},"HTTP_CALLS":{"filterable":["method","call_kind","broker_type"],"informational":["confidence","url_or_path","normalized_path"]},"IMPLEMENTS":{"filterable":["relation_kind"],"informational":["confidence"]},"IMPORTS":{"filterable":["imported_name","alias","is_namespace","is_default","is_reexport"],"informational":["import_string","resolved_path"]},"INHERITS":{"filterable":["relation_kind"],"informational":["confidence"]},"REFERENCES":{"filterable":["ref_kind","resolution_kind"],"informational":["symbol_name","ref_name","target_symbol_uid"]},"REFS":{"filterable":["ref_kind","resolution_kind"],"informational":["symbol_name","ref_name","target_symbol_uid"]},"RENDERS_COMPONENT":{"filterable":["relation_kind"],"informational":["confidence"]},"ROUTE":{"filterable":["method","framework","route_kind"],"informational":["confidence","route_path","handler_name","normalized_path"]},"ROUTES":{"filterable":["method","framework","route_kind"],"informational":["confidence","route_path","handler_name","normalized_path"]},"SEMANTIC":{"filterable":["relation_kind"],"informational":["confidence"]},"TESTS":{"filterable":["reason"],"informational":["confidence"]},"THROWS":{"filterable":["relation_kind"],"informational":["confidence"]},"USES_TYPE":{"filterable":["relation_kind"],"informational":["confidence"]}},"edge_provenance":{"by_dispatch_kind":{"direct":1},"by_resolution":{"heuristic":0,"tree_sitter":1,"unresolved":0},"by_synthesized_by":{},"synthesized":0,"total_call_edges":1},"example_queries":[{"cypher":"MATCH (f:Function) RETURN f.name, f.file_path LIMIT 20","description":"Find all functions in the index"},{"cypher":"MATCH (caller:Function)-[:CALLS]->(f:Function {name: 'TARGET_NAME'}) RETURN caller.name, caller.file_path","description":"Find callers of a specific function"},{"cypher":"MATCH (r:Route)-[:HANDLES]->(f:Function) RETURN r.route_path, r.method, f.name, f.file_path","description":"Find HTTP routes and their handlers"},{"cypher":"MATCH (f:Function) WHERE in_degree(f) = 0 RETURN f.name, f.file_path LIMIT 20","description":"Find potentially dead code (functions with zero in-degree)"},{"cypher":"MATCH (c:Class)-[:INHERITS]->(parent:Class) RETURN c.name, parent.name, c.file_path","description":"Find type hierarchy (inheritance)"}],"next_tool_hints":{"description":"Recommended tools for exploring specific graph relationships","hints":{"ASYNC_CALLS":"architecture(aspect='services') for service map; ingest_traces to validate with runtime data","CALLS":"trace(from, to, source_mode='body') for call paths; relations(symbol, kind='callers'|'callees') for direct edges","CONTAINS_FILE":"relations(symbol, kind='hierarchy') for type hierarchy; node(symbol, include='trail') for overview","CONTAINS_MODULE":"relations(symbol, kind='hierarchy') for type hierarchy; node(symbol, include='trail') for overview","DATA_FLOW":"explore(symbols, mode='flow') for data dependencies; relations(symbol, kind='refs') for references","DECORATES":"relations(symbol, kind='hierarchy') for type hierarchy; node(symbol, include='trail') for overview","DEFINES":"relations(symbol, kind='hierarchy') for type hierarchy; node(symbol, include='trail') for overview","DEFINES_METHOD":"relations(symbol, kind='hierarchy') for type hierarchy; node(symbol, include='trail') for overview","HANDLES":"architecture(aspect='routes') for all routes; explore(symbols, mode='flow') for request flow","HTTP_CALL":"architecture(aspect='services') for service map; ingest_traces to validate with runtime data","HTTP_CALLS":"architecture(aspect='services') for service map; ingest_traces to validate with runtime data","IMPLEMENTS":"relations(symbol, kind='hierarchy') for type hierarchy; node(symbol, include='trail') for overview","IMPORTS":"architecture(aspect='deps') for dependency map; relations(symbol, kind='refs') for symbol-level references","INHERITS":"relations(symbol, kind='hierarchy') for type hierarchy; node(symbol, include='trail') for overview","REFERENCES":"architecture(aspect='deps') for dependency map; relations(symbol, kind='refs') for symbol-level references","REFS":"architecture(aspect='deps') for dependency map; relations(symbol, kind='refs') for symbol-level references","RENDERS_COMPONENT":"relations(symbol, kind='hierarchy') for type hierarchy; node(symbol, include='trail') for overview","ROUTE":"architecture(aspect='routes') for all routes; explore(symbols, mode='flow') for request flow","ROUTES":"architecture(aspect='routes') for all routes; explore(symbols, mode='flow') for request flow","SEMANTIC":"relations(symbol, kind='hierarchy') for type hierarchy; node(symbol, include='trail') for overview","TESTS":"find_dead_code(include_tests=false) before pruning; explore(symbols, mode='overview') for coverage context","THROWS":"relations(symbol, kind='hierarchy') for type hierarchy; node(symbol, include='trail') for overview","USES_TYPE":"relations(symbol, kind='hierarchy') for type hierarchy; node(symbol, include='trail') for overview","runtime_evidence":"ingest_traces(traces) to add observations; status(aspect='schema') to check current evidence counts"}},"node_kinds":[{"count":2,"kind":"function"}],"relationship_patterns":[{"description":"Direct or dynamic function call","edge":"CALLS","from":"Function","table":"call_edges","to":"Function"},{"description":"Import dependency between files/modules","edge":"IMPORTS","from":"File","table":"imports","to":"File"},{"description":"Test file covers a code file","edge":"TESTS","from":"File","table":"test_edges","to":"File"},{"description":"HTTP route mapped to handler function","edge":"HANDLES","from":"Route","table":"routes","to":"Function"},{"description":"File declares an HTTP route","edge":"ROUTES","from":"File","table":"routes","to":"Route"},{"description":"Symbol reference from one file to another","edge":"REFERENCES","from":"File","table":"symbol_refs","to":"File"},{"description":"Files frequently changed together in commits","edge":"CO_CHANGE","from":"File","table":"co_change_edges","to":"File"},{"description":"Data flows between functions","edge":"DATA_FLOW","from":"Function","table":"data_flow_edges","to":"Function"},{"description":"Code makes an outbound HTTP request","edge":"HTTP_CALLS","from":"Function","table":"http_call_edges","to":"Route"},{"description":"Compatibility alias for HTTP_CALLS outbound HTTP requests","edge":"HTTP_CALL","from":"Function","table":"http_call_edges","to":"Route"},{"description":"Code dispatches async or gRPC-style outbound work","edge":"ASYNC_CALLS","from":"Function","table":"http_call_edges","to":"Route"},{"description":"Class inheritance (extends)","edge":"INHERITS","from":"Class","table":"semantic_edges","to":"Class"},{"description":"Interface implementation","edge":"IMPLEMENTS","from":"Class","table":"semantic_edges","to":"Interface"},{"description":"Decorator / annotation application","edge":"DECORATES","from":"Function","table":"semantic_edges","to":"Function"},{"description":"Exception / error throw relation","edge":"THROWS","from":"Function","table":"semantic_edges","to":"Class"},{"description":"Type usage in parameters or return types","edge":"USES_TYPE","from":"Function","table":"semantic_edges","to":"Class"},{"description":"React/Vue component renders another component","edge":"RENDERS_COMPONENT","from":"Function","table":"semantic_edges","to":"Function"},{"description":"File defines a top-level symbol","edge":"DEFINES","from":"File","table":"semantic_edges","to":"Symbol"},{"description":"Class/struct defines a method","edge":"DEFINES_METHOD","from":"Class","table":"semantic_edges","to":"Method"},{"description":"Folder/module contains a file","edge":"CONTAINS_FILE","from":"Module","table":"semantic_edges","to":"File"},{"description":"Module contains a submodule","edge":"CONTAINS_MODULE","from":"Module","table":"semantic_edges","to":"Module"}],"runtime_evidence":{"http_edge_coverage_pct":0.0,"matched_to_edges":0,"total_evidence":0,"unmatched":0},"runtime_evidence_edges":["HTTP_CALLS","HTTP_CALL"],"total_chunks":2,"total_files":1}},"tool":"status"}
V18_JSON {"embedding_http_calls":2,"only_loopback":true,"query_http_calls":0,"real_credentials":false,"synthetic_vectors":true}
[2m2026-10-08T05:00:22.673069Z[0m [32m INFO[0m [1mserve_inner[0m[2m:[0m [2mrmcp::service[0m[2m:[0m input stream terminated
[2m2026-10-08T05:00:22.673153Z[0m [32m INFO[0m [1mserve_inner[0m[2m:[0m [2mrmcp::service[0m[2m:[0m serve finished [3mquit_reason[0m[2m=[0mClosed
[2m2026-10-08T05:00:22.673351Z[0m [32m INFO[0m [2mcc_server::mcp[0m[2m:[0m MCP server shut down gracefully
V18_JSON {"args":{"task":"needle"},"result":{"evidence_summary":{"files":["needle.py"],"graph_enrichment":{"callees_added":1,"callers_added":1,"symbols_resolved":2,"tests_found":0},"packing":{"compacted":true,"configured_max_bytes":18000,"continuation":"Use files region/expand on retained references; recheck source version.","limit_bytes":16000,"omitted_hits":0,"omitted_nodes":0,"original_hits":2,"original_nodes":4,"partial":false,"spec":"whole-json-intent-facets-source-support-before-incidental-v5","token_estimate_method":"ceil(serialized_utf8_bytes/4); not a tokenizer","used_bytes":12541},"retrieval":{"cost":{"coverage":"originating_work; full scope: retrieval-cost schema v1","fused_candidates":2,"hydrate_requested":2,"hydration":{"sql":{"fullscan_steps":0,"rows":10,"sorts":0,"statements":9,"vm_steps":386},"text":{"cache_hits":2,"legacy_auto_reads":0,"storage_reads":0,"utf8_bytes":66,"zstd_decodes":0}},"lane_candidates":{"exact_symbol":1,"graph":2,"grep":2,"lexical":2,"path":1},"lexical_sql":{"fullscan_steps":0,"rows":2,"sorts":1,"statements":1,"vm_steps":59},"schema_version":1},"grep":{"fallback_scanned":0,"prefilter_failed":false,"prefilter_scanned":0,"reason":null,"scan_cap":20000,"scanned":2,"skipped_duplicates":4,"soft_scanned":2,"stages":[{"stage":"soft","work":{"sql":{"fullscan_steps":0,"rows":2,"sorts":0,"statements":1,"vm_steps":29},"text":{"cache_hits":0,"legacy_auto_reads":0,"storage_reads":2,"utf8_bytes":66,"zstd_decodes":0}}},{"stage":"prefilter","work":{"sql":{"fullscan_steps":0,"rows":2,"sorts":1,"statements":1,"vm_steps":58},"text":{"cache_hits":0,"legacy_auto_reads":0,"storage_reads":0,"utf8_bytes":0,"zstd_decodes":0}}},{"stage":"fallback","work":{"sql":{"fullscan_steps":1,"rows":2,"sorts":0,"statements":1,"vm_steps":23},"text":{"cache_hits":0,"legacy_auto_reads":0,"storage_reads":0,"utf8_bytes":0,"zstd_decodes":0}}}],"status":"complete"},"lane_receipts":[{"candidate_count":1,"candidate_details_omitted":true,"coverage":{"complete":true,"examined":null,"scope":"hard_scope","total_lower_bound":1},"elapsed_us":327,"lane_id":"exact_symbol","schema_version":1,"status":"complete","truncation_reason":null,"weight":1.1},{"candidate_count":1,"candidate_details_omitted":true,"coverage":{"complete":true,"examined":null,"scope":"hard_scope","total_lower_bound":1},"elapsed_us":392,"lane_id":"path","schema_version":1,"status":"complete","truncation_reason":null,"weight":1.0},{"candidate_count":2,"candidate_details_omitted":true,"coverage":{"complete":true,"examined":null,"scope":"hard_scope","total_lower_bound":2},"elapsed_us":313,"lane_id":"lexical","schema_version":1,"status":"complete","truncation_reason":null,"weight":1.1},{"candidate_count":2,"candidate_details_omitted":true,"coverage":{"complete":true,"examined":2,"scope":"hard_scope","total_lower_bound":2},"elapsed_us":7268,"lane_id":"grep","schema_version":1,"status":"complete","truncation_reason":null,"weight":0.8},{"candidate_count":2,"candidate_details_omitted":true,"coverage":{"complete":true,"examined":null,"scope":"hard_scope","total_lower_bound":2},"elapsed_us":1430,"lane_id":"graph","schema_version":1,"status":"complete","truncation_reason":null,"weight":0.6}],"policy":{"deadline_ms":30000,"details_omitted":true,"effective":"local","graph_source_mapping":"uid_byte_decl_docs;not_whole_body:v2","intent":"locate","lane_timeout_ms":20000,"path_source_domain":"canonical_scoped_exact_else_bounded_tokens;not_whole_body:v3","requested":"auto","semantic_state":"not_configured","semantic_timeout_ms":5000,"semantic_top_k":24,"version":"query-policy-local-semantic-canonical-path-domain-v4"},"scope":{"budget":{"exact_symbol_candidates":24,"grep_candidates":12,"grep_enabled":true,"grep_scan_cap":20000,"lexical_candidates":24,"path_candidates":24,"rerank_window":40,"top_k":10,"units":"chunks; grep_scan_cap=decompressions; scope_receipt_v1; not_total_cost"},"details_omitted":true,"hard":{"empty":false,"explicit_file_count":null,"languages":null,"path_prefix":null,"path_prefix_truncated":false,"semantics":"conjunctive_case_sensitive_repo_paths; explicit_empty_denies"},"ordering":["exact_identity_first","rerank_score_desc","chunk_id_asc"],"policy":"canonical-scoped-exact-path-domain-compact-context-budget-v22","schema_version":1,"soft":{"contributions":"score_trace=additive; stage_a_already_included; raw_hint_paths_omitted","hint_entries":{"overlay":0,"pinned":0,"recent":0,"working":0},"preselected_count":1,"role":"ranking_and_scan_priority_only"}}},"search_hits":2,"selection":{"facets":{"implementation":2},"input_candidates":2,"intent":"locate","intent_facet_anchors":{},"limit_omitted":0,"original_ranks":[1,2],"overlap":{"fully_covered_candidates":0,"input_bytes":66,"redundant_bytes":0,"unique_bytes":66},"requested_limit":10,"selected":2,"selected_overlap":{"fully_covered_candidates":0,"input_bytes":66,"redundant_bytes":0,"unique_bytes":66},"source_covered_omissions":0,"source_support_anchors":[],"source_support_scope":"cue_window:v1","spec":"anchored-facets-distinctive-source-union-v2","unmet_facets":[]},"source_freshness":{"budget_exhausted":false,"checked_files":1,"dense_manifest_fence":{"checked":0,"skip_disposition":"stale_publication_skipped","skipped":0},"generation":{"evidence_epoch":1,"incarnation":[117,108,193,211,95,60,163,249,1,167,18,91,80,104,126,116],"index_epoch":5,"semantic_epoch":null},"hydrator":"current-document-scope-source-generation-v1","omitted_files":{},"partial":false,"read_budget_charged":66,"scope":"disk_generation:v1","validation_work":{"candidate_projection_sql":{"fullscan_steps":0,"rows":2,"sorts":0,"statements":1,"vm_steps":76},"coverage":"current final-assembly attempt SELECTs for manifest, symbol identity and candidate projection; excludes prior attempts, transaction control, originating retrieval, generation, dense fence, graph and disk work; not total cost","schema_version":1,"source_records_sql":{"fullscan_steps":0,"rows":10,"sorts":0,"statements":9,"vm_steps":292}},"verified_hits":2}},"intent":"locate","invalidations":[],"machine_pack":{"hits":[{"breadcrumb":"needle","chunk_id":"chunk:needle.py:0","end_line":2,"file_path":"needle.py","fused_score":0.08989441930618403,"graph_score":0.07931471805599452,"grep_score":0.5,"lane":null,"language":"python","lexical_score":1.0,"metadata":{"details_omitted":true,"document":{"doc_key":"29b2fa88c6d6c8741c47ad873ba80a25c628b882a28ea3cfaa7fcc69e6982938","doc_version":"9ba68969fd43b00f97a9fade36d3cd19b8f57a4b7c6dffacb8c050c2e9b29f62","encoding_key":"78fc8c83484a6639e37e832f30a8eb8310c8ad26eada3a4ec3d936c1f152fede","entity_key":"16a369932cc2a7589f395b34b3b8def8bbad6a04e00672428487964152c26486"},"qname":"needle","source_evidence":{"boundary":"symbol","owner":{"end":28,"start":0},"signature":{"end":18,"start":0},"slice_digest":"c748e325d98b5f174763b313c05ece587900d99690eedbce11f75639788c6b8b","source":{"byte_len":66,"content_digest":"bdb975ad92107a0524d6a7c217816cd1e50bb1d97a36ef892318fbe837bf8857","encoding":"utf8","snapshot_id":"735799399424072b1b6cc95488ff63f55c094da4b32573a4555bf731c014f141"},"span":{"end":28,"start":0}},"source_freshness":{"disk_checked":true,"hydrator":"current-document-scope-source-generation-v1","status":"current_verified"}},"reasons":["exact-target","exact_symbol@1","path@1","lexical@1","grep@2","symbol-exact","fts-summary","path-token:needle","symbol:needle","preselect:fts-summary:+1.40","preselect:token-search:+3.00"],"rerank_score":0.8196888975800265,"score_trace":[["rrf:exact_symbol",0.021568627450980395],["rrf:path",0.0196078431372549],["rrf:lexical",0.021568627450980395],["rrf:grep",0.015384615384615385],["rrf:graph",0.011764705882352941],["overlap",0.35],["boost:symbol-exact",0.18],["boost:stage-a",0.17600006285704412],["boost:graph-rerank",0.023794415416798356]],"source":"index","start_line":1,"symbol_kind":"function","symbol_name":"needle","text":"def needle():\n    return 731"},{"breadcrumb":"neighbor","chunk_id":"chunk:needle.py:1","end_line":5,"file_path":"needle.py","fused_score":0.048378582202111615,"graph_score":0.06931471805599453,"grep_score":1.0,"lane":null,"language":"python","lexical_score":0.5,"metadata":{"details_omitted":true,"document":{"doc_key":"3fd56c438273f4e97d76268fc1e74f7bccba6b16d9f0ef414ca67b0829003e65","doc_version":"09f385ca69393d6173161facbcb1551167f9785fcdd2ccc650f1c531bc0259ed","encoding_key":"02118b2a2349b99c9efe9684d529683cd659e52f1e28e19c864bc915175c7693","entity_key":"f8d3da2a91268bb9b93e59ca9b06d751804a9221f3d218b5a8798fab2dc8e40d"},"qname":"neighbor","source_evidence":{"boundary":"symbol","owner":{"end":65,"start":30},"signature":{"end":50,"start":30},"slice_digest":"dec7813dc4d5e300de152b45e0cb2a89c688f0a75f1501c57aa7eb68130081dd","source":{"byte_len":66,"content_digest":"bdb975ad92107a0524d6a7c217816cd1e50bb1d97a36ef892318fbe837bf8857","encoding":"utf8","snapshot_id":"735799399424072b1b6cc95488ff63f55c094da4b32573a4555bf731c014f141"},"span":{"end":66,"start":28}},"source_freshness":{"disk_checked":true,"hydrator":"current-document-scope-source-generation-v1","status":"current_verified"}},"reasons":["lexical@2","grep@1","fts-summary","path-token:needle","symbol:needle","preselect:fts-summary:+1.40","preselect:token-search:+3.00"],"rerank_score":0.5951730604759541,"score_trace":[["rrf:lexical",0.021153846153846155],["rrf:grep",0.01568627450980392],["rrf:graph",0.011538461538461537],["overlap",0.35],["boost:stage-a",0.17600006285704412],["boost:graph-rerank",0.020794415416798356]],"source":"index","start_line":2,"symbol_kind":"function","symbol_name":"neighbor","text":"\n\ndef neighbor():\n    return needle()\n"}],"kind":"code_index_context","query":"needle","repo_size_tier":"Tiny","token_budget":4000,"top_k":10},"nodes":[{"backing_file_path":"needle.py","backing_source":null,"confidence":0.8,"depends_on":[],"end_line":2,"file_path":"needle.py","freshness":null,"invalidation_keys":[],"metadata":{"representation":"machine_hit_reference"},"node_id":"search:chunk:needle.py:0","node_type":"SEARCH_HIT","rank_explanation":null,"reasons":[],"relation":null,"role":"primary","score":0.8196888975800265,"source":"index","source_end_line":2,"source_start_line":1,"span_kind":"reference","start_line":1,"text":"","title":"needle.py needle:1-2","token_estimate":0},{"backing_file_path":"needle.py","backing_source":null,"confidence":0.8,"depends_on":[],"end_line":5,"file_path":"needle.py","freshness":null,"invalidation_keys":[],"metadata":{"representation":"machine_hit_reference"},"node_id":"search:chunk:needle.py:1","node_type":"SEARCH_HIT","rank_explanation":null,"reasons":[],"relation":null,"role":"primary","score":0.5951730604759541,"source":"index","source_end_line":5,"source_start_line":2,"span_kind":"reference","start_line":2,"text":"","title":"needle.py neighbor:2-5","token_estimate":0},{"backing_file_path":null,"backing_source":null,"confidence":1.0,"depends_on":[],"end_line":null,"file_path":"needle.py","freshness":null,"invalidation_keys":[],"metadata":null,"node_id":"graph:caller:uid:ed8e61924345e59a924de3bf","node_type":"CALL_EDGE","rank_explanation":null,"reasons":[],"relation":null,"role":"neighbor","score":0.0,"source":"graph","source_end_line":null,"source_start_line":null,"span_kind":null,"start_line":5,"text":"caller: neighbor → needle (needle.py:5)","title":"Caller: neighbor","token_estimate":10},{"backing_file_path":null,"backing_source":null,"confidence":1.0,"depends_on":[],"end_line":null,"file_path":"needle.py","freshness":null,"invalidation_keys":[],"metadata":null,"node_id":"graph:callee:uid:3732066f97516c2c2f8efb6e","node_type":"CALL_EDGE","rank_explanation":null,"reasons":[],"relation":null,"role":"neighbor","score":0.0,"source":"graph","source_end_line":null,"source_start_line":null,"span_kind":null,"start_line":5,"text":"callee: neighbor → needle (needle.py:5)","title":"Callee: needle","token_estimate":10}],"query":"needle","reasons":["hybrid search over code index","graph-enriched"],"rendered_prompt":"Complete source is in machine_pack.hits; references have no source body.","resolution_freshness":{"basis_epoch":null,"complete":true,"completed_files":0,"index_epoch":5,"reason":null,"retry":null,"root_count":0,"scope":"observed_resolution_invalidations","status":"ready"},"revision":0,"spans":[{"end_line":2,"file_path":"needle.py","label":"needle","node_id":"search:chunk:needle.py:0","start_line":1},{"end_line":5,"file_path":"needle.py","label":"neighbor","node_id":"search:chunk:needle.py:1","start_line":2}],"summary":"Found 2 indexed code result(s) across 1 file(s) for `needle`.","task":"needle","token_budget":4000,"token_estimate":3136},"tool":"context"}
V18_JSON {"args":{"retrieval_strategy":"auto","task":"needle"},"result":{"evidence_summary":{"files":["needle.py"],"graph_enrichment":{"callees_added":1,"callers_added":1,"symbols_resolved":2,"tests_found":0},"packing":{"compacted":true,"configured_max_bytes":18000,"continuation":"Use files region/expand on retained references; recheck source version.","limit_bytes":16000,"omitted_hits":0,"omitted_nodes":0,"original_hits":2,"original_nodes":4,"partial":false,"spec":"whole-json-intent-facets-source-support-before-incidental-v5","token_estimate_method":"ceil(serialized_utf8_bytes/4); not a tokenizer","used_bytes":12834},"retrieval":{"cost":{"coverage":"originating_work; full scope: retrieval-cost schema v1","fused_candidates":2,"hydrate_requested":2,"hydration":{"sql":{"fullscan_steps":0,"rows":10,"sorts":0,"statements":9,"vm_steps":386},"text":{"cache_hits":2,"legacy_auto_reads":0,"storage_reads":0,"utf8_bytes":66,"zstd_decodes":0}},"lane_candidates":{"exact_symbol":1,"graph":2,"grep":2,"lexical":2,"path":1,"semantic":0},"lexical_sql":{"fullscan_steps":0,"rows":2,"sorts":1,"statements":1,"vm_steps":59},"schema_version":1},"grep":{"fallback_scanned":0,"prefilter_failed":false,"prefilter_scanned":0,"reason":null,"scan_cap":20000,"scanned":2,"skipped_duplicates":4,"soft_scanned":2,"stages":[{"stage":"soft","work":{"sql":{"fullscan_steps":0,"rows":2,"sorts":0,"statements":1,"vm_steps":29},"text":{"cache_hits":0,"legacy_auto_reads":0,"storage_reads":2,"utf8_bytes":66,"zstd_decodes":0}}},{"stage":"prefilter","work":{"sql":{"fullscan_steps":0,"rows":2,"sorts":1,"statements":1,"vm_steps":58},"text":{"cache_hits":0,"legacy_auto_reads":0,"storage_reads":0,"utf8_bytes":0,"zstd_decodes":0}}},{"stage":"fallback","work":{"sql":{"fullscan_steps":1,"rows":2,"sorts":0,"statements":1,"vm_steps":23},"text":{"cache_hits":0,"legacy_auto_reads":0,"storage_reads":0,"utf8_bytes":0,"zstd_decodes":0}}}],"status":"complete"},"lane_receipts":[{"candidate_count":1,"candidate_details_omitted":true,"coverage":{"complete":true,"examined":null,"[2m2026-10-08T05:00:22.680366Z[0m [32m INFO[0m [2mcc_db::index_db_rebuild[0m[2m:[0m full rebuild: temp database ready for swap
scope":"hard_scope","total_lower_bound":1},"elapsed_us":263,"lane_id":"exact_symbol","schema_version":1,"status":"complete","truncation_reason":null,"weight":1.1},{"candidate_count":1,"candidate_details_omitted":true,"coverage":{"complete":true,"examined":null,"scope":"hard_scope","total_lower_bound":1},"elapsed_us":285,"lane_id":"path","schema_version":1,"status":"complete","truncation_reason":null,"weight":1.0},{"candidate_count":2,"candidate_details_omitted":true,"coverage":{"complete":true,"examined":null,"scope":"hard_scope","total_lower_bound":2},"elapsed_us":151,"lane_id":"lexical","schema_version":1,"status":"complete","truncation_reason":null,"weight":1.1},{"candidate_count":2,"candidate_details_omitted":true,"coverage":{"complete":true,"examined":2,"scope":"hard_scope","total_lower_bound":2},"elapsed_us":3461,"lane_id":"grep","schema_version":1,"status":"complete","truncation_reason":null,"weight":0.8},{"candidate_count":2,"candidate_details_omitted":true,"coverage":{"complete":true,"examined":null,"scope":"hard_scope","total_lower_bound":2},"elapsed_us":1398,"lane_id":"graph","schema_version":1,"status":"complete","truncation_reason":null,"weight":0.6},{"candidate_count":0,"candidate_details_omitted":true,"coverage":{"complete":false,"examined":null,"scope":"hard_scope","total_lower_bound":0},"elapsed_us":120,"lane_id":"semantic","schema_version":1,"status":"unavailable","truncation_reason":"query_vector_not_encoded","weight":1.0}],"policy":{"deadline_ms":30000,"details_omitted":true,"effective":"auto","graph_source_mapping":"uid_byte_decl_docs;not_whole_body:v2","intent":"locate","lane_timeout_ms":20000,"path_source_domain":"canonical_scoped_exact_else_bounded_tokens;not_whole_body:v3","requested":"auto","semantic_state":"configured","semantic_timeout_ms":5000,"semantic_top_k":24,"version":"query-policy-local-semantic-canonical-path-domain-v4"},"scope":{"budget":{"exact_symbol_candidates":24,"grep_candidates":12,"grep_enabled":true,"grep_scan_cap":20000,"lexical_candidates":24,"path_candidates":24,"rerank_window":40,"top_k":10,"units":"chunks; grep_scan_cap=decompressions; scope_receipt_v1; not_total_cost"},"details_omitted":true,"hard":{"empty":false,"explicit_file_count":null,"languages":null,"path_prefix":null,"path_prefix_truncated":false,"semantics":"conjunctive_case_sensitive_repo_paths; explicit_empty_denies"},"ordering":["exact_identity_first","rerank_score_desc","chunk_id_asc"],"policy":"canonical-scoped-exact-path-domain-compact-context-budget-v22","schema_version":1,"soft":{"contributions":"score_trace=additive; stage_a_already_included; raw_hint_paths_omitted","hint_entries":{"overlay":0,"pinned":0,"recent":0,"working":0},"preselected_count":1,"role":"ranking_and_scan_priority_only"}}},"search_hits":2,"selection":{"facets":{"implementation":2},"input_candidates":2,"intent":"locate","intent_facet_anchors":{},"limit_omitted":0,"original_ranks":[1,2],"overlap":{"fully_covered_candidates":0,"input_bytes":66,"redundant_bytes":0,"unique_bytes":66},"requested_limit":10,"selected":2,"selected_overlap":{"fully_covered_candidates":0,"input_bytes":66,"redundant_bytes":0,"unique_bytes":66},"source_covered_omissions":0,"source_support_anchors":[],"source_support_scope":"cue_window:v1","spec":"anchored-facets-distinctive-source-union-v2","unmet_facets":[]},"source_freshness":{"budget_exhausted":false,"checked_files":1,"dense_manifest_fence":{"checked":0,"skip_disposition":"stale_publication_skipped","skipped":0},"generation":{"evidence_epoch":1,"incarnation":[90,44,160,158,32,83,228,166,125,252,45,198,179,10,244,239],"index_epoch":5,"semantic_epoch":null},"hydrator":"current-document-scope-source-generation-v1","omitted_files":{},"partial":false,"read_budget_charged":66,"scope":"disk_generation:v1","validation_work":{"candidate_projection_sql":{"fullscan_steps":0,"rows":2,"sorts":0,"statements":1,"vm_steps":76},"coverage":"[2m2026-10-08T05:00:22.680565Z[0m [32m INFO[0m [2mcc_index::memory_budget[0m[2m:[0m memory budget initialized [3mtotal_ram_mb[0m[2m=[0m15989 [3mbudget_mb[0m[2m=[0m7994 [3mfraction[0m[2m=[0m0.5
current final-assembly attempt SELECTs for manifest, symbol identity and candidate projection; excludes prior attempts, transaction control, originating retrieval, generation, dense fence, graph and disk work; not total cost","schema_version":1,"source_records_sql":{"fullscan_steps":0,"rows":10,"sorts":0,"statements":9,"vm_steps":292}},"verified_hits":2}},"intent":"locate","invalidations":[],"machine_pack":{"hits":[{"breadcrumb":"needle","chunk_id":"chunk:needle.py:0","end_line":2,"file_path":"needle.py","fused_score":0.08989441930618403,"graph_score":0.07931471805599452,"grep_score":0.5,"lane":null,"language":"python","lexical_score":1.0,"metadata":{"details_omitted":true,"document":{"doc_key":"29b2fa88c6d6c8741c47ad873ba80a25c628b882a28ea3cfaa7fcc69e6982938","doc_version":"9ba68969fd43b00f97a9fade36d3cd19b8f57a4b7c6dffacb8c050c2e9b29f62","encoding_key":"78fc8c83484a6639e37e832f30a8eb8310c8ad26eada3a4ec3d936c1f152fede","entity_key":"16a369932cc2a7589f395b34b3b8def8bbad6a04e00672428487964152c26486"},"qname":"needle","source_evidence":{"boundary":"symbol","owner":{"end":28,"start":0},"signature":{"end":18,"start":0},"slice_digest":"c748e325d98b5f174763b313c05ece587900d99690eedbce11f75639788c6b8b","source":{"byte_len":66,"content_digest":"bdb975ad92107a0524d6a7c217816cd1e50bb1d97a36ef892318fbe837bf8857","encoding":"utf8","snapshot_id":"735799399424072b1b6cc95488ff63f55c094da4b32573a4555bf731c014f141"},"span":{"end":28,"start":0}},"source_freshness":{"disk_checked":true,"hydrator":"current-document-scope-source-generation-v1","status":"current_verified"}},"reasons":["exact-target","exact_symbol@1","path@1","lexical@1","grep@2","symbol-exact","fts-summary","path-token:needle","symbol:needle","preselect:fts-summary:+1.40","preselect:token-search:+3.00"],"rerank_score":0.8196888975800265,"score_trace":[["rrf:exact_symbol",0.021568627450980395],["rrf:path",0.0196078431372549],["rrf:lexical",0.021568627450980395],["rrf:grep",0.015384615384615385],["rrf:graph",0.011764705882352941],["overlap",0.35],["boost:symbol-exact",0.18],["boost:stage-a",0.17600006285704412],["boost:graph-rerank",0.023794415416798356]],"source":"index","start_line":1,"symbol_kind":"function","symbol_name":"needle","text":"def needle():\n    return 731"},{"breadcrumb":"neighbor","chunk_id":"chunk:needle.py:1","end_line":5,"file_path":"needle.py","fused_score":0.048378582202111615,"graph_score":0.06931471805599453,"grep_score":1.0,"lane":null,"language":"python","lexical_score":0.5,"metadata":{"details_omitted":true,"document":{"doc_key":"3fd56c438273f4e97d76268fc1e74f7bccba6b16d9f0ef414ca67b0829003e65","doc_version":"09f385ca69393d6173161facbcb1551167f9785fcdd2ccc650f1c531bc0259ed","encoding_key":"02118b2a2349b99c9efe9684d529683cd659e52f1e28e19c864bc915175c7693","entity_key":"f8d3da2a91268bb9b93e59ca9b06d751804a9221f3d218b5a8798fab2dc8e40d"},"qname":"neighbor","source_evidence":{"boundary":"symbol","owner":{"end":65,"start":30},"signature":{"end":50,"start":30},"slice_digest":"dec7813dc4d5e300de152b45e0cb2a89c688f0a75f1501c57aa7eb68130081dd","source":{"byte_len":66,"content_digest":"bdb975ad92107a0524d6a7c217816cd1e50bb1d97a36ef892318fbe837bf8857","encoding":"utf8","snapshot_id":"735799399424072b1b6cc95488ff63f55c094da4b32573a4555bf731c014f141"},"span":{"end":66,"start":28}},"source_freshness":{"disk_checked":true,"hydrator":"current-document-scope-source-generation-v1","status":"current_verified"}},"reasons":["lexical@2","grep@1","fts-summary","path-token:needle","symbol:needle","preselect:fts-summary:+1.40","preselect:token-search:+3.00"],"rerank_score":0.5951730604759541,"score_trace":[["rrf:lexical",0.021153846153846155],["rrf:grep",0.01568627450980392],["rrf:graph",0.011538461538461537],["overlap",0.35],["boost:stage-a",0.17600006285704412],["boost:graph-rerank",0.020794415416798356]],"source":"index","start_line":2,"symbol_kind":"function","symbol_name":"neighbor","text":"\n\ndef neighbor():\n    return needle()\n"}],"kind":"code_index_context","query":"needle","repo_size_tier":"Tiny","token_budget":4000,"top_k":10},"nodes":[{"backing_file_path":"needle.py","backing_source":null,"confidence":0.8,"depends_on":[],"end_line":2,"file_path":"needle.py","freshness":null,"invalidation_keys":[],"metadata":{"representation":"machine_hit_reference"},"node_id":"search:chunk:needle.py:0","node_type":"SEARCH_HIT","rank_explanation":null,"reasons":[],"relation":null,"role":"primary","score":0.8196888975800265,"source":"index","source_end_line":2,"source_start_line":1,"span_kind":"reference","start_line":1,"text":"","title":"needle.py needle:1-2","token_estimate":0},{"backing_file_path":"needle.py","backing_source":null,"confidence":0.8,"depends_on":[],"end_line":5,"file_path":"needle.py","freshness":null,"invalidation_keys":[],"metadata":{"representation":"machine_hit_reference"},"node_id":"search:chunk:needle.py:1","node_type":"SEARCH_HIT","rank_explanation":null,"reasons":[],"relation":null,"role":"primary","score":0.5951730604759541,"source":"index","source_end_line":5,"source_start_line":2,"span_kind":"reference","start_line":2,"text":"","title":"needle.py neighbor:2-5","token_estimate":0},{"backing_file_path":null,"backing_source":null,"confidence":1.0,"depends_on":[],"end_line":null,"file_path":"needle.py","freshness":null,"invalidation_keys":[],"metadata":null,"node_id":"graph:caller:uid:ed8e61924345e59a924de3bf","node_type":"CALL_EDGE","rank_explanation":null,"reasons":[],"relation":null,"role":"neighbor","score":0.0,"source":"graph","source_end_line":null,"source_start_line":null,"span_kind":null,"start_line":5,"text":"caller: neighbor → needle (needle.py:5)","title":"Caller: neighbor","token_estimate":10},{"backing_file_path":null,"backing_source":null,"confidence":1.0,"depends_on":[],"end_line":null,"file_path":"needle.py","freshness":null,"invalidation_keys":[],"metadata":null,"node_id":"graph:callee:uid:3732066f97516c2c2f8efb6e","node_type":"CALL_EDGE","rank_explanation":null,"reasons":[],"relation":null,"role":"neighbor","score":0.0,"source":"graph","source_end_line":null,"source_start_line":null,"span_kind":null,"start_line":5,"text":"callee: neighbor → needle (needle.py:5)","title":"Callee: needle","token_estimate":10}],"query":"needle","reasons":["hybrid search over code index","graph-enriched"],"rendered_prompt":"Complete source is in machine_pack.hits; references have no source body.","resolution_freshness":{"basis_epoch":null,"complete":true,"completed_files":0,"index_epoch":5,"reason":null,"retry":null,"root_count":0,"scope":"observed_resolution_invalidations","status":"ready"},"revision":0,"spans":[{"end_line":2,"file_path":"needle.py","label":"needle","node_id":"search:chunk:needle.py:0","start_line":1},{"end_line":5,"file_path":"needle.py","label":"neighbor","node_id":"search:chunk:needle.py:1","start_line":2}],"summary":"Found 2 indexed code result(s) across 1 file(s) for `needle`.","task":"needle","token_budget":4000,"token_estimate":3209},"tool":"context"}
test loopback::ready_publication_status_keeps_request_policy_and_per_query_coverage_distinct ... ok
V18_JSON {"args":{"retrieval_strategy":null,"task":"needle"},"result":{"evidence_summary":{"files":["needle.py"],"graph_enrichment":{"callees_added":1,"callers_added":1,"symbols_resolved":2,"tests_found":0},"packing":{"compacted":true,"configured_max_bytes":18000,"continuation":"Use files region/expand on retained references; recheck source version.","limit_bytes":16000,"omitted_hits":0,"omitted_nodes":0,"original_hits":2,"original_nodes":4,"partial":false,"spec":"whole-json-intent-facets-source-support-before-incidental-v5","token_estimate_method":"ceil(serialized_utf8_bytes/4); not a tokenizer","used_bytes":12541},"retrieval":{"cost":{"coverage":"originating_work; full scope: retrieval-cost schema v1","fused_candidates":2,"hydrate_requested":2,"hydration":{"sql":{"fullscan_steps":0,"rows":10,"sorts":0,"statements":9,"vm_steps":386},"text":{"cache_hits":2,"legacy_auto_reads":0,"storage_reads":0,"utf8_bytes":66,"zstd_decodes":0}},"lane_candidates":{"exact_symbol":1,"graph":2,"grep":2,"lexical":2,"path":1},"lexical_sql":{"fullscan_steps":0,"rows":2,"sorts":1,"statements":1,"vm_steps":59},"schema_version":1},"grep":{"fallback_scanned":0,"prefilter_failed":false,"prefilter_scanned":0,"reason":null,"scan_cap":20000,"scanned":2,"skipped_duplicates":4,"soft_scanned":2,"stages":[{"stage":"soft","work":{"sql":{"fullscan_steps":0,"rows":2,"sorts":0,"statements":1,"vm_steps":29},"text":{"cache_hits":0,"legacy_auto_reads":0,"storage_reads":2,"utf8_bytes":66,"zstd_decodes":0}}},{"stage":"prefilter","work":{"sql":{"fullscan_steps":0,"rows":2,"sorts":1,"statements":1,"vm_steps":58},"text":{"cache_hits":0,"legacy_auto_reads":0,"storage_reads":0,"utf8_bytes":0,"zstd_decodes":0}}},{"stage":"fallback","work":{"sql":{"fullscan_steps":1,"rows":2,"sorts":0,"statements":1,"vm_steps":23},"text":{"cache_hits":0,"legacy_auto_reads":0,"storage_reads":0,"utf8_bytes":0,"zstd_decodes":0}}}],"status":"complete"},"lane_receipts":[{"candidate_count":1,"candidate_details_omitted":true,"coverage":{"complete":true,"examined":null,"scope":"hard_scope","total_lower_bound":1},"elapsed_us":327,"lane_id":"exact_symbol","schema_version":1,"status":"complete","truncation_reason":null,"weight":1.1},{"candidate_count":1,"candidate_details_omitted":true,"coverage":{"complete":true,"examined":null,"scope":"hard_scope","total_lower_bound":1},"elapsed_us":392,"lane_id":"path","schema_version":1,"status":"complete","truncation_reason":null,"weight":1.0},{"candidate_count":2,"candidate_details_omitted":true,"coverage":{"complete":true,"examined":null,"scope":"hard_scope","total_lower_bound":2},"elapsed_us":313,"lane_id":"lexical","schema_version":1,"status":"complete","truncation_reason":null,"weight":1.1},{"candidate_count":2,"candidate_details_omitted":true,"coverage":{"complete":true,"examined":2,"scope":"hard_scope","total_lower_bound":2},"elapsed_us":7268,"lane_id":"grep","schema_version":1,"status":"complete","truncation_reason":null,"weight":0.8},{"candidate_count":2,"candidate_details_omitted":true,"coverage":{"complete":true,"examined":null,"scope":"hard_scope","total_lower_bound":2},"elapsed_us":1430,"lane_id":"graph","schema_version":1,"status":"complete","truncation_reason":null,"weight":0.6}],"policy":{"deadline_ms":30000,"details_omitted":true,"effective":"local","graph_source_mapping":"uid_byte_decl_docs;not_whole_body:v2","intent":"locate","lane_timeout_ms":20000,"path_source_domain":"canonical_scoped_exact_else_bounded_tokens;not_whole_body:v3","requested":"auto","semantic_state":"not_configured","semantic_timeout_ms":5000,"semantic_top_k":24,"version":"query-policy-local-semantic-canonical-path-domain-v4"},"scope":{"budget":{"exact_symbol_candidates":24,"grep_candidates":12,"grep_enabled":true,"grep_scan_cap":20000,"lexical_candidates":24,"path_candidates":24,"rerank_window":40,"top_k":10,"units":"chunks; grep_scan_cap=decompressions; scope_receipt_v1; not_total_cost"},"details_omitted":true,"hard":{"empty":false,"explicit_file_count":null,"languages":null,"path_prefix":null,"path_prefix_truncated":false,"semantics":"conjunctive_case_sensitive_repo_paths; explicit_empty_denies"},"ordering":["exact_identity_first","rerank_score_desc","chunk_id_asc"],"policy":"canonical-scoped-exact-path-domain-compact-context-budget-v22","schema_version":1,"soft":{"contributions":"score_trace=additive; stage_a_already_included; raw_hint_paths_omitted","hint_entries":{"overlay":0,"pinned":0,"recent":0,"working":0},"preselected_count":1,"role":"ranking_and_scan_priority_only"}}},"search_hits":2,"selection":{"facets":{"implementation":2},"input_candidates":2,"intent":"locate","intent_facet_anchors":{},"limit_omitted":0,"original_ranks":[1,2],"overlap":{"fully_covered_candidates":0,"input_bytes":66,"redundant_bytes":0,"unique_bytes":66},"requested_limit":10,"selected":2,"selected_overlap":{"fully_covered_candidates":0,"input_bytes":66,"redundant_bytes":0,"unique_bytes":66},"source_covered_omissions":0,"source_support_anchors":[],"source_support_scope":"cue_window:v1","spec":"anchored-facets-distinctive-source-union-v2","unmet_facets":[]},"source_freshness":{"budget_exhausted":false,"checked_files":1,"dense_manifest_fence":{"checked":0,"skip_disposition":"stale_publication_skipped","skipped":0},"generation":{"evidence_epoch":1,"incarnation":[117,108,193,211,95,60,163,249,1,167,18,91,80,104,126,116],"index_epoch":5,"semantic_epoch":null},"hydrator":"current-document-scope-source-generation-v1","omitted_files":{},"partial":false,"read_budget_charged":66,"scope":"disk_generation:v1","validation_work":{"candidate_projection_sql":{"fullscan_steps":0,"rows":2,"sorts":0,"statements":1,"vm_steps":76},"coverage":"current final-assembly attempt SELECTs for manifest, symbol identity and candidate projection; excludes prior attempts, transaction control, originating retrieval, generation, dense fence, graph and disk work; not total cost","schema_version":1,"source_records_sql":{"fullscan_steps":0,"rows":10,"sorts":0,"statements":9,"vm_steps":292}},"verified_hits":2}},"intent":"locate","invalidations":[],"machine_pack":{"hits":[{"breadcrumb":"needle","chunk_id":"chunk:needle.py:0","end_line":2,"file_path":"needle.py","fused_score":0.08989441930618403,"graph_score":0.07931471805599452,"grep_score":0.5,"lane":null,"language":"python","lexical_score":1.0,"metadata":{"details_omitted":true,"document":{"doc_key":"29b2fa88c6d6c8741c47ad873ba80a25c628b882a28ea3cfaa7fcc69e6982938","doc_version":"9ba68969fd43b00f97a9fade36d3cd19b8f57a4b7c6dffacb8c050c2e9b29f62","encoding_key":"78fc8c83484a6639e37e832f30a8eb8310c8ad26eada3a4ec3d936c1f152fede","entity_key":"16a369932cc2a7589f395b34b3b8def8bbad6a04e00672428487964152c26486"},"qname":"needle","source_evidence":{"boundary":"symbol","owner":{"end":28,"start":0},"signature":{"end":18,"start":0},"slice_digest":"c748e325d98b5f174763b313c05ece587900d99690eedbce11f75639788c6b8b","source":{"byte_len":66,"content_digest":"bdb975ad92107a0524d6a7c217816cd1e50bb1d97a36ef892318fbe837bf8857","encoding":"utf8","snapshot_id":"735799399424072b1b6cc95488ff63f55c094da4b32573a4555bf731c014f141"},"span":{"end":28,"start":0}},"source_freshness":{"disk_checked":true,"hydrator":"current-document-scope-source-generation-v1","status":"current_verified"}},"reasons":["exact-target","exact_symbol@1","path@1","lexical@1","grep@2","symbol-exact","fts-summary","path-token:needle","symbol:needle","preselect:fts-summary:+1.40","preselect:token-search:+3.00"],"rerank_score":0.8196888975800265,"score_trace":[["rrf:exact_symbol",0.021568627450980395],["rrf:path",0.0196078431372549],["rrf:lexical",0.021568627450980395],["rrf:grep",0.015384615384615385],["rrf:graph",0.011764705882352941],["overlap",0.35],["boost:symbol-exact",0.18],["boost:stage-a",0.17600006285704412],["boost:graph-rerank",0.023794415416798356]],"source":"index","start_line":1,"symbol_kind":"function","symbol_name":"needle","text":"def needle():\n    return 731"},{"breadcrumb":"neighbor","chunk_id":"chunk:needle.py:1","end_line":5,"file_path":"needle.py","fused_score":0.048378582202111615,"graph_score":0.06931471805599453,"grep_score":1.0,"lane":null,"language":"python","lexical_score":0.5,"metadata":{"details_omitted":true,"document":{"doc_key":"3fd56c438273f4e97d76268fc1e74f7bccba6b16d9f0ef414ca67b0829003e65","doc_version":"09f385ca69393d6173161facbcb1551167f9785fcdd2ccc650f1c531bc0259ed","encoding_key":"02118b2a2349b99c9efe9684d529683cd659e52f1e28e19c864bc915175c7693","entity_key":"f8d3da2a91268bb9b93e59ca9b06d751804a9221f3d218b5a8798fab2dc8e40d"},"qname":"neighbor","source_evidence":{"boundary":"symbol","owner":{"end":65,"start":30},"signature":{"end":50,"start":30},"slice_digest":"dec7813dc4d5e300de152b45e0cb2a89c688f0a75f1501c57aa7eb68130081dd","source":{"byte_len":66,"content_digest":"bdb975ad92107a0524d6a7c217816cd1e50bb1d97a36ef892318fbe837bf8857","encoding":"utf8","snapshot_id":"735799399424072b1b6cc95488ff63f55c094da4b32573a4555bf731c014f141"},"span":{"end":66,"start":28}},"source_freshness":{"disk_checked":true,"hydrator":"current-document-scope-source-generation-v1","status":"current_verified"}},"reasons":["lexical@2","grep@1","fts-summary","path-token:needle","symbol:needle","preselect:fts-summary:+1.40","preselect:token-search:+3.00"],"rerank_score":0.5951730604759541,"score_trace":[["rrf:lexical",0.021153846153846155],["rrf:grep",0.01568627450980392],["rrf:graph",0.011538461538461537],["overlap",0.35],["boost:stage-a",0.17600006285704412],["boost:graph-rerank",0.020794415416798356]],"source":"index","start_line":2,"symbol_kind":"function","symbol_name":"neighbor","text":"\n\ndef neighbor():\n    return needle()\n"}],"kind":"code_index_context","query":"needle","repo_size_tier":"Tiny","token_budget":4000,"top_k":10},"nodes":[{"backing_file_path":"needle.py","backing_source":null,"confidence":0.8,"depends_on":[],"end_line":2,"file_path":"needle.py","freshness":null,"invalidation_keys":[],"metadata":{"representation":"machine_hit_reference"},"node_id":"search:chunk:needle.py:0","node_type":"SEARCH_HIT","rank_explanation":null,"reasons":[],"relation":null,"role":"primary","score":0.8196888975800265,"source":"index","source_end_line":2,"source_start_line":1,"span_kind":"reference","start_line":1,"text":"","title":"needle.py needle:1-2","token_estimate":0},{"backing_file_path":"needle.py","backing_source":null,"confidence":0.8,"depends_on":[],"end_line":5,"file_path":"needle.py","freshness":null,"invalidation_keys":[],"metadata":{"representation":"machine_hit_reference"},"node_id":"search:chunk:needle.py:1","node_type":"SEARCH_HIT","rank_explanation":null,"reasons":[],"relation":null,"role":"primary","score":0.5951730604759541,"source":"index","source_end_line":5,"source_start_line":2,"span_kind":"reference","start_line":2,"text":"","title":"needle.py neighbor:2-5","token_estimate":0},{"backing_file_path":null,"backing_source":null,"confidence":1.0,"depends_on":[],"end_line":null,"file_path":"needle.py","freshness":null,"invalidation_keys":[],"metadata":null,"node_id":"graph:caller:uid:ed8e61924345e59a924de3bf","node_type":"CALL_EDGE","rank_explanation":null,"reasons":[],"relation":null,"role":"neighbor","score":0.0,"source":"graph","source_end_line":null,"source_start_line":null,"span_kind":null,"start_line":5,"text":"caller: neighbor → needle (needle.py:5)","title":"Caller: neighbor","token_estimate":10},{"backing_file_path":null,"backing_source":null,"confidence":1.0,"depends_on":[],"end_line":null,"file_path":"needle.py","freshness":null,"invalidation_keys":[],"metadata":null,"node_id":"graph:callee:uid:3732066f97516c2c2f8efb6e","node_type":"CALL_EDGE","rank_explanation":null,"reasons":[],"relation":null,"role":"neighbor","score":0.0,"source":"graph","source_end_line":null,"source_start_line":null,"span_kind":null,"start_line":5,"text":"callee: neighbor → needle (needle.py:5)","title":"Callee: needle","token_estimate":10}],"query":"needle","reasons":["hybrid search over code index","graph-enriched"],"rendered_prompt":"Complete source is in machine_pack.hits; references have no source body.","resolution_freshness":{"basis_epoch":null,"complete":true,"completed_files":0,"index_epoch":5,"reason":null,"retry":null,"root_count":0,"scope":"observed_resolution_invalidations","status":"ready"},"revision":0,"spans":[{"end_line":2,"file_path":"needle.py","label":"needle","node_id":"search:chunk:needle.py:0","start_line":1},{"end_line":5,"file_path":"needle.py","label":"neighbor","node_id":"search:chunk:needle.py:1","start_line":2}],"summary":"Found 2 indexed code result(s) across 1 file(s) for `needle`.","task":"needle","token_budget":4000,"token_estimate":3136},"tool":"context"}
V18_JSON {"args":{"retrieval_strategy":"local","task":"needle"},"result":{"evidence_summary":{"files":["needle.py"],"graph_enrichment":{"callees_added":1,"callers_added":1,"symbols_resolved":2,"tests_found":0},"packing":{"compacted":true,"configured_max_bytes":18000,"continuation":"Use files region/expand on retained references; recheck source version.","limit_bytes":16000,"omitted_hits":0,"omitted_nodes":0,"original_hits":2,"original_nodes":4,"partial":false,"spec":"whole-json-intent-facets-source-support-before-incidental-v5","token_estimate_method":"ceil(serialized_utf8_bytes/4); not a tokenizer","used_bytes":12538},"retrieval":{"cost":{"coverage":"originating_work; full scope: retrieval-cost schema v1","fused_candidates":2,"hydrate_requested":2,"hydration":{"sql":{"fullscan_steps":0,"rows":10,"sorts":0,"statements":9,"vm_steps":386},"text":{"cache_hits":2,"legacy_auto_reads":0,"storage_reads":0,"utf8_bytes":66,"zstd_decodes":0}},"lane_candidates":{"exact_symbol":1,"graph":2,"grep":2,"lexical":2,"path":1},"lexical_sql":{"fullscan_steps":0,"rows":2,"sorts":1,"statements":1,"vm_steps":59},"schema_version":1},"grep":{"fallback_scanned":0,"prefilter_failed":false,"prefilter_scanned":0,"reason":null,"scan_cap":20000,"scanned":2,"skipped_duplicates":4,"soft_scanned":2,"stages":[{"stage":"soft","work":{"sql":{"fullscan_steps":0,"rows":2,"sorts":0,"statements":1,"vm_steps":29},"text":{"cache_hits":0,"legacy_auto_reads":0,"storage_reads":2,"utf8_bytes":66,"zstd_decodes":0}}},{"stage":"prefilter","work":{"sql":{"fullscan_steps":0,"rows":2,"sorts":1,"statements":1,"vm_steps":58},"text":{"cache_hits":0,"legacy_auto_reads":0,"storage_reads":0,"utf8_bytes":0,"zstd_decodes":0}}},{"stage":"fallback","work":{"sql":{"fullscan_steps":1,"rows":2,"sorts":0,"statements":1,"vm_steps":23},"text":{"cache_hits":0,"legacy_auto_reads":0,"storage_reads":0,"utf8_bytes":0,"zstd_decodes":0}}}],"status":"complete"},"lane_receipts":[{"candidate_count":1,"candidate_details_omitted":true,"coverage":{"complete":true,"examined":null,"scope":"hard_scope","total_lower_bound":1},"elapsed_us":2169,"lane_id":"exact_symbol","schema_version":1,"status":"complete","truncation_reason":null,"weight":1.1},{"candidate_count":1,"candidate_details_omitted":true,"coverage":{"complete":true,"examined":null,"scope":"hard_scope","total_lower_bound":1},"elapsed_us":326,"lane_id":"path","schema_version":1,"status":"complete","truncation_reason":null,"weight":1.0},{"candidate_count":2,"candidate_details_omitted":true,"coverage":{"complete":true,"examined":null,"scope":"hard_scope","total_lower_bound":2},"elapsed_us":211,"lane_id":"lexical","schema_version":1,"status":"complete","truncation_reason":null,"weight":1.1},{"candidate_count":2,"candidate_details_omitted":true,"coverage":{"complete":true,"examined":2,"scope":"hard_scope","total_lower_bound":2},"elapsed_us":2093,"lane_id":"grep","schema_version":1,"status":"complete","truncation_reason":null,"weight":0.8},{"candidate_count":2,"candidate_details_omitted":true,"coverage":{"complete":true,"examined":null,"scope":"hard_scope","total_lower_bound":2},"elapsed_us":1552,"lane_id":"graph","schema_version":1,"status":"complete","truncation_reason":null,"weight":0.6}],"policy":{"deadline_ms":30000,"details_omitted":true,"effective":"local","graph_source_mapping":"uid_byte_decl_docs;not_whole_body:v2","intent":"locate","lane_timeout_ms":20000,"path_source_domain":"canonical_scoped_exact_else_bounded_tokens;not_whole_body:v3","requested":"local","semantic_state":"disabled","semantic_timeout_ms":5000,"semantic_top_k":24,"version":"query-policy-local-semantic-canonical-path-domain-v4"},"scope":{"budget":{"exact_symbol_candidates":24,"grep_candidates":12,"grep_enabled":true,"grep_scan_cap":20000,"lexical_candidates":24,"path_candidates":24,"rerank_window":40,"top_k":10,"units":"chunks; grep_scan_cap=decompressions; scope_receipt_v1; not_total_cost"},"details_omitted":true,"hard":{"empty":false,"explicit_file_count":null,"languages":null,"path_prefix":null,"path_prefix_truncated":false,"semantics":"conjunctive_case_sensitive_repo_paths; explicit_empty_denies"},"ordering":["exact_identity_first","rerank_score_desc","chunk_id_asc"],"policy":"canonical-scoped-exact-path-domain-compact-context-budget-v22","schema_version":1,"soft":{"contributions":"score_trace=additive; stage_a_already_included; raw_hint_paths_omitted","hint_entries":{"overlay":0,"pinned":0,"recent":0,"working":0},"preselected_count":1,"role":"ranking_and_scan_priority_only"}}},"search_hits":2,"selection":{"facets":{"implementation":2},"input_candidates":2,"intent":"locate","intent_facet_anchors":{},"limit_omitted":0,"original_ranks":[1,2],"overlap":{"fully_covered_candidates":0,"input_bytes":66,"redundant_bytes":0,"unique_bytes":66},"requested_limit":10,"selected":2,"selected_overlap":{"fully_covered_candidates":0,"input_bytes":66,"redundant_bytes":0,"unique_bytes":66},"source_covered_omissions":0,"source_support_anchors":[],"source_support_scope":"cue_window:v1","spec":"anchored-facets-distinctive-source-union-v2","unmet_facets":[]},"source_freshness":{"budget_exhausted":false,"checked_files":1,"dense_manifest_fence":{"checked":0,"skip_disposition":"stale_publication_skipped","skipped":0},"generation":{"evidence_epoch":1,"incarnation":[90,44,160,158,32,83,228,166,125,252,45,198,179,10,244,239],"index_epoch":5,"semantic_epoch":null},"hydrator":"current-document-scope-source-generation-v1","omitted_files":{},"partial":false,"read_budget_charged":66,"scope":"disk_generation:v1","validation_work":{"candidate_projection_sql":{"fullscan_steps":0,"rows":2,"sorts":0,"statements":1,"vm_steps":76},"coverage":"current final-assembly attempt SELECTs for manifest, symbol identity and candidate projection; excludes prior attempts, transaction control, originating retrieval, generation, dense fence, graph and disk work; not total cost","schema_version":1,"source_records_sql":{"fullscan_steps":0,"rows":10,"sorts":0,"statements":9,"vm_steps":292}},"verified_hits":2}},"intent":"locate","invalidations":[],"machine_pack":{"hits":[{"breadcrumb":"needle","chunk_id":"chunk:needle.py:0","end_line":2,"file_path":"needle.py","fused_score":0.08989441930618403,"graph_score":0.07931471805599452,"grep_score":0.5,"lane":null,"language":"python","lexical_score":1.0,"metadata":{"details_omitted":true,"document":{"doc_key":"29b2fa88c6d6c8741c47ad873ba80a25c628b882a28ea3cfaa7fcc69e6982938","doc_version":"9ba68969fd43b00f97a9fade36d3cd19b8f57a4b7c6dffacb8c050c2e9b29f62","encoding_key":"78fc8c83484a6639e37e832f30a8eb8310c8ad26eada3a4ec3d936c1f152fede","entity_key":"16a369932cc2a7589f395b34b3b8def8bbad6a04e00672428487964152c26486"},"qname":"needle","source_evidence":{"boundary":"symbol","owner":{"end":28,"start":0},"signature":{"end":18,"start":0},"slice_digest":"c748e325d98b5f174763b313c05ece587900d99690eedbce11f75639788c6b8b","source":{"byte_len":66,"content_digest":"bdb975ad92107a0524d6a7c217816cd1e50bb1d97a36ef892318fbe837bf8857","encoding":"utf8","snapshot_id":"735799399424072b1b6cc95488ff63f55c094da4b32573a4555bf731c014f141"},"span":{"end":28,"start":0}},"source_freshness":{"disk_checked":true,"hydrator":"current-document-scope-source-generation-v1","status":"current_verified"}},"reasons":["exact-target","exact_symbol@1","path@1","lexical@1","grep@2","symbol-exact","fts-summary","path-token:needle","symbol:needle","preselect:fts-summary:+1.40","preselect:token-search:+3.00"],"rerank_score":0.8196888975800265,"score_trace":[["rrf:exact_symbol",0.021568627450980395],["rrf:path",0.0196078431372549],["rrf:lexical",0.021568627450980395],["rrf:grep",0.015384615384615385],["rrf:graph",0.011764705882352941],["overlap",0.35],["boost:symbol-exact",0.18],["boost:stage-a",0.17600006285704412],["boost:graph-rerank",0.023794415416798356]],"source":"index","start_line":1,"symbol_kind":"function","symbol_name":"needle","text":"def needle():\n    return 731"},{"breadcrumb":"neighbor","chunk_id":"chunk:needle.py:1","end_line":5,"file_path":"needle.py","fused_score":0.048378582202111615,"graph_score":0.06931471805599453,"grep_score":1.0,"lane":null,"language":"python","lexical_score":0.5,"metadata":{"details_omitted":true,"document":{"doc_key":"3fd56c438273f4e97d76268fc1e74f7bccba6b16d9f0ef414ca67b0829003e65","doc_version":"09f385ca69393d6173161facbcb1551167f9785fcdd2ccc650f1c531bc0259ed","encoding_key":"02118b2a2349b99c9efe9684d529683cd659e52f1e28e19c864bc915175c7693","entity_key":"f8d3da2a91268bb9b93e59ca9b06d751804a9221f3d218b5a8798fab2dc8e40d"},"qname":"neighbor","source_evidence":{"boundary":"symbol","owner":{"end":65,"start":30},"signature":{"end":50,"start":30},"slice_digest":"dec7813dc4d5e300de152b45e0cb2a89c688f0a75f1501c57aa7eb68130081dd","source":{"byte_len":66,"content_digest":"bdb975ad92107a0524d6a7c217816cd1e50bb1d97a36ef892318fbe837bf8857","encoding":"utf8","snapshot_id":"735799399424072b1b6cc95488ff63f55c094da4b32573a4555bf731c014f141"},"span":{"end":66,"start":28}},"source_freshness":{"disk_checked":true,"hydrator":"current-document-scope-source-generation-v1","status":"current_verified"}},"reasons":["lexical@2","grep@1","fts-summary","path-token:needle","symbol:needle","preselect:fts-summary:+1.40","preselect:token-search:+3.00"],"rerank_score":0.5951730604759541,"score_trace":[["rrf:lexical",0.021153846153846155],["rrf:grep",0.01568627450980392],["rrf:graph",0.011538461538461537],["overlap",0.35],["boost:stage-a",0.17600006285704412],["boost:graph-rerank",0.020794415416798356]],"source":"index","start_line":2,"symbol_kind":"function","symbol_name":"neighbor","text":"\n\ndef neighbor():\n    return needle()\n"}],"kind":"code_index_context","query":"needle","repo_size_tier":"Tiny","token_budget":4000,"top_k":10},"nodes":[{"backing_file_path":"needle.py","backing_source":null,"confidence":0.8,"depends_on":[],"end_line":2,"file_path":"needle.py","freshness":null,"invalidation_keys":[],"metadata":{"representation":"machine_hit_reference"},"node_id":"search:chunk:needle.py:0","node_type":"SEARCH_HIT","rank_explanation":null,"reasons":[],"relation":null,"role":"primary","score":0.8196888975800265,"source":"index","source_end_line":2,"source_start_line":1,"span_kind":"reference","start_line":1,"text":"","title":"needle.py needle:1-2","token_estimate":0},{"backing_file_path":"needle.py","backing_source":null,"confidence":0.8,"depends_on":[],"end_line":5,"file_path":"needle.py","freshness":null,"invalidation_keys":[],"metadata":{"representation":"machine_hit_reference"},"node_id":"search:chunk:needle.py:1","node_type":"SEARCH_HIT","rank_explanation":null,"reasons":[],"relation":null,"role":"primary","score":0.5951730604759541,"source":"index","source_end_line":5,"source_start_line":2,"span_kind":"reference","start_line":2,"text":"","title":"needle.py neighbor:2-5","token_estimate":0},{"backing_file_path":null,"backing_source":null,"confidence":1.0,"depends_on":[],"end_line":null,"file_path":"needle.py","freshness":null,"invalidation_keys":[],"metadata":null,"node_id":"graph:caller:uid:ed8e61924345e59a924de3bf","node_type":"CALL_EDGE","rank_explanation":null,"reasons":[],"relation":null,"role":"neighbor","score":0.0,"source":"graph","source_end_line":null,"source_start_line":null,"span_kind":null,"start_line":5,"text":"caller: neighbor → needle (needle.py:5)","title":"Caller: neighbor","token_estimate":10},{"backing_file_path":null,"backing_source":null,"confidence":1.0,"depends_on":[],"end_line":null,"file_path":"needle.py","freshness":null,"invalidation_keys":[],"metadata":null,"node_id":"graph:callee:uid:3732066f97516c2c2f8efb6e","node_type":"CALL_EDGE","rank_explanation":null,"reasons":[],"relation":null,"role":"neighbor","score":0.0,"source":"graph","source_end_line":null,"source_start_line":null,"span_kind":null,"start_line":5,"text":"callee: neighbor → needle (needle.py:5)","title":"Callee: needle","token_estimate":10}],"query":"needle","reasons":["hybrid search over code index","graph-enriched"],"rendered_prompt":"Complete source is in machine_pack.hits; references have no source body.","resolution_freshness":{"basis_epoch":null,"complete":true,"completed_files":0,"index_epoch":5,"reason":null,"retry":null,"root_count":0,"scope":"observed_resolution_invalidations","status":"ready"},"revision":0,"spans":[{"end_line":2,"file_path":"needle.py","label":"needle","node_id":"search:chunk:needle.py:0","start_line":1},{"end_line":5,"file_path":"needle.py","label":"neighbor","node_id":"search:chunk:needle.py:1","start_line":2}],"summary":"Found 2 indexed code result(s) across 1 file(s) for `needle`.","task":"needle","token_budget":4000,"token_estimate":3135},"tool":"context"}
[2m2026-10-08T05:00:22.705214Z[0m [32m INFO[0m [2mcc_db::index_migrate[0m[2m:[0m initializing index schema [3mversion[0m[2m=[0m25
[2m2026-10-08T05:00:22.707249Z[0m [32m INFO[0m [2mcc_index::memory_budget[0m[2m:[0m memory budget initialized [3mtotal_ram_mb[0m[2m=[0m15989 [3mbudget_mb[0m[2m=[0m7994 [3mfraction[0m[2m=[0m0.5
V18_JSON {"args":{"aspect":"capabilities"},"result":{"capabilities":{"graph":true,"impact":true,"search":true},"has_index":true,"has_project":true,"indexed_files":1,"indexed_symbols":2,"resolution_freshness":{"basis_epoch":null,"complete":true,"completed_files":0,"index_epoch":5,"reason":null,"retry":null,"root_count":0,"scope":"observed_resolution_invalidations","status":"ready"},"retrieval":{"consistency":"point_in_time","default_effective_strategy":"semantic","default_query_state":"available_with_per_query_checks","default_strategy":"semantic","dense_reason":"semantic_no_active_space","dense_state":"disabled","diagnostic_sources":{"build":"BuildExplain on index response","graph":"GraphExplain on query response","lanes":"evidence_summary.retrieval.lanes or lane_receipts","packing":"evidence_summary.packing","selection":"evidence_summary.selection","semantic":"evidence_summary.retrieval.semantic (dense lane receipt projection)","source":"evidence_summary.source_freshness"},"execution":{"async_admitted":0,"async_in_flight":0,"async_limit":8,"completed":66,"cpu_admitted":0,"cpu_in_flight":0,"cpu_limit":4,"queue_limit":32,"rejected":0},"execution_scope":"process_shared_not_project_local","generation":{"evidence_epoch":1,"incarnation":[90,44,160,158,32,83,228,166,125,252,45,198,179,10,244,239],"index_epoch":5,"semantic_epoch":null},"generation_scope":"observed_database_snapshot","identity_validation":"checked_at_observation_boundary","index_state":"available","local_state":"available","pin_scope":"owned_query_views_including_inflight_clones_not_request_count","query_coverage":{"scope":"per_query_not_global","state":"not_measured"},"query_encoding":{"configured_opt_in":false,"network_authorized":false,"reason":"network_opt_in_required","request_scope":"nonlocal_nonempty_only"},"query_pins":0,"resolution_freshness":{"basis_epoch":null,"complete":true,"completed_files":0,"index_epoch":5,"reason":null,"retry":null,"root_count":0,"scope":"observed_resolution_invalidations","status":"ready"},"semantic_active_space":null,"semantic_state":"port_attached_unverified","service_state_scope":"process_observed_separately","spec":"retrieval-capabilities-v2"}},"tool":"status"}
[2m2026-10-08T05:00:22.707490Z[0m [32m INFO[0m [1mserve_inner[0m[2m:[0m [2mrmcp::service[0m[2m:[0m input stream terminated
[2m2026-10-08T05:00:22.707561Z[0m [32m INFO[0m [1mserve_inner[0m[2m:[0m [2mrmcp::service[0m[2m:[0m serve finished [3mquit_reason[0m[2m=[0mClosed
[2m2026-10-08T05:00:22.707777Z[0m [32m INFO[0m [2mcc_server::mcp[0m[2m:[0m MCP server shut down gracefully
[2m2026-10-08T05:00:22.714779Z[0m [32m INFO[0m [2mcc_index::memory_budget[0m[2m:[0m memory budget initialized [3mtotal_ram_mb[0m[2m=[0m15989 [3mbudget_mb[0m[2m=[0m7994 [3mfraction[0m[2m=[0m0.5
V18_JSON {"args":{"full":true,"path":"/tmp/.tmpsNYDqd/project"},"result":{"build_explain":{"gate_decisions":[{"pass":"synthesis_round","reason":"both signatures changed","run":true},{"pass":"community","reason":"full rebuild","run":true},{"pass":"git_cochange","reason":"cache key unavailable","run":true},{"pass":"infra","reason":"signature algorithm changed","run":true},{"pass":"adr","reason":"no recorded signature","run":true}]},"chunk_policy":{"bytes":16384,"chars":16384,"estimated_tokens":4096,"lines":80,"merge_min_bytes":256},"chunks_total":2,"dirty_plan":{"dependency_sql":{"fullscan_steps":0,"rows":0,"sorts":0,"statements":0,"vm_steps":0},"file_budget":0,"parsed_files":1,"reasons":[],"rebased":false,"resumed":false,"selected_dependents":0},"document_changes":{"files_projected":1,"removed":0,"render_failed":0,"reusable_inputs":0,"unchanged":0,"upserted":2},"elapsed_ms":225,"files_added":1,"files_parsed":1,"files_removed":0,"files_scanned":1,"files_skipped":0,"files_updated":0,"parse_errors":[],"phase_timing":{"analysis_ms":6,"parse_ms":34,"postprocess_ms":1,"resolve_ms":0,"scan_diff_ms":6,"write_ms":26},"project_model":{"catalog_files":1,"changed_configs":[],"config_inputs":0,"config_parse_cache_hits":0,"config_reads":0,"config_root_probes":5,"config_roots":0,"diagnostics":[],"go_fact_cache_hits":0,"go_source_reads":0,"input_digest":"6608a5a5cd33639a82b1be8d943f3148241d6520b8e0d9930909feaaf0ec5b8c","inventory_source":"shared_walk","modes":[],"rust_fact_cache_hits":0,"rust_source_reads":0,"version":3},"public_surface_coverage":{"known":1,"known_empty":0,"parsed_files":1,"unknown":0,"unknown_reasons":{}},"resolution_coverage":{"ambiguous":0,"incomplete_files":0,"modules_ambiguous":0,"modules_external":0,"modules_resolved":0,"modules_unknown":0,"modules_unresolved":0,"modules_unsupported":0,"omitted_records":0,"packages_resolved":0,"processed_files":1,"resolved":2,"unresolved":0,"unsupported":0},"resolution_freshness":{"basis_epoch":null,"complete":true,"completed_files":0,"index_epoch":5,"reason":null,"retry":null,"root_count":0,"scope":"observed_resolution_invalidations","status":"ready"},"symbols_total":2,"used_parallel_parse":false},"tool":"index"}
V18_JSON {"args":{"aspect":"capabilities"},"result":{"capabilities":{"graph":true,"impact":true,"search":true},"has_index":true,"has_project":true,"indexed_files":1,"indexed_symbols":2,"resolution_freshness":{"basis_epoch":null,"complete":true,"completed_files":0,"index_epoch":5,"reason":null,"retry":null,"root_count":0,"scope":"observed_resolution_invalidations","status":"ready"},"retrieval":{"consistency":"point_in_time","default_effective_strategy":"auto","default_query_state":"available_with_per_query_checks","default_strategy":"auto","dense_desired":2,"dense_published":0,"dense_reason":"semantic_coverage_uncovered","dense_state":"partial","diagnostic_sources":{"build":"BuildExplain on index response","graph":"GraphExplain on query response","lanes":"evidence_summary.retrieval.lanes or lane_receipts","packing":"evidence_summary.packing","selection":"evidence_summary.selection","semantic":"evidence_summary.retrieval.semantic (dense lane receipt projection)","source":"evidence_summary.source_freshness"},"execution":{"async_admitted":0,"async_in_flight":0,"async_limit":8,"completed":0,"cpu_admitted":0,"cpu_in_flight":0,"cpu_limit":4,"queue_limit":32,"rejected":0},"execution_scope":"process_shared_not_project_local","generation":{"evidence_epoch":1,"incarnation":[136,76,55,181,116,227,40,214,32,197,209,78,202,255,229,66],"index_epoch":5,"semantic_epoch":1},"generation_scope":"observed_database_snapshot","identity_validation":"checked_at_observation_boundary","index_state":"available","local_state":"available","pin_scope":"owned_query_views_including_inflight_clones_not_request_count","query_coverage":{"scope":"per_query_not_global","state":"not_measured"},"query_encoding":{"configured_opt_in":false,"network_authorized":false,"reason":"query_network_opt_in_required","request_scope":"nonlocal_nonempty_only"},"query_pins":1,"resolution_freshness":{"basis_epoch":null,"complete":true,"completed_files":0,"index_epoch":5,"reason":null,"retry":null,"root_count":0,"scope":"observed_resolution_invalidations","status":"ready"},"semantic_active_space":"2eac300964ae66ba95651ecaa7c7c6aafb0c9aecbd8a130cfc50c030cd8688d4","semantic_failed":0,"semantic_pending":2,"semantic_state":"backfilling","service_state_scope":"process_observed_separately","spec":"retrieval-capabilities-v2"}},"tool":"status"}
test enabled_semantic_strategy_reaches_real_wired_query_and_read_only_status ... ok
[2m2026-10-08T05:00:22.728999Z[0m [32m INFO[0m [1mserve_inner[0m[2m:[0m [2mrmcp::service[0m[2m:[0m Service initialized as server [3mpeer_info[0m[2m=[0mSome(InitializeRequestParams { meta: None, protocol_version: ProtocolVersion("2025-11-25"), capabilities: ClientCapabilities { experimental: None, extensions: None, roots: None, sampling: None, elicitation: None, tasks: None }, client_info: Implementation { name: "rmcp", title: None, version: "2.2.0", description: None, icons: None, website_url: None } })
[2m2026-10-08T05:00:22.729094Z[0m [32m INFO[0m [2mcc_server::mcp[0m[2m:[0m MCP server started on stdio
V18_JSON {"args":{"retrieval_strategy":"auto","task":"needle"},"result":{"evidence_summary":{"files":["needle.py"],"graph_enrichment":{"callees_added":1,"callers_added":1,"symbols_resolved":2,"tests_found":0},"packing":{"compacted":true,"configured_max_bytes":18000,"continuation":"Use files region/expand on retained references; recheck source version.","limit_bytes":16000,"omitted_hits":0,"omitted_nodes":0,"original_hits":2,"original_nodes":4,"partial":false,"spec":"whole-json-intent-facets-source-support-before-incidental-v5","token_estimate_method":"ceil(serialized_utf8_bytes/4); not a tokenizer","used_bytes":12541},"retrieval":{"cost":{"coverage":"originating_work; full scope: retrieval-cost schema v1","fused_candidates":2,"hydrate_requested":2,"hydration":{"sql":{"fullscan_steps":0,"rows":10,"sorts":0,"statements":9,"vm_steps":386},"text":{"cache_hits":2,"legacy_auto_reads":0,"storage_reads":0,"utf8_bytes":66,"zstd_decodes":0}},"lane_candidates":{"exact_symbol":1,"graph":2,"grep":2,"lexical":2,"path":1},"lexical_sql":{"fullscan_steps":0,"rows":2,"sorts":1,"statements":1,"vm_steps":59},"schema_version":1},"grep":{"fallback_scanned":0,"prefilter_failed":false,"prefilter_scanned":0,"reason":null,"scan_cap":20000,"scanned":2,"skipped_duplicates":4,"soft_scanned":2,"stages":[{"stage":"soft","work":{"sql":{"fullscan_steps":0,"rows":2,"sorts":0,"statements":1,"vm_steps":29},"text":{"cache_hits":0,"legacy_auto_reads":0,"storage_reads":2,"utf8_bytes":66,"zstd_decodes":0}}},{"stage":"prefilter","work":{"sql":{"fullscan_steps":0,"rows":2,"sorts":1,"statements":1,"vm_steps":58},"text":{"cache_hits":0,"legacy_auto_reads":0,"storage_reads":0,"utf8_bytes":0,"zstd_decodes":0}}},{"stage":"fallback","work":{"sql":{"fullscan_steps":1,"rows":2,"sorts":0,"statements":1,"vm_steps":23},"text":{"cache_hits":0,"legacy_auto_reads":0,"storage_reads":0,"utf8_bytes":0,"zstd_decodes":0}}}],"status":"complete"},"lane_receipts":[{"candidate_count":1,"candidate_details_omitted":true,"coverage":{"complete":true,"examined":null,"scope":"hard_scope","total_lower_bound":1},"elapsed_us":309,"lane_id":"exact_symbol","schema_version":1,"status":"complete","truncation_reason":null,"weight":1.1},{"candidate_count":1,"candidate_details_omitted":true,"coverage":{"complete":true,"examined":null,"scope":"hard_scope","total_lower_bound":1},"elapsed_us":823,"lane_id":"path","schema_version":1,"status":"complete","truncation_reason":null,"weight":1.0},{"candidate_count":2,"candidate_details_omitted":true,"coverage":{"complete":true,"examined":null,"scope":"hard_scope","total_lower_bound":2},"elapsed_us":843,"lane_id":"lexical","schema_version":1,"status":"complete","truncation_reason":null,"weight":1.1},{"candidate_count":2,"candidate_details_omitted":true,"coverage":{"complete":true,"examined":2,"scope":"hard_scope","total_lower_bound":2},"elapsed_us":5316,"lane_id":"grep","schema_version":1,"status":"complete","truncation_reason":null,"weight":0.8},{"candidate_count":2,"candidate_details_omitted":true,"coverage":{"complete":true,"examined":null,"scope":"hard_scope","total_lower_bound":2},"elapsed_us":3143,"lane_id":"graph","schema_version":1,"status":"complete","truncation_reason":null,"weight":0.6}],"policy":{"deadline_ms":30000,"details_omitted":true,"effective":"local","graph_source_mapping":"uid_byte_decl_docs;not_whole_body:v2","intent":"locate","lane_timeout_ms":20000,"path_source_domain":"canonical_scoped_exact_else_bounded_tokens;not_whole_body:v3","requested":"auto","semantic_state":"not_configured","semantic_timeout_ms":5000,"semantic_top_k":24,"version":"query-policy-local-semantic-canonical-path-domain-v4"},"scope":{"budget":{"exact_symbol_candidates":24,"grep_candidates":12,"grep_enabled":true,"grep_scan_cap":20000,"lexical_candidates":24,"path_candidates":24,"rerank_window":40,"top_k":10,"units":"chunks; grep_scan_cap=decompressions; scope_receipt_v1; not_total_cost"},"details_omitted":true,"hard":{"empty":false,"explicit_file_count":null,"languages":null,"path_prefix":null,"path_prefix_truncated":false,"semantics":"conjunctive_case_sensitive_repo_paths; explicit_empty_denies"},"ordering":["exact_identity_first","rerank_score_desc","chunk_id_asc"],"policy":"canonical-scoped-exact-path-domain-compact-context-budget-v22","schema_version":1,"soft":{"contributions":"score_trace=additive; stage_a_already_included; raw_hint_paths_omitted","hint_entries":{"overlay":0,"pinned":0,"recent":0,"working":0},"preselected_count":1,"role":"ranking_and_scan_priority_only"}}},"search_hits":2,"selection":{"facets":{"implementation":2},"input_candidates":2,"intent":"locate","intent_facet_anchors":{},"limit_omitted":0,"original_ranks":[1,2],"overlap":{"fully_covered_candidates":0,"input_bytes":66,"redundant_bytes":0,"unique_bytes":66},"requested_limit":10,"selected":2,"selected_overlap":{"fully_covered_candidates":0,"input_bytes":66,"redundant_bytes":0,"unique_bytes":66},"source_covered_omissions":0,"source_support_anchors":[],"source_support_scope":"cue_window:v1","spec":"anchored-facets-distinctive-source-union-v2","unmet_facets":[]},"source_freshness":{"budget_exhausted":false,"checked_files":1,"dense_manifest_fence":{"checked":0,"skip_disposition":"stale_publication_skipped","skipped":0},"generation":{"evidence_epoch":1,"incarnation":[117,108,193,211,95,60,163,249,1,167,18,91,80,104,126,116],"index_epoch":5,"semantic_epoch":null},"hydrator":"current-document-scope-source-generation-v1","omitted_files":{},"partial":false,"read_budget_charged":66,"scope":"disk_generation:v1","validation_work":{"candidate_projection_sql":{"fullscan_steps":0,"rows":2,"sorts":0,"statements":1,"vm_steps":76},"coverage":"current final-assembly attempt SELECTs for manifest, symbol identity and candidate projection; excludes prior attempts, transaction control, originating retrieval, generation, dense fence, graph and disk work; not total cost","schema_version":1,"source_records_sql":{"fullscan_steps":0,"rows":10,"sorts":0,"statements":9,"vm_steps":292}},"verified_hits":2}},"intent":"locate","invalidations":[],"machine_pack":{"hits":[{"breadcrumb":"needle","chunk_id":"chunk:needle.py:0","end_line":2,"file_path":"needle.py","fused_score":0.08989441930618403,"graph_score":0.07931471805599452,"grep_score":0.5,"lane":null,"language":"python","lexical_score":1.0,"metadata":{"details_omitted":true,"document":{"doc_key":"29b2fa88c6d6c8741c47ad873ba80a25c628b882a28ea3cfaa7fcc69e6982938","doc_version":"9ba68969fd43b00f97a9fade36d3cd19b8f57a4b7c6dffacb8c050c2e9b29f62","encoding_key":"78fc8c83484a6639e37e832f30a8eb8310c8ad26eada3a4ec3d936c1f152fede","entity_key":"16a369932cc2a7589f395b34b3b8def8bbad6a04e00672428487964152c26486"},"qname":"needle","source_evidence":{"boundary":"symbol","owner":{"end":28,"start":0},"signature":{"end":18,"start":0},"slice_digest":"c748e325d98b5f174763b313c05ece587900d99690eedbce11f75639788c6b8b","source":{"byte_len":66,"content_digest":"bdb975ad92107a0524d6a7c217816cd1e50bb1d97a36ef892318fbe837bf8857","encoding":"utf8","snapshot_id":"735799399424072b1b6cc95488ff63f55c094da4b32573a4555bf731c014f141"},"span":{"end":28,"start":0}},"source_freshness":{"disk_checked":true,"hydrator":"current-document-scope-source-generation-v1","status":"current_verified"}},"reasons":["exact-target","exact_symbol@1","path@1","lexical@1","grep@2","symbol-exact","fts-summary","path-token:needle","symbol:needle","preselect:fts-summary:+1.40","preselect:token-search:+3.00"],"rerank_score":0.8196888975800265,"score_trace":[["rrf:exact_symbol",0.021568627450980395],["rrf:path",0.0196078431372549],["rrf:lexical",0.021568627450980395],["rrf:grep",0.015384615384615385],["rrf:graph",0.011764705882352941],["overlap",0.35],["boost:symbol-exact",0.18],["boost:stage-a",0.17600006285704412],["boost:graph-rerank",0.023794415416798356]],"source":"index","start_line":1,"symbol_kind":"function","symbol_name":"needle","text":"def needle():\n    return 731"},{"breadcrumb":"neighbor","chunk_id":"chunk:needle.py:1","end_line":5,"file_path":"needle.py","fused_score":0.048378582202111615,"graph_score":0.06931471805599453,"grep_score":1.0,"lane":null,"language":"python","lexical_score":0.5,"metadata":{"details_omitted":true,"document":{"doc_key":"3fd56c438273f4e97d76268fc1e74f7bccba6b16d9f0ef414ca67b0829003e65","doc_version":"09f385ca69393d6173161facbcb1551167f9785fcdd2ccc650f1c531bc0259ed","encoding_key":"02118b2a2349b99c9efe9684d529683cd659e52f1e28e19c864bc915175c7693","entity_key":"f8d3da2a91268bb9b93e59ca9b06d751804a9221f3d218b5a8798fab2dc8e40d"},"qname":"neighbor","source_evidence":{"boundary":"symbol","owner":{"end":65,"start":30},"signature":{"end":50,"start":30},"slice_digest":"dec7813dc4d5e300de152b45e0cb2a89c688f0a75f1501c57aa7eb68130081dd","source":{"byte_len":66,"content_digest":"bdb975ad92107a0524d6a7c217816cd1e50bb1d97a36ef892318fbe837bf8857","encoding":"utf8","snapshot_id":"735799399424072b1b6cc95488ff63f55c094da4b32573a4555bf731c014f141"},"span":{"end":66,"start":28}},"source_freshness":{"disk_checked":true,"hydrator":"current-document-scope-source-generation-v1","status":"current_verified"}},"reasons":["lexical@2","grep@1","fts-summary","path-token:needle","symbol:needle","preselect:fts-summary:+1.40","preselect:token-search:+3.00"],"rerank_score":0.5951730604759541,"score_trace":[["rrf:lexical",0.021153846153846155],["rrf:grep",0.01568627450980392],["rrf:graph",0.011538461538461537],["overlap",0.35],["boost:stage-a",0.17600006285704412],["boost:graph-rerank",0.020794415416798356]],"source":"index","start_line":2,"symbol_kind":"function","symbol_name":"neighbor","text":"\n\ndef neighbor():\n    return needle()\n"}],"kind":"code_index_context","query":"needle","repo_size_tier":"Tiny","token_budget":4000,"top_k":10},"nodes":[{"backing_file_path":"needle.py","backing_source":null,"confidence":0.8,"depends_on":[],"end_line":2,"file_path":"needle.py","freshness":null,"invalidation_keys":[],"metadata":{"representation":"machine_hit_reference"},"node_id":"search:chunk:needle.py:0","node_type":"SEARCH_HIT","rank_explanation":null,"reasons":[],"relation":null,"role":"primary","score":0.8196888975800265,"source":"index","source_end_line":2,"source_start_line":1,"span_kind":"reference","start_line":1,"text":"","title":"needle.py needle:1-2","token_estimate":0},{"backing_file_path":"needle.py","backing_source":null,"confidence":0.8,"depends_on":[],"end_line":5,"file_path":"needle.py","freshness":null,"invalidation_keys":[],"metadata":{"representation":"machine_hit_reference"},"node_id":"search:chunk:needle.py:1","node_type":"SEARCH_HIT","rank_explanation":null,"reasons":[],"relation":null,"role":"primary","score":0.5951730604759541,"source":"index","source_end_line":5,"source_start_line":2,"span_kind":"reference","start_line":2,"text":"","title":"needle.py neighbor:2-5","token_estimate":0},{"backing_file_path":null,"backing_source":null,"confidence":1.0,"depends_on":[],"end_line":null,"file_path":"needle.py","freshness":null,"invalidation_keys":[],"metadata":null,"node_id":"graph:caller:uid:ed8e61924345e59a924de3bf","node_type":"CALL_EDGE","rank_explanation":null,"reasons":[],"relation":null,"role":"neighbor","score":0.0,"source":"graph","source_end_line":null,"source_start_line":null,"span_kind":null,"start_line":5,"text":"caller: neighbor → needle (needle.py:5)","title":"Caller: neighbor","token_estimate":10},{"backing_file_path":null,"backing_source":null,"confidence":1.0,"depends_on":[],"end_line":null,"file_path":"needle.py","freshness":null,"invalidation_keys":[],"metadata":null,"node_id":"graph:callee:uid:3732066f97516c2c2f8efb6e","node_type":"CALL_EDGE","rank_explanation":null,"reasons":[],"relation":null,"role":"neighbor","score":0.0,"source":"graph","source_end_line":null,"source_start_line":null,"span_kind":null,"start_line":5,"text":"callee: neighbor → needle (needle.py:5)","title":"Callee: needle","token_estimate":10}],"query":"needle","reasons":["hybrid search over code index","graph-enriched"],"rendered_prompt":"Complete source is in machine_pack.hits; references have no source body.","resolution_freshness":{"basis_epoch":null,"complete":true,"completed_files":0,"index_epoch":5,"reason":null,"retry":null,"root_count":0,"scope":"observed_resolution_invalidations","status":"ready"},"revision":0,"spans":[{"end_line":2,"file_path":"needle.py","label":"needle","node_id":"search:chunk:needle.py:0","start_line":1},{"end_line":5,"file_path":"needle.py","label":"neighbor","node_id":"search:chunk:needle.py:1","start_line":2}],"summary":"Found 2 indexed code result(s) across 1 file(s) for `needle`.","task":"needle","token_budget":4000,"token_estimate":3136},"tool":"context"}
[2m2026-10-08T05:00:22.732754Z[0m [32m INFO[0m [1mserve_inner[0m[2m:[0m [2mrmcp::service[0m[2m:[0m received notification [3mnotification[0m[2m=[0mInitializedNotification(NotificationNoParam { method: InitializedNotificationMethod, extensions: Extensions })
[2m2026-10-08T05:00:22.732851Z[0m [32m INFO[0m [1mserve_inner[0m[2m:[0m [2mrmcp::handler::server[0m[2m:[0m client initialized
[2m2026-10-08T05:00:22.733613Z[0m [32m INFO[0m [2mcc_index::memory_budget[0m[2m:[0m memory budget initialized [3mtotal_ram_mb[0m[2m=[0m15989 [3mbudget_mb[0m[2m=[0m7994 [3mfraction[0m[2m=[0m0.5
[2m2026-10-08T05:00:22.738057Z[0m [32m INFO[0m [2mcc_server::semantic_runtime[0m[2m:[0m semantic worker GC page completed [3mkept_fresh[0m[2m=[0m0 [3mkept_referenced[0m[2m=[0m2 [3mkept_live_task[0m[2m=[0m0 [3mdeleted_objects[0m[2m=[0m0 [3mdeleted_halves[0m[2m=[0m0 [3mdeleted_temps[0m[2m=[0m0 [3mpruned_dirs[0m[2m=[0m0 [3mexhausted[0m[2m=[0mtrue
V18_JSON {"args":{"aspect":"capabilities"},"result":{"capabilities":{"graph":true,"impact":true,"search":true},"has_index":true,"has_project":true,"indexed_files":1,"indexed_symbols":2,"resolution_freshness":{"basis_epoch":null,"complete":true,"completed_files":0,"index_epoch":5,"reason":null,"retry":null,"root_count":0,"scope":"observed_resolution_invalidations","status":"ready"},"retrieval":{"consistency":"point_in_time","default_effective_strategy":"auto","default_query_state":"available_with_per_query_checks","default_strategy":"auto","dense_desired":2,"dense_published":2,"dense_reason":null,"dense_state":"ready","diagnostic_sources":{"build":"BuildExplain on index response","graph":"GraphExplain on query response","lanes":"evidence_summary.retrieval.lanes or lane_receipts","packing":"evidence_summary.packing","selection":"evidence_summary.selection","semantic":"evidence_summary.retrieval.semantic (dense lane receipt projection)","source":"evidence_summary.source_freshness"},"execution":{"async_admitted":0,"async_in_flight":0,"async_limit":8,"completed":0,"cpu_admitted":0,"cpu_in_flight":0,"cpu_limit":4,"queue_limit":32,"rejected":0},"execution_scope":"process_shared_not_project_local","generation":{"evidence_epoch":1,"incarnation":[136,76,55,181,116,227,40,214,32,197,209,78,202,255,229,66],"index_epoch":5,"semantic_epoch":3},"generation_scope":"observed_database_snapshot","identity_validation":"checked_at_observation_boundary","index_state":"available","local_state":"available","pin_scope":"owned_query_views_including_inflight_clones_not_request_count","query_coverage":{"scope":"per_query_not_global","state":"not_measured"},"query_encoding":{"configured_opt_in":false,"network_authorized":false,"reason":"query_network_opt_in_required","request_scope":"nonlocal_nonempty_only"},"query_pins":1,"resolution_freshness":{"basis_epoch":null,"complete":true,"completed_files":0,"index_epoch":5,"reason":null,"retry":null,"root_count":0,"scope":"observed_resolution_invalidations","status":"ready"},"semantic_active_space":"2eac300964ae66ba95651ecaa7c7c6aafb0c9aecbd8a130cfc50c030cd8688d4","semantic_failed":0,"semantic_pending":0,"semantic_state":"ready","service_state_scope":"process_observed_separately","spec":"retrieval-capabilities-v2"}},"tool":"status"}
[2m2026-10-08T05:00:22.741513Z[0m [32m INFO[0m [2mcc_db::index_migrate[0m[2m:[0m initializing index schema [3mversion[0m[2m=[0m25
V18_JSON {"args":{"aspect":"capabilities"},"result":{"capabilities":{"graph":true,"impact":true,"search":true},"has_index":true,"has_project":true,"indexed_files":1,"indexed_symbols":2,"resolution_freshness":{"basis_epoch":null,"complete":true,"completed_files":0,"index_epoch":5,"reason":null,"retry":null,"root_count":0,"scope":"observed_resolution_invalidations","status":"ready"},"retrieval":{"consistency":"point_in_time","default_effective_strategy":"auto","default_query_state":"available_with_per_query_checks","default_strategy":"auto","dense_desired":2,"dense_published":2,"dense_reason":null,"dense_state":"ready","diagnostic_sources":{"build":"BuildExplain on index response","graph":"GraphExplain on query response","lanes":"evidence_summary.retrieval.lanes or lane_receipts","packing":"evidence_summary.packing","selection":"evidence_summary.selection","semantic":"evidence_summary.retrieval.semantic (dense lane receipt projection)","source":"evidence_summary.source_freshness"},"execution":{"async_admitted":0,"async_in_flight":0,"async_limit":8,"completed":0,"cpu_admitted":0,"cpu_in_flight":0,"cpu_limit":4,"queue_limit":32,"rejected":0},"execution_scope":"process_shared_not_project_local","generation":{"evidence_epoch":1,"incarnation":[136,76,55,181,116,227,40,214,32,197,209,78,202,255,229,66],"index_epoch":5,"semantic_epoch":3},"generation_scope":"observed_database_snapshot","identity_validation":"checked_at_observation_boundary","index_state":"available","local_state":"available","pin_scope":"owned_query_views_including_inflight_clones_not_request_count","query_coverage":{"scope":"per_query_not_global","state":"not_measured"},"query_encoding":{"configured_opt_in":false,"network_authorized":false,"reason":"query_network_opt_in_required","request_scope":"nonlocal_nonempty_only"},"query_pins":0,"resolution_freshness":{"basis_epoch":null,"complete":true,"completed_files":0,"index_epoch":5,"reason":null,"retry":null,"root_count":0,"scope":"observed_resolution_invalidations","status":"ready"},"semantic_active_space":"2eac300964ae66ba95651ecaa7c7c6aafb0c9aecbd8a130cfc50c030cd8688d4","semantic_failed":0,"semantic_pending":0,"semantic_state":"ready","service_state_scope":"process_observed_separately","spec":"retrieval-capabilities-v2"}},"tool":"status"}
V18_JSON {"args":{"retrieval_strategy":"local","task":"needle"},"result":{"evidence_summary":{"files":["needle.py"],"graph_enrichment":{"callees_added":1,"callers_added":1,"symbols_resolved":2,"tests_found":0},"packing":{"compacted":true,"configured_max_bytes":18000,"continuation":"Use files region/expand on retained references; recheck source version.","limit_bytes":16000,"omitted_hits":0,"omitted_nodes":0,"original_hits":2,"original_nodes":4,"partial":false,"spec":"whole-json-intent-facets-source-support-before-incidental-v5","token_estimate_method":"ceil(serialized_utf8_bytes/4); not a tokenizer","used_bytes":12536},"retrieval":{"cost":{"coverage":"originating_work; full scope: retrieval-cost schema v1","fused_candidates":2,"hydrate_requested":2,"hydration":{"sql":{"fullscan_steps":0,"rows":10,"sorts":0,"statements":9,"vm_steps":386},"text":{"cache_hits":2,"legacy_auto_reads":0,"storage_reads":0,"utf8_bytes":66,"zstd_decodes":0}},"lane_candidates":{"exact_symbol":1,"graph":2,"grep":2,"lexical":2,"path":1},"lexical_sql":{"fullscan_steps":0,"rows":2,"sorts":1,"statements":1,"vm_steps":59},"schema_version":1},"grep":{"fallback_scanned":0,"prefilter_failed":false,"prefilter_scanned":0,"reason":null,"scan_cap":20000,"scanned":2,"skipped_duplicates":4,"soft_scanned":2,"stages":[{"stage":"soft","work":{"sql":{"fullscan_steps":0,"rows":2,"sorts":0,"statements":1,"vm_steps":29},"text":{"cache_hits":0,"legacy_auto_reads":0,"storage_reads":2,"utf8_bytes":66,"zstd_decodes":0}}},{"stage":"prefilter","work":{"sql":{"fullscan_steps":0,"rows":2,"sorts":1,"statements":1,"vm_steps":58},"text":{"cache_hits":0,"legacy_auto_reads":0,"storage_reads":0,"utf8_bytes":0,"zstd_decodes":0}}},{"stage":"fallback","work":{"sql":{"fullscan_steps":1,"rows":2,"sorts":0,"statements":1,"vm_steps":23},"text":{"cache_hits":0,"legacy_auto_reads":0,"storage_reads":0,"utf8_bytes":0,"zstd_decodes":0}}}],"status":"complete"},"lane_receipts":[{"candidate_count":1,"candidate_details_omitted":true,"coverage":{"complete":true,"examined":null,"scope":"hard_scope","total_lower_bound":1},"elapsed_us":284,"lane_id":"exact_symbol","schema_version":1,"status":"complete","truncation_reason":null,"weight":1.1},{"candidate_count":1,"candidate_details_omitted":true,"coverage":{"complete":true,"examined":null,"scope":"hard_scope","total_lower_bound":1},"elapsed_us":276,"lane_id":"path","schema_version":1,"status":"complete","truncation_reason":null,"weight":1.0},{"candidate_count":2,"candidate_details_omitted":true,"coverage":{"complete":true,"examined":null,"scope":"hard_scope","total_lower_bound":2},"elapsed_us":190,"lane_id":"lexical","schema_version":1,"status":"complete","truncation_reason":null,"weight":1.1},{"candidate_count":2,"candidate_details_omitted":true,"coverage":{"complete":true,"examined":2,"scope":"hard_scope","total_lower_bound":2},"elapsed_us":3551,"lane_id":"grep","schema_version":1,"status":"complete","truncation_reason":null,"weight":0.8},{"candidate_count":2,"candidate_details_omitted":true,"coverage":{"complete":true,"examined":null,"scope":"hard_scope","total_lower_bound":2},"elapsed_us":1425,"lane_id":"graph","schema_version":1,"status":"complete","truncation_reason":null,"weight":0.6}],"policy":{"deadline_ms":30000,"details_omitted":true,"effective":"local","graph_source_mapping":"uid_byte_decl_docs;not_whole_body:v2","intent":"locate","lane_timeout_ms":20000,"path_source_domain":"canonical_scoped_exact_else_bounded_tokens;not_whole_body:v3","requested":"local","semantic_state":"disabled","semantic_timeout_ms":5000,"semantic_top_k":24,"version":"query-policy-local-semantic-canonical-path-domain-v4"},"scope":{"budget":{"exact_symbol_candidates":24,"grep_candidates":12,"grep_enabled":true,"grep_scan_cap":20000,"lexical_candidates":24,"path_candidates":24,"rerank_window":40,"top_k":10,"units":"chunks; grep_scan_cap=decompressions; scope_receipt_v1; not_total_cost"},"details_omitted":true,"hard":{"empty":false,"explicit_file_count":null,"languages":null,"path_prefix":null,"path_prefix_truncated":false,"semantics":"conjunctive_case_sensitive_repo_paths; explicit_empty_denies"},"ordering":["exact_identity_first","rerank_score_desc","chunk_id_asc"],"policy":"canonical-scoped-exact-path-domain-compact-context-budget-v22","schema_version":1,"soft":{"contributions":"score_trace=additive; stage_a_already_included; raw_hint_paths_omitted","hint_entries":{"overlay":0,"pinned":0,"recent":0,"working":0},"preselected_count":1,"role":"ranking_and_scan_priority_only"}}},"search_hits":2,"selection":{"facets":{"implementation":2},"input_candidates":2,"intent":"locate","intent_facet_anchors":{},"limit_omitted":0,"original_ranks":[1,2],"overlap":{"fully_covered_candidates":0,"input_bytes":66,"redundant_bytes":0,"unique_bytes":66},"requested_limit":10,"selected":2,"selected_overlap":{"fully_covered_candidates":0,"input_bytes":66,"redundant_bytes":0,"unique_bytes":66},"source_covered_omissions":0,"source_support_anchors":[],"source_support_scope":"cue_window:v1","spec":"anchored-facets-distinctive-source-union-v2","unmet_facets":[]},"source_freshness":{"budget_exhausted":false,"checked_files":1,"dense_manifest_fence":{"checked":0,"skip_disposition":"stale_publication_skipped","skipped":0},"generation":{"evidence_epoch":1,"incarnation":[117,108,193,211,95,60,163,249,1,167,18,91,80,104,126,116],"index_epoch":5,"semantic_epoch":null},"hydrator":"current-document-scope-source-generation-v1","omitted_files":{},"partial":false,"read_budget_charged":66,"scope":"disk_generation:v1","validation_work":{"candidate_projection_sql":{"fullscan_steps":0,"rows":2,"sorts":0,"statements":1,"vm_steps":76},"coverage":"current final-assembly attempt SELECTs for manifest, symbol identity and candidate projection; excludes prior attempts, transaction control, originating retrieval, generation, dense fence, graph and disk work; not total cost","schema_version":1,"source_records_sql":{"fullscan_steps":0,"rows":10,"sorts":0,"statements":9,"vm_steps":292}},"verified_hits":2}},"intent":"locate","invalidations":[],"machine_pack":{"hits":[{"breadcrumb":"needle","chunk_id":"chunk:needle.py:0","end_line":2,"file_path":"needle.py","fused_score":0.08989441930618403,"graph_score":0.07931471805599452,"grep_score":0.5,"lane":null,"language":"python","lexical_score":1.0,"metadata":{"details_omitted":true,"document":{"doc_key":"29b2fa88c6d6c8741c47ad873ba80a25c628b882a28ea3cfaa7fcc69e6982938","doc_version":"9ba68969fd43b00f97a9fade36d3cd19b8f57a4b7c6dffacb8c050c2e9b29f62","encoding_key":"78fc8c83484a6639e37e832f30a8eb8310c8ad26eada3a4ec3d936c1f152fede","entity_key":"16a369932cc2a7589f395b34b3b8def8bbad6a04e00672428487964152c26486"},"qname":"needle","source_evidence":{"boundary":"symbol","owner":{"end":28,"start":0},"signature":{"end":18,"start":0},"slice_digest":"c748e325d98b5f174763b313c05ece587900d99690eedbce11f75639788c6b8b","source":{"byte_len":66,"content_digest":"bdb975ad92107a0524d6a7c217816cd1e50bb1d97a36ef892318fbe837bf8857","encoding":"utf8","snapshot_id":"735799399424072b1b6cc95488ff63f55c094da4b32573a4555bf731c014f141"},"span":{"end":28,"start":0}},"source_freshness":{"disk_checked":true,"hydrator":"current-document-scope-source-generation-v1","status":"current_verified"}},"reasons":["exact-target","exact_symbol@1","path@1","lexical@1","grep@2","symbol-exact","fts-summary","path-token:needle","symbol:needle","preselect:fts-summary:+1.40","preselect:token-search:+3.00"],"rerank_score":0.8196888975800265,"score_trace":[["rrf:exact_symbol",0.021568627450980395],["rrf:path",0.0196078431372549],["rrf:lexical",0.021568627450980395],["rrf:grep",0.015384615384615385],["rrf:graph",0.011764705882352941],["overlap",0.35],["boost:symbol-exact",0.18],["boost:stage-a",0.17600006285704412],["boost:graph-rerank",0.023794415416798356]],"source":"index","start_line":1,"symbol_kind":"function","symbol_name":"needle","text":"def needle():\n    return 731"},{"breadcrumb":"neighbor","chunk_id":"chunk:needle.py:1","end_line":5,"file_path":"needle.py","fused_score":0.048378582202111615,"graph_score":0.06931471805599453,"grep_score":1.0,"lane":null,"language":"python","lexical_score":0.5,"metadata":{"details_omitted":true,"document":{"doc_key":"3fd56c438273f4e97d76268fc1e74f7bccba6b16d9f0ef414ca67b0829003e65","doc_version":"09f385ca69393d6173161facbcb1551167f9785fcdd2ccc650f1c531bc0259ed","encoding_key":"02118b2a2349b99c9efe9684d529683cd659e52f1e28e19c864bc915175c7693","entity_key":"f8d3da2a91268bb9b93e59ca9b06d751804a9221f3d218b5a8798fab2dc8e40d"},"qname":"neighbor","source_evidence":{"boundary":"symbol","owner":{"end":65,"start":30},"signature":{"end":50,"start":30},"slice_digest":"dec7813dc4d5e300de152b45e0cb2a89c688f0a75f1501c57aa7eb68130081dd","source":{"byte_len":66,"content_digest":"bdb975ad92107a0524d6a7c217816cd1e50bb1d97a36ef892318fbe837bf8857","encoding":"utf8","snapshot_id":"735799399424072b1b6cc95488ff63f55c094da4b32573a4555bf731c014f141"},"span":{"end":66,"start":28}},"source_freshness":{"disk_checked":true,"hydrator":"current-document-scope-source-generation-v1","status":"current_verified"}},"reasons":["lexical@2","grep@1","fts-summary","path-token:needle","symbol:needle","preselect:fts-summary:+1.40","preselect:token-search:+3.00"],"rerank_score":0.5951730604759541,"score_trace":[["rrf:lexical",0.021153846153846155],["rrf:grep",0.01568627450980392],["rrf:graph",0.011538461538461537],["overlap",0.35],["boost:stage-a",0.17600006285704412],["boost:graph-rerank",0.020794415416798356]],"source":"index","start_line":2,"symbol_kind":"function","symbol_name":"neighbor","text":"\n\ndef neighbor():\n    return needle()\n"}],"kind":"code_index_context","query":"needle","repo_size_tier":"Tiny","token_budget":4000,"top_k":10},"nodes":[{"backing_file_path":"needle.py","backing_source":null,"confidence":0.8,"depends_on":[],"end_line":2,"file_path":"needle.py","freshness":null,"invalidation_keys":[],"metadata":{"representation":"machine_hit_reference"},"node_id":"search:chunk:needle.py:0","node_type":"SEARCH_HIT","rank_explanation":null,"reasons":[],"relation":null,"role":"primary","score":0.8196888975800265,"source":"index","source_end_line":2,"source_start_line":1,"span_kind":"reference","start_line":1,"text":"","title":"needle.py needle:1-2","token_estimate":0},{"backing_file_path":"needle.py","backing_source":null,"confidence":0.8,"depends_on":[],"end_line":5,"file_path":"needle.py","freshness":null,"invalidation_keys":[],"metadata":{"representation":"machine_hit_reference"},"node_id":"search:chunk:needle.py:1","node_type":"SEARCH_HIT","rank_explanation":null,"reasons":[],"relation":null,"role":"primary","score":0.5951730604759541,"source":"index","source_end_line":5,"source_start_line":2,"span_kind":"reference","start_line":2,"text":"","title":"needle.py neighbor:2-5","token_estimate":0},{"backing_file_path":null,"backing_source":null,"confidence":1.0,"depends_on":[],"end_line":null,"file_path":"needle.py","freshness":null,"invalidation_keys":[],"metadata":null,"node_id":"graph:caller:uid:ed8e61924345e59a924de3bf","node_type":"CALL_EDGE","rank_explanation":null,"reasons":[],"relation":null,"role":"neighbor","score":0.0,"source":"graph","source_end_line":null,"source_start_line":null,"span_kind":null,"start_line":5,"text":"caller: neighbor → needle (needle.py:5)","title":"Caller: neighbor","token_estimate":10},{"backing_file_path":null,"backing_source":null,"confidence":1.0,"depends_on":[],"end_line":null,"file_path":"needle.py","freshness":null,"invalidation_keys":[],"metadata":null,"node_id":"graph:callee:uid:3732066f97516c2c2f8efb6e","node_type":"CALL_EDGE","rank_explanation":null,"reasons":[],"relation":null,"role":"neighbor","score":0.0,"source":"graph","source_end_line":null,"source_start_line":null,"span_kind":null,"start_line":5,"text":"callee: neighbor → needle (needle.py:5)","title":"Callee: needle","token_estimate":10}],"query":"needle","reasons":["hybrid search over code index","graph-enriched"],"rendered_prompt":"Complete source is in machine_pack.hits; references have no source body.","resolution_freshness":{"basis_epoch":null,"complete":true,"completed_files":0,"index_epoch":5,"reason":null,"retry":null,"root_count":0,"scope":"observed_resolution_invalidations","status":"ready"},"revision":0,"spans":[{"end_line":2,"file_path":"needle.py","label":"needle","node_id":"search:chunk:needle.py:0","start_line":1},{"end_line":5,"file_path":"needle.py","label":"neighbor","node_id":"search:chunk:needle.py:1","start_line":2}],"summary":"Found 2 indexed code result(s) across 1 file(s) for `needle`.","task":"needle","token_budget":4000,"token_estimate":3134},"tool":"context"}
V18_JSON {"args":{"aspect":"capabilities"},"result":{"capabilities":{"graph":true,"impact":true,"search":true},"has_index":true,"has_project":true,"indexed_files":1,"indexed_symbols":2,"resolution_freshness":{"basis_epoch":null,"complete":true,"completed_files":0,"index_epoch":5,"reason":null,"retry":null,"root_count":0,"scope":"observed_resolution_invalidations","status":"ready"},"retrieval":{"consistency":"point_in_time","default_effective_strategy":"local","default_query_state":"available_with_per_query_checks","default_strategy":"auto","dense_reason":"provider_and_vector_publication_not_implemented","dense_state":"disabled","diagnostic_sources":{"build":"BuildExplain on index response","graph":"GraphExplain on query response","lanes":"evidence_summary.retrieval.lanes or lane_receipts","packing":"evidence_summary.packing","selection":"evidence_summary.selection","semantic":"evidence_summary.retrieval.semantic (dense lane receipt projection)","source":"evidence_summary.source_freshness"},"execution":{"async_admitted":0,"async_in_flight":0,"async_limit":8,"completed":40,"cpu_admitted":0,"cpu_in_flight":0,"cpu_limit":4,"queue_limit":32,"rejected":0},"execution_scope":"process_shared_not_project_local","generation":{"evidence_epoch":1,"incarnation":[117,108,193,211,95,60,163,249,1,167,18,91,80,104,126,116],"index_epoch":5,"semantic_epoch":null},"generation_scope":"observed_database_snapshot","identity_validation":"checked_at_observation_boundary","index_state":"available","local_state":"available","pin_scope":"owned_query_views_including_inflight_clones_not_request_count","query_coverage":{"scope":"per_query_not_global","state":"not_measured"},"query_encoding":{"configured_opt_in":false,"network_authorized":false,"reason":"semantic_disabled","request_scope":"nonlocal_nonempty_only"},"query_pins":0,"resolution_freshness":{"basis_epoch":null,"complete":true,"completed_files":0,"index_epoch":5,"reason":null,"retry":null,"root_count":0,"scope":"observed_resolution_invalidations","status":"ready"},"semantic_active_space":null,"semantic_state":"not_configured","service_state_scope":"process_observed_separately","spec":"retrieval-capabilities-v2"}},"tool":"status"}
[2m2026-10-08T05:00:22.765036Z[0m [32m INFO[0m [1mserve_inner[0m[2m:[0m [2mrmcp::service[0m[2m:[0m input stream terminated
[2m2026-10-08T05:00:22.765208Z[0m [32m INFO[0m [1mserve_inner[0m[2m:[0m [2mrmcp::service[0m[2m:[0m serve finished [3mquit_reason[0m[2m=[0mClosed
[2m2026-10-08T05:00:22.765463Z[0m [32m INFO[0m [1mserve_inner[0m[2m:[0m [2mrmcp::service[0m[2m:[0m Service initialized as server [3mpeer_info[0m[2m=[0mSome(InitializeRequestParams { meta: None, protocol_version: ProtocolVersion("2025-11-25"), capabilities: ClientCapabilities { experimental: None, extensions: None, roots: None, sampling: None, elicitation: None, tasks: None }, client_info: Implementation { name: "rmcp", title: None, version: "2.2.0", description: None, icons: None, website_url: None } })
[2m2026-10-08T05:00:22.765505Z[0m [32m INFO[0m [2mcc_server::mcp[0m[2m:[0m MCP server shut down gracefully
[2m2026-10-08T05:00:22.765530Z[0m [32m INFO[0m [2mcc_server::mcp[0m[2m:[0m MCP server started on stdio
[2m2026-10-08T05:00:22.765844Z[0m [32m INFO[0m [1mserve_inner[0m[2m:[0m [2mrmcp::service[0m[2m:[0m received notification [3mnotification[0m[2m=[0mInitializedNotification(NotificationNoParam { method: InitializedNotificationMethod, extensions: Extensions })
[2m2026-10-08T05:00:22.766182Z[0m [32m INFO[0m [1mserve_inner[0m[2m:[0m [2mrmcp::handler::server[0m[2m:[0m client initialized
[2m2026-10-08T05:00:22.766660Z[0m [32m INFO[0m [2mcc_index::memory_budget[0m[2m:[0m memory budget initialized [3mtotal_ram_mb[0m[2m=[0m15989 [3mbudget_mb[0m[2m=[0m7994 [3mfraction[0m[2m=[0m0.5
[2m2026-10-08T05:00:22.774409Z[0m [32m INFO[0m [2mcc_db::index_db_rebuild[0m[2m:[0m full rebuild: creating temp database [3mtmp[0m[2m=[0m/tmp/.tmpXr6OdR/project/.codecortex/index.sqlite3.tmp
V18_JSON {"args":{"query":"v18_query_denied_local_search","retrieval_strategy":"local"},"result":{"evidence_summary":{"files":[],"graph_enrichment":{"callees_added":0,"callers_added":0,"symbols_resolved":0,"tests_found":0},"packing":{"compacted":false,"configured_max_bytes":18000,"continuation":"Use files region/expand on retained references; recheck source version.","limit_bytes":16000,"omitted_hits":0,"omitted_nodes":0,"original_hits":0,"original_nodes":0,"partial":false,"spec":"whole-json-intent-facets-source-support-before-incidental-v5","token_estimate_method":"ceil(serialized_utf8_bytes/4); not a tokenizer","used_bytes":7748},"retrieval":{"cost":{"coverage":"originating query work; lexical FTS and hydration SQL here; grep stage SQL in grep.stages; excludes preselection/exact lookup/graph SQL, FTS internal work and storage I/O; not total cost or a hard limit","fused_candidates":0,"hydrate_requested":0,"hydration":{"sql":{"fullscan_steps":0,"rows":0,"sorts":0,"statements":0,"vm_steps":0},"text":{"cache_hits":0,"legacy_auto_reads":0,"storage_reads":0,"utf8_bytes":0,"zstd_decodes":0}},"lane_candidates":{"exact_symbol":0,"graph":0,"grep":0,"lexical":0,"path":0},"lexical_sql":{"fullscan_steps":0,"rows":0,"sorts":1,"statements":1,"vm_steps":17},"schema_version":1},"grep":{"fallback_scanned":0,"prefilter_failed":false,"prefilter_scanned":0,"reason":null,"scan_cap":20000,"scanned":2,"skipped_duplicates":2,"soft_scanned":2,"stages":[{"stage":"soft","work":{"sql":{"fullscan_steps":0,"rows":2,"sorts":0,"statements":1,"vm_steps":29},"text":{"cache_hits":0,"legacy_auto_reads":0,"storage_reads":2,"utf8_bytes":66,"zstd_decodes":0}}},{"stage":"prefilter","work":{"sql":{"fullscan_steps":0,"rows":0,"sorts":1,"statements":1,"vm_steps":14},"text":{"cache_hits":0,"legacy_auto_reads":0,"storage_reads":0,"utf8_bytes":0,"zstd_decodes":0}}},{"stage":"fallback","work":{"sql":{"fullscan_steps":1,"rows":2,"sorts":0,"statements":1,"vm_steps":23},"text":{"cache_hits":0,"legacy_auto_reads":0,"storage_reads":0,"utf8_bytes":0,"zstd_decodes":0}}}],"status":"complete"},"lanes":[{"candidate_count":0,"candidates":[],"coverage":{"complete":true,"examined":null,"scope":"hard_scope","total_lower_bound":0},"elapsed_us":137,"lane_id":"exact_symbol","schema_version":1,"status":"complete","truncation_reason":null,"weight":1.1},{"candidate_count":0,"candidates":[],"coverage":{"complete":true,"examined":null,"scope":"hard_scope","total_lower_bound":0},"elapsed_us":9170,"lane_id":"path","schema_version":1,"status":"complete","truncation_reason":null,"weight":1.0},{"candidate_count":0,"candidates":[],"coverage":{"complete":true,"examined":null,"scope":"hard_scope","total_lower_bound":0},"elapsed_us":293,"lane_id":"lexical","schema_version":1,"status":"complete","truncation_reason":null,"weight":1.1},{"candidate_count":0,"candidates":[],"coverage":{"complete":true,"examined":2,"scope":"hard_scope","total_lower_bound":0},"elapsed_us":8482,"lane_id":"grep","schema_version":1,"status":"complete","truncation_reason":null,"weight":0.8},{"candidate_count":0,"candidates":[],"coverage":{"complete":true,"examined":null,"scope":"hard_scope","total_lower_bound":0},"elapsed_us":326,"lane_id":"graph","schema_version":1,"status":"complete","truncation_reason":null,"weight":0.6}],"policy":{"completeness":"all_executed_lane_limits_remain_visible; obligation_role_does_not_erase_partial","deadline_ms":30000,"effective":"local","graph_source_mapping":"uid_byte_declaration_document; complete_mapping_is_not_whole_symbol_body_coverage","intent":"locate","lane_timeout_ms":20000,"no_answer":"empty_partial_is_not_absence; no_semantic_absence_claim_from_weak_rank","obligations":[{"lane_id":"exact_symbol","role":"identity","timeout_ms":20000},{"lane_id":"path","role":"identity","timeout_ms":20000},{"lane_id":"lexical","role":"source","timeout_ms":20000},{"lane_id":"grep","role":"source","timeout_ms":20000},{"lane_id":"graph","role":"supporting","timeout_ms":20000}],"path_source_domain":"canonical_scoped_existing_path_docs; else_bounded_tokens; not_whole_file_coverage","requested":"local","semantic_state":"disabled","semantic_timeout_ms":5000,"semantic_top_k":24,"version":"query-policy-local-semantic-canonical-path-domain-v4"},"scope":{"budget":{"exact_symbol_candidates":24,"grep_candidates":12,"grep_enabled":true,"grep_scan_cap":20000,"lexical_candidates":24,"path_candidates":24,"rerank_window":40,"top_k":10,"units":"candidate limits count chunks; grep_scan_cap counts decompressions, not SQL work, total memory or time; cached diagnostics describe originating computation, not work repeated on a cache hit"},"hard":{"empty":false,"explicit_file_count":null,"languages":null,"path_prefix":null,"path_prefix_truncated":false,"semantics":"conjunctive_repository_relative_case_sensitive_components; empty means contradictory/explicit-empty constraint, not an inventory count"},"ordering":["exact-target first (identity tier, not an additive score)","rerank_score descending = sum(score_trace)","chunk_id ascending"],"policy":"canonical-scoped-exact-path-domain-compact-context-budget-v22","schema_version":1,"soft":{"contributions":"per-hit score_trace is the additive bill; stage_a_layer_scores explain its capped stage-a component and must not be added twice; raw hint and excluded paths omitted","hint_entries":{"overlay":0,"pinned":0,"recent":0,"working":0},"preselected_count":1,"role":"ranking_and_scan_priority_only"}}},"search_hits":0,"selection":{"facets":{},"input_candidates":0,"intent":"locate","intent_facet_anchors":{},"limit_omitted":0,"original_ranks":[],"overlap":{"fully_covered_candidates":0,"input_bytes":0,"redundant_bytes":0,"unique_bytes":0},"requested_limit":10,"selected":0,"selected_overlap":{"fully_covered_candidates":0,"input_bytes":0,"redundant_bytes":0,"unique_bytes":0},"source_covered_omissions":0,"source_support_anchors":[],"source_support_scope":"literal_program_cue_in_validated_twice_topk_window_only; not_global_uniqueness_or_exact_identity","spec":"anchored-facets-distinctive-source-union-v2","unmet_facets":[]},"source_freshness":{"budget_exhausted":false,"checked_files":0,"dense_manifest_fence":{"checked":0,"skip_disposition":"stale_publication_skipped","skipped":0},"generation":{"evidence_epoch":1,"incarnation":[136,76,55,181,116,227,40,214,32,197,209,78,202,255,229,66],"index_epoch":5,"semantic_epoch":3},"hydrator":"current-document-scope-source-generation-v1","omitted_files":{},"partial":false,"read_budget_charged":0,"scope":"bounded per-file disk verification and optimistic full read generation; not an atomic filesystem snapshot","validation_work":{"candidate_projection_sql":{"fullscan_steps":0,"rows":0,"sorts":0,"statements":0,"vm_steps":0},"coverage":"current final-assembly attempt SELECTs for manifest, symbol identity and candidate projection; excludes prior attempts, transaction control, originating retrieval, generation, dense fence, graph and disk work; not total cost","schema_version":1,"source_records_sql":{"fullscan_steps":0,"rows":0,"sorts":0,"statements":0,"vm_steps":0}},"verified_hits":0}},"intent":"locate","invalidations":[],"machine_pack":{"hits":[],"kind":"code_index_context","query":"v18_query_denied_local_search","repo_size_tier":"Tiny","token_budget":4000,"top_k":10},"nodes":[],"query":"v18_query_denied_local_search","reasons":["hybrid search over code index"],"rendered_prompt":"Task: code-index search\nIntent: locate\nQuery: v18_query_denied_local_search\n\n","resolution_freshness":{"basis_epoch":null,"complete":true,"completed_files":0,"index_epoch":5,"reason":null,"retry":null,"root_count":0,"scope":"observed_resolution_invalidations","status":"ready"},"revision":0,"spans":[],"summary":"No indexed code results found for `v18_query_denied_local_search`.","task":"v18_query_denied_local_search","token_budget":4000,"token_estimate":1937},"tool":"search"}
V18_JSON {"args":{"retrieval_strategy":"local","task":"v18_query_denied_local_context"},"result":{"evidence_summary":{"files":[],"graph_enrichment":{"callees_added":0,"callers_added":0,"symbols_resolved":0,"tests_found":0},"packing":{"compacted":false,"configured_max_bytes":18000,"continuation":"Use files region/expand on retained references; recheck source version.","limit_bytes":16000,"omitted_hits":0,"omitted_nodes":0,"original_hits":0,"original_nodes":0,"partial":false,"spec":"whole-json-intent-facets-source-support-before-incidental-v5","token_estimate_method":"ceil(serialized_utf8_bytes/4); not a tokenizer","used_bytes":7753},"retrieval":{"cost":{"coverage":"originating query work; lexical FTS and hydration SQL here; grep stage SQL in grep.stages; excludes preselection/exact lookup/graph SQL, FTS internal work and storage I/O; not total cost or a hard limit","fused_candidates":0,"hydrate_requested":0,"hydration":{"sql":{"fullscan_steps":0,"rows":0,"sorts":0,"statements":0,"vm_steps":0},"text":{"cache_hits":0,"legacy_auto_reads":0,"storage_reads":0,"utf8_bytes":0,"zstd_decodes":0}},"lane_candidates":{"exact_symbol":0,"graph":0,"grep":0,"lexical":0,"path":0},"lexical_sql":{"fullscan_steps":0,"rows":0,"sorts":1,"statements":1,"vm_steps":17},"schema_version":1},"grep":{"fallback_scanned":0,"prefilter_failed":false,"prefilter_scanned":0,"reason":null,"scan_cap":20000,"scanned":2,"skipped_duplicates":2,"soft_scanned":2,"stages":[{"stage":"soft","work":{"sql":{"fullscan_steps":0,"rows":2,"sorts":0,"statements":1,"vm_steps":29},"text":{"cache_hits":0,"legacy_auto_reads":0,"storage_reads":2,"utf8_bytes":66,"zstd_decodes":0}}},{"stage":"prefilter","work":{"sql":{"fullscan_steps":0,"rows":0,"sorts":1,"statements":1,"vm_steps":14},"text":{"cache_hits":0,"legacy_auto_reads":0,"storage_reads":0,"utf8_bytes":0,"zstd_decodes":0}}},{"stage":"fallback","work":{"sql":{"fullscan_steps":1,"rows":2,"sorts":0,"statements":1,"vm_steps":23},"text":{"cache_hits":0,"legacy_auto_reads":0,"storage_reads":0,"utf8_bytes":0,"zstd_decodes":0}}}],"status":"complete"},"lanes":[{"candidate_count":0,"candidates":[],"coverage":{"complete":true,"examined":null,"scope":"hard_scope","total_lower_bound":0},"elapsed_us":1551,"lane_id":"exact_symbol","schema_version":1,"status":"complete","truncation_reason":null,"weight":1.1},{"candidate_count":0,"candidates":[],"coverage":{"complete":true,"examined":null,"scope":"hard_scope","total_lower_bound":0},"elapsed_us":348,"lane_id":"path","schema_version":1,"status":"complete","truncation_reason":null,"weight":1.0},{"candidate_count":0,"candidates":[],"coverage":{"complete":true,"examined":null,"scope":"hard_scope","total_lower_bound":0},"elapsed_us":145,"lane_id":"lexical","schema_version":1,"status":"complete","truncation_reason":null,"weight":1.1},{"candidate_count":0,"candidates":[],"coverage":{"complete":true,"examined":2,"scope":"hard_scope","total_lower_bound":0},"elapsed_us":1391,"lane_id":"grep","schema_version":1,"status":"complete","truncation_reason":null,"weight":0.8},{"candidate_count":0,"candidates":[],"coverage":{"complete":true,"examined":null,"scope":"hard_scope","total_lower_bound":0},"elapsed_us":219,"lane_id":"graph","schema_version":1,"status":"complete","truncation_reason":null,"weight":0.6}],"policy":{"completeness":"all_executed_lane_limits_remain_visible; obligation_role_does_not_erase_partial","deadline_ms":30000,"effective":"local","graph_source_mapping":"uid_byte_declaration_document; complete_mapping_is_not_whole_symbol_body_coverage","intent":"locate","lane_timeout_ms":20000,"no_answer":"empty_partial_is_not_absence; no_semantic_absence_claim_from_weak_rank","obligations":[{"lane_id":"exact_symbol","role":"identity","timeout_ms":20000},{"lane_id":"path","role":"identity","timeout_ms":20000},{"lane_id":"lexical","role":"source","timeout_ms":20000},{"lane_id":"grep","role":"source","timeout_ms":20000},{"lane_id":"graph","role":"supporting","timeout_ms":20000}],"path_source_domain":"canonical_scoped_existing_path_docs; else_bounded_tokens; not_whole_file_coverage","requested":"local","semantic_state":"disabled","semantic_timeout_ms":5000,"semantic_top_k":24,"version":"query-policy-local-semantic-canonical-path-domain-v4"},"scope":{"budget":{"exact_symbol_candidates":24,"grep_candidates":12,"grep_enabled":true,"grep_scan_cap":20000,"lexical_candidates":24,"path_candidates":24,"rerank_window":40,"top_k":10,"units":"candidate limits count chunks; grep_scan_cap counts decompressions, not SQL work, total memory or time; cached diagnostics describe originating computation, not work repeated on a cache hit"},"hard":{"empty":false,"explicit_file_count":null,"languages":null,"path_prefix":null,"path_prefix_truncated":false,"semantics":"conjunctive_repository_relative_case_sensitive_components; empty means contradictory/explicit-empty constraint, not an inventory count"},"ordering":["exact-target first (identity tier, not an additive score)","rerank_score descending = sum(score_trace)","chunk_id ascending"],"policy":"canonical-scoped-exact-path-domain-compact-context-budget-v22","schema_version":1,"soft":{"contributions":"per-hit score_trace is the additive bill; stage_a_layer_scores explain its capped stage-a component and must not be added twice; raw hint and excluded paths omitted","hint_entries":{"overlay":0,"pinned":0,"recent":0,"working":0},"preselected_count":1,"role":"ranking_and_scan_priority_only"}}},"search_hits":0,"selection":{"facets":{},"input_candidates":0,"intent":"locate","intent_facet_anchors":{},"limit_omitted":0,"original_ranks":[],"overlap":{"fully_covered_candidates":0,"input_bytes":0,"redundant_bytes":0,"unique_bytes":0},"requested_limit":10,"selected":0,"selected_overlap":{"fully_covered_candidates":0,"input_bytes":0,"redundant_bytes":0,"unique_bytes":0},"source_covered_omissions":0,"source_support_anchors":[],"source_support_scope":"literal_program_cue_in_validated_twice_topk_window_only; not_global_uniqueness_or_exact_identity","spec":"anchored-facets-distinctive-source-union-v2","unmet_facets":[]},"source_freshness":{"budget_exhausted":false,"checked_files":0,"dense_manifest_fence":{"checked":0,"skip_disposition":"stale_publication_skipped","skipped":0},"generation":{"evidence_epoch":1,"incarnation":[136,76,55,181,116,227,40,214,32,197,209,78,202,255,229,66],"index_epoch":5,"semantic_epoch":3},"hydrator":"current-document-scope-source-generation-v1","omitted_files":{},"partial":false,"read_budget_charged":0,"scope":"bounded per-file disk verification and optimistic full read generation; not an atomic filesystem snapshot","validation_work":{"candidate_projection_sql":{"fullscan_steps":0,"rows":0,"sorts":0,"statements":0,"vm_steps":0},"coverage":"current final-assembly attempt SELECTs for manifest, symbol identity and candidate projection; excludes prior attempts, transaction control, originating retrieval, generation, dense fence, graph and disk work; not total cost","schema_version":1,"source_records_sql":{"fullscan_steps":0,"rows":0,"sorts":0,"statements":0,"vm_steps":0}},"verified_hits":0}},"intent":"locate","invalidations":[],"machine_pack":{"hits":[],"kind":"code_index_context","query":"v18_query_denied_local_context","repo_size_tier":"Tiny","token_budget":4000,"top_k":10},"nodes":[],"query":"v18_query_denied_local_context","reasons":["hybrid search over code index"],"rendered_prompt":"Task: code-index search\nIntent: locate\nQuery: v18_query_denied_local_context\n\n","resolution_freshness":{"basis_epoch":null,"complete":true,"completed_files":0,"index_epoch":5,"reason":null,"retry":null,"root_count":0,"scope":"observed_resolution_invalidations","status":"ready"},"revision":0,"spans":[],"summary":"No indexed code results found for `v18_query_denied_local_context`.","task":"v18_query_denied_local_context","token_budget":4000,"token_estimate":1939},"tool":"context"}
test omitted_null_and_explicit_overrides_inherit_project_strategy_through_queries ... ok
V18_JSON {"args":{"path_prefix":"absent/","query":"v18_query_denied_empty_scope","retrieval_strategy":"auto"},"result":{"evidence_summary":{"files":[],"graph_enrichment":{"callees_added":0,"callers_added":0,"symbols_resolved":0,"tests_found":0},"packing":{"compacted":false,"configured_max_bytes":18000,"continuation":"Use files region/expand on retained references; recheck source version.","limit_bytes":16000,"omitted_hits":0,"omitted_nodes":0,"original_hits":0,"original_nodes":0,"partial":false,"spec":"whole-json-intent-facets-source-support-before-incidental-v5","token_estimate_method":"ceil(serialized_utf8_bytes/4); not a tokenizer","used_bytes":7929},"retrieval":{"cost":{"coverage":"originating query work; lexical FTS and hydration SQL here; grep stage SQL in grep.stages; excludes preselection/exact lookup/graph SQL, FTS internal work and storage I/O; not total cost or a hard limit","fused_candidates":0,"hydrate_requested":0,"hydration":{"sql":{"fullscan_steps":0,"rows":0,"sorts":0,"statements":0,"vm_steps":0},"text":{"cache_hits":0,"legacy_auto_reads":0,"storage_reads":0,"utf8_bytes":0,"zstd_decodes":0}},"lane_candidates":{"exact_symbol":0,"graph":0,"grep":0,"lexical":0,"path":0,"semantic":0},"lexical_sql":{"fullscan_steps":0,"rows":0,"sorts":1,"statements":1,"vm_steps":20},"schema_version":1},"grep":{"fallback_scanned":0,"prefilter_failed":false,"prefilter_scanned":0,"reason":null,"scan_cap":20000,"scanned":0,"skipped_duplicates":0,"soft_scanned":0,"stages":[{"stage":"prefilter","work":{"sql":{"fullscan_steps":0,"rows":0,"sorts":1,"statements":1,"vm_steps":17},"text":{"cache_hits":0,"legacy_auto_reads":0,"storage_reads":0,"utf8_bytes":0,"zstd_decodes":0}}},{"stage":"fallback","work":{"sql":{"fullscan_steps":1,"rows":0,"sorts":0,"statements":1,"vm_steps":24},"text":{"cache_hits":0,"legacy_auto_reads":0,"storage_reads":0,"utf8_bytes":0,"zstd_decodes":0}}}],"status":"complete"},"lanes":[{"candidate_count":0,"candidates":[],"coverage":{"complete":true,"examined":null,"scope":"hard_scope","total_lower_bound":0},"elapsed_us":158,"lane_id":"exact_symbol","schema_version":1,"status":"complete","truncation_reason":null,"weight":1.1},{"candidate_count":0,"candidates":[],"coverage":{"complete":true,"examined":null,"scope":"hard_scope","total_lower_bound":0},"elapsed_us":318,"lane_id":"path","schema_version":1,"status":"complete","truncation_reason":null,"weight":1.0},{"candidate_count":0,"candidates":[],"coverage":{"complete":true,"examined":null,"scope":"hard_scope","total_lower_bound":0},"elapsed_us":149,"lane_id":"lexical","schema_version":1,"status":"complete","truncation_reason":null,"weight":1.1},{"candidate_count":0,"candidates":[],"coverage":{"complete":true,"examined":0,"scope":"hard_scope","total_lower_bound":0},"elapsed_us":1853,"lane_id":"grep","schema_version":1,"status":"complete","truncation_reason":null,"weight":0.8},{"candidate_count":0,"candidates":[],"coverage":{"complete":true,"examined":null,"scope":"hard_scope","total_lower_bound":0},"elapsed_us":332,"lane_id":"graph","schema_version":1,"status":"complete","truncation_reason":null,"weight":0.6},{"candidate_count":0,"candidates":[],"coverage":{"complete":false,"examined":null,"scope":"hard_scope","total_lower_bound":0},"elapsed_us":188,"lane_id":"semantic","schema_version":1,"status":"unavailable","truncation_reason":"query_vector_not_encoded","weight":1.0}],"policy":{"completeness":"all_executed_lane_limits_remain_visible; obligation_role_does_not_erase_partial","deadline_ms":30000,"effective":"auto","graph_source_mapping":"uid_byte_declaration_document; complete_mapping_is_not_whole_symbol_body_coverage","intent":"locate","lane_timeout_ms":20000,"no_answer":"empty_partial_is_not_absence; no_semantic_absence_claim_from_weak_rank","obligations":[{"lane_id":"exact_symbol","role":"identity","timeout_ms":20000},{"lane_id":"path","role":"identity","timeout_ms":20000},{"lane_id":"lexical","role":"source","timeout_ms":20000},{"lane_id":"grep","role":"source","timeout_ms":20000},{"lane_id":"graph","role":"supporting","timeout_ms":20000},{"lane_id":"semantic","role":"optional_recall","timeout_ms":5000}],"path_source_domain":"canonical_scoped_existing_path_docs; else_bounded_tokens; not_whole_file_coverage","requested":"auto","semantic_state":"configured","semantic_timeout_ms":5000,"semantic_top_k":24,"version":"query-policy-local-semantic-canonical-path-domain-v4"},"scope":{"budget":{"exact_symbol_candidates":24,"grep_candidates":12,"grep_enabled":true,"grep_scan_cap":20000,"lexical_candidates":24,"path_candidates":24,"rerank_window":40,"top_k":10,"units":"candidate limits count chunks; grep_scan_cap counts decompressions, not SQL work, total memory or time; cached diagnostics describe originating computation, not work repeated on a cache hit"},"hard":{"empty":false,"explicit_file_count":null,"languages":null,"path_prefix":"absent","path_prefix_truncated":false,"semantics":"conjunctive_repository_relative_case_sensitive_components; empty means contradictory/explicit-empty constraint, not an inventory count"},"ordering":["exact-target first (identity tier, not an additive score)","rerank_score descending = sum(score_trace)","chunk_id ascending"],"policy":"canonical-scoped-exact-path-domain-compact-context-budget-v22","schema_version":1,"soft":{"contributions":"per-hit score_trace is the additive bill; stage_a_layer_scores explain its capped stage-a component and must not be added twice; raw hint and excluded paths omitted","hint_entries":{"overlay":0,"pinned":0,"recent":0,"working":0},"preselected_count":0,"role":"ranking_and_scan_priority_only"}}},"search_hits":0,"selection":{"facets":{},"input_candidates":0,"intent":"locate","intent_facet_anchors":{},"limit_omitted":0,"original_ranks":[],"overlap":{"fully_covered_candidates":0,"input_bytes":0,"redundant_bytes":0,"unique_bytes":0},"requested_limit":10,"selected":0,"selected_overlap":{"fully_covered_candidates":0,"input_bytes":0,"redundant_bytes":0,"unique_bytes":0},"source_covered_omissions":0,"source_support_anchors":[],"source_support_scope":"literal_program_cue_in_validated_twice_topk_window_only; not_global_uniqueness_or_exact_identity","spec":"anchored-facets-distinctive-source-union-v2","unmet_facets":[]},"source_freshness":{"budget_exhausted":false,"checked_files":0,"dense_manifest_fence":{"checked":0,"skip_disposition":"stale_publication_skipped","skipped":0},"generation":{"evidence_epoch":1,"incarnation":[136,76,55,181,116,227,40,214,32,197,209,78,202,255,229,66],"index_epoch":5,"semantic_epoch":3},"hydrator":"current-document-scope-source-generation-v1","omitted_files":{},"partial":false,"read_budget_charged":0,"scope":"bounded per-file disk verification and optimistic full read generation; not an atomic filesystem snapshot","validation_work":{"candidate_projection_sql":{"fullscan_steps":0,"rows":0,"sorts":0,"statements":0,"vm_steps":0},"coverage":"current final-assembly attempt SELECTs for manifest, symbol identity and candidate projection; excludes prior attempts, transaction control, originating retrieval, generation, dense fence, graph and disk work; not total cost","schema_version":1,"source_records_sql":{"fullscan_steps":0,"rows":0,"sorts":0,"statements":0,"vm_steps":0}},"verified_hits":0}},"intent":"locate","invalidations":[],"machine_pack":{"hits":[],"kind":"code_index_context","query":"v18_query_denied_empty_scope","repo_size_tier":"Tiny","token_budget":4000,"top_k":10},"nodes":[],"query":"v18_query_denied_empty_scope","reasons":["hybrid search over code index"],"rendered_prompt":"Task: code-index search\nIntent: locate\nQuery: v18_query_denied_empty_scope\n\n","resolution_freshness":{"basis_epoch":null,"complete":true,"completed_files":0,"index_epoch":5,"reason":null,"retry":null,"root_count":0,"scope":"observed_resolution_invalidations","status":"ready"},"revision":0,"spans":[],"summary":"No results found within the scan budget for `v18_query_denied_empty_scope`; retrieval is incomplete.","task":"v18_query_denied_empty_scope","token_budget":4000,"token_estimate":1983},"tool":"search"}
V18_JSON {"document_http_calls":2,"only_loopback":true,"query_http_calls":0,"real_credentials":false,"requests":[{"encoding_format":"float","input":["CODECORTEX_EMBED_V1\nmetadata: {\"language\":\"python\",\"metadata_truncated\":false,\"parent\":\"needle\",\"path\":\"needle.py\",\"signature\":\"def needle():\\n    \",\"source_span\":{\"end\":28,\"start\":0}}\nsource:\ndef needle():\n    return 731"],"model":"synthetic-v18-contract"},{"encoding_format":"float","input":["CODECORTEX_EMBED_V1\nmetadata: {\"language\":\"python\",\"metadata_truncated\":false,\"parent\":\"neighbor\",\"path\":\"needle.py\",\"signature\":\"def neighbor():\\n    \",\"source_span\":{\"end\":66,\"start\":28}}\nsource:\n\n\ndef neighbor():\n    return needle()\n"],"model":"synthetic-v18-contract"}],"synthetic_vectors":true}
[2m2026-10-08T05:00:22.804195Z[0m [32m INFO[0m [2mcc_db::index_db_rebuild[0m[2m:[0m full rebuild: creating temp database [3mtmp[0m[2m=[0m/tmp/.tmpu5GVVN/project/.codecortex/index.sqlite3.tmp
[2m2026-10-08T05:00:22.804658Z[0m [32m INFO[0m [1mserve_inner[0m[2m:[0m [2mrmcp::service[0m[2m:[0m input stream terminated
[2m2026-10-08T05:00:22.804729Z[0m [32m INFO[0m [1mserve_inner[0m[2m:[0m [2mrmcp::service[0m[2m:[0m serve finished [3mquit_reason[0m[2m=[0mClosed
[2m2026-10-08T05:00:22.804914Z[0m [32m INFO[0m [2mcc_server::mcp[0m[2m:[0m MCP server shut down gracefully
[2m2026-10-08T05:00:22.806070Z[0m [32m INFO[0m [2mcc_db::index_migrate[0m[2m:[0m initializing index schema [3mversion[0m[2m=[0m25
test query_network_contract::denied_authority_local_and_empty_scope_make_no_query_calls ... ok
[2m2026-10-08T05:00:22.824239Z[0m [32m INFO[0m [2mcc_db::index_migrate[0m[2m:[0m initializing index schema [3mversion[0m[2m=[0m25
[2m2026-10-08T05:00:22.834544Z[0m [32m INFO[0m [1mserve_inner[0m[2m:[0m [2mrmcp::service[0m[2m:[0m Service initialized as server [3mpeer_info[0m[2m=[0mSome(InitializeRequestParams { meta: None, protocol_version: ProtocolVersion("2025-11-25"), capabilities: ClientCapabilities { experimental: None, extensions: None, roots: None, sampling: None, elicitation: None, tasks: None }, client_info: Implementation { name: "rmcp", title: None, version: "2.2.0", description: None, icons: None, website_url: None } })
[2m2026-10-08T05:00:22.834629Z[0m [32m INFO[0m [2mcc_server::mcp[0m[2m:[0m MCP server started on stdio
[2m2026-10-08T05:00:22.837353Z[0m [32m INFO[0m [1mserve_inner[0m[2m:[0m [2mrmcp::service[0m[2m:[0m received notification [3mnotification[0m[2m=[0mInitializedNotification(NotificationNoParam { method: InitializedNotificationMethod, extensions: Extensions })
[2m2026-10-08T05:00:22.839336Z[0m [32m INFO[0m [1mserve_inner[0m[2m:[0m [2mrmcp::handler::server[0m[2m:[0m client initialized
[2m2026-10-08T05:00:22.840134Z[0m [32m INFO[0m [2mcc_index::memory_budget[0m[2m:[0m memory budget initialized [3mtotal_ram_mb[0m[2m=[0m15989 [3mbudget_mb[0m[2m=[0m7994 [3mfraction[0m[2m=[0m0.5
[2m2026-10-08T05:00:22.850469Z[0m [32m INFO[0m [1mserve_inner[0m[2m:[0m [2mrmcp::service[0m[2m:[0m Service initialized as server [3mpeer_info[0m[2m=[0mSome(InitializeRequestParams { meta: None, protocol_version: ProtocolVersion("2025-11-25"), capabilities: ClientCapabilities { experimental: None, extensions: None, roots: None, sampling: None, elicitation: None, tasks: None }, client_info: Implementation { name: "rmcp", title: None, version: "2.2.0", description: None, icons: None, website_url: None } })
[2m2026-10-08T05:00:22.850544Z[0m [32m INFO[0m [2mcc_server::mcp[0m[2m:[0m MCP server started on stdio
[2m2026-10-08T05:00:22.850941Z[0m [32m INFO[0m [1mserve_inner[0m[2m:[0m [2mrmcp::service[0m[2m:[0m received notification [3mnotification[0m[2m=[0mInitializedNotification(NotificationNoParam { method: InitializedNotificationMethod, extensions: Extensions })
[2m2026-10-08T05:00:22.851021Z[0m [32m INFO[0m [1mserve_inner[0m[2m:[0m [2mrmcp::handler::server[0m[2m:[0m client initialized
[2m2026-10-08T05:00:22.854666Z[0m [32m INFO[0m [2mcc_index::memory_budget[0m[2m:[0m memory budget initialized [3mtotal_ram_mb[0m[2m=[0m15989 [3mbudget_mb[0m[2m=[0m7994 [3mfraction[0m[2m=[0m0.5
[2m2026-10-08T05:00:22.870136Z[0m [32m INFO[0m [2mcc_db::index_db_rebuild[0m[2m:[0m full rebuild: creating temp database [3mtmp[0m[2m=[0m/tmp/.tmp6ipc9f/project/.codecortex/index.sqlite3.tmp
[2m2026-10-08T05:00:22.880460Z[0m [32m INFO[0m [2mcc_db::index_db_rebuild[0m[2m:[0m full rebuild: creating temp database [3mtmp[0m[2m=[0m/tmp/.tmpkxggCb/project/.codecortex/index.sqlite3.tmp
[2m2026-10-08T05:00:23.030483Z[0m [32m INFO[0m [2mcc_db::index_db_rebuild[0m[2m:[0m full rebuild: writing data to temp database
[2m2026-10-08T05:00:23.032411Z[0m [32m INFO[0m [2mcc_db::index_db_rebuild[0m[2m:[0m full rebuild: writing data to temp database
[2m2026-10-08T05:00:23.034175Z[0m [32m INFO[0m [2mcc_db::index_db_rebuild[0m[2m:[0m full rebuild: recreating indexes
[2m2026-10-08T05:00:23.035897Z[0m [32m INFO[0m [2mcc_db::index_db_rebuild[0m[2m:[0m full rebuild: recreating indexes
[2m2026-10-08T05:00:23.072462Z[0m [32m INFO[0m [2mcc_db::index_db_rebuild[0m[2m:[0m full rebuild: temp database ready for swap
[2m2026-10-08T05:00:23.072683Z[0m [32m INFO[0m [2mcc_index::memory_budget[0m[2m:[0m memory budget initialized [3mtotal_ram_mb[0m[2m=[0m15989 [3mbudget_mb[0m[2m=[0m7994 [3mfraction[0m[2m=[0m0.5
[2m2026-10-08T05:00:23.097874Z[0m [32m INFO[0m [2mcc_db::index_db_rebuild[0m[2m:[0m full rebuild: temp database ready for swap
[2m2026-10-08T05:00:23.098068Z[0m [32m INFO[0m [2mcc_index::memory_budget[0m[2m:[0m memory budget initialized [3mtotal_ram_mb[0m[2m=[0m15989 [3mbudget_mb[0m[2m=[0m7994 [3mfraction[0m[2m=[0m0.5
[2m2026-10-08T05:00:23.226357Z[0m [32m INFO[0m [2mcc_index::memory_budget[0m[2m:[0m memory budget initialized [3mtotal_ram_mb[0m[2m=[0m15989 [3mbudget_mb[0m[2m=[0m7994 [3mfraction[0m[2m=[0m0.5
[2m2026-10-08T05:00:23.226515Z[0m [32m INFO[0m [2mcc_index::memory_budget[0m[2m:[0m memory budget initialized [3mtotal_ram_mb[0m[2m=[0m15989 [3mbudget_mb[0m[2m=[0m7994 [3mfraction[0m[2m=[0m0.5
[2m2026-10-08T05:00:23.231450Z[0m [32m INFO[0m [2mcc_index::memory_budget[0m[2m:[0m memory budget initialized [3mtotal_ram_mb[0m[2m=[0m15989 [3mbudget_mb[0m[2m=[0m7994 [3mfraction[0m[2m=[0m0.5
[2m2026-10-08T05:00:23.231565Z[0m [32m INFO[0m [2mcc_index::memory_budget[0m[2m:[0m memory budget initialized [3mtotal_ram_mb[0m[2m=[0m15989 [3mbudget_mb[0m[2m=[0m7994 [3mfraction[0m[2m=[0m0.5
V18_JSON {"args":{"full":true,"path":"/tmp/.tmpXr6OdR/project"},"result":{"build_explain":{"gate_decisions":[{"pass":"synthesis_round","reason":"both signatures changed","run":true},{"pass":"community","reason":"full rebuild","run":true},{"pass":"git_cochange","reason":"cache key unavailable","run":true},{"pass":"infra","reason":"signature algorithm changed","run":true},{"pass":"adr","reason":"no recorded signature","run":true}]},"chunk_policy":{"bytes":16384,"chars":16384,"estimated_tokens":4096,"lines":80,"merge_min_bytes":256},"chunks_total":2,"dirty_plan":{"dependency_sql":{"fullscan_steps":0,"rows":0,"sorts":0,"statements":0,"vm_steps":0},"file_budget":0,"parsed_files":1,"reasons":[],"rebased":false,"resumed":false,"selected_dependents":0},"document_changes":{"files_projected":1,"removed":0,"render_failed":0,"reusable_inputs":0,"unchanged":0,"upserted":2},"elapsed_ms":499,"files_added":1,"files_parsed":1,"files_removed":0,"files_scanned":1,"files_skipped":0,"files_updated":0,"parse_errors":[],"[2m2026-10-08T05:00:23.234996Z[0m [32m INFO[0m [2mcc_db::index_db_rebuild[0m[2m:[0m full rebuild: writing data to temp database
phase_timing":{"analysis_ms":3,"parse_ms":32,"postprocess_ms":1,"resolve_ms":0,"scan_diff_ms":7,"write_ms":153},"project_model":{"catalog_files":1,"changed_configs":[],"config_inputs":0,"config_parse_cache_hits":0,"config_reads":0,"config_root_probes":5,"config_roots":0,"diagnostics":[],"go_fact_cache_hits":0,"go_source_reads":0,"input_digest":"6608a5a5cd33639a82b1be8d943f3148241d6520b8e0d9930909feaaf0ec5b8c","inventory_source":"shared_walk","modes":[],"rust_fact_cache_hits":0,"rust_source_reads":0,"version":3},"public_surface_coverage":{"known":1,"known_empty":0,"parsed_files":1,"unknown":0,"unknown_reasons":{}},"resolution_coverage":{"ambiguous":0,"incomplete_files":0,"modules_ambiguous":0,"modules_external":0,"modules_resolved":0,"modules_unknown":0,"modules_unresolved":0,"modules_unsupported":0,"omitted_records":0,"packages_resolved":0,"processed_files":1,"resolved":2,"unresolved":0,"unsupported":0},"resolution_freshness":{"basis_epoch":null,"complete":true,"completed_files":0,"index_epoch":5,"reason":null,"retry":null,"root_count":0,"scope":"observed_resolution_invalidations","status":"ready"},"symbols_total":2,"used_parallel_parse":false},"tool":"index"}
V18_JSON {"args":{"full":true,"path":"/tmp/.tmpu5GVVN/project"},"result":{"build_explain":{"gate_decisions":[{"pass":"synthesis_round","reason":"both signatures changed","run":true},{"pass":"community","reason":"full rebuild","run":true},{"pass":"git_cochange","reason":"cache key unavailable","run":true},{"pass":"infra","reason":"signature algorithm changed","run":true},{"pass":"adr","reason":"no recorded signature","run":true}]},"chunk_policy":{"bytes":16384,"chars":16384,"estimated_tokens":4096,"lines":80,"merge_min_bytes":256},"chunks_total":2,"dirty_plan":{"dependency_sql":{"fullscan_steps":0,"rows":0,"sorts":0,"statements":0,"vm_steps":0},"file_budget":0,"parsed_files":1,"reasons":[],"rebased":false,"resumed":false,"selected_dependents":0},"document_changes":{"files_projected":1,"removed":0,"render_failed":0,"reusable_inputs":0,"unchanged":0,"upserted":2},"elapsed_ms":466,"files_added":1,"files_parsed":1,"files_removed":0,"files_scanned":1,"files_skipped":0,"files_updated":0,"parse_errors":[],"phase_timing":{"analysis_ms":3,"parse_ms":31,"postprocess_ms":2,"resolve_ms":0,"scan_diff_ms":5,"write_ms":127},"project_model":{"catalog_files":1,"changed_configs":[],"config_inputs":0,"config_parse_cache_hits":0,"config_reads":0,"config_root_probes":5,"config_roots":0,"diagnostics":[],"go_fact_cache_hits":0,"go_source_reads":0,"input_digest":"6608a5a5cd33639a82b1be8d943f3148241d6520b8e0d9930909feaaf0ec5b8c","inventory_source":"shared_walk","modes":[],"rust_fact_cache_hits":0,"rust_source_reads":0,"version":3},"public_surface_coverage":{"known":1,"known_empty":0,"parsed_files":1,"unknown":0,"unknown_reasons":{}},"resolution_coverage":{"ambiguous":0,"incomplete_files":0,"modules_ambiguous":0,"modules_external":0,"modules_resolved":0,"modules_unknown":0,"modules_unresolved":0,"modules_unsupported":0,"omitted_records":0,"packages_resolved":0,"processed_files":1,"resolved":2,"unresolved":0,"unsupported":0},"resolution_freshness":{"basis_epoch":null,"complete":true,"completed_files":0,"index_epoch":5,"reason":null,"retry":null,"root_count":0,"scope":"observed_resolution_invalidations","status":"ready"},"symbols_total":2,"used_parallel_parse":false},"tool":"index"}
[2m2026-10-08T05:00:23.237385Z[0m [32m INFO[0m [2mcc_db::index_db_rebuild[0m[2m:[0m full rebuild: writing data to temp database
V18_JSON {"args":{"aspect":"capabilities"},"result":{"capabilities":{"graph":true,"impact":true,"search":true},"has_index":true,"has_project":true,"indexed_files":1,"indexed_symbols":2,"resolution_freshness":{"basis_epoch":null,"complete":true,"completed_files":0,"index_epoch":5,"reason":null,"retry":null,"root_count":0,"scope":"observed_resolution_invalidations","status":"ready"},"retrieval":{"consistency":"point_in_time","default_effective_strategy":"auto","default_query_state":"available_with_per_query_checks","default_strategy":"auto","dense_reason":"semantic_no_active_space","dense_state":"disabled","diagnostic_sources":{"build":"BuildExplain on index response","graph":"GraphExplain on query response","lanes":"evidence_summary.retrieval.lanes or lane_receipts","packing":"evidence_summary.packing","selection":"evidence_summary.selection","semantic":"evidence_summary.retrieval.semantic (dense lane receipt projection)","source":"evidence_summary.source_freshness"},"execution":{"async_admitted":0,"async_in_flight":0,"async_limit":8,"completed":0,"cpu_admitted":0,"cpu_in_flight":0,"cpu_limit":4,"queue_limit":32,"rejected":0},"execution_scope":"process_shared_not_project_local","generation":{"evidence_epoch":1,"incarnation":[85,135,56,176,116,213,181,139,73,231,192,148,236,117,164,170],"index_epoch":5,"semantic_epoch":null},"generation_scope":"observed_database_snapshot","identity_validation":"checked_at_observation_boundary","index_state":"available","local_state":"available","pin_scope":"owned_query_views_including_inflight_clones_not_request_count","query_coverage":{"scope":"per_query_not_global","state":"not_measured"},"query_encoding":{"configured_opt_in":true,"network_authorized":true,"reason":null,"request_scope":"nonlocal_nonempty_only"},"query_pins":1,"resolution_freshness":{"basis_epoch":null,"complete":true,"completed_files":0,"index_epoch":5,"reason":null,"retry":null,"root_count":0,"scope":"observed_resolution_invalidations","status":"ready"},"semantic_active_space":null,"semantic_state":"port_attached_unverified","service_state_scope":"process_observed_separately","spec":"retrieval-capabilities-v2"}},"tool":"status"}
[2m2026-10-08T05:00:23.239650Z[0m [32m INFO[0m [2mcc_db::index_db_rebuild[0m[2m:[0m full rebuild: recreating indexes
V18_JSON {"args":{"aspect":"capabilities"},"result":{"capabilities":{"graph":true,"impact":true,"search":true},"has_index":true,"has_project":true,"indexed_files":1,"indexed_symbols":2,"resolution_freshness":{"basis_epoch":null,"complete":true,"completed_files":0,"index_epoch":5,"reason":null,"retry":null,"root_count":0,"scope":"observed_resolution_invalidations","status":"ready"},"retrieval":{"consistency":"point_in_time","default_effective_strategy":"local","default_query_state":"available_with_per_query_checks","default_strategy":"auto","dense_reason":"provider_and_vector_publication_not_implemented","dense_state":"disabled","diagnostic_sources":{"build":"BuildExplain on index response","graph":"GraphExplain on query response","lanes":"evidence_summary.retrieval.lanes or lane_receipts","packing":"evidence_summary.packing","selection":"evidence_summary.selection","semantic":"evidence_summary.retrieval.semantic (dense lane receipt projection)","source":"evidence_summary.source_freshness"},"execution":{"async_admitted":0,"async_in_flight":0,"async_limit":8,"completed":0,"cpu_admitted":0,"cpu_in_flight":0,"cpu_limit":4,"queue_limit":32,"rejected":0},"execution_scope":"process_shared_not_project_local","generation":{"evidence_epoch":1,"incarnation":[112,116,80,196,15,146,207,205,83,54,50,172,176,102,190,80],"index_epoch":5,"semantic_epoch":null},"generation_scope":"observed_database_snapshot","identity_validation":"checked_at_observation_boundary","index_state":"available","local_state":"available","pin_scope":"owned_query_views_including_inflight_clones_not_request_count","query_coverage":{"scope":"per_query_not_global","state":"not_measured"},"query_encoding":{"configured_opt_in":true,"network_authorized":false,"reason":"semantic_disabled","request_scope":"nonlocal_nonempty_only"},"query_pins":0,"resolution_freshness":{"basis_epoch":null,"complete":true,"completed_files":0,"index_epoch":5,"reason":null,"retry":null,"root_count":0,"scope":"observed_resolution_invalidations","status":"ready"},"semantic_active_space":null,"semantic_state":"not_configured","service_state_scope":"process_observed_separately","spec":"retrieval-capabilities-v2"}},"tool":"status"}
[2m2026-10-08T05:00:23.240820Z[0m [32m INFO[0m [2mcc_db::index_db_rebuild[0m[2m:[0m full rebuild: recreating indexes
V18_JSON {"args":{"aspect":"capabilities"},"result":{"capabilities":{"graph":true,"impact":true,"search":true},"has_index":true,"has_project":true,"indexed_files":1,"indexed_symbols":2,"resolution_freshness":{"basis_epoch":null,"complete":true,"completed_files":0,"index_epoch":5,"reason":null,"retry":null,"root_count":0,"scope":"observed_resolution_invalidations","status":"ready"},"retrieval":{"consistency":"point_in_time","default_effective_strategy":"auto","default_query_state":"available_with_per_query_checks","default_strategy":"auto","dense_desired":2,"dense_published":1,"dense_reason":"semantic_coverage_uncovered","dense_state":"partial","diagnostic_sources":{"build":"BuildExplain on index response","graph":"GraphExplain on query response","lanes":"evidence_summary.retrieval.lanes or lane_receipts","packing":"evidence_summary.packing","selection":"evidence_summary.selection","semantic":"evidence_summary.retrieval.semantic (dense lane receipt projection)","source":"evidence_summary.source_freshness"},"execution":{"async_admitted":0,"async_in_flight":0,"async_limit":8,"completed":0,"cpu_admitted":0,"cpu_in_flight":0,"cpu_limit":4,"queue_limit":32,"rejected":0},"execution_scope":"process_shared_not_project_local","generation":{"evidence_epoch":1,"incarnation":[85,135,56,176,116,213,181,139,73,231,192,148,236,117,164,170],"index_epoch":5,"semantic_epoch":2},"generation_scope":"observed_database_snapshot","identity_validation":"checked_at_observation_boundary","index_state":"available","local_state":"available","pin_scope":"owned_query_views_including_inflight_clones_not_request_count","query_coverage":{"scope":"per_query_not_global","state":"not_measured"},"query_encoding":{"configured_opt_in":true,"network_authorized":true,"reason":null,"request_scope":"nonlocal_nonempty_only"},"query_pins":1,"resolution_freshness":{"basis_epoch":null,"complete":true,"completed_files":0,"index_epoch":5,"reason":null,"retry":null,"root_count":0,"scope":"observed_resolution_invalidations","status":"ready"},"semantic_active_space":"2eac300964ae66ba95651ecaa7c7c6aafb0c9aecbd8a130cfc50c030cd8688d4","semantic_failed":0,"semantic_pending":1,"semantic_state":"backfilling","service_state_scope":"process_observed_separately","spec":"retrieval-capabilities-v2"}},"tool":"status"}
V18_JSON {"args":{"query":"v18_query_gate_disabled_search","retrieval_strategy":"auto"},"result":{"evidence_summary":{"files":[],"graph_enrichment":{"callees_added":0,"callers_added":0,"symbols_resolved":0,"tests_found":0},"packing":{"compacted":false,"configured_max_bytes":18000,"continuation":"Use files region/expand on retained references; recheck source version.","limit_bytes":16000,"omitted_hits":0,"omitted_nodes":0,"original_hits":0,"original_nodes":0,"partial":false,"spec":"whole-json-intent-facets-source-support-before-incidental-v5","token_estimate_method":"ceil(serialized_utf8_bytes/4); not a tokenizer","used_bytes":7761},"retrieval":{"cost":{"coverage":"originating query work; lexical FTS and hydration SQL here; grep stage SQL in grep.stages; excludes preselection/exact lookup/graph SQL, FTS internal work and storage I/O; not total cost or a hard limit","fused_candidates":0,"hydrate_requested":0,"hydration":{"sql":{"fullscan_steps":0,"rows":0,"sorts":0,"statements":0,"vm_steps":0},"text":{"cache_hits":0,"legacy_auto_reads":0,"storage_reads":0,"utf8_bytes":0,"zstd_decodes":0}},"lane_candidates":{"exact_symbol":0,"graph":0,"grep":0,"lexical":0,"path":0},"lexical_sql":{"fullscan_steps":0,"rows":0,"sorts":1,"statements":1,"vm_steps":17},"schema_version":1},"grep":{"fallback_scanned":0,"prefilter_failed":false,"prefilter_scanned":0,"reason":null,"scan_cap":20000,"scanned":2,"skipped_duplicates":2,"soft_scanned":2,"stages":[{"stage":"soft","work":{"sql":{"fullscan_steps":0,"rows":2,"sorts":0,"statements":1,"vm_steps":29},"text":{"cache_hits":0,"legacy_auto_reads":0,"storage_reads":2,"utf8_bytes":66,"zstd_decodes":0}}},{"stage":"prefilter","work":{"sql":{"fullscan_steps":0,"rows":0,"sorts":1,"statements":1,"vm_steps":14},"text":{"cache_hits":0,"legacy_auto_reads":0,"storage_reads":0,"utf8_bytes":0,"zstd_decodes":0}}},{"stage":"fallback","work":{"sql":{"fullscan_steps":1,"rows":2,"sorts":0,"statements":1,"vm_steps":23},"text":{"cache_hits":0,"legacy_auto_reads":0,"storage_reads":0,"utf8_bytes":0,"zstd_decodes":0}}}],"status":"complete"},"lanes":[{"candidate_count":0,"candidates":[],"coverage":{"complete":true,"examined":null,"scope":"hard_scope","total_lower_bound":0},"elapsed_us":219,"lane_id":"exact_symbol","schema_version":1,"status":"complete","truncation_reason":null,"weight":1.1},{"candidate_count":0,"candidates":[],"coverage":{"complete":true,"examined":null,"scope":"hard_scope","total_lower_bound":0},"elapsed_us":1214,"lane_id":"path","schema_version":1,"status":"complete","truncation_reason":null,"weight":1.0},{"candidate_count":0,"candidates":[],"coverage":{"complete":true,"examined":null,"scope":"hard_scope","total_lower_bound":0},"elapsed_us":361,"lane_id":"lexical","schema_version":1,"status":"complete","truncation_reason":null,"weight":1.1},{"candidate_count":0,"candidates":[],"coverage":{"complete":true,"examined":2,"scope":"hard_scope","total_lower_bound":0},"elapsed_us":1667,"lane_id":"grep","schema_version":1,"status":"complete","truncation_reason":null,"weight":0.8},{"candidate_count":0,"candidates":[],"coverage":{"complete":true,"examined":null,"scope":"hard_scope","total_lower_bound":0},"elapsed_us":288,"lane_id":"graph","schema_version":1,"status":"complete","truncation_reason":null,"weight":0.6}],"policy":{"completeness":"all_executed_lane_limits_remain_visible; obligation_role_does_not_erase_partial","deadline_ms":30000,"effective":"local","graph_source_mapping":"uid_byte_declaration_document; complete_mapping_is_not_whole_symbol_body_coverage","intent":"locate","lane_timeout_ms":20000,"no_answer":"empty_partial_is_not_absence; no_semantic_absence_claim_from_weak_rank","obligations":[{"lane_id":"exact_symbol","role":"identity","timeout_ms":20000},{"lane_id":"path","role":"identity","timeout_ms":20000},{"lane_id":"lexical","role":"source","timeout_ms":20000},{"lane_id":"grep","role":"source","timeout_ms":20000},{"lane_id":"graph","role":"supporting","timeout_ms":20000}],"path_source_domain":"canonical_scoped_existing_path_docs; else_bounded_tokens; not_whole_file_coverage","requested":"auto","semantic_state":"not_configured","semantic_timeout_ms":5000,"semantic_top_k":24,"version":"query-policy-local-semantic-canonical-path-domain-v4"},"scope":{"budget":{"exact_symbol_candidates":24,"grep_candidates":12,"grep_enabled":true,"grep_scan_cap":20000,"lexical_candidates":24,"path_candidates":24,"rerank_window":40,"top_k":10,"units":"candidate limits count chunks; grep_scan_cap counts decompressions, not SQL work, total memory or time; cached diagnostics describe originating computation, not work repeated on a cache hit"},"hard":{"empty":false,"explicit_file_count":null,"languages":null,"path_prefix":null,"path_prefix_truncated":false,"semantics":"conjunctive_repository_relative_case_sensitive_components; empty means contradictory/explicit-empty constraint, not an inventory count"},"ordering":["exact-target first (identity tier, not an additive score)","rerank_score descending = sum(score_trace)","chunk_id ascending"],"policy":"canonical-scoped-exact-path-domain-compact-context-budget-v22","schema_version":1,"soft":{"contributions":"per-hit score_trace is the additive bill; stage_a_layer_scores explain its capped stage-a component and must not be added twice; raw hint and excluded paths omitted","hint_entries":{"overlay":0,"pinned":0,"recent":0,"working":0},"preselected_count":1,"role":"ranking_and_scan_priority_only"}}},"search_hits":0,"selection":{"facets":{},"input_candidates":0,"intent":"locate","intent_facet_anchors":{},"limit_omitted":0,"original_ranks":[],"overlap":{"fully_covered_candidates":0,"input_bytes":0,"redundant_bytes":0,"unique_bytes":0},"requested_limit":10,"selected":0,"selected_overlap":{"fully_covered_candidates":0,"input_bytes":0,"redundant_bytes":0,"unique_bytes":0},"source_covered_omissions":0,"source_support_anchors":[],"source_support_scope":"literal_program_cue_in_validated_twice_topk_window_only; not_global_uniqueness_or_exact_identity","spec":"anchored-facets-distinctive-source-union-v2","unmet_facets":[]},"source_freshness":{"budget_exhausted":false,"checked_files":0,"dense_manifest_fence":{"checked":0,"skip_disposition":"stale_publication_skipped","skipped":0},"generation":{"evidence_epoch":1,"incarnation":[112,116,80,196,15,146,207,205,83,54,50,172,176,102,190,80],"index_epoch":5,"semantic_epoch":null},"hydrator":"current-document-scope-source-generation-v1","omitted_files":{},"partial":false,"read_budget_charged":0,"scope":"bounded per-file disk verification and optimistic full read generation; not an atomic filesystem snapshot","validation_work":{"candidate_projection_sql":{"fullscan_steps":0,"rows":0,"sorts":0,"statements":0,"vm_steps":0},"coverage":"current final-assembly attempt SELECTs for manifest, symbol identity and candidate projection; excludes prior attempts, transaction control, originating retrieval, generation, dense fence, graph and disk work; not total cost","schema_version":1,"source_records_sql":{"fullscan_steps":0,"rows":0,"sorts":0,"statements":0,"vm_steps":0}},"verified_hits":0}},"intent":"locate","invalidations":[],"machine_pack":{"hits":[],"kind":"code_index_context","query":"v18_query_gate_disabled_search","repo_size_tier":"Tiny","token_budget":4000,"top_k":10},"nodes":[],"query":"v18_query_gate_disabled_search","reasons":["hybrid search over code index"],"rendered_prompt":"Task: code-index search\nIntent: locate\nQuery: v18_query_gate_disabled_search\n\n","resolution_freshness":{"basis_epoch":null,"complete":true,"completed_files":0,"index_epoch":5,"reason":null,"retry":null,"root_count":0,"scope":"observed_resolution_invalidations","status":"ready"},"revision":0,"spans":[],"summary":"No indexed code results found for `v18_query_gate_disabled_search`.","task":"v18_query_gate_disabled_search","token_budget":4000,"token_estimate":1941},"tool":"search"}
V18_JSON {"args":{"aspect":"capabilities"},"result":{"capabilities":{"graph":true,"impact":true,"search":true},"has_index":true,"has_project":true,"indexed_files":1,"indexed_symbols":2,"resolution_freshness":{"basis_epoch":null,"complete":true,"completed_files":0,"index_epoch":5,"reason":null,"retry":null,"root_count":0,"scope":"observed_resolution_invalidations","status":"ready"},"retrieval":{"consistency":"point_in_time","default_effective_strategy":"auto","default_query_state":"available_with_per_query_checks","default_strategy":"auto","dense_desired":2,"dense_published":1,"dense_reason":"semantic_coverage_uncovered","dense_state":"partial","diagnostic_sources":{"build":"BuildExplain on index response","graph":"GraphExplain on query response","lanes":"evidence_summary.retrieval.lanes or lane_receipts","packing":"evidence_summary.packing","selection":"evidence_summary.selection","semantic":"evidence_summary.retrieval.semantic (dense lane receipt projection)","source":"evidence_summary.source_freshness"},"execution":{"async_admitted":0,"async_in_flight":0,"async_limit":8,"completed":0,"cpu_admitted":0,"cpu_in_flight":0,"cpu_limit":4,"queue_limit":32,"rejected":0},"execution_scope":"process_shared_not_project_local","generation":{"evidence_epoch":1,"incarnation":[85,135,56,176,116,213,181,139,73,231,192,148,236,117,164,170],"index_epoch":5,"semantic_epoch":2},"generation_scope":"observed_database_snapshot","identity_validation":"checked_at_observation_boundary","index_state":"available","local_state":"available","pin_scope":"owned_query_views_including_inflight_clones_not_request_count","query_coverage":{"scope":"per_query_not_global","state":"not_measured"},"query_encoding":{"configured_opt_in":true,"network_authorized":true,"reason":null,"request_scope":"nonlocal_nonempty_only"},"query_pins":1,"resolution_freshness":{"basis_epoch":null,"complete":true,"completed_files":0,"index_epoch":5,"reason":null,"retry":null,"root_count":0,"scope":"observed_resolution_invalidations","status":"ready"},"semantic_active_space":"2eac300964ae66ba95651ecaa7c7c6aafb0c9aecbd8a130cfc50c030cd8688d4","semantic_failed":0,"semantic_pending":1,"semantic_state":"backfilling","service_state_scope":"process_observed_separately","spec":"retrieval-capabilities-v2"}},"tool":"status"}
V18_JSON {"args":{"retrieval_strategy":"auto","task":"v18_query_gate_disabled_context"},"result":{"evidence_summary":{"files":[],"graph_enrichment":{"callees_added":0,"callers_added":0,"symbols_resolved":0,"tests_found":0},"packing":{"compacted":false,"configured_max_bytes":18000,"continuation":"Use files region/expand on retained references; recheck source version.","limit_bytes":16000,"omitted_hits":0,"omitted_nodes":0,"original_hits":0,"original_nodes":0,"partial":false,"spec":"whole-json-intent-facets-source-support-before-incidental-v5","token_estimate_method":"ceil(serialized_utf8_bytes/4); not a tokenizer","used_bytes":7765},"retrieval":{"cost":{"coverage":"originating query work; lexical FTS and hydration SQL here; grep stage SQL in grep.stages; excludes preselection/exact lookup/graph SQL, FTS internal work and storage I/O; not total cost or a hard limit","fused_candidates":0,"hydrate_requested":0,"hydration":{"sql":{"fullscan_steps":0,"rows":0,"sorts":0,"statements":0,"vm_steps":0},"text":{"cache_hits":0,"legacy_auto_reads":0,"storage_reads":0,"utf8_bytes":0,"zstd_decodes":0}},"lane_candidates":{"exact_symbol":0,"graph":0,"grep":0,"lexical":0,"path":0},"lexical_sql":{"fullscan_steps":0,"rows":0,"sorts":1,"statements":1,"vm_steps":17},"schema_version":1},"grep":{"fallback_scanned":0,"prefilter_failed":false,"prefilter_scanned":0,"reason":null,"scan_cap":20000,"scanned":2,"skipped_duplicates":2,"soft_scanned":2,"stages":[{"stage":"soft","work":{"sql":{"fullscan_steps":0,"rows":2,"sorts":0,"statements":1,"vm_steps":29},"text":{"cache_hits":0,"legacy_auto_reads":0,"storage_reads":2,"utf8_bytes":66,"zstd_decodes":0}}},{"stage":"prefilter","work":{"sql":{"fullscan_steps":0,"rows":0,"sorts":1,"statements":1,"vm_steps":14},"text":{"cache_hits":0,"legacy_auto_reads":0,"storage_reads":0,"utf8_bytes":0,"zstd_decodes":0}}},{"stage":"fallback","work":{"sql":{"fullscan_steps":1,"rows":2,"sorts":0,"statements":1,"vm_steps":23},"text":{"cache_hits":0,"legacy_auto_reads":0,"storage_reads":0,"utf8_bytes":0,"zstd_decodes":0}}}],"status":"complete"},"lanes":[{"candidate_count":0,"candidates":[],"coverage":{"complete":true,"examined":null,"scope":"hard_scope","total_lower_bound":0},"elapsed_us":241,"lane_id":"exact_symbol","schema_version":1,"status":"complete","truncation_reason":null,"weight":1.1},{"candidate_count":0,"candidates":[],"coverage":{"complete":true,"examined":null,"scope":"hard_scope","total_lower_bound":0},"elapsed_us":442,"lane_id":"path","schema_version":1,"status":"complete","truncation_reason":null,"weight":1.0},{"candidate_count":0,"candidates":[],"coverage":{"complete":true,"examined":null,"scope":"hard_scope","total_lower_bound":0},"elapsed_us":264,"lane_id":"lexical","schema_version":1,"status":"complete","truncation_reason":null,"weight":1.1},{"candidate_count":0,"candidates":[],"coverage":{"complete":true,"examined":2,"scope":"hard_scope","total_lower_bound":0},"elapsed_us":1587,"lane_id":"grep","schema_version":1,"status":"complete","truncation_reason":null,"weight":0.8},{"candidate_count":0,"candidates":[],"coverage":{"complete":true,"examined":null,"scope":"hard_scope","total_lower_bound":0},"elapsed_us":343,"lane_id":"graph","schema_version":1,"status":"complete","truncation_reason":null,"weight":0.6}],"policy":{"completeness":"all_executed_lane_limits_remain_visible; obligation_role_does_not_erase_partial","deadline_ms":30000,"effective":"local","graph_source_mapping":"uid_byte_declaration_document; complete_mapping_is_not_whole_symbol_body_coverage","intent":"locate","lane_timeout_ms":20000,"no_answer":"empty_partial_is_not_absence; no_semantic_absence_claim_from_weak_rank","obligations":[{"lane_id":"exact_symbol","role":"identity","timeout_ms":20000},{"lane_id":"path","role":"identity","timeout_ms":20000},{"lane_id":"lexical","role":"source","timeout_ms":20000},{"lane_id":"grep","role":"source","timeout_ms":20000},{"lane_id":"graph","role":"supporting","timeout_ms":20000}],"path_source_domain":"canonical_scoped_existing_path_docs; else_bounded_tokens; not_whole_file_coverage","requested":"auto","semantic_state":"not_configured","semantic_timeout_ms":5000,"semantic_top_k":24,"version":"query-policy-local-semantic-canonical-path-domain-v4"},"scope":{"budget":{"exact_symbol_candidates":24,"grep_candidates":12,"grep_enabled":true,"grep_scan_cap":20000,"lexical_candidates":24,"path_candidates":24,"rerank_window":40,"top_k":10,"units":"candidate limits count chunks; grep_scan_cap counts decompressions, not SQL work, total memory or time; cached diagnostics describe originating computation, not work repeated on a cache hit"},"hard":{"empty":false,"explicit_file_count":null,"languages":null,"path_prefix":null,"path_prefix_truncated":false,"semantics":"conjunctive_repository_relative_case_sensitive_components; empty means contradictory/explicit-empty constraint, not an inventory count"},"ordering":["exact-target first (identity tier, not an additive score)","rerank_score descending = sum(score_trace)","chunk_id ascending"],"policy":"canonical-scoped-exact-path-domain-compact-context-budget-v22","schema_version":1,"soft":{"contributions":"per-hit score_trace is the additive bill; stage_a_layer_scores explain its capped stage-a component and must not be added twice; raw hint and excluded paths omitted","hint_entries":{"overlay":0,"pinned":0,"recent":0,"working":0},"preselected_count":1,"role":"ranking_and_scan_priority_only"}}},"search_hits":0,"selection":{"facets":{},"input_candidates":0,"intent":"locate","intent_facet_anchors":{},"limit_omitted":0,"original_ranks":[],"overlap":{"fully_covered_candidates":0,"input_bytes":0,"redundant_bytes":0,"unique_bytes":0},"requested_limit":10,"selected":0,"selected_overlap":{"fully_covered_candidates":0,"input_bytes":0,"redundant_bytes":0,"unique_bytes":0},"source_covered_omissions":0,"source_support_anchors":[],"source_support_scope":"literal_program_cue_in_validated_twice_topk_window_only; not_global_uniqueness_or_exact_identity","spec":"anchored-facets-distinctive-source-union-v2","unmet_facets":[]},"source_freshness":{"budget_exhausted":false,"checked_files":0,"dense_manifest_fence":{"checked":0,"skip_disposition":"stale_publication_skipped","skipped":0},"generation":{"evidence_epoch":1,"incarnation":[112,116,80,196,15,146,207,205,83,54,50,172,176,102,190,80],"index_epoch":5,"semantic_epoch":null},"hydrator":"current-document-scope-source-generation-v1","omitted_files":{},"partial":false,"read_budget_charged":0,"scope":"bounded per-file disk verification and optimistic full read generation; not an atomic filesystem snapshot","validation_work":{"candidate_projection_sql":{"fullscan_steps":0,"rows":0,"sorts":0,"statements":0,"vm_steps":0},"coverage":"current final-assembly attempt SELECTs for manifest, symbol identity and candidate projection; excludes prior attempts, transaction control, originating retrieval, generation, dense fence, graph and disk work; not total cost","schema_version":1,"source_records_sql":{"fullscan_steps":0,"rows":0,"sorts":0,"statements":0,"vm_steps":0}},"verified_hits":0}},"intent":"locate","invalidations":[],"machine_pack":{"hits":[],"kind":"code_index_context","query":"v18_query_gate_disabled_context","repo_size_tier":"Tiny","token_budget":4000,"top_k":10},"nodes":[],"query":"v18_query_gate_disabled_context","reasons":["hybrid search over code index"],"rendered_prompt":"Task: code-index search\nIntent: locate\nQuery: v18_query_gate_disabled_context\n\n","resolution_freshness":{"basis_epoch":null,"complete":true,"completed_files":0,"index_epoch":5,"reason":null,"retry":null,"root_count":0,"scope":"observed_resolution_invalidations","status":"ready"},"revision":0,"spans":[],"summary":"No indexed code results found for `v18_query_gate_disabled_context`.","task":"v18_query_gate_disabled_context","token_budget":4000,"token_estimate":1942},"tool":"context"}
V18_JSON {"document_http_calls":0,"only_loopback":true,"query_http_calls":0,"real_credentials":false,"requests":[],"synthetic_vectors":true}
[2m2026-10-08T05:00:23.269460Z[0m [32m INFO[0m [1mserve_inner[0m[2m:[0m [2mrmcp::service[0m[2m:[0m input stream terminated
[2m2026-10-08T05:00:23.269539Z[0m [32m INFO[0m [1mserve_inner[0m[2m:[0m [2mrmcp::service[0m[2m:[0m serve finished [3mquit_reason[0m[2m=[0mClosed
[2m2026-10-08T05:00:23.269752Z[0m [32m INFO[0m [2mcc_server::mcp[0m[2m:[0m MCP server shut down gracefully
[2m2026-10-08T05:00:23.271969Z[0m [32m INFO[0m [2mcc_server::semantic_runtime[0m[2m:[0m semantic worker GC page completed [3mkept_fresh[0m[2m=[0m0 [3mkept_referenced[0m[2m=[0m2 [3mkept_live_task[0m[2m=[0m0 [3mdeleted_objects[0m[2m=[0m0 [3mdeleted_halves[0m[2m=[0m0 [3mdeleted_temps[0m[2m=[0m0 [3mpruned_dirs[0m[2m=[0m0 [3mexhausted[0m[2m=[0mtrue
[2m2026-10-08T05:00:23.274481Z[0m [32m INFO[0m [2mcc_db::index_db_rebuild[0m[2m:[0m full rebuild: temp database ready for swap
[2m2026-10-08T05:00:23.274700Z[0m [32m INFO[0m [2mcc_index::memory_budget[0m[2m:[0m memory budget initialized [3mtotal_ram_mb[0m[2m=[0m15989 [3mbudget_mb[0m[2m=[0m7994 [3mfraction[0m[2m=[0m0.5
[2m2026-10-08T05:00:23.276315Z[0m [32m INFO[0m [2mcc_db::index_db_rebuild[0m[2m:[0m full rebuild: temp database ready for swap
[2m2026-10-08T05:00:23.276527Z[0m [32m INFO[0m [2mcc_index::memory_budget[0m[2m:[0m memory budget initialized [3mtotal_ram_mb[0m[2m=[0m15989 [3mbudget_mb[0m[2m=[0m7994 [3mfraction[0m[2m=[0m0.5
V18_JSON {"args":{"aspect":"capabilities"},"result":{"capabilities":{"graph":true,"impact":true,"search":true},"has_index":true,"has_project":true,"indexed_files":1,"indexed_symbols":2,"resolution_freshness":{"basis_epoch":null,"complete":true,"completed_files":0,"index_epoch":5,"reason":null,"retry":null,"root_count":0,"scope":"observed_resolution_invalidations","status":"ready"},"retrieval":{"consistency":"point_in_time","default_effective_strategy":"auto","default_query_state":"available_with_per_query_checks","default_strategy":"auto","dense_desired":2,"dense_published":2,"dense_reason":null,"dense_state":"ready","diagnostic_sources":{"build":"BuildExplain on index response","graph":"GraphExplain on query response","lanes":"evidence_summary.retrieval.lanes or lane_receipts","packing":"evidence_summary.packing","selection":"evidence_summary.selection","semantic":"evidence_summary.retrieval.semantic (dense lane receipt projection)","source":"evidence_summary.source_freshness"},"execution":{"async_admitted":0,"async_in_flight":0,"async_limit":8,"completed":0,"cpu_admitted":0,"cpu_in_flight":0,"cpu_limit":4,"queue_limit":32,"rejected":0},"execution_scope":"process_shared_not_project_local","generation":{"evidence_epoch":1,"incarnation":[85,135,56,176,116,213,181,139,73,231,192,148,236,117,164,170],"index_epoch":5,"semantic_epoch":3},"generation_scope":"observed_database_snapshot","identity_validation":"checked_at_observation_boundary","index_state":"available","local_state":"available","pin_scope":"owned_query_views_including_inflight_clones_not_request_count","query_coverage":{"scope":"per_query_not_global","state":"not_measured"},"query_encoding":{"configured_opt_in":true,"network_authorized":true,"reason":null,"request_scope":"nonlocal_nonempty_only"},"query_pins":0,"resolution_freshness":{"basis_epoch":null,"complete":true,"completed_files":0,"index_epoch":5,"reason":null,"retry":null,"root_count":0,"scope":"observed_resolution_invalidations","status":"ready"},"semantic_active_space":"2eac300964ae66ba95651ecaa7c7c6aafb0c9aecbd8a130cfc50c030cd8688d4","semantic_failed":0,"semantic_pending":0,"semantic_state":"ready","service_state_scope":"process_observed_separately","spec":"retrieval-capabilities-v2"}},"tool":"status"}
V18_JSON {"args":{"aspect":"capabilities"},"result":{"capabilities":{"graph":true,"impact":true,"search":true},"has_index":true,"has_project":true,"indexed_files":1,"indexed_symbols":2,"resolution_freshness":{"basis_epoch":null,"complete":true,"completed_files":0,"index_epoch":5,"reason":null,"retry":null,"root_count":0,"scope":"observed_resolution_invalidations","status":"ready"},"retrieval":{"consistency":"point_in_time","default_effective_strategy":"auto","default_query_state":"available_with_per_query_checks","default_strategy":"auto","dense_desired":2,"dense_published":2,"dense_reason":null,"dense_state":"ready","diagnostic_sources":{"build":"BuildExplain on index response","graph":"GraphExplain on query response","lanes":"evidence_summary.retrieval.lanes or lane_receipts","packing":"evidence_summary.packing","selection":"evidence_summary.selection","semantic":"evidence_summary.retrieval.semantic (dense lane receipt projection)","source":"evidence_summary.source_freshness"},"execution":{"async_admitted":0,"async_in_flight":0,"async_limit":8,"completed":0,"cpu_admitted":0,"cpu_in_flight":0,"cpu_limit":4,"queue_limit":32,"rejected":0},"execution_scope":"process_shared_not_project_local","generation":{"evidence_epoch":1,"incarnation":[85,135,56,176,116,213,181,139,73,231,192,148,236,117,164,170],"index_epoch":5,"semantic_epoch":3},"generation_scope":"observed_database_snapshot","identity_validation":"checked_at_observation_boundary","index_state":"available","local_state":"available","pin_scope":"owned_query_views_including_inflight_clones_not_request_count","query_coverage":{"scope":"per_query_not_global","state":"not_measured"},"query_encoding":{"configured_opt_in":true,"network_authorized":true,"reason":null,"request_scope":"nonlocal_nonempty_only"},"query_pins":0,"resolution_freshness":{"basis_epoch":null,"complete":true,"completed_files":0,"index_epoch":5,"reason":null,"retry":null,"root_count":0,"scope":"observed_resolution_invalidations","status":"ready"},"semantic_active_space":"2eac300964ae66ba95651ecaa7c7c6aafb0c9aecbd8a130cfc50c030cd8688d4","semantic_failed":0,"semantic_pending":0,"semantic_state":"ready","service_state_scope":"process_observed_separately","spec":"retrieval-capabilities-v2"}},"tool":"status"}
V18_JSON {"args":{"query":"v18_query_search_marker","retrieval_strategy":"semantic"},"result":{"evidence_summary":{"files":["needle.py"],"graph_enrichment":{"callees_added":0,"callers_added":0,"symbols_resolved":0,"tests_found":0},"packing":{"compacted":true,"configured_max_bytes":18000,"continuation":"Use files region/expand on retained references; recheck source version.","limit_bytes":16000,"omitted_hits":0,"omitted_nodes":0,"original_hits":2,"original_nodes":2,"partial":false,"spec":"whole-json-intent-facets-source-support-before-incidental-v5","token_estimate_method":"ceil(serialized_utf8_bytes/4); not a tokenizer","used_bytes":13656},"retrieval":{"cost":{"coverage":"originating query work; lexical FTS and hydration SQL here; grep stage SQL in grep.stages; excludes preselection/exact lookup/graph SQL, FTS internal work and storage I/O; not total cost or a hard limit","fused_candidates":2,"hydrate_requested":2,"hydration":{"sql":{"fullscan_steps":0,"rows":10,"sorts":0,"statements":9,"vm_steps":386},"text":{"cache_hits":0,"legacy_auto_reads":0,"storage_reads":2,"utf8_bytes":66,"zstd_decodes":0}},"lane_candidates":{"exact_symbol":0,"graph":0,"grep":0,"lexical":0,"path":0,"semantic":2},"lexical_sql":{"fullscan_steps":0,"rows":0,"sorts":1,"statements":1,"vm_steps":17},"schema_version":1},"grep":{"fallback_scanned":0,"prefilter_failed":false,"prefilter_scanned":0,"reason":null,"scan_cap":20000,"scanned":2,"skipped_duplicates":2,"soft_scanned":2,"stages":[{"stage":"soft","work":{"sql":{"fullscan_steps":0,"rows":2,"sorts":0,"statements":1,"vm_steps":29},"text":{"cache_hits":0,"legacy_auto_reads":0,"storage_reads":2,"utf8_bytes":66,"zstd_decodes":0}}},{"stage":"prefilter","work":{"sql":{"fullscan_steps":0,"rows":0,"sorts":1,"statements":1,"vm_steps":14},"text":{"cache_hits":0,"legacy_auto_reads":0,"storage_reads":0,"utf8_bytes":0,"zstd_decodes":0}}},{"stage":"fallback","work":{"sql":{"fullscan_steps":1,"rows":2,"sorts":0,"statements":1,"vm_steps":23},"text":{"cache_hits":0,"legacy_auto_reads":0,"storage_reads":0,"utf8_bytes":0,"zstd_decodes":0}}}],"status":"complete"},"lanes":[{"candidate_count":0,"candidates":[],"coverage":{"complete":true,"examined":null,"scope":"hard_scope","total_lower_bound":0},"elapsed_us":153,"lane_id":"exact_symbol","schema_version":1,"status":"complete","truncation_reason":null,"weight":1.1},{"candidate_count":0,"candidates":[],"coverage":{"complete":true,"examined":null,"scope":"hard_scope","total_lower_bound":0},"elapsed_us":233,"lane_id":"path","schema_version":1,"status":"complete","truncation_reason":null,"weight":1.0},{"candidate_count":0,"candidates":[],"coverage":{"complete":true,"examined":null,"scope":"hard_scope","total_lower_bound":0},"elapsed_us":265,"lane_id":"lexical","schema_version":1,"status":"complete","truncation_reason":null,"weight":1.1},{"candidate_count":0,"candidates":[],"coverage":{"complete":true,"examined":2,"scope":"hard_scope","total_lower_bound":0},"elapsed_us":1690,"lane_id":"grep","schema_version":1,"status":"complete","truncation_reason":null,"weight":0.8},{"candidate_count":0,"candidates":[],"coverage":{"complete":true,"examined":null,"scope":"hard_scope","total_lower_bound":0},"elapsed_us":262,"lane_id":"graph","schema_version":1,"status":"complete","truncation_reason":null,"weight":0.6},{"candidate_count":2,"candidates":[{"document":{"doc_key":"29b2fa88c6d6c8741c47ad873ba80a25c628b882a28ea3cfaa7fcc69e6982938","doc_version":"9ba68969fd43b00f97a9fade36d3cd19b8f57a4b7c6dffacb8c050c2e9b29f62","encoding_key":"78fc8c83484a6639e37e832f30a8eb8310c8ad26eada3a4ec3d936c1f152fede","entity_key":"16a369932cc2a7589f395b34b3b8def8bbad6a04e00672428487964152c26486"},"exact_identity":false,"lane_id":"semantic","lane_rank":1,"legacy_chunk_id":"chunk:needle.py:0","raw_score":1.0,"schema_version":1,"scoring_spec":"cosine-exact-v1","source_span":{"end":28,"start":0}},{"document":{"doc_key":"3fd56c438273f4e97d76268fc1e74f7bccba6b16d9f0ef414ca67b0829003e65","doc_version":"09f385ca69393d6173161facbcb1551167f9785fcdd2ccc650f1c531bc0259ed","encoding_key":"02118b2a2349b99c9efe9684d529683cd659e52f1e28e19c864bc915175c7693","entity_key":"f8d3da2a91268bb9b93e59ca9b06d751804a9221f3d218b5a8798fab2dc8e40d"},"exact_identity":false,"lane_id":"semantic","lane_rank":2,"legacy_chunk_id":"chunk:needle.py:1","raw_score":1.0,"schema_version":1,"scoring_spec":"cosine-exact-v1","source_span":{"end":66,"start":28}}],"coverage":{"complete":true,"examined":null,"scope":"hard_scope","total_lower_bound":2},"elapsed_us":3079,"lane_id":"semantic","schema_version":1,"status":"complete","truncation_reason":null,"weight":1.0}],"policy":{"completeness":"all_executed_lane_limits_remain_visible; obligation_role_does_not_erase_partial","deadline_ms":30000,"effective":"semantic","graph_source_mapping":"uid_byte_declaration_document; complete_mapping_is_not_whole_symbol_body_coverage","intent":"locate","lane_timeout_ms":20000,"no_answer":"empty_partial_is_not_absence; no_semantic_absence_claim_from_weak_rank","obligations":[{"lane_id":"exact_symbol","role":"identity","timeout_ms":20000},{"lane_id":"path","role":"identity","timeout_ms":20000},{"lane_id":"lexical","role":"source","timeout_ms":20000},{"lane_id":"grep","role":"source","timeout_ms":20000},{"lane_id":"graph","role":"supporting","timeout_ms":20000},{"lane_id":"semantic","role":"optional_recall","timeout_ms":5000}],"path_source_domain":"canonical_scoped_existing_path_docs; else_bounded_tokens; not_whole_file_coverage","requested":"semantic","semantic_state":"configured","semantic_timeout_ms":5000,"semantic_top_k":24,"version":"query-policy-local-semantic-canonical-path-domain-v4"},"scope":{"budget":{"exact_symbol_candidates":24,"grep_candidates":12,"grep_enabled":true,"grep_scan_cap":20000,"lexical_candidates":24,"path_candidates":24,"rerank_window":40,"top_k":10,"units":"candidate limits count chunks; grep_scan_cap counts decompressions, not SQL work, total memory or time; cached diagnostics describe originating computation, not work repeated on a cache hit"},"hard":{"empty":false,"explicit_file_count":null,"languages":null,"path_prefix":null,"path_prefix_truncated":false,"semantics":"conjunctive_repository_relative_case_sensitive_components; empty means contradictory/explicit-empty constraint, not an inventory count"},"ordering":["exact-target first (identity tier, not an additive score)","rerank_score descending = sum(score_trace)","chunk_id ascending"],"policy":"canonical-scoped-exact-path-domain-compact-context-budget-v22","schema_version":1,"soft":{"contributions":"per-hit score_trace is the additive bill; stage_a_layer_scores explain its capped stage-a component and must not be added twice; raw hint and excluded paths omitted","hint_entries":{"overlay":0,"pinned":0,"recent":0,"working":0},"preselected_count":1,"role":"ranking_and_scan_priority_only"}}},"search_hits":2,"selection":{"facets":{"implementation":2},"input_candidates":2,"intent":"locate","intent_facet_anchors":{},"limit_omitted":0,"original_ranks":[1,2],"overlap":{"fully_covered_candidates":0,"input_bytes":66,"redundant_bytes":0,"unique_bytes":66},"requested_limit":10,"selected":2,"selected_overlap":{"fully_covered_candidates":0,"input_bytes":66,"redundant_bytes":0,"unique_bytes":66},"source_covered_omissions":0,"source_support_anchors":[],"source_support_scope":"literal_program_cue_in_validated_twice_topk_window_only; not_global_uniqueness_or_exact_identity","spec":"anchored-facets-distinctive-source-union-v2","unmet_facets":[]},"source_freshness":{"budget_exhausted":false,"checked_files":1,"dense_manifest_fence":{"checked":2,"skip_disposition":"stale_publication_skipped","skipped":0},"generation":{"evidence_epoch":1,"incarnation":[85,135,56,176,116,213,181,139,73,231,192,148,236,117,164,170],"index_epoch":5,"semantic_epoch":3},"hydrator":"current-document-scope-source-generation-v1","omitted_files":{},"partial":false,"read_budget_charged":66,"scope":"bounded per-file disk verification and optimistic full read generation; not an atomic filesystem snapshot","validation_work":{"candidate_projection_sql":{"fullscan_steps":0,"rows":2,"sorts":0,"statements":1,"vm_steps":76},"coverage":"current final-assembly attempt SELECTs for manifest, symbol identity and candidate projection; excludes prior attempts, transaction control, originating retrieval, generation, dense fence, graph and disk work; not total cost","schema_version":1,"source_records_sql":{"fullscan_steps":0,"rows":10,"sorts":0,"statements":9,"vm_steps":292}},"verified_hits":2}},"intent":"locate","invalidations":[],"machine_pack":{"hits":[{"breadcrumb":"needle","chunk_id":"chunk:needle.py:0","end_line":2,"file_path":"needle.py","fused_score":0.0196078431372549,"graph_score":0.0,"grep_score":0.0,"lane":null,"language":"python","lexical_score":0.0,"metadata":{"document":{"doc_key":"29b2fa88c6d6c8741c47ad873ba80a25c628b882a28ea3cfaa7fcc69e6982938","doc_version":"9ba68969fd43b00f97a9fade36d3cd19b8f57a4b7c6dffacb8c050c2e9b29f62","encoding_key":"78fc8c83484a6639e37e832f30a8eb8310c8ad26eada3a4ec3d936c1f152fede","entity_key":"16a369932cc2a7589f395b34b3b8def8bbad6a04e00672428487964152c26486"},"qname":"needle","source_evidence":{"boundary":"symbol","owner":{"end":28,"start":0},"signature":{"end":18,"start":0},"slice_digest":"c748e325d98b5f174763b313c05ece587900d99690eedbce11f75639788c6b8b","source":{"byte_len":66,"content_digest":"bdb975ad92107a0524d6a7c217816cd1e50bb1d97a36ef892318fbe837bf8857","encoding":"utf8","snapshot_id":"735799399424072b1b6cc95488ff63f55c094da4b32573a4555bf731c014f141"},"span":{"end":28,"start":0}},"source_freshness":{"disk_checked":true,"hydrator":"current-document-scope-source-generation-v1","status":"current_verified"},"stage_a_file_reasons":["fallback-indexed"],"stage_a_file_score":0.2,"stage_a_files_considered":1,"stage_a_layer_scores":[["fallback-indexed",0.2]]},"reasons":["semantic@1","fallback-indexed","preselect:fallback-indexed:+0.20"],"rerank_score":0.027607843137254902,"score_trace":[["rrf:semantic",0.0196078431372549],["boost:stage-a",0.008]],"source":"index","start_line":1,"symbol_kind":"function","symbol_name":"needle","text":"def needle():\n    return 731"},{"breadcrumb":"neighbor","chunk_id":"chunk:needle.py:1","end_line":5,"file_path":"needle.py","fused_score":0.019230769230769232,"graph_score":0.0,"grep_score":0.0,"lane":null,"language":"python","lexical_score":0.0,"metadata":{"document":{"doc_key":"3fd56c438273f4e97d76268fc1e74f7bccba6b16d9f0ef414ca67b0829003e65","doc_version":"09f385ca69393d6173161facbcb1551167f9785fcdd2ccc650f1c531bc0259ed","encoding_key":"02118b2a2349b99c9efe9684d529683cd659e52f1e28e19c864bc915175c7693","entity_key":"f8d3da2a91268bb9b93e59ca9b06d751804a9221f3d218b5a8798fab2dc8e40d"},"qname":"neighbor","source_evidence":{"boundary":"symbol","owner":{"end":65,"start":30},"signature":{"end":50,"start":30},"slice_digest":"dec7813dc4d5e300de152b45e0cb2a89c688f0a75f1501c57aa7eb68130081dd","source":{"byte_len":66,"content_digest":"bdb975ad92107a0524d6a7c217816cd1e50bb1d97a36ef892318fbe837bf8857","encoding":"utf8","snapshot_id":"735799399424072b1b6cc95488ff63f55c094da4b32573a4555bf731c014f141"},"span":{"end":66,"start":28}},"source_freshness":{"disk_checked":true,"hydrator":"current-document-scope-source-generation-v1","status":"current_verified"},"stage_a_file_reasons":["fallback-indexed"],"stage_a_file_score":0.2,"stage_a_files_considered":1,"stage_a_layer_scores":[["fallback-indexed",0.2]]},"reasons":["semantic@2","fallback-indexed","preselect:fallback-indexed:+0.20"],"rerank_score":0.027230769230769232,"score_trace":[["rrf:semantic",0.019230769230769232],["boost:stage-a",0.008]],"source":"index","start_line":2,"symbol_kind":"function","symbol_name":"neighbor","text":"\n\ndef neighbor():\n    return needle()\n"}],"kind":"code_index_context","query":"v18_query_search_marker","repo_size_tier":"Tiny","token_budget":4000,"top_k":10},"nodes":[{"backing_file_path":"needle.py","backing_source":null,"confidence":0.8,"depends_on":[],"end_line":2,"file_path":"needle.py","freshness":null,"invalidation_keys":[],"metadata":{"representation":"machine_hit_reference"},"node_id":"search:chunk:needle.py:0","node_type":"SEARCH_HIT","rank_explanation":null,"reasons":[],"relation":null,"role":"primary","score":0.027607843137254902,"source":"index","source_end_line":2,"source_start_line":1,"span_kind":"reference","start_line":1,"text":"","title":"needle.py needle:1-2","token_estimate":0},{"backing_file_path":"needle.py","backing_source":null,"confidence":0.8,"depends_on":[],"end_line":5,"file_path":"needle.py","freshness":null,"invalidation_keys":[],"metadata":{"representation":"machine_hit_reference"},"node_id":"search:chunk:needle.py:1","node_type":"SEARCH_HIT","rank_explanation":null,"reasons":[],"relation":null,"role":"primary","score":0.027230769230769232,"source":"index","source_end_line":5,"source_start_line":2,"span_kind":"reference","start_line":2,"text":"","title":"needle.py neighbor:2-5","token_estimate":0}],"query":"v18_query_search_marker","reasons":["hybrid search over code index"],"rendered_prompt":"Complete source is in machine_pack.hits; references have no source body.","resolution_freshness":{"basis_epoch":null,"complete":true,"completed_files":0,"index_epoch":5,"reason":null,"retry":null,"root_count":0,"scope":"observed_resolution_invalidations","status":"ready"},"revision":0,"spans":[{"end_line":2,"file_path":"needle.py","label":"needle","node_id":"search:chunk:needle.py:0","start_line":1},{"end_line":5,"file_path":"needle.py","label":"neighbor","node_id":"search:chunk:needle.py:1","start_line":2}],"summary":"Found 2 indexed code result(s) across 1 file(s) for `v18_query_search_marker`.","task":"v18_query_search_marker","token_budget":4000,"token_estimate":3414},"tool":"search"}
V18_JSON {"args":{"query":"v18_query_search_marker","retrieval_strategy":"semantic"},"result":{"evidence_summary":{"files":["needle.py"],"graph_enrichment":{"callees_added":0,"callers_added":0,"symbols_resolved":0,"tests_found":0},"packing":{"compacted":true,"configured_max_bytes":18000,"continuation":"Use files region/expand on retained references; recheck source version.","limit_bytes":16000,"omitted_hits":0,"omitted_nodes":0,"original_hits":2,"original_nodes":2,"partial":false,"spec":"whole-json-intent-facets-source-support-before-incidental-v5","token_estimate_method":"ceil(serialized_utf8_bytes/4); not a tokenizer","used_bytes":13655},"retrieval":{"cost":{"coverage":"originating query work; lexical FTS and hydration SQL here; grep stage SQL in grep.stages; excludes preselection/exact lookup/graph SQL, FTS internal work and storage I/O; not total cost or a hard limit","fused_candidates":2,"hydrate_requested":2,"hydration":{"sql":{"fullscan_steps":0,"rows":10,"sorts":0,"statements":9,"vm_steps":386},"text":{"cache_hits":2,"legacy_auto_reads":0,"storage_reads":0,"utf8_bytes":66,"zstd_decodes":0}},"lane_candidates":{"exact_symbol":0,"graph":0,"grep":0,"lexical":0,"path":0,"semantic":2},"lexical_sql":{"fullscan_steps":0,"rows":0,"sorts":1,"statements":1,"vm_steps":17},"schema_version":1},"grep":{"fallback_scanned":0,"prefilter_failed":false,"prefilter_scanned":0,"reason":null,"scan_cap":20000,"scanned":2,"skipped_duplicates":2,"soft_scanned":2,"stages":[{"stage":"soft","work":{"sql":{"fullscan_steps":0,"rows":2,"sorts":0,"statements":1,"vm_steps":29},"text":{"cache_hits":0,"legacy_auto_reads":0,"storage_reads":2,"utf8_bytes":66,"zstd_decodes":0}}},{"stage":"prefilter","work":{"sql":{"fullscan_steps":0,"rows":0,"sorts":1,"statements":1,"vm_steps":14},"text":{"cache_hits":0,"legacy_auto_reads":0,"storage_reads":0,"utf8_bytes":0,"zstd_decodes":0}}},{"stage":"fallback","work":{"sql":{"fullscan_steps":1,"rows":2,"sorts":0,"statements":1,"vm_steps":23},"text":{"cache_hits":0,"legacy_auto_reads":0,"storage_reads":0,"utf8_bytes":0,"zstd_decodes":0}}}],"status":"complete"},"lanes":[{"candidate_count":0,"candidates":[],"coverage":{"complete":true,"examined":null,"scope":"hard_scope","total_lower_bound":0},"elapsed_us":118,"lane_id":"exact_symbol","schema_version":1,"status":"complete","truncation_reason":null,"weight":1.1},{"candidate_count":0,"candidates":[],"coverage":{"complete":true,"examined":null,"scope":"hard_scope","total_lower_bound":0},"elapsed_us":412,"lane_id":"path","schema_version":1,"status":"complete","truncation_reason":null,"weight":1.0},{"candidate_count":0,"candidates":[],"coverage":{"complete":true,"examined":null,"scope":"hard_scope","total_lower_bound":0},"elapsed_us":182,"lane_id":"lexical","schema_version":1,"status":"complete","truncation_reason":null,"weight":1.1},{"candidate_count":0,"candidates":[],"coverage":{"complete":true,"examined":2,"scope":"hard_scope","total_lower_bound":0},"elapsed_us":1687,"lane_id":"grep","schema_version":1,"status":"complete","truncation_reason":null,"weight":0.8},{"candidate_count":0,"candidates":[],"coverage":{"complete":true,"examined":null,"scope":"hard_scope","total_lower_bound":0},"elapsed_us":313,"lane_id":"graph","schema_version":1,"status":"complete","truncation_reason":null,"weight":0.6},{"candidate_count":2,"candidates":[{"document":{"doc_key":"29b2fa88c6d6c8741c47ad873ba80a25c628b882a28ea3cfaa7fcc69e6982938","doc_version":"9ba68969fd43b00f97a9fade36d3cd19b8f57a4b7c6dffacb8c050c2e9b29f62","encoding_key":"78fc8c83484a6639e37e832f30a8eb8310c8ad26eada3a4ec3d936c1f152fede","entity_key":"16a369932cc2a7589f395b34b3b8def8bbad6a04e00672428487964152c26486"},"exact_identity":false,"lane_id":"semantic","lane_rank":1,"legacy_chunk_id":"chunk:needle.py:0","raw_score":1.0,"schema_version":1,"scoring_spec":"cosine-exact-v1","source_span":{"end":28,"start":0}},{"document":{"doc_key":"3fd56c438273f4e97d76268fc1e74f7bccba6b16d9f0ef414ca67b0829003e65","doc_version":"09f385ca69393d6173161facbcb1551167f9785fcdd2ccc650f1c531bc0259ed","encoding_key":"02118b2a2349b99c9efe9684d529683cd659e52f1e28e19c864bc915175c7693","entity_key":"f8d3da2a91268bb9b93e59ca9b06d751804a9221f3d218b5a8798fab2dc8e40d"},"exact_identity":false,"lane_id":"semantic","lane_rank":2,"legacy_chunk_id":"chunk:needle.py:1","raw_score":1.0,"schema_version":1,"scoring_spec":"cosine-exact-v1","source_span":{"end":66,"start":28}}],"coverage":{"complete":true,"examined":null,"scope":"hard_scope","total_lower_bound":2},"elapsed_us":940,"lane_id":"semantic","schema_version":1,"status":"complete","truncation_reason":null,"weight":1.0}],"policy":{"completeness":"all_executed_lane_limits_remain_visible; obligation_role_does_not_erase_partial","deadline_ms":30000,"effective":"semantic","graph_source_mapping":"uid_byte_declaration_document; complete_mapping_is_not_whole_symbol_body_coverage","intent":"locate","lane_timeout_ms":20000,"no_answer":"empty_partial_is_not_absence; no_semantic_absence_claim_from_weak_rank","obligations":[{"lane_id":"exact_symbol","role":"identity","timeout_ms":20000},{"lane_id":"path","role":"identity","timeout_ms":20000},{"lane_id":"lexical","role":"source","timeout_ms":20000},{"lane_id":"grep","role":"source","timeout_ms":20000},{"lane_id":"graph","role":"supporting","timeout_ms":20000},{"lane_id":"semantic","role":"optional_recall","timeout_ms":5000}],"path_source_domain":"canonical_scoped_existing_path_docs; else_bounded_tokens; not_whole_file_coverage","requested":"semantic","semantic_state":"configured","semantic_timeout_ms":5000,"semantic_top_k":24,"version":"query-policy-local-semantic-canonical-path-domain-v4"},"scope":{"budget":{"exact_symbol_candidates":24,"grep_candidates":12,"grep_enabled":true,"grep_scan_cap":20000,"lexical_candidates":24,"path_candidates":24,"rerank_window":40,"top_k":10,"units":"candidate limits count chunks; grep_scan_cap counts decompressions, not SQL work, total memory or time; cached diagnostics describe originating computation, not work repeated on a cache hit"},"hard":{"empty":false,"explicit_file_count":null,"languages":null,"path_prefix":null,"path_prefix_truncated":false,"semantics":"conjunctive_repository_relative_case_sensitive_components; empty means contradictory/explicit-empty constraint, not an inventory count"},"ordering":["exact-target first (identity tier, not an additive score)","rerank_score descending = sum(score_trace)","chunk_id ascending"],"policy":"canonical-scoped-exact-path-domain-compact-context-budget-v22","schema_version":1,"soft":{"contributions":"per-hit score_trace is the additive bill; stage_a_layer_scores explain its capped stage-a component and must not be added twice; raw hint and excluded paths omitted","hint_entries":{"overlay":0,"pinned":0,"recent":0,"working":0},"preselected_count":1,"role":"ranking_and_scan_priority_only"}}},"search_hits":2,"selection":{"facets":{"implementation":2},"input_candidates":2,"intent":"locate","intent_facet_anchors":{},"limit_omitted":0,"original_ranks":[1,2],"overlap":{"fully_covered_candidates":0,"input_bytes":66,"redundant_bytes":0,"unique_bytes":66},"requested_limit":10,"selected":2,"selected_overlap":{"fully_covered_candidates":0,"input_bytes":66,"redundant_bytes":0,"unique_bytes":66},"source_covered_omissions":0,"source_support_anchors":[],"source_support_scope":"literal_program_cue_in_validated_twice_topk_window_only; not_global_uniqueness_or_exact_identity","spec":"anchored-facets-distinctive-source-union-v2","unmet_facets":[]},"source_freshness":{"budget_exhausted":false,"checked_files":1,"dense_manifest_fence":{"checked":2,"skip_disposition":"stale_publication_skipped","skipped":0},"generation":{"evidence_epoch":1,"incarnation":[85,135,56,176,116,213,181,139,73,231,192,148,236,117,164,170],"index_epoch":5,"semantic_epoch":3},"hydrator":"current-document-scope-source-generation-v1","omitted_files":{},"partial":false,"read_budget_charged":66,"scope":"bounded per-file disk verification and optimistic full read generation; not an atomic filesystem snapshot","validation_work":{"candidate_projection_sql":{"fullscan_steps":0,"rows":2,"sorts":0,"statements":1,"vm_steps":76},"coverage":"current final-assembly attempt SELECTs for manifest, symbol identity and candidate projection; excludes prior attempts, transaction control, originating retrieval, generation, dense fence, graph and disk work; not total cost","schema_version":1,"source_records_sql":{"fullscan_steps":0,"rows":10,"sorts":0,"statements":9,"vm_steps":292}},"verified_hits":2}},"intent":"locate","invalidations":[],"machine_pack":{"hits":[{"breadcrumb":"needle","chunk_id":"chunk:needle.py:0","end_line":2,"file_path":"needle.py","fused_score":0.0196078431372549,"graph_score":0.0,"grep_score":0.0,"lane":null,"language":"python","lexical_score":0.0,"metadata":{"document":{"doc_key":"29b2fa88c6d6c8741c47ad873ba80a25c628b882a28ea3cfaa7fcc69e6982938","doc_version":"9ba68969fd43b00f97a9fade36d3cd19b8f57a4b7c6dffacb8c050c2e9b29f62","encoding_key":"78fc8c83484a6639e37e832f30a8eb8310c8ad26eada3a4ec3d936c1f152fede","entity_key":"16a369932cc2a7589f395b34b3b8def8bbad6a04e00672428487964152c26486"},"qname":"needle","source_evidence":{"boundary":"symbol","owner":{"end":28,"start":0},"signature":{"end":18,"start":0},"slice_digest":"c748e325d98b5f174763b313c05ece587900d99690eedbce11f75639788c6b8b","source":{"byte_len":66,"content_digest":"bdb975ad92107a0524d6a7c217816cd1e50bb1d97a36ef892318fbe837bf8857","encoding":"utf8","snapshot_id":"735799399424072b1b6cc95488ff63f55c094da4b32573a4555bf731c014f141"},"span":{"end":28,"start":0}},"source_freshness":{"disk_checked":true,"hydrator":"current-document-scope-source-generation-v1","status":"current_verified"},"stage_a_file_reasons":["fallback-indexed"],"stage_a_file_score":0.2,"stage_a_files_considered":1,"stage_a_layer_scores":[["fallback-indexed",0.2]]},"reasons":["semantic@1","fallback-indexed","preselect:fallback-indexed:+0.20"],"rerank_score":0.027607843137254902,"score_trace":[["rrf:semantic",0.0196078431372549],["boost:stage-a",0.008]],"source":"index","start_line":1,"symbol_kind":"function","symbol_name":"needle","text":"def needle():\n    return 731"},{"breadcrumb":"neighbor","chunk_id":"chunk:needle.py:1","end_line":5,"file_path":"needle.py","fused_score":0.019230769230769232,"graph_score":0.0,"grep_score":0.0,"lane":null,"language":"python","lexical_score":0.0,"metadata":{"document":{"doc_key":"3fd56c438273f4e97d76268fc1e74f7bccba6b16d9f0ef414ca67b0829003e65","doc_version":"09f385ca69393d6173161facbcb1551167f9785fcdd2ccc650f1c531bc0259ed","encoding_key":"02118b2a2349b99c9efe9684d529683cd659e52f1e28e19c864bc915175c7693","entity_key":"f8d3da2a91268bb9b93e59ca9b06d751804a9221f3d218b5a8798fab2dc8e40d"},"qname":"neighbor","source_evidence":{"boundary":"symbol","owner":{"end":65,"start":30},"signature":{"end":50,"start":30},"slice_digest":"dec7813dc4d5e300de152b45e0cb2a89c688f0a75f1501c57aa7eb68130081dd","source":{"byte_len":66,"content_digest":"bdb975ad92107a0524d6a7c217816cd1e50bb1d97a36ef892318fbe837bf8857","encoding":"utf8","snapshot_id":"735799399424072b1b6cc95488ff63f55c094da4b32573a4555bf731c014f141"},"span":{"end":66,"start":28}},"source_freshness":{"disk_checked":true,"hydrator":"current-document-scope-source-generation-v1","status":"current_verified"},"stage_a_file_reasons":["fallback-indexed"],"stage_a_file_score":0.2,"stage_a_files_considered":1,"stage_a_layer_scores":[["fallback-indexed",0.2]]},"reasons":["semantic@2","fallback-indexed","preselect:fallback-indexed:+0.20"],"rerank_score":0.027230769230769232,"score_trace":[["rrf:semantic",0.019230769230769232],["boost:stage-a",0.008]],"source":"index","start_line":2,"symbol_kind":"function","symbol_name":"neighbor","text":"\n\ndef neighbor():\n    return needle()\n"}],"kind":"code_index_context","query":"v18_query_search_marker","repo_size_tier":"Tiny","token_budget":4000,"top_k":10},"nodes":[{"backing_file_path":"needle.py","backing_source":null,"confidence":0.8,"depends_on":[],"end_line":2,"file_path":"needle.py","freshness":null,"invalidation_keys":[],"metadata":{"representation":"machine_hit_reference"},"node_id":"search:chunk:needle.py:0","node_type":"SEARCH_HIT","rank_explanation":null,"reasons":[],"relation":null,"role":"primary","score":0.027607843137254902,"source":"index","source_end_line":2,"source_start_line":1,"span_kind":"reference","start_line":1,"text":"","title":"needle.py needle:1-2","token_estimate":0},{"backing_file_path":"needle.py","backing_source":null,"confidence":0.8,"depends_on":[],"end_line":5,"file_path":"needle.py","freshness":null,"invalidation_keys":[],"metadata":{"representation":"machine_hit_reference"},"node_id":"search:chunk:needle.py:1","node_type":"SEARCH_HIT","rank_explanation":null,"reasons":[],"relation":null,"role":"primary","score":0.027230769230769232,"source":"index","source_end_line":5,"source_start_line":2,"span_kind":"reference","start_line":2,"text":"","title":"needle.py neighbor:2-5","token_estimate":0}],"query":"v18_query_search_marker","reasons":["hybrid search over code index"],"rendered_prompt":"Complete source is in machine_pack.hits; references have no source body.","resolution_freshness":{"basis_epoch":null,"complete":true,"completed_files":0,"index_epoch":5,"reason":null,"retry":null,"root_count":0,"scope":"observed_resolution_invalidations","status":"ready"},"revision":0,"spans":[{"end_line":2,"file_path":"needle.py","label":"needle","node_id":"search:chunk:needle.py:0","start_line":1},{"end_line":5,"file_path":"needle.py","label":"neighbor","node_id":"search:chunk:needle.py:1","start_line":2}],"summary":"Found 2 indexed code result(s) across 1 file(s) for `v18_query_search_marker`.","task":"v18_query_search_marker","token_budget":4000,"token_estimate":3414},"tool":"search"}
V18_JSON {"args":{"retrieval_strategy":"semantic","task":"v18_query_context_marker"},"result":{"evidence_summary":{"files":["needle.py"],"graph_enrichment":{"callees_added":0,"callers_added":0,"symbols_resolved":0,"tests_found":0},"packing":{"compacted":true,"configured_max_bytes":18000,"continuation":"Use files region/expand on retained references; recheck source version.","limit_bytes":16000,"omitted_hits":0,"omitted_nodes":0,"original_hits":2,"original_nodes":2,"partial":false,"spec":"whole-json-intent-facets-source-support-before-incidental-v5","token_estimate_method":"ceil(serialized_utf8_bytes/4); not a tokenizer","used_bytes":13661},"retrieval":{"cost":{"coverage":"originating query work; lexical FTS and hydration SQL here; grep stage SQL in grep.stages; excludes preselection/exact lookup/graph SQL, FTS internal work and storage I/O; not total cost or a hard limit","fused_candidates":2,"hydrate_requested":2,"hydration":{"sql":{"fullscan_steps":0,"rows":10,"sorts":0,"statements":9,"vm_steps":386},"text":{"cache_hits":2,"legacy_auto_reads":0,"storage_reads":0,"utf8_bytes":66,"zstd_decodes":0}},"lane_candidates":{"exact_symbol":0,"graph":0,"grep":0,"lexical":0,"path":0,"semantic":2},"lexical_sql":{"fullscan_steps":0,"rows":0,"sorts":1,"statements":1,"vm_steps":17},"schema_version":1},"grep":{"fallback_scanned":0,"prefilter_failed":false,"prefilter_scanned":0,"reason":null,"scan_cap":20000,"scanned":2,"skipped_duplicates":2,"soft_scanned":2,"stages":[{"stage":"soft","work":{"sql":{"fullscan_steps":0,"rows":2,"sorts":0,"statements":1,"vm_steps":29},"text":{"cache_hits":0,"legacy_auto_reads":0,"storage_reads":2,"utf8_bytes":66,"zstd_decodes":0}}},{"stage":"prefilter","work":{"sql":{"fullscan_steps":0,"rows":0,"sorts":1,"statements":1,"vm_steps":14},"text":{"cache_hits":0,"legacy_auto_reads":0,"storage_reads":0,"utf8_bytes":0,"zstd_decodes":0}}},{"stage":"fallback","work":{"sql":{"fullscan_steps":1,"rows":2,"sorts":0,"statements":1,"vm_steps":23},"text":{"cache_hits":0,"legacy_auto_reads":0,"storage_reads":0,"utf8_bytes":0,"zstd_decodes":0}}}],"status":"complete"},"lanes":[{"candidate_count":0,"candidates":[],"coverage":{"complete":true,"examined":null,"scope":"hard_scope","total_lower_bound":0},"elapsed_us":141,"lane_id":"exact_symbol","schema_version":1,"status":"complete","truncation_reason":null,"weight":1.1},{"candidate_count":0,"candidates":[],"coverage":{"complete":true,"examined":null,"scope":"hard_scope","total_lower_bound":0},"elapsed_us":1574,"lane_id":"path","schema_version":1,"status":"complete","truncation_reason":null,"weight":1.0},{"candidate_count":0,"candidates":[],"coverage":{"complete":true,"examined":null,"scope":"hard_scope","total_lower_bound":0},"elapsed_us":170,"lane_id":"lexical","schema_version":1,"status":"complete","truncation_reason":null,"weight":1.1},{"candidate_count":0,"candidates":[],"coverage":{"complete":true,"examined":2,"scope":"hard_scope","total_lower_bound":0},"elapsed_us":1303,"lane_id":"grep","schema_version":1,"status":"complete","truncation_reason":null,"weight":0.8},{"candidate_count":0,"candidates":[],"coverage":{"complete":true,"examined":null,"scope":"hard_scope","total_lower_bound":0},"elapsed_us":244,"lane_id":"graph","schema_version":1,"status":"complete","truncation_reason":null,"weight":0.6},{"candidate_count":2,"candidates":[{"document":{"doc_key":"29b2fa88c6d6c8741c47ad873ba80a25c628b882a28ea3cfaa7fcc69e6982938","doc_version":"9ba68969fd43b00f97a9fade36d3cd19b8f57a4b7c6dffacb8c050c2e9b29f62","encoding_key":"78fc8c83484a6639e37e832f30a8eb8310c8ad26eada3a4ec3d936c1f152fede","entity_key":"16a369932cc2a7589f395b34b3b8def8bbad6a04e00672428487964152c26486"},"exact_identity":false,"lane_id":"semantic","lane_rank":1,"legacy_chunk_id":"chunk:needle.py:0","raw_score":1.0,"schema_version":1,"scoring_spec":"cosine-exact-v1","source_span":{"end":28,"start":0}},{"document":{"doc_key":"3fd56c438273f4e97d76268fc1e74f7bccba6b16d9f0ef414ca67b0829003e65","doc_version":"09f385ca69393d6173161facbcb1551167f9785fcdd2ccc650f1c531bc0259ed","encoding_key":"02118b2a2349b99c9efe9684d529683cd659e52f1e28e19c864bc915175c7693","entity_key":"f8d3da2a91268bb9b93e59ca9b06d751804a9221f3d218b5a8798fab2dc8e40d"},"exact_identity":false,"lane_id":"semantic","lane_rank":2,"legacy_chunk_id":"chunk:needle.py:1","raw_score":1.0,"schema_version":1,"scoring_spec":"cosine-exact-v1","source_span":{"end":66,"start":28}}],"coverage":{"complete":true,"examined":null,"scope":"hard_scope","total_lower_bound":2},"elapsed_us":2531,"lane_id":"semantic","schema_version":1,"status":"complete","truncation_reason":null,"weight":1.0}],"policy":{"completeness":"all_executed_lane_limits_remain_visible; obligation_role_does_not_erase_partial","deadline_ms":30000,"effective":"semantic","graph_source_mapping":"uid_byte_declaration_document; complete_mapping_is_not_whole_symbol_body_coverage","intent":"locate","lane_timeout_ms":20000,"no_answer":"empty_partial_is_not_absence; no_semantic_absence_claim_from_weak_rank","obligations":[{"lane_id":"exact_symbol","role":"identity","timeout_ms":20000},{"lane_id":"path","role":"identity","timeout_ms":20000},{"lane_id":"lexical","role":"source","timeout_ms":20000},{"lane_id":"grep","role":"source","timeout_ms":20000},{"lane_id":"graph","role":"supporting","timeout_ms":20000},{"lane_id":"semantic","role":"optional_recall","timeout_ms":5000}],"path_source_domain":"canonical_scoped_existing_path_docs; else_bounded_tokens; not_whole_file_coverage","requested":"semantic","semantic_state":"configured","semantic_timeout_ms":5000,"semantic_top_k":24,"version":"query-policy-local-semantic-canonical-path-domain-v4"},"scope":{"budget":{"exact_symbol_candidates":24,"grep_candidates":12,"grep_enabled":true,"grep_scan_cap":20000,"lexical_candidates":24,"path_candidates":24,"rerank_window":40,"top_k":10,"units":"candidate limits count chunks; grep_scan_cap counts decompressions, not SQL work, total memory or time; cached diagnostics describe originating computation, not work repeated on a cache hit"},"hard":{"empty":false,"explicit_file_count":null,"languages":null,"path_prefix":null,"path_prefix_truncated":false,"semantics":"conjunctive_repository_relative_case_sensitive_components; empty means contradictory/explicit-empty constraint, not an inventory count"},"ordering":["exact-target first (identity tier, not an additive score)","rerank_score descending = sum(score_trace)","chunk_id ascending"],"policy":"canonical-scoped-exact-path-domain-compact-context-budget-v22","schema_version":1,"soft":{"contributions":"per-hit score_trace is the additive bill; stage_a_layer_scores explain its capped stage-a component and must not be added twice; raw hint and excluded paths omitted","hint_entries":{"overlay":0,"pinned":0,"recent":0,"working":0},"preselected_count":1,"role":"ranking_and_scan_priority_only"}}},"search_hits":2,"selection":{"facets":{"implementation":2},"input_candidates":2,"intent":"locate","intent_facet_anchors":{},"limit_omitted":0,"original_ranks":[1,2],"overlap":{"fully_covered_candidates":0,"input_bytes":66,"redundant_bytes":0,"unique_bytes":66},"requested_limit":10,"selected":2,"selected_overlap":{"fully_covered_candidates":0,"input_bytes":66,"redundant_bytes":0,"unique_bytes":66},"source_covered_omissions":0,"source_support_anchors":[],"source_support_scope":"literal_program_cue_in_validated_twice_topk_window_only; not_global_uniqueness_or_exact_identity","spec":"anchored-facets-distinctive-source-union-v2","unmet_facets":[]},"source_freshness":{"budget_exhausted":false,"checked_files":1,"dense_manifest_fence":{"checked":2,"skip_disposition":"stale_publication_skipped","skipped":0},"generation":{"evidence_epoch":1,"incarnation":[85,135,56,176,116,213,181,139,73,231,192,148,236,117,164,170],"index_epoch":5,"semantic_epoch":3},"hydrator":"current-document-scope-source-generation-v1","omitted_files":{},"partial":false,"read_budget_charged":66,"scope":"bounded per-file disk verification and optimistic full read generation; not an atomic filesystem snapshot","validation_work":{"candidate_projection_sql":{"fullscan_steps":0,"rows":2,"sorts":0,"statements":1,"vm_steps":76},"coverage":"current final-assembly attempt SELECTs for manifest, symbol identity and candidate projection; excludes prior attempts, transaction control, originating retrieval, generation, dense fence, graph and disk work; not total cost","schema_version":1,"source_records_sql":{"fullscan_steps":0,"rows":10,"sorts":0,"statements":9,"vm_steps":292}},"verified_hits":2}},"intent":"locate","invalidations":[],"machine_pack":{"hits":[{"breadcrumb":"needle","chunk_id":"chunk:needle.py:0","end_line":2,"file_path":"needle.py","fused_score":0.0196078431372549,"graph_score":0.0,"grep_score":0.0,"lane":null,"language":"python","lexical_score":0.0,"metadata":{"document":{"doc_key":"29b2fa88c6d6c8741c47ad873ba80a25c628b882a28ea3cfaa7fcc69e6982938","doc_version":"9ba68969fd43b00f97a9fade36d3cd19b8f57a4b7c6dffacb8c050c2e9b29f62","encoding_key":"78fc8c83484a6639e37e832f30a8eb8310c8ad26eada3a4ec3d936c1f152fede","entity_key":"16a369932cc2a7589f395b34b3b8def8bbad6a04e00672428487964152c26486"},"qname":"needle","source_evidence":{"boundary":"symbol","owner":{"end":28,"start":0},"signature":{"end":18,"start":0},"slice_digest":"c748e325d98b5f174763b313c05ece587900d99690eedbce11f75639788c6b8b","source":{"byte_len":66,"content_digest":"bdb975ad92107a0524d6a7c217816cd1e50bb1d97a36ef892318fbe837bf8857","encoding":"utf8","snapshot_id":"735799399424072b1b6cc95488ff63f55c094da4b32573a4555bf731c014f141"},"span":{"end":28,"start":0}},"source_freshness":{"disk_checked":true,"hydrator":"current-document-scope-source-generation-v1","status":"current_verified"},"stage_a_file_reasons":["fallback-indexed"],"stage_a_file_score":0.2,"stage_a_files_considered":1,"stage_a_layer_scores":[["fallback-indexed",0.2]]},"reasons":["semantic@1","fallback-indexed","preselect:fallback-indexed:+0.20"],"rerank_score":0.027607843137254902,"score_trace":[["rrf:semantic",0.0196078431372549],["boost:stage-a",0.008]],"source":"index","start_line":1,"symbol_kind":"function","symbol_name":"needle","text":"def needle():\n    return 731"},{"breadcrumb":"neighbor","chunk_id":"chunk:needle.py:1","end_line":5,"file_path":"needle.py","fused_score":0.019230769230769232,"graph_score":0.0,"grep_score":0.0,"lane":null,"language":"python","lexical_score":0.0,"metadata":{"document":{"doc_key":"3fd56c438273f4e97d76268fc1e74f7bccba6b16d9f0ef414ca67b0829003e65","doc_version":"09f385ca69393d6173161facbcb1551167f9785fcdd2ccc650f1c531bc0259ed","encoding_key":"02118b2a2349b99c9efe9684d529683cd659e52f1e28e19c864bc915175c7693","entity_key":"f8d3da2a91268bb9b93e59ca9b06d751804a9221f3d218b5a8798fab2dc8e40d"},"qname":"neighbor","source_evidence":{"boundary":"symbol","owner":{"end":65,"start":30},"signature":{"end":50,"start":30},"slice_digest":"dec7813dc4d5e300de152b45e0cb2a89c688f0a75f1501c57aa7eb68130081dd","source":{"byte_len":66,"content_digest":"bdb975ad92107a0524d6a7c217816cd1e50bb1d97a36ef892318fbe837bf8857","encoding":"utf8","snapshot_id":"735799399424072b1b6cc95488ff63f55c094da4b32573a4555bf731c014f141"},"span":{"end":66,"start":28}},"source_freshness":{"disk_checked":true,"hydrator":"current-document-scope-source-generation-v1","status":"current_verified"},"stage_a_file_reasons":["fallback-indexed"],"stage_a_file_score":0.2,"stage_a_files_considered":1,"stage_a_layer_scores":[["fallback-indexed",0.2]]},"reasons":["semantic@2","fallback-indexed","preselect:fallback-indexed:+0.20"],"rerank_score":0.027230769230769232,"score_trace":[["rrf:semantic",0.019230769230769232],["boost:stage-a",0.008]],"source":"index","start_line":2,"symbol_kind":"function","symbol_name":"neighbor","text":"\n\ndef neighbor():\n    return needle()\n"}],"kind":"code_index_context","query":"v18_query_context_marker","repo_size_tier":"Tiny","token_budget":4000,"top_k":10},"nodes":[{"backing_file_path":"needle.py","backing_source":null,"confidence":0.8,"depends_on":[],"end_line":2,"file_path":"needle.py","freshness":null,"invalidation_keys":[],"metadata":{"representation":"machine_hit_reference"},"node_id":"search:chunk:needle.py:0","node_type":"SEARCH_HIT","rank_explanation":null,"reasons":[],"relation":null,"role":"primary","score":0.027607843137254902,"source":"index","source_end_line":2,"source_start_line":1,"span_kind":"reference","start_line":1,"text":"","title":"needle.py needle:1-2","token_estimate":0},{"backing_file_path":"needle.py","backing_source":null,"confidence":0.8,"depends_on":[],"end_line":5,"file_path":"needle.py","freshness":null,"invalidation_keys":[],"metadata":{"representation":"machine_hit_reference"},"node_id":"search:chunk:needle.py:1","node_type":"SEARCH_HIT","rank_explanation":null,"reasons":[],"relation":null,"role":"primary","score":0.027230769230769232,"source":"index","source_end_line":5,"source_start_line":2,"span_kind":"reference","start_line":2,"text":"","title":"needle.py neighbor:2-5","token_estimate":0}],"query":"v18_query_context_marker","reasons":["hybrid search over code index"],"rendered_prompt":"Complete source is in machine_pack.hits; references have no source body.","resolution_freshness":{"basis_epoch":null,"complete":true,"completed_files":0,"index_epoch":5,"reason":null,"retry":null,"root_count":0,"scope":"observed_resolution_invalidations","status":"ready"},"revision":0,"spans":[{"end_line":2,"file_path":"needle.py","label":"needle","node_id":"search:chunk:needle.py:0","start_line":1},{"end_line":5,"file_path":"needle.py","label":"neighbor","node_id":"search:chunk:needle.py:1","start_line":2}],"summary":"Found 2 indexed code result(s) across 1 file(s) for `v18_query_context_marker`.","task":"v18_query_context_marker","token_budget":4000,"token_estimate":3416},"tool":"context"}
V18_JSON {"args":{"retrieval_strategy":"semantic","task":"v18_query_context_marker"},"result":{"evidence_summary":{"files":["needle.py"],"graph_enrichment":{"callees_added":0,"callers_added":0,"symbols_resolved":0,"tests_found":0},"packing":{"compacted":true,"configured_max_bytes":18000,"continuation":"Use files region/expand on retained references; recheck source version.","limit_bytes":16000,"omitted_hits":0,"omitted_nodes":0,"original_hits":2,"original_nodes":2,"partial":false,"spec":"whole-json-intent-facets-source-support-before-incidental-v5","token_estimate_method":"ceil(serialized_utf8_bytes/4); not a tokenizer","used_bytes":13660},"retrieval":{"cost":{"coverage":"originating query work; lexical FTS and hydration SQL here; grep stage SQL in grep.stages; excludes preselection/exact lookup/graph SQL, FTS internal work and storage I/O; not total cost or a hard limit","fused_candidates":2,"hydrate_requested":2,"hydration":{"sql":{"fullscan_steps":0,"rows":10,"sorts":0,"statements":9,"vm_steps":386},"text":{"cache_hits":2,"legacy_auto_reads":0,"storage_reads":0,"utf8_bytes":66,"zstd_decodes":0}},"lane_candidates":{"exact_symbol":0,"graph":0,"grep":0,"lexical":0,"path":0,"semantic":2},"lexical_sql":{"fullscan_steps":0,"rows":0,"sorts":1,"statements":1,"vm_steps":17},"schema_version":1},"grep":{"fallback_scanned":0,"prefilter_failed":false,"prefilter_scanned":0,"reason":null,"scan_cap":20000,"scanned":2,"skipped_duplicates":2,"soft_scanned":2,"stages":[{"stage":"soft","work":{"sql":{"fullscan_steps":0,"rows":2,"sorts":0,"statements":1,"vm_steps":29},"text":{"cache_hits":0,"legacy_auto_reads":0,"storage_reads":2,"utf8_bytes":66,"zstd_decodes":0}}},{"stage":"prefilter","work":{"sql":{"fullscan_steps":0,"rows":0,"sorts":1,"statements":1,"vm_steps":14},"text":{"cache_hits":0,"legacy_auto_reads":0,"storage_reads":0,"utf8_bytes":0,"zstd_decodes":0}}},{"stage":"fallback","work":{"sql":{"fullscan_steps":1,"rows":2,"sorts":0,"statements":1,"vm_steps":23},"text":{"cache_hits":0,"legacy_auto_reads":0,"storage_reads":0,"utf8_bytes":0,"zstd_decodes":0}}}],"status":"complete"},"lanes":[{"candidate_count":0,"candidates":[],"coverage":{"complete":true,"examined":null,"scope":"hard_scope","total_lower_bound":0},"elapsed_us":125,"lane_id":"exact_symbol","schema_version":1,"status":"complete","truncation_reason":null,"weight":1.1},{"candidate_count":0,"candidates":[],"coverage":{"complete":true,"examined":null,"scope":"hard_scope","total_lower_bound":0},"elapsed_us":347,"lane_id":"path","schema_version":1,"status":"complete","truncation_reason":null,"weight":1.0},{"candidate_count":0,"candidates":[],"coverage":{"complete":true,"examined":null,"scope":"hard_scope","total_lower_bound":0},"elapsed_us":137,"lane_id":"lexical","schema_version":1,"status":"complete","truncation_reason":null,"weight":1.1},{"candidate_count":0,"candidates":[],"coverage":{"complete":true,"examined":2,"scope":"hard_scope","total_lower_bound":0},"elapsed_us":1790,"lane_id":"grep","schema_version":1,"status":"complete","truncation_reason":null,"weight":0.8},{"candidate_count":0,"candidates":[],"coverage":{"complete":true,"examined":null,"scope":"hard_scope","total_lower_bound":0},"elapsed_us":226,"lane_id":"graph","schema_version":1,"status":"complete","truncation_reason":null,"weight":0.6},{"candidate_count":2,"candidates":[{"document":{"doc_key":"29b2fa88c6d6c8741c47ad873ba80a25c628b882a28ea3cfaa7fcc69e6982938","doc_version":"9ba68969fd43b00f97a9fade36d3cd19b8f57a4b7c6dffacb8c050c2e9b29f62","encoding_key":"78fc8c83484a6639e37e832f30a8eb8310c8ad26eada3a4ec3d936c1f152fede","entity_key":"16a369932cc2a7589f395b34b3b8def8bbad6a04e00672428487964152c26486"},"exact_identity":false,"lane_id":"semantic","lane_rank":1,"legacy_chunk_id":"chunk:needle.py:0","raw_score":1.0,"schema_version":1,"scoring_spec":"cosine-exact-v1","source_span":{"end":28,"start":0}},{"document":{"doc_key":"3fd56c438273f4e97d76268fc1e74f7bccba6b16d9f0ef414ca67b0829003e65","doc_version":"09f385ca69393d6173161facbcb1551167f9785fcdd2ccc650f1c531bc0259ed","encoding_key":"02118b2a2349b99c9efe9684d529683cd659e52f1e28e19c864bc915175c7693","entity_key":"f8d3da2a91268bb9b93e59ca9b06d751804a9221f3d218b5a8798fab2dc8e40d"},"exact_identity":false,"lane_id":"semantic","lane_rank":2,"legacy_chunk_id":"chunk:needle.py:1","raw_score":1.0,"schema_version":1,"scoring_spec":"cosine-exact-v1","source_span":{"end":66,"start":28}}],"coverage":{"complete":true,"examined":null,"scope":"hard_scope","total_lower_bound":2},"elapsed_us":1062,"lane_id":"semantic","schema_version":1,"status":"complete","truncation_reason":null,"weight":1.0}],"policy":{"completeness":"all_executed_lane_limits_remain_visible; obligation_role_does_not_erase_partial","deadline_ms":30000,"effective":"semantic","graph_source_mapping":"uid_byte_declaration_document; complete_mapping_is_not_whole_symbol_body_coverage","intent":"locate","lane_timeout_ms":20000,"no_answer":"empty_partial_is_not_absence; no_semantic_absence_claim_from_weak_rank","obligations":[{"lane_id":"exact_symbol","role":"identity","timeout_ms":20000},{"lane_id":"path","role":"identity","timeout_ms":20000},{"lane_id":"lexical","role":"source","timeout_ms":20000},{"lane_id":"grep","role":"source","timeout_ms":20000},{"lane_id":"graph","role":"supporting","timeout_ms":20000},{"lane_id":"semantic","role":"optional_recall","timeout_ms":5000}],"path_source_domain":"canonical_scoped_existing_path_docs; else_bounded_tokens; not_whole_file_coverage","requested":"semantic","semantic_state":"configured","semantic_timeout_ms":5000,"semantic_top_k":24,"version":"query-policy-local-semantic-canonical-path-domain-v4"},"scope":{"budget":{"exact_symbol_candidates":24,"grep_candidates":12,"grep_enabled":true,"grep_scan_cap":20000,"lexical_candidates":24,"path_candidates":24,"rerank_window":40,"top_k":10,"units":"candidate limits count chunks; grep_scan_cap counts decompressions, not SQL work, total memory or time; cached diagnostics describe originating computation, not work repeated on a cache hit"},"hard":{"empty":false,"explicit_file_count":null,"languages":null,"path_prefix":null,"path_prefix_truncated":false,"semantics":"conjunctive_repository_relative_case_sensitive_components; empty means contradictory/explicit-empty constraint, not an inventory count"},"ordering":["exact-target first (identity tier, not an additive score)","rerank_score descending = sum(score_trace)","chunk_id ascending"],"policy":"canonical-scoped-exact-path-domain-compact-context-budget-v22","schema_version":1,"soft":{"contributions":"per-hit score_trace is the additive bill; stage_a_layer_scores explain its capped stage-a component and must not be added twice; raw hint and excluded paths omitted","hint_entries":{"overlay":0,"pinned":0,"recent":0,"working":0},"preselected_count":1,"role":"ranking_and_scan_priority_only"}}},"search_hits":2,"selection":{"facets":{"implementation":2},"input_candidates":2,"intent":"locate","intent_facet_anchors":{},"limit_omitted":0,"original_ranks":[1,2],"overlap":{"fully_covered_candidates":0,"input_bytes":66,"redundant_bytes":0,"unique_bytes":66},"requested_limit":10,"selected":2,"selected_overlap":{"fully_covered_candidates":0,"input_bytes":66,"redundant_bytes":0,"unique_bytes":66},"source_covered_omissions":0,"source_support_anchors":[],"source_support_scope":"literal_program_cue_in_validated_twice_topk_window_only; not_global_uniqueness_or_exact_identity","spec":"anchored-facets-distinctive-source-union-v2","unmet_facets":[]},"source_freshness":{"budget_exhausted":false,"checked_files":1,"dense_manifest_fence":{"checked":2,"skip_disposition":"stale_publication_skipped","skipped":0},"generation":{"evidence_epoch":1,"incarnation":[85,135,56,176,116,213,181,139,73,231,192,148,236,117,164,170],"index_epoch":5,"semantic_epoch":3},"hydrator":"current-document-scope-source-generation-v1","omitted_files":{},"partial":false,"read_budget_charged":66,"scope":"bounded per-file disk verification and optimistic full read generation; not an atomic filesystem snapshot","validation_work":{"candidate_projection_sql":{"fullscan_steps":0,"rows":2,"sorts":0,"statements":1,"vm_steps":76},"coverage":"current final-assembly attempt SELECTs for manifest, symbol identity and candidate projection; excludes prior attempts, transaction control, originating retrieval, generation, dense fence, graph and disk work; not total cost","schema_version":1,"source_records_sql":{"fullscan_steps":0,"rows":10,"sorts":0,"statements":9,"vm_steps":292}},"verified_hits":2}},"intent":"locate","invalidations":[],"machine_pack":{"hits":[{"breadcrumb":"needle","chunk_id":"chunk:needle.py:0","end_line":2,"file_path":"needle.py","fused_score":0.0196078431372549,"graph_score":0.0,"grep_score":0.0,"lane":null,"language":"python","lexical_score":0.0,"metadata":{"document":{"doc_key":"29b2fa88c6d6c8741c47ad873ba80a25c628b882a28ea3cfaa7fcc69e6982938","doc_version":"9ba68969fd43b00f97a9fade36d3cd19b8f57a4b7c6dffacb8c050c2e9b29f62","encoding_key":"78fc8c83484a6639e37e832f30a8eb8310c8ad26eada3a4ec3d936c1f152fede","entity_key":"16a369932cc2a7589f395b34b3b8def8bbad6a04e00672428487964152c26486"},"qname":"needle","source_evidence":{"boundary":"symbol","owner":{"end":28,"start":0},"signature":{"end":18,"start":0},"slice_digest":"c748e325d98b5f174763b313c05ece587900d99690eedbce11f75639788c6b8b","source":{"byte_len":66,"content_digest":"bdb975ad92107a0524d6a7c217816cd1e50bb1d97a36ef892318fbe837bf8857","encoding":"utf8","snapshot_id":"735799399424072b1b6cc95488ff63f55c094da4b32573a4555bf731c014f141"},"span":{"end":28,"start":0}},"source_freshness":{"disk_checked":true,"hydrator":"current-document-scope-source-generation-v1","status":"current_verified"},"stage_a_file_reasons":["fallback-indexed"],"stage_a_file_score":0.2,"stage_a_files_considered":1,"stage_a_layer_scores":[["fallback-indexed",0.2]]},"reasons":["semantic@1","fallback-indexed","preselect:fallback-indexed:+0.20"],"rerank_score":0.027607843137254902,"score_trace":[["rrf:semantic",0.0196078431372549],["boost:stage-a",0.008]],"source":"index","start_line":1,"symbol_kind":"function","symbol_name":"needle","text":"def needle():\n    return 731"},{"breadcrumb":"neighbor","chunk_id":"chunk:needle.py:1","end_line":5,"file_path":"needle.py","fused_score":0.019230769230769232,"graph_score":0.0,"grep_score":0.0,"lane":null,"language":"python","lexical_score":0.0,"metadata":{"document":{"doc_key":"3fd56c438273f4e97d76268fc1e74f7bccba6b16d9f0ef414ca67b0829003e65","doc_version":"09f385ca69393d6173161facbcb1551167f9785fcdd2ccc650f1c531bc0259ed","encoding_key":"02118b2a2349b99c9efe9684d529683cd659e52f1e28e19c864bc915175c7693","entity_key":"f8d3da2a91268bb9b93e59ca9b06d751804a9221f3d218b5a8798fab2dc8e40d"},"qname":"neighbor","source_evidence":{"boundary":"symbol","owner":{"end":65,"start":30},"signature":{"end":50,"start":30},"slice_digest":"dec7813dc4d5e300de152b45e0cb2a89c688f0a75f1501c57aa7eb68130081dd","source":{"byte_len":66,"content_digest":"bdb975ad92107a0524d6a7c217816cd1e50bb1d97a36ef892318fbe837bf8857","encoding":"utf8","snapshot_id":"735799399424072b1b6cc95488ff63f55c094da4b32573a4555bf731c014f141"},"span":{"end":66,"start":28}},"source_freshness":{"disk_checked":true,"hydrator":"current-document-scope-source-generation-v1","status":"current_verified"},"stage_a_file_reasons":["fallback-indexed"],"stage_a_file_score":0.2,"stage_a_files_considered":1,"stage_a_layer_scores":[["fallback-indexed",0.2]]},"reasons":["semantic@2","fallback-indexed","preselect:fallback-indexed:+0.20"],"rerank_score":0.027230769230769232,"score_trace":[["rrf:semantic",0.019230769230769232],["boost:stage-a",0.008]],"source":"index","start_line":2,"symbol_kind":"function","symbol_name":"neighbor","text":"\n\ndef neighbor():\n    return needle()\n"}],"kind":"code_index_context","query":"v18_query_context_marker","repo_size_tier":"Tiny","token_budget":4000,"top_k":10},"nodes":[{"backing_file_path":"needle.py","backing_source":null,"confidence":0.8,"depends_on":[],"end_line":2,"file_path":"needle.py","freshness":null,"invalidation_keys":[],"metadata":{"representation":"machine_hit_reference"},"node_id":"search:chunk:needle.py:0","node_type":"SEARCH_HIT","rank_explanation":null,"reasons":[],"relation":null,"role":"primary","score":0.027607843137254902,"source":"index","source_end_line":2,"source_start_line":1,"span_kind":"reference","start_line":1,"text":"","title":"needle.py needle:1-2","token_estimate":0},{"backing_file_path":"needle.py","backing_source":null,"confidence":0.8,"depends_on":[],"end_line":5,"file_path":"needle.py","freshness":null,"invalidation_keys":[],"metadata":{"representation":"machine_hit_reference"},"node_id":"search:chunk:needle.py:1","node_type":"SEARCH_HIT","rank_explanation":null,"reasons":[],"relation":null,"role":"primary","score":0.027230769230769232,"source":"index","source_end_line":5,"source_start_line":2,"span_kind":"reference","start_line":2,"text":"","title":"needle.py neighbor:2-5","token_estimate":0}],"query":"v18_query_context_marker","reasons":["hybrid search over code index"],"rendered_prompt":"Complete source is in machine_pack.hits; references have no source body.","resolution_freshness":{"basis_epoch":null,"complete":true,"completed_files":0,"index_epoch":5,"reason":null,"retry":null,"root_count":0,"scope":"observed_resolution_invalidations","status":"ready"},"revision":0,"spans":[{"end_line":2,"file_path":"needle.py","label":"needle","node_id":"search:chunk:needle.py:0","start_line":1},{"end_line":5,"file_path":"needle.py","label":"neighbor","node_id":"search:chunk:needle.py:1","start_line":2}],"summary":"Found 2 indexed code result(s) across 1 file(s) for `v18_query_context_marker`.","task":"v18_query_context_marker","token_budget":4000,"token_estimate":3415},"tool":"context"}
V18_JSON {"document_http_calls":2,"only_loopback":true,"query_http_calls":2,"real_credentials":false,"requests":[{"encoding_format":"float","input":["CODECORTEX_EMBED_V1\nmetadata: {\"language\":\"python\",\"metadata_truncated\":false,\"parent\":\"needle\",\"path\":\"needle.py\",\"signature\":\"def needle():\\n    \",\"source_span\":{\"end\":28,\"start\":0}}\nsource:\ndef needle():\n    return 731"],"model":"synthetic-v18-contract"},{"encoding_format":"float","input":["CODECORTEX_EMBED_V1\nmetadata: {\"language\":\"python\",\"metadata_truncated\":false,\"parent\":\"neighbor\",\"path\":\"needle.py\",\"signature\":\"def neighbor():\\n    \",\"source_span\":{\"end\":66,\"start\":28}}\nsource:\n\n\ndef neighbor():\n    return needle()\n"],"model":"synthetic-v18-contract"},{"encoding_format":"float","input":["v18_query_search_marker"],"model":"synthetic-v18-contract"},{"encoding_format":"float","input":["v18_query_context_marker"],"model":"synthetic-v18-contract"}],"synthetic_vectors":true}
[2m2026-10-08T05:00:23.359826Z[0m [32m INFO[0m [1mserve_inner[0m[2m:[0m [2mrmcp::service[0m[2m:[0m input stream terminated
[2m2026-10-08T05:00:23.359906Z[0m [32m INFO[0m [1mserve_inner[0m[2m:[0m [2mrmcp::service[0m[2m:[0m serve finished [3mquit_reason[0m[2m=[0mClosed
[2m2026-10-08T05:00:23.360084Z[0m [32m INFO[0m [2mcc_server::mcp[0m[2m:[0m MCP server shut down gracefully
[2m2026-10-08T05:00:23.482934Z[0m [32m INFO[0m [2mcc_db::index_migrate[0m[2m:[0m initializing index schema [3mversion[0m[2m=[0m25
[2m2026-10-08T05:00:23.615253Z[0m [32m INFO[0m [2mcc_index::memory_budget[0m[2m:[0m memory budget initialized [3mtotal_ram_mb[0m[2m=[0m15989 [3mbudget_mb[0m[2m=[0m7994 [3mfraction[0m[2m=[0m0.5
[2m2026-10-08T05:00:23.620133Z[0m [32m INFO[0m [2mcc_index::memory_budget[0m[2m:[0m memory budget initialized [3mtotal_ram_mb[0m[2m=[0m15989 [3mbudget_mb[0m[2m=[0m7994 [3mfraction[0m[2m=[0m0.5
test query_network_contract::explicit_authority_encodes_public_search_and_context_and_reuses_cache ... ok
[2m2026-10-08T05:00:23.622998Z[0m [32m INFO[0m [2mcc_index::memory_budget[0m[2m:[0m memory budget initialized [3mtotal_ram_mb[0m[2m=[0m15989 [3mbudget_mb[0m[2m=[0m7994 [3mfraction[0m[2m=[0m0.5
V18_JSON {"args":{"full":true,"path":"/tmp/.tmpkxggCb/project"},"result":{"build_explain":{"gate_decisions":[{"pass":"synthesis_round","reason":"both signatures changed","run":true},{"pass":"community","reason":"full rebuild","run":true},{"pass":"git_cochange","reason":"cache key unavailable","run":true},{"pass":"infra","reason":"signature algorithm changed","run":true},{"pass":"adr","reason":"no recorded signature","run":true}]},"chunk_policy":{"bytes":16384,"chars":16384,"estimated_tokens":4096,"lines":80,"merge_min_bytes":256},"chunks_total":2,"dirty_plan":{"dependency_sql":{"fullscan_steps":0,"rows":0,"sorts":0,"statements":0,"vm_steps":0},"file_budget":0,"parsed_files":1,"reasons":[],"rebased":false,"resumed":false,"selected_dependents":0},"document_changes":{"files_projected":1,"removed":0,"render_failed":0,"reusable_inputs":0,"unchanged":0,"upserted":2},"elapsed_ms":767,"files_added":1,"files_parsed":1,"files_removed":0,"files_scanned":1,"files_skipped":0,"files_updated":0,"parse_errors":[],"phase_timing":{"analysis_ms":3,"parse_ms":21,"postprocess_ms":1,"resolve_ms":0,"scan_diff_ms":3,"write_ms":340},"project_model":{"catalog_files":1,"changed_configs":[],"config_inputs":0,"config_parse_cache_hits":0,"config_reads":0,"config_root_probes":5,"config_roots":0,"diagnostics":[],"go_fact_cache_hits":0,"go_source_reads":0,"input_digest":"6608a5a5cd33639a82b1be8d943f3148241d6520b8e0d9930909feaaf0ec5b8c","inventory_source":"shared_walk","modes":[],"rust_fact_cache_hits":0,"rust_source_reads":0,"version":3},"public_surface_coverage":{"known":1,"known_empty":0,"parsed_files":1,"unknown":0,"unknown_reasons":{}},"resolution_coverage":{"ambiguous":0,"incomplete_files":0,"modules_ambiguous":0,"modules_external":0,"modules_resolved":0,"modules_unknown":0,"modules_unresolved":0,"modules_unsupported":0,"omitted_records":0,"packages_resolved":0,"processed_files":1,"resolved":2,"unresolved":0,"unsupported":0},"resolution_freshness":{"basis_epoch":null,"complete":true,"completed_files":0,"index_epoch":5,"reason":null,"retry":null,"root_count":0,"scope":"observed_resolution_invalidations","status":"ready"},"symbols_total":2,"used_parallel_parse":false},"tool":"index"}
V18_JSON {"args":{"aspect":"capabilities"},"result":{"capabilities":{"graph":true,"impact":true,"search":true},"has_index":true,"has_project":true,"indexed_files":1,"indexed_symbols":2,"resolution_freshness":{"basis_epoch":null,"complete":true,"completed_files":0,"index_epoch":5,"reason":null,"retry":null,"root_count":0,"scope":"observed_resolution_invalidations","status":"ready"},"retrieval":{"consistency":"point_in_time","default_effective_strategy":"auto","default_query_state":"available_with_per_query_checks","default_strategy":"auto","dense_reason":"semantic_no_active_space","dense_state":"disabled","diagnostic_sources":{"build":"BuildExplain on index response","graph":"GraphExplain on query response","lanes":"evidence_summary.retrieval.lanes or lane_receipts","packing":"evidence_summary.packing","selection":"evidence_summary.selection","semantic":"evidence_summary.retrieval.semantic (dense lane receipt projection)","source":"evidence_summary.source_freshness"},"execution":{"async_admitted":0,"[2m2026-10-08T05:00:23.627844Z[0m [32m INFO[0m [2mcc_index::memory_budget[0m[2m:[0m memory budget initialized [3mtotal_ram_mb[0m[2m=[0m15989 [3mbudget_mb[0m[2m=[0m7994 [3mfraction[0m[2m=[0m0.5
async_in_flight":0,"async_limit":8,"completed":0,"cpu_admitted":0,"cpu_in_flight":0,"cpu_limit":4,"queue_limit":32,"rejected":0},"execution_scope":"process_shared_not_project_local","generation":{"evidence_epoch":1,"incarnation":[31,87,35,134,95,77,51,223,203,248,100,113,108,160,134,45],"index_epoch":5,"semantic_epoch":null},"generation_scope":"observed_database_snapshot","identity_validation":"checked_at_observation_boundary","index_state":"available","local_state":"available","pin_scope":"owned_query_views_including_inflight_clones_not_request_count","query_coverage":{"scope":"per_query_not_global","state":"not_measured"},"query_encoding":{"configured_opt_in":false,"network_authorized":false,"reason":"query_network_opt_in_required","request_scope":"nonlocal_nonempty_only"},"query_pins":1,"resolution_freshness":{"basis_epoch":null,"complete":true,"completed_files":0,"index_epoch":5,"reason":null,"retry":null,"root_count":0,"scope":"observed_resolution_invalidations","status":"ready"},"semantic_active_space":null,"semantic_state":"port_attached_unverified","service_state_scope":"process_observed_separately","spec":"retrieval-capabilities-v2"}},"tool":"status"}
V18_JSON {"args":{"full":true,"path":"/tmp/.tmp6ipc9f/project"},"result":{"build_explain":{"gate_decisions":[{"pass":"synthesis_round","reason":"both signatures changed","run":true},{"pass":"community","reason":"full rebuild","run":true},{"pass":"git_cochange","reason":"cache key unavailable","run":true},{"pass":"infra","reason":"signature algorithm changed","run":true},{"pass":"adr","reason":"no recorded signature","run":true}]},"chunk_policy":{"bytes":16384,"chars":16384,"estimated_tokens":4096,"lines":80,"merge_min_bytes":256},"chunks_total":2,"dirty_plan":{"dependency_sql":{"fullscan_steps":0,"rows":0,"sorts":0,"statements":0,"vm_steps":0},"file_budget":0,"parsed_files":1,"reasons":[],"rebased":false,"resumed":false,"selected_dependents":0},"document_changes":{"files_projected":1,"removed":0,"render_failed":0,"reusable_inputs":0,"unchanged":0,"upserted":2},"elapsed_ms":789,"files_added":1,"files_parsed":1,"files_removed":0,"files_scanned":1,"files_skipped":0,"files_updated":0,"parse_errors":[],"phase_timing":{"analysis_ms":3,"parse_ms":24,"postprocess_ms":2,"resolve_ms":0,"scan_diff_ms":4,"write_ms":345},"project_model":{"catalog_files":1,"changed_configs":[],"config_inputs":0,"config_parse_cache_hits":0,"config_reads":0,"config_root_probes":5,"config_roots":0,"diagnostics":[],"go_fact_cache_hits":0,"go_source_reads":0,"input_digest":"6608a5a5cd33639a82b1be8d943f3148241d6520b8e0d9930909feaaf0ec5b8c","inventory_source":"shared_walk","modes":[],"rust_fact_cache_hits":0,"rust_source_reads":0,"version":3},"public_surface_coverage":{"known":1,"known_empty":0,"parsed_files":1,"unknown":0,"unknown_reasons":{}},"resolution_coverage":{"ambiguous":0,"incomplete_files":0,"modules_ambiguous":0,"modules_external":0,"modules_resolved":0,"modules_unknown":0,"modules_unresolved":0,"modules_unsupported":0,"omitted_records":0,"packages_resolved":0,"processed_files":1,"resolved":2,"unresolved":0,"unsupported":0},"resolution_freshness":{"basis_epoch":null,"complete":true,"completed_files":0,"index_epoch":5,"reason":null,"retry":null,"root_count":0,"scope":"observed_resolution_invalidations","status":"ready"},"symbols_total":2,"used_parallel_parse":false},"tool":"index"}
[2m2026-10-08T05:00:23.634604Z[0m [32m INFO[0m [2mcc_db::index_migrate[0m[2m:[0m initializing index schema [3mversion[0m[2m=[0m25
[2m2026-10-08T05:00:23.638045Z[0m [32m INFO[0m [1mserve_inner[0m[2m:[0m [2mrmcp::service[0m[2m:[0m Service initialized as server [3mpeer_info[0m[2m=[0mSome(InitializeRequestParams { meta: None, protocol_version: ProtocolVersion("2025-11-25"), capabilities: ClientCapabilities { experimental: None, extensions: None, roots: None, sampling: None, elicitation: None, tasks: None }, client_info: Implementation { name: "rmcp", title: None, version: "2.2.0", description: None, icons: None, website_url: None } })
[2m2026-10-08T05:00:23.638127Z[0m [32m INFO[0m [2mcc_server::mcp[0m[2m:[0m MCP server started on stdio
[2m2026-10-08T05:00:23.638425Z[0m [32m INFO[0m [1mserve_inner[0m[2m:[0m [2mrmcp::service[0m[2m:[0m received notification [3mnotification[0m[2m=[0mInitializedNotification(NotificationNoParam { method: InitializedNotificationMethod, extensions: Extensions })
V18_JSON {"args":{"aspect":"capabilities"},"result":{"capabilities":{"graph":true,"impact":true,"search":true},"has_index":true,"has_project":true,"indexed_files":1,"indexed_symbols":2,"resolution_freshness":{"basis_epoch":null,"complete":true,"completed_files":0,"index_epoch":5,"reason":null,"retry":null,"root_count":0,"scope":"observed_resolution_invalidations","status":"ready"},"retrieval":{"consistency":"point_in_time","default_effective_strategy":"auto","default_query_state":"available_with_per_query_checks","default_strategy":"auto","dense_desired":2,"dense_published":0,"dense_reason":"semantic_coverage_uncovered","dense_state":"partial","diagnostic_sources":{"build":"BuildExplain on index response","graph":"GraphExplain on query response","lanes":"evidence_summary.retrieval.lanes or lane_receipts","packing":"evidence_summary.packing","selection":"evidence_summary.selection","semantic":"evidence_summary.retrieval.semantic (dense lane receipt projection)","source":"evidence_summary.source_freshness"},"execution":{"async_admitted":0,"async_in_flight":0,"async_limit":8,"completed":0,"cpu_admitted":0,"cpu_in_flight":0,"cpu_limit":4,"queue_limit":32,"rejected":0},"execution_scope":"process_shared_not_project_local","generation":{"evidence_epoch":1,"incarnation":[149,185,75,39,179,176,249,49,77,18,56,81,117,91,180,103],"index_epoch":5,"semantic_epoch":null},"generation_scope":"observed_database_snapshot","identity_validation":"checked_at_observation_boundary","index_state":"available","local_state":"available","pin_scope":"owned_query_views_including_inflight_clones_not_request_count","query_coverage":{"scope":"per_query_not_global","state":"not_measured"},"query_encoding":{"configured_opt_in":true,"network_authorized":true,"reason":null,"request_scope":"nonlocal_nonempty_only"},"query_pins":1,"resolution_freshness":{"basis_epoch":null,"complete":true,"completed_files":0,"index_epoch":5,"reason":null,"retry":null,"root_count":0,"scope":"observed_resolution_invalidations","status":"ready"},"semantic_active_space":"2eac300964ae66ba95651ecaa7c7c6aafb0c9aecbd8a130cfc50c030cd8688d4","semantic_failed":0,"semantic_pending":0,"semantic_state":"backfilling","service_state_scope":"process_observed_separately","spec":"retrieval-capabilities-v2"}},"tool":"status"}
[2m2026-10-08T05:00:23.638709Z[0m [32m INFO[0m [1mserve_inner[0m[2m:[0m [2mrmcp::handler::server[0m[2m:[0m client initialized
[2m2026-10-08T05:00:23.639434Z[0m [32m INFO[0m [2mcc_index::memory_budget[0m[2m:[0m memory budget initialized [3mtotal_ram_mb[0m[2m=[0m15989 [3mbudget_mb[0m[2m=[0m7994 [3mfraction[0m[2m=[0m0.5
[2m2026-10-08T05:00:23.646127Z[0m [32m INFO[0m [2mcc_server::semantic_runtime[0m[2m:[0m semantic worker GC page completed [3mkept_fresh[0m[2m=[0m0 [3mkept_referenced[0m[2m=[0m2 [3mkept_live_task[0m[2m=[0m0 [3mdeleted_objects[0m[2m=[0m0 [3mdeleted_halves[0m[2m=[0m0 [3mdeleted_temps[0m[2m=[0m0 [3mpruned_dirs[0m[2m=[0m0 [3mexhausted[0m[2m=[0mtrue
V18_JSON {"args":{"aspect":"capabilities"},"result":{"capabilities":{"graph":true,"impact":true,"search":true},"has_index":true,"has_project":true,"indexed_files":1,"indexed_symbols":2,"resolution_freshness":{"basis_epoch":null,"complete":true,"completed_files":0,"index_epoch":5,"reason":null,"retry":null,"root_count":0,"scope":"observed_resolution_invalidations","status":"ready"},"retrieval":{"consistency":"point_in_time","default_effective_strategy":"auto","default_query_state":"available_with_per_query_checks","default_strategy":"auto","dense_desired":2,"dense_published":2,"dense_reason":null,"dense_state":"ready","diagnostic_sources":{"build":"BuildExplain on index response","graph":"GraphExplain on query response","lanes":"evidence_summary.retrieval.lanes or lane_receipts","packing":"evidence_summary.packing","selection":"evidence_summary.selection","semantic":"evidence_summary.retrieval.semantic (dense lane receipt projection)","source":"evidence_summary.source_freshness"},"execution":{"async_admitted":0,"async_in_flight":0,"async_limit":8,"completed":0,"cpu_admitted":0,"cpu_in_flight":0,"cpu_limit":4,"queue_limit":32,"rejected":0},"execution_scope":"process_shared_not_project_local","generation":{"evidence_epoch":1,"incarnation":[31,87,35,134,95,77,51,223,203,248,100,113,108,160,134,45],"index_epoch":5,"semantic_epoch":3},"generation_scope":"observed_database_snapshot","identity_validation":"checked_at_observation_boundary","index_state":"available","local_state":"available","pin_scope":"owned_query_views_including_inflight_clones_not_request_count","query_coverage":{"scope":"per_query_not_global","state":"not_measured"},"query_encoding":{"configured_opt_in":false,"network_authorized":false,"reason":"query_network_opt_in_required","request_scope":"nonlocal_nonempty_only"},"query_pins":1,"resolution_freshness":{"basis_epoch":null,"complete":true,"completed_files":0,"index_epoch":5,"reason":null,"retry":null,"root_count":0,"scope":"observed_resolution_invalidations","status":"ready"},"semantic_active_space":"2eac300964ae66ba95651ecaa7c7c6aafb0c9aecbd8a130cfc50c030cd8688d4","semantic_failed":0,"semantic_pending":0,"semantic_state":"ready","service_state_scope":"process_observed_separately","spec":"retrieval-capabilities-v2"}},"tool":"status"}
V18_JSON {"args":{"allow_query_network":true,"query":"v18_query_bypass_search","retrieval_strategy":"auto"},"content":[{"text":"failed to deserialize parameters: unknown field `allow_query_network`, expected one of `query`, `retrieval_strategy`, `mode`, `top_k`, `intent`, `exact`, `boost_files`, `recent_files`, `pinned_files`, `conversation_queries`, `overlay_files`, `file_preselect_limit`, `path_prefix`, `project_path`","type":"text"}],"is_error":true,"tool":"search"}
V18_JSON {"args":{"allow_query_network":true,"retrieval_strategy":"auto","task":"v18_query_bypass_context"},"content":[{"text":"failed to deserialize parameters: unknown field `allow_query_network`, expected one of `task`, `retrieval_strategy`, `max_symbols`, `include_source`, `intent`, `project_path`","type":"text"}],"is_error":true,"tool":"context"}
V18_JSON {"args":{"aspect":"capabilities"},"result":{"capabilities":{"graph":true,"impact":true,"search":true},"has_index":true,"has_project":true,"indexed_files":1,"indexed_symbols":2,"resolution_freshness":{"basis_epoch":null,"complete":true,"completed_files":0,"index_epoch":5,"reason":null,"retry":null,"root_count":0,"scope":"observed_resolution_invalidations","status":"ready"},"retrieval":{"consistency":"point_in_time","default_effective_strategy":"auto","default_query_state":"available_with_per_query_checks","default_strategy":"auto","dense_desired":2,"dense_published":2,"dense_reason":null,"dense_state":"ready","diagnostic_sources":{"build":"BuildExplain on index response","graph":"GraphExplain on query response","lanes":"evidence_summary.retrieval.lanes or lane_receipts","packing":"evidence_summary.packing","selection":"evidence_summary.selection","semantic":"evidence_summary.retrieval.semantic (dense lane receipt projection)","source":"evidence_summary.source_freshness"},"execution":{"async_admitted":0,"async_in_flight":0,"async_limit":8,"completed":0,"cpu_admitted":0,"cpu_in_flight":0,"cpu_limit":4,"queue_limit":32,"rejected":0},"execution_scope":"process_shared_not_project_local","generation":{"evidence_epoch":1,"incarnation":[31,87,35,134,95,77,51,223,203,248,100,113,108,160,134,45],"index_epoch":5,"semantic_epoch":3},"generation_scope":"observed_database_snapshot","identity_validation":"checked_at_observation_boundary","index_state":"available","local_state":"available","pin_scope":"owned_query_views_including_inflight_clones_not_request_count","query_coverage":{"scope":"per_query_not_global","state":"not_measured"},"query_encoding":{"configured_opt_in":false,"network_authorized":false,"reason":"query_network_opt_in_required","request_scope":"nonlocal_nonempty_only"},"query_pins":0,"resolution_freshness":{"basis_epoch":null,"complete":true,"completed_files":0,"index_epoch":5,"reason":null,"retry":null,"root_count":0,"scope":"observed_resolution_invalidations","status":"ready"},"semantic_active_space":"2eac300964ae66ba95651ecaa7c7c6aafb0c9aecbd8a130cfc50c030cd8688d4","semantic_failed":0,"semantic_pending":0,"semantic_state":"ready","service_state_scope":"process_observed_separately","spec":"retrieval-capabilities-v2"}},"tool":"status"}
V18_JSON {"document_http_calls":2,"only_loopback":true,"query_http_calls":0,"real_credentials":false,"requests":[{"encoding_format":"float","input":["CODECORTEX_EMBED_V1\nmetadata: {\"language\":\"python\",\"metadata_truncated\":false,\"parent\":\"needle\",\"path\":\"needle.py\",\"signature\":\"def needle():\\n    \",\"source_span\":{\"end\":28,\"start\":0}}\nsource:\ndef needle():\n    return 731"],"model":"synthetic-v18-contract"},{"encoding_format":"float","input":["CODECORTEX_EMBED_V1\nmetadata: {\"language\":\"python\",\"metadata_truncated\":false,\"parent\":\"neighbor\",\"path\":\"needle.py\",\"signature\":\"def neighbor():\\n    \",\"source_span\":{\"end\":66,\"start\":28}}\nsource:\n\n\ndef neighbor():\n    return needle()\n"],"model":"synthetic-v18-contract"}],"synthetic_vectors":true}
[2m2026-10-08T05:00:23.650896Z[0m [32m INFO[0m [1mserve_inner[0m[2m:[0m [2mrmcp::service[0m[2m:[0m input stream terminated
[2m2026-10-08T05:00:23.651045Z[0m [32m INFO[0m [1mserve_inner[0m[2m:[0m [2mrmcp::service[0m[2m:[0m serve finished [3mquit_reason[0m[2m=[0mClosed
[2m2026-10-08T05:00:23.651270Z[0m [32m INFO[0m [2mcc_server::mcp[0m[2m:[0m MCP server shut down gracefully
V18_JSON {"args":{"aspect":"capabilities"},"result":{"capabilities":{"graph":true,"impact":true,"search":true},"has_index":true,"has_project":true,"indexed_files":1,"indexed_symbols":2,"resolution_freshness":{"basis_epoch":null,"complete":true,"completed_files":0,"index_epoch":5,"reason":null,"retry":null,"root_count":0,"scope":"observed_resolution_invalidations","status":"ready"},"retrieval":{"consistency":"point_in_time","default_effective_strategy":"auto","default_query_state":"available_with_per_query_checks","default_strategy":"auto","dense_desired":2,"dense_published":2,"dense_reason":null,"dense_state":"ready","diagnostic_sources":{"build":"BuildExplain on index response","graph":"GraphExplain on query response","lanes":"evidence_summary.retrieval.lanes or lane_receipts","packing":"evidence_summary.packing","selection":"evidence_summary.selection","semantic":"evidence_summary.retrieval.semantic (dense lane receipt projection)","source":"evidence_summary.source_freshness"},"execution":{"async_admitted":0,"async_in_flight":0,"async_limit":8,"completed":0,"cpu_admitted":0,"cpu_in_flight":0,"cpu_limit":4,"queue_limit":32,"rejected":0},"execution_scope":"process_shared_not_project_local","generation":{"evidence_epoch":1,"incarnation":[149,185,75,39,179,176,249,49,77,18,56,81,117,91,180,103],"index_epoch":5,"semantic_epoch":3},"generation_scope":"observed_database_snapshot","identity_validation":"checked_at_observation_boundary","index_state":"available","local_state":"available","pin_scope":"owned_query_views_including_inflight_clones_not_request_count","query_coverage":{"scope":"per_query_not_global","state":"not_measured"},"query_encoding":{"configured_opt_in":true,"network_authorized":true,"reason":null,"request_scope":"nonlocal_nonempty_only"},"query_pins":1,"resolution_freshness":{"basis_epoch":null,"complete":true,"completed_files":0,"index_epoch":5,"reason":null,"retry":null,"root_count":0,"scope":"observed_resolution_invalidations","status":"ready"},"semantic_active_space":"2eac300964ae66ba95651ecaa7c7c6aafb0c9aecbd8a130cfc50c030cd8688d4","semantic_failed":0,"semantic_pending":0,"semantic_state":"ready","service_state_scope":"process_observed_separately","spec":"retrieval-capabilities-v2"}},"tool":"status"}
[2m2026-10-08T05:00:23.653708Z[0m [32m INFO[0m [2mcc_server::semantic_runtime[0m[2m:[0m semantic worker GC page completed [3mkept_fresh[0m[2m=[0m0 [3mkept_referenced[0m[2m=[0m2 [3mkept_live_task[0m[2m=[0m0 [3mdeleted_objects[0m[2m=[0m0 [3mdeleted_halves[0m[2m=[0m0 [3mdeleted_temps[0m[2m=[0m0 [3mpruned_dirs[0m[2m=[0m0 [3mexhausted[0m[2m=[0mtrue
V18_JSON {"args":{"aspect":"capabilities"},"result":{"capabilities":{"graph":true,"impact":true,"search":true},"has_index":true,"has_project":true,"indexed_files":1,"indexed_symbols":2,"resolution_freshness":{"basis_epoch":null,"complete":true,"completed_files":0,"index_epoch":5,"reason":null,"retry":null,"root_count":0,"scope":"observed_resolution_invalidations","status":"ready"},"retrieval":{"consistency":"point_in_time","default_effective_strategy":"auto","default_query_state":"available_with_per_query_checks","default_strategy":"auto","dense_desired":2,"dense_published":2,"dense_reason":null,"dense_state":"ready","diagnostic_sources":{"build":"BuildExplain on index response","graph":"GraphExplain on query response","lanes":"evidence_summary.retrieval.lanes or lane_receipts","packing":"evidence_summary.packing","selection":"evidence_summary.selection","semantic":"evidence_summary.retrieval.semantic (dense lane receipt projection)","source":"evidence_summary.source_freshness"},"execution":{"async_admitted":0,"async_in_flight":0,"async_limit":8,"completed":0,"cpu_admitted":0,"cpu_in_flight":0,"cpu_limit":4,"queue_limit":32,"rejected":0},"execution_scope":"process_shared_not_project_local","generation":{"evidence_epoch":1,"incarnation":[149,185,75,39,179,176,249,49,77,18,56,81,117,91,180,103],"index_epoch":5,"semantic_epoch":3},"generation_scope":"observed_database_snapshot","identity_validation":"checked_at_observation_boundary","index_state":"available","local_state":"available","pin_scope":"owned_query_views_including_inflight_clones_not_request_count","query_coverage":{"scope":"per_query_not_global","state":"not_measured"},"query_encoding":{"configured_opt_in":true,"network_authorized":true,"reason":null,"request_scope":"nonlocal_nonempty_only"},"query_pins":0,"resolution_freshness":{"basis_epoch":null,"complete":true,"completed_files":0,"index_epoch":5,"reason":null,"retry":null,"root_count":0,"scope":"observed_resolution_invalidations","status":"ready"},"semantic_active_space":"2eac300964ae66ba95651ecaa7c7c6aafb0c9aecbd8a130cfc50c030cd8688d4","semantic_failed":0,"semantic_pending":0,"semantic_state":"ready","service_state_scope":"process_observed_separately","spec":"retrieval-capabilities-v2"}},"tool":"status"}
[2m2026-10-08T05:00:23.660821Z[0m [32m INFO[0m [1mserve_inner[0m[2m:[0m [2mrmcp::service[0m[2m:[0m Service initialized as server [3mpeer_info[0m[2m=[0mSome(InitializeRequestParams { meta: None, protocol_version: ProtocolVersion("2025-11-25"), capabilities: ClientCapabilities { experimental: None, extensions: None, roots: None, sampling: None, elicitation: None, tasks: None }, client_info: Implementation { name: "rmcp", title: None, version: "2.2.0", description: None, icons: None, website_url: None } })
[2m2026-10-08T05:00:23.660898Z[0m [32m INFO[0m [2mcc_server::mcp[0m[2m:[0m MCP server started on stdio
[2m2026-10-08T05:00:23.661118Z[0m [32m INFO[0m [1mserve_inner[0m[2m:[0m [2mrmcp::service[0m[2m:[0m received notification [3mnotification[0m[2m=[0mInitializedNotification(NotificationNoParam { method: InitializedNotificationMethod, extensions: Extensions })
[2m2026-10-08T05:00:23.661437Z[0m [32m INFO[0m [1mserve_inner[0m[2m:[0m [2mrmcp::handler::server[0m[2m:[0m client initialized
[2m2026-10-08T05:00:23.661806Z[0m [32m INFO[0m [2mcc_index::memory_budget[0m[2m:[0m memory budget initialized [3mtotal_ram_mb[0m[2m=[0m15989 [3mbudget_mb[0m[2m=[0m7994 [3mfraction[0m[2m=[0m0.5
V18_JSON {"args":{"query":"v18_query_local_search","retrieval_strategy":"local"},"result":{"evidence_summary":{"files":[],"graph_enrichment":{"callees_added":0,"callers_added":0,"symbols_resolved":0,"tests_found":0},"packing":{"compacted":false,"configured_max_bytes":18000,"continuation":"Use files region/expand on retained references; recheck source version.","limit_bytes":16000,"omitted_hits":0,"omitted_nodes":0,"original_hits":0,"original_nodes":0,"partial":false,"spec":"whole-json-intent-facets-source-support-before-incidental-v5","token_estimate_method":"ceil(serialized_utf8_bytes/4); not a tokenizer","used_bytes":7710},"retrieval":{"cost":{"coverage":"originating query work; lexical FTS and hydration SQL here; grep stage SQL in grep.stages; excludes preselection/exact lookup/graph SQL, FTS internal work and storage I/O; not total cost or a hard limit","fused_candidates":0,"hydrate_requested":0,"hydration":{"sql":{"fullscan_steps":0,"rows":0,"sorts":0,"statements":0,"vm_steps":0},"text":{"cache_hits":0,"legacy_auto_reads":0,"storage_reads":0,"utf8_bytes":0,"zstd_decodes":0}},"lane_candidates":{"exact_symbol":0,"graph":0,"grep":0,"lexical":0,"path":0},"lexical_sql":{"fullscan_steps":0,"rows":0,"sorts":1,"statements":1,"vm_steps":17},"schema_version":1},"grep":{"fallback_scanned":0,"prefilter_failed":false,"prefilter_scanned":0,"reason":null,"scan_cap":20000,"scanned":2,"skipped_duplicates":2,"soft_scanned":2,"stages":[{"stage":"soft","work":{"sql":{"fullscan_steps":0,"rows":2,"sorts":0,"statements":1,"vm_steps":29},"text":{"cache_hits":0,"legacy_auto_reads":0,"storage_reads":2,"utf8_bytes":66,"zstd_decodes":0}}},{"stage":"prefilter","work":{"sql":{"fullscan_steps":0,"rows":0,"sorts":1,"statements":1,"vm_steps":14},"text":{"cache_hits":0,"legacy_auto_reads":0,"storage_reads":0,"utf8_bytes":0,"zstd_decodes":0}}},{"stage":"fallback","work":{"sql":{"fullscan_steps":1,"rows":2,"sorts":0,"statements":1,"vm_steps":23},"text":{"cache_hits":0,"legacy_auto_reads":0,"storage_reads":0,"utf8_bytes":0,"zstd_decodes":0}}}],"status":"complete"},"lanes":[{"candidate_count":0,"candidates":[],"coverage":{"complete":true,"examined":null,"scope":"hard_scope","total_lower_bound":0},"elapsed_us":123,"lane_id":"exact_symbol","schema_version":1,"status":"complete","truncation_reason":null,"weight":1.1},{"candidate_count":0,"candidates":[],"coverage":{"complete":true,"examined":null,"scope":"hard_scope","total_lower_bound":0},"elapsed_us":204,"lane_id":"path","schema_version":1,"status":"complete","truncation_reason":null,"weight":1.0},{"candidate_count":0,"candidates":[],"coverage":{"complete":true,"examined":null,"scope":"hard_scope","total_lower_bound":0},"elapsed_us":197,"lane_id":"lexical","schema_version":1,"status":"complete","truncation_reason":null,"weight":1.1},{"candidate_count":0,"candidates":[],"coverage":{"complete":true,"examined":2,"scope":"hard_scope","total_lower_bound":0},"elapsed_us":4975,"lane_id":"grep","schema_version":1,"status":"complete","truncation_reason":null,"weight":0.8},{"candidate_count":0,"candidates":[],"coverage":{"complete":true,"examined":null,"scope":"hard_scope","total_lower_bound":0},"elapsed_us":238,"lane_id":"graph","schema_version":1,"status":"complete","truncation_reason":null,"weight":0.6}],"policy":{"completeness":"all_executed_lane_limits_remain_visible; obligation_role_does_not_erase_partial","deadline_ms":30000,"effective":"local","graph_source_mapping":"uid_byte_declaration_document; complete_mapping_is_not_whole_symbol_body_coverage","intent":"locate","lane_timeout_ms":20000,"no_answer":"empty_partial_is_not_absence; no_semantic_absence_claim_from_weak_rank","obligations":[{"lane_id":"exact_symbol","role":"identity","timeout_ms":20000},{"lane_id":"path","role":"identity","timeout_ms":20000},{"lane_id":"lexical","role":"source","timeout_ms":20000},{"lane_id":"grep","role":"source","timeout_ms":20000},{"lane_id":"graph","role":"supporting","timeout_ms":20000}],"path_source_domain":"canonical_scoped_existing_path_docs; else_bounded_tokens; not_whole_file_coverage","requested":"local","semantic_state":"disabled","semantic_timeout_ms":5000,"semantic_top_k":24,"version":"query-policy-local-semantic-canonical-path-domain-v4"},"scope":{"budget":{"exact_symbol_candidates":24,"grep_candidates":12,"grep_enabled":true,"grep_scan_cap":20000,"lexical_candidates":24,"path_candidates":24,"rerank_window":40,"top_k":10,"units":"candidate limits count chunks; grep_scan_cap counts decompressions, not SQL work, total memory or time; cached diagnostics describe originating computation, not work repeated on a cache hit"},"hard":{"empty":false,"explicit_file_count":null,"languages":null,"path_prefix":null,"path_prefix_truncated":false,"semantics":"conjunctive_repository_relative_case_sensitive_components; empty means contradictory/explicit-empty constraint, not an inventory count"},"ordering":["exact-target first (identity tier, not an additive score)","rerank_score descending = sum(score_trace)","chunk_id ascending"],"policy":"canonical-scoped-exact-path-domain-compact-context-budget-v22","schema_version":1,"soft":{"contributions":"per-hit score_trace is the additive bill; stage_a_layer_scores explain its capped stage-a component and must not be added twice; raw hint and excluded paths omitted","hint_entries":{"overlay":0,"pinned":0,"recent":0,"working":0},"preselected_count":1,"role":"ranking_and_scan_priority_only"}}},"search_hits":0,"selection":{"facets":{},"input_candidates":0,"intent":"locate","intent_facet_anchors":{},"limit_omitted":0,"original_ranks":[],"overlap":{"fully_covered_candidates":0,"input_bytes":0,"redundant_bytes":0,"unique_bytes":0},"requested_limit":10,"selected":0,"selected_overlap":{"fully_covered_candidates":0,"input_bytes":0,"redundant_bytes":0,"unique_bytes":0},"source_covered_omissions":0,"source_support_anchors":[],"source_support_scope":"literal_program_cue_in_validated_twice_topk_window_only; not_global_uniqueness_or_exact_identity","spec":"anchored-facets-distinctive-source-union-v2","unmet_facets":[]},"source_freshness":{"budget_exhausted":false,"checked_files":0,"dense_manifest_fence":{"checked":0,"skip_disposition":"stale_publication_skipped","skipped":0},"generation":{"evidence_epoch":1,"incarnation":[149,185,75,39,179,176,249,49,77,18,56,81,117,91,180,103],"index_epoch":5,"semantic_epoch":3},"hydrator":"current-document-scope-source-generation-v1","omitted_files":{},"partial":false,"read_budget_charged":0,"scope":"bounded per-file disk verification and optimistic full read generation; not an atomic filesystem snapshot","validation_work":{"candidate_projection_sql":{"fullscan_steps":0,"rows":0,"sorts":0,"statements":0,"vm_steps":0},"coverage":"current final-assembly attempt SELECTs for manifest, symbol identity and candidate projection; excludes prior attempts, transaction control, originating retrieval, generation, dense fence, graph and disk work; not total cost","schema_version":1,"source_records_sql":{"fullscan_steps":0,"rows":0,"sorts":0,"statements":0,"vm_steps":0}},"verified_hits":0}},"intent":"locate","invalidations":[],"machine_pack":{"hits":[],"kind":"code_index_context","query":"v18_query_local_search","repo_size_tier":"Tiny","token_budget":4000,"top_k":10},"nodes":[],"query":"v18_query_local_search","reasons":["hybrid search over code index"],"rendered_prompt":"Task: code-index search\nIntent: locate\nQuery: v18_query_local_search\n\n","resolution_freshness":{"basis_epoch":null,"complete":true,"completed_files":0,"index_epoch":5,"reason":null,"retry":null,"root_count":0,"scope":"observed_resolution_invalidations","status":"ready"},"revision":0,"spans":[],"summary":"No indexed code results found for `v18_query_local_search`.","task":"v18_query_local_search","token_budget":4000,"token_estimate":1928},"tool":"search"}
[2m2026-10-08T05:00:23.677745Z[0m [33m WARN[0m [1mserve_inner[0m[2m:[0m [2mrmcp::service[0m[2m:[0m response error [3mid[0m[2m=[0m6 [3merror[0m[2m=[0mErrorData { code: ErrorCode(-32602), message: "retrieval_strategy must be local, auto, or semantic", data: None }
V18_JSON {"args":{"query":"v18_query_invalid_search","retrieval_strategy":"invalid"},"error_code":-32602,"message":"retrieval_strategy must be local, auto, or semantic","tool":"search"}
[2m2026-10-08T05:00:23.682701Z[0m [32m INFO[0m [2mcc_db::index_db_rebuild[0m[2m:[0m full rebuild: creating temp database [3mtmp[0m[2m=[0m/tmp/.tmpfhOBgv/project/.codecortex/index.sqlite3.tmp
test query_network_contract::mcp_input_cannot_enable_or_bypass_configuration_authority ... ok
V18_JSON {"args":{"retrieval_strategy":"local","task":"v18_query_local_context"},"result":{"evidence_summary":{"files":[],"graph_enrichment":{"callees_added":0,"callers_added":0,"symbols_resolved":0,"tests_found":0},"packing":{"compacted":false,"configured_max_bytes":18000,"continuation":"Use files region/expand on retained references; recheck source version.","limit_bytes":16000,"omitted_hits":0,"omitted_nodes":0,"original_hits":0,"original_nodes":0,"partial":false,"spec":"whole-json-intent-facets-source-support-before-incidental-v5","token_estimate_method":"ceil(serialized_utf8_bytes/4); not a tokenizer","used_bytes":7715},"retrieval":{"cost":{"coverage":"originating query work; lexical FTS and hydration SQL here; grep stage SQL in grep.stages; excludes preselection/exact lookup/graph SQL, FTS internal work and storage I/O; not total cost or a hard limit","fused_candidates":0,"hydrate_requested":0,"hydration":{"sql":{"fullscan_steps":0,"rows":0,"sorts":0,"statements":0,"vm_steps":0},"text":{"cache_hits":0,"legacy_auto_reads":0,"storage_reads":0,"utf8_bytes":0,"zstd_decodes":0}},"lane_candidates":{"exact_symbol":0,"graph":0,"grep":0,"lexical":0,"path":0},"lexical_sql":{"fullscan_steps":0,"rows":0,"sorts":1,"statements":1,"vm_steps":17},"schema_version":1},"grep":{"fallback_scanned":0,"prefilter_failed":false,"prefilter_scanned":0,"reason":null,"scan_cap":20000,"scanned":2,"skipped_duplicates":2,"soft_scanned":2,"stages":[{"stage":"soft","work":{"sql":{"fullscan_steps":0,"rows":2,"sorts":0,"statements":1,"vm_steps":29},"text":{"cache_hits":0,"legacy_auto_reads":0,"storage_reads":2,"utf8_bytes":66,"zstd_decodes":0}}},{"stage":"prefilter","work":{"sql":{"fullscan_steps":0,"rows":0,"sorts":1,"statements":1,"vm_steps":14},"text":{"cache_hits":0,"legacy_auto_reads":0,"storage_reads":0,"utf8_bytes":0,"zstd_decodes":0}}},{"stage":"fallback","work":{"sql":{"fullscan_steps":1,"rows":2,"sorts":0,"statements":1,"vm_steps":23},"text":{"cache_hits":0,"legacy_auto_reads":0,"storage_reads":0,"utf8_bytes":0,"zstd_decodes":0}}}],"status":"complete"},"lanes":[{"candidate_count":0,"candidates":[],"coverage":{"complete":true,"examined":null,"scope":"hard_scope","total_lower_bound":0},"elapsed_us":118,"lane_id":"exact_symbol","schema_version":1,"status":"complete","truncation_reason":null,"weight":1.1},{"candidate_count":0,"candidates":[],"coverage":{"complete":true,"examined":null,"scope":"hard_scope","total_lower_bound":0},"elapsed_us":198,"lane_id":"path","schema_version":1,"status":"complete","truncation_reason":null,"weight":1.0},{"candidate_count":0,"candidates":[],"coverage":{"complete":true,"examined":null,"scope":"hard_scope","total_lower_bound":0},"elapsed_us":269,"lane_id":"lexical","schema_version":1,"status":"complete","truncation_reason":null,"weight":1.1},{"candidate_count":0,"candidates":[],"coverage":{"complete":true,"examined":2,"scope":"hard_scope","total_lower_bound":0},"elapsed_us":4173,"lane_id":"grep","schema_version":1,"status":"complete","truncation_reason":null,"weight":0.8},{"candidate_count":0,"candidates":[],"coverage":{"complete":true,"examined":null,"scope":"hard_scope","total_lower_bound":0},"elapsed_us":218,"lane_id":"graph","schema_version":1,"status":"complete","truncation_reason":null,"weight":0.6}],"policy":{"completeness":"all_executed_lane_limits_remain_visible; obligation_role_does_not_erase_partial","deadline_ms":30000,"effective":"local","graph_source_mapping":"uid_byte_declaration_document; complete_mapping_is_not_whole_symbol_body_coverage","intent":"locate","lane_timeout_ms":20000,"no_answer":"empty_partial_is_not_absence; no_semantic_absence_claim_from_weak_rank","obligations":[{"lane_id":"exact_symbol","role":"identity","timeout_ms":20000},{"lane_id":"path","role":"identity","timeout_ms":20000},{"lane_id":"lexical","role":"source","timeout_ms":20000},{"lane_id":"grep","role":"source","timeout_ms":20000},{"lane_id":"graph","role":"supporting","timeout_ms":20000}],"path_source_domain":"canonical_scoped_existing_path_docs; else_bounded_tokens; not_whole_file_coverage","requested":"local","semantic_state":"disabled","semantic_timeout_ms":5000,"semantic_top_k":24,"version":"query-policy-local-semantic-canonical-path-domain-v4"},"scope":{"budget":{"exact_symbol_candidates":24,"grep_candidates":12,"grep_enabled":true,"grep_scan_cap":20000,"lexical_candidates":24,"path_candidates":24,"rerank_window":40,"top_k":10,"units":"candidate limits count chunks; grep_scan_cap counts decompressions, not SQL work, total memory or time; cached diagnostics describe originating computation, not work repeated on a cache hit"},"hard":{"empty":false,"explicit_file_count":null,"languages":null,"path_prefix":null,"path_prefix_truncated":false,"semantics":"conjunctive_repository_relative_case_sensitive_components; empty means contradictory/explicit-empty constraint, not an inventory count"},"ordering":["exact-target first (identity tier, not an additive score)","rerank_score descending = sum(score_trace)","chunk_id ascending"],"policy":"canonical-scoped-exact-path-domain-compact-context-budget-v22","schema_version":1,"soft":{"contributions":"per-hit score_trace is the additive bill; stage_a_layer_scores explain its capped stage-a component and must not be added twice; raw hint and excluded paths omitted","hint_entries":{"overlay":0,"pinned":0,"recent":0,"working":0},"preselected_count":1,"role":"ranking_and_scan_priority_only"}}},"search_hits":0,"selection":{"facets":{},"input_candidates":0,"intent":"locate","intent_facet_anchors":{},"limit_omitted":0,"original_ranks":[],"overlap":{"fully_covered_candidates":0,"input_bytes":0,"redundant_bytes":0,"unique_bytes":0},"requested_limit":10,"selected":0,"selected_overlap":{"fully_covered_candidates":0,"input_bytes":0,"redundant_bytes":0,"unique_bytes":0},"source_covered_omissions":0,"source_support_anchors":[],"source_support_scope":"literal_program_cue_in_validated_twice_topk_window_only; not_global_uniqueness_or_exact_identity","spec":"anchored-facets-distinctive-source-union-v2","unmet_facets":[]},"source_freshness":{"budget_exhausted":false,"checked_files":0,"dense_manifest_fence":{"checked":0,"skip_disposition":"stale_publication_skipped","skipped":0},"generation":{"evidence_epoch":1,"incarnation":[149,185,75,39,179,176,249,49,77,18,56,81,117,91,180,103],"index_epoch":5,"semantic_epoch":3},"hydrator":"current-document-scope-source-generation-v1","omitted_files":{},"partial":false,"read_budget_charged":0,"scope":"bounded per-file disk verification and optimistic full read generation; not an atomic filesystem snapshot","validation_work":{"candidate_projection_sql":{"fullscan_steps":0,"rows":0,"sorts":0,"statements":0,"vm_steps":0},"coverage":"current final-assembly attempt SELECTs for manifest, symbol identity and candidate projection; excludes prior attempts, transaction control, originating retrieval, generation, dense fence, graph and disk work; not total cost","schema_version":1,"source_records_sql":{"fullscan_steps":0,"rows":0,"sorts":0,"statements":0,"vm_steps":0}},"verified_hits":0}},"intent":"locate","invalidations":[],"machine_pack":{"hits":[],"kind":"code_index_context","query":"v18_query_local_context","repo_size_tier":"Tiny","token_budget":4000,"top_k":10},"nodes":[],"query":"v18_query_local_context","reasons":["hybrid search over code index"],"rendered_prompt":"Task: code-index search\nIntent: locate\nQuery: v18_query_local_context\n\n","resolution_freshness":{"basis_epoch":null,"complete":true,"completed_files":0,"index_epoch":5,"reason":null,"retry":null,"root_count":0,"scope":"observed_resolution_invalidations","status":"ready"},"revision":0,"spans":[],"summary":"No indexed code results found for `v18_query_local_context`.","task":"v18_query_local_context","token_budget":4000,"token_estimate":1929},"tool":"context"}
[2m2026-10-08T05:00:23.694872Z[0m [33m WARN[0m [1mserve_inner[0m[2m:[0m [2mrmcp::service[0m[2m:[0m response error [3mid[0m[2m=[0m8 [3merror[0m[2m=[0mErrorData { code: ErrorCode(-32602), message: "retrieval_strategy must be local, auto, or semantic", data: None }
V18_JSON {"args":{"retrieval_strategy":"invalid","task":"v18_query_invalid_context"},"error_code":-32602,"message":"retrieval_strategy must be local, auto, or semantic","tool":"context"}
[2m2026-10-08T05:00:23.702126Z[0m [32m INFO[0m [2mcc_db::index_db_rebuild[0m[2m:[0m full rebuild: creating temp database [3mtmp[0m[2m=[0m/tmp/.tmpxWhfEW/project/.codecortex/index.sqlite3.tmp
V18_JSON {"args":{"path_prefix":"absent/","query":"v18_query_empty_scope","retrieval_strategy":"semantic"},"result":{"evidence_summary":{"files":[],"graph_enrichment":{"callees_added":0,"callers_added":0,"symbols_resolved":0,"tests_found":0},"packing":{"compacted":false,"configured_max_bytes":18000,"continuation":"Use files region/expand on retained references; recheck source version.","limit_bytes":16000,"omitted_hits":0,"omitted_nodes":0,"original_hits":0,"original_nodes":0,"partial":false,"spec":"whole-json-intent-facets-source-support-before-incidental-v5","token_estimate_method":"ceil(serialized_utf8_bytes/4); not a tokenizer","used_bytes":7840},"retrieval":{"cost":{"coverage":"originating query work; lexical FTS and hydration SQL here; grep stage SQL in grep.stages; excludes preselection/exact lookup/graph SQL, FTS internal work and storage I/O; not total cost or a hard limit","fused_candidates":0,"hydrate_requested":0,"hydration":{"sql":{"fullscan_steps":0,"rows":0,"sorts":0,"statements":0,"vm_steps":0},"text":{"cache_hits":0,"legacy_auto_reads":0,"storage_reads":0,"utf8_bytes":0,"zstd_decodes":0}},"lane_candidates":{"exact_symbol":0,"graph":0,"grep":0,"lexical":0,"path":0,"semantic":0},"lexical_sql":{"fullscan_steps":0,"rows":0,"sorts":1,"statements":1,"vm_steps":20},"schema_version":1},"grep":{"fallback_scanned":0,"prefilter_failed":false,"prefilter_scanned":0,"reason":null,"scan_cap":20000,"scanned":0,"skipped_duplicates":0,"soft_scanned":0,"stages":[{"stage":"prefilter","work":{"sql":{"fullscan_steps":0,"rows":0,"sorts":1,"statements":1,"vm_steps":17},"text":{"cache_hits":0,"legacy_auto_reads":0,"storage_reads":0,"utf8_bytes":0,"zstd_decodes":0}}},{"stage":"fallback","work":{"sql":{"fullscan_steps":1,"rows":0,"sorts":0,"statements":1,"vm_steps":24},"text":{"cache_hits":0,"legacy_auto_reads":0,"storage_reads":0,"utf8_bytes":0,"zstd_decodes":0}}}],"status":"complete"},"lanes":[{"candidate_count":0,"candidates":[],"coverage":{"complete":true,"examined":null,"scope":"hard_scope","total_lower_bound":0},"elapsed_us":1530,"lane_id":"exact_symbol","schema_version":1,"status":"complete","truncation_reason":null,"weight":1.1},{"candidate_count":0,"candidates":[],"coverage":{"complete":true,"examined":null,"scope":"hard_scope","total_lower_bound":0},"elapsed_us":261,"lane_id":"path","schema_version":1,"status":"complete","truncation_reason":null,"weight":1.0},{"candidate_count":0,"candidates":[],"coverage":{"complete":true,"examined":null,"scope":"hard_scope","total_lower_bound":0},"elapsed_us":178,"lane_id":"lexical","schema_version":1,"status":"complete","truncation_reason":null,"weight":1.1},{"candidate_count":0,"candidates":[],"coverage":{"complete":true,"examined":0,"scope":"hard_scope","total_lower_bound":0},"elapsed_us":4439,"lane_id":"grep","schema_version":1,"status":"complete","truncation_reason":null,"weight":0.8},{"candidate_count":0,"candidates":[],"coverage":{"complete":true,"examined":null,"scope":"hard_scope","total_lower_bound":0},"elapsed_us":324,"lane_id":"graph","schema_version":1,"status":"complete","truncation_reason":null,"weight":0.6},{"candidate_count":0,"candidates":[],"coverage":{"complete":true,"examined":null,"scope":"hard_scope","total_lower_bound":0},"elapsed_us":236,"lane_id":"semantic","schema_version":1,"status":"complete","truncation_reason":null,"weight":1.0}],"policy":{"completeness":"all_executed_lane_limits_remain_visible; obligation_role_does_not_erase_partial","deadline_ms":30000,"effective":"semantic","graph_source_mapping":"uid_byte_declaration_document; complete_mapping_is_not_whole_symbol_body_coverage","intent":"locate","lane_timeout_ms":20000,"no_answer":"empty_partial_is_not_absence; no_semantic_absence_claim_from_weak_rank","obligations":[{"lane_id":"exact_symbol","role":"identity","timeout_ms":20000},{"lane_id":"path","role":"identity","timeout_ms":20000},{"lane_id":"lexical","role":"source","timeout_ms":20000},{"lane_id":"grep","role":"source","timeout_ms":20000},{"lane_id":"graph","role":"supporting","timeout_ms":20000},{"lane_id":"semantic","role":"optional_recall","timeout_ms":5000}],"path_source_domain":"canonical_scoped_existing_path_docs; else_bounded_tokens; not_whole_file_coverage","requested":"semantic","semantic_state":"configured","semantic_timeout_ms":5000,"semantic_top_k":24,"version":"query-policy-local-semantic-canonical-path-domain-v4"},"scope":{"budget":{"exact_symbol_candidates":24,"grep_candidates":12,"grep_enabled":true,"grep_scan_cap":20000,"lexical_candidates":24,"path_candidates":24,"rerank_window":40,"top_k":10,"units":"candidate limits count chunks; grep_scan_cap counts decompressions, not SQL work, total memory or time; cached diagnostics describe originating computation, not work repeated on a cache hit"},"hard":{"empty":false,"explicit_file_count":null,"languages":null,"path_prefix":"absent","path_prefix_truncated":false,"semantics":"conjunctive_repository_relative_case_sensitive_components; empty means contradictory/explicit-empty constraint, not an inventory count"},"ordering":["exact-target first (identity tier, not an additive score)","rerank_score descending = sum(score_trace)","chunk_id ascending"],"policy":"canonical-scoped-exact-path-domain-compact-context-budget-v22","schema_version":1,"soft":{"contributions":"per-hit score_trace is the additive bill; stage_a_layer_scores explain its capped stage-a component and must not be added twice; raw hint and excluded paths omitted","hint_entries":{"overlay":0,"pinned":0,"recent":0,"working":0},"preselected_count":0,"role":"ranking_and_scan_priority_only"}}},"search_hits":0,"selection":{"facets":{},"input_candidates":0,"intent":"locate","intent_facet_anchors":{},"limit_omitted":0,"original_ranks":[],"overlap":{"fully_covered_candidates":0,"input_bytes":0,"redundant_bytes":0,"unique_bytes":0},"requested_limit":10,"selected":0,"selected_overlap":{"fully_covered_candidates":0,"input_bytes":0,"redundant_bytes":0,"unique_bytes":0},"source_covered_omissions":0,"source_support_anchors":[],"source_support_scope":"literal_program_cue_in_validated_twice_topk_window_only; not_global_uniqueness_or_exact_identity","spec":"anchored-facets-distinctive-source-union-v2","unmet_facets":[]},"source_freshness":{"budget_exhausted":false,"checked_files":0,"dense_manifest_fence":{"checked":0,"skip_disposition":"stale_publication_skipped","skipped":0},"generation":{"evidence_epoch":1,"incarnation":[149,185,75,39,179,176,249,49,77,18,56,81,117,91,180,103],"index_epoch":5,"semantic_epoch":3},"hydrator":"current-document-scope-source-generation-v1","omitted_files":{},"partial":false,"read_budget_charged":0,"scope":"bounded per-file disk verification and optimistic full read generation; not an atomic filesystem snapshot","validation_work":{"candidate_projection_sql":{"fullscan_steps":0,"rows":0,"sorts":0,"statements":0,"vm_steps":0},"coverage":"current final-assembly attempt SELECTs for manifest, symbol identity and candidate projection; excludes prior attempts, transaction control, originating retrieval, generation, dense fence, graph and disk work; not total cost","schema_version":1,"source_records_sql":{"fullscan_steps":0,"rows":0,"sorts":0,"statements":0,"vm_steps":0}},"verified_hits":0}},"intent":"locate","invalidations":[],"machine_pack":{"hits":[],"kind":"code_index_context","query":"v18_query_empty_scope","repo_size_tier":"Tiny","token_budget":4000,"top_k":10},"nodes":[],"query":"v18_query_empty_scope","reasons":["hybrid search over code index"],"rendered_prompt":"Task: code-index search\nIntent: locate\nQuery: v18_query_empty_scope\n\n","resolution_freshness":{"basis_epoch":null,"complete":true,"completed_files":0,"index_epoch":5,"reason":null,"retry":null,"root_count":0,"scope":"observed_resolution_invalidations","status":"ready"},"revision":0,"spans":[],"summary":"No indexed code results found for `v18_query_empty_scope`.","task":"v18_query_empty_scope","token_budget":4000,"token_estimate":1960},"tool":"search"}
V18_JSON {"document_http_calls":2,"only_loopback":true,"query_http_calls":0,"real_credentials":false,"requests":[{"encoding_format":"float","input":["CODECORTEX_EMBED_V1\nmetadata: {\"language\":\"python\",\"metadata_truncated\":false,\"parent\":\"needle\",\"path\":\"needle.py\",\"signature\":\"def needle():\\n    \",\"source_span\":{\"end\":28,\"start\":0}}\nsource:\ndef needle():\n    return 731"],"model":"synthetic-v18-contract"},{"encoding_format":"float","input":["CODECORTEX_EMBED_V1\nmetadata: {\"language\":\"python\",\"metadata_truncated\":false,\"parent\":\"neighbor\",\"path\":\"needle.py\",\"signature\":\"def neighbor():\\n    \",\"source_span\":{\"end\":66,\"start\":28}}\nsource:\n\n\ndef neighbor():\n    return needle()\n"],"model":"synthetic-v18-contract"}],"synthetic_vectors":true}
[2m2026-10-08T05:00:23.708807Z[0m [32m INFO[0m [1mserve_inner[0m[2m:[0m [2mrmcp::service[0m[2m:[0m input stream terminated
[2m2026-10-08T05:00:23.708870Z[0m [32m INFO[0m [1mserve_inner[0m[2m:[0m [2mrmcp::service[0m[2m:[0m serve finished [3mquit_reason[0m[2m=[0mClosed
[2m2026-10-08T05:00:23.709023Z[0m [32m INFO[0m [2mcc_server::mcp[0m[2m:[0m MCP server shut down gracefully
[2m2026-10-08T05:00:23.757699Z[0m [32m INFO[0m [2mcc_db::index_migrate[0m[2m:[0m initializing index schema [3mversion[0m[2m=[0m25
[2m2026-10-08T05:00:23.778651Z[0m [32m INFO[0m [1mserve_inner[0m[2m:[0m [2mrmcp::service[0m[2m:[0m Service initialized as server [3mpeer_info[0m[2m=[0mSome(InitializeRequestParams { meta: None, protocol_version: ProtocolVersion("2025-11-25"), capabilities: ClientCapabilities { experimental: None, extensions: None, roots: None, sampling: None, elicitation: None, tasks: None }, client_info: Implementation { name: "rmcp", title: None, version: "2.2.0", description: None, icons: None, website_url: None } })
[2m2026-10-08T05:00:23.779067Z[0m [32m INFO[0m [2mcc_server::mcp[0m[2m:[0m MCP server started on stdio
[2m2026-10-08T05:00:23.779324Z[0m [32m INFO[0m [1mserve_inner[0m[2m:[0m [2mrmcp::service[0m[2m:[0m received notification [3mnotification[0m[2m=[0mInitializedNotification(NotificationNoParam { method: InitializedNotificationMethod, extensions: Extensions })
[2m2026-10-08T05:00:23.779590Z[0m [32m INFO[0m [1mserve_inner[0m[2m:[0m [2mrmcp::handler::server[0m[2m:[0m client initialized
[2m2026-10-08T05:00:23.780123Z[0m [32m INFO[0m [2mcc_index::memory_budget[0m[2m:[0m memory budget initialized [3mtotal_ram_mb[0m[2m=[0m15989 [3mbudget_mb[0m[2m=[0m7994 [3mfraction[0m[2m=[0m0.5
[2m2026-10-08T05:00:23.790842Z[0m [32m INFO[0m [2mcc_db::index_db_rebuild[0m[2m:[0m full rebuild: writing data to temp database
[2m2026-10-08T05:00:23.794374Z[0m [32m INFO[0m [2mcc_db::index_db_rebuild[0m[2m:[0m full rebuild: recreating indexes
[2m2026-10-08T05:00:23.813399Z[0m [32m INFO[0m [2mcc_db::index_db_rebuild[0m[2m:[0m full rebuild: creating temp database [3mtmp[0m[2m=[0m/tmp/.tmp9iwQIr/project/.codecortex/index.sqlite3.tmp
[2m2026-10-08T05:00:23.834618Z[0m [32m INFO[0m [2mcc_db::index_db_rebuild[0m[2m:[0m full rebuild: temp database ready for swap
[2m2026-10-08T05:00:23.834798Z[0m [32m INFO[0m [2mcc_index::memory_budget[0m[2m:[0m memory budget initialized [3mtotal_ram_mb[0m[2m=[0m15989 [3mbudget_mb[0m[2m=[0m7994 [3mfraction[0m[2m=[0m0.5
[2m2026-10-08T05:00:23.836632Z[0m [32m INFO[0m [2mcc_db::index_db_rebuild[0m[2m:[0m full rebuild: writing data to temp database
[2m2026-10-08T05:00:23.843043Z[0m [32m INFO[0m [2mcc_db::index_db_rebuild[0m[2m:[0m full rebuild: recreating indexes
[2m2026-10-08T05:00:23.863608Z[0m [32m INFO[0m [2mcc_index::memory_budget[0m[2m:[0m memory budget initialized [3mtotal_ram_mb[0m[2m=[0m15989 [3mbudget_mb[0m[2m=[0m7994 [3mfraction[0m[2m=[0m0.5
[2m2026-10-08T05:00:23.867854Z[0m [32m INFO[0m [2mcc_index::memory_budget[0m[2m:[0m memory budget initialized [3mtotal_ram_mb[0m[2m=[0m15989 [3mbudget_mb[0m[2m=[0m7994 [3mfraction[0m[2m=[0m0.5
[2m2026-10-08T05:00:23.869400Z[0m [32m INFO[0m [2mcc_db::index_db_rebuild[0m[2m:[0m full rebuild: temp database ready for swap
[2m2026-10-08T05:00:23.869543Z[0m [32m INFO[0m [2mcc_index::memory_budget[0m[2m:[0m memory budget initialized [3mtotal_ram_mb[0m[2m=[0m15989 [3mbudget_mb[0m[2m=[0m7994 [3mfraction[0m[2m=[0m0.5
V18_JSON {"args":{"full":true,"path":"/tmp/.tmpfhOBgv/project"},"result":{"build_explain":{"gate_decisions":[{"pass":"synthesis_round","reason":"both signatures changed","run":true},{"pass":"community","reason":"full rebuild","run":true},{"pass":"git_cochange","reason":"cache key unavailable","run":true},{"pass":"infra","reason":"signature algorithm changed","run":true},{"pass":"adr","reason":"no recorded signature","run":true}]},"chunk_policy":{"bytes":16384,"chars":16384,"estimated_tokens":4096,"lines":80,"merge_min_bytes":256},"chunks_total":2,"dirty_plan":{"dependency_sql":{"fullscan_steps":0,"rows":0,"sorts":0,"statements":0,"vm_steps":0},"file_budget":0,"parsed_files":1,"reasons":[],"rebased":false,"resumed":false,"selected_dependents":0},"document_changes":{"files_projected":1,"removed":0,"render_failed":0,"reusable_inputs":0,"unchanged":0,"upserted":2},"elapsed_ms":229,"files_added":1,"files_parsed":1,"files_removed":0,"files_scanned":1,"files_skipped":0,"files_updated":0,"parse_errors":[],"phase_timing":{"analysis_ms":3,"parse_ms":37,"postprocess_ms":0,"resolve_ms":0,"scan_diff_ms":5,"write_ms":28},"project_model":{"catalog_files":1,"changed_configs":[],"config_inputs":0,"config_parse_cache_hits":0,"config_reads":0,"config_root_probes":5,"config_roots":0,"diagnostics":[],"go_fact_cache_hits":0,"go_source_reads":0,"input_digest":"6608a5a5cd33639a82b1be8d943f3148241d6520b8e0d9930909feaaf0ec5b8c","inventory_source":"shared_walk","modes":[],"rust_fact_cache_hits":0,"rust_source_reads":0,"version":3},"public_surface_coverage":{"known":1,"known_empty":0,"parsed_files":1,"unknown":0,"unknown_reasons":{}},"resolution_coverage":{"ambiguous":0,"incomplete_files":0,"modules_ambiguous":0,"modules_external":0,"modules_resolved":0,"modules_unknown":0,"modules_unresolved":0,"modules_unsupported":0,"omitted_records":0,"packages_resolved":0,"processed_files":1,"resolved":2,"unresolved":0,"unsupported":0},"resolution_freshness":{"basis_epoch":null,"complete":true,"completed_files":0,"index_epoch":5,"reason":null,"retry":null,"root_count":0,"scope":"observed_resolution_invalidations","status":"ready"},"symbols_total":2,"used_parallel_parse":false},"tool":"index"}
V18_JSON {"args":{"aspect":"capabilities"},"result":{"capabilities":{"graph":true,"impact":true,"search":true},"has_index":true,"has_project":true,"indexed_files":1,"indexed_symbols":2,"resolution_freshness":{"basis_epoch":null,"complete":true,"completed_files":0,"index_epoch":5,"reason":null,"retry":null,"root_count":0,"scope":"observed_resolution_invalidations","status":"ready"},"retrieval":{"consistency":"point_in_time","default_effective_strategy":"auto","default_query_state":"available_with_per_query_checks","default_strategy":"auto","dense_reason":"semantic_no_active_space","dense_state":"disabled","diagnostic_sources":{"build":"BuildExplain on index response","graph":"GraphExplain on query response","lanes":"evidence_summary.retrieval.lanes or lane_receipts","packing":"evidence_summary.packing","selection":"evidence_summary.selection","semantic":"evidence_summary.retrieval.semantic (dense lane receipt projection)","source":"evidence_summary.source_freshness"},"execution":{"async_admitted":0,"async_in_flight":0,"async_limit":8,"completed":0,"cpu_admitted":0,"cpu_in_flight":0,"cpu_limit":4,"queue_limit":32,"rejected":0},"execution_scope":"process_shared_not_project_local","generation":{"evidence_epoch":1,"incarnation":[90,107,137,204,173,126,80,152,147,171,65,60,216,57,20,91],"index_epoch":5,"semantic_epoch":null},"generation_scope":"observed_database_snapshot","identity_validation":"checked_at_observation_boundary","index_state":"available","local_state":"available","pin_scope":"owned_query_views_including_inflight_clones_not_request_count","query_coverage":{"scope":"per_query_not_global","state":"not_measured"},"query_encoding":{"configured_opt_in":true,"network_authorized":false,"reason":"network_opt_in_required","request_scope":"nonlocal_nonempty_only"},"query_pins":0,"resolution_freshness":{"basis_epoch":null,"complete":true,"completed_files":0,"index_epoch":5,"reason":null,"retry":null,"root_count":0,"scope":"observed_resolution_invalidations","status":"ready"},"semantic_active_space":null,"semantic_state":"port_attached_unverified","service_state_scope":"process_observed_separately","spec":"retrieval-capabilities-v2"}},"tool":"status"}
V18_JSON {"args":{"query":"v18_query_gate_network_off_search","retrieval_strategy":"auto"},"result":{"evidence_summary":{"files":[],"graph_enrichment":{"callees_added":0,"callers_added":0,"symbols_resolved":0,"tests_found":0},"packing":{"compacted":false,"configured_max_bytes":18000,"continuation":"Use files region/expand on retained references; recheck source version.","limit_bytes":16000,"omitted_hits":0,"omitted_nodes":0,"original_hits":0,"original_nodes":0,"partial":false,"spec":"whole-json-intent-facets-source-support-before-incidental-v5","token_estimate_method":"ceil(serialized_utf8_bytes/4); not a tokenizer","used_bytes":8150},"retrieval":{"cost":{"coverage":"originating query work; lexical FTS and hydration SQL here; grep stage SQL in grep.stages; excludes preselection/exact lookup/graph SQL, FTS internal work and storage I/O; not total cost or a hard limit","fused_candidates":0,"hydrate_requested":0,"hydration":{"sql":{"fullscan_steps":0,"rows":0,"sorts":0,"statements":0,"vm_steps":0},"text":{"cache_hits":0,"legacy_auto_reads":0,"storage_reads":0,"utf8_bytes":0,"zstd_decodes":0}},"lane_candidates":{"exact_symbol":0,"graph":0,"grep":0,"lexical":0,"path":0,"semantic":0},"lexical_sql":{"fullscan_steps":0,"rows":0,"sorts":1,"statements":1,"vm_steps":17},"schema_version":1},"grep":{"fallback_scanned":0,"prefilter_failed":false,"prefilter_scanned":0,"reason":null,"scan_cap":20000,"scanned":2,"skipped_duplicates":2,"soft_scanned":2,"stages":[{"stage":"soft","work":{"sql":{"fullscan_steps":0,"rows":2,"sorts":0,"statements":1,"vm_steps":29},"text":{"cache_hits":0,"legacy_auto_reads":0,"storage_reads":2,"utf8_bytes":66,"zstd_decodes":0}}},{"stage":"prefilter","work":{"sql":{"fullscan_steps":0,"rows":0,"sorts":1,"statements":1,"vm_steps":14},"text":{"cache_hits":0,"legacy_auto_reads":0,"storage_reads":0,"utf8_bytes":0,"zstd_decodes":0}}},{"stage":"fallback","work":{"sql":{"fullscan_steps":1,"rows":2,"sorts":0,"statements":1,"vm_steps":23},"text":{"cache_hits":0,"legacy_auto_reads":0,"storage_reads":0,"utf8_bytes":0,"zstd_decodes":0}}}],"status":"complete"},"lanes":[{"candidate_count":0,"candidates":[],"coverage":{"complete":true,"examined":null,"scope":"hard_scope","total_lower_bound":0},"elapsed_us":213,"lane_id":"exact_symbol","schema_version":1,"status":"complete","truncation_reason":null,"weight":1.1},{"candidate_count":0,"candidates":[],"coverage":{"complete":true,"examined":null,"scope":"hard_scope","total_lower_bound":0},"elapsed_us":496,"lane_id":"path","schema_version":1,"status":"complete","truncation_reason":null,"weight":1.0},{"candidate_count":0,"candidates":[],"coverage":{"complete":true,"examined":null,"scope":"hard_scope","total_lower_bound":0},"elapsed_us":368,"lane_id":"lexical","schema_version":1,"status":"complete","truncation_reason":null,"weight":1.1},{"candidate_count":0,"candidates":[],"coverage":{"complete":true,"examined":2,"scope":"hard_scope","total_lower_bound":0},"elapsed_us":1729,"lane_id":"grep","schema_version":1,"status":"complete","truncation_reason":null,"weight":0.8},{"candidate_count":0,"candidates":[],"coverage":{"complete":true,"examined":null,"scope":"hard_scope","total_lower_bound":0},"elapsed_us":345,"lane_id":"graph","schema_version":1,"status":"complete","truncation_reason":null,"weight":0.6},{"candidate_count":0,"candidates":[],"coverage":{"complete":false,"examined":null,"scope":"hard_scope","total_lower_bound":0},"elapsed_us":194,"lane_id":"semantic","schema_version":1,"status":"unavailable","truncation_reason":"query_vector_not_encoded","weight":1.0}],"policy":{"completeness":"all_executed_lane_limits_remain_visible; obligation_role_does_not_erase_partial","deadline_ms":30000,"effective":"auto","graph_source_mapping":"uid_byte_declaration_document; complete_mapping_is_not_whole_symbol_body_coverage","intent":"locate","lane_timeout_ms":20000,"no_answer":"empty_partial_is_not_absence; no_semantic_absence_claim_from_weak_rank","obligations":[{"lane_id":"exact_symbol","role":"identity","timeout_ms":20000},{"lane_id":"path","role":"identity","timeout_ms":20000},{"lane_id":"lexical","role":"source","timeout_ms":20000},{"lane_id":"grep","role":"source","timeout_ms":20000},{"lane_id":"graph","role":"supporting","timeout_ms":20000},{"lane_id":"semantic","role":"optional_recall","timeout_ms":5000}],"path_source_domain":"canonical_scoped_existing_path_docs; else_bounded_tokens; not_whole_file_coverage","requested":"auto","semantic_state":"configured","semantic_timeout_ms":5000,"semantic_top_k":24,"version":"query-policy-local-semantic-canonical-path-domain-v4"},"scope":{"budget":{"exact_symbol_candidates":24,"grep_candidates":12,"grep_enabled":true,"grep_scan_cap":20000,"lexical_candidates":24,"path_candidates":24,"rerank_window":40,"top_k":10,"units":"candidate limits count chunks; grep_scan_cap counts decompressions, not SQL work, total memory or time; cached diagnostics describe originating computation, not work repeated on a cache hit"},"hard":{"empty":false,"explicit_file_count":null,"languages":null,"path_prefix":null,"path_prefix_truncated":false,"semantics":"conjunctive_repository_relative_case_sensitive_components; empty means contradictory/explicit-empty constraint, not an inventory count"},"ordering":["exact-target first (identity tier, not an additive score)","rerank_score descending = sum(score_trace)","chunk_id ascending"],"policy":"canonical-scoped-exact-path-domain-compact-context-budget-v22","schema_version":1,"soft":{"contributions":"per-hit score_trace is the additive bill; stage_a_layer_scores explain its capped stage-a component and must not be added twice; raw hint and excluded paths omitted","hint_entries":{"overlay":0,"pinned":0,"recent":0,"working":0},"preselected_count":1,"role":"ranking_and_scan_priority_only"}}},"search_hits":0,"selection":{"facets":{},"input_candidates":0,"intent":"locate","intent_facet_anchors":{},"limit_omitted":0,"original_ranks":[],"overlap":{"fully_covered_candidates":0,"input_bytes":0,"redundant_bytes":0,"unique_bytes":0},"requested_limit":10,"selected":0,"selected_overlap":{"fully_covered_candidates":0,"input_bytes":0,"redundant_bytes":0,"unique_bytes":0},"source_covered_omissions":0,"source_support_anchors":[],"source_support_scope":"literal_program_cue_in_validated_twice_topk_window_only; not_global_uniqueness_or_exact_identity","spec":"anchored-facets-distinctive-source-union-v2","unmet_facets":[]},"source_freshness":{"budget_exhausted":false,"checked_files":0,"dense_manifest_fence":{"checked":0,"skip_disposition":"stale_publication_skipped","skipped":0},"generation":{"evidence_epoch":1,"incarnation":[90,107,137,204,173,126,80,152,147,171,65,60,216,57,20,91],"index_epoch":5,"semantic_epoch":null},"hydrator":"current-document-scope-source-generation-v1","omitted_files":{},"partial":false,"read_budget_charged":0,"scope":"bounded per-file disk verification and optimistic full read generation; not an atomic filesystem snapshot","validation_work":{"candidate_projection_sql":{"fullscan_steps":0,"rows":0,"sorts":0,"statements":0,"vm_steps":0},"coverage":"current final-assembly attempt SELECTs for manifest, symbol identity and candidate projection; excludes prior attempts, transaction control, originating retrieval, generation, dense fence, graph and disk work; not total cost","schema_version":1,"source_records_sql":{"fullscan_steps":0,"rows":0,"sorts":0,"statements":0,"vm_steps":0}},"verified_hits":0}},"intent":"locate","invalidations":[],"machine_pack":{"hits":[],"kind":"code_index_context","query":"v18_query_gate_network_off_search","repo_size_tier":"Tiny","token_budget":4000,"top_k":10},"nodes":[],"query":"v18_query_gate_network_off_search","reasons":["hybrid search over code index"],"rendered_prompt":"Task: code-index search\nIntent: locate\nQuery: v18_query_gate_network_off_search\n\n","resolution_freshness":{"basis_epoch":null,"complete":true,"completed_files":0,"index_epoch":5,"reason":null,"retry":null,"root_count":0,"scope":"observed_resolution_invalidations","status":"ready"},"revision":0,"spans":[],"summary":"No results found within the scan budget for `v18_query_gate_network_off_search`; retrieval is incomplete.","task":"v18_query_gate_network_off_search","token_budget":4000,"token_estimate":2038},"tool":"search"}
[2m2026-10-08T05:00:23.894494Z[0m [32m INFO[0m [2mcc_index::memory_budget[0m[2m:[0m memory budget initialized [3mtotal_ram_mb[0m[2m=[0m15989 [3mbudget_mb[0m[2m=[0m7994 [3mfraction[0m[2m=[0m0.5
[2m2026-10-08T05:00:23.898597Z[0m [32m INFO[0m [2mcc_index::memory_budget[0m[2m:[0m memory budget initialized [3mtotal_ram_mb[0m[2m=[0m15989 [3mbudget_mb[0m[2m=[0m7994 [3mfraction[0m[2m=[0m0.5
V18_JSON {"args":{"retrieval_strategy":"auto","task":"v18_query_gate_network_off_context"},"result":{"evidence_summary":{"files":[],"graph_enrichment":{"callees_added":0,"callers_added":0,"symbols_resolved":0,"tests_found":0},"packing":{"compacted":false,"configured_max_bytes":18000,"continuation":"Use files region/expand on retained references; recheck source version.","limit_bytes":16000,"omitted_hits":0,"omitted_nodes":0,"original_hits":0,"original_nodes":0,"partial":false,"spec":"whole-json-intent-facets-source-support-before-incidental-v5","token_estimate_method":"ceil(serialized_utf8_bytes/4); not a tokenizer","used_bytes":8155},"retrieval":{"cost":{"coverage":"originating query work; lexical FTS and hydration SQL here; grep stage SQL in grep.stages; excludes preselection/exact lookup/graph SQL, FTS internal work and storage I/O; not total cost or a hard limit","fused_candidates":0,"hydrate_requested":0,"hydration":{"sql":{"fullscan_steps":0,"rows":0,"sorts":0,"statements":0,"vm_steps":0},"text":{"cache_hits":0,"legacy_auto_reads":0,"storage_reads":0,"utf8_bytes":0,"zstd_decodes":0}},"lane_candidates":{"exact_symbol":0,"graph":0,"grep":0,"lexical":0,"path":0,"semantic":0},"lexical_sql":{"fullscan_steps":0,"rows":0,"sorts":1,"statements":1,"vm_steps":17},"schema_version":1},"grep":{"fallback_scanned":0,"prefilter_failed":false,"prefilter_scanned":0,"reason":null,"scan_cap":20000,"scanned":2,"skipped_duplicates":2,"soft_scanned":2,"stages":[{"stage":"soft","work":{"sql":{"fullscan_steps":0,"rows":2,"sorts":0,"statements":1,"vm_steps":29},"text":{"cache_hits":0,"legacy_auto_reads":0,"storage_reads":2,"utf8_bytes":66,"zstd_decodes":0}}},{"stage":"prefilter","work":{"sql":{"fullscan_steps":0,"rows":0,"sorts":1,"statements":1,"vm_steps":14},"text":{"cache_hits":0,"legacy_auto_reads":0,"storage_reads":0,"utf8_bytes":0,"zstd_decodes":0}}},{"stage":"fallback","work":{"sql":{"fullscan_steps":1,"rows":2,"sorts":0,"statements":1,"vm_steps":23},"text":{"cache_hits":0,"legacy_auto_reads":0,"storage_reads":0,"utf8_bytes":0,"zstd_decodes":0}}}],"status":"complete"},"lanes":[{"candidate_count":0,"candidates":[],"coverage":{"complete":true,"examined":null,"scope":"hard_scope","total_lower_bound":0},"elapsed_us":116,"lane_id":"exact_symbol","schema_version":1,"status":"complete","truncation_reason":null,"weight":1.1},{"candidate_count":0,"candidates":[],"coverage":{"complete":true,"examined":null,"scope":"hard_scope","total_lower_bound":0},"elapsed_us":204,"lane_id":"path","schema_version":1,"status":"complete","truncation_reason":null,"weight":1.0},{"candidate_count":0,"candidates":[],"coverage":{"complete":true,"examined":null,"scope":"hard_scope","total_lower_bound":0},"elapsed_us":136,"lane_id":"lexical","schema_version":1,"status":"complete","truncation_reason":null,"weight":1.1},{"candidate_count":0,"candidates":[],"coverage":{"complete":true,"examined":2,"scope":"hard_scope","total_lower_bound":0},"elapsed_us":1865,"lane_id":"grep","schema_version":1,"status":"complete","truncation_reason":null,"weight":0.8},{"candidate_count":0,"candidates":[],"coverage":{"complete":true,"examined":null,"scope":"hard_scope","total_lower_bound":0},"elapsed_us":313,"lane_id":"graph","schema_version":1,"status":"complete","truncation_reason":null,"weight":0.6},{"candidate_count":0,"candidates":[],"coverage":{"complete":false,"examined":null,"scope":"hard_scope","total_lower_bound":0},"elapsed_us":166,"lane_id":"semantic","schema_version":1,"status":"unavailable","truncation_reason":"query_vector_not_encoded","weight":1.0}],"policy":{"completeness":"all_executed_lane_limits_remain_visible; obligation_role_does_not_erase_partial","deadline_ms":30000,"effective":"auto","graph_source_mapping":"uid_byte_declaration_document; complete_mapping_is_not_whole_symbol_body_coverage","intent":"locate","lane_timeout_ms":20000,"no_answer":"empty_partial_is_not_absence; no_semantic_absence_claim_from_weak_rank","obligations":[{"lane_id":"exact_symbol","role":"identity","timeout_ms":20000},{"lane_id":"path","role":"identity","timeout_ms":20000},{"lane_id":"lexical","role":"source","timeout_ms":20000},{"lane_id":"grep","role":"source","timeout_ms":20000},{"lane_id":"graph","role":"supporting","timeout_ms":20000},{"lane_id":"semantic","role":"optional_recall","timeout_ms":5000}],"path_source_domain":"canonical_scoped_existing_path_docs; else_bounded_tokens; not_whole_file_coverage","requested":"auto","semantic_state":"configured","semantic_timeout_ms":5000,"semantic_top_k":24,"version":"query-policy-local-semantic-canonical-path-domain-v4"},"scope":{"budget":{"exact_symbol_candidates":24,"grep_candidates":12,"grep_enabled":true,"grep_scan_cap":20000,"lexical_candidates":24,"path_candidates":24,"rerank_window":40,"top_k":10,"units":"candidate limits count chunks; grep_scan_cap counts decompressions, not SQL work, total memory or time; cached diagnostics describe originating computation, not work repeated on a cache hit"},"hard":{"empty":false,"explicit_file_count":null,"languages":null,"path_prefix":null,"path_prefix_truncated":false,"semantics":"conjunctive_repository_relative_case_sensitive_components; empty means contradictory/explicit-empty constraint, not an inventory count"},"ordering":["exact-target first (identity tier, not an additive score)","rerank_score descending = sum(score_trace)","chunk_id ascending"],"policy":"canonical-scoped-exact-path-domain-compact-context-budget-v22","schema_version":1,"soft":{"contributions":"per-hit score_trace is the additive bill; stage_a_layer_scores explain its capped stage-a component and must not be added twice; raw hint and excluded paths omitted","hint_entries":{"overlay":0,"pinned":0,"recent":0,"working":0},"preselected_count":1,"role":"ranking_and_scan_priority_only"}}},"search_hits":0,"selection":{"facets":{},"input_candidates":0,"intent":"locate","intent_facet_anchors":{},"limit_omitted":0,"original_ranks":[],"overlap":{"fully_covered_candidates":0,"input_bytes":0,"redundant_bytes":0,"unique_bytes":0},"requested_limit":10,"selected":0,"selected_overlap":{"fully_covered_candidates":0,"input_bytes":0,"redundant_bytes":0,"unique_bytes":0},"source_covered_omissions":0,"source_support_anchors":[],"source_support_scope":"literal_program_cue_in_validated_twice_topk_window_only; not_global_uniqueness_or_exact_identity","spec":"anchored-facets-distinctive-source-union-v2","unmet_facets":[]},"source_freshness":{"budget_exhausted":false,"checked_files":0,"dense_manifest_fence":{"checked":0,"skip_disposition":"stale_publication_skipped","skipped":0},"generation":{"evidence_epoch":1,"incarnation":[90,107,137,204,173,126,80,152,147,171,65,60,216,57,20,91],"index_epoch":5,"semantic_epoch":null},"hydrator":"current-document-scope-source-generation-v1","omitted_files":{},"partial":false,"read_budget_charged":0,"scope":"bounded per-file disk verification and optimistic full read generation; not an atomic filesystem snapshot","validation_work":{"candidate_projection_sql":{"fullscan_steps":0,"rows":0,"sorts":0,"statements":0,"vm_steps":0},"coverage":"current final-assembly attempt SELECTs for manifest, symbol identity and candidate projection; excludes prior attempts, transaction control, originating retrieval, generation, dense fence, graph and disk work; not total cost","schema_version":1,"source_records_sql":{"fullscan_steps":0,"rows":0,"sorts":0,"statements":0,"vm_steps":0}},"verified_hits":0}},"intent":"locate","invalidations":[],"machine_pack":{"hits":[],"kind":"code_index_context","query":"v18_query_gate_network_off_context","repo_size_tier":"Tiny","token_budget":4000,"top_k":10},"nodes":[],"query":"v18_query_gate_network_off_context","reasons":["hybrid search over code index"],"rendered_prompt":"Task: code-index search\nIntent: locate\nQuery: v18_query_gate_network_off_context\n\n","resolution_freshness":{"basis_epoch":null,"complete":true,"completed_files":0,"index_epoch":5,"reason":null,"retry":null,"root_count":0,"scope":"observed_resolution_invalidations","status":"ready"},"revision":0,"spans":[],"summary":"No results found within the scan budget for `v18_query_gate_network_off_context`; retrieval is incomplete.","task":"v18_query_gate_network_off_context","token_budget":4000,"token_estimate":2039},"tool":"context"}
V18_JSON {"document_http_calls":0,"only_loopback":true,"query_http_calls":0,"real_credentials":false,"requests":[],"synthetic_vectors":true}
[2m2026-10-08T05:00:23.901270Z[0m [32m INFO[0m [1mserve_inner[0m[2m:[0m [2mrmcp::service[0m[2m:[0m input stream terminated
[2m2026-10-08T05:00:23.901332Z[0m [32m INFO[0m [1mserve_inner[0m[2m:[0m [2mrmcp::service[0m[2m:[0m serve finished [3mquit_reason[0m[2m=[0mClosed
V18_JSON {"args":{"full":true,"path":"/tmp/.tmpxWhfEW/project"},"result":{"build_explain":{"gate_decisions":[{"pass":"synthesis_round","reason":"both signatures changed","run":true},{"pass":"community","reason":"full rebuild","run":true},{"pass":"git_cochange","reason":"cache key unavailable","run":true},{"pass":"infra","reason":"signature algorithm changed","run":true},{"pass":"adr","reason":"no recorded signature","run":true}]},"chunk_policy":{"bytes":16384,"chars":16384,"estimated_tokens":4096,"lines":80,"merge_min_bytes":256},"chunks_total":2,"dirty_plan":{"dependency_sql":{"fullscan_steps":0,"rows":0,"sorts":0,"statements":0,"vm_steps":0},"file_budget":0,"parsed_files":1,"reasons":[],"rebased":false,"resumed":false,"selected_dependents":0},"document_changes":{"files_projected":1,"removed":0,"render_failed":0,"reusable_inputs":0,"unchanged":0,"upserted":2},"elapsed_ms":237,"files_added":1,"files_parsed":1,"files_removed":0,"files_scanned":1,"files_skipped":0,"files_updated":0,"parse_errors":[],"phase_timing":{"analysis_ms":2,"parse_ms":33,"postprocess_ms":1,"resolve_ms":0,"scan_diff_ms":5,"write_ms":24},"project_model":{"catalog_files":1,"changed_configs":[],"config_inputs":0,"config_parse_cache_hits":0,"config_reads":0,"config_root_probes":5,"config_roots":0,"diagnostics":[],"go_fact_cache_hits":0,"go_source_reads":0,"input_digest":"6608a5a5cd33639a82b1be8d943f3148241d6520b8e0d9930909feaaf0ec5b8c","inventory_source":"shared_walk","modes":[],"rust_fact_cache_hits":0,"rust_source_reads":0,"version":3},"public_surface_coverage":{"known":1,"known_empty":0,"parsed_files":1,"unknown":0,"unknown_reasons":{}},"resolution_coverage":{"ambiguous":0,"incomplete_files":0,"modules_ambiguous":0,"modules_external":0,"modules_resolved":0,"modules_unknown":0,"modules_unresolved":0,"modules_unsupported":0,"omitted_records":0,"packages_resolved":0,"processed_files":1,"resolved":2,"unresolved":0,"unsupported":0},"resolution_freshness":{"basis_epoch":null,"complete":true,"completed_files":0,"index_epoch":5,"reason":null,"retry":null,"root_count":0,"scope":"observed_resolution_invalidations","status":"ready"},"symbols_total":2,"used_parallel_parse":false},"tool":"index"}
[2m2026-10-08T05:00:23.901545Z[0m [32m INFO[0m [2mcc_server::mcp[0m[2m:[0m MCP server shut down gracefully
V18_JSON {"args":{"exact":true,"mode":"symbol","query":"needle","top_k":0},"result":[{"container":null,"end_line":2,"file_path":"needle.py","kind":"function","name":"needle","qname":"needle","signature":"def needle()","start_line":1,"symbol_id":"sym:f660a80f1a754bab","symbol_uid":"uid:3732066f97516c2c2f8efb6e"}],"tool":"search"}
V18_JSON {"args":{"exact":true,"mode":"symbol","query":"needle","retrieval_strategy":null,"top_k":0},"result":[{"container":null,"end_line":2,"file_path":"needle.py","kind":"function","name":"needle","qname":"needle","signature":"def needle()","start_line":1,"symbol_id":"sym:f660a80f1a754bab","symbol_uid":"uid:3732066f97516c2c2f8efb6e"}],"tool":"search"}
V18_JSON {"args":{"exact":true,"mode":"symbol","query":"needle","retrieval_strategy":"local","top_k":0},"result":[{"container":null,"end_line":2,"file_path":"needle.py","kind":"function","name":"needle","qname":"needle","signature":"def needle()","start_line":1,"symbol_id":"sym:f660a80f1a754bab","symbol_uid":"uid:3732066f97516c2c2f8efb6e"}],"tool":"search"}
[2m2026-10-08T05:00:23.907222Z[0m [32m INFO[0m [1mserve_inner[0m[2m:[0m [2mrmcp::service[0m[2m:[0m input stream terminated
[2m2026-10-08T05:00:23.907274Z[0m [32m INFO[0m [1mserve_inner[0m[2m:[0m [2mrmcp::service[0m[2m:[0m serve finished [3mquit_reason[0m[2m=[0mClosed
[2m2026-10-08T05:00:23.907606Z[0m [32m INFO[0m [2mcc_server::mcp[0m[2m:[0m MCP server shut down gracefully
test symbol_mode_preserves_legacy_array_and_sanitized_limits ... ok
[2m2026-10-08T05:00:23.914849Z[0m [32m INFO[0m [2mcc_db::index_migrate[0m[2m:[0m initializing index schema [3mversion[0m[2m=[0m25
[2m2026-10-08T05:00:23.933337Z[0m [32m INFO[0m [2mcc_db::index_db_rebuild[0m[2m:[0m full rebuild: writing data to temp database
[2m2026-10-08T05:00:23.935320Z[0m [32m INFO[0m [1mserve_inner[0m[2m:[0m [2mrmcp::service[0m[2m:[0m Service initialized as server [3mpeer_info[0m[2m=[0mSome(InitializeRequestParams { meta: None, protocol_version: ProtocolVersion("2025-11-25"), capabilities: ClientCapabilities { experimental: None, extensions: None, roots: None, sampling: None, elicitation: None, tasks: None }, client_info: Implementation { name: "rmcp", title: None, version: "2.2.0", description: None, icons: None, website_url: None } })
[2m2026-10-08T05:00:23.935422Z[0m [32m INFO[0m [2mcc_server::mcp[0m[2m:[0m MCP server started on stdio
[2m2026-10-08T05:00:23.935601Z[0m [32m INFO[0m [1mserve_inner[0m[2m:[0m [2mrmcp::service[0m[2m:[0m received notification [3mnotification[0m[2m=[0mInitializedNotification(NotificationNoParam { method: InitializedNotificationMethod, extensions: Extensions })
[2m2026-10-08T05:00:23.935821Z[0m [32m INFO[0m [1mserve_inner[0m[2m:[0m [2mrmcp::handler::server[0m[2m:[0m client initialized
[2m2026-10-08T05:00:23.937004Z[0m [32m INFO[0m [2mcc_db::index_db_rebuild[0m[2m:[0m full rebuild: recreating indexes
[2m2026-10-08T05:00:23.937252Z[0m [32m INFO[0m [2mcc_index::memory_budget[0m[2m:[0m memory budget initialized [3mtotal_ram_mb[0m[2m=[0m15989 [3mbudget_mb[0m[2m=[0m7994 [3mfraction[0m[2m=[0m0.5
[2m2026-10-08T05:00:23.958801Z[0m [32m INFO[0m [2mcc_db::index_db_rebuild[0m[2m:[0m full rebuild: temp database ready for swap
[2m2026-10-08T05:00:23.958988Z[0m [32m INFO[0m [2mcc_index::memory_budget[0m[2m:[0m memory budget initialized [3mtotal_ram_mb[0m[2m=[0m15989 [3mbudget_mb[0m[2m=[0m7994 [3mfraction[0m[2m=[0m0.5
[2m2026-10-08T05:00:23.966415Z[0m [32m INFO[0m [2mcc_db::index_db_rebuild[0m[2m:[0m full rebuild: creating temp database [3mtmp[0m[2m=[0m/tmp/.tmpcVVkKK/project/.codecortex/index.sqlite3.tmp
[2m2026-10-08T05:00:24.133464Z[0m [32m INFO[0m [2mcc_index::memory_budget[0m[2m:[0m memory budget initialized [3mtotal_ram_mb[0m[2m=[0m15989 [3mbudget_mb[0m[2m=[0m7994 [3mfraction[0m[2m=[0m0.5
[2m2026-10-08T05:00:24.138148Z[0m [32m INFO[0m [2mcc_index::memory_budget[0m[2m:[0m memory budget initialized [3mtotal_ram_mb[0m[2m=[0m15989 [3mbudget_mb[0m[2m=[0m7994 [3mfraction[0m[2m=[0m0.5
V18_JSON {"args":{"full":true,"path":"/tmp/.tmp9iwQIr/project"},"result":{"build_explain":{"gate_decisions":[{"pass":"synthesis_round","reason":"both signatures changed","run":true},{"pass":"community","reason":"full rebuild","run":true},{"pass":"git_cochange","reason":"cache key unavailable","run":true},{"pass":"infra","reason":"signature algorithm changed","run":true},{"pass":"adr","reason":"no recorded signature","run":true}]},"chunk_policy":{"bytes":16384,"chars":16384,"estimated_tokens":4096,"lines":80,"merge_min_bytes":256},"chunks_total":2,"dirty_plan":{"dependency_sql":{"fullscan_steps":0,"rows":0,"sorts":0,"statements":0,"vm_steps":0},"file_budget":0,"parsed_files":1,"reasons":[],"rebased":false,"resumed":false,"selected_dependents":0},"document_changes":{"files_projected":1,"removed":0,"render_failed":0,"reusable_inputs":0,"unchanged":0,"upserted":2},"elapsed_ms":359,"files_added":1,"files_parsed":1,"files_removed":0,"files_scanned":1,"files_skipped":0,"files_updated":0,"parse_errors":[],"phase_timing":{"analysis_ms":3,"parse_ms":28,"postprocess_ms":1,"resolve_ms":0,"scan_diff_ms":4,"write_ms":174},"project_model":{"catalog_files":1,"changed_configs":[],"config_inputs":0,"config_parse_cache_hits":0,"config_reads":0,"config_root_probes":5,"config_roots":0,"diagnostics":[],"go_fact_cache_hits":0,"go_source_reads":0,"input_digest":"6608a5a5cd33639a82b1be8d943f3148241d6520b8e0d9930909feaaf0ec5b8c","inventory_source":"shared_walk","modes":[],"rust_fact_cache_hits":0,"rust_source_reads":0,"version":3},"public_surface_coverage":{"known":1,"known_empty":0,"parsed_files":1,"unknown":0,"unknown_reasons":{}},"resolution_coverage":{"ambiguous":0,"incomplete_files":0,"modules_ambiguous":0,"modules_external":0,"modules_resolved":0,"modules_unknown":0,"modules_unresolved":0,"modules_unsupported":0,"omitted_records":0,"packages_resolved":0,"processed_files":1,"resolved":2,"unresolved":0,"unsupported":0},"resolution_freshness":{"basis_epoch":null,"complete":true,"completed_files":0,"index_epoch":5,"reason":null,"retry":null,"root_count":0,"scope":"observed_resolution_invalidations","status":"ready"},"symbols_total":2,"used_parallel_parse":false},"tool":"index"}
V18_JSON {"args":{"aspect":"capabilities"},"result":{"capabilities":{"graph":true,"impact":true,"search":true},"has_index":true,"has_project":true,"indexed_files":1,"indexed_symbols":2,"resolution_freshness":{"basis_epoch":null,"complete":true,"completed_files":0,"index_epoch":5,"reason":null,"retry":null,"root_count":0,"scope":"observed_resolution_invalidations","status":"ready"},"retrieval":{"consistency":"point_in_time","default_effective_strategy":"auto","default_query_state":"available_with_per_query_checks","default_strategy":"auto","dense_reason":"semantic_no_active_space","dense_state":"disabled","diagnostic_sources":{"build":"BuildExplain on index response","graph":"GraphExplain on query response","lanes":"evidence_summary.retrieval.lanes or lane_receipts","packing":"evidence_summary.packing","selection":"evidence_summary.selection","semantic":"evidence_summary.retrieval.semantic (dense lane receipt projection)","source":"evidence_summary.source_freshness"},"execution":{"async_admitted":0,"async_in_flight":0,"async_limit":8,"completed":0,"cpu_admitted":0,"cpu_in_flight":0,"cpu_limit":4,"queue_limit":32,"rejected":0},"execution_scope":"process_shared_not_project_local","generation":{"evidence_epoch":1,"incarnation":[155,141,174,31,15,209,3,11,153,112,57,5,134,105,40,118],"index_epoch":5,"semantic_epoch":null},"generation_scope":"observed_database_snapshot","identity_validation":"checked_at_observation_boundary","index_state":"available","local_state":"available","pin_scope":"owned_query_views_including_inflight_clones_not_request_count","query_coverage":{"scope":"per_query_not_global","state":"not_measured"},"query_encoding":{"configured_opt_in":false,"network_authorized":false,"reason":"query_network_opt_in_required","request_scope":"nonlocal_nonempty_only"},"query_pins":1,"resolution_freshness":{"basis_epoch":null,"complete":true,"completed_files":0,"index_epoch":5,"reason":null,"retry":null,"root_count":0,"scope":"observed_resolution_invalidations","status":"ready"},"semantic_active_space":null,"semantic_state":"port_attached_unverified","service_state_scope":"process_observed_separately","spec":"retrieval-capabilities-v2"}},"tool":"status"}
[2m2026-10-08T05:00:24.153719Z[0m [32m INFO[0m [2mcc_server::semantic_runtime[0m[2m:[0m semantic worker GC page completed [3mkept_fresh[0m[2m=[0m0 [3mkept_referenced[0m[2m=[0m2 [3mkept_live_task[0m[2m=[0m0 [3mdeleted_objects[0m[2m=[0m0 [3mdeleted_halves[0m[2m=[0m0 [3mdeleted_temps[0m[2m=[0m0 [3mpruned_dirs[0m[2m=[0m0 [3mexhausted[0m[2m=[0mtrue
V18_JSON {"args":{"aspect":"capabilities"},"result":{"capabilities":{"graph":true,"impact":true,"search":true},"has_index":true,"has_project":true,"indexed_files":1,"indexed_symbols":2,"resolution_freshness":{"basis_epoch":null,"complete":true,"completed_files":0,"index_epoch":5,"reason":null,"retry":null,"root_count":0,"scope":"observed_resolution_invalidations","status":"ready"},"retrieval":{"consistency":"point_in_time","default_effective_strategy":"auto","default_query_state":"available_with_per_query_checks","default_strategy":"auto","dense_desired":2,"dense_published":2,"dense_reason":null,"dense_state":"ready","diagnostic_sources":{"build":"BuildExplain on index response","graph":"GraphExplain on query response","lanes":"evidence_summary.retrieval.lanes or lane_receipts","packing":"evidence_summary.packing","selection":"evidence_summary.selection","semantic":"evidence_summary.retrieval.semantic (dense lane receipt projection)","source":"evidence_summary.source_freshness"},"execution":{"async_admitted":0,"async_in_flight":0,"async_limit":8,"completed":0,"cpu_admitted":0,"cpu_in_flight":0,"cpu_limit":4,"queue_limit":32,"rejected":0},"execution_scope":"process_shared_not_project_local","generation":{"evidence_epoch":1,"incarnation":[155,141,174,31,15,209,3,11,153,112,57,5,134,105,40,118],"index_epoch":5,"semantic_epoch":3},"generation_scope":"observed_database_snapshot","identity_validation":"checked_at_observation_boundary","index_state":"available","local_state":"available","pin_scope":"owned_query_views_including_inflight_clones_not_request_count","query_coverage":{"scope":"per_query_not_global","state":"not_measured"},"query_encoding":{"configured_opt_in":false,"network_authorized":false,"reason":"query_network_opt_in_required","request_scope":"nonlocal_nonempty_only"},"query_pins":0,"resolution_freshness":{"basis_epoch":null,"complete":true,"completed_files":0,"index_epoch":5,"reason":null,"retry":null,"root_count":0,"scope":"observed_resolution_invalidations","status":"ready"},"semantic_active_space":"2eac300964ae66ba95651ecaa7c7c6aafb0c9aecbd8a130cfc50c030cd8688d4","semantic_failed":0,"semantic_pending":0,"semantic_state":"ready","service_state_scope":"process_observed_separately","spec":"retrieval-capabilities-v2"}},"tool":"status"}
V18_JSON {"args":{"query":"v18_query_revoked_search","retrieval_strategy":"auto"},"result":{"evidence_summary":{"files":[],"graph_enrichment":{"callees_added":0,"callers_added":0,"symbols_resolved":0,"tests_found":0},"packing":{"compacted":false,"configured_max_bytes":18000,"continuation":"Use files region/expand on retained references; recheck source version.","limit_bytes":16000,"omitted_hits":0,"omitted_nodes":0,"original_hits":0,"original_nodes":0,"partial":false,"spec":"whole-json-intent-facets-source-support-before-incidental-v5","token_estimate_method":"ceil(serialized_utf8_bytes/4); not a tokenizer","used_bytes":8100},"retrieval":{"cost":{"coverage":"originating query work; lexical FTS and hydration SQL here; grep stage SQL in grep.stages; excludes preselection/exact lookup/graph SQL, FTS internal work and storage I/O; not total cost or a hard limit","fused_candidates":0,"hydrate_requested":0,"hydration":{"sql":{"fullscan_steps":0,"rows":0,"sorts":0,"statements":0,"vm_steps":0},"text":{"cache_hits":0,"legacy_auto_reads":0,"storage_reads":0,"utf8_bytes":0,"zstd_decodes":0}},"lane_candidates":{"exact_symbol":0,"graph":0,"grep":0,"lexical":0,"path":0,"semantic":0},"lexical_sql":{"fullscan_steps":0,"rows":0,"sorts":1,"statements":1,"vm_steps":17},"schema_version":1},"grep":{"fallback_scanned":0,"prefilter_failed":false,"prefilter_scanned":0,"reason":null,"scan_cap":20000,"scanned":2,"skipped_duplicates":2,"soft_scanned":2,"stages":[{"stage":"soft","work":{"sql":{"fullscan_steps":0,"rows":2,"sorts":0,"statements":1,"vm_steps":29},"text":{"cache_hits":0,"legacy_auto_reads":0,"storage_reads":2,"utf8_bytes":66,"zstd_decodes":0}}},{"stage":"prefilter","work":{"sql":{"fullscan_steps":0,"rows":0,"sorts":1,"statements":1,"vm_steps":14},"text":{"cache_hits":0,"legacy_auto_reads":0,"storage_reads":0,"utf8_bytes":0,"zstd_decodes":0}}},{"stage":"fallback","work":{"sql":{"fullscan_steps":1,"rows":2,"sorts":0,"statements":1,"vm_steps":23},"text":{"cache_hits":0,"legacy_auto_reads":0,"storage_reads":0,"utf8_bytes":0,"zstd_decodes":0}}}],"status":"complete"},"lanes":[{"candidate_count":0,"candidates":[],"coverage":{"complete":true,"examined":null,"scope":"hard_scope","total_lower_bound":0},"elapsed_us":134,"lane_id":"exact_symbol","schema_version":1,"status":"complete","truncation_reason":null,"weight":1.1},{"candidate_count":0,"candidates":[],"coverage":{"complete":true,"examined":null,"scope":"hard_scope","total_lower_bound":0},"elapsed_us":368,"lane_id":"path","schema_version":1,"status":"complete","truncation_reason":null,"weight":1.0},{"candidate_count":0,"candidates":[],"coverage":{"complete":true,"examined":null,"scope":"hard_scope","total_lower_bound":0},"elapsed_us":260,"lane_id":"lexical","schema_version":1,"status":"complete","truncation_reason":null,"weight":1.1},{"candidate_count":0,"candidates":[],"coverage":{"complete":true,"examined":2,"scope":"hard_scope","total_lower_bound":0},"elapsed_us":1630,"lane_id":"grep","schema_version":1,"status":"complete","truncation_reason":null,"weight":0.8},{"candidate_count":0,"candidates":[],"coverage":{"complete":true,"examined":null,"scope":"hard_scope","total_lower_bound":0},"elapsed_us":305,"lane_id":"graph","schema_version":1,"status":"complete","truncation_reason":null,"weight":0.6},{"candidate_count":0,"candidates":[],"coverage":{"complete":false,"examined":null,"scope":"hard_scope","total_lower_bound":0},"elapsed_us":202,"lane_id":"semantic","schema_version":1,"status":"unavailable","truncation_reason":"query_vector_not_encoded","weight":1.0}],"policy":{"completeness":"all_executed_lane_limits_remain_visible; obligation_role_does_not_erase_partial","deadline_ms":30000,"effective":"auto","graph_source_mapping":"uid_byte_declaration_document; complete_mapping_is_not_whole_symbol_body_coverage","intent":"locate","lane_timeout_ms":20000,"no_answer":"empty_partial_is_not_absence; no_semantic_absence_claim_from_weak_rank","obligations":[{"lane_id":"exact_symbol","role":"identity","timeout_ms":20000},{"lane_id":"path","role":"identity","timeout_ms":20000},{"lane_id":"lexical","role":"source","timeout_ms":20000},{"lane_id":"grep","role":"source","timeout_ms":20000},{"lane_id":"graph","role":"supporting","timeout_ms":20000},{"lane_id":"semantic","role":"optional_recall","timeout_ms":5000}],"path_source_domain":"canonical_scoped_existing_path_docs; else_bounded_tokens; not_whole_file_coverage","requested":"auto","semantic_state":"configured","semantic_timeout_ms":5000,"semantic_top_k":24,"version":"query-policy-local-semantic-canonical-path-domain-v4"},"scope":{"budget":{"exact_symbol_candidates":24,"grep_candidates":12,"grep_enabled":true,"grep_scan_cap":20000,"lexical_candidates":24,"path_candidates":24,"rerank_window":40,"top_k":10,"units":"candidate limits count chunks; grep_scan_cap counts decompressions, not SQL work, total memory or time; cached diagnostics describe originating computation, not work repeated on a cache hit"},"hard":{"empty":false,"explicit_file_count":null,"languages":null,"path_prefix":null,"path_prefix_truncated":false,"semantics":"conjunctive_repository_relative_case_sensitive_components; empty means contradictory/explicit-empty constraint, not an inventory count"},"ordering":["exact-target first (identity tier, not an additive score)","rerank_score descending = sum(score_trace)","chunk_id ascending"],"policy":"canonical-scoped-exact-path-domain-compact-context-budget-v22","schema_version":1,"soft":{"contributions":"per-hit score_trace is the additive bill; stage_a_layer_scores explain its capped stage-a component and must not be added twice; raw hint and excluded paths omitted","hint_entries":{"overlay":0,"pinned":0,"recent":0,"working":0},"preselected_count":1,"role":"ranking_and_scan_priority_only"}}},"search_hits":0,"selection":{"facets":{},"input_candidates":0,"intent":"locate","intent_facet_anchors":{},"limit_omitted":0,"original_ranks":[],"overlap":{"fully_covered_candidates":0,"input_bytes":0,"redundant_bytes":0,"unique_bytes":0},"requested_limit":10,"selected":0,"selected_overlap":{"fully_covered_candidates":0,"input_bytes":0,"redundant_bytes":0,"unique_bytes":0},"source_covered_omissions":0,"source_support_anchors":[],"source_support_scope":"literal_program_cue_in_validated_twice_topk_window_only; not_global_uniqueness_or_exact_identity","spec":"anchored-facets-distinctive-source-union-v2","unmet_facets":[]},"source_freshness":{"budget_exhausted":false,"checked_files":0,"dense_manifest_fence":{"checked":0,"skip_disposition":"stale_publication_skipped","skipped":0},"generation":{"evidence_epoch":1,"incarnation":[155,141,174,31,15,209,3,11,153,112,57,5,134,105,40,118],"index_epoch":5,"semantic_epoch":3},"hydrator":"current-document-scope-source-generation-v1","omitted_files":{},"partial":false,"read_budget_charged":0,"scope":"bounded per-file disk verification and optimistic full read generation; not an atomic filesystem snapshot","validation_work":{"candidate_projection_sql":{"fullscan_steps":0,"rows":0,"sorts":0,"statements":0,"vm_steps":0},"coverage":"current final-assembly attempt SELECTs for manifest, symbol identity and candidate projection; excludes prior attempts, transaction control, originating retrieval, generation, dense fence, graph and disk work; not total cost","schema_version":1,"source_records_sql":{"fullscan_steps":0,"rows":0,"sorts":0,"statements":0,"vm_steps":0}},"verified_hits":0}},"intent":"locate","invalidations":[],"machine_pack":{"hits":[],"kind":"code_index_context","query":"v18_query_revoked_search","repo_size_tier":"Tiny","token_budget":4000,"top_k":10},"nodes":[],"query":"v18_query_revoked_search","reasons":["hybrid search over code index"],"rendered_prompt":"Task: code-index search\nIntent: locate\nQuery: v18_query_revoked_search\n\n","resolution_freshness":{"basis_epoch":null,"complete":true,"completed_files":0,"index_epoch":5,"reason":null,"retry":null,"root_count":0,"scope":"observed_resolution_invalidations","status":"ready"},"revision":0,"spans":[],"summary":"No results found within the scan budget for `v18_query_revoked_search`; retrieval is incomplete.","task":"v18_query_revoked_search","token_budget":4000,"token_estimate":2025},"tool":"search"}
V18_JSON {"args":{"retrieval_strategy":"auto","task":"v18_query_revoked_context"},"result":{"evidence_summary":{"files":[],"graph_enrichment":{"callees_added":0,"callers_added":0,"symbols_resolved":0,"tests_found":0},"packing":{"compacted":false,"configured_max_bytes":18000,"continuation":"Use files region/expand on retained references; recheck source version.","limit_bytes":16000,"omitted_hits":0,"omitted_nodes":0,"original_hits":0,"original_nodes":0,"partial":false,"spec":"whole-json-intent-facets-source-support-before-incidental-v5","token_estimate_method":"ceil(serialized_utf8_bytes/4); not a tokenizer","used_bytes":8105},"retrieval":{"cost":{"coverage":"originating query work; lexical FTS and hydration SQL here; grep stage SQL in grep.stages; excludes preselection/exact lookup/graph SQL, FTS internal work and storage I/O; not total cost or a hard limit","fused_candidates":0,"hydrate_requested":0,"hydration":{"sql":{"fullscan_steps":0,"rows":0,"sorts":0,"statements":0,"vm_steps":0},"text":{"cache_hits":0,"legacy_auto_reads":0,"storage_reads":0,"utf8_bytes":0,"zstd_decodes":0}},"lane_candidates":{"exact_symbol":0,"graph":0,"grep":0,"lexical":0,"path":0,"semantic":0},"lexical_sql":{"fullscan_steps":0,"rows":0,"sorts":1,"statements":1,"vm_steps":17},"schema_version":1},"grep":{"fallback_scanned":0,"prefilter_failed":false,"prefilter_scanned":0,"reason":null,"scan_cap":20000,"scanned":2,"skipped_duplicates":2,"soft_scanned":2,"stages":[{"stage":"soft","work":{"sql":{"fullscan_steps":0,"rows":2,"sorts":0,"statements":1,"vm_steps":29},"text":{"cache_hits":0,"legacy_auto_reads":0,"storage_reads":2,"utf8_bytes":66,"zstd_decodes":0}}},{"stage":"prefilter","work":{"sql":{"fullscan_steps":0,"rows":0,"sorts":1,"statements":1,"vm_steps":14},"text":{"cache_hits":0,"legacy_auto_reads":0,"storage_reads":0,"utf8_bytes":0,"zstd_decodes":0}}},{"stage":"fallback","work":{"sql":{"fullscan_steps":1,"rows":2,"sorts":0,"statements":1,"vm_steps":23},"text":{"cache_hits":0,"legacy_auto_reads":0,"storage_reads":0,"utf8_bytes":0,"zstd_decodes":0}}}],"status":"complete"},"lanes":[{"candidate_count":0,"candidates":[],"coverage":{"complete":true,"examined":null,"scope":"hard_scope","total_lower_bound":0},"elapsed_us":170,"lane_id":"exact_symbol","schema_version":1,"status":"complete","truncation_reason":null,"weight":1.1},{"candidate_count":0,"candidates":[],"coverage":{"complete":true,"examined":null,"scope":"hard_scope","total_lower_bound":0},"elapsed_us":421,"lane_id":"path","schema_version":1,"status":"complete","truncation_reason":null,"weight":1.0},{"candidate_count":0,"candidates":[],"coverage":{"complete":true,"examined":null,"scope":"hard_scope","total_lower_bound":0},"elapsed_us":231,"lane_id":"lexical","schema_version":1,"status":"complete","truncation_reason":null,"weight":1.1},{"candidate_count":0,"candidates":[],"coverage":{"complete":true,"examined":2,"scope":"hard_scope","total_lower_bound":0},"elapsed_us":1898,"lane_id":"grep","schema_version":1,"status":"complete","truncation_reason":null,"weight":0.8},{"candidate_count":0,"candidates":[],"coverage":{"complete":true,"examined":null,"scope":"hard_scope","total_lower_bound":0},"elapsed_us":360,"lane_id":"graph","schema_version":1,"status":"complete","truncation_reason":null,"weight":0.6},{"candidate_count":0,"candidates":[],"coverage":{"complete":false,"examined":null,"scope":"hard_scope","total_lower_bound":0},"elapsed_us":147,"lane_id":"semantic","schema_version":1,"status":"unavailable","truncation_reason":"query_vector_not_encoded","weight":1.0}],"policy":{"completeness":"all_executed_lane_limits_remain_visible; obligation_role_does_not_erase_partial","deadline_ms":30000,"effective":"auto","graph_source_mapping":"uid_byte_declaration_document; complete_mapping_is_not_whole_symbol_body_coverage","intent":"locate","lane_timeout_ms":20000,"no_answer":"empty_partial_is_not_absence; no_semantic_absence_claim_from_weak_rank","obligations":[{"lane_id":"exact_symbol","role":"identity","timeout_ms":20000},{"lane_id":"path","role":"identity","timeout_ms":20000},{"lane_id":"lexical","role":"source","timeout_ms":20000},{"lane_id":"grep","role":"source","timeout_ms":20000},{"lane_id":"graph","role":"supporting","timeout_ms":20000},{"lane_id":"semantic","role":"optional_recall","timeout_ms":5000}],"path_source_domain":"canonical_scoped_existing_path_docs; else_bounded_tokens; not_whole_file_coverage","requested":"auto","semantic_state":"configured","semantic_timeout_ms":5000,"semantic_top_k":24,"version":"query-policy-local-semantic-canonical-path-domain-v4"},"scope":{"budget":{"exact_symbol_candidates":24,"grep_candidates":12,"grep_enabled":true,"grep_scan_cap":20000,"lexical_candidates":24,"path_candidates":24,"rerank_window":40,"top_k":10,"units":"candidate limits count chunks; grep_scan_cap counts decompressions, not SQL work, total memory or time; cached diagnostics describe originating computation, not work repeated on a cache hit"},"hard":{"empty":false,"explicit_file_count":null,"languages":null,"path_prefix":null,"path_prefix_truncated":false,"semantics":"conjunctive_repository_relative_case_sensitive_components; empty means contradictory/explicit-empty constraint, not an inventory count"},"ordering":["exact-target first (identity tier, not an additive score)","rerank_score descending = sum(score_trace)","chunk_id ascending"],"policy":"canonical-scoped-exact-path-domain-compact-context-budget-v22","schema_version":1,"soft":{"contributions":"per-hit score_trace is the additive bill; stage_a_layer_scores explain its capped stage-a component and must not be added twice; raw hint and excluded paths omitted","hint_entries":{"overlay":0,"pinned":0,"recent":0,"working":0},"preselected_count":1,"role":"ranking_and_scan_priority_only"}}},"search_hits":0,"selection":{"facets":{},"input_candidates":0,"intent":"locate","intent_facet_anchors":{},"limit_omitted":0,"original_ranks":[],"overlap":{"fully_covered_candidates":0,"input_bytes":0,"redundant_bytes":0,"unique_bytes":0},"requested_limit":10,"selected":0,"selected_overlap":{"fully_covered_candidates":0,"input_bytes":0,"redundant_bytes":0,"unique_bytes":0},"source_covered_omissions":0,"source_support_anchors":[],"source_support_scope":"literal_program_cue_in_validated_twice_topk_window_only; not_global_uniqueness_or_exact_identity","spec":"anchored-facets-distinctive-source-union-v2","unmet_facets":[]},"source_freshness":{"budget_exhausted":false,"checked_files":0,"dense_manifest_fence":{"checked":0,"skip_disposition":"stale_publication_skipped","skipped":0},"generation":{"evidence_epoch":1,"incarnation":[155,141,174,31,15,209,3,11,153,112,57,5,134,105,40,118],"index_epoch":5,"semantic_epoch":3},"hydrator":"current-document-scope-source-generation-v1","omitted_files":{},"partial":false,"read_budget_charged":0,"scope":"bounded per-file disk verification and optimistic full read generation; not an atomic filesystem snapshot","validation_work":{"candidate_projection_sql":{"fullscan_steps":0,"rows":0,"sorts":0,"statements":0,"vm_steps":0},"coverage":"current final-assembly attempt SELECTs for manifest, symbol identity and candidate projection; excludes prior attempts, transaction control, originating retrieval, generation, dense fence, graph and disk work; not total cost","schema_version":1,"source_records_sql":{"fullscan_steps":0,"rows":0,"sorts":0,"statements":0,"vm_steps":0}},"verified_hits":0}},"intent":"locate","invalidations":[],"machine_pack":{"hits":[],"kind":"code_index_context","query":"v18_query_revoked_context","repo_size_tier":"Tiny","token_budget":4000,"top_k":10},"nodes":[],"query":"v18_query_revoked_context","reasons":["hybrid search over code index"],"rendered_prompt":"Task: code-index search\nIntent: locate\nQuery: v18_query_revoked_context\n\n","resolution_freshness":{"basis_epoch":null,"complete":true,"completed_files":0,"index_epoch":5,"reason":null,"retry":null,"root_count":0,"scope":"observed_resolution_invalidations","status":"ready"},"revision":0,"spans":[],"summary":"No results found within the scan budget for `v18_query_revoked_context`; retrieval is incomplete.","task":"v18_query_revoked_context","token_budget":4000,"token_estimate":2027},"tool":"context"}
V18_JSON {"args":{"aspect":"capabilities"},"result":{"capabilities":{"graph":true,"impact":true,"search":true},"has_index":true,"has_project":true,"indexed_files":1,"indexed_symbols":2,"resolution_freshness":{"basis_epoch":null,"complete":true,"completed_files":0,"index_epoch":5,"reason":null,"retry":null,"root_count":0,"scope":"observed_resolution_invalidations","status":"ready"},"retrieval":{"consistency":"point_in_time","default_effective_strategy":"auto","default_query_state":"available_with_per_query_checks","default_strategy":"auto","dense_desired":2,"dense_published":2,"dense_reason":null,"dense_state":"ready","diagnostic_sources":{"build":"BuildExplain on index response","graph":"GraphExplain on query response","lanes":"evidence_summary.retrieval.lanes or lane_receipts","packing":"evidence_summary.packing","selection":"evidence_summary.selection","semantic":"evidence_summary.retrieval.semantic (dense lane receipt projection)","source":"evidence_summary.source_freshness"},"execution":{"async_admitted":0,"async_in_flight":0,"async_limit":8,"completed":14,"cpu_admitted":0,"cpu_in_flight":0,"cpu_limit":4,"queue_limit":32,"rejected":0},"execution_scope":"process_shared_not_project_local","generation":{"evidence_epoch":1,"incarnation":[155,141,174,31,15,209,3,11,153,112,57,5,134,105,40,118],"index_epoch":5,"semantic_epoch":3},"generation_scope":"observed_database_snapshot","identity_validation":"checked_at_observation_boundary","index_state":"available","local_state":"available","pin_scope":"owned_query_views_including_inflight_clones_not_request_count","query_coverage":{"scope":"per_query_not_global","state":"not_measured"},"query_encoding":{"configured_opt_in":false,"network_authorized":false,"reason":"query_network_opt_in_required","request_scope":"nonlocal_nonempty_only"},"query_pins":0,"resolution_freshness":{"basis_epoch":null,"complete":true,"completed_files":0,"index_epoch":5,"reason":null,"retry":null,"root_count":0,"scope":"observed_resolution_invalidations","status":"ready"},"semantic_active_space":"2eac300964ae66ba95651ecaa7c7c6aafb0c9aecbd8a130cfc50c030cd8688d4","semantic_failed":0,"semantic_pending":0,"semantic_state":"ready","service_state_scope":"process_observed_separately","spec":"retrieval-capabilities-v2"}},"tool":"status"}
V18_JSON {"document_http_calls":4,"only_loopback":true,"query_http_calls":0,"real_credentials":false,"requests":[{"encoding_format":"float","input":["CODECORTEX_EMBED_V1\nmetadata: {\"language\":\"python\",\"metadata_truncated\":false,\"parent\":\"needle\",\"path\":\"needle.py\",\"signature\":\"def needle():\\n    \",\"source_span\":{\"end\":28,\"start\":0}}\nsource:\ndef needle():\n    return 731"],"model":"synthetic-v18-contract"},{"encoding_format":"float","input":["CODECORTEX_EMBED_V1\nmetadata: {\"language\":\"python\",\"metadata_truncated\":false,\"parent\":\"neighbor\",\"path\":\"needle.py\",\"signature\":\"def neighbor():\\n    \",\"source_span\":{\"end\":66,\"start\":28}}\nsource:\n\n\ndef neighbor():\n    return needle()\n"],"model":"synthetic-v18-contract"},{"encoding_format":"float","input":["CODECORTEX_EMBED_V1\nmetadata: {\"language\":\"python\",\"metadata_truncated\":false,\"parent\":\"needle\",\"path\":\"needle.py\",\"signature\":\"def needle():\\n    \",\"source_span\":{\"end\":28,\"start\":0}}\nsource:\ndef needle():\n    return 731"],"model":"synthetic-v18-contract"},{"encoding_format":"float","input":["CODECORTEX_EMBED_V1\nmetadata: {\"language\":\"python\",\"metadata_truncated\":false,\"parent\":\"neighbor\",\"path\":\"needle.py\",\"signature\":\"def neighbor():\\n    \",\"source_span\":{\"end\":66,\"start\":28}}\nsource:\n\n\ndef neighbor():\n    return needle()\n"],"model":"synthetic-v18-contract"}],"synthetic_vectors":true}
[2m2026-10-08T05:00:24.183951Z[0m [32m INFO[0m [1mserve_inner[0m[2m:[0m [2mrmcp::service[0m[2m:[0m input stream terminated
[2m2026-10-08T05:00:24.184004Z[0m [32m INFO[0m [1mserve_inner[0m[2m:[0m [2mrmcp::service[0m[2m:[0m serve finished [3mquit_reason[0m[2m=[0mClosed
[2m2026-10-08T05:00:24.184187Z[0m [32m INFO[0m [2mcc_server::mcp[0m[2m:[0m MCP server shut down gracefully
[2m2026-10-08T05:00:24.185008Z[0m [32m INFO[0m [2mcc_db::index_db_rebuild[0m[2m:[0m full rebuild: writing data to temp database
[2m2026-10-08T05:00:24.188494Z[0m [32m INFO[0m [2mcc_db::index_db_rebuild[0m[2m:[0m full rebuild: recreating indexes
test query_network_contract::local_empty_scope_errors_and_reloaded_revocation_never_encode ... ok
[2m2026-10-08T05:00:24.214180Z[0m [32m INFO[0m [2mcc_db::index_db_rebuild[0m[2m:[0m full rebuild: temp database ready for swap
[2m2026-10-08T05:00:24.214373Z[0m [32m INFO[0m [2mcc_index::memory_budget[0m[2m:[0m memory budget initialized [3mtotal_ram_mb[0m[2m=[0m15989 [3mbudget_mb[0m[2m=[0m7994 [3mfraction[0m[2m=[0m0.5
[2m2026-10-08T05:00:24.234748Z[0m [32m INFO[0m [2mcc_index::memory_budget[0m[2m:[0m memory budget initialized [3mtotal_ram_mb[0m[2m=[0m15989 [3mbudget_mb[0m[2m=[0m7994 [3mfraction[0m[2m=[0m0.5
[2m2026-10-08T05:00:24.238737Z[0m [32m INFO[0m [2mcc_index::memory_budget[0m[2m:[0m memory budget initialized [3mtotal_ram_mb[0m[2m=[0m15989 [3mbudget_mb[0m[2m=[0m7994 [3mfraction[0m[2m=[0m0.5
V18_JSON {"args":{"full":true,"path":"/tmp/.tmpcVVkKK/project"},"result":{"build_explain":{"gate_decisions":[{"pass":"synthesis_round","reason":"both signatures changed","run":true},{"pass":"community","reason":"full rebuild","run":true},{"pass":"git_cochange","reason":"cache key unavailable","run":true},{"pass":"infra","reason":"signature algorithm changed","run":true},{"pass":"adr","reason":"no recorded signature","run":true}]},"chunk_policy":{"bytes":16384,"chars":16384,"estimated_tokens":4096,"lines":80,"merge_min_bytes":256},"chunks_total":2,"dirty_plan":{"dependency_sql":{"fullscan_steps":0,"rows":0,"sorts":0,"statements":0,"vm_steps":0},"file_budget":0,"parsed_files":1,"reasons":[],"rebased":false,"resumed":false,"selected_dependents":0},"document_changes":{"files_projected":1,"removed":0,"render_failed":0,"reusable_inputs":0,"unchanged":0,"upserted":2},"elapsed_ms":302,"files_added":1,"files_parsed":1,"files_removed":0,"files_scanned":1,"files_skipped":0,"files_updated":0,"parse_errors":[],"phase_timing":{"analysis_ms":2,"parse_ms":22,"postprocess_ms":1,"resolve_ms":0,"scan_diff_ms":5,"write_ms":20},"project_model":{"catalog_files":1,"changed_configs":[],"config_inputs":0,"config_parse_cache_hits":0,"config_reads":0,"config_root_probes":5,"config_roots":0,"diagnostics":[],"go_fact_cache_hits":0,"go_source_reads":0,"input_digest":"6608a5a5cd33639a82b1be8d943f3148241d6520b8e0d9930909feaaf0ec5b8c","inventory_source":"shared_walk","modes":[],"rust_fact_cache_hits":0,"rust_source_reads":0,"version":3},"public_surface_coverage":{"known":1,"known_empty":0,"parsed_files":1,"unknown":0,"unknown_reasons":{}},"resolution_coverage":{"ambiguous":0,"incomplete_files":0,"modules_ambiguous":0,"modules_external":0,"modules_resolved":0,"modules_unknown":0,"modules_unresolved":0,"modules_unsupported":0,"omitted_records":0,"packages_resolved":0,"processed_files":1,"resolved":2,"unresolved":0,"unsupported":0},"resolution_freshness":{"basis_epoch":null,"complete":true,"completed_files":0,"index_epoch":5,"reason":null,"retry":null,"root_count":0,"scope":"observed_resolution_invalidations","status":"ready"},"symbols_total":2,"used_parallel_parse":false},"tool":"index"}
V18_JSON {"args":{"aspect":"capabilities"},"result":{"capabilities":{"graph":true,"impact":true,"search":true},"has_index":true,"has_project":true,"indexed_files":1,"indexed_symbols":2,"resolution_freshness":{"basis_epoch":null,"complete":true,"completed_files":0,"index_epoch":5,"reason":null,"retry":null,"root_count":0,"scope":"observed_resolution_invalidations","status":"ready"},"retrieval":{"consistency":"point_in_time","default_effective_strategy":"auto","default_query_state":"available_with_per_query_checks","default_strategy":"auto","dense_reason":"semantic_no_active_space","dense_state":"disabled","diagnostic_sources":{"build":"BuildExplain on index response","graph":"GraphExplain on query response","lanes":"evidence_summary.retrieval.lanes or lane_receipts","packing":"evidence_summary.packing","selection":"evidence_summary.selection","semantic":"evidence_summary.retrieval.semantic (dense lane receipt projection)","source":"evidence_summary.source_freshness"},"execution":{"async_admitted":0,"async_in_flight":0,"async_limit":8,"completed":0,"cpu_admitted":0,"cpu_in_flight":0,"cpu_limit":4,"queue_limit":32,"rejected":0},"execution_scope":"process_shared_not_project_local","generation":{"evidence_epoch":1,"incarnation":[25,154,252,160,78,115,14,46,33,39,185,245,19,77,236,52],"index_epoch":5,"semantic_epoch":null},"generation_scope":"observed_database_snapshot","identity_validation":"checked_at_observation_boundary","index_state":"available","local_state":"available","pin_scope":"owned_query_views_including_inflight_clones_not_request_count","query_coverage":{"scope":"per_query_not_global","state":"not_measured"},"query_encoding":{"configured_opt_in":false,"network_authorized":false,"reason":"query_network_opt_in_required","request_scope":"nonlocal_nonempty_only"},"query_pins":1,"resolution_freshness":{"basis_epoch":null,"complete":true,"completed_files":0,"index_epoch":5,"reason":null,"retry":null,"root_count":0,"scope":"observed_resolution_invalidations","status":"ready"},"semantic_active_space":null,"semantic_state":"port_attached_unverified","service_state_scope":"process_observed_separately","spec":"retrieval-capabilities-v2"}},"tool":"status"}
[2m2026-10-08T05:00:24.252689Z[0m [32m INFO[0m [2mcc_server::semantic_runtime[0m[2m:[0m semantic worker GC page completed [3mkept_fresh[0m[2m=[0m0 [3mkept_referenced[0m[2m=[0m2 [3mkept_live_task[0m[2m=[0m0 [3mdeleted_objects[0m[2m=[0m0 [3mdeleted_halves[0m[2m=[0m0 [3mdeleted_temps[0m[2m=[0m0 [3mpruned_dirs[0m[2m=[0m0 [3mexhausted[0m[2m=[0mtrue
V18_JSON {"args":{"aspect":"capabilities"},"result":{"capabilities":{"graph":true,"impact":true,"search":true},"has_index":true,"has_project":true,"indexed_files":1,"indexed_symbols":2,"resolution_freshness":{"basis_epoch":null,"complete":true,"completed_files":0,"index_epoch":5,"reason":null,"retry":null,"root_count":0,"scope":"observed_resolution_invalidations","status":"ready"},"retrieval":{"consistency":"point_in_time","default_effective_strategy":"auto","default_query_state":"available_with_per_query_checks","default_strategy":"auto","dense_desired":2,"dense_published":2,"dense_reason":null,"dense_state":"ready","diagnostic_sources":{"build":"BuildExplain on index response","graph":"GraphExplain on query response","lanes":"evidence_summary.retrieval.lanes or lane_receipts","packing":"evidence_summary.packing","selection":"evidence_summary.selection","semantic":"evidence_summary.retrieval.semantic (dense lane receipt projection)","source":"evidence_summary.source_freshness"},"execution":{"async_admitted":0,"async_in_flight":0,"async_limit":8,"completed":0,"cpu_admitted":0,"cpu_in_flight":0,"cpu_limit":4,"queue_limit":32,"rejected":0},"execution_scope":"process_shared_not_project_local","generation":{"evidence_epoch":1,"incarnation":[25,154,252,160,78,115,14,46,33,39,185,245,19,77,236,52],"index_epoch":5,"semantic_epoch":3},"generation_scope":"observed_database_snapshot","identity_validation":"checked_at_observation_boundary","index_state":"available","local_state":"available","pin_scope":"owned_query_views_including_inflight_clones_not_request_count","query_coverage":{"scope":"per_query_not_global","state":"not_measured"},"query_encoding":{"configured_opt_in":false,"network_authorized":false,"reason":"query_network_opt_in_required","request_scope":"nonlocal_nonempty_only"},"query_pins":0,"resolution_freshness":{"basis_epoch":null,"complete":true,"completed_files":0,"index_epoch":5,"reason":null,"retry":null,"root_count":0,"scope":"observed_resolution_invalidations","status":"ready"},"semantic_active_space":"2eac300964ae66ba95651ecaa7c7c6aafb0c9aecbd8a130cfc50c030cd8688d4","semantic_failed":0,"semantic_pending":0,"semantic_state":"ready","service_state_scope":"process_observed_separately","spec":"retrieval-capabilities-v2"}},"tool":"status"}
V18_JSON {"args":{"aspect":"capabilities"},"result":{"capabilities":{"graph":true,"impact":true,"search":true},"has_index":true,"has_project":true,"indexed_files":1,"indexed_symbols":2,"resolution_freshness":{"basis_epoch":null,"complete":true,"completed_files":0,"index_epoch":5,"reason":null,"retry":null,"root_count":0,"scope":"observed_resolution_invalidations","status":"ready"},"retrieval":{"consistency":"point_in_time","default_effective_strategy":"auto","default_query_state":"available_with_per_query_checks","default_strategy":"auto","dense_desired":2,"dense_published":2,"dense_reason":null,"dense_state":"ready","diagnostic_sources":{"build":"BuildExplain on index response","graph":"GraphExplain on query response","lanes":"evidence_summary.retrieval.lanes or lane_receipts","packing":"evidence_summary.packing","selection":"evidence_summary.selection","semantic":"evidence_summary.retrieval.semantic (dense lane receipt projection)","source":"evidence_summary.source_freshness"},"execution":{"async_admitted":0,"async_in_flight":0,"async_limit":8,"completed":0,"cpu_admitted":0,"cpu_in_flight":0,"cpu_limit":4,"queue_limit":32,"rejected":0},"execution_scope":"process_shared_not_project_local","generation":{"evidence_epoch":1,"incarnation":[25,154,252,160,78,115,14,46,33,39,185,245,19,77,236,52],"index_epoch":5,"semantic_epoch":3},"generation_scope":"observed_database_snapshot","identity_validation":"checked_at_observation_boundary","index_state":"available","local_state":"available","pin_scope":"owned_query_views_including_inflight_clones_not_request_count","query_coverage":{"scope":"per_query_not_global","state":"not_measured"},"query_encoding":{"configured_opt_in":false,"network_authorized":false,"reason":"query_network_opt_in_required","request_scope":"nonlocal_nonempty_only"},"query_pins":0,"resolution_freshness":{"basis_epoch":null,"complete":true,"completed_files":0,"index_epoch":5,"reason":null,"retry":null,"root_count":0,"scope":"observed_resolution_invalidations","status":"ready"},"semantic_active_space":"2eac300964ae66ba95651ecaa7c7c6aafb0c9aecbd8a130cfc50c030cd8688d4","semantic_failed":0,"semantic_pending":0,"semantic_state":"ready","service_state_scope":"process_observed_separately","spec":"retrieval-capabilities-v2"}},"tool":"status"}
V18_JSON {"args":{"query":"v18_query_gate_omitted_search","retrieval_strategy":"auto"},"result":{"evidence_summary":{"files":[],"graph_enrichment":{"callees_added":0,"callers_added":0,"symbols_resolved":0,"tests_found":0},"packing":{"compacted":false,"configured_max_bytes":18000,"continuation":"Use files region/expand on retained references; recheck source version.","limit_bytes":16000,"omitted_hits":0,"omitted_nodes":0,"original_hits":0,"original_nodes":0,"partial":false,"spec":"whole-json-intent-facets-source-support-before-incidental-v5","token_estimate_method":"ceil(serialized_utf8_bytes/4); not a tokenizer","used_bytes":8125},"retrieval":{"cost":{"coverage":"originating query work; lexical FTS and hydration SQL here; grep stage SQL in grep.stages; excludes preselection/exact lookup/graph SQL, FTS internal work and storage I/O; not total cost or a hard limit","fused_candidates":0,"hydrate_requested":0,"hydration":{"sql":{"fullscan_steps":0,"rows":0,"sorts":0,"statements":0,"vm_steps":0},"text":{"cache_hits":0,"legacy_auto_reads":0,"storage_reads":0,"utf8_bytes":0,"zstd_decodes":0}},"lane_candidates":{"exact_symbol":0,"graph":0,"grep":0,"lexical":0,"path":0,"semantic":0},"lexical_sql":{"fullscan_steps":0,"rows":0,"sorts":1,"statements":1,"vm_steps":17},"schema_version":1},"grep":{"fallback_scanned":0,"prefilter_failed":false,"prefilter_scanned":0,"reason":null,"scan_cap":20000,"scanned":2,"skipped_duplicates":2,"soft_scanned":2,"stages":[{"stage":"soft","work":{"sql":{"fullscan_steps":0,"rows":2,"sorts":0,"statements":1,"vm_steps":29},"text":{"cache_hits":0,"legacy_auto_reads":0,"storage_reads":2,"utf8_bytes":66,"zstd_decodes":0}}},{"stage":"prefilter","work":{"sql":{"fullscan_steps":0,"rows":0,"sorts":1,"statements":1,"vm_steps":14},"text":{"cache_hits":0,"legacy_auto_reads":0,"storage_reads":0,"utf8_bytes":0,"zstd_decodes":0}}},{"stage":"fallback","work":{"sql":{"fullscan_steps":1,"rows":2,"sorts":0,"statements":1,"vm_steps":23},"text":{"cache_hits":0,"legacy_auto_reads":0,"storage_reads":0,"utf8_bytes":0,"zstd_decodes":0}}}],"status":"complete"},"lanes":[{"candidate_count":0,"candidates":[],"coverage":{"complete":true,"examined":null,"scope":"hard_scope","total_lower_bound":0},"elapsed_us":221,"lane_id":"exact_symbol","schema_version":1,"status":"complete","truncation_reason":null,"weight":1.1},{"candidate_count":0,"candidates":[],"coverage":{"complete":true,"examined":null,"scope":"hard_scope","total_lower_bound":0},"elapsed_us":269,"lane_id":"path","schema_version":1,"status":"complete","truncation_reason":null,"weight":1.0},{"candidate_count":0,"candidates":[],"coverage":{"complete":true,"examined":null,"scope":"hard_scope","total_lower_bound":0},"elapsed_us":354,"lane_id":"lexical","schema_version":1,"status":"complete","truncation_reason":null,"weight":1.1},{"candidate_count":0,"candidates":[],"coverage":{"complete":true,"examined":2,"scope":"hard_scope","total_lower_bound":0},"elapsed_us":1663,"lane_id":"grep","schema_version":1,"status":"complete","truncation_reason":null,"weight":0.8},{"candidate_count":0,"candidates":[],"coverage":{"complete":true,"examined":null,"scope":"hard_scope","total_lower_bound":0},"elapsed_us":434,"lane_id":"graph","schema_version":1,"status":"complete","truncation_reason":null,"weight":0.6},{"candidate_count":0,"candidates":[],"coverage":{"complete":false,"examined":null,"scope":"hard_scope","total_lower_bound":0},"elapsed_us":187,"lane_id":"semantic","schema_version":1,"status":"unavailable","truncation_reason":"query_vector_not_encoded","weight":1.0}],"policy":{"completeness":"all_executed_lane_limits_remain_visible; obligation_role_does_not_erase_partial","deadline_ms":30000,"effective":"auto","graph_source_mapping":"uid_byte_declaration_document; complete_mapping_is_not_whole_symbol_body_coverage","intent":"locate","lane_timeout_ms":20000,"no_answer":"empty_partial_is_not_absence; no_semantic_absence_claim_from_weak_rank","obligations":[{"lane_id":"exact_symbol","role":"identity","timeout_ms":20000},{"lane_id":"path","role":"identity","timeout_ms":20000},{"lane_id":"lexical","role":"source","timeout_ms":20000},{"lane_id":"grep","role":"source","timeout_ms":20000},{"lane_id":"graph","role":"supporting","timeout_ms":20000},{"lane_id":"semantic","role":"optional_recall","timeout_ms":5000}],"path_source_domain":"canonical_scoped_existing_path_docs; else_bounded_tokens; not_whole_file_coverage","requested":"auto","semantic_state":"configured","semantic_timeout_ms":5000,"semantic_top_k":24,"version":"query-policy-local-semantic-canonical-path-domain-v4"},"scope":{"budget":{"exact_symbol_candidates":24,"grep_candidates":12,"grep_enabled":true,"grep_scan_cap":20000,"lexical_candidates":24,"path_candidates":24,"rerank_window":40,"top_k":10,"units":"candidate limits count chunks; grep_scan_cap counts decompressions, not SQL work, total memory or time; cached diagnostics describe originating computation, not work repeated on a cache hit"},"hard":{"empty":false,"explicit_file_count":null,"languages":null,"path_prefix":null,"path_prefix_truncated":false,"semantics":"conjunctive_repository_relative_case_sensitive_components; empty means contradictory/explicit-empty constraint, not an inventory count"},"ordering":["exact-target first (identity tier, not an additive score)","rerank_score descending = sum(score_trace)","chunk_id ascending"],"policy":"canonical-scoped-exact-path-domain-compact-context-budget-v22","schema_version":1,"soft":{"contributions":"per-hit score_trace is the additive bill; stage_a_layer_scores explain its capped stage-a component and must not be added twice; raw hint and excluded paths omitted","hint_entries":{"overlay":0,"pinned":0,"recent":0,"working":0},"preselected_count":1,"role":"ranking_and_scan_priority_only"}}},"search_hits":0,"selection":{"facets":{},"input_candidates":0,"intent":"locate","intent_facet_anchors":{},"limit_omitted":0,"original_ranks":[],"overlap":{"fully_covered_candidates":0,"input_bytes":0,"redundant_bytes":0,"unique_bytes":0},"requested_limit":10,"selected":0,"selected_overlap":{"fully_covered_candidates":0,"input_bytes":0,"redundant_bytes":0,"unique_bytes":0},"source_covered_omissions":0,"source_support_anchors":[],"source_support_scope":"literal_program_cue_in_validated_twice_topk_window_only; not_global_uniqueness_or_exact_identity","spec":"anchored-facets-distinctive-source-union-v2","unmet_facets":[]},"source_freshness":{"budget_exhausted":false,"checked_files":0,"dense_manifest_fence":{"checked":0,"skip_disposition":"stale_publication_skipped","skipped":0},"generation":{"evidence_epoch":1,"incarnation":[25,154,252,160,78,115,14,46,33,39,185,245,19,77,236,52],"index_epoch":5,"semantic_epoch":3},"hydrator":"current-document-scope-source-generation-v1","omitted_files":{},"partial":false,"read_budget_charged":0,"scope":"bounded per-file disk verification and optimistic full read generation; not an atomic filesystem snapshot","validation_work":{"candidate_projection_sql":{"fullscan_steps":0,"rows":0,"sorts":0,"statements":0,"vm_steps":0},"coverage":"current final-assembly attempt SELECTs for manifest, symbol identity and candidate projection; excludes prior attempts, transaction control, originating retrieval, generation, dense fence, graph and disk work; not total cost","schema_version":1,"source_records_sql":{"fullscan_steps":0,"rows":0,"sorts":0,"statements":0,"vm_steps":0}},"verified_hits":0}},"intent":"locate","invalidations":[],"machine_pack":{"hits":[],"kind":"code_index_context","query":"v18_query_gate_omitted_search","repo_size_tier":"Tiny","token_budget":4000,"top_k":10},"nodes":[],"query":"v18_query_gate_omitted_search","reasons":["hybrid search over code index"],"rendered_prompt":"Task: code-index search\nIntent: locate\nQuery: v18_query_gate_omitted_search\n\n","resolution_freshness":{"basis_epoch":null,"complete":true,"completed_files":0,"index_epoch":5,"reason":null,"retry":null,"root_count":0,"scope":"observed_resolution_invalidations","status":"ready"},"revision":0,"spans":[],"summary":"No results found within the scan budget for `v18_query_gate_omitted_search`; retrieval is incomplete.","task":"v18_query_gate_omitted_search","token_budget":4000,"token_estimate":2032},"tool":"search"}
V18_JSON {"args":{"retrieval_strategy":"auto","task":"v18_query_gate_omitted_context"},"result":{"evidence_summary":{"files":[],"graph_enrichment":{"callees_added":0,"callers_added":0,"symbols_resolved":0,"tests_found":0},"packing":{"compacted":false,"configured_max_bytes":18000,"continuation":"Use files region/expand on retained references; recheck source version.","limit_bytes":16000,"omitted_hits":0,"omitted_nodes":0,"original_hits":0,"original_nodes":0,"partial":false,"spec":"whole-json-intent-facets-source-support-before-incidental-v5","token_estimate_method":"ceil(serialized_utf8_bytes/4); not a tokenizer","used_bytes":8131},"retrieval":{"cost":{"coverage":"originating query work; lexical FTS and hydration SQL here; grep stage SQL in grep.stages; excludes preselection/exact lookup/graph SQL, FTS internal work and storage I/O; not total cost or a hard limit","fused_candidates":0,"hydrate_requested":0,"hydration":{"sql":{"fullscan_steps":0,"rows":0,"sorts":0,"statements":0,"vm_steps":0},"text":{"cache_hits":0,"legacy_auto_reads":0,"storage_reads":0,"utf8_bytes":0,"zstd_decodes":0}},"lane_candidates":{"exact_symbol":0,"graph":0,"grep":0,"lexical":0,"path":0,"semantic":0},"lexical_sql":{"fullscan_steps":0,"rows":0,"sorts":1,"statements":1,"vm_steps":17},"schema_version":1},"grep":{"fallback_scanned":0,"prefilter_failed":false,"prefilter_scanned":0,"reason":null,"scan_cap":20000,"scanned":2,"skipped_duplicates":2,"soft_scanned":2,"stages":[{"stage":"soft","work":{"sql":{"fullscan_steps":0,"rows":2,"sorts":0,"statements":1,"vm_steps":29},"text":{"cache_hits":0,"legacy_auto_reads":0,"storage_reads":2,"utf8_bytes":66,"zstd_decodes":0}}},{"stage":"prefilter","work":{"sql":{"fullscan_steps":0,"rows":0,"sorts":1,"statements":1,"vm_steps":14},"text":{"cache_hits":0,"legacy_auto_reads":0,"storage_reads":0,"utf8_bytes":0,"zstd_decodes":0}}},{"stage":"fallback","work":{"sql":{"fullscan_steps":1,"rows":2,"sorts":0,"statements":1,"vm_steps":23},"text":{"cache_hits":0,"legacy_auto_reads":0,"storage_reads":0,"utf8_bytes":0,"zstd_decodes":0}}}],"status":"complete"},"lanes":[{"candidate_count":0,"candidates":[],"coverage":{"complete":true,"examined":null,"scope":"hard_scope","total_lower_bound":0},"elapsed_us":124,"lane_id":"exact_symbol","schema_version":1,"status":"complete","truncation_reason":null,"weight":1.1},{"candidate_count":0,"candidates":[],"coverage":{"complete":true,"examined":null,"scope":"hard_scope","total_lower_bound":0},"elapsed_us":357,"lane_id":"path","schema_version":1,"status":"complete","truncation_reason":null,"weight":1.0},{"candidate_count":0,"candidates":[],"coverage":{"complete":true,"examined":null,"scope":"hard_scope","total_lower_bound":0},"elapsed_us":1321,"lane_id":"lexical","schema_version":1,"status":"complete","truncation_reason":null,"weight":1.1},{"candidate_count":0,"candidates":[],"coverage":{"complete":true,"examined":2,"scope":"hard_scope","total_lower_bound":0},"elapsed_us":1179,"lane_id":"grep","schema_version":1,"status":"complete","truncation_reason":null,"weight":0.8},{"candidate_count":0,"candidates":[],"coverage":{"complete":true,"examined":null,"scope":"hard_scope","total_lower_bound":0},"elapsed_us":269,"lane_id":"graph","schema_version":1,"status":"complete","truncation_reason":null,"weight":0.6},{"candidate_count":0,"candidates":[],"coverage":{"complete":false,"examined":null,"scope":"hard_scope","total_lower_bound":0},"elapsed_us":137,"lane_id":"semantic","schema_version":1,"status":"unavailable","truncation_reason":"query_vector_not_encoded","weight":1.0}],"policy":{"completeness":"all_executed_lane_limits_remain_visible; obligation_role_does_not_erase_partial","deadline_ms":30000,"effective":"auto","graph_source_mapping":"uid_byte_declaration_document; complete_mapping_is_not_whole_symbol_body_coverage","intent":"locate","lane_timeout_ms":20000,"no_answer":"empty_partial_is_not_absence; no_semantic_absence_claim_from_weak_rank","obligations":[{"lane_id":"exact_symbol","role":"identity","timeout_ms":20000},{"lane_id":"path","role":"identity","timeout_ms":20000},{"lane_id":"lexical","role":"source","timeout_ms":20000},{"lane_id":"grep","role":"source","timeout_ms":20000},{"lane_id":"graph","role":"supporting","timeout_ms":20000},{"lane_id":"semantic","role":"optional_recall","timeout_ms":5000}],"path_source_domain":"canonical_scoped_existing_path_docs; else_bounded_tokens; not_whole_file_coverage","requested":"auto","semantic_state":"configured","semantic_timeout_ms":5000,"semantic_top_k":24,"version":"query-policy-local-semantic-canonical-path-domain-v4"},"scope":{"budget":{"exact_symbol_candidates":24,"grep_candidates":12,"grep_enabled":true,"grep_scan_cap":20000,"lexical_candidates":24,"path_candidates":24,"rerank_window":40,"top_k":10,"units":"candidate limits count chunks; grep_scan_cap counts decompressions, not SQL work, total memory or time; cached diagnostics describe originating computation, not work repeated on a cache hit"},"hard":{"empty":false,"explicit_file_count":null,"languages":null,"path_prefix":null,"path_prefix_truncated":false,"semantics":"conjunctive_repository_relative_case_sensitive_components; empty means contradictory/explicit-empty constraint, not an inventory count"},"ordering":["exact-target first (identity tier, not an additive score)","rerank_score descending = sum(score_trace)","chunk_id ascending"],"policy":"canonical-scoped-exact-path-domain-compact-context-budget-v22","schema_version":1,"soft":{"contributions":"per-hit score_trace is the additive bill; stage_a_layer_scores explain its capped stage-a component and must not be added twice; raw hint and excluded paths omitted","hint_entries":{"overlay":0,"pinned":0,"recent":0,"working":0},"preselected_count":1,"role":"ranking_and_scan_priority_only"}}},"search_hits":0,"selection":{"facets":{},"input_candidates":0,"intent":"locate","intent_facet_anchors":{},"limit_omitted":0,"original_ranks":[],"overlap":{"fully_covered_candidates":0,"input_bytes":0,"redundant_bytes":0,"unique_bytes":0},"requested_limit":10,"selected":0,"selected_overlap":{"fully_covered_candidates":0,"input_bytes":0,"redundant_bytes":0,"unique_bytes":0},"source_covered_omissions":0,"source_support_anchors":[],"source_support_scope":"literal_program_cue_in_validated_twice_topk_window_only; not_global_uniqueness_or_exact_identity","spec":"anchored-facets-distinctive-source-union-v2","unmet_facets":[]},"source_freshness":{"budget_exhausted":false,"checked_files":0,"dense_manifest_fence":{"checked":0,"skip_disposition":"stale_publication_skipped","skipped":0},"generation":{"evidence_epoch":1,"incarnation":[25,154,252,160,78,115,14,46,33,39,185,245,19,77,236,52],"index_epoch":5,"semantic_epoch":3},"hydrator":"current-document-scope-source-generation-v1","omitted_files":{},"partial":false,"read_budget_charged":0,"scope":"bounded per-file disk verification and optimistic full read generation; not an atomic filesystem snapshot","validation_work":{"candidate_projection_sql":{"fullscan_steps":0,"rows":0,"sorts":0,"statements":0,"vm_steps":0},"coverage":"current final-assembly attempt SELECTs for manifest, symbol identity and candidate projection; excludes prior attempts, transaction control, originating retrieval, generation, dense fence, graph and disk work; not total cost","schema_version":1,"source_records_sql":{"fullscan_steps":0,"rows":0,"sorts":0,"statements":0,"vm_steps":0}},"verified_hits":0}},"intent":"locate","invalidations":[],"machine_pack":{"hits":[],"kind":"code_index_context","query":"v18_query_gate_omitted_context","repo_size_tier":"Tiny","token_budget":4000,"top_k":10},"nodes":[],"query":"v18_query_gate_omitted_context","reasons":["hybrid search over code index"],"rendered_prompt":"Task: code-index search\nIntent: locate\nQuery: v18_query_gate_omitted_context\n\n","resolution_freshness":{"basis_epoch":null,"complete":true,"completed_files":0,"index_epoch":5,"reason":null,"retry":null,"root_count":0,"scope":"observed_resolution_invalidations","status":"ready"},"revision":0,"spans":[],"summary":"No results found within the scan budget for `v18_query_gate_omitted_context`; retrieval is incomplete.","task":"v18_query_gate_omitted_context","token_budget":4000,"token_estimate":2033},"tool":"context"}
V18_JSON {"document_http_calls":2,"only_loopback":true,"query_http_calls":0,"real_credentials":false,"requests":[{"encoding_format":"float","input":["CODECORTEX_EMBED_V1\nmetadata: {\"language\":\"python\",\"metadata_truncated\":false,\"parent\":\"needle\",\"path\":\"needle.py\",\"signature\":\"def needle():\\n    \",\"source_span\":{\"end\":28,\"start\":0}}\nsource:\ndef needle():\n    return 731"],"model":"synthetic-v18-contract"},{"encoding_format":"float","input":["CODECORTEX_EMBED_V1\nmetadata: {\"language\":\"python\",\"metadata_truncated\":false,\"parent\":\"neighbor\",\"path\":\"needle.py\",\"signature\":\"def neighbor():\\n    \",\"source_span\":{\"end\":66,\"start\":28}}\nsource:\n\n\ndef neighbor():\n    return needle()\n"],"model":"synthetic-v18-contract"}],"synthetic_vectors":true}
[2m2026-10-08T05:00:24.279776Z[0m [32m INFO[0m [1mserve_inner[0m[2m:[0m [2mrmcp::service[0m[2m:[0m input stream terminated
[2m2026-10-08T05:00:24.279843Z[0m [32m INFO[0m [1mserve_inner[0m[2m:[0m [2mrmcp::service[0m[2m:[0m serve finished [3mquit_reason[0m[2m=[0mClosed
[2m2026-10-08T05:00:24.280007Z[0m [32m INFO[0m [2mcc_server::mcp[0m[2m:[0m MCP server shut down gracefully
[2m2026-10-08T05:00:24.292333Z[0m [32m INFO[0m [2mcc_db::index_migrate[0m[2m:[0m initializing index schema [3mversion[0m[2m=[0m25
[2m2026-10-08T05:00:24.308272Z[0m [32m INFO[0m [1mserve_inner[0m[2m:[0m [2mrmcp::service[0m[2m:[0m Service initialized as server [3mpeer_info[0m[2m=[0mSome(InitializeRequestParams { meta: None, protocol_version: ProtocolVersion("2025-11-25"), capabilities: ClientCapabilities { experimental: None, extensions: None, roots: None, sampling: None, elicitation: None, tasks: None }, client_info: Implementation { name: "rmcp", title: None, version: "2.2.0", description: None, icons: None, website_url: None } })
[2m2026-10-08T05:00:24.308343Z[0m [32m INFO[0m [2mcc_server::mcp[0m[2m:[0m MCP server started on stdio
[2m2026-10-08T05:00:24.308611Z[0m [32m INFO[0m [1mserve_inner[0m[2m:[0m [2mrmcp::service[0m[2m:[0m received notification [3mnotification[0m[2m=[0mInitializedNotification(NotificationNoParam { method: InitializedNotificationMethod, extensions: Extensions })
[2m2026-10-08T05:00:24.308805Z[0m [32m INFO[0m [1mserve_inner[0m[2m:[0m [2mrmcp::handler::server[0m[2m:[0m client initialized
[2m2026-10-08T05:00:24.309245Z[0m [32m INFO[0m [2mcc_index::memory_budget[0m[2m:[0m memory budget initialized [3mtotal_ram_mb[0m[2m=[0m15989 [3mbudget_mb[0m[2m=[0m7994 [3mfraction[0m[2m=[0m0.5
[2m2026-10-08T05:00:24.334991Z[0m [32m INFO[0m [2mcc_db::index_db_rebuild[0m[2m:[0m full rebuild: creating temp database [3mtmp[0m[2m=[0m/tmp/.tmpNXqKwh/project/.codecortex/index.sqlite3.tmp
[2m2026-10-08T05:00:24.379439Z[0m [32m INFO[0m [2mcc_db::index_db_rebuild[0m[2m:[0m full rebuild: writing data to temp database
[2m2026-10-08T05:00:24.382031Z[0m [32m INFO[0m [2mcc_db::index_db_rebuild[0m[2m:[0m full rebuild: recreating indexes
[2m2026-10-08T05:00:24.400057Z[0m [32m INFO[0m [2mcc_db::index_db_rebuild[0m[2m:[0m full rebuild: temp database ready for swap
[2m2026-10-08T05:00:24.400235Z[0m [32m INFO[0m [2mcc_index::memory_budget[0m[2m:[0m memory budget initialized [3mtotal_ram_mb[0m[2m=[0m15989 [3mbudget_mb[0m[2m=[0m7994 [3mfraction[0m[2m=[0m0.5
[2m2026-10-08T05:00:24.419162Z[0m [32m INFO[0m [2mcc_index::memory_budget[0m[2m:[0m memory budget initialized [3mtotal_ram_mb[0m[2m=[0m15989 [3mbudget_mb[0m[2m=[0m7994 [3mfraction[0m[2m=[0m0.5
[2m2026-10-08T05:00:24.423038Z[0m [32m INFO[0m [2mcc_index::memory_budget[0m[2m:[0m memory budget initialized [3mtotal_ram_mb[0m[2m=[0m15989 [3mbudget_mb[0m[2m=[0m7994 [3mfraction[0m[2m=[0m0.5
V18_JSON {"args":{"full":true,"path":"/tmp/.tmpNXqKwh/project"},"result":{"build_explain":{"gate_decisions":[{"pass":"synthesis_round","reason":"both signatures changed","run":true},{"pass":"community","reason":"full rebuild","run":true},{"pass":"git_cochange","reason":"cache key unavailable","run":true},{"pass":"infra","reason":"signature algorithm changed","run":true},{"pass":"adr","reason":"no recorded signature","run":true}]},"chunk_policy":{"bytes":16384,"chars":16384,"estimated_tokens":4096,"lines":80,"merge_min_bytes":256},"chunks_total":2,"dirty_plan":{"dependency_sql":{"fullscan_steps":0,"rows":0,"sorts":0,"statements":0,"vm_steps":0},"file_budget":0,"parsed_files":1,"reasons":[],"rebased":false,"resumed":false,"selected_dependents":0},"document_changes":{"files_projected":1,"removed":0,"render_failed":0,"reusable_inputs":0,"unchanged":0,"upserted":2},"elapsed_ms":114,"files_added":1,"files_parsed":1,"files_removed":0,"files_scanned":1,"files_skipped":0,"files_updated":0,"parse_errors":[],"phase_timing":{"analysis_ms":2,"parse_ms":21,"postprocess_ms":0,"resolve_ms":0,"scan_diff_ms":3,"write_ms":18},"project_model":{"catalog_files":1,"changed_configs":[],"config_inputs":0,"config_parse_cache_hits":0,"config_reads":0,"config_root_probes":5,"config_roots":0,"diagnostics":[],"go_fact_cache_hits":0,"go_source_reads":0,"input_digest":"6608a5a5cd33639a82b1be8d943f3148241d6520b8e0d9930909feaaf0ec5b8c","inventory_source":"shared_walk","modes":[],"rust_fact_cache_hits":0,"rust_source_reads":0,"version":3},"public_surface_coverage":{"known":1,"known_empty":0,"parsed_files":1,"unknown":0,"unknown_reasons":{}},"resolution_coverage":{"ambiguous":0,"incomplete_files":0,"modules_ambiguous":0,"modules_external":0,"modules_resolved":0,"modules_unknown":0,"modules_unresolved":0,"modules_unsupported":0,"omitted_records":0,"packages_resolved":0,"processed_files":1,"resolved":2,"unresolved":0,"unsupported":0},"resolution_freshness":{"basis_epoch":null,"complete":true,"completed_files":0,"index_epoch":5,"reason":null,"retry":null,"root_count":0,"scope":"observed_resolution_invalidations","status":"ready"},"symbols_total":2,"used_parallel_parse":false},"tool":"index"}
V18_JSON {"args":{"aspect":"capabilities"},"result":{"capabilities":{"graph":true,"impact":true,"search":true},"has_index":true,"has_project":true,"indexed_files":1,"indexed_symbols":2,"resolution_freshness":{"basis_epoch":null,"complete":true,"completed_files":0,"index_epoch":5,"reason":null,"retry":null,"root_count":0,"scope":"observed_resolution_invalidations","status":"ready"},"retrieval":{"consistency":"point_in_time","default_effective_strategy":"auto","default_query_state":"available_with_per_query_checks","default_strategy":"auto","dense_reason":"semantic_no_active_space","dense_state":"disabled","diagnostic_sources":{"build":"BuildExplain on index response","graph":"GraphExplain on query response","lanes":"evidence_summary.retrieval.lanes or lane_receipts","packing":"evidence_summary.packing","selection":"evidence_summary.selection","semantic":"evidence_summary.retrieval.semantic (dense lane receipt projection)","source":"evidence_summary.source_freshness"},"execution":{"async_admitted":0,"async_in_flight":0,"async_limit":8,"completed":0,"cpu_admitted":0,"cpu_in_flight":0,"cpu_limit":4,"queue_limit":32,"rejected":0},"execution_scope":"process_shared_not_project_local","generation":{"evidence_epoch":1,"incarnation":[24,92,16,174,163,172,241,203,54,244,211,55,195,41,3,28],"index_epoch":5,"semantic_epoch":null},"generation_scope":"observed_database_snapshot","identity_validation":"checked_at_observation_boundary","index_state":"available","local_state":"available","pin_scope":"owned_query_views_including_inflight_clones_not_request_count","query_coverage":{"scope":"per_query_not_global","state":"not_measured"},"query_encoding":{"configured_opt_in":false,"network_authorized":false,"reason":"query_network_opt_in_required","request_scope":"nonlocal_nonempty_only"},"query_pins":1,"resolution_freshness":{"basis_epoch":null,"complete":true,"completed_files":0,"index_epoch":5,"reason":null,"retry":null,"root_count":0,"scope":"observed_resolution_invalidations","status":"ready"},"semantic_active_space":null,"semantic_state":"port_attached_unverified","service_state_scope":"process_observed_separately","spec":"retrieval-capabilities-v2"}},"tool":"status"}
[2m2026-10-08T05:00:24.437220Z[0m [32m INFO[0m [2mcc_server::semantic_runtime[0m[2m:[0m semantic worker GC page completed [3mkept_fresh[0m[2m=[0m0 [3mkept_referenced[0m[2m=[0m2 [3mkept_live_task[0m[2m=[0m0 [3mdeleted_objects[0m[2m=[0m0 [3mdeleted_halves[0m[2m=[0m0 [3mdeleted_temps[0m[2m=[0m0 [3mpruned_dirs[0m[2m=[0m0 [3mexhausted[0m[2m=[0mtrue
V18_JSON {"args":{"aspect":"capabilities"},"result":{"capabilities":{"graph":true,"impact":true,"search":true},"has_index":true,"has_project":true,"indexed_files":1,"indexed_symbols":2,"resolution_freshness":{"basis_epoch":null,"complete":true,"completed_files":0,"index_epoch":5,"reason":null,"retry":null,"root_count":0,"scope":"observed_resolution_invalidations","status":"ready"},"retrieval":{"consistency":"point_in_time","default_effective_strategy":"auto","default_query_state":"available_with_per_query_checks","default_strategy":"auto","dense_desired":2,"dense_published":2,"dense_reason":null,"dense_state":"ready","diagnostic_sources":{"build":"BuildExplain on index response","graph":"GraphExplain on query response","lanes":"evidence_summary.retrieval.lanes or lane_receipts","packing":"evidence_summary.packing","selection":"evidence_summary.selection","semantic":"evidence_summary.retrieval.semantic (dense lane receipt projection)","source":"evidence_summary.source_freshness"},"execution":{"async_admitted":0,"async_in_flight":0,"async_limit":8,"completed":0,"cpu_admitted":0,"cpu_in_flight":0,"cpu_limit":4,"queue_limit":32,"rejected":0},"execution_scope":"process_shared_not_project_local","generation":{"evidence_epoch":1,"incarnation":[24,92,16,174,163,172,241,203,54,244,211,55,195,41,3,28],"index_epoch":5,"semantic_epoch":3},"generation_scope":"observed_database_snapshot","identity_validation":"checked_at_observation_boundary","index_state":"available","local_state":"available","pin_scope":"owned_query_views_including_inflight_clones_not_request_count","query_coverage":{"scope":"per_query_not_global","state":"not_measured"},"query_encoding":{"configured_opt_in":false,"network_authorized":false,"reason":"query_network_opt_in_required","request_scope":"nonlocal_nonempty_only"},"query_pins":0,"resolution_freshness":{"basis_epoch":null,"complete":true,"completed_files":0,"index_epoch":5,"reason":null,"retry":null,"root_count":0,"scope":"observed_resolution_invalidations","status":"ready"},"semantic_active_space":"2eac300964ae66ba95651ecaa7c7c6aafb0c9aecbd8a130cfc50c030cd8688d4","semantic_failed":0,"semantic_pending":0,"semantic_state":"ready","service_state_scope":"process_observed_separately","spec":"retrieval-capabilities-v2"}},"tool":"status"}
V18_JSON {"args":{"aspect":"capabilities"},"result":{"capabilities":{"graph":true,"impact":true,"search":true},"has_index":true,"has_project":true,"indexed_files":1,"indexed_symbols":2,"resolution_freshness":{"basis_epoch":null,"complete":true,"completed_files":0,"index_epoch":5,"reason":null,"retry":null,"root_count":0,"scope":"observed_resolution_invalidations","status":"ready"},"retrieval":{"consistency":"point_in_time","default_effective_strategy":"auto","default_query_state":"available_with_per_query_checks","default_strategy":"auto","dense_desired":2,"dense_published":2,"dense_reason":null,"dense_state":"ready","diagnostic_sources":{"build":"BuildExplain on index response","graph":"GraphExplain on query response","lanes":"evidence_summary.retrieval.lanes or lane_receipts","packing":"evidence_summary.packing","selection":"evidence_summary.selection","semantic":"evidence_summary.retrieval.semantic (dense lane receipt projection)","source":"evidence_summary.source_freshness"},"execution":{"async_admitted":0,"async_in_flight":0,"async_limit":8,"completed":0,"cpu_admitted":0,"cpu_in_flight":0,"cpu_limit":4,"queue_limit":32,"rejected":0},"execution_scope":"process_shared_not_project_local","generation":{"evidence_epoch":1,"incarnation":[24,92,16,174,163,172,241,203,54,244,211,55,195,41,3,28],"index_epoch":5,"semantic_epoch":3},"generation_scope":"observed_database_snapshot","identity_validation":"checked_at_observation_boundary","index_state":"available","local_state":"available","pin_scope":"owned_query_views_including_inflight_clones_not_request_count","query_coverage":{"scope":"per_query_not_global","state":"not_measured"},"query_encoding":{"configured_opt_in":false,"network_authorized":false,"reason":"query_network_opt_in_required","request_scope":"nonlocal_nonempty_only"},"query_pins":0,"resolution_freshness":{"basis_epoch":null,"complete":true,"completed_files":0,"index_epoch":5,"reason":null,"retry":null,"root_count":0,"scope":"observed_resolution_invalidations","status":"ready"},"semantic_active_space":"2eac300964ae66ba95651ecaa7c7c6aafb0c9aecbd8a130cfc50c030cd8688d4","semantic_failed":0,"semantic_pending":0,"semantic_state":"ready","service_state_scope":"process_observed_separately","spec":"retrieval-capabilities-v2"}},"tool":"status"}
V18_JSON {"args":{"query":"v18_query_gate_false_search","retrieval_strategy":"auto"},"result":{"evidence_summary":{"files":[],"graph_enrichment":{"callees_added":0,"callers_added":0,"symbols_resolved":0,"tests_found":0},"packing":{"compacted":false,"configured_max_bytes":18000,"continuation":"Use files region/expand on retained references; recheck source version.","limit_bytes":16000,"omitted_hits":0,"omitted_nodes":0,"original_hits":0,"original_nodes":0,"partial":false,"spec":"whole-json-intent-facets-source-support-before-incidental-v5","token_estimate_method":"ceil(serialized_utf8_bytes/4); not a tokenizer","used_bytes":8115},"retrieval":{"cost":{"coverage":"originating query work; lexical FTS and hydration SQL here; grep stage SQL in grep.stages; excludes preselection/exact lookup/graph SQL, FTS internal work and storage I/O; not total cost or a hard limit","fused_candidates":0,"hydrate_requested":0,"hydration":{"sql":{"fullscan_steps":0,"rows":0,"sorts":0,"statements":0,"vm_steps":0},"text":{"cache_hits":0,"legacy_auto_reads":0,"storage_reads":0,"utf8_bytes":0,"zstd_decodes":0}},"lane_candidates":{"exact_symbol":0,"graph":0,"grep":0,"lexical":0,"path":0,"semantic":0},"lexical_sql":{"fullscan_steps":0,"rows":0,"sorts":1,"statements":1,"vm_steps":17},"schema_version":1},"grep":{"fallback_scanned":0,"prefilter_failed":false,"prefilter_scanned":0,"reason":null,"scan_cap":20000,"scanned":2,"skipped_duplicates":2,"soft_scanned":2,"stages":[{"stage":"soft","work":{"sql":{"fullscan_steps":0,"rows":2,"sorts":0,"statements":1,"vm_steps":29},"text":{"cache_hits":0,"legacy_auto_reads":0,"storage_reads":2,"utf8_bytes":66,"zstd_decodes":0}}},{"stage":"prefilter","work":{"sql":{"fullscan_steps":0,"rows":0,"sorts":1,"statements":1,"vm_steps":14},"text":{"cache_hits":0,"legacy_auto_reads":0,"storage_reads":0,"utf8_bytes":0,"zstd_decodes":0}}},{"stage":"fallback","work":{"sql":{"fullscan_steps":1,"rows":2,"sorts":0,"statements":1,"vm_steps":23},"text":{"cache_hits":0,"legacy_auto_reads":0,"storage_reads":0,"utf8_bytes":0,"zstd_decodes":0}}}],"status":"complete"},"lanes":[{"candidate_count":0,"candidates":[],"coverage":{"complete":true,"examined":null,"scope":"hard_scope","total_lower_bound":0},"elapsed_us":186,"lane_id":"exact_symbol","schema_version":1,"status":"complete","truncation_reason":null,"weight":1.1},{"candidate_count":0,"candidates":[],"coverage":{"complete":true,"examined":null,"scope":"hard_scope","total_lower_bound":0},"elapsed_us":410,"lane_id":"path","schema_version":1,"status":"complete","truncation_reason":null,"weight":1.0},{"candidate_count":0,"candidates":[],"coverage":{"complete":true,"examined":null,"scope":"hard_scope","total_lower_bound":0},"elapsed_us":450,"lane_id":"lexical","schema_version":1,"status":"complete","truncation_reason":null,"weight":1.1},{"candidate_count":0,"candidates":[],"coverage":{"complete":true,"examined":2,"scope":"hard_scope","total_lower_bound":0},"elapsed_us":1704,"lane_id":"grep","schema_version":1,"status":"complete","truncation_reason":null,"weight":0.8},{"candidate_count":0,"candidates":[],"coverage":{"complete":true,"examined":null,"scope":"hard_scope","total_lower_bound":0},"elapsed_us":480,"lane_id":"graph","schema_version":1,"status":"complete","truncation_reason":null,"weight":0.6},{"candidate_count":0,"candidates":[],"coverage":{"complete":false,"examined":null,"scope":"hard_scope","total_lower_bound":0},"elapsed_us":173,"lane_id":"semantic","schema_version":1,"status":"unavailable","truncation_reason":"query_vector_not_encoded","weight":1.0}],"policy":{"completeness":"all_executed_lane_limits_remain_visible; obligation_role_does_not_erase_partial","deadline_ms":30000,"effective":"auto","graph_source_mapping":"uid_byte_declaration_document; complete_mapping_is_not_whole_symbol_body_coverage","intent":"locate","lane_timeout_ms":20000,"no_answer":"empty_partial_is_not_absence; no_semantic_absence_claim_from_weak_rank","obligations":[{"lane_id":"exact_symbol","role":"identity","timeout_ms":20000},{"lane_id":"path","role":"identity","timeout_ms":20000},{"lane_id":"lexical","role":"source","timeout_ms":20000},{"lane_id":"grep","role":"source","timeout_ms":20000},{"lane_id":"graph","role":"supporting","timeout_ms":20000},{"lane_id":"semantic","role":"optional_recall","timeout_ms":5000}],"path_source_domain":"canonical_scoped_existing_path_docs; else_bounded_tokens; not_whole_file_coverage","requested":"auto","semantic_state":"configured","semantic_timeout_ms":5000,"semantic_top_k":24,"version":"query-policy-local-semantic-canonical-path-domain-v4"},"scope":{"budget":{"exact_symbol_candidates":24,"grep_candidates":12,"grep_enabled":true,"grep_scan_cap":20000,"lexical_candidates":24,"path_candidates":24,"rerank_window":40,"top_k":10,"units":"candidate limits count chunks; grep_scan_cap counts decompressions, not SQL work, total memory or time; cached diagnostics describe originating computation, not work repeated on a cache hit"},"hard":{"empty":false,"explicit_file_count":null,"languages":null,"path_prefix":null,"path_prefix_truncated":false,"semantics":"conjunctive_repository_relative_case_sensitive_components; empty means contradictory/explicit-empty constraint, not an inventory count"},"ordering":["exact-target first (identity tier, not an additive score)","rerank_score descending = sum(score_trace)","chunk_id ascending"],"policy":"canonical-scoped-exact-path-domain-compact-context-budget-v22","schema_version":1,"soft":{"contributions":"per-hit score_trace is the additive bill; stage_a_layer_scores explain its capped stage-a component and must not be added twice; raw hint and excluded paths omitted","hint_entries":{"overlay":0,"pinned":0,"recent":0,"working":0},"preselected_count":1,"role":"ranking_and_scan_priority_only"}}},"search_hits":0,"selection":{"facets":{},"input_candidates":0,"intent":"locate","intent_facet_anchors":{},"limit_omitted":0,"original_ranks":[],"overlap":{"fully_covered_candidates":0,"input_bytes":0,"redundant_bytes":0,"unique_bytes":0},"requested_limit":10,"selected":0,"selected_overlap":{"fully_covered_candidates":0,"input_bytes":0,"redundant_bytes":0,"unique_bytes":0},"source_covered_omissions":0,"source_support_anchors":[],"source_support_scope":"literal_program_cue_in_validated_twice_topk_window_only; not_global_uniqueness_or_exact_identity","spec":"anchored-facets-distinctive-source-union-v2","unmet_facets":[]},"source_freshness":{"budget_exhausted":false,"checked_files":0,"dense_manifest_fence":{"checked":0,"skip_disposition":"stale_publication_skipped","skipped":0},"generation":{"evidence_epoch":1,"incarnation":[24,92,16,174,163,172,241,203,54,244,211,55,195,41,3,28],"index_epoch":5,"semantic_epoch":3},"hydrator":"current-document-scope-source-generation-v1","omitted_files":{},"partial":false,"read_budget_charged":0,"scope":"bounded per-file disk verification and optimistic full read generation; not an atomic filesystem snapshot","validation_work":{"candidate_projection_sql":{"fullscan_steps":0,"rows":0,"sorts":0,"statements":0,"vm_steps":0},"coverage":"current final-assembly attempt SELECTs for manifest, symbol identity and candidate projection; excludes prior attempts, transaction control, originating retrieval, generation, dense fence, graph and disk work; not total cost","schema_version":1,"source_records_sql":{"fullscan_steps":0,"rows":0,"sorts":0,"statements":0,"vm_steps":0}},"verified_hits":0}},"intent":"locate","invalidations":[],"machine_pack":{"hits":[],"kind":"code_index_context","query":"v18_query_gate_false_search","repo_size_tier":"Tiny","token_budget":4000,"top_k":10},"nodes":[],"query":"v18_query_gate_false_search","reasons":["hybrid search over code index"],"rendered_prompt":"Task: code-index search\nIntent: locate\nQuery: v18_query_gate_false_search\n\n","resolution_freshness":{"basis_epoch":null,"complete":true,"completed_files":0,"index_epoch":5,"reason":null,"retry":null,"root_count":0,"scope":"observed_resolution_invalidations","status":"ready"},"revision":0,"spans":[],"summary":"No results found within the scan budget for `v18_query_gate_false_search`; retrieval is incomplete.","task":"v18_query_gate_false_search","token_budget":4000,"token_estimate":2029},"tool":"search"}
V18_JSON {"args":{"retrieval_strategy":"auto","task":"v18_query_gate_false_context"},"result":{"evidence_summary":{"files":[],"graph_enrichment":{"callees_added":0,"callers_added":0,"symbols_resolved":0,"tests_found":0},"packing":{"compacted":false,"configured_max_bytes":18000,"continuation":"Use files region/expand on retained references; recheck source version.","limit_bytes":16000,"omitted_hits":0,"omitted_nodes":0,"original_hits":0,"original_nodes":0,"partial":false,"spec":"whole-json-intent-facets-source-support-before-incidental-v5","token_estimate_method":"ceil(serialized_utf8_bytes/4); not a tokenizer","used_bytes":8120},"retrieval":{"cost":{"coverage":"originating query work; lexical FTS and hydration SQL here; grep stage SQL in grep.stages; excludes preselection/exact lookup/graph SQL, FTS internal work and storage I/O; not total cost or a hard limit","fused_candidates":0,"hydrate_requested":0,"hydration":{"sql":{"fullscan_steps":0,"rows":0,"sorts":0,"statements":0,"vm_steps":0},"text":{"cache_hits":0,"legacy_auto_reads":0,"storage_reads":0,"utf8_bytes":0,"zstd_decodes":0}},"lane_candidates":{"exact_symbol":0,"graph":0,"grep":0,"lexical":0,"path":0,"semantic":0},"lexical_sql":{"fullscan_steps":0,"rows":0,"sorts":1,"statements":1,"vm_steps":17},"schema_version":1},"grep":{"fallback_scanned":0,"prefilter_failed":false,"prefilter_scanned":0,"reason":null,"scan_cap":20000,"scanned":2,"skipped_duplicates":2,"soft_scanned":2,"stages":[{"stage":"soft","work":{"sql":{"fullscan_steps":0,"rows":2,"sorts":0,"statements":1,"vm_steps":29},"text":{"cache_hits":0,"legacy_auto_reads":0,"storage_reads":2,"utf8_bytes":66,"zstd_decodes":0}}},{"stage":"prefilter","work":{"sql":{"fullscan_steps":0,"rows":0,"sorts":1,"statements":1,"vm_steps":14},"text":{"cache_hits":0,"legacy_auto_reads":0,"storage_reads":0,"utf8_bytes":0,"zstd_decodes":0}}},{"stage":"fallback","work":{"sql":{"fullscan_steps":1,"rows":2,"sorts":0,"statements":1,"vm_steps":23},"text":{"cache_hits":0,"legacy_auto_reads":0,"storage_reads":0,"utf8_bytes":0,"zstd_decodes":0}}}],"status":"complete"},"lanes":[{"candidate_count":0,"candidates":[],"coverage":{"complete":true,"examined":null,"scope":"hard_scope","total_lower_bound":0},"elapsed_us":123,"lane_id":"exact_symbol","schema_version":1,"status":"complete","truncation_reason":null,"weight":1.1},{"candidate_count":0,"candidates":[],"coverage":{"complete":true,"examined":null,"scope":"hard_scope","total_lower_bound":0},"elapsed_us":295,"lane_id":"path","schema_version":1,"status":"complete","truncation_reason":null,"weight":1.0},{"candidate_count":0,"candidates":[],"coverage":{"complete":true,"examined":null,"scope":"hard_scope","total_lower_bound":0},"elapsed_us":302,"lane_id":"lexical","schema_version":1,"status":"complete","truncation_reason":null,"weight":1.1},{"candidate_count":0,"candidates":[],"coverage":{"complete":true,"examined":2,"scope":"hard_scope","total_lower_bound":0},"elapsed_us":1428,"lane_id":"grep","schema_version":1,"status":"complete","truncation_reason":null,"weight":0.8},{"candidate_count":0,"candidates":[],"coverage":{"complete":true,"examined":null,"scope":"hard_scope","total_lower_bound":0},"elapsed_us":207,"lane_id":"graph","schema_version":1,"status":"complete","truncation_reason":null,"weight":0.6},{"candidate_count":0,"candidates":[],"coverage":{"complete":false,"examined":null,"scope":"hard_scope","total_lower_bound":0},"elapsed_us":131,"lane_id":"semantic","schema_version":1,"status":"unavailable","truncation_reason":"query_vector_not_encoded","weight":1.0}],"policy":{"completeness":"all_executed_lane_limits_remain_visible; obligation_role_does_not_erase_partial","deadline_ms":30000,"effective":"auto","graph_source_mapping":"uid_byte_declaration_document; complete_mapping_is_not_whole_symbol_body_coverage","intent":"locate","lane_timeout_ms":20000,"no_answer":"empty_partial_is_not_absence; no_semantic_absence_claim_from_weak_rank","obligations":[{"lane_id":"exact_symbol","role":"identity","timeout_ms":20000},{"lane_id":"path","role":"identity","timeout_ms":20000},{"lane_id":"lexical","role":"source","timeout_ms":20000},{"lane_id":"grep","role":"source","timeout_ms":20000},{"lane_id":"graph","role":"supporting","timeout_ms":20000},{"lane_id":"semantic","role":"optional_recall","timeout_ms":5000}],"path_source_domain":"canonical_scoped_existing_path_docs; else_bounded_tokens; not_whole_file_coverage","requested":"auto","semantic_state":"configured","semantic_timeout_ms":5000,"semantic_top_k":24,"version":"query-policy-local-semantic-canonical-path-domain-v4"},"scope":{"budget":{"exact_symbol_candidates":24,"grep_candidates":12,"grep_enabled":true,"grep_scan_cap":20000,"lexical_candidates":24,"path_candidates":24,"rerank_window":40,"top_k":10,"units":"candidate limits count chunks; grep_scan_cap counts decompressions, not SQL work, total memory or time; cached diagnostics describe originating computation, not work repeated on a cache hit"},"hard":{"empty":false,"explicit_file_count":null,"languages":null,"path_prefix":null,"path_prefix_truncated":false,"semantics":"conjunctive_repository_relative_case_sensitive_components; empty means contradictory/explicit-empty constraint, not an inventory count"},"ordering":["exact-target first (identity tier, not an additive score)","rerank_score descending = sum(score_trace)","chunk_id ascending"],"policy":"canonical-scoped-exact-path-domain-compact-context-budget-v22","schema_version":1,"soft":{"contributions":"per-hit score_trace is the additive bill; stage_a_layer_scores explain its capped stage-a component and must not be added twice; raw hint and excluded paths omitted","hint_entries":{"overlay":0,"pinned":0,"recent":0,"working":0},"preselected_count":1,"role":"ranking_and_scan_priority_only"}}},"search_hits":0,"selection":{"facets":{},"input_candidates":0,"intent":"locate","intent_facet_anchors":{},"limit_omitted":0,"original_ranks":[],"overlap":{"fully_covered_candidates":0,"input_bytes":0,"redundant_bytes":0,"unique_bytes":0},"requested_limit":10,"selected":0,"selected_overlap":{"fully_covered_candidates":0,"input_bytes":0,"redundant_bytes":0,"unique_bytes":0},"source_covered_omissions":0,"source_support_anchors":[],"source_support_scope":"literal_program_cue_in_validated_twice_topk_window_only; not_global_uniqueness_or_exact_identity","spec":"anchored-facets-distinctive-source-union-v2","unmet_facets":[]},"source_freshness":{"budget_exhausted":false,"checked_files":0,"dense_manifest_fence":{"checked":0,"skip_disposition":"stale_publication_skipped","skipped":0},"generation":{"evidence_epoch":1,"incarnation":[24,92,16,174,163,172,241,203,54,244,211,55,195,41,3,28],"index_epoch":5,"semantic_epoch":3},"hydrator":"current-document-scope-source-generation-v1","omitted_files":{},"partial":false,"read_budget_charged":0,"scope":"bounded per-file disk verification and optimistic full read generation; not an atomic filesystem snapshot","validation_work":{"candidate_projection_sql":{"fullscan_steps":0,"rows":0,"sorts":0,"statements":0,"vm_steps":0},"coverage":"current final-assembly attempt SELECTs for manifest, symbol identity and candidate projection; excludes prior attempts, transaction control, originating retrieval, generation, dense fence, graph and disk work; not total cost","schema_version":1,"source_records_sql":{"fullscan_steps":0,"rows":0,"sorts":0,"statements":0,"vm_steps":0}},"verified_hits":0}},"intent":"locate","invalidations":[],"machine_pack":{"hits":[],"kind":"code_index_context","query":"v18_query_gate_false_context","repo_size_tier":"Tiny","token_budget":4000,"top_k":10},"nodes":[],"query":"v18_query_gate_false_context","reasons":["hybrid search over code index"],"rendered_prompt":"Task: code-index search\nIntent: locate\nQuery: v18_query_gate_false_context\n\n","resolution_freshness":{"basis_epoch":null,"complete":true,"completed_files":0,"index_epoch":5,"reason":null,"retry":null,"root_count":0,"scope":"observed_resolution_invalidations","status":"ready"},"revision":0,"spans":[],"summary":"No results found within the scan budget for `v18_query_gate_false_context`; retrieval is incomplete.","task":"v18_query_gate_false_context","token_budget":4000,"token_estimate":2030},"tool":"context"}
V18_JSON {"document_http_calls":4,"only_loopback":true,"query_http_calls":0,"real_credentials":false,"requests":[{"encoding_format":"float","input":["CODECORTEX_EMBED_V1\nmetadata: {\"language\":\"python\",\"metadata_truncated\":false,\"parent\":\"needle\",\"path\":\"needle.py\",\"signature\":\"def needle():\\n    \",\"source_span\":{\"end\":28,\"start\":0}}\nsource:\ndef needle():\n    return 731"],"model":"synthetic-v18-contract"},{"encoding_format":"float","input":["CODECORTEX_EMBED_V1\nmetadata: {\"language\":\"python\",\"metadata_truncated\":false,\"parent\":\"neighbor\",\"path\":\"needle.py\",\"signature\":\"def neighbor():\\n    \",\"source_span\":{\"end\":66,\"start\":28}}\nsource:\n\n\ndef neighbor():\n    return needle()\n"],"model":"synthetic-v18-contract"},{"encoding_format":"float","input":["CODECORTEX_EMBED_V1\nmetadata: {\"language\":\"python\",\"metadata_truncated\":false,\"parent\":\"needle\",\"path\":\"needle.py\",\"signature\":\"def needle():\\n    \",\"source_span\":{\"end\":28,\"start\":0}}\nsource:\ndef needle():\n    return 731"],"model":"synthetic-v18-contract"},{"encoding_format":"float","input":["CODECORTEX_EMBED_V1\nmetadata: {\"language\":\"python\",\"metadata_truncated\":false,\"parent\":\"neighbor\",\"path\":\"needle.py\",\"signature\":\"def neighbor():\\n    \",\"source_span\":{\"end\":66,\"start\":28}}\nsource:\n\n\ndef neighbor():\n    return needle()\n"],"model":"synthetic-v18-contract"}],"synthetic_vectors":true}
[2m2026-10-08T05:00:24.464352Z[0m [32m INFO[0m [1mserve_inner[0m[2m:[0m [2mrmcp::service[0m[2m:[0m input stream terminated
[2m2026-10-08T05:00:24.464415Z[0m [32m INFO[0m [1mserve_inner[0m[2m:[0m [2mrmcp::service[0m[2m:[0m serve finished [3mquit_reason[0m[2m=[0mClosed
[2m2026-10-08T05:00:24.464595Z[0m [32m INFO[0m [2mcc_server::mcp[0m[2m:[0m MCP server shut down gracefully
test query_network_contract::each_missing_gate_keeps_cold_requests_off_the_network ... ok

test result: ok. 12 passed; 0 failed; 0 ignored; 0 measured; 0 filtered out; finished in 2.48s

